stationId,stationName,scheduledDeparture,expectedDeparture,actualDeparture,delaySeconds,isDelayed,destination,lineId,lineName,lineCode,transportMode,serviceJourneyId,realtime,delaySource,scrapedAt
NSR:StopPlace:61251,Øksnavadporten stasjon,2026-04-25T10:49:00+02:00,2026-04-25T10:49:45+02:00,2026-04-25T10:49:45+02:00,45.0,1,Nærbø,GOA:Line:59,Jærbanen,L5,rail,GOA:ServiceJourney:3026_63060-R,True,actual,2026-04-25T11:58:21.163701+02:00
NSR:StopPlace:61251,Øksnavadporten stasjon,2026-04-25T11:05:00+02:00,2026-04-25T11:05:39+02:00,2026-04-25T11:05:39+02:00,39.0,1,Stavanger,GOA:Line:59,Jærbanen,L5,rail,GOA:ServiceJourney:3025_63059-R,True,actual,2026-04-25T11:58:21.163701+02:00
NSR:StopPlace:61251,Øksnavadporten stasjon,2026-04-25T11:19:00+02:00,2026-04-25T11:19:30+02:00,2026-04-25T11:19:30+02:00,30.0,1,Egersund,GOA:Line:59,Jærbanen,L5,rail,GOA:ServiceJourney:3028_63064-R,True,actual,2026-04-25T11:58:21.163701+02:00
NSR:StopPlace:61251,Øksnavadporten stasjon,2026-04-25T11:35:00+02:00,2026-04-25T11:35:54+02:00,2026-04-25T11:35:54+02:00,54.0,1,Stavanger,GOA:Line:59,Jærbanen,L5,rail,GOA:ServiceJourney:3027_63062-R,True,actual,2026-04-25T11:58:21.163701+02:00
NSR:StopPlace:61251,Øksnavadporten stasjon,2026-04-25T11:52:00+02:00,2026-04-25T11:52:03+02:00,2026-04-25T11:52:03+02:00,3.0,1,Nærbø,GOA:Line:59,Jærbanen,L5,rail,GOA:ServiceJourney:3030_63066-R,True,actual,2026-04-25T11:58:21.163701+02:00
NSR:StopPlace:61251,Øksnavadporten stasjon,2026-04-25T12:05:00+02:00,2026-04-25T12:09:20+02:00,,260.0,1,Stavanger,GOA:Line:59,Jærbanen,L5,rail,GOA:ServiceJourney:3029_63065-R,True,expected,2026-04-25T11:58:21.163701+02:00
NSR:StopPlace:61251,Øksnavadporten stasjon,2026-04-25T12:19:00+02:00,2026-04-25T12:19:10+02:00,,10.0,1,Egersund,GOA:Line:59,Jærbanen,L5,rail,GOA:ServiceJourney:3032_63069-R,True,expected,2026-04-25T11:58:21.163701+02:00
NSR:StopPlace:61251,Øksnavadporten stasjon,2026-04-25T12:33:00+02:00,2026-04-25T12:33:00+02:00,,0.0,0,Stavanger,GOA:Line:59,Jærbanen,L5,rail,GOA:ServiceJourney:3031_63068-R,False,planned,2026-04-25T11:58:21.163701+02:00
NSR:StopPlace:61251,Øksnavadporten stasjon,2026-04-25T12:49:00+02:00,2026-04-25T12:49:00+02:00,,0.0,0,Nærbø,GOA:Line:59,Jærbanen,L5,rail,GOA:ServiceJourney:3034_63071-R,False,planned,2026-04-25T11:58:21.163701+02:00
NSR:StopPlace:61295,Haugastøl stasjon,2026-04-25T11:57:00+02:00,2026-04-25T12:03:05+02:00,,365.0,1,Bergen,VYG:Line:F4,Oslo S-Bergen,F4,rail,VYG:ServiceJourney:BUS-61_539345-R,True,expected,2026-04-25T11:58:21.163701+02:00
NSR:StopPlace:61291,Stavanger stasjon,2026-04-25T10:53:00+02:00,2026-04-25T10:53:14+02:00,2026-04-25T10:53:14+02:00,14.0,1,Egersund,GOA:Line:59,Jærbanen,L5,rail,GOA:ServiceJourney:3028_63064-R,True,actual,2026-04-25T11:58:21.163701+02:00
NSR:StopPlace:61291,Stavanger stasjon,2026-04-25T11:23:00+02:00,2026-04-25T11:23:12+02:00,2026-04-25T11:23:12+02:00,12.0,1,Nærbø,GOA:Line:59,Jærbanen,L5,rail,GOA:ServiceJourney:3030_63066-R,True,actual,2026-04-25T11:58:21.163701+02:00
NSR:StopPlace:61291,Stavanger stasjon,2026-04-25T11:41:00+02:00,2026-04-25T11:41:00+02:00,,0.0,0,Kristiansand,GOA:Line:50,Sørtoget region,F5,rail,GOA:ServiceJourney:B712-D_66856-R,False,planned,2026-04-25T11:58:21.163701+02:00
NSR:StopPlace:61291,Stavanger stasjon,2026-04-25T11:53:00+02:00,2026-04-25T11:53:34+02:00,2026-04-25T11:53:34+02:00,34.0,1,Egersund,GOA:Line:59,Jærbanen,L5,rail,GOA:ServiceJourney:3032_63069-R,True,actual,2026-04-25T11:58:21.163701+02:00
NSR:StopPlace:61291,Stavanger stasjon,2026-04-25T12:11:00+02:00,2026-04-25T12:11:00+02:00,,0.0,0,Kristiansand,GOA:Line:50,Sørtoget region,F5,rail,GOA:ServiceJourney:B712-EA_66867-R,False,planned,2026-04-25T11:58:21.163701+02:00
NSR:StopPlace:61291,Stavanger stasjon,2026-04-25T12:23:00+02:00,2026-04-25T12:23:00+02:00,,0.0,0,Nærbø,GOA:Line:59,Jærbanen,L5,rail,GOA:ServiceJourney:3034_63071-R,False,planned,2026-04-25T11:58:21.163701+02:00
NSR:StopPlace:61291,Stavanger stasjon,2026-04-25T12:53:00+02:00,2026-04-25T12:53:00+02:00,,0.0,0,Egersund,GOA:Line:59,Jærbanen,L5,rail,GOA:ServiceJourney:3036_63073-R,False,planned,2026-04-25T11:58:21.163701+02:00
NSR:StopPlace:4,Otta stasjon,2026-04-25T11:29:00+02:00,2026-04-25T11:31:58+02:00,2026-04-25T11:31:58+02:00,178.0,1,Trondheim S,SJN:Line:21,Dovrebanen,F6,rail,SJN:ServiceJourney:43-LOD_30155-R,True,actual,2026-04-25T11:58:21.163701+02:00
NSR:StopPlace:4,Otta stasjon,2026-04-25T11:31:00+02:00,2026-04-25T11:32:44+02:00,2026-04-25T11:32:44+02:00,104.0,1,Oslo S,SJN:Line:21,Dovrebanen,F6,rail,SJN:ServiceJourney:42-TND_30140-R,True,actual,2026-04-25T11:58:21.163701+02:00
NSR:StopPlace:8,Paradis stasjon,2026-04-25T10:56:00+02:00,2026-04-25T10:56:12+02:00,2026-04-25T10:56:12+02:00,12.0,1,Egersund,GOA:Line:59,Jærbanen,L5,rail,GOA:ServiceJourney:3028_63064-R,True,actual,2026-04-25T11:58:21.163701+02:00
NSR:StopPlace:8,Paradis stasjon,2026-04-25T11:26:00+02:00,2026-04-25T11:26:05+02:00,2026-04-25T11:26:05+02:00,5.0,1,Nærbø,GOA:Line:59,Jærbanen,L5,rail,GOA:ServiceJourney:3030_63066-R,True,actual,2026-04-25T11:58:21.163701+02:00
NSR:StopPlace:8,Paradis stasjon,2026-04-25T11:28:00+02:00,2026-04-25T11:28:49+02:00,2026-04-25T11:28:49+02:00,49.0,1,Stavanger,GOA:Line:59,Jærbanen,L5,rail,GOA:ServiceJourney:3025_63059-R,True,actual,2026-04-25T11:58:21.163701+02:00
NSR:StopPlace:8,Paradis stasjon,2026-04-25T11:56:00+02:00,2026-04-25T11:56:10+02:00,2026-04-25T11:56:10+02:00,10.0,1,Egersund,GOA:Line:59,Jærbanen,L5,rail,GOA:ServiceJourney:3032_63069-R,True,actual,2026-04-25T11:58:21.163701+02:00
NSR:StopPlace:8,Paradis stasjon,2026-04-25T11:58:00+02:00,2026-04-25T11:58:00+02:00,2026-04-25T11:58:00+02:00,0.0,0,Stavanger,GOA:Line:59,Jærbanen,L5,rail,GOA:ServiceJourney:3027_63062-R,True,actual,2026-04-25T11:58:21.163701+02:00
NSR:StopPlace:8,Paradis stasjon,2026-04-25T12:26:00+02:00,2026-04-25T12:26:00+02:00,,0.0,0,Nærbø,GOA:Line:59,Jærbanen,L5,rail,GOA:ServiceJourney:3034_63071-R,False,planned,2026-04-25T11:58:21.163701+02:00
NSR:StopPlace:8,Paradis stasjon,2026-04-25T12:28:00+02:00,2026-04-25T12:32:20+02:00,,260.0,1,Stavanger,GOA:Line:59,Jærbanen,L5,rail,GOA:ServiceJourney:3029_63065-R,True,expected,2026-04-25T11:58:21.163701+02:00
NSR:StopPlace:8,Paradis stasjon,2026-04-25T12:56:00+02:00,2026-04-25T12:56:00+02:00,,0.0,0,Egersund,GOA:Line:59,Jærbanen,L5,rail,GOA:ServiceJourney:3036_63073-R,False,planned,2026-04-25T11:58:21.163701+02:00
NSR:StopPlace:8,Paradis stasjon,2026-04-25T12:58:00+02:00,2026-04-25T12:58:00+02:00,,0.0,0,Stavanger,GOA:Line:59,Jærbanen,L5,rail,GOA:ServiceJourney:3031_63068-R,False,planned,2026-04-25T11:58:21.163701+02:00
NSR:StopPlace:6,Greverud stasjon,2026-04-25T10:48:00+02:00,2026-04-25T10:49:32+02:00,2026-04-25T10:49:32+02:00,92.0,1,Stabekk,VYG:Line:L2,Stabekk-Oslo S-Ski,L2,rail,VYG:ServiceJourney:2728-SKI_443935-R,True,actual,2026-04-25T11:58:21.163701+02:00
NSR:StopPlace:6,Greverud stasjon,2026-04-25T10:55:00+02:00,2026-04-25T10:55:00+02:00,,0.0,0,Ski,VYG:Line:L2,Stabekk-Oslo S-Ski,L2,rail,VYG:ServiceJourney:2821_452038-R,True,planned,2026-04-25T11:58:21.163701+02:00
NSR:StopPlace:6,Greverud stasjon,2026-04-25T11:03:00+02:00,2026-04-25T11:05:06+02:00,2026-04-25T11:05:06+02:00,126.0,1,Lysaker,VYG:Line:L2,Stabekk-Oslo S-Ski,L2,rail,VYG:ServiceJourney:2828-SKI_452042-R,True,actual,2026-04-25T11:58:21.163701+02:00
NSR:StopPlace:6,Greverud stasjon,2026-04-25T11:10:00+02:00,2026-04-25T11:10:00+02:00,,0.0,0,Ski,VYG:Line:L2,Stabekk-Oslo S-Ski,L2,rail,VYG:ServiceJourney:2723-HVK_443930-R,True,planned,2026-04-25T11:58:21.163701+02:00
NSR:StopPlace:6,Greverud stasjon,2026-04-25T11:18:00+02:00,2026-04-25T11:19:31+02:00,2026-04-25T11:19:31+02:00,91.0,1,Stabekk,VYG:Line:L2,Stabekk-Oslo S-Ski,L2,rail,VYG:ServiceJourney:2730-SKI_443938-R,True,actual,2026-04-25T11:58:21.163701+02:00
NSR:StopPlace:6,Greverud stasjon,2026-04-25T11:25:00+02:00,2026-04-25T11:33:20+02:00,,500.0,1,Ski,VYG:Line:L2,Stabekk-Oslo S-Ski,L2,rail,VYG:ServiceJourney:2823_452039-R,True,expected,2026-04-25T11:58:21.163701+02:00
NSR:StopPlace:6,Greverud stasjon,2026-04-25T11:33:00+02:00,2026-04-25T11:34:32+02:00,2026-04-25T11:34:32+02:00,92.0,1,Lysaker,VYG:Line:L2,Stabekk-Oslo S-Ski,L2,rail,VYG:ServiceJourney:2830-SKI_452044-R,True,actual,2026-04-25T11:58:21.163701+02:00
NSR:StopPlace:6,Greverud stasjon,2026-04-25T11:40:00+02:00,2026-04-25T11:40:52+02:00,,52.0,1,Ski,VYG:Line:L2,Stabekk-Oslo S-Ski,L2,rail,VYG:ServiceJourney:2725-HVK_443932-R,True,expected,2026-04-25T11:58:21.163701+02:00
NSR:StopPlace:6,Greverud stasjon,2026-04-25T11:48:00+02:00,2026-04-25T11:48:45+02:00,2026-04-25T11:48:45+02:00,45.0,1,Stabekk,VYG:Line:L2,Stabekk-Oslo S-Ski,L2,rail,VYG:ServiceJourney:2732-SKI_443940-R,True,actual,2026-04-25T11:58:21.163701+02:00
NSR:StopPlace:6,Greverud stasjon,2026-04-25T11:55:00+02:00,2026-04-25T11:55:00+02:00,,0.0,0,Ski,VYG:Line:L2,Stabekk-Oslo S-Ski,L2,rail,VYG:ServiceJourney:2825_452040-R,True,planned,2026-04-25T11:58:21.163701+02:00
NSR:StopPlace:6,Greverud stasjon,2026-04-25T12:03:00+02:00,2026-04-25T12:05:08+02:00,,128.0,1,Lysaker,VYG:Line:L2,Stabekk-Oslo S-Ski,L2,rail,VYG:ServiceJourney:2832-SKI_452046-R,True,expected,2026-04-25T11:58:21.163701+02:00
NSR:StopPlace:6,Greverud stasjon,2026-04-25T12:10:00+02:00,2026-04-25T12:10:59+02:00,,59.0,1,Ski,VYG:Line:L2,Stabekk-Oslo S-Ski,L2,rail,VYG:ServiceJourney:2727-HVK_443934-R,True,expected,2026-04-25T11:58:21.163701+02:00
NSR:StopPlace:6,Greverud stasjon,2026-04-25T12:18:00+02:00,2026-04-25T12:18:00+02:00,,0.0,0,Stabekk,VYG:Line:L2,Stabekk-Oslo S-Ski,L2,rail,VYG:ServiceJourney:2734-SKI_443942-R,True,planned,2026-04-25T11:58:21.163701+02:00
NSR:StopPlace:6,Greverud stasjon,2026-04-25T12:25:00+02:00,2026-04-25T12:25:00+02:00,,0.0,0,Ski,VYG:Line:L2,Stabekk-Oslo S-Ski,L2,rail,VYG:ServiceJourney:2827-HVK_452041-R,True,planned,2026-04-25T11:58:21.163701+02:00
NSR:StopPlace:6,Greverud stasjon,2026-04-25T12:33:00+02:00,2026-04-25T12:33:00+02:00,,0.0,0,Lysaker,VYG:Line:L2,Stabekk-Oslo S-Ski,L2,rail,VYG:ServiceJourney:2834-SKI_452048-R,True,planned,2026-04-25T11:58:21.163701+02:00
NSR:StopPlace:6,Greverud stasjon,2026-04-25T12:40:00+02:00,2026-04-25T12:40:00+02:00,,0.0,0,Ski,VYG:Line:L2,Stabekk-Oslo S-Ski,L2,rail,VYG:ServiceJourney:2729-HVK_443936-R,True,planned,2026-04-25T11:58:21.163701+02:00
NSR:StopPlace:6,Greverud stasjon,2026-04-25T12:48:00+02:00,2026-04-25T12:48:00+02:00,,0.0,0,Stabekk,VYG:Line:L2,Stabekk-Oslo S-Ski,L2,rail,VYG:ServiceJourney:2736-SKI_443944-R,True,planned,2026-04-25T11:58:21.163701+02:00
NSR:StopPlace:6,Greverud stasjon,2026-04-25T12:55:00+02:00,2026-04-25T12:55:00+02:00,,0.0,0,Ski,VYG:Line:L2,Stabekk-Oslo S-Ski,L2,rail,VYG:ServiceJourney:2829-HVK_452043-R,True,planned,2026-04-25T11:58:21.163701+02:00
NSR:StopPlace:61134,Tverlandet stasjon,2026-04-25T12:43:00+02:00,2026-04-25T12:43:00+02:00,,0.0,0,Steinkjer,SJN:Line:71,Nordlandsbanen,F7,rail,SJN:ServiceJourney:472-BO_33062-R,True,planned,2026-04-25T11:58:21.163701+02:00
NSR:StopPlace:61169,Marienborg stasjon,2026-04-25T10:43:00+02:00,2026-04-25T10:45:01+02:00,2026-04-25T10:45:01+02:00,121.0,1,Sandmoen via Flatåsen,ATB:Line:2_23,Brattøra - St. Olavs - Hallset - Flatåsen - Sandmoen,23,bus,ATB:ServiceJourney:23_250131110657600_6026,True,actual,2026-04-25T11:58:21.163701+02:00
NSR:StopPlace:61169,Marienborg stasjon,2026-04-25T10:43:00+02:00,2026-04-25T10:46:22+02:00,2026-04-25T10:46:22+02:00,202.0,1,Grillstad via St. Olavs h- Ladeham.,ATB:Line:2_20,Grillstad - Strindheim - Ladehammeren- Sentrum - Romolslia,20,bus,ATB:ServiceJourney:20_250131110660271_6019,True,actual,2026-04-25T11:58:21.163701+02:00
NSR:StopPlace:61169,Marienborg stasjon,2026-04-25T10:44:00+02:00,2026-04-25T10:47:00+02:00,2026-04-25T10:47:00+02:00,180.0,1,Havstad,ATB:Line:2_13,Østmarka - Strindheim - Lerkendal - Havstad,13,bus,ATB:ServiceJourney:13_250507084860695_6032,True,actual,2026-04-25T11:58:21.163701+02:00
NSR:StopPlace:61169,Marienborg stasjon,2026-04-25T10:50:00+02:00,2026-04-25T10:51:09+02:00,2026-04-25T10:51:09+02:00,69.0,1,Melhus skysstasjon,SJN:Line:26,Trønderbanen,R70,rail,SJN:ServiceJourney:428-SKV_50195-R,True,actual,2026-04-25T11:58:21.163701+02:00
NSR:StopPlace:61169,Marienborg stasjon,2026-04-25T10:55:00+02:00,2026-04-25T10:58:07+02:00,2026-04-25T10:58:07+02:00,187.0,1,Østmarka via Lerkendal-Strindh.,ATB:Line:2_13,Østmarka - Strindheim - Lerkendal - Havstad,13,bus,ATB:ServiceJourney:13_250507084857458_6033,True,actual,2026-04-25T11:58:21.163701+02:00
NSR:StopPlace:61169,Marienborg stasjon,2026-04-25T11:01:00+02:00,2026-04-25T11:01:38+02:00,2026-04-25T11:01:38+02:00,38.0,1,Pirbadet via St. Olavs hospital,ATB:Line:2_23,Brattøra - St. Olavs - Hallset - Flatåsen - Sandmoen,23,bus,ATB:ServiceJourney:23_250131110657724_6027,True,actual,2026-04-25T11:58:21.163701+02:00
NSR:StopPlace:61169,Marienborg stasjon,2026-04-25T11:03:00+02:00,2026-04-25T11:04:57+02:00,2026-04-25T11:04:57+02:00,117.0,1,Sandmoen via Flatåsen,ATB:Line:2_23,Brattøra - St. Olavs - Hallset - Flatåsen - Sandmoen,23,bus,ATB:ServiceJourney:23_250131110657601_6028,True,actual,2026-04-25T11:58:21.163701+02:00
NSR:StopPlace:61169,Marienborg stasjon,2026-04-25T11:01:00+02:00,2026-04-25T11:05:44+02:00,,284.0,1,Havstad,ATB:Line:2_13,Østmarka - Strindheim - Lerkendal - Havstad,13,bus,ATB:ServiceJourney:13_250507084854532_6034,True,expected,2026-04-25T11:58:21.163701+02:00
NSR:StopPlace:61169,Marienborg stasjon,2026-04-25T11:08:00+02:00,2026-04-25T11:08:00+02:00,,0.0,0,Skatval,SJN:Line:26,Trønderbanen,R70,rail,SJN:ServiceJourney:433-LMO_50206-R,False,planned,2026-04-25T11:58:21.163701+02:00
NSR:StopPlace:61169,Marienborg stasjon,2026-04-25T11:10:00+02:00,2026-04-25T11:11:43+02:00,2026-04-25T11:11:43+02:00,103.0,1,Østmarka via Lerkendal-Strindh.,ATB:Line:2_13,Østmarka - Strindheim - Lerkendal - Havstad,13,bus,ATB:ServiceJourney:13_250507084857484_6035,True,actual,2026-04-25T11:58:21.163701+02:00
NSR:StopPlace:61169,Marienborg stasjon,2026-04-25T11:16:00+02:00,2026-04-25T11:21:21+02:00,2026-04-25T11:21:21+02:00,321.0,1,Havstad,ATB:Line:2_13,Østmarka - Strindheim - Lerkendal - Havstad,13,bus,ATB:ServiceJourney:13_250507084855311_6036,True,actual,2026-04-25T11:58:21.163701+02:00
NSR:StopPlace:61169,Marienborg stasjon,2026-04-25T11:21:00+02:00,2026-04-25T11:21:58+02:00,2026-04-25T11:21:58+02:00,58.0,1,Pirbadet via St. Olavs hospital,ATB:Line:2_23,Brattøra - St. Olavs - Hallset - Flatåsen - Sandmoen,23,bus,ATB:ServiceJourney:23_250131110657695_6029,True,actual,2026-04-25T11:58:21.163701+02:00
NSR:StopPlace:61169,Marienborg stasjon,2026-04-25T11:25:00+02:00,2026-04-25T11:25:32+02:00,2026-04-25T11:25:32+02:00,32.0,1,Sandmoen via Flatåsen,ATB:Line:2_23,Brattøra - St. Olavs - Hallset - Flatåsen - Sandmoen,23,bus,ATB:ServiceJourney:23_250131110657679_6030,True,actual,2026-04-25T11:58:21.163701+02:00
NSR:StopPlace:61169,Marienborg stasjon,2026-04-25T11:23:00+02:00,2026-04-25T11:27:13+02:00,2026-04-25T11:27:13+02:00,253.0,1,Grillstad via St. Olavs h- Ladeham.,ATB:Line:2_20,Grillstad - Strindheim - Ladehammeren- Sentrum - Romolslia,20,bus,ATB:ServiceJourney:20_250131110660272_6023,True,actual,2026-04-25T11:58:21.163701+02:00
NSR:StopPlace:61169,Marienborg stasjon,2026-04-25T11:25:00+02:00,2026-04-25T11:27:42+02:00,2026-04-25T11:27:42+02:00,162.0,1,Østmarka via Lerkendal-Strindh.,ATB:Line:2_13,Østmarka - Strindheim - Lerkendal - Havstad,13,bus,ATB:ServiceJourney:13_250507084857510_6037,True,actual,2026-04-25T11:58:21.163701+02:00
NSR:StopPlace:61169,Marienborg stasjon,2026-04-25T11:31:00+02:00,2026-04-25T11:31:03+02:00,2026-04-25T11:31:03+02:00,3.0,1,Romolslia,ATB:Line:2_20,Grillstad - Strindheim - Ladehammeren- Sentrum - Romolslia,20,bus,ATB:ServiceJourney:20_250131110660318_6022,True,actual,2026-04-25T11:58:21.163701+02:00
NSR:StopPlace:61169,Marienborg stasjon,2026-04-25T11:31:00+02:00,2026-04-25T11:38:48+02:00,2026-04-25T11:38:48+02:00,468.0,1,Havstad,ATB:Line:2_13,Østmarka - Strindheim - Lerkendal - Havstad,13,bus,ATB:ServiceJourney:13_250507084854557_6038,True,actual,2026-04-25T11:58:21.163701+02:00
NSR:StopPlace:61169,Marienborg stasjon,2026-04-25T11:41:00+02:00,2026-04-25T11:43:08+02:00,2026-04-25T11:43:08+02:00,128.0,1,Pirbadet via St. Olavs hospital,ATB:Line:2_23,Brattøra - St. Olavs - Hallset - Flatåsen - Sandmoen,23,bus,ATB:ServiceJourney:23_250131110657638_6031,True,actual,2026-04-25T11:58:21.163701+02:00
NSR:StopPlace:61169,Marienborg stasjon,2026-04-25T11:40:00+02:00,2026-04-25T11:43:33+02:00,2026-04-25T11:43:33+02:00,213.0,1,Østmarka via Lerkendal-Strindh.,ATB:Line:2_13,Østmarka - Strindheim - Lerkendal - Havstad,13,bus,ATB:ServiceJourney:13_250507084857535_6039,True,actual,2026-04-25T11:58:21.163701+02:00
NSR:StopPlace:61169,Marienborg stasjon,2026-04-25T11:44:00+02:00,2026-04-25T11:45:48+02:00,2026-04-25T11:45:48+02:00,108.0,1,Sandmoen via Flatåsen,ATB:Line:2_23,Brattøra - St. Olavs - Hallset - Flatåsen - Sandmoen,23,bus,ATB:ServiceJourney:23_250131110658744_7090,True,actual,2026-04-25T11:58:21.163701+02:00
NSR:StopPlace:61169,Marienborg stasjon,2026-04-25T11:46:00+02:00,2026-04-25T11:49:08+02:00,,188.0,1,Havstad,ATB:Line:2_13,Østmarka - Strindheim - Lerkendal - Havstad,13,bus,ATB:ServiceJourney:13_250507084855337_6040,True,expected,2026-04-25T11:58:21.163701+02:00
NSR:StopPlace:61169,Marienborg stasjon,2026-04-25T11:50:00+02:00,2026-04-25T11:51:17+02:00,2026-04-25T11:51:17+02:00,77.0,1,Ler,SJN:Line:26,Trønderbanen,R70,rail,SJN:ServiceJourney:430-SKV_50200-R,True,actual,2026-04-25T11:58:21.163701+02:00
NSR:StopPlace:61169,Marienborg stasjon,2026-04-25T12:01:00+02:00,2026-04-25T12:01:40+02:00,,40.0,1,Pirbadet via St. Olavs hospital,ATB:Line:2_23,Brattøra - St. Olavs - Hallset - Flatåsen - Sandmoen,23,bus,ATB:ServiceJourney:23_250131110658717_6033,True,expected,2026-04-25T11:58:21.163701+02:00
NSR:StopPlace:61169,Marienborg stasjon,2026-04-25T11:55:00+02:00,2026-04-25T12:02:36+02:00,,456.0,1,Østmarka via Lerkendal-Strindh.,ATB:Line:2_13,Østmarka - Strindheim - Lerkendal - Havstad,13,bus,ATB:ServiceJourney:13_250507084857560_6041,True,expected,2026-04-25T11:58:21.163701+02:00
NSR:StopPlace:61169,Marienborg stasjon,2026-04-25T12:04:00+02:00,2026-04-25T12:04:26+02:00,,26.0,1,Sandmoen via Flatåsen,ATB:Line:2_23,Brattøra - St. Olavs - Hallset - Flatåsen - Sandmoen,23,bus,ATB:ServiceJourney:23_250131110658745_7091,True,expected,2026-04-25T11:58:21.163701+02:00
NSR:StopPlace:61169,Marienborg stasjon,2026-04-25T12:01:00+02:00,2026-04-25T12:05:09+02:00,,249.0,1,Havstad,ATB:Line:2_13,Østmarka - Strindheim - Lerkendal - Havstad,13,bus,ATB:ServiceJourney:13_250507084854583_6042,True,expected,2026-04-25T11:58:21.163701+02:00
NSR:StopPlace:61169,Marienborg stasjon,2026-04-25T12:03:00+02:00,2026-04-25T12:05:48+02:00,,168.0,1,Grillstad via St. Olavs h- Ladeham.,ATB:Line:2_20,Grillstad - Strindheim - Ladehammeren- Sentrum - Romolslia,20,bus,ATB:ServiceJourney:20_250131110660290_319,True,expected,2026-04-25T11:58:21.163701+02:00
NSR:StopPlace:61169,Marienborg stasjon,2026-04-25T12:08:00+02:00,2026-04-25T12:08:00+02:00,,0.0,0,Skatval,SJN:Line:26,Trønderbanen,R70,rail,SJN:ServiceJourney:435-SOeB_50210-R,False,planned,2026-04-25T11:58:21.163701+02:00
NSR:StopPlace:61169,Marienborg stasjon,2026-04-25T12:10:00+02:00,2026-04-25T12:11:00+02:00,,60.0,1,Østmarka via Lerkendal-Strindh.,ATB:Line:2_13,Østmarka - Strindheim - Lerkendal - Havstad,13,bus,ATB:ServiceJourney:13_250507084857585_6043,True,expected,2026-04-25T11:58:21.163701+02:00
NSR:StopPlace:61169,Marienborg stasjon,2026-04-25T12:11:00+02:00,2026-04-25T12:16:50+02:00,,350.0,1,Romolslia,ATB:Line:2_20,Grillstad - Strindheim - Ladehammeren- Sentrum - Romolslia,20,bus,ATB:ServiceJourney:20_250131110660310_6024,True,expected,2026-04-25T11:58:21.163701+02:00
NSR:StopPlace:61169,Marienborg stasjon,2026-04-25T12:16:00+02:00,2026-04-25T12:17:17+02:00,,77.0,1,Havstad,ATB:Line:2_13,Østmarka - Strindheim - Lerkendal - Havstad,13,bus,ATB:ServiceJourney:13_250507084855363_6044,True,expected,2026-04-25T11:58:21.163701+02:00
NSR:StopPlace:61169,Marienborg stasjon,2026-04-25T12:21:00+02:00,2026-04-25T12:21:55+02:00,,55.0,1,Pirbadet via St. Olavs hospital,ATB:Line:2_23,Brattøra - St. Olavs - Hallset - Flatåsen - Sandmoen,23,bus,ATB:ServiceJourney:23_250131110658718_6035,True,expected,2026-04-25T11:58:21.163701+02:00
NSR:StopPlace:61169,Marienborg stasjon,2026-04-25T12:24:00+02:00,2026-04-25T12:24:27+02:00,,27.0,1,Sandmoen via Flatåsen,ATB:Line:2_23,Brattøra - St. Olavs - Hallset - Flatåsen - Sandmoen,23,bus,ATB:ServiceJourney:23_250131110658746_7093,True,expected,2026-04-25T11:58:21.163701+02:00
NSR:StopPlace:61169,Marienborg stasjon,2026-04-25T12:25:00+02:00,2026-04-25T12:27:04+02:00,,124.0,1,Østmarka via Lerkendal-Strindh.,ATB:Line:2_13,Østmarka - Strindheim - Lerkendal - Havstad,13,bus,ATB:ServiceJourney:13_250507084857609_6045,True,expected,2026-04-25T11:58:21.163701+02:00
NSR:StopPlace:61169,Marienborg stasjon,2026-04-25T12:31:00+02:00,2026-04-25T12:32:20+02:00,,80.0,1,Havstad,ATB:Line:2_13,Østmarka - Strindheim - Lerkendal - Havstad,13,bus,ATB:ServiceJourney:13_250507084854615_6046,True,expected,2026-04-25T11:58:21.163701+02:00
NSR:StopPlace:61169,Marienborg stasjon,2026-04-25T12:40:00+02:00,2026-04-25T12:40:44+02:00,,44.0,1,Østmarka via Lerkendal-Strindh.,ATB:Line:2_13,Østmarka - Strindheim - Lerkendal - Havstad,13,bus,ATB:ServiceJourney:13_250507084857636_6047,True,expected,2026-04-25T11:58:21.163701+02:00
NSR:StopPlace:61169,Marienborg stasjon,2026-04-25T12:41:00+02:00,2026-04-25T12:41:51+02:00,,51.0,1,Pirbadet via St. Olavs hospital,ATB:Line:2_23,Brattøra - St. Olavs - Hallset - Flatåsen - Sandmoen,23,bus,ATB:ServiceJourney:23_250131110658719_6037,True,expected,2026-04-25T11:58:21.163701+02:00
NSR:StopPlace:61169,Marienborg stasjon,2026-04-25T12:44:00+02:00,2026-04-25T12:44:28+02:00,,28.0,1,Sandmoen via Flatåsen,ATB:Line:2_23,Brattøra - St. Olavs - Hallset - Flatåsen - Sandmoen,23,bus,ATB:ServiceJourney:23_250131110658747_7095,True,expected,2026-04-25T11:58:21.163701+02:00
NSR:StopPlace:61169,Marienborg stasjon,2026-04-25T12:43:00+02:00,2026-04-25T12:45:12+02:00,,132.0,1,Grillstad via St. Olavs h- Ladeham.,ATB:Line:2_20,Grillstad - Strindheim - Ladehammeren- Sentrum - Romolslia,20,bus,ATB:ServiceJourney:20_250131110660291_321,True,expected,2026-04-25T11:58:21.163701+02:00
NSR:StopPlace:61169,Marienborg stasjon,2026-04-25T12:46:00+02:00,2026-04-25T12:47:25+02:00,,85.0,1,Havstad,ATB:Line:2_13,Østmarka - Strindheim - Lerkendal - Havstad,13,bus,ATB:ServiceJourney:13_250507084855391_6048,True,expected,2026-04-25T11:58:21.163701+02:00
NSR:StopPlace:61169,Marienborg stasjon,2026-04-25T12:50:00+02:00,2026-04-25T12:50:00+02:00,,0.0,0,Ler,SJN:Line:26,Trønderbanen,R70,rail,SJN:ServiceJourney:432-SKV_50204-R,True,planned,2026-04-25T11:58:21.163701+02:00
NSR:StopPlace:61169,Marienborg stasjon,2026-04-25T12:51:00+02:00,2026-04-25T12:52:26+02:00,,86.0,1,Romolslia,ATB:Line:2_20,Grillstad - Strindheim - Ladehammeren- Sentrum - Romolslia,20,bus,ATB:ServiceJourney:20_250131110660333_335,True,expected,2026-04-25T11:58:21.163701+02:00
NSR:StopPlace:61169,Marienborg stasjon,2026-04-25T12:55:00+02:00,2026-04-25T12:55:45+02:00,,45.0,1,Østmarka via Lerkendal-Strindh.,ATB:Line:2_13,Østmarka - Strindheim - Lerkendal - Havstad,13,bus,ATB:ServiceJourney:13_250507084857661_6049,True,expected,2026-04-25T11:58:21.163701+02:00
NSR:StopPlace:61458,Mjølfjell stasjon,2026-04-25T12:17:00+02:00,2026-04-25T12:17:00+02:00,,0.0,0,Voss,VYG:Line:R40,Bergen-Voss-Myrdal-Ål,R40,rail,VYG:ServiceJourney:BUS-1821_538869-R,False,planned,2026-04-25T11:58:21.163701+02:00
NSR:StopPlace:61458,Mjølfjell stasjon,2026-04-25T12:53:00+02:00,2026-04-25T12:53:00+02:00,,0.0,0,Ørneberget,VYG:Line:R40,Bergen-Voss-Myrdal-Ål,R40,rail,VYG:ServiceJourney:BUS-1812_538852-R,False,planned,2026-04-25T11:58:21.163701+02:00
NSR:StopPlace:61459,Reitan stasjon,2026-04-25T11:42:00+02:00,2026-04-25T11:42:00+02:00,,0.0,0,Hamar,SJN:Line:25,Rørosbanen,R60,rail,SJN:ServiceJourney:2386_44258-R,True,planned,2026-04-25T11:58:21.163701+02:00
NSR:StopPlace:61456,Majavatn stasjon,2026-04-25T12:14:00+02:00,2026-04-25T12:20:42+02:00,,402.0,1,Bodø,SJN:Line:71,Nordlandsbanen,F7,rail,SJN:ServiceJourney:471-STK_33055-R,True,expected,2026-04-25T11:58:21.163701+02:00
NSR:StopPlace:61462,Namsskogan stasjon,2026-04-25T11:51:00+02:00,2026-04-25T11:58:58+02:00,,478.0,1,Bodø,SJN:Line:71,Nordlandsbanen,F7,rail,SJN:ServiceJourney:471-STK_33055-R,True,expected,2026-04-25T11:58:21.163701+02:00
NSR:StopPlace:61466,Vakås stasjon,2026-04-25T11:08:00+02:00,2026-04-25T11:10:31+02:00,2026-04-25T11:10:31+02:00,151.0,1,Lillestrøm,VYG:Line:L1,Spikkestad-Oslo S-Lillestrøm,L1,rail,VYG:ServiceJourney:2228_443628-R,True,actual,2026-04-25T11:58:21.163701+02:00
NSR:StopPlace:61466,Vakås stasjon,2026-04-25T11:11:00+02:00,2026-04-25T11:11:46+02:00,2026-04-25T11:11:46+02:00,46.0,1,Spikkestad,VYG:Line:L1,Spikkestad-Oslo S-Lillestrøm,L1,rail,VYG:ServiceJourney:2223_443621-R,True,actual,2026-04-25T11:58:21.163701+02:00
NSR:StopPlace:61466,Vakås stasjon,2026-04-25T11:38:00+02:00,2026-04-25T11:38:19+02:00,2026-04-25T11:38:19+02:00,19.0,1,Lillestrøm,VYG:Line:L1,Spikkestad-Oslo S-Lillestrøm,L1,rail,VYG:ServiceJourney:2230_443632-R,True,actual,2026-04-25T11:58:21.163701+02:00
NSR:StopPlace:61466,Vakås stasjon,2026-04-25T11:41:00+02:00,2026-04-25T11:41:13+02:00,2026-04-25T11:41:13+02:00,13.0,1,Spikkestad,VYG:Line:L1,Spikkestad-Oslo S-Lillestrøm,L1,rail,VYG:ServiceJourney:2225_443623-R,True,actual,2026-04-25T11:58:21.163701+02:00
NSR:StopPlace:61466,Vakås stasjon,2026-04-25T12:08:00+02:00,2026-04-25T12:08:00+02:00,,0.0,0,Lillestrøm,VYG:Line:L1,Spikkestad-Oslo S-Lillestrøm,L1,rail,VYG:ServiceJourney:2232_443636-R,True,planned,2026-04-25T11:58:21.163701+02:00
NSR:StopPlace:61466,Vakås stasjon,2026-04-25T12:11:00+02:00,2026-04-25T12:11:00+02:00,,0.0,0,Spikkestad,VYG:Line:L1,Spikkestad-Oslo S-Lillestrøm,L1,rail,VYG:ServiceJourney:2227_443627-R,True,planned,2026-04-25T11:58:21.163701+02:00
NSR:StopPlace:61466,Vakås stasjon,2026-04-25T12:38:00+02:00,2026-04-25T12:38:00+02:00,,0.0,0,Lillestrøm,VYG:Line:L1,Spikkestad-Oslo S-Lillestrøm,L1,rail,VYG:ServiceJourney:2234_443639-R,True,planned,2026-04-25T11:58:21.163701+02:00
NSR:StopPlace:61466,Vakås stasjon,2026-04-25T12:41:00+02:00,2026-04-25T12:41:48+02:00,,48.0,1,Spikkestad,VYG:Line:L1,Spikkestad-Oslo S-Lillestrøm,L1,rail,VYG:ServiceJourney:2229_443629-R,True,expected,2026-04-25T11:58:21.163701+02:00
NSR:StopPlace:61463,Nordstrand stasjon,2026-04-25T10:52:00+02:00,2026-04-25T10:52:03+02:00,2026-04-25T10:52:03+02:00,3.0,1,Ski,VYG:Line:L2,Stabekk-Oslo S-Ski,L2,rail,VYG:ServiceJourney:2723-HVK_443930-R,True,actual,2026-04-25T11:58:21.163701+02:00
NSR:StopPlace:61463,Nordstrand stasjon,2026-04-25T11:07:00+02:00,2026-04-25T11:07:19+02:00,2026-04-25T11:07:19+02:00,19.0,1,Stabekk,VYG:Line:L2,Stabekk-Oslo S-Ski,L2,rail,VYG:ServiceJourney:2728-SKI_443935-R,True,actual,2026-04-25T11:58:21.163701+02:00
NSR:StopPlace:61463,Nordstrand stasjon,2026-04-25T11:07:00+02:00,2026-04-25T11:13:11+02:00,2026-04-25T11:13:11+02:00,371.0,1,Ski,VYG:Line:L2,Stabekk-Oslo S-Ski,L2,rail,VYG:ServiceJourney:2823_452039-R,True,actual,2026-04-25T11:58:21.163701+02:00
NSR:StopPlace:61463,Nordstrand stasjon,2026-04-25T11:22:00+02:00,2026-04-25T11:22:21+02:00,2026-04-25T11:22:21+02:00,21.0,1,Ski,VYG:Line:L2,Stabekk-Oslo S-Ski,L2,rail,VYG:ServiceJourney:2725-HVK_443932-R,True,actual,2026-04-25T11:58:21.163701+02:00
NSR:StopPlace:61463,Nordstrand stasjon,2026-04-25T11:22:00+02:00,2026-04-25T11:23:21+02:00,2026-04-25T11:23:21+02:00,81.0,1,Lysaker,VYG:Line:L2,Stabekk-Oslo S-Ski,L2,rail,VYG:ServiceJourney:2828-SKI_452042-R,True,actual,2026-04-25T11:58:21.163701+02:00
NSR:StopPlace:61463,Nordstrand stasjon,2026-04-25T11:37:00+02:00,2026-04-25T11:36:55+02:00,2026-04-25T11:36:55+02:00,-5.0,0,Ski,VYG:Line:L2,Stabekk-Oslo S-Ski,L2,rail,VYG:ServiceJourney:2825_452040-R,True,actual,2026-04-25T11:58:21.163701+02:00
NSR:StopPlace:61463,Nordstrand stasjon,2026-04-25T11:37:00+02:00,2026-04-25T11:43:15+02:00,2026-04-25T11:43:15+02:00,375.0,1,Stabekk,VYG:Line:L2,Stabekk-Oslo S-Ski,L2,rail,VYG:ServiceJourney:2730-SKI_443938-R,True,actual,2026-04-25T11:58:21.163701+02:00
NSR:StopPlace:61463,Nordstrand stasjon,2026-04-25T11:52:00+02:00,2026-04-25T11:52:15+02:00,2026-04-25T11:52:15+02:00,15.0,1,Lysaker,VYG:Line:L2,Stabekk-Oslo S-Ski,L2,rail,VYG:ServiceJourney:2830-SKI_452044-R,True,actual,2026-04-25T11:58:21.163701+02:00
NSR:StopPlace:61463,Nordstrand stasjon,2026-04-25T11:52:00+02:00,2026-04-25T11:54:18+02:00,2026-04-25T11:54:18+02:00,138.0,1,Ski,VYG:Line:L2,Stabekk-Oslo S-Ski,L2,rail,VYG:ServiceJourney:2727-HVK_443934-R,True,actual,2026-04-25T11:58:21.163701+02:00
NSR:StopPlace:61463,Nordstrand stasjon,2026-04-25T12:07:00+02:00,2026-04-25T12:07:00+02:00,,0.0,0,Stabekk,VYG:Line:L2,Stabekk-Oslo S-Ski,L2,rail,VYG:ServiceJourney:2732-SKI_443940-R,True,planned,2026-04-25T11:58:21.163701+02:00
NSR:StopPlace:61463,Nordstrand stasjon,2026-04-25T12:07:00+02:00,2026-04-25T12:07:48+02:00,,48.0,1,Ski,VYG:Line:L2,Stabekk-Oslo S-Ski,L2,rail,VYG:ServiceJourney:2827-HVK_452041-R,True,expected,2026-04-25T11:58:21.163701+02:00
NSR:StopPlace:61463,Nordstrand stasjon,2026-04-25T12:22:00+02:00,2026-04-25T12:22:00+02:00,,0.0,0,Ski,VYG:Line:L2,Stabekk-Oslo S-Ski,L2,rail,VYG:ServiceJourney:2729-HVK_443936-R,True,planned,2026-04-25T11:58:21.163701+02:00
NSR:StopPlace:61463,Nordstrand stasjon,2026-04-25T12:22:00+02:00,2026-04-25T12:22:01+02:00,,1.0,1,Lysaker,VYG:Line:L2,Stabekk-Oslo S-Ski,L2,rail,VYG:ServiceJourney:2832-SKI_452046-R,True,expected,2026-04-25T11:58:21.163701+02:00
NSR:StopPlace:61463,Nordstrand stasjon,2026-04-25T12:37:00+02:00,2026-04-25T12:37:00+02:00,,0.0,0,Stabekk,VYG:Line:L2,Stabekk-Oslo S-Ski,L2,rail,VYG:ServiceJourney:2734-SKI_443942-R,True,planned,2026-04-25T11:58:21.163701+02:00
NSR:StopPlace:61463,Nordstrand stasjon,2026-04-25T12:37:00+02:00,2026-04-25T12:37:00+02:00,,0.0,0,Ski,VYG:Line:L2,Stabekk-Oslo S-Ski,L2,rail,VYG:ServiceJourney:2829-HVK_452043-R,True,planned,2026-04-25T11:58:21.163701+02:00
NSR:StopPlace:61463,Nordstrand stasjon,2026-04-25T12:52:00+02:00,2026-04-25T12:52:00+02:00,,0.0,0,Lysaker,VYG:Line:L2,Stabekk-Oslo S-Ski,L2,rail,VYG:ServiceJourney:2834-SKI_452048-R,True,planned,2026-04-25T11:58:21.163701+02:00
NSR:StopPlace:61463,Nordstrand stasjon,2026-04-25T12:52:00+02:00,2026-04-25T12:52:00+02:00,,0.0,0,Ski,VYG:Line:L2,Stabekk-Oslo S-Ski,L2,rail,VYG:ServiceJourney:2731-HVK_443939-R,True,planned,2026-04-25T11:58:21.163701+02:00
NSR:StopPlace:61464,Hvalstad stasjon,2026-04-25T11:09:00+02:00,2026-04-25T11:09:54+02:00,2026-04-25T11:09:54+02:00,54.0,1,Spikkestad,VYG:Line:L1,Spikkestad-Oslo S-Lillestrøm,L1,rail,VYG:ServiceJourney:2223_443621-R,True,actual,2026-04-25T11:58:21.163701+02:00
NSR:StopPlace:61464,Hvalstad stasjon,2026-04-25T11:10:00+02:00,2026-04-25T11:12:17+02:00,2026-04-25T11:12:17+02:00,137.0,1,Lillestrøm,VYG:Line:L1,Spikkestad-Oslo S-Lillestrøm,L1,rail,VYG:ServiceJourney:2228_443628-R,True,actual,2026-04-25T11:58:21.163701+02:00
NSR:StopPlace:61464,Hvalstad stasjon,2026-04-25T11:39:00+02:00,2026-04-25T11:39:21+02:00,2026-04-25T11:39:21+02:00,21.0,1,Spikkestad,VYG:Line:L1,Spikkestad-Oslo S-Lillestrøm,L1,rail,VYG:ServiceJourney:2225_443623-R,True,actual,2026-04-25T11:58:21.163701+02:00
NSR:StopPlace:61464,Hvalstad stasjon,2026-04-25T11:40:00+02:00,2026-04-25T11:40:18+02:00,2026-04-25T11:40:18+02:00,18.0,1,Lillestrøm,VYG:Line:L1,Spikkestad-Oslo S-Lillestrøm,L1,rail,VYG:ServiceJourney:2230_443632-R,True,actual,2026-04-25T11:58:21.163701+02:00
NSR:StopPlace:61464,Hvalstad stasjon,2026-04-25T12:09:00+02:00,2026-04-25T12:09:13+02:00,,13.0,1,Spikkestad,VYG:Line:L1,Spikkestad-Oslo S-Lillestrøm,L1,rail,VYG:ServiceJourney:2227_443627-R,True,expected,2026-04-25T11:58:21.163701+02:00
NSR:StopPlace:61464,Hvalstad stasjon,2026-04-25T12:10:00+02:00,2026-04-25T12:10:00+02:00,,0.0,0,Lillestrøm,VYG:Line:L1,Spikkestad-Oslo S-Lillestrøm,L1,rail,VYG:ServiceJourney:2232_443636-R,True,planned,2026-04-25T11:58:21.163701+02:00
NSR:StopPlace:61464,Hvalstad stasjon,2026-04-25T12:40:00+02:00,2026-04-25T12:40:00+02:00,,0.0,0,Lillestrøm,VYG:Line:L1,Spikkestad-Oslo S-Lillestrøm,L1,rail,VYG:ServiceJourney:2234_443639-R,True,planned,2026-04-25T11:58:21.163701+02:00
NSR:StopPlace:61464,Hvalstad stasjon,2026-04-25T12:39:00+02:00,2026-04-25T12:40:01+02:00,,61.0,1,Spikkestad,VYG:Line:L1,Spikkestad-Oslo S-Lillestrøm,L1,rail,VYG:ServiceJourney:2229_443629-R,True,expected,2026-04-25T11:58:21.163701+02:00
NSR:StopPlace:61413,Heia stasjon,2026-04-25T10:48:00+02:00,2026-04-25T10:48:00+02:00,,0.0,0,Oslo S,VYG:Line:R22,Skøyen-Oslo S-Mysen-Rakkestad,R22,rail,VYG:ServiceJourney:1916_443458-R,True,planned,2026-04-25T11:58:21.163701+02:00
NSR:StopPlace:61413,Heia stasjon,2026-04-25T11:07:00+02:00,2026-04-25T11:07:00+02:00,,0.0,0,Rakkestad,VYG:Line:R22,Skøyen-Oslo S-Mysen-Rakkestad,R22,rail,VYG:ServiceJourney:1911_443449-R,True,planned,2026-04-25T11:58:21.163701+02:00
NSR:StopPlace:61413,Heia stasjon,2026-04-25T11:48:00+02:00,2026-04-25T11:48:25+02:00,,25.0,1,Oslo S,VYG:Line:R22,Skøyen-Oslo S-Mysen-Rakkestad,R22,rail,VYG:ServiceJourney:1918_443461-R,True,expected,2026-04-25T11:58:21.163701+02:00
NSR:StopPlace:61413,Heia stasjon,2026-04-25T12:07:00+02:00,2026-04-25T12:07:00+02:00,,0.0,0,Rakkestad,VYG:Line:R22,Skøyen-Oslo S-Mysen-Rakkestad,R22,rail,VYG:ServiceJourney:1913_443452-R,True,planned,2026-04-25T11:58:21.163701+02:00
NSR:StopPlace:61413,Heia stasjon,2026-04-25T12:48:00+02:00,2026-04-25T12:48:00+02:00,,0.0,0,Oslo S,VYG:Line:R22,Skøyen-Oslo S-Mysen-Rakkestad,R22,rail,VYG:ServiceJourney:1920_443465-R,True,planned,2026-04-25T11:58:21.163701+02:00
NSR:StopPlace:61326,Gulskogen stasjon,2026-04-25T10:47:00+02:00,2026-04-25T10:47:51+02:00,2026-04-25T10:47:51+02:00,51.0,1,Kongsberg,VYG:Line:R12,Kongsberg-Oslo S-Eidsvoll,R12,rail,VYG:ServiceJourney:511_444305-R,True,actual,2026-04-25T11:58:21.163701+02:00
NSR:StopPlace:61326,Gulskogen stasjon,2026-04-25T11:12:00+02:00,2026-04-25T11:13:02+02:00,2026-04-25T11:13:02+02:00,62.0,1,Eidsvoll,VYG:Line:R12,Kongsberg-Oslo S-Eidsvoll,R12,rail,VYG:ServiceJourney:514_444311-R,True,actual,2026-04-25T11:58:21.163701+02:00
NSR:StopPlace:61326,Gulskogen stasjon,2026-04-25T11:47:00+02:00,2026-04-25T11:48:00+02:00,2026-04-25T11:48:00+02:00,60.0,1,Kongsberg,VYG:Line:R12,Kongsberg-Oslo S-Eidsvoll,R12,rail,VYG:ServiceJourney:513_444309-R,True,actual,2026-04-25T11:58:21.163701+02:00
NSR:StopPlace:61326,Gulskogen stasjon,2026-04-25T12:12:00+02:00,2026-04-25T12:12:00+02:00,,0.0,0,Eidsvoll,VYG:Line:R12,Kongsberg-Oslo S-Eidsvoll,R12,rail,VYG:ServiceJourney:516_444315-R,True,planned,2026-04-25T11:58:21.163701+02:00
NSR:StopPlace:61326,Gulskogen stasjon,2026-04-25T12:47:00+02:00,2026-04-25T12:47:00+02:00,,0.0,0,Kongsberg,VYG:Line:R12,Kongsberg-Oslo S-Eidsvoll,R12,rail,VYG:ServiceJourney:515_444313-R,True,planned,2026-04-25T11:58:21.163701+02:00
NSR:StopPlace:61336,Trollhättan Centralstation,2026-04-25T10:44:00+02:00,2026-04-25T10:44:00+02:00,2026-04-25T10:44:00+02:00,0.0,0,Oslo S,VYG:Line:RE20,Oslo S-Halden-Göteborg-Malmö (X-Border),RE20,rail,VYG:ServiceJourney:386-118_444280-R,True,actual,2026-04-25T11:58:21.163701+02:00
NSR:StopPlace:61336,Trollhättan Centralstation,2026-04-25T11:12:00+02:00,2026-04-25T11:12:00+02:00,2026-04-25T11:12:00+02:00,0.0,0,Göteborg C,VYG:Line:RE20,Oslo S-Halden-Göteborg-Malmö (X-Border),RE20,rail,VYG:ServiceJourney:107-385_465652-R,True,actual,2026-04-25T11:58:21.163701+02:00
NSR:StopPlace:61336,Trollhättan Centralstation,2026-04-25T12:44:00+02:00,2026-04-25T12:44:00+02:00,,0.0,0,Oslo S,VYG:Line:RE20,Oslo S-Halden-Göteborg-Malmö (X-Border),RE20,rail,VYG:ServiceJourney:388-122_509116-R,True,planned,2026-04-25T11:58:21.163701+02:00
NSR:StopPlace:61334,Ogna stasjon,2026-04-25T10:50:00+02:00,2026-04-25T10:50:38+02:00,2026-04-25T10:50:38+02:00,38.0,1,Egersund,GOA:Line:59,Jærbanen,L5,rail,GOA:ServiceJourney:3024_63058-R,True,actual,2026-04-25T11:58:21.163701+02:00
NSR:StopPlace:61334,Ogna stasjon,2026-04-25T11:37:00+02:00,2026-04-25T11:36:52+02:00,2026-04-25T11:36:52+02:00,-8.0,0,Stavanger,GOA:Line:59,Jærbanen,L5,rail,GOA:ServiceJourney:3029_63065-R,True,actual,2026-04-25T11:58:21.163701+02:00
NSR:StopPlace:61334,Ogna stasjon,2026-04-25T11:52:00+02:00,2026-04-25T11:52:51+02:00,2026-04-25T11:52:51+02:00,51.0,1,Egersund,GOA:Line:59,Jærbanen,L5,rail,GOA:ServiceJourney:3028_63064-R,True,actual,2026-04-25T11:58:21.163701+02:00
NSR:StopPlace:61334,Ogna stasjon,2026-04-25T12:31:00+02:00,2026-04-25T12:31:00+02:00,,0.0,0,Stavanger,GOA:Line:59,Jærbanen,L5,rail,GOA:ServiceJourney:3033_63070-R,False,planned,2026-04-25T11:58:21.163701+02:00
NSR:StopPlace:61334,Ogna stasjon,2026-04-25T12:50:00+02:00,2026-04-25T12:50:10+02:00,,10.0,1,Egersund,GOA:Line:59,Jærbanen,L5,rail,GOA:ServiceJourney:3032_63069-R,True,expected,2026-04-25T11:58:21.163701+02:00
NSR:StopPlace:61385,Jørstad stasjon,2026-04-25T11:43:00+02:00,2026-04-25T11:43:00+02:00,,0.0,0,Vegset,SJN:Line:71,Nordlandsbanen,F7,rail,SJN:ServiceJourney:B478-CH_50627-R,False,planned,2026-04-25T11:58:21.163701+02:00
NSR:StopPlace:61383,Urdland stasjon,2026-04-25T12:33:00+02:00,2026-04-25T12:33:00+02:00,,0.0,0,Ørneberget,VYG:Line:R40,Bergen-Voss-Myrdal-Ål,R40,rail,VYG:ServiceJourney:BUS-1812_538852-R,False,planned,2026-04-25T11:58:21.163701+02:00
NSR:StopPlace:61383,Urdland stasjon,2026-04-25T12:35:00+02:00,2026-04-25T12:35:00+02:00,,0.0,0,Voss,VYG:Line:R40,Bergen-Voss-Myrdal-Ål,R40,rail,VYG:ServiceJourney:BUS-1821_538869-R,False,planned,2026-04-25T11:58:21.163701+02:00
NSR:StopPlace:61388,Haltdalen stasjon,2026-04-25T11:22:00+02:00,2026-04-25T11:22:00+02:00,,0.0,0,Hamar,SJN:Line:25,Rørosbanen,R60,rail,SJN:ServiceJourney:2386_44258-R,True,planned,2026-04-25T11:58:21.163701+02:00
NSR:StopPlace:61387,Skogn stasjon,2026-04-25T10:50:00+02:00,2026-04-25T10:50:00+02:00,,0.0,0,Levanger,SJN:Line:26,Trønderbanen,R70,rail,SJN:ServiceJourney:B429-A8_50570-R,False,planned,2026-04-25T11:58:21.163701+02:00
NSR:StopPlace:61387,Skogn stasjon,2026-04-25T11:08:00+02:00,2026-04-25T11:08:00+02:00,,0.0,0,Skatval,SJN:Line:26,Trønderbanen,R70,rail,SJN:ServiceJourney:B432-A3_50577-R,False,planned,2026-04-25T11:58:21.163701+02:00
NSR:StopPlace:61387,Skogn stasjon,2026-04-25T11:50:00+02:00,2026-04-25T11:50:00+02:00,,0.0,0,Levanger,SJN:Line:26,Trønderbanen,R70,rail,SJN:ServiceJourney:B431-BD_50576-R,False,planned,2026-04-25T11:58:21.163701+02:00
NSR:StopPlace:61387,Skogn stasjon,2026-04-25T12:08:00+02:00,2026-04-25T12:08:00+02:00,,0.0,0,Skatval,SJN:Line:26,Trønderbanen,R70,rail,SJN:ServiceJourney:B434-A_50579-R,False,planned,2026-04-25T11:58:21.163701+02:00
NSR:StopPlace:61387,Skogn stasjon,2026-04-25T12:50:00+02:00,2026-04-25T12:50:00+02:00,,0.0,0,Levanger,SJN:Line:26,Trønderbanen,R70,rail,SJN:ServiceJourney:B433-A8_50578-R,False,planned,2026-04-25T11:58:21.163701+02:00
NSR:StopPlace:61381,Singsås stasjon,2026-04-25T10:58:00+02:00,2026-04-25T10:58:00+02:00,,0.0,0,Hamar,SJN:Line:25,Rørosbanen,R60,rail,SJN:ServiceJourney:2386_44258-R,True,planned,2026-04-25T11:58:21.163701+02:00
NSR:StopPlace:61381,Singsås stasjon,2026-04-25T12:13:00+02:00,2026-04-25T12:17:24+02:00,,264.0,1,Trondheim S,ATB:Line:2_440,Støren - Røros,440,bus,ATB:ServiceJourney:440_250212077048116_6007,True,expected,2026-04-25T11:58:21.163701+02:00
NSR:StopPlace:61305,Degerfors station,2026-04-25T11:06:00+02:00,2026-04-25T11:06:00+02:00,,0.0,0,Stockholm,SJV:Line:cfac9102-49ef-476c-8663-a6d468ee4f36,Stockholm-Hallsberg-Karlstad-Oslo,70,rail,SJV:ServiceJourney:6bcdad44-579c-4040-a6ec-639bc3e56953,False,planned,2026-04-25T11:58:21.163701+02:00
NSR:StopPlace:61305,Degerfors station,2026-04-25T12:29:00+02:00,2026-04-25T12:29:00+02:00,,0.0,0,Karlstad-Oslo,SJV:Line:cfac9102-49ef-476c-8663-a6d468ee4f36,Stockholm-Hallsberg-Karlstad-Oslo,70,rail,SJV:ServiceJourney:f2b2b57f-f7b6-4450-a850-86a4a67348f8,False,planned,2026-04-25T11:58:21.163701+02:00
NSR:StopPlace:61301,Movatn stasjon,2026-04-25T12:16:00+02:00,2026-04-25T12:16:00+02:00,,0.0,0,Nydalen,VYG:Line:R31,Skøyen-Jaren-Gjøvik,R31,rail,VYG:ServiceJourney:BUS-214_531768-R,False,planned,2026-04-25T11:58:21.163701+02:00
NSR:StopPlace:61315,Nerdrum stasjon,2026-04-25T11:20:00+02:00,2026-04-25T11:25:26+02:00,2026-04-25T11:25:26+02:00,326.0,1,Kongsvinger,VYG:Line:R14,Asker-Oslo S-Kongsvinger,R14,rail,VYG:ServiceJourney:1013_442918-R,True,actual,2026-04-25T11:58:21.163701+02:00
NSR:StopPlace:61315,Nerdrum stasjon,2026-04-25T11:38:00+02:00,2026-04-25T11:39:12+02:00,2026-04-25T11:39:12+02:00,72.0,1,Asker,VYG:Line:R14,Asker-Oslo S-Kongsvinger,R14,rail,VYG:ServiceJourney:1014_442919-R,True,actual,2026-04-25T11:58:21.163701+02:00
NSR:StopPlace:61315,Nerdrum stasjon,2026-04-25T12:20:00+02:00,2026-04-25T12:20:00+02:00,,0.0,0,Kongsvinger,VYG:Line:R14,Asker-Oslo S-Kongsvinger,R14,rail,VYG:ServiceJourney:1015_442921-R,True,planned,2026-04-25T11:58:21.163701+02:00
NSR:StopPlace:61315,Nerdrum stasjon,2026-04-25T12:38:00+02:00,2026-04-25T12:38:00+02:00,,0.0,0,Asker,VYG:Line:R14,Asker-Oslo S-Kongsvinger,R14,rail,VYG:ServiceJourney:1016_442922-R,True,planned,2026-04-25T11:58:21.163701+02:00
NSR:StopPlace:61696,Lunden stasjon,2026-04-25T10:53:00+02:00,2026-04-25T10:53:00+02:00,,0.0,0,Myrdal,VYG:Line:R45,Myrdal-Flåm,R45,rail,VYG:ServiceJourney:1856_465775-R,True,planned,2026-04-25T11:58:21.163701+02:00
NSR:StopPlace:61696,Lunden stasjon,2026-04-25T11:37:00+02:00,2026-04-25T11:37:00+02:00,,0.0,0,Flåm,VYG:Line:R45,Myrdal-Flåm,R45,rail,VYG:ServiceJourney:1855_465774-R,True,planned,2026-04-25T11:58:21.163701+02:00
NSR:StopPlace:61696,Lunden stasjon,2026-04-25T12:13:00+02:00,2026-04-25T12:13:00+02:00,,0.0,0,Myrdal,VYG:Line:R45,Myrdal-Flåm,R45,rail,VYG:ServiceJourney:1858_465777-R,True,planned,2026-04-25T11:58:21.163701+02:00
NSR:StopPlace:61696,Lunden stasjon,2026-04-25T12:58:00+02:00,2026-04-25T12:58:00+02:00,,0.0,0,Flåm,VYG:Line:R45,Myrdal-Flåm,R45,rail,VYG:ServiceJourney:1857_465776-R,True,planned,2026-04-25T11:58:21.163701+02:00
NSR:StopPlace:61608,Kristiansand stasjon,2026-04-25T11:55:00+02:00,2026-04-25T11:55:00+02:00,,0.0,0,Oslo S,GOA:Line:50,Sørtoget region,F5,rail,GOA:ServiceJourney:708-KRS_66612-R,False,planned,2026-04-25T11:58:21.163701+02:00
NSR:StopPlace:61608,Kristiansand stasjon,2026-04-25T12:00:00+02:00,2026-04-25T12:00:00+02:00,,0.0,0,Stavanger,GOA:Line:50,Sørtoget region,F5,rail,GOA:ServiceJourney:B707-CT_66791-R,False,planned,2026-04-25T11:58:21.163701+02:00
NSR:StopPlace:61608,Kristiansand stasjon,2026-04-25T12:00:00+02:00,2026-04-25T12:00:00+02:00,,0.0,0,Stavanger,GOA:Line:50,Sørtoget region,F5,rail,GOA:ServiceJourney:B707-CU_66792-R,False,planned,2026-04-25T11:58:21.163701+02:00
NSR:StopPlace:61665,Rotvoll stasjon,2026-04-25T11:26:00+02:00,2026-04-25T11:26:00+02:00,,0.0,0,Skatval,SJN:Line:26,Trønderbanen,R70,rail,SJN:ServiceJourney:433-LMO_50206-R,False,planned,2026-04-25T11:58:21.163701+02:00
NSR:StopPlace:61665,Rotvoll stasjon,2026-04-25T11:32:00+02:00,2026-04-25T11:32:00+02:00,,0.0,0,Ler,SJN:Line:26,Trønderbanen,R70,rail,SJN:ServiceJourney:430-SKV_50200-R,True,planned,2026-04-25T11:58:21.163701+02:00
NSR:StopPlace:61665,Rotvoll stasjon,2026-04-25T12:25:00+02:00,2026-04-25T12:25:00+02:00,,0.0,0,Skatval,SJN:Line:26,Trønderbanen,R70,rail,SJN:ServiceJourney:435-SOeB_50210-R,False,planned,2026-04-25T11:58:21.163701+02:00
NSR:StopPlace:61665,Rotvoll stasjon,2026-04-25T12:32:00+02:00,2026-04-25T12:32:00+02:00,,0.0,0,Ler,SJN:Line:26,Trønderbanen,R70,rail,SJN:ServiceJourney:432-SKV_50204-R,True,planned,2026-04-25T11:58:21.163701+02:00
NSR:StopPlace:61707,Jevnaker stasjon,2026-04-25T11:32:00+02:00,2026-04-25T11:33:17+02:00,2026-04-25T11:33:17+02:00,77.0,1,Hønefoss over Eggemoen,INN:Line:113,Toso-Jevnaker-Hønefoss,113,bus,INN:ServiceJourney:24894,True,actual,2026-04-25T11:58:21.163701+02:00
NSR:StopPlace:45,Reinunga stasjon,2026-04-25T10:51:00+02:00,2026-04-25T10:51:00+02:00,,0.0,0,Flåm,VYG:Line:R45,Myrdal-Flåm,R45,rail,VYG:ServiceJourney:1855_465774-R,True,planned,2026-04-25T11:58:21.163701+02:00
NSR:StopPlace:45,Reinunga stasjon,2026-04-25T11:40:00+02:00,2026-04-25T11:40:00+02:00,,0.0,0,Myrdal,VYG:Line:R45,Myrdal-Flåm,R45,rail,VYG:ServiceJourney:1856_465775-R,True,planned,2026-04-25T11:58:21.163701+02:00
NSR:StopPlace:45,Reinunga stasjon,2026-04-25T12:12:00+02:00,2026-04-25T12:12:00+02:00,,0.0,0,Flåm,VYG:Line:R45,Myrdal-Flåm,R45,rail,VYG:ServiceJourney:1857_465776-R,True,planned,2026-04-25T11:58:21.163701+02:00
NSR:StopPlace:53,Røros stasjon,2026-04-25T12:21:00+02:00,2026-04-25T12:21:00+02:00,,0.0,0,Hamar,SJN:Line:25,Rørosbanen,R60,rail,SJN:ServiceJourney:2386_44258-R,True,planned,2026-04-25T11:58:21.163701+02:00
NSR:StopPlace:23,Rena stasjon,2026-04-25T11:04:00+02:00,2026-04-25T11:04:25+02:00,2026-04-25T11:04:25+02:00,25.0,1,Røros,SJN:Line:25,Rørosbanen,R60,rail,SJN:ServiceJourney:2383_47880-R,True,actual,2026-04-25T11:58:21.163701+02:00
NSR:StopPlace:33,Ranheim stasjon,2026-04-25T11:29:00+02:00,2026-04-25T11:29:00+02:00,,0.0,0,Skatval,SJN:Line:26,Trønderbanen,R70,rail,SJN:ServiceJourney:433-LMO_50206-R,False,planned,2026-04-25T11:58:21.163701+02:00
NSR:StopPlace:33,Ranheim stasjon,2026-04-25T11:29:00+02:00,2026-04-25T11:30:10+02:00,2026-04-25T11:30:10+02:00,70.0,1,Ler,SJN:Line:26,Trønderbanen,R70,rail,SJN:ServiceJourney:430-SKV_50200-R,True,actual,2026-04-25T11:58:21.163701+02:00
NSR:StopPlace:33,Ranheim stasjon,2026-04-25T12:29:00+02:00,2026-04-25T12:29:00+02:00,,0.0,0,Skatval,SJN:Line:26,Trønderbanen,R70,rail,SJN:ServiceJourney:435-SOeB_50210-R,False,planned,2026-04-25T11:58:21.163701+02:00
NSR:StopPlace:33,Ranheim stasjon,2026-04-25T12:29:00+02:00,2026-04-25T12:29:00+02:00,,0.0,0,Ler,SJN:Line:26,Trønderbanen,R70,rail,SJN:ServiceJourney:432-SKV_50204-R,True,planned,2026-04-25T11:58:21.163701+02:00
NSR:StopPlace:41,Hanaborg stasjon,2026-04-25T10:49:00+02:00,2026-04-25T10:49:41+02:00,2026-04-25T10:49:41+02:00,41.0,1,Spikkestad,VYG:Line:L1,Spikkestad-Oslo S-Lillestrøm,L1,rail,VYG:ServiceJourney:2225_443623-R,True,actual,2026-04-25T11:58:21.163701+02:00
NSR:StopPlace:41,Hanaborg stasjon,2026-04-25T11:01:00+02:00,2026-04-25T11:05:44+02:00,2026-04-25T11:05:44+02:00,284.0,1,Lillestrøm,VYG:Line:L1,Spikkestad-Oslo S-Lillestrøm,L1,rail,VYG:ServiceJourney:2224_443622-R,True,actual,2026-04-25T11:58:21.163701+02:00
NSR:StopPlace:41,Hanaborg stasjon,2026-04-25T11:19:00+02:00,2026-04-25T11:19:17+02:00,2026-04-25T11:19:17+02:00,17.0,1,Spikkestad,VYG:Line:L1,Spikkestad-Oslo S-Lillestrøm,L1,rail,VYG:ServiceJourney:2227_443627-R,True,actual,2026-04-25T11:58:21.163701+02:00
NSR:StopPlace:41,Hanaborg stasjon,2026-04-25T11:31:00+02:00,2026-04-25T11:35:16+02:00,2026-04-25T11:35:16+02:00,256.0,1,Lillestrøm,VYG:Line:L1,Spikkestad-Oslo S-Lillestrøm,L1,rail,VYG:ServiceJourney:2226_452018-R,True,actual,2026-04-25T11:58:21.163701+02:00
NSR:StopPlace:41,Hanaborg stasjon,2026-04-25T11:49:00+02:00,2026-04-25T11:54:51+02:00,2026-04-25T11:54:51+02:00,351.0,1,Spikkestad,VYG:Line:L1,Spikkestad-Oslo S-Lillestrøm,L1,rail,VYG:ServiceJourney:2229_443629-R,True,actual,2026-04-25T11:58:21.163701+02:00
NSR:StopPlace:41,Hanaborg stasjon,2026-04-25T12:19:00+02:00,2026-04-25T12:19:00+02:00,,0.0,0,Spikkestad,VYG:Line:L1,Spikkestad-Oslo S-Lillestrøm,L1,rail,VYG:ServiceJourney:2231_443635-R,True,planned,2026-04-25T11:58:21.163701+02:00
NSR:StopPlace:41,Hanaborg stasjon,2026-04-25T12:31:00+02:00,2026-04-25T12:31:00+02:00,,0.0,0,Lillestrøm,VYG:Line:L1,Spikkestad-Oslo S-Lillestrøm,L1,rail,VYG:ServiceJourney:2230_443632-R,True,planned,2026-04-25T11:58:21.163701+02:00
NSR:StopPlace:41,Hanaborg stasjon,2026-04-25T12:49:00+02:00,2026-04-25T12:49:00+02:00,,0.0,0,Spikkestad,VYG:Line:L1,Spikkestad-Oslo S-Lillestrøm,L1,rail,VYG:ServiceJourney:2233_443637-R,True,planned,2026-04-25T11:58:21.163701+02:00
NSR:StopPlace:17,Ringebu stasjon,2026-04-25T10:45:00+02:00,2026-04-25T10:45:40+02:00,2026-04-25T10:45:40+02:00,40.0,1,Trondheim S,SJN:Line:21,Dovrebanen,F6,rail,SJN:ServiceJourney:43-LOD_30155-R,True,actual,2026-04-25T11:58:21.163701+02:00
NSR:StopPlace:17,Ringebu stasjon,2026-04-25T12:12:00+02:00,2026-04-25T12:12:00+02:00,,0.0,0,Oslo S,SJN:Line:21,Dovrebanen,F6,rail,SJN:ServiceJourney:42-TND_30140-R,True,planned,2026-04-25T11:58:21.163701+02:00
NSR:StopPlace:61872,Nærbø stasjon,2026-04-25T10:52:00+02:00,2026-04-25T10:51:54+02:00,2026-04-25T10:51:54+02:00,-6.0,0,Stavanger,GOA:Line:59,Jærbanen,L5,rail,GOA:ServiceJourney:3025_63059-R,True,actual,2026-04-25T11:58:21.163701+02:00
NSR:StopPlace:61872,Nærbø stasjon,2026-04-25T11:22:00+02:00,2026-04-25T11:21:59+02:00,2026-04-25T11:21:59+02:00,-1.0,0,Stavanger,GOA:Line:59,Jærbanen,L5,rail,GOA:ServiceJourney:3027_63062-R,True,actual,2026-04-25T11:58:21.163701+02:00
NSR:StopPlace:61872,Nærbø stasjon,2026-04-25T11:34:00+02:00,2026-04-25T11:34:22+02:00,2026-04-25T11:34:22+02:00,22.0,1,Egersund,GOA:Line:59,Jærbanen,L5,rail,GOA:ServiceJourney:3028_63064-R,True,actual,2026-04-25T11:58:21.163701+02:00
NSR:StopPlace:61872,Nærbø stasjon,2026-04-25T11:52:00+02:00,2026-04-25T11:56:20+02:00,2026-04-25T11:56:20+02:00,260.0,1,Stavanger,GOA:Line:59,Jærbanen,L5,rail,GOA:ServiceJourney:3029_63065-R,True,actual,2026-04-25T11:58:21.163701+02:00
NSR:StopPlace:61872,Nærbø stasjon,2026-04-25T12:17:00+02:00,2026-04-25T12:17:00+02:00,,0.0,0,Stavanger,GOA:Line:59,Jærbanen,L5,rail,GOA:ServiceJourney:3031_63068-R,False,planned,2026-04-25T11:58:21.163701+02:00
NSR:StopPlace:61872,Nærbø stasjon,2026-04-25T12:33:00+02:00,2026-04-25T12:33:10+02:00,,10.0,1,Egersund,GOA:Line:59,Jærbanen,L5,rail,GOA:ServiceJourney:3032_63069-R,True,expected,2026-04-25T11:58:21.163701+02:00
NSR:StopPlace:61872,Nærbø stasjon,2026-04-25T12:50:00+02:00,2026-04-25T12:50:00+02:00,,0.0,0,Stavanger,GOA:Line:59,Jærbanen,L5,rail,GOA:ServiceJourney:3033_63070-R,False,planned,2026-04-25T11:58:21.163701+02:00
NSR:StopPlace:61897,Bryn stasjon,2026-04-25T10:45:00+02:00,2026-04-25T10:45:47+02:00,2026-04-25T10:45:47+02:00,47.0,1,Lillestrøm,VYG:Line:L1,Spikkestad-Oslo S-Lillestrøm,L1,rail,VYG:ServiceJourney:2224_443622-R,True,actual,2026-04-25T11:58:21.163701+02:00
NSR:StopPlace:61897,Bryn stasjon,2026-04-25T11:05:00+02:00,2026-04-25T11:07:48+02:00,2026-04-25T11:07:48+02:00,168.0,1,Spikkestad,VYG:Line:L1,Spikkestad-Oslo S-Lillestrøm,L1,rail,VYG:ServiceJourney:2225_443623-R,True,actual,2026-04-25T11:58:21.163701+02:00
NSR:StopPlace:61897,Bryn stasjon,2026-04-25T11:15:00+02:00,2026-04-25T11:15:44+02:00,2026-04-25T11:15:44+02:00,44.0,1,Lillestrøm,VYG:Line:L1,Spikkestad-Oslo S-Lillestrøm,L1,rail,VYG:ServiceJourney:2226_452018-R,True,actual,2026-04-25T11:58:21.163701+02:00
NSR:StopPlace:61897,Bryn stasjon,2026-04-25T11:35:00+02:00,2026-04-25T11:38:17+02:00,2026-04-25T11:38:17+02:00,197.0,1,Spikkestad,VYG:Line:L1,Spikkestad-Oslo S-Lillestrøm,L1,rail,VYG:ServiceJourney:2227_443627-R,True,actual,2026-04-25T11:58:21.163701+02:00
NSR:StopPlace:61897,Bryn stasjon,2026-04-25T12:05:00+02:00,2026-04-25T12:09:31+02:00,,271.0,1,Spikkestad,VYG:Line:L1,Spikkestad-Oslo S-Lillestrøm,L1,rail,VYG:ServiceJourney:2229_443629-R,True,expected,2026-04-25T11:58:21.163701+02:00
NSR:StopPlace:61897,Bryn stasjon,2026-04-25T12:15:00+02:00,2026-04-25T12:15:00+02:00,,0.0,0,Lillestrøm,VYG:Line:L1,Spikkestad-Oslo S-Lillestrøm,L1,rail,VYG:ServiceJourney:2230_443632-R,True,planned,2026-04-25T11:58:21.163701+02:00
NSR:StopPlace:61897,Bryn stasjon,2026-04-25T12:35:00+02:00,2026-04-25T12:35:00+02:00,,0.0,0,Spikkestad,VYG:Line:L1,Spikkestad-Oslo S-Lillestrøm,L1,rail,VYG:ServiceJourney:2231_443635-R,True,planned,2026-04-25T11:58:21.163701+02:00
NSR:StopPlace:61897,Bryn stasjon,2026-04-25T12:45:00+02:00,2026-04-25T12:45:00+02:00,,0.0,0,Lillestrøm,VYG:Line:L1,Spikkestad-Oslo S-Lillestrøm,L1,rail,VYG:ServiceJourney:2232_443636-R,True,planned,2026-04-25T11:58:21.163701+02:00
NSR:StopPlace:61928,Blomheller stasjon,2026-04-25T11:12:00+02:00,2026-04-25T11:12:00+02:00,,0.0,0,Flåm,VYG:Line:R45,Myrdal-Flåm,R45,rail,VYG:ServiceJourney:1855_465774-R,True,planned,2026-04-25T11:58:21.163701+02:00
NSR:StopPlace:61928,Blomheller stasjon,2026-04-25T11:22:00+02:00,2026-04-25T11:22:00+02:00,,0.0,0,Myrdal,VYG:Line:R45,Myrdal-Flåm,R45,rail,VYG:ServiceJourney:1856_465775-R,True,planned,2026-04-25T11:58:21.163701+02:00
NSR:StopPlace:61928,Blomheller stasjon,2026-04-25T12:33:00+02:00,2026-04-25T12:33:00+02:00,,0.0,0,Flåm,VYG:Line:R45,Myrdal-Flåm,R45,rail,VYG:ServiceJourney:1857_465776-R,True,planned,2026-04-25T11:58:21.163701+02:00
NSR:StopPlace:61928,Blomheller stasjon,2026-04-25T12:43:00+02:00,2026-04-25T12:43:00+02:00,,0.0,0,Myrdal,VYG:Line:R45,Myrdal-Flåm,R45,rail,VYG:ServiceJourney:1858_465777-R,True,planned,2026-04-25T11:58:21.163701+02:00
NSR:StopPlace:61926,Håreina stasjon,2026-04-25T10:56:00+02:00,2026-04-25T10:56:00+02:00,,0.0,0,Myrdal,VYG:Line:R45,Myrdal-Flåm,R45,rail,VYG:ServiceJourney:1856_465775-R,True,planned,2026-04-25T11:58:21.163701+02:00
NSR:StopPlace:61926,Håreina stasjon,2026-04-25T11:33:00+02:00,2026-04-25T11:33:00+02:00,,0.0,0,Flåm,VYG:Line:R45,Myrdal-Flåm,R45,rail,VYG:ServiceJourney:1855_465774-R,True,planned,2026-04-25T11:58:21.163701+02:00
NSR:StopPlace:61926,Håreina stasjon,2026-04-25T12:16:00+02:00,2026-04-25T12:16:00+02:00,,0.0,0,Myrdal,VYG:Line:R45,Myrdal-Flåm,R45,rail,VYG:ServiceJourney:1858_465777-R,True,planned,2026-04-25T11:58:21.163701+02:00
NSR:StopPlace:61926,Håreina stasjon,2026-04-25T12:54:00+02:00,2026-04-25T12:54:00+02:00,,0.0,0,Flåm,VYG:Line:R45,Myrdal-Flåm,R45,rail,VYG:ServiceJourney:1857_465776-R,True,planned,2026-04-25T11:58:21.163701+02:00
NSR:StopPlace:61927,Berekvam stasjon,2026-04-25T11:19:00+02:00,2026-04-25T11:19:00+02:00,,0.0,0,Flåm,VYG:Line:R45,Myrdal-Flåm,R45,rail,VYG:ServiceJourney:1855_465774-R,True,planned,2026-04-25T11:58:21.163701+02:00
NSR:StopPlace:61927,Berekvam stasjon,2026-04-25T12:40:00+02:00,2026-04-25T12:40:00+02:00,,0.0,0,Flåm,VYG:Line:R45,Myrdal-Flåm,R45,rail,VYG:ServiceJourney:1857_465776-R,True,planned,2026-04-25T11:58:21.163701+02:00
NSR:StopPlace:61735,Hell stasjon,2026-04-25T10:50:00+02:00,2026-04-25T10:50:00+02:00,,0.0,0,Skatval,SJN:Line:26,Trønderbanen,R70,rail,SJN:ServiceJourney:431-STOe_50201-R,False,planned,2026-04-25T11:58:21.163701+02:00
NSR:StopPlace:61735,Hell stasjon,2026-04-25T11:06:00+02:00,2026-04-25T11:06:57+02:00,2026-04-25T11:06:57+02:00,57.0,1,Ler,SJN:Line:26,Trønderbanen,R70,rail,SJN:ServiceJourney:430-SKV_50200-R,True,actual,2026-04-25T11:58:21.163701+02:00
NSR:StopPlace:61735,Hell stasjon,2026-04-25T11:50:00+02:00,2026-04-25T11:50:00+02:00,,0.0,0,Skatval,SJN:Line:26,Trønderbanen,R70,rail,SJN:ServiceJourney:433-LMO_50206-R,False,planned,2026-04-25T11:58:21.163701+02:00
NSR:StopPlace:61735,Hell stasjon,2026-04-25T12:06:00+02:00,2026-04-25T12:06:00+02:00,,0.0,0,Ler,SJN:Line:26,Trønderbanen,R70,rail,SJN:ServiceJourney:432-SKV_50204-R,True,planned,2026-04-25T11:58:21.163701+02:00
NSR:StopPlace:61735,Hell stasjon,2026-04-25T12:50:00+02:00,2026-04-25T12:50:00+02:00,,0.0,0,Skatval,SJN:Line:26,Trønderbanen,R70,rail,SJN:ServiceJourney:435-SOeB_50210-R,False,planned,2026-04-25T11:58:21.163701+02:00
NSR:StopPlace:61823,Ottebol station,2026-04-25T12:55:00+02:00,2026-04-25T12:55:00+02:00,,0.0,0,Stockholms central,VYG:Line:F1,Oslo S-Kongsvinger--Charlottenberg-Karlstad-Stockholm,F1,rail,VYG:ServiceJourney:8940-LOD_480053-R,True,planned,2026-04-25T11:58:21.163701+02:00
NSR:StopPlace:59789,Skotbu stasjon,2026-04-25T11:22:00+02:00,2026-04-25T11:23:42+02:00,,102.0,1,Rakkestad,VYG:Line:R22,Skøyen-Oslo S-Mysen-Rakkestad,R22,rail,VYG:ServiceJourney:1913_443452-R,True,expected,2026-04-25T11:58:21.163701+02:00
NSR:StopPlace:59789,Skotbu stasjon,2026-04-25T11:32:00+02:00,2026-04-25T11:33:06+02:00,,66.0,1,Oslo S,VYG:Line:R22,Skøyen-Oslo S-Mysen-Rakkestad,R22,rail,VYG:ServiceJourney:1916_443458-R,True,expected,2026-04-25T11:58:21.163701+02:00
NSR:StopPlace:59789,Skotbu stasjon,2026-04-25T12:22:00+02:00,2026-04-25T12:22:00+02:00,,0.0,0,Rakkestad,VYG:Line:R22,Skøyen-Oslo S-Mysen-Rakkestad,R22,rail,VYG:ServiceJourney:1915_443456-R,True,planned,2026-04-25T11:58:21.163701+02:00
NSR:StopPlace:59789,Skotbu stasjon,2026-04-25T12:32:00+02:00,2026-04-25T12:32:00+02:00,,0.0,0,Oslo S,VYG:Line:R22,Skøyen-Oslo S-Mysen-Rakkestad,R22,rail,VYG:ServiceJourney:1918_443461-R,True,planned,2026-04-25T11:58:21.163701+02:00
NSR:StopPlace:59872,Oslo S,2026-04-25T10:41:00+02:00,2026-04-25T10:42:51+02:00,2026-04-25T10:42:51+02:00,111.0,1,Spikkestad,VYG:Line:L1,Spikkestad-Oslo S-Lillestrøm,L1,rail,VYG:ServiceJourney:2223_443621-R,True,actual,2026-04-25T11:58:21.163701+02:00
NSR:StopPlace:59872,Oslo S,2026-04-25T10:44:00+02:00,2026-04-25T10:44:47+02:00,2026-04-25T10:44:47+02:00,47.0,1,Dal,VYG:Line:R13,Drammen-Oslo S-Dal,R13,rail,VYG:ServiceJourney:1623_481146-R,True,actual,2026-04-25T11:58:21.163701+02:00
NSR:StopPlace:59872,Oslo S,2026-04-25T10:46:00+02:00,2026-04-25T10:46:28+02:00,2026-04-25T10:46:28+02:00,28.0,1,Ski,VYG:Line:L2,Stabekk-Oslo S-Ski,L2,rail,VYG:ServiceJourney:2723-HVK_443930-R,True,actual,2026-04-25T11:58:21.163701+02:00
NSR:StopPlace:59872,Oslo S,2026-04-25T10:47:00+02:00,2026-04-25T10:47:19+02:00,2026-04-25T10:47:19+02:00,19.0,1,Stabekk,VYG:Line:L2,Stabekk-Oslo S-Ski,L2,rail,VYG:ServiceJourney:2726-SKI_443933-R,True,actual,2026-04-25T11:58:21.163701+02:00
NSR:StopPlace:59872,Oslo S,2026-04-25T10:49:00+02:00,2026-04-25T10:49:15+02:00,2026-04-25T10:49:15+02:00,15.0,1,Drammen,VYG:Line:R13,Drammen-Oslo S-Dal,R13,rail,VYG:ServiceJourney:1622_443260-R,True,actual,2026-04-25T11:58:21.163701+02:00
NSR:StopPlace:59872,Oslo S,2026-04-25T10:52:00+02:00,2026-04-25T10:53:00+02:00,2026-04-25T10:53:00+02:00,60.0,1,Stockholms central,VYG:Line:F1,Oslo S-Kongsvinger--Charlottenberg-Karlstad-Stockholm,F1,rail,VYG:ServiceJourney:8940-LOD_480053-R,True,actual,2026-04-25T11:58:21.163701+02:00
NSR:StopPlace:59872,Oslo S,2026-04-25T10:52:00+02:00,2026-04-25T10:53:29+02:00,2026-04-25T10:53:29+02:00,89.0,1,Moss,VYG:Line:R21,Stabekk-Oslo S-Moss,R21,rail,VYG:ServiceJourney:1123-HVK_442999-R,True,actual,2026-04-25T11:58:21.163701+02:00
NSR:StopPlace:59872,Oslo S,2026-04-25T10:54:00+02:00,2026-04-25T10:54:38+02:00,2026-04-25T10:54:38+02:00,38.0,1,Eidsvoll,VYG:Line:R12,Kongsberg-Oslo S-Eidsvoll,R12,rail,VYG:ServiceJourney:512_541888-R,True,actual,2026-04-25T11:58:21.163701+02:00
NSR:StopPlace:59872,Oslo S,2026-04-25T10:59:00+02:00,2026-04-25T10:59:19+02:00,2026-04-25T10:59:19+02:00,19.0,1,Asker,VYG:Line:R14,Asker-Oslo S-Kongsvinger,R14,rail,VYG:ServiceJourney:1012_442917-R,True,actual,2026-04-25T11:58:21.163701+02:00
NSR:StopPlace:59872,Oslo S,2026-04-25T11:00:00+02:00,2026-04-25T11:00:23+02:00,2026-04-25T11:00:23+02:00,23.0,1,Rakkestad,VYG:Line:R22,Skøyen-Oslo S-Mysen-Rakkestad,R22,rail,VYG:ServiceJourney:1913_443452-R,True,actual,2026-04-25T11:58:21.163701+02:00
NSR:StopPlace:59872,Oslo S,2026-04-25T11:00:00+02:00,2026-04-25T11:00:31+02:00,2026-04-25T11:00:31+02:00,31.0,1,Oslo Lufthavn,FLT:Line:FLY1,FLY1,FLY1,rail,FLT:ServiceJourney:1-2614-3739-20260425,True,actual,2026-04-25T11:58:21.163701+02:00
NSR:StopPlace:59872,Oslo S,2026-04-25T11:04:00+02:00,2026-04-25T11:04:36+02:00,2026-04-25T11:04:36+02:00,36.0,1,Kongsvinger,VYG:Line:R14,Asker-Oslo S-Kongsvinger,R14,rail,VYG:ServiceJourney:1013_442918-R,True,actual,2026-04-25T11:58:21.163701+02:00
NSR:StopPlace:59872,Oslo S,2026-04-25T11:01:00+02:00,2026-04-25T11:06:50+02:00,2026-04-25T11:06:50+02:00,350.0,1,Ski,VYG:Line:L2,Stabekk-Oslo S-Ski,L2,rail,VYG:ServiceJourney:2823_452039-R,True,actual,2026-04-25T11:58:21.163701+02:00
NSR:StopPlace:59872,Oslo S,2026-04-25T11:07:00+02:00,2026-04-25T11:08:51+02:00,2026-04-25T11:08:51+02:00,111.0,1,Stabekk,VYG:Line:R21,Stabekk-Oslo S-Moss,R21,rail,VYG:ServiceJourney:1126-MOS_443002-R,True,actual,2026-04-25T11:58:21.163701+02:00
NSR:StopPlace:59872,Oslo S,2026-04-25T11:09:00+02:00,2026-04-25T11:10:15+02:00,2026-04-25T11:10:15+02:00,75.0,1,Kongsberg,VYG:Line:R12,Kongsberg-Oslo S-Eidsvoll,R12,rail,VYG:ServiceJourney:513_444309-R,True,actual,2026-04-25T11:58:21.163701+02:00
NSR:StopPlace:59872,Oslo S,2026-04-25T11:11:00+02:00,2026-04-25T11:11:47+02:00,2026-04-25T11:11:47+02:00,47.0,1,Lillestrøm,VYG:Line:L1,Spikkestad-Oslo S-Lillestrøm,L1,rail,VYG:ServiceJourney:2226_452018-R,True,actual,2026-04-25T11:58:21.163701+02:00
NSR:StopPlace:59872,Oslo S,2026-04-25T11:11:00+02:00,2026-04-25T11:12:32+02:00,2026-04-25T11:12:32+02:00,92.0,1,Spikkestad,VYG:Line:L1,Spikkestad-Oslo S-Lillestrøm,L1,rail,VYG:ServiceJourney:2225_443623-R,True,actual,2026-04-25T11:58:21.163701+02:00
NSR:StopPlace:59872,Oslo S,2026-04-25T11:14:00+02:00,2026-04-25T11:14:22+02:00,2026-04-25T11:14:22+02:00,22.0,1,Halden,VYG:Line:RE20,Oslo S-Halden-Göteborg-Malmö (X-Border),RE20,rail,VYG:ServiceJourney:113_443006-R,True,actual,2026-04-25T11:58:21.163701+02:00
NSR:StopPlace:59872,Oslo S,2026-04-25T11:14:00+02:00,2026-04-25T11:14:34+02:00,2026-04-25T11:14:34+02:00,34.0,1,Dal,VYG:Line:R13,Drammen-Oslo S-Dal,R13,rail,VYG:ServiceJourney:1625_481147-R,True,actual,2026-04-25T11:58:21.163701+02:00
NSR:StopPlace:59872,Oslo S,2026-04-25T11:16:00+02:00,2026-04-25T11:16:39+02:00,2026-04-25T11:16:39+02:00,39.0,1,Ski,VYG:Line:L2,Stabekk-Oslo S-Ski,L2,rail,VYG:ServiceJourney:2725-HVK_443932-R,True,actual,2026-04-25T11:58:21.163701+02:00
NSR:StopPlace:59872,Oslo S,2026-04-25T11:17:00+02:00,2026-04-25T11:17:25+02:00,2026-04-25T11:17:25+02:00,25.0,1,Stabekk,VYG:Line:L2,Stabekk-Oslo S-Ski,L2,rail,VYG:ServiceJourney:2728-SKI_443935-R,True,actual,2026-04-25T11:58:21.163701+02:00
NSR:StopPlace:59872,Oslo S,2026-04-25T11:20:00+02:00,2026-04-25T11:20:31+02:00,2026-04-25T11:20:31+02:00,31.0,1,Oslo Lufthavn,FLT:Line:FLY1,FLY1,FLY1,rail,FLT:ServiceJourney:1-2614-3741-20260425,True,actual,2026-04-25T11:58:21.163701+02:00
NSR:StopPlace:59872,Oslo S,2026-04-25T11:19:00+02:00,2026-04-25T11:21:19+02:00,2026-04-25T11:21:19+02:00,139.0,1,Drammen,VYG:Line:R13,Drammen-Oslo S-Dal,R13,rail,VYG:ServiceJourney:1624_443264-R,True,actual,2026-04-25T11:58:21.163701+02:00
NSR:StopPlace:59872,Oslo S,2026-04-25T11:22:00+02:00,2026-04-25T11:22:52+02:00,2026-04-25T11:22:52+02:00,52.0,1,Moss,VYG:Line:R21,Stabekk-Oslo S-Moss,R21,rail,VYG:ServiceJourney:1125-HVK_443001-R,True,actual,2026-04-25T11:58:21.163701+02:00
NSR:StopPlace:59872,Oslo S,2026-04-25T11:24:00+02:00,2026-04-25T11:25:18+02:00,2026-04-25T11:25:18+02:00,78.0,1,Eidsvoll,VYG:Line:RE11,Eidsvoll-Oslo S-Skien,RE11,rail,VYG:ServiceJourney:812_444392-R,True,actual,2026-04-25T11:58:21.163701+02:00
NSR:StopPlace:59872,Oslo S,2026-04-25T11:29:00+02:00,2026-04-25T11:29:32+02:00,2026-04-25T11:29:32+02:00,32.0,1,Drammen,VYG:Line:RE10,Drammen-Oslo S-Lillehammer,RE10,rail,VYG:ServiceJourney:312-HHS_486388-R,True,actual,2026-04-25T11:58:21.163701+02:00
NSR:StopPlace:59872,Oslo S,2026-04-25T11:31:00+02:00,2026-04-25T11:31:18+02:00,2026-04-25T11:31:18+02:00,18.0,1,Lysaker,VYG:Line:L2,Stabekk-Oslo S-Ski,L2,rail,VYG:ServiceJourney:2828-SKI_452042-R,True,actual,2026-04-25T11:58:21.163701+02:00
NSR:StopPlace:59872,Oslo S,2026-04-25T11:31:00+02:00,2026-04-25T11:31:25+02:00,2026-04-25T11:31:25+02:00,25.0,1,Ski,VYG:Line:L2,Stabekk-Oslo S-Ski,L2,rail,VYG:ServiceJourney:2825_452040-R,True,actual,2026-04-25T11:58:21.163701+02:00
NSR:StopPlace:59872,Oslo S,2026-04-25T11:34:00+02:00,2026-04-25T11:34:00+02:00,,0.0,0,Roa,VYG:Line:R31,Skøyen-Jaren-Gjøvik,R31,rail,VYG:ServiceJourney:BUS-215_531771-R,False,planned,2026-04-25T11:58:21.163701+02:00
NSR:StopPlace:59872,Oslo S,2026-04-25T11:34:00+02:00,2026-04-25T11:34:00+02:00,,0.0,0,Roa,VYG:Line:R31,Skøyen-Jaren-Gjøvik,R31,rail,VYG:ServiceJourney:BUS-215_531770-R,False,planned,2026-04-25T11:58:21.163701+02:00
NSR:StopPlace:59872,Oslo S,2026-04-25T11:34:00+02:00,2026-04-25T11:34:00+02:00,,0.0,0,Nittedal,VYG:Line:R31,Skøyen-Jaren-Gjøvik,R31,rail,VYG:ServiceJourney:BUS-215_531769-R,False,planned,2026-04-25T11:58:21.163701+02:00
NSR:StopPlace:59872,Oslo S,2026-04-25T11:34:00+02:00,2026-04-25T11:34:44+02:00,2026-04-25T11:34:44+02:00,44.0,1,Lillehammer,VYG:Line:RE10,Drammen-Oslo S-Lillehammer,RE10,rail,VYG:ServiceJourney:315-SUD_444173-R,True,actual,2026-04-25T11:58:21.163701+02:00
NSR:StopPlace:59872,Oslo S,2026-04-25T11:36:00+02:00,2026-04-25T11:36:27+02:00,2026-04-25T11:36:27+02:00,27.0,1,Ski,VYG:Line:R23,Stabekk-Oslo S-Moss,R23,rail,VYG:ServiceJourney:1527_443172-R,True,actual,2026-04-25T11:58:21.163701+02:00
NSR:StopPlace:59872,Oslo S,2026-04-25T11:37:00+02:00,2026-04-25T11:37:16+02:00,2026-04-25T11:37:16+02:00,16.0,1,Stabekk,VYG:Line:R21,Stabekk-Oslo S-Moss,R21,rail,VYG:ServiceJourney:1128-MOS_443004-R,True,actual,2026-04-25T11:58:21.163701+02:00
NSR:StopPlace:59872,Oslo S,2026-04-25T11:34:00+02:00,2026-04-25T11:37:34+02:00,2026-04-25T11:37:34+02:00,214.0,1,Roa,VYG:Line:R31,Skøyen-Jaren-Gjøvik,R31,rail,VYG:ServiceJourney:BUS-215_531772-R,True,actual,2026-04-25T11:58:21.163701+02:00
NSR:StopPlace:59872,Oslo S,2026-04-25T11:39:00+02:00,2026-04-25T11:39:29+02:00,2026-04-25T11:39:29+02:00,29.0,1,Skien,VYG:Line:RE11,Eidsvoll-Oslo S-Skien,RE11,rail,VYG:ServiceJourney:815_444395-R,True,actual,2026-04-25T11:58:21.163701+02:00
NSR:StopPlace:59872,Oslo S,2026-04-25T11:40:00+02:00,2026-04-25T11:40:27+02:00,2026-04-25T11:40:27+02:00,27.0,1,Oslo Lufthavn,FLT:Line:FLY1,FLY1,FLY1,rail,FLT:ServiceJourney:1-2614-3743-20260425,True,actual,2026-04-25T11:58:21.163701+02:00
NSR:StopPlace:59872,Oslo S,2026-04-25T11:41:00+02:00,2026-04-25T11:43:59+02:00,2026-04-25T11:43:59+02:00,179.0,1,Spikkestad,VYG:Line:L1,Spikkestad-Oslo S-Lillestrøm,L1,rail,VYG:ServiceJourney:2227_443627-R,True,actual,2026-04-25T11:58:21.163701+02:00
NSR:StopPlace:59872,Oslo S,2026-04-25T11:44:00+02:00,2026-04-25T11:44:34+02:00,2026-04-25T11:44:34+02:00,34.0,1,Dal,VYG:Line:R13,Drammen-Oslo S-Dal,R13,rail,VYG:ServiceJourney:1627_443269-R,True,actual,2026-04-25T11:58:21.163701+02:00
NSR:StopPlace:59872,Oslo S,2026-04-25T11:46:00+02:00,2026-04-25T11:46:00+02:00,,0.0,0,Karlstad-Stockholm,SJV:Line:cfac9102-49ef-476c-8663-a6d468ee4f36,Stockholm-Hallsberg-Karlstad-Oslo,70,rail,SJV:ServiceJourney:e9543df4-7d92-4e69-aa6d-58fd16dc4d35,False,planned,2026-04-25T11:58:21.163701+02:00
NSR:StopPlace:59872,Oslo S,2026-04-25T11:46:00+02:00,2026-04-25T11:48:24+02:00,2026-04-25T11:48:24+02:00,144.0,1,Ski,VYG:Line:L2,Stabekk-Oslo S-Ski,L2,rail,VYG:ServiceJourney:2727-HVK_443934-R,True,actual,2026-04-25T11:58:21.163701+02:00
NSR:StopPlace:59872,Oslo S,2026-04-25T11:47:00+02:00,2026-04-25T11:50:06+02:00,2026-04-25T11:50:06+02:00,186.0,1,Stabekk,VYG:Line:L2,Stabekk-Oslo S-Ski,L2,rail,VYG:ServiceJourney:2730-SKI_443938-R,True,actual,2026-04-25T11:58:21.163701+02:00
NSR:StopPlace:59872,Oslo S,2026-04-25T11:49:00+02:00,2026-04-25T11:51:33+02:00,2026-04-25T11:51:33+02:00,153.0,1,Drammen,VYG:Line:R13,Drammen-Oslo S-Dal,R13,rail,VYG:ServiceJourney:1626_443268-R,True,actual,2026-04-25T11:58:21.163701+02:00
NSR:StopPlace:59872,Oslo S,2026-04-25T11:52:00+02:00,2026-04-25T11:52:59+02:00,2026-04-25T11:52:59+02:00,59.0,1,Moss,VYG:Line:R21,Stabekk-Oslo S-Moss,R21,rail,VYG:ServiceJourney:1127-HVK_443003-R,True,actual,2026-04-25T11:58:21.163701+02:00
NSR:StopPlace:59872,Oslo S,2026-04-25T11:54:00+02:00,2026-04-25T11:55:25+02:00,2026-04-25T11:55:25+02:00,85.0,1,Eidsvoll,VYG:Line:R12,Kongsberg-Oslo S-Eidsvoll,R12,rail,VYG:ServiceJourney:514_444311-R,True,actual,2026-04-25T11:58:21.163701+02:00
NSR:StopPlace:59872,Oslo S,2026-04-25T11:59:00+02:00,2026-04-25T11:59:00+02:00,,0.0,0,Asker,VYG:Line:R14,Asker-Oslo S-Kongsvinger,R14,rail,VYG:ServiceJourney:1014_442919-R,True,planned,2026-04-25T11:58:21.163701+02:00
NSR:StopPlace:59872,Oslo S,2026-04-25T12:00:00+02:00,2026-04-25T12:00:00+02:00,,0.0,0,Rakkestad,VYG:Line:R22,Skøyen-Oslo S-Mysen-Rakkestad,R22,rail,VYG:ServiceJourney:1915_443456-R,True,planned,2026-04-25T11:58:21.163701+02:00
NSR:StopPlace:59872,Oslo S,2026-04-25T12:00:00+02:00,2026-04-25T12:00:00+02:00,,0.0,0,Oslo Lufthavn,FLT:Line:FLY1,FLY1,FLY1,rail,FLT:ServiceJourney:1-2614-3745-20260425,True,planned,2026-04-25T11:58:21.163701+02:00
NSR:StopPlace:59872,Oslo S,2026-04-25T12:01:00+02:00,2026-04-25T12:01:00+02:00,,0.0,0,Lysaker,VYG:Line:L2,Stabekk-Oslo S-Ski,L2,rail,VYG:ServiceJourney:2830-SKI_452044-R,True,planned,2026-04-25T11:58:21.163701+02:00
NSR:StopPlace:59872,Oslo S,2026-04-25T12:01:00+02:00,2026-04-25T12:01:48+02:00,,48.0,1,Ski,VYG:Line:L2,Stabekk-Oslo S-Ski,L2,rail,VYG:ServiceJourney:2827-HVK_452041-R,True,expected,2026-04-25T11:58:21.163701+02:00
NSR:StopPlace:59646,Høvik stasjon,2026-04-25T10:40:00+02:00,2026-04-25T10:46:22+02:00,2026-04-25T10:46:22+02:00,382.0,1,Asker,RUT:Line:270,Asker - Sandvika (- Fornebu),270,bus,RUT:ServiceJourney:ce7643df45f34dbe9a517c7635ba751b,True,actual,2026-04-25T11:58:21.163701+02:00
NSR:StopPlace:59646,Høvik stasjon,2026-04-25T10:53:00+02:00,2026-04-25T10:53:02+02:00,2026-04-25T10:53:02+02:00,2.0,1,Lillestrøm,VYG:Line:L1,Spikkestad-Oslo S-Lillestrøm,L1,rail,VYG:ServiceJourney:2226_452018-R,True,actual,2026-04-25T11:58:21.163701+02:00
NSR:StopPlace:59646,Høvik stasjon,2026-04-25T10:56:00+02:00,2026-04-25T10:56:51+02:00,2026-04-25T10:56:51+02:00,51.0,1,Spikkestad,VYG:Line:L1,Spikkestad-Oslo S-Lillestrøm,L1,rail,VYG:ServiceJourney:2223_443621-R,True,actual,2026-04-25T11:58:21.163701+02:00
NSR:StopPlace:59646,Høvik stasjon,2026-04-25T11:10:00+02:00,2026-04-25T11:10:00+02:00,,0.0,0,Torpekspressen - Torp airport,UNI:Line:UE2,Oslo Bussterminal - Torp Lufhavn,FB25,bus,UNI:ServiceJourney:UE2-166384-45502983,False,planned,2026-04-25T11:58:21.163701+02:00
NSR:StopPlace:59646,Høvik stasjon,2026-04-25T11:10:00+02:00,2026-04-25T11:17:46+02:00,2026-04-25T11:17:46+02:00,466.0,1,Asker,RUT:Line:270,Asker - Sandvika (- Fornebu),270,bus,RUT:ServiceJourney:72605712c7debdc1c3d55895145275e6,True,actual,2026-04-25T11:58:21.163701+02:00
NSR:StopPlace:59646,Høvik stasjon,2026-04-25T11:23:00+02:00,2026-04-25T11:23:41+02:00,2026-04-25T11:23:41+02:00,41.0,1,Lillestrøm,VYG:Line:L1,Spikkestad-Oslo S-Lillestrøm,L1,rail,VYG:ServiceJourney:2228_443628-R,True,actual,2026-04-25T11:58:21.163701+02:00
NSR:StopPlace:59646,Høvik stasjon,2026-04-25T11:26:00+02:00,2026-04-25T11:26:30+02:00,2026-04-25T11:26:30+02:00,30.0,1,Spikkestad,VYG:Line:L1,Spikkestad-Oslo S-Lillestrøm,L1,rail,VYG:ServiceJourney:2225_443623-R,True,actual,2026-04-25T11:58:21.163701+02:00
NSR:StopPlace:59646,Høvik stasjon,2026-04-25T11:40:00+02:00,2026-04-25T11:46:42+02:00,2026-04-25T11:46:42+02:00,402.0,1,Asker,RUT:Line:270,Asker - Sandvika (- Fornebu),270,bus,RUT:ServiceJourney:35924675c2e41c8f1d8c001f2b02c03a,True,actual,2026-04-25T11:58:21.163701+02:00
NSR:StopPlace:59646,Høvik stasjon,2026-04-25T11:53:00+02:00,2026-04-25T11:53:08+02:00,2026-04-25T11:53:08+02:00,8.0,1,Lillestrøm,VYG:Line:L1,Spikkestad-Oslo S-Lillestrøm,L1,rail,VYG:ServiceJourney:2230_443632-R,True,actual,2026-04-25T11:58:21.163701+02:00
NSR:StopPlace:59646,Høvik stasjon,2026-04-25T11:56:00+02:00,2026-04-25T11:57:29+02:00,,89.0,1,Spikkestad,VYG:Line:L1,Spikkestad-Oslo S-Lillestrøm,L1,rail,VYG:ServiceJourney:2227_443627-R,True,expected,2026-04-25T11:58:21.163701+02:00
NSR:StopPlace:59646,Høvik stasjon,2026-04-25T12:10:00+02:00,2026-04-25T12:10:00+02:00,,0.0,0,Asker,RUT:Line:270,Asker - Sandvika (- Fornebu),270,bus,RUT:ServiceJourney:a4e61d3afbc6e0207fe67df552c59f4d,True,planned,2026-04-25T11:58:21.163701+02:00
NSR:StopPlace:59646,Høvik stasjon,2026-04-25T12:23:00+02:00,2026-04-25T12:23:00+02:00,,0.0,0,Lillestrøm,VYG:Line:L1,Spikkestad-Oslo S-Lillestrøm,L1,rail,VYG:ServiceJourney:2232_443636-R,True,planned,2026-04-25T11:58:21.163701+02:00
NSR:StopPlace:59646,Høvik stasjon,2026-04-25T12:26:00+02:00,2026-04-25T12:26:52+02:00,,52.0,1,Spikkestad,VYG:Line:L1,Spikkestad-Oslo S-Lillestrøm,L1,rail,VYG:ServiceJourney:2229_443629-R,True,expected,2026-04-25T11:58:21.163701+02:00
NSR:StopPlace:59646,Høvik stasjon,2026-04-25T12:40:00+02:00,2026-04-25T12:40:00+02:00,,0.0,0,Torpekspressen - Torp airport,UNI:Line:UE2,Oslo Bussterminal - Torp Lufhavn,FB25,bus,UNI:ServiceJourney:UE2-166384-45502985,False,planned,2026-04-25T11:58:21.163701+02:00
NSR:StopPlace:59646,Høvik stasjon,2026-04-25T12:40:00+02:00,2026-04-25T12:40:00+02:00,,0.0,0,Asker,RUT:Line:270,Asker - Sandvika (- Fornebu),270,bus,RUT:ServiceJourney:4417d763c3c5d703113561ec74b1d446,False,planned,2026-04-25T11:58:21.163701+02:00
NSR:StopPlace:59646,Høvik stasjon,2026-04-25T12:53:00+02:00,2026-04-25T12:53:00+02:00,,0.0,0,Lillestrøm,VYG:Line:L1,Spikkestad-Oslo S-Lillestrøm,L1,rail,VYG:ServiceJourney:2234_443639-R,True,planned,2026-04-25T11:58:21.163701+02:00
NSR:StopPlace:59646,Høvik stasjon,2026-04-25T12:56:00+02:00,2026-04-25T12:56:00+02:00,,0.0,0,Spikkestad,VYG:Line:L1,Spikkestad-Oslo S-Lillestrøm,L1,rail,VYG:ServiceJourney:2231_443635-R,True,planned,2026-04-25T11:58:21.163701+02:00
NSR:StopPlace:59647,Dal stasjon,2026-04-25T10:41:00+02:00,2026-04-25T10:44:00+02:00,2026-04-25T10:44:00+02:00,180.0,1,Jessheim,RUT:Line:430,Eidsvoll - Jessheim,430,bus,RUT:ServiceJourney:29c27ce4f38fe19903b8a64b48a4007c,True,actual,2026-04-25T11:58:21.163701+02:00
NSR:StopPlace:59647,Dal stasjon,2026-04-25T10:46:00+02:00,2026-04-25T10:48:30+02:00,2026-04-25T10:48:30+02:00,150.0,1,Eidsvoll,RUT:Line:430,Eidsvoll - Jessheim,430,bus,RUT:ServiceJourney:dcb00dc05ca5e383a2bd90a5a443f282,True,actual,2026-04-25T11:58:21.163701+02:00
NSR:StopPlace:59647,Dal stasjon,2026-04-25T10:54:00+02:00,2026-04-25T10:54:02+02:00,2026-04-25T10:54:02+02:00,2.0,1,Drammen,VYG:Line:R13,Drammen-Oslo S-Dal,R13,rail,VYG:ServiceJourney:1626_443268-R,True,actual,2026-04-25T11:58:21.163701+02:00
NSR:StopPlace:59647,Dal stasjon,2026-04-25T11:11:00+02:00,2026-04-25T11:12:49+02:00,2026-04-25T11:12:49+02:00,109.0,1,Jessheim,RUT:Line:430,Eidsvoll - Jessheim,430,bus,RUT:ServiceJourney:24a2c4929b95d6cd525a579dbefefbc9,True,actual,2026-04-25T11:58:21.163701+02:00
NSR:StopPlace:59647,Dal stasjon,2026-04-25T11:16:00+02:00,2026-04-25T11:17:56+02:00,2026-04-25T11:17:56+02:00,116.0,1,Eidsvoll,RUT:Line:430,Eidsvoll - Jessheim,430,bus,RUT:ServiceJourney:7c3630e0963409baf5dc48a548ac51a8,True,actual,2026-04-25T11:58:21.163701+02:00
NSR:StopPlace:59647,Dal stasjon,2026-04-25T11:24:00+02:00,2026-04-25T11:24:42+02:00,2026-04-25T11:24:42+02:00,42.0,1,Drammen,VYG:Line:R13,Drammen-Oslo S-Dal,R13,rail,VYG:ServiceJourney:1628_481149-R,True,actual,2026-04-25T11:58:21.163701+02:00
NSR:StopPlace:59647,Dal stasjon,2026-04-25T11:41:00+02:00,2026-04-25T11:42:07+02:00,2026-04-25T11:42:07+02:00,67.0,1,Jessheim,RUT:Line:430,Eidsvoll - Jessheim,430,bus,RUT:ServiceJourney:b7edd6d3d96a0a60e252e14b7cdd46a9,True,actual,2026-04-25T11:58:21.163701+02:00
NSR:StopPlace:59647,Dal stasjon,2026-04-25T11:46:00+02:00,2026-04-25T11:47:29+02:00,2026-04-25T11:47:29+02:00,89.0,1,Eidsvoll,RUT:Line:430,Eidsvoll - Jessheim,430,bus,RUT:ServiceJourney:17c5eb889fef4baec53540287fe1740b,True,actual,2026-04-25T11:58:21.163701+02:00
NSR:StopPlace:59647,Dal stasjon,2026-04-25T11:54:00+02:00,2026-04-25T11:54:23+02:00,2026-04-25T11:54:23+02:00,23.0,1,Drammen,VYG:Line:R13,Drammen-Oslo S-Dal,R13,rail,VYG:ServiceJourney:1630_481151-R,True,actual,2026-04-25T11:58:21.163701+02:00
NSR:StopPlace:59647,Dal stasjon,2026-04-25T12:11:00+02:00,2026-04-25T12:11:00+02:00,,0.0,0,Jessheim,RUT:Line:430,Eidsvoll - Jessheim,430,bus,RUT:ServiceJourney:942aa302369957e95af96c3797409fd6,True,planned,2026-04-25T11:58:21.163701+02:00
NSR:StopPlace:59647,Dal stasjon,2026-04-25T12:16:00+02:00,2026-04-25T12:17:41+02:00,,101.0,1,Eidsvoll,RUT:Line:430,Eidsvoll - Jessheim,430,bus,RUT:ServiceJourney:482828e22568f35e8c49b7d4ed41803b,True,expected,2026-04-25T11:58:21.163701+02:00
NSR:StopPlace:59647,Dal stasjon,2026-04-25T12:24:00+02:00,2026-04-25T12:24:00+02:00,,0.0,0,Drammen,VYG:Line:R13,Drammen-Oslo S-Dal,R13,rail,VYG:ServiceJourney:1632_443281-R,True,planned,2026-04-25T11:58:21.163701+02:00
NSR:StopPlace:59647,Dal stasjon,2026-04-25T12:41:00+02:00,2026-04-25T12:41:00+02:00,,0.0,0,Jessheim,RUT:Line:430,Eidsvoll - Jessheim,430,bus,RUT:ServiceJourney:796b28d8ccdfaee4b52384131febfab2,False,planned,2026-04-25T11:58:21.163701+02:00
NSR:StopPlace:59647,Dal stasjon,2026-04-25T12:46:00+02:00,2026-04-25T12:46:00+02:00,,0.0,0,Eidsvoll,RUT:Line:430,Eidsvoll - Jessheim,430,bus,RUT:ServiceJourney:26c3c9027106637ed4089c4df642fe3c,True,planned,2026-04-25T11:58:21.163701+02:00
NSR:StopPlace:59647,Dal stasjon,2026-04-25T12:54:00+02:00,2026-04-25T12:54:00+02:00,,0.0,0,Drammen,VYG:Line:R13,Drammen-Oslo S-Dal,R13,rail,VYG:ServiceJourney:1634_443285-R,True,planned,2026-04-25T11:58:21.163701+02:00
NSR:StopPlace:59648,Kjelsås stasjon,2026-04-25T10:41:00+02:00,2026-04-25T10:44:29+02:00,2026-04-25T10:44:29+02:00,209.0,1,Haugerud,RUT:Line:25,Majorstuen-Haugerud,25,bus,RUT:ServiceJourney:fac6803065699973e5a2190de85024ec,True,actual,2026-04-25T11:58:21.163701+02:00
NSR:StopPlace:59648,Kjelsås stasjon,2026-04-25T10:47:00+02:00,2026-04-25T10:47:00+02:00,,0.0,0,Roa,VYG:Line:R31,Skøyen-Jaren-Gjøvik,R31,rail,VYG:ServiceJourney:BUS-213_531762-R,True,planned,2026-04-25T11:58:21.163701+02:00
NSR:StopPlace:59648,Kjelsås stasjon,2026-04-25T10:54:00+02:00,2026-04-25T10:55:00+02:00,2026-04-25T10:55:00+02:00,60.0,1,Kværnerbyen,RUT:Line:54,Kværnerbyen - Kjelsås stasjon,54,bus,RUT:ServiceJourney:6f7060d7c9037e8788dc405c681eb866,True,actual,2026-04-25T11:58:21.163701+02:00
NSR:StopPlace:59648,Kjelsås stasjon,2026-04-25T10:55:00+02:00,2026-04-25T11:00:11+02:00,2026-04-25T11:00:11+02:00,311.0,1,Majorstuen,RUT:Line:25,Majorstuen-Haugerud,25,bus,RUT:ServiceJourney:44319fb3a4aad40ee33a6e063f522b49,True,actual,2026-04-25T11:58:21.163701+02:00
NSR:StopPlace:59648,Kjelsås stasjon,2026-04-25T10:56:00+02:00,2026-04-25T11:02:53+02:00,2026-04-25T11:02:53+02:00,413.0,1,Haugerud,RUT:Line:25,Majorstuen-Haugerud,25,bus,RUT:ServiceJourney:f6c742223cba8affe8aa99df82f94c24,True,actual,2026-04-25T11:58:21.163701+02:00
NSR:StopPlace:59648,Kjelsås stasjon,2026-04-25T11:09:00+02:00,2026-04-25T11:10:07+02:00,2026-04-25T11:10:07+02:00,67.0,1,Kværnerbyen,RUT:Line:54,Kværnerbyen - Kjelsås stasjon,54,bus,RUT:ServiceJourney:abae453264de4814ac911169fff58a49,True,actual,2026-04-25T11:58:21.163701+02:00
NSR:StopPlace:59648,Kjelsås stasjon,2026-04-25T11:10:00+02:00,2026-04-25T11:11:28+02:00,2026-04-25T11:11:28+02:00,88.0,1,Majorstuen,RUT:Line:25,Majorstuen-Haugerud,25,bus,RUT:ServiceJourney:e27249bacb585d0786f287bfd1617fe5,True,actual,2026-04-25T11:58:21.163701+02:00
NSR:StopPlace:59648,Kjelsås stasjon,2026-04-25T11:14:00+02:00,2026-04-25T11:23:34+02:00,2026-04-25T11:23:34+02:00,574.0,1,Haugerud,RUT:Line:25,Majorstuen-Haugerud,25,bus,RUT:ServiceJourney:cd08c620840705dd819bb94728d2e42f,True,actual,2026-04-25T11:58:21.163701+02:00
NSR:StopPlace:59648,Kjelsås stasjon,2026-04-25T11:24:00+02:00,2026-04-25T11:26:29+02:00,2026-04-25T11:26:29+02:00,149.0,1,Kværnerbyen,RUT:Line:54,Kværnerbyen - Kjelsås stasjon,54,bus,RUT:ServiceJourney:3f3f8045e1c0844387ce9509c1d53ad1,True,actual,2026-04-25T11:58:21.163701+02:00
NSR:StopPlace:59648,Kjelsås stasjon,2026-04-25T11:23:00+02:00,2026-04-25T11:27:05+02:00,2026-04-25T11:27:05+02:00,245.0,1,Snippen,VYG:Line:R31,Skøyen-Jaren-Gjøvik,R31,rail,VYG:ServiceJourney:BUS-213_531763-R,True,actual,2026-04-25T11:58:21.163701+02:00
NSR:StopPlace:59648,Kjelsås stasjon,2026-04-25T11:25:00+02:00,2026-04-25T11:27:29+02:00,2026-04-25T11:27:29+02:00,149.0,1,Majorstuen,RUT:Line:25,Majorstuen-Haugerud,25,bus,RUT:ServiceJourney:c2bff78c5a5c750022597b1b91f4b696,True,actual,2026-04-25T11:58:21.163701+02:00
NSR:StopPlace:59648,Kjelsås stasjon,2026-04-25T11:29:00+02:00,2026-04-25T11:29:58+02:00,2026-04-25T11:29:58+02:00,58.0,1,Haugerud,RUT:Line:25,Majorstuen-Haugerud,25,bus,RUT:ServiceJourney:b2b31ff49b94a78de3291e174e7d555d,True,actual,2026-04-25T11:58:21.163701+02:00
NSR:StopPlace:59648,Kjelsås stasjon,2026-04-25T11:39:00+02:00,2026-04-25T11:39:46+02:00,2026-04-25T11:39:46+02:00,46.0,1,Kværnerbyen,RUT:Line:54,Kværnerbyen - Kjelsås stasjon,54,bus,RUT:ServiceJourney:4728dbc38d7885594b18f5e71ac3b8bd,True,actual,2026-04-25T11:58:21.163701+02:00
NSR:StopPlace:59648,Kjelsås stasjon,2026-04-25T11:39:00+02:00,2026-04-25T11:41:24+02:00,2026-04-25T11:41:24+02:00,144.0,1,Nydalen,VYG:Line:R31,Skøyen-Jaren-Gjøvik,R31,rail,VYG:ServiceJourney:BUS-212_531757-R,True,actual,2026-04-25T11:58:21.163701+02:00
NSR:StopPlace:59648,Kjelsås stasjon,2026-04-25T11:40:00+02:00,2026-04-25T11:44:13+02:00,2026-04-25T11:44:13+02:00,253.0,1,Majorstuen,RUT:Line:25,Majorstuen-Haugerud,25,bus,RUT:ServiceJourney:8e4ce096317ce51e051729cbb9bcef01,True,actual,2026-04-25T11:58:21.163701+02:00
NSR:StopPlace:59648,Kjelsås stasjon,2026-04-25T11:47:00+02:00,2026-04-25T11:48:52+02:00,2026-04-25T11:48:52+02:00,112.0,1,Roa,VYG:Line:R31,Skøyen-Jaren-Gjøvik,R31,rail,VYG:ServiceJourney:BUS-215_531773-R,True,actual,2026-04-25T11:58:21.163701+02:00
NSR:StopPlace:59648,Kjelsås stasjon,2026-04-25T11:44:00+02:00,2026-04-25T11:49:10+02:00,2026-04-25T11:49:10+02:00,310.0,1,Haugerud,RUT:Line:25,Majorstuen-Haugerud,25,bus,RUT:ServiceJourney:228590c9cb59a3e91bce1aeabd571312,True,actual,2026-04-25T11:58:21.163701+02:00
NSR:StopPlace:59648,Kjelsås stasjon,2026-04-25T11:54:00+02:00,2026-04-25T11:54:51+02:00,2026-04-25T11:54:51+02:00,51.0,1,Kværnerbyen,RUT:Line:54,Kværnerbyen - Kjelsås stasjon,54,bus,RUT:ServiceJourney:3c778d6343f735c51fcfc183b270fef2,True,actual,2026-04-25T11:58:21.163701+02:00
NSR:StopPlace:59648,Kjelsås stasjon,2026-04-25T11:55:00+02:00,2026-04-25T11:57:11+02:00,2026-04-25T11:57:11+02:00,131.0,1,Majorstuen,RUT:Line:25,Majorstuen-Haugerud,25,bus,RUT:ServiceJourney:07bc7eecf7b5ade301beb660064edb10,True,actual,2026-04-25T11:58:21.163701+02:00
NSR:StopPlace:59648,Kjelsås stasjon,2026-04-25T11:59:00+02:00,2026-04-25T12:07:30+02:00,,510.0,1,Haugerud,RUT:Line:25,Majorstuen-Haugerud,25,bus,RUT:ServiceJourney:163b8e4ec374f3e784fe5f38c098ab5d,True,expected,2026-04-25T11:58:21.163701+02:00
NSR:StopPlace:59648,Kjelsås stasjon,2026-04-25T12:09:00+02:00,2026-04-25T12:09:00+02:00,,0.0,0,Kværnerbyen,RUT:Line:54,Kværnerbyen - Kjelsås stasjon,54,bus,RUT:ServiceJourney:bf55ac43c007dbe4367c871d4e41ec07,True,planned,2026-04-25T11:58:21.163701+02:00
NSR:StopPlace:59648,Kjelsås stasjon,2026-04-25T12:10:00+02:00,2026-04-25T12:11:44+02:00,,104.0,1,Majorstuen,RUT:Line:25,Majorstuen-Haugerud,25,bus,RUT:ServiceJourney:2c37663051fa9084b3e526375c0c9c2e,True,expected,2026-04-25T11:58:21.163701+02:00
NSR:StopPlace:59648,Kjelsås stasjon,2026-04-25T12:14:00+02:00,2026-04-25T12:17:42+02:00,,222.0,1,Haugerud,RUT:Line:25,Majorstuen-Haugerud,25,bus,RUT:ServiceJourney:f10de7b78b38383c65983b3d64d92540,True,expected,2026-04-25T11:58:21.163701+02:00
NSR:StopPlace:59648,Kjelsås stasjon,2026-04-25T12:23:00+02:00,2026-04-25T12:23:00+02:00,,0.0,0,Movatn,VYG:Line:R31,Skøyen-Jaren-Gjøvik,R31,rail,VYG:ServiceJourney:BUS-215_531774-R,False,planned,2026-04-25T11:58:21.163701+02:00
NSR:StopPlace:59648,Kjelsås stasjon,2026-04-25T12:23:00+02:00,2026-04-25T12:23:00+02:00,,0.0,0,Movatn,VYG:Line:R31,Skøyen-Jaren-Gjøvik,R31,rail,VYG:ServiceJourney:BUS-215_566708-R,False,planned,2026-04-25T11:58:21.163701+02:00
NSR:StopPlace:59648,Kjelsås stasjon,2026-04-25T12:24:00+02:00,2026-04-25T12:24:00+02:00,,0.0,0,Kværnerbyen,RUT:Line:54,Kværnerbyen - Kjelsås stasjon,54,bus,RUT:ServiceJourney:e24904592978a016162c7cf286a33c1b,False,planned,2026-04-25T11:58:21.163701+02:00
NSR:StopPlace:59648,Kjelsås stasjon,2026-04-25T12:25:00+02:00,2026-04-25T12:26:00+02:00,,60.0,1,Majorstuen,RUT:Line:25,Majorstuen-Haugerud,25,bus,RUT:ServiceJourney:f6d925e48b980111adf51feee8b11974,True,expected,2026-04-25T11:58:21.163701+02:00
NSR:StopPlace:59648,Kjelsås stasjon,2026-04-25T12:29:00+02:00,2026-04-25T12:29:00+02:00,,0.0,0,Haugerud,RUT:Line:25,Majorstuen-Haugerud,25,bus,RUT:ServiceJourney:c3e6f4d842eae2fd173e5ddc6434ec1a,True,planned,2026-04-25T11:58:21.163701+02:00
NSR:StopPlace:59648,Kjelsås stasjon,2026-04-25T12:34:00+02:00,2026-04-25T12:34:00+02:00,,0.0,0,Nydalen,VYG:Line:R31,Skøyen-Jaren-Gjøvik,R31,rail,VYG:ServiceJourney:BUS-214_531768-R,False,planned,2026-04-25T11:58:21.163701+02:00
NSR:StopPlace:59648,Kjelsås stasjon,2026-04-25T12:39:00+02:00,2026-04-25T12:39:00+02:00,,0.0,0,Kværnerbyen,RUT:Line:54,Kværnerbyen - Kjelsås stasjon,54,bus,RUT:ServiceJourney:d5f0ab0a47780fbbd1f1e69c94ec39f5,False,planned,2026-04-25T11:58:21.163701+02:00
NSR:StopPlace:59648,Kjelsås stasjon,2026-04-25T12:40:00+02:00,2026-04-25T12:40:00+02:00,,0.0,0,Majorstuen,RUT:Line:25,Majorstuen-Haugerud,25,bus,RUT:ServiceJourney:52e6fa1a3fa39559b62742c3f2cbe684,False,planned,2026-04-25T11:58:21.163701+02:00
NSR:StopPlace:59648,Kjelsås stasjon,2026-04-25T12:44:00+02:00,2026-04-25T12:44:00+02:00,,0.0,0,Haugerud,RUT:Line:25,Majorstuen-Haugerud,25,bus,RUT:ServiceJourney:b0209e870fe88950b26c1dcc1d679f0d,True,planned,2026-04-25T11:58:21.163701+02:00
NSR:StopPlace:59648,Kjelsås stasjon,2026-04-25T12:47:00+02:00,2026-04-25T12:47:00+02:00,,0.0,0,Roa,VYG:Line:R31,Skøyen-Jaren-Gjøvik,R31,rail,VYG:ServiceJourney:BUS-217_531784-R,False,planned,2026-04-25T11:58:21.163701+02:00
NSR:StopPlace:59648,Kjelsås stasjon,2026-04-25T12:54:00+02:00,2026-04-25T12:54:00+02:00,,0.0,0,Kværnerbyen,RUT:Line:54,Kværnerbyen - Kjelsås stasjon,54,bus,RUT:ServiceJourney:f49371bdf3d9c0b0eb866e1e5c203a80,False,planned,2026-04-25T11:58:21.163701+02:00
NSR:StopPlace:59648,Kjelsås stasjon,2026-04-25T12:55:00+02:00,2026-04-25T12:55:00+02:00,,0.0,0,Majorstuen,RUT:Line:25,Majorstuen-Haugerud,25,bus,RUT:ServiceJourney:e2f237156b19c0eed12a3a7a91350daf,False,planned,2026-04-25T11:58:21.163701+02:00
NSR:StopPlace:59649,Nydalen stasjon,2026-04-25T10:46:00+02:00,2026-04-25T10:46:30+02:00,2026-04-25T10:46:30+02:00,30.0,1,Simensbråten,RUT:Line:23,Lysaker - Simensbråten,23,bus,RUT:ServiceJourney:9ee5b554c3f95df5f02c647ee7660683,True,actual,2026-04-25T11:58:21.163701+02:00
NSR:StopPlace:59649,Nydalen stasjon,2026-04-25T10:46:00+02:00,2026-04-25T10:48:47+02:00,2026-04-25T10:48:47+02:00,167.0,1,Lysaker,RUT:Line:23,Lysaker - Simensbråten,23,bus,RUT:ServiceJourney:b7af33c7322f400fc48b5e7d72dab526,True,actual,2026-04-25T11:58:21.163701+02:00
NSR:StopPlace:59649,Nydalen stasjon,2026-04-25T10:54:00+02:00,2026-04-25T10:54:00+02:00,,0.0,0,Roa,VYG:Line:R31,Skøyen-Jaren-Gjøvik,R31,rail,VYG:ServiceJourney:BUS-213_531762-R,True,planned,2026-04-25T11:58:21.163701+02:00
NSR:StopPlace:59649,Nydalen stasjon,2026-04-25T11:01:00+02:00,2026-04-25T11:03:46+02:00,2026-04-25T11:03:46+02:00,166.0,1,Simensbråten,RUT:Line:23,Lysaker - Simensbråten,23,bus,RUT:ServiceJourney:0f2d2e856c9eb5e0b57de5128ba15954,True,actual,2026-04-25T11:58:21.163701+02:00
NSR:StopPlace:59649,Nydalen stasjon,2026-04-25T11:01:00+02:00,2026-04-25T11:04:02+02:00,2026-04-25T11:04:02+02:00,182.0,1,Lysaker,RUT:Line:23,Lysaker - Simensbråten,23,bus,RUT:ServiceJourney:ee9bed59f6ce03bb613697d3e1d4fbd7,True,actual,2026-04-25T11:58:21.163701+02:00
NSR:StopPlace:59649,Nydalen stasjon,2026-04-25T11:03:00+02:00,2026-04-25T11:04:34+02:00,2026-04-25T11:04:34+02:00,94.0,1,Oslo lufthavn,NBU:Line:cb7b555c-f96e-42d5-84bf-a5e08c0145c2,Radiumhospitalet via Økern-Storo-Tåsen,FB3,bus,NBU:ServiceJourney:dca8a0be-c756-4372-8830-15f872c1201a,True,actual,2026-04-25T11:58:21.163701+02:00
NSR:StopPlace:59649,Nydalen stasjon,2026-04-25T11:16:00+02:00,2026-04-25T11:21:13+02:00,2026-04-25T11:21:13+02:00,313.0,1,Lysaker,RUT:Line:23,Lysaker - Simensbråten,23,bus,RUT:ServiceJourney:b28b5933262a56740e6067b304e42986,True,actual,2026-04-25T11:58:21.163701+02:00
NSR:StopPlace:59649,Nydalen stasjon,2026-04-25T11:16:00+02:00,2026-04-25T11:23:56+02:00,2026-04-25T11:23:56+02:00,476.0,1,Simensbråten,RUT:Line:23,Lysaker - Simensbråten,23,bus,RUT:ServiceJourney:9db543ad3ece2a4b5a310f0ed8c58e20,True,actual,2026-04-25T11:58:21.163701+02:00
NSR:StopPlace:59649,Nydalen stasjon,2026-04-25T11:31:00+02:00,2026-04-25T11:32:59+02:00,2026-04-25T11:32:59+02:00,119.0,1,Simensbråten,RUT:Line:23,Lysaker - Simensbråten,23,bus,RUT:ServiceJourney:efd9cbfea43930180b31d4c13f7dc72d,True,actual,2026-04-25T11:58:21.163701+02:00
NSR:StopPlace:59649,Nydalen stasjon,2026-04-25T11:31:00+02:00,2026-04-25T11:40:34+02:00,2026-04-25T11:40:34+02:00,574.0,1,Lysaker,RUT:Line:23,Lysaker - Simensbråten,23,bus,RUT:ServiceJourney:d56f52ae7a28ec55d61ab0629411e613,True,actual,2026-04-25T11:58:21.163701+02:00
NSR:StopPlace:59649,Nydalen stasjon,2026-04-25T11:46:00+02:00,2026-04-25T11:46:51+02:00,2026-04-25T11:46:51+02:00,51.0,1,Simensbråten,RUT:Line:23,Lysaker - Simensbråten,23,bus,RUT:ServiceJourney:410c85c38d549179b5ad034894865525,True,actual,2026-04-25T11:58:21.163701+02:00
NSR:StopPlace:59649,Nydalen stasjon,2026-04-25T11:46:00+02:00,2026-04-25T11:48:47+02:00,2026-04-25T11:48:47+02:00,167.0,1,Lysaker,RUT:Line:23,Lysaker - Simensbråten,23,bus,RUT:ServiceJourney:4a75fe5b8baa340313928c8f15c00290,True,actual,2026-04-25T11:58:21.163701+02:00
NSR:StopPlace:59649,Nydalen stasjon,2026-04-25T11:54:00+02:00,2026-04-25T11:54:00+02:00,,0.0,0,Roa,VYG:Line:R31,Skøyen-Jaren-Gjøvik,R31,rail,VYG:ServiceJourney:BUS-215_531773-R,True,planned,2026-04-25T11:58:21.163701+02:00
NSR:StopPlace:59649,Nydalen stasjon,2026-04-25T12:01:00+02:00,2026-04-25T12:01:40+02:00,,40.0,1,Simensbråten,RUT:Line:23,Lysaker - Simensbråten,23,bus,RUT:ServiceJourney:f8edb644d5f9532e251a795da39d4cdc,True,expected,2026-04-25T11:58:21.163701+02:00
NSR:StopPlace:59649,Nydalen stasjon,2026-04-25T12:03:00+02:00,2026-04-25T12:03:11+02:00,,11.0,1,Oslo lufthavn,NBU:Line:cb7b555c-f96e-42d5-84bf-a5e08c0145c2,Radiumhospitalet via Økern-Storo-Tåsen,FB3,bus,NBU:ServiceJourney:163bee30-953e-4d3e-a3a2-ac0b549cd843,True,expected,2026-04-25T11:58:21.163701+02:00
NSR:StopPlace:59649,Nydalen stasjon,2026-04-25T12:01:00+02:00,2026-04-25T12:05:29+02:00,,269.0,1,Lysaker,RUT:Line:23,Lysaker - Simensbråten,23,bus,RUT:ServiceJourney:5250a2567cb20d9f88087623a752d86a,True,expected,2026-04-25T11:58:21.163701+02:00
NSR:StopPlace:59649,Nydalen stasjon,2026-04-25T12:16:00+02:00,2026-04-25T12:17:19+02:00,,79.0,1,Lysaker,RUT:Line:23,Lysaker - Simensbråten,23,bus,RUT:ServiceJourney:9fa5160b72f9d5fb74855a5c24d49745,True,expected,2026-04-25T11:58:21.163701+02:00
NSR:StopPlace:59649,Nydalen stasjon,2026-04-25T12:16:00+02:00,2026-04-25T12:18:17+02:00,,137.0,1,Simensbråten,RUT:Line:23,Lysaker - Simensbråten,23,bus,RUT:ServiceJourney:935832c89236460302a9229fd11da069,True,expected,2026-04-25T11:58:21.163701+02:00
NSR:StopPlace:59649,Nydalen stasjon,2026-04-25T12:31:00+02:00,2026-04-25T12:31:00+02:00,,0.0,0,Lysaker,RUT:Line:23,Lysaker - Simensbråten,23,bus,RUT:ServiceJourney:702680ee288bb078034e8709f3ea6c0a,True,planned,2026-04-25T11:58:21.163701+02:00
NSR:StopPlace:59649,Nydalen stasjon,2026-04-25T12:31:00+02:00,2026-04-25T12:31:10+02:00,,10.0,1,Simensbråten,RUT:Line:23,Lysaker - Simensbråten,23,bus,RUT:ServiceJourney:a99e91d2a6cf1172631f609947f3f55a,True,expected,2026-04-25T11:58:21.163701+02:00
NSR:StopPlace:59649,Nydalen stasjon,2026-04-25T12:46:00+02:00,2026-04-25T12:46:00+02:00,,0.0,0,Lysaker,RUT:Line:23,Lysaker - Simensbråten,23,bus,RUT:ServiceJourney:735404565f5b1e71979b9496125ba794,True,planned,2026-04-25T11:58:21.163701+02:00
NSR:StopPlace:59649,Nydalen stasjon,2026-04-25T12:46:00+02:00,2026-04-25T12:46:00+02:00,,0.0,0,Simensbråten,RUT:Line:23,Lysaker - Simensbråten,23,bus,RUT:ServiceJourney:8c3475f771cbb8260208acf9e68a134b,True,planned,2026-04-25T11:58:21.163701+02:00
NSR:StopPlace:59649,Nydalen stasjon,2026-04-25T12:54:00+02:00,2026-04-25T12:54:00+02:00,,0.0,0,Roa,VYG:Line:R31,Skøyen-Jaren-Gjøvik,R31,rail,VYG:ServiceJourney:BUS-217_531784-R,False,planned,2026-04-25T11:58:21.163701+02:00
NSR:StopPlace:59641,Fjellhamar stasjon,2026-04-25T10:47:00+02:00,2026-04-25T10:48:05+02:00,2026-04-25T10:48:05+02:00,65.0,1,Spikkestad,VYG:Line:L1,Spikkestad-Oslo S-Lillestrøm,L1,rail,VYG:ServiceJourney:2225_443623-R,True,actual,2026-04-25T11:58:21.163701+02:00
NSR:StopPlace:59641,Fjellhamar stasjon,2026-04-25T10:49:00+02:00,2026-04-25T10:50:26+02:00,2026-04-25T10:50:26+02:00,86.0,1,Ahus,RUT:Line:315,Vallerudtoppen - Ahus,315,bus,RUT:ServiceJourney:8b46a818db2d116d2ca592ab355375e9,True,actual,2026-04-25T11:58:21.163701+02:00
NSR:StopPlace:59641,Fjellhamar stasjon,2026-04-25T11:03:00+02:00,2026-04-25T11:03:30+02:00,2026-04-25T11:03:30+02:00,30.0,1,Vallerudtoppen,RUT:Line:315,Vallerudtoppen - Ahus,315,bus,RUT:ServiceJourney:aa96b8f8d5bdcfb89cddaef9f65e1161,True,actual,2026-04-25T11:58:21.163701+02:00
NSR:StopPlace:59641,Fjellhamar stasjon,2026-04-25T11:03:00+02:00,2026-04-25T11:07:49+02:00,2026-04-25T11:07:49+02:00,289.0,1,Lillestrøm,VYG:Line:L1,Spikkestad-Oslo S-Lillestrøm,L1,rail,VYG:ServiceJourney:2224_443622-R,True,actual,2026-04-25T11:58:21.163701+02:00
NSR:StopPlace:59641,Fjellhamar stasjon,2026-04-25T11:17:00+02:00,2026-04-25T11:17:17+02:00,2026-04-25T11:17:17+02:00,17.0,1,Spikkestad,VYG:Line:L1,Spikkestad-Oslo S-Lillestrøm,L1,rail,VYG:ServiceJourney:2227_443627-R,True,actual,2026-04-25T11:58:21.163701+02:00
NSR:StopPlace:59641,Fjellhamar stasjon,2026-04-25T11:19:00+02:00,2026-04-25T11:20:47+02:00,2026-04-25T11:20:47+02:00,107.0,1,Ahus,RUT:Line:315,Vallerudtoppen - Ahus,315,bus,RUT:ServiceJourney:aa37205995fc9d1312a60a36e99a0d80,True,actual,2026-04-25T11:58:21.163701+02:00
NSR:StopPlace:59641,Fjellhamar stasjon,2026-04-25T11:33:00+02:00,2026-04-25T11:33:34+02:00,2026-04-25T11:33:34+02:00,34.0,1,Vallerudtoppen,RUT:Line:315,Vallerudtoppen - Ahus,315,bus,RUT:ServiceJourney:df6ef3a18e29396afc09d11b84ceea89,True,actual,2026-04-25T11:58:21.163701+02:00
NSR:StopPlace:59641,Fjellhamar stasjon,2026-04-25T11:33:00+02:00,2026-04-25T11:37:02+02:00,2026-04-25T11:37:02+02:00,242.0,1,Lillestrøm,VYG:Line:L1,Spikkestad-Oslo S-Lillestrøm,L1,rail,VYG:ServiceJourney:2226_452018-R,True,actual,2026-04-25T11:58:21.163701+02:00
NSR:StopPlace:59641,Fjellhamar stasjon,2026-04-25T11:49:00+02:00,2026-04-25T11:50:12+02:00,2026-04-25T11:50:12+02:00,72.0,1,Ahus,RUT:Line:315,Vallerudtoppen - Ahus,315,bus,RUT:ServiceJourney:056f7c9525a664137a30499d5892434b,True,actual,2026-04-25T11:58:21.163701+02:00
NSR:StopPlace:59641,Fjellhamar stasjon,2026-04-25T11:47:00+02:00,2026-04-25T11:53:01+02:00,2026-04-25T11:53:01+02:00,361.0,1,Spikkestad,VYG:Line:L1,Spikkestad-Oslo S-Lillestrøm,L1,rail,VYG:ServiceJourney:2229_443629-R,True,actual,2026-04-25T11:58:21.163701+02:00
NSR:StopPlace:59641,Fjellhamar stasjon,2026-04-25T12:03:00+02:00,2026-04-25T12:03:33+02:00,,33.0,1,Vallerudtoppen,RUT:Line:315,Vallerudtoppen - Ahus,315,bus,RUT:ServiceJourney:f80d2e522cd4c91d077ccd2e3ee9a314,True,expected,2026-04-25T11:58:21.163701+02:00
NSR:StopPlace:59641,Fjellhamar stasjon,2026-04-25T12:17:00+02:00,2026-04-25T12:17:00+02:00,,0.0,0,Spikkestad,VYG:Line:L1,Spikkestad-Oslo S-Lillestrøm,L1,rail,VYG:ServiceJourney:2231_443635-R,True,planned,2026-04-25T11:58:21.163701+02:00
NSR:StopPlace:59641,Fjellhamar stasjon,2026-04-25T12:19:00+02:00,2026-04-25T12:19:34+02:00,,34.0,1,Ahus,RUT:Line:315,Vallerudtoppen - Ahus,315,bus,RUT:ServiceJourney:9a0a373057218eb87029ba74d1caae2e,True,expected,2026-04-25T11:58:21.163701+02:00
NSR:StopPlace:59641,Fjellhamar stasjon,2026-04-25T12:33:00+02:00,2026-04-25T12:33:00+02:00,,0.0,0,Lillestrøm,VYG:Line:L1,Spikkestad-Oslo S-Lillestrøm,L1,rail,VYG:ServiceJourney:2230_443632-R,True,planned,2026-04-25T11:58:21.163701+02:00
NSR:StopPlace:59641,Fjellhamar stasjon,2026-04-25T12:33:00+02:00,2026-04-25T12:33:00+02:00,,0.0,0,Vallerudtoppen,RUT:Line:315,Vallerudtoppen - Ahus,315,bus,RUT:ServiceJourney:b492cfa4697b95f73ecc6e02e1db9182,True,planned,2026-04-25T11:58:21.163701+02:00
NSR:StopPlace:59641,Fjellhamar stasjon,2026-04-25T12:41:00+02:00,2026-04-25T12:41:00+02:00,,0.0,0,Ahus,RUT:Line:315,Vallerudtoppen - Ahus,315,bus,RUT:ServiceJourney:79fd0ffe78e1a0189bfa7f32fe3581ff,False,planned,2026-04-25T11:58:21.163701+02:00
NSR:StopPlace:59641,Fjellhamar stasjon,2026-04-25T12:47:00+02:00,2026-04-25T12:47:00+02:00,,0.0,0,Spikkestad,VYG:Line:L1,Spikkestad-Oslo S-Lillestrøm,L1,rail,VYG:ServiceJourney:2233_443637-R,True,planned,2026-04-25T11:58:21.163701+02:00
NSR:StopPlace:59641,Fjellhamar stasjon,2026-04-25T12:55:00+02:00,2026-04-25T12:55:00+02:00,,0.0,0,Vallerudtoppen,RUT:Line:315,Vallerudtoppen - Ahus,315,bus,RUT:ServiceJourney:cdeb2c0be6e7decb95515ac39bbee58b,False,planned,2026-04-25T11:58:21.163701+02:00
NSR:StopPlace:59642,Rånåsfoss stasjon,2026-04-25T11:18:00+02:00,2026-04-25T11:18:43+02:00,2026-04-25T11:18:43+02:00,43.0,1,Asker,VYG:Line:R14,Asker-Oslo S-Kongsvinger,R14,rail,VYG:ServiceJourney:1014_442919-R,True,actual,2026-04-25T11:58:21.163701+02:00
NSR:StopPlace:59642,Rånåsfoss stasjon,2026-04-25T11:30:00+02:00,2026-04-25T11:30:29+02:00,2026-04-25T11:30:29+02:00,29.0,1,Årnes,RUT:Line:455,Årnes -Rånåsfoss,455,bus,RUT:ServiceJourney:53bbf9a655a17083a2d3a69a1b4caa3b,True,actual,2026-04-25T11:58:21.163701+02:00
NSR:StopPlace:59642,Rånåsfoss stasjon,2026-04-25T11:38:00+02:00,2026-04-25T11:46:07+02:00,2026-04-25T11:46:07+02:00,487.0,1,Kongsvinger,VYG:Line:R14,Asker-Oslo S-Kongsvinger,R14,rail,VYG:ServiceJourney:1013_442918-R,True,actual,2026-04-25T11:58:21.163701+02:00
NSR:StopPlace:59642,Rånåsfoss stasjon,2026-04-25T12:18:00+02:00,2026-04-25T12:18:00+02:00,,0.0,0,Asker,VYG:Line:R14,Asker-Oslo S-Kongsvinger,R14,rail,VYG:ServiceJourney:1016_442922-R,True,planned,2026-04-25T11:58:21.163701+02:00
NSR:StopPlace:59642,Rånåsfoss stasjon,2026-04-25T12:38:00+02:00,2026-04-25T12:38:00+02:00,,0.0,0,Kongsvinger,VYG:Line:R14,Asker-Oslo S-Kongsvinger,R14,rail,VYG:ServiceJourney:1015_442921-R,True,planned,2026-04-25T11:58:21.163701+02:00
NSR:StopPlace:59643,Grefsen stasjon,2026-04-25T10:44:00+02:00,2026-04-25T10:44:23+02:00,2026-04-25T10:44:23+02:00,23.0,1,Gaustadalléen,RUT:Line:17,Rikshospitalet - Sinsen o/ Carl Berner,17,tram,RUT:ServiceJourney:bccc94fbbbf7ca45f1f263b004a4d5c5,True,actual,2026-04-25T11:58:21.163701+02:00
NSR:StopPlace:59643,Grefsen stasjon,2026-04-25T10:41:00+02:00,2026-04-25T10:44:24+02:00,2026-04-25T10:44:24+02:00,204.0,1,Lysaker,RUT:Line:23,Lysaker - Simensbråten,23,bus,RUT:ServiceJourney:b7af33c7322f400fc48b5e7d72dab526,True,actual,2026-04-25T11:58:21.163701+02:00
NSR:StopPlace:59643,Grefsen stasjon,2026-04-25T10:47:00+02:00,2026-04-25T10:47:25+02:00,2026-04-25T10:47:25+02:00,25.0,1,Gaustadalléen,RUT:Line:18,Grefsen st [4311] - Rikshospitalet,18,tram,RUT:ServiceJourney:35dbf3731045c94e6c76d5572de781a9,True,actual,2026-04-25T11:58:21.163701+02:00
NSR:StopPlace:59643,Grefsen stasjon,2026-04-25T10:49:00+02:00,2026-04-25T10:50:42+02:00,2026-04-25T10:50:42+02:00,102.0,1,Simensbråten,RUT:Line:23,Lysaker - Simensbråten,23,bus,RUT:ServiceJourney:9ee5b554c3f95df5f02c647ee7660683,True,actual,2026-04-25T11:58:21.163701+02:00
NSR:StopPlace:59643,Grefsen stasjon,2026-04-25T10:54:00+02:00,2026-04-25T10:54:24+02:00,2026-04-25T10:54:24+02:00,24.0,1,Gaustadalléen,RUT:Line:17,Rikshospitalet - Sinsen o/ Carl Berner,17,tram,RUT:ServiceJourney:93c5a2d2ef3584c49780387a0ccbbaad,True,actual,2026-04-25T11:58:21.163701+02:00
NSR:StopPlace:59643,Grefsen stasjon,2026-04-25T10:57:00+02:00,2026-04-25T10:57:00+02:00,,0.0,0,Roa,VYG:Line:R31,Skøyen-Jaren-Gjøvik,R31,rail,VYG:ServiceJourney:BUS-213_531762-R,True,planned,2026-04-25T11:58:21.163701+02:00
NSR:StopPlace:59643,Grefsen stasjon,2026-04-25T10:57:00+02:00,2026-04-25T10:57:51+02:00,2026-04-25T10:57:51+02:00,51.0,1,Gaustadalléen,RUT:Line:18,Grefsen st [4311] - Rikshospitalet,18,tram,RUT:ServiceJourney:8960bfcd3e133a2b7c95cce4d4f2230e,True,actual,2026-04-25T11:58:21.163701+02:00
NSR:StopPlace:59643,Grefsen stasjon,2026-04-25T10:56:00+02:00,2026-04-25T10:59:16+02:00,2026-04-25T10:59:16+02:00,196.0,1,Lysaker,RUT:Line:23,Lysaker - Simensbråten,23,bus,RUT:ServiceJourney:ee9bed59f6ce03bb613697d3e1d4fbd7,True,actual,2026-04-25T11:58:21.163701+02:00
NSR:StopPlace:59643,Grefsen stasjon,2026-04-25T11:04:00+02:00,2026-04-25T11:04:31+02:00,2026-04-25T11:04:31+02:00,31.0,1,Gaustadalléen,RUT:Line:17,Rikshospitalet - Sinsen o/ Carl Berner,17,tram,RUT:ServiceJourney:1adbf43055cbc00c42b2d26e53803c56,True,actual,2026-04-25T11:58:21.163701+02:00
NSR:StopPlace:59643,Grefsen stasjon,2026-04-25T11:04:00+02:00,2026-04-25T11:06:58+02:00,2026-04-25T11:06:58+02:00,178.0,1,Simensbråten,RUT:Line:23,Lysaker - Simensbråten,23,bus,RUT:ServiceJourney:0f2d2e856c9eb5e0b57de5128ba15954,True,actual,2026-04-25T11:58:21.163701+02:00
NSR:StopPlace:59643,Grefsen stasjon,2026-04-25T11:08:00+02:00,2026-04-25T11:10:56+02:00,2026-04-25T11:10:56+02:00,176.0,1,Oslo lufthavn,NBU:Line:cb7b555c-f96e-42d5-84bf-a5e08c0145c2,Radiumhospitalet via Økern-Storo-Tåsen,FB3,bus,NBU:ServiceJourney:dca8a0be-c756-4372-8830-15f872c1201a,True,actual,2026-04-25T11:58:21.163701+02:00
NSR:StopPlace:59643,Grefsen stasjon,2026-04-25T11:14:00+02:00,2026-04-25T11:14:21+02:00,2026-04-25T11:14:21+02:00,21.0,1,Gaustadalléen,RUT:Line:17,Rikshospitalet - Sinsen o/ Carl Berner,17,tram,RUT:ServiceJourney:d7845ce67f7d67c48340c05429cbeb0c,True,actual,2026-04-25T11:58:21.163701+02:00
NSR:StopPlace:59643,Grefsen stasjon,2026-04-25T11:11:00+02:00,2026-04-25T11:16:32+02:00,2026-04-25T11:16:32+02:00,332.0,1,Lysaker,RUT:Line:23,Lysaker - Simensbråten,23,bus,RUT:ServiceJourney:b28b5933262a56740e6067b304e42986,True,actual,2026-04-25T11:58:21.163701+02:00
NSR:StopPlace:59643,Grefsen stasjon,2026-04-25T11:17:00+02:00,2026-04-25T11:17:08+02:00,2026-04-25T11:17:08+02:00,8.0,1,Gaustadalléen,RUT:Line:18,Grefsen st [4311] - Rikshospitalet,18,tram,RUT:ServiceJourney:c7b2f055329467d2b1312f71b208b0cf,True,actual,2026-04-25T11:58:21.163701+02:00
NSR:StopPlace:59643,Grefsen stasjon,2026-04-25T11:24:00+02:00,2026-04-25T11:24:29+02:00,2026-04-25T11:24:29+02:00,29.0,1,Gaustadalléen,RUT:Line:17,Rikshospitalet - Sinsen o/ Carl Berner,17,tram,RUT:ServiceJourney:b048a936d49271ad90bdcf6e457cade5,True,actual,2026-04-25T11:58:21.163701+02:00
NSR:StopPlace:59643,Grefsen stasjon,2026-04-25T11:27:00+02:00,2026-04-25T11:26:41+02:00,2026-04-25T11:26:41+02:00,-19.0,0,Gaustadalléen,RUT:Line:18,Grefsen st [4311] - Rikshospitalet,18,tram,RUT:ServiceJourney:4f12d23370e40c3845a47e33447fae40,True,actual,2026-04-25T11:58:21.163701+02:00
NSR:StopPlace:59643,Grefsen stasjon,2026-04-25T11:19:00+02:00,2026-04-25T11:28:10+02:00,2026-04-25T11:28:10+02:00,550.0,1,Simensbråten,RUT:Line:23,Lysaker - Simensbråten,23,bus,RUT:ServiceJourney:9db543ad3ece2a4b5a310f0ed8c58e20,True,actual,2026-04-25T11:58:21.163701+02:00
NSR:StopPlace:59643,Grefsen stasjon,2026-04-25T11:26:00+02:00,2026-04-25T11:33:45+02:00,2026-04-25T11:33:45+02:00,465.0,1,Lysaker,RUT:Line:23,Lysaker - Simensbråten,23,bus,RUT:ServiceJourney:d56f52ae7a28ec55d61ab0629411e613,True,actual,2026-04-25T11:58:21.163701+02:00
NSR:StopPlace:59643,Grefsen stasjon,2026-04-25T11:34:00+02:00,2026-04-25T11:34:28+02:00,2026-04-25T11:34:28+02:00,28.0,1,Gaustadalléen,RUT:Line:17,Rikshospitalet - Sinsen o/ Carl Berner,17,tram,RUT:ServiceJourney:c00dc5fb22d854b6670f6bc300068849,True,actual,2026-04-25T11:58:21.163701+02:00
NSR:StopPlace:59643,Grefsen stasjon,2026-04-25T11:34:00+02:00,2026-04-25T11:36:42+02:00,2026-04-25T11:36:42+02:00,162.0,1,Simensbråten,RUT:Line:23,Lysaker - Simensbråten,23,bus,RUT:ServiceJourney:efd9cbfea43930180b31d4c13f7dc72d,True,actual,2026-04-25T11:58:21.163701+02:00
NSR:StopPlace:59643,Grefsen stasjon,2026-04-25T11:37:00+02:00,2026-04-25T11:37:21+02:00,2026-04-25T11:37:21+02:00,21.0,1,Gaustadalléen,RUT:Line:18,Grefsen st [4311] - Rikshospitalet,18,tram,RUT:ServiceJourney:9d359dde56875b7418e5a20aea4c79fc,True,actual,2026-04-25T11:58:21.163701+02:00
NSR:StopPlace:59643,Grefsen stasjon,2026-04-25T11:44:00+02:00,2026-04-25T11:44:20+02:00,2026-04-25T11:44:20+02:00,20.0,1,Gaustadalléen,RUT:Line:17,Rikshospitalet - Sinsen o/ Carl Berner,17,tram,RUT:ServiceJourney:4d247a8e84b4d73f7955e2470b2fdad0,True,actual,2026-04-25T11:58:21.163701+02:00
NSR:StopPlace:59643,Grefsen stasjon,2026-04-25T11:41:00+02:00,2026-04-25T11:44:40+02:00,2026-04-25T11:44:40+02:00,220.0,1,Lysaker,RUT:Line:23,Lysaker - Simensbråten,23,bus,RUT:ServiceJourney:4a75fe5b8baa340313928c8f15c00290,True,actual,2026-04-25T11:58:21.163701+02:00
NSR:StopPlace:59643,Grefsen stasjon,2026-04-25T11:47:00+02:00,2026-04-25T11:47:01+02:00,2026-04-25T11:47:01+02:00,1.0,1,Gaustadalléen,RUT:Line:18,Grefsen st [4311] - Rikshospitalet,18,tram,RUT:ServiceJourney:8e63680d11bd8cadbf4482e23f1c5b0d,True,actual,2026-04-25T11:58:21.163701+02:00
NSR:StopPlace:59643,Grefsen stasjon,2026-04-25T11:49:00+02:00,2026-04-25T11:51:09+02:00,2026-04-25T11:51:09+02:00,129.0,1,Simensbråten,RUT:Line:23,Lysaker - Simensbråten,23,bus,RUT:ServiceJourney:410c85c38d549179b5ad034894865525,True,actual,2026-04-25T11:58:21.163701+02:00
NSR:StopPlace:59643,Grefsen stasjon,2026-04-25T11:54:00+02:00,2026-04-25T11:54:17+02:00,2026-04-25T11:54:17+02:00,17.0,1,Gaustadalléen,RUT:Line:17,Rikshospitalet - Sinsen o/ Carl Berner,17,tram,RUT:ServiceJourney:1970d6da5b6f7dd59a12e801ad778e09,True,actual,2026-04-25T11:58:21.163701+02:00
NSR:StopPlace:59643,Grefsen stasjon,2026-04-25T11:57:00+02:00,2026-04-25T11:57:00+02:00,,0.0,0,Roa,VYG:Line:R31,Skøyen-Jaren-Gjøvik,R31,rail,VYG:ServiceJourney:BUS-215_531773-R,True,planned,2026-04-25T11:58:21.163701+02:00
NSR:StopPlace:59643,Grefsen stasjon,2026-04-25T11:57:00+02:00,2026-04-25T11:57:22+02:00,2026-04-25T11:57:22+02:00,22.0,1,Gaustadalléen,RUT:Line:18,Grefsen st [4311] - Rikshospitalet,18,tram,RUT:ServiceJourney:21b8fcf61a428e880c50e423a41d4d38,True,actual,2026-04-25T11:58:21.163701+02:00
NSR:StopPlace:59643,Grefsen stasjon,2026-04-25T11:56:00+02:00,2026-04-25T12:00:29+02:00,,269.0,1,Lysaker,RUT:Line:23,Lysaker - Simensbråten,23,bus,RUT:ServiceJourney:5250a2567cb20d9f88087623a752d86a,True,expected,2026-04-25T11:58:21.163701+02:00
NSR:StopPlace:59643,Grefsen stasjon,2026-04-25T12:04:00+02:00,2026-04-25T12:04:00+02:00,,0.0,0,Gaustadalléen,RUT:Line:17,Rikshospitalet - Sinsen o/ Carl Berner,17,tram,RUT:ServiceJourney:662734bcbd33793f4c05c558bd98636a,True,planned,2026-04-25T11:58:21.163701+02:00
NSR:StopPlace:59643,Grefsen stasjon,2026-04-25T12:04:00+02:00,2026-04-25T12:04:40+02:00,,40.0,1,Simensbråten,RUT:Line:23,Lysaker - Simensbråten,23,bus,RUT:ServiceJourney:f8edb644d5f9532e251a795da39d4cdc,True,expected,2026-04-25T11:58:21.163701+02:00
NSR:StopPlace:59643,Grefsen stasjon,2026-04-25T12:07:00+02:00,2026-04-25T12:07:00+02:00,,0.0,0,Gaustadalléen,RUT:Line:18,Grefsen st [4311] - Rikshospitalet,18,tram,RUT:ServiceJourney:f9834e21a615c4046d783f7270d7544f,True,planned,2026-04-25T11:58:21.163701+02:00
NSR:StopPlace:59643,Grefsen stasjon,2026-04-25T12:08:00+02:00,2026-04-25T12:08:11+02:00,,11.0,1,Oslo lufthavn,NBU:Line:cb7b555c-f96e-42d5-84bf-a5e08c0145c2,Radiumhospitalet via Økern-Storo-Tåsen,FB3,bus,NBU:ServiceJourney:163bee30-953e-4d3e-a3a2-ac0b549cd843,True,expected,2026-04-25T11:58:21.163701+02:00
NSR:StopPlace:59643,Grefsen stasjon,2026-04-25T12:11:00+02:00,2026-04-25T12:12:19+02:00,,79.0,1,Lysaker,RUT:Line:23,Lysaker - Simensbråten,23,bus,RUT:ServiceJourney:9fa5160b72f9d5fb74855a5c24d49745,True,expected,2026-04-25T11:58:21.163701+02:00
NSR:StopPlace:59643,Grefsen stasjon,2026-04-25T12:14:00+02:00,2026-04-25T12:14:00+02:00,,0.0,0,Gaustadalléen,RUT:Line:17,Rikshospitalet - Sinsen o/ Carl Berner,17,tram,RUT:ServiceJourney:f9d0b8e1c98705a627778ebcda34339f,False,planned,2026-04-25T11:58:21.163701+02:00
NSR:StopPlace:59643,Grefsen stasjon,2026-04-25T12:17:00+02:00,2026-04-25T12:17:00+02:00,,0.0,0,Gaustadalléen,RUT:Line:18,Grefsen st [4311] - Rikshospitalet,18,tram,RUT:ServiceJourney:6c18959fb8b3ae714749fa200676f9aa,False,planned,2026-04-25T11:58:21.163701+02:00
NSR:StopPlace:59643,Grefsen stasjon,2026-04-25T12:19:00+02:00,2026-04-25T12:21:17+02:00,,137.0,1,Simensbråten,RUT:Line:23,Lysaker - Simensbråten,23,bus,RUT:ServiceJourney:935832c89236460302a9229fd11da069,True,expected,2026-04-25T11:58:21.163701+02:00
NSR:StopPlace:59643,Grefsen stasjon,2026-04-25T12:24:00+02:00,2026-04-25T12:24:00+02:00,,0.0,0,Gaustadalléen,RUT:Line:17,Rikshospitalet - Sinsen o/ Carl Berner,17,tram,RUT:ServiceJourney:a6ef1b3169281294ae3ec7db71033f43,False,planned,2026-04-25T11:58:21.163701+02:00
NSR:StopPlace:59643,Grefsen stasjon,2026-04-25T12:26:00+02:00,2026-04-25T12:26:00+02:00,,0.0,0,Lysaker,RUT:Line:23,Lysaker - Simensbråten,23,bus,RUT:ServiceJourney:702680ee288bb078034e8709f3ea6c0a,True,planned,2026-04-25T11:58:21.163701+02:00
NSR:StopPlace:59643,Grefsen stasjon,2026-04-25T12:27:00+02:00,2026-04-25T12:27:00+02:00,,0.0,0,Gaustadalléen,RUT:Line:18,Grefsen st [4311] - Rikshospitalet,18,tram,RUT:ServiceJourney:93aa6a3ac7e1b21ac3cfb71f34b15736,False,planned,2026-04-25T11:58:21.163701+02:00
NSR:StopPlace:59643,Grefsen stasjon,2026-04-25T12:34:00+02:00,2026-04-25T12:34:00+02:00,,0.0,0,Gaustadalléen,RUT:Line:17,Rikshospitalet - Sinsen o/ Carl Berner,17,tram,RUT:ServiceJourney:848f556e60d4bb740090db5e10fbfd1c,False,planned,2026-04-25T11:58:21.163701+02:00
NSR:StopPlace:59643,Grefsen stasjon,2026-04-25T12:34:00+02:00,2026-04-25T12:34:10+02:00,,10.0,1,Simensbråten,RUT:Line:23,Lysaker - Simensbråten,23,bus,RUT:ServiceJourney:a99e91d2a6cf1172631f609947f3f55a,True,expected,2026-04-25T11:58:21.163701+02:00
NSR:StopPlace:59643,Grefsen stasjon,2026-04-25T12:37:00+02:00,2026-04-25T12:37:00+02:00,,0.0,0,Gaustadalléen,RUT:Line:18,Grefsen st [4311] - Rikshospitalet,18,tram,RUT:ServiceJourney:fdbd1e264316f779610cb0b3d118faeb,False,planned,2026-04-25T11:58:21.163701+02:00
NSR:StopPlace:59643,Grefsen stasjon,2026-04-25T12:41:00+02:00,2026-04-25T12:41:00+02:00,,0.0,0,Lysaker,RUT:Line:23,Lysaker - Simensbråten,23,bus,RUT:ServiceJourney:735404565f5b1e71979b9496125ba794,True,planned,2026-04-25T11:58:21.163701+02:00
NSR:StopPlace:59643,Grefsen stasjon,2026-04-25T12:44:00+02:00,2026-04-25T12:44:00+02:00,,0.0,0,Gaustadalléen,RUT:Line:17,Rikshospitalet - Sinsen o/ Carl Berner,17,tram,RUT:ServiceJourney:e0e5643caf0d8ed27ed22270843248eb,False,planned,2026-04-25T11:58:21.163701+02:00
NSR:StopPlace:59643,Grefsen stasjon,2026-04-25T12:47:00+02:00,2026-04-25T12:47:00+02:00,,0.0,0,Gaustadalléen,RUT:Line:18,Grefsen st [4311] - Rikshospitalet,18,tram,RUT:ServiceJourney:d305090eaa72ff60d1c43936b480c5ae,False,planned,2026-04-25T11:58:21.163701+02:00
NSR:StopPlace:59643,Grefsen stasjon,2026-04-25T12:49:00+02:00,2026-04-25T12:49:00+02:00,,0.0,0,Simensbråten,RUT:Line:23,Lysaker - Simensbråten,23,bus,RUT:ServiceJourney:8c3475f771cbb8260208acf9e68a134b,True,planned,2026-04-25T11:58:21.163701+02:00
NSR:StopPlace:59643,Grefsen stasjon,2026-04-25T12:54:00+02:00,2026-04-25T12:54:00+02:00,,0.0,0,Gaustadalléen,RUT:Line:17,Rikshospitalet - Sinsen o/ Carl Berner,17,tram,RUT:ServiceJourney:20ef7f03c649f3c24fbd7a3ea9ebc25d,False,planned,2026-04-25T11:58:21.163701+02:00
NSR:StopPlace:59643,Grefsen stasjon,2026-04-25T12:56:00+02:00,2026-04-25T12:56:00+02:00,,0.0,0,Lysaker,RUT:Line:23,Lysaker - Simensbråten,23,bus,RUT:ServiceJourney:0eab93df09b85c87d15db8b208375f1f,False,planned,2026-04-25T11:58:21.163701+02:00
NSR:StopPlace:59643,Grefsen stasjon,2026-04-25T12:57:00+02:00,2026-04-25T12:57:00+02:00,,0.0,0,Roa,VYG:Line:R31,Skøyen-Jaren-Gjøvik,R31,rail,VYG:ServiceJourney:BUS-217_531784-R,False,planned,2026-04-25T11:58:21.163701+02:00
NSR:StopPlace:59658,Moi stasjon,2026-04-25T10:58:00+02:00,2026-04-25T10:58:00+02:00,,0.0,0,Stavanger,GOA:Line:50,Sørtoget region,F5,rail,GOA:ServiceJourney:B705-BU_66760-R,False,planned,2026-04-25T11:58:21.163701+02:00
NSR:StopPlace:59658,Moi stasjon,2026-04-25T11:11:00+02:00,2026-04-25T11:11:00+02:00,,0.0,0,Kristiansand,GOA:Line:50,Sørtoget region,F5,rail,GOA:ServiceJourney:B710-DF_66834-R,False,planned,2026-04-25T11:58:21.163701+02:00
NSR:StopPlace:59658,Moi stasjon,2026-04-25T11:25:00+02:00,2026-04-25T11:25:00+02:00,,0.0,0,Stavanger,GOA:Line:50,Sørtoget region,F5,rail,GOA:ServiceJourney:B705-BT_66759-R,False,planned,2026-04-25T11:58:21.163701+02:00
NSR:StopPlace:59658,Moi stasjon,2026-04-25T11:38:00+02:00,2026-04-25T11:38:00+02:00,,0.0,0,Kristiansand,GOA:Line:50,Sørtoget region,F5,rail,GOA:ServiceJourney:B710-DG_66835-R,False,planned,2026-04-25T11:58:21.163701+02:00
NSR:StopPlace:59659,Atna stasjon,2026-04-25T12:06:00+02:00,2026-04-25T12:06:00+02:00,,0.0,0,Røros,SJN:Line:25,Rørosbanen,R60,rail,SJN:ServiceJourney:2383_47880-R,True,planned,2026-04-25T11:58:21.163701+02:00
NSR:StopPlace:60640,Heimdal stasjon,2026-04-25T10:41:00+02:00,2026-04-25T10:43:19+02:00,2026-04-25T10:43:19+02:00,139.0,1,Strindheim via Kolstad-sentrum,ATB:Line:2_2,Strindheim- Lade- sentrum- Sau,2,bus,ATB:ServiceJourney:2_250131110662155_6039,True,actual,2026-04-25T11:58:21.163701+02:00
NSR:StopPlace:60640,Heimdal stasjon,2026-04-25T10:47:00+02:00,2026-04-25T10:49:58+02:00,2026-04-25T10:49:58+02:00,178.0,1,Lund,ATB:Line:2_2,Strindheim- Lade- sentrum- Sau,2,bus,ATB:ServiceJourney:2_250131110662371_6032,True,actual,2026-04-25T11:58:21.163701+02:00
NSR:StopPlace:60640,Heimdal stasjon,2026-04-25T10:50:00+02:00,2026-04-25T10:50:34+02:00,2026-04-25T10:50:34+02:00,34.0,1,Kattem,ATB:Line:2_1,Ranheim - Strindheim - sentrum - Tiller - Heimdal - Kattem,1,bus,ATB:ServiceJourney:1_250131110658400_6032,True,actual,2026-04-25T11:58:21.163701+02:00
NSR:StopPlace:60640,Heimdal stasjon,2026-04-25T10:46:00+02:00,2026-04-25T10:50:45+02:00,2026-04-25T10:50:45+02:00,285.0,1,Lundåsen,ATB:Line:2_46,Torgård- Lundåsen,46,bus,ATB:ServiceJourney:46_250131110656171_6018,True,actual,2026-04-25T11:58:21.163701+02:00
NSR:StopPlace:60640,Heimdal stasjon,2026-04-25T10:50:00+02:00,2026-04-25T10:52:26+02:00,2026-04-25T10:52:26+02:00,146.0,1,Ranheim via Tiller-sentrum,ATB:Line:2_1,Ranheim - Strindheim - sentrum - Tiller - Heimdal - Kattem,1,bus,ATB:ServiceJourney:1_250131110658206_6041,True,actual,2026-04-25T11:58:21.163701+02:00
NSR:StopPlace:60640,Heimdal stasjon,2026-04-25T10:51:00+02:00,2026-04-25T10:53:00+02:00,2026-04-25T10:53:00+02:00,120.0,1,Strindheim via Kolstad-sentrum,ATB:Line:2_2,Strindheim- Lade- sentrum- Sau,2,bus,ATB:ServiceJourney:2_250131110662156_6041,True,actual,2026-04-25T11:58:21.163701+02:00
NSR:StopPlace:60640,Heimdal stasjon,2026-04-25T10:53:00+02:00,2026-04-25T10:53:10+02:00,2026-04-25T10:53:10+02:00,10.0,1,Flatåstoppen via Kolstad k.,ATB:Line:2_16,Flatåsen- Heimdal- Torgård,16,bus,ATB:ServiceJourney:16_250131110662753_6013,True,actual,2026-04-25T11:58:21.163701+02:00
NSR:StopPlace:60640,Heimdal stasjon,2026-04-25T10:59:00+02:00,2026-04-25T10:59:00+02:00,,0.0,0,Skatval,SJN:Line:26,Trønderbanen,R70,rail,SJN:ServiceJourney:433-LMO_50206-R,False,planned,2026-04-25T11:58:21.163701+02:00
NSR:StopPlace:60640,Heimdal stasjon,2026-04-25T10:57:00+02:00,2026-04-25T10:59:23+02:00,2026-04-25T10:59:23+02:00,143.0,1,Lund,ATB:Line:2_2,Strindheim- Lade- sentrum- Sau,2,bus,ATB:ServiceJourney:2_250131110662372_6034,True,actual,2026-04-25T11:58:21.163701+02:00
NSR:StopPlace:60640,Heimdal stasjon,2026-04-25T10:56:00+02:00,2026-04-25T10:59:24+02:00,2026-04-25T10:59:24+02:00,204.0,1,Torgård via Tillerringen,ATB:Line:2_16,Flatåsen- Heimdal- Torgård,16,bus,ATB:ServiceJourney:16_250131110662654_6014,True,actual,2026-04-25T11:58:21.163701+02:00
NSR:StopPlace:60640,Heimdal stasjon,2026-04-25T10:59:00+02:00,2026-04-25T11:00:20+02:00,2026-04-25T11:00:20+02:00,80.0,1,Melhus skysstasjon,SJN:Line:26,Trønderbanen,R70,rail,SJN:ServiceJourney:428-SKV_50195-R,True,actual,2026-04-25T11:58:21.163701+02:00
NSR:StopPlace:60640,Heimdal stasjon,2026-04-25T11:00:00+02:00,2026-04-25T11:01:49+02:00,2026-04-25T11:01:49+02:00,109.0,1,Kattem,ATB:Line:2_1,Ranheim - Strindheim - sentrum - Tiller - Heimdal - Kattem,1,bus,ATB:ServiceJourney:1_250131110658401_6034,True,actual,2026-04-25T11:58:21.163701+02:00
NSR:StopPlace:60640,Heimdal stasjon,2026-04-25T11:01:00+02:00,2026-04-25T11:02:17+02:00,2026-04-25T11:02:17+02:00,77.0,1,Strindheim via Kolstad-sentrum,ATB:Line:2_2,Strindheim- Lade- sentrum- Sau,2,bus,ATB:ServiceJourney:2_250131110662157_6043,True,actual,2026-04-25T11:58:21.163701+02:00
NSR:StopPlace:60640,Heimdal stasjon,2026-04-25T11:00:00+02:00,2026-04-25T11:03:01+02:00,2026-04-25T11:03:01+02:00,181.0,1,Ranheim via Tiller-sentrum,ATB:Line:2_1,Ranheim - Strindheim - sentrum - Tiller - Heimdal - Kattem,1,bus,ATB:ServiceJourney:1_250131110658207_6043,True,actual,2026-04-25T11:58:21.163701+02:00
NSR:StopPlace:60640,Heimdal stasjon,2026-04-25T11:07:00+02:00,2026-04-25T11:08:36+02:00,2026-04-25T11:08:36+02:00,96.0,1,Torgård,ATB:Line:2_46,Torgård- Lundåsen,46,bus,ATB:ServiceJourney:46_250131110656255_6019,True,actual,2026-04-25T11:58:21.163701+02:00
NSR:StopPlace:60640,Heimdal stasjon,2026-04-25T11:10:00+02:00,2026-04-25T11:11:52+02:00,2026-04-25T11:11:52+02:00,112.0,1,Ranheim via Tiller-sentrum,ATB:Line:2_1,Ranheim - Strindheim - sentrum - Tiller - Heimdal - Kattem,1,bus,ATB:ServiceJourney:1_250131110658208_6045,True,actual,2026-04-25T11:58:21.163701+02:00
NSR:StopPlace:60640,Heimdal stasjon,2026-04-25T11:11:00+02:00,2026-04-25T11:12:32+02:00,2026-04-25T11:12:32+02:00,92.0,1,Strindheim via Kolstad-sentrum,ATB:Line:2_2,Strindheim- Lade- sentrum- Sau,2,bus,ATB:ServiceJourney:2_250131110662158_6045,True,actual,2026-04-25T11:58:21.163701+02:00
NSR:StopPlace:60640,Heimdal stasjon,2026-04-25T11:10:00+02:00,2026-04-25T11:12:55+02:00,2026-04-25T11:12:55+02:00,175.0,1,Kattem,ATB:Line:2_1,Ranheim - Strindheim - sentrum - Tiller - Heimdal - Kattem,1,bus,ATB:ServiceJourney:1_250131110658402_6036,True,actual,2026-04-25T11:58:21.163701+02:00
NSR:StopPlace:60640,Heimdal stasjon,2026-04-25T11:16:00+02:00,2026-04-25T11:16:52+02:00,2026-04-25T11:16:52+02:00,52.0,1,Lundåsen,ATB:Line:2_46,Torgård- Lundåsen,46,bus,ATB:ServiceJourney:46_250131110656172_6020,True,actual,2026-04-25T11:58:21.163701+02:00
NSR:StopPlace:60640,Heimdal stasjon,2026-04-25T11:17:00+02:00,2026-04-25T11:21:21+02:00,,261.0,1,Lund,ATB:Line:2_2,Strindheim- Lade- sentrum- Sau,2,bus,ATB:ServiceJourney:2_250131110662374_6038,True,expected,2026-04-25T11:58:21.163701+02:00
NSR:StopPlace:60640,Heimdal stasjon,2026-04-25T11:20:00+02:00,2026-04-25T11:21:39+02:00,2026-04-25T11:21:39+02:00,99.0,1,Ranheim via Tiller-sentrum,ATB:Line:2_1,Ranheim - Strindheim - sentrum - Tiller - Heimdal - Kattem,1,bus,ATB:ServiceJourney:1_250131110658209_6047,True,actual,2026-04-25T11:58:21.163701+02:00
NSR:StopPlace:60640,Heimdal stasjon,2026-04-25T11:20:00+02:00,2026-04-25T11:22:06+02:00,,126.0,1,Kattem,ATB:Line:2_1,Ranheim - Strindheim - sentrum - Tiller - Heimdal - Kattem,1,bus,ATB:ServiceJourney:1_250131110658350_6038,True,expected,2026-04-25T11:58:21.163701+02:00
NSR:StopPlace:60640,Heimdal stasjon,2026-04-25T11:21:00+02:00,2026-04-25T11:23:00+02:00,2026-04-25T11:23:00+02:00,120.0,1,Strindheim via Kolstad-sentrum,ATB:Line:2_2,Strindheim- Lade- sentrum- Sau,2,bus,ATB:ServiceJourney:2_250131110662159_6047,True,actual,2026-04-25T11:58:21.163701+02:00
NSR:StopPlace:60640,Heimdal stasjon,2026-04-25T11:23:00+02:00,2026-04-25T11:23:25+02:00,2026-04-25T11:23:25+02:00,25.0,1,Flatåsen/N. Flatåsen via Kolstad k.,ATB:Line:2_16,Flatåsen- Heimdal- Torgård,16,bus,ATB:ServiceJourney:16_250131110662690_6015,True,actual,2026-04-25T11:58:21.163701+02:00
NSR:StopPlace:60640,Heimdal stasjon,2026-04-25T11:26:00+02:00,2026-04-25T11:27:54+02:00,2026-04-25T11:27:54+02:00,114.0,1,Torgård via Tillerringen,ATB:Line:2_16,Flatåsen- Heimdal- Torgård,16,bus,ATB:ServiceJourney:16_250131110662744_6016,True,actual,2026-04-25T11:58:21.163701+02:00
NSR:StopPlace:60640,Heimdal stasjon,2026-04-25T11:27:00+02:00,2026-04-25T11:29:39+02:00,2026-04-25T11:29:39+02:00,159.0,1,Lund,ATB:Line:2_2,Strindheim- Lade- sentrum- Sau,2,bus,ATB:ServiceJourney:2_250131110662482_6040,True,actual,2026-04-25T11:58:21.163701+02:00
NSR:StopPlace:60640,Heimdal stasjon,2026-04-25T11:30:00+02:00,2026-04-25T11:30:36+02:00,,36.0,1,Kattem,ATB:Line:2_1,Ranheim - Strindheim - sentrum - Tiller - Heimdal - Kattem,1,bus,ATB:ServiceJourney:1_250131110658351_6040,True,expected,2026-04-25T11:58:21.163701+02:00
NSR:StopPlace:60640,Heimdal stasjon,2026-04-25T11:31:00+02:00,2026-04-25T11:31:49+02:00,2026-04-25T11:31:49+02:00,49.0,1,Strindheim via Kolstad-sentrum,ATB:Line:2_2,Strindheim- Lade- sentrum- Sau,2,bus,ATB:ServiceJourney:2_250131110662160_6049,True,actual,2026-04-25T11:58:21.163701+02:00
NSR:StopPlace:60640,Heimdal stasjon,2026-04-25T11:30:00+02:00,2026-04-25T11:32:22+02:00,2026-04-25T11:32:22+02:00,142.0,1,Ranheim via Tiller-sentrum,ATB:Line:2_1,Ranheim - Strindheim - sentrum - Tiller - Heimdal - Kattem,1,bus,ATB:ServiceJourney:1_250131110658210_6049,True,actual,2026-04-25T11:58:21.163701+02:00
NSR:StopPlace:60640,Heimdal stasjon,2026-04-25T11:37:00+02:00,2026-04-25T11:37:41+02:00,2026-04-25T11:37:41+02:00,41.0,1,Torgård,ATB:Line:2_46,Torgård- Lundåsen,46,bus,ATB:ServiceJourney:46_250131110656256_6021,True,actual,2026-04-25T11:58:21.163701+02:00
NSR:StopPlace:60640,Heimdal stasjon,2026-04-25T11:40:00+02:00,2026-04-25T11:40:57+02:00,,57.0,1,Kattem,ATB:Line:2_1,Ranheim - Strindheim - sentrum - Tiller - Heimdal - Kattem,1,bus,ATB:ServiceJourney:1_250131110658352_6042,True,expected,2026-04-25T11:58:21.163701+02:00
NSR:StopPlace:60640,Heimdal stasjon,2026-04-25T11:40:00+02:00,2026-04-25T11:42:13+02:00,2026-04-25T11:42:13+02:00,133.0,1,Ranheim via Tiller-sentrum,ATB:Line:2_1,Ranheim - Strindheim - sentrum - Tiller - Heimdal - Kattem,1,bus,ATB:ServiceJourney:1_250131110658211_6051,True,actual,2026-04-25T11:58:21.163701+02:00
NSR:StopPlace:60640,Heimdal stasjon,2026-04-25T11:41:00+02:00,2026-04-25T11:43:02+02:00,2026-04-25T11:43:02+02:00,122.0,1,Strindheim via Kolstad-sentrum,ATB:Line:2_2,Strindheim- Lade- sentrum- Sau,2,bus,ATB:ServiceJourney:2_250131110662161_6051,True,actual,2026-04-25T11:58:21.163701+02:00
NSR:StopPlace:60640,Heimdal stasjon,2026-04-25T11:37:00+02:00,2026-04-25T11:43:57+02:00,2026-04-25T11:43:57+02:00,417.0,1,Lund,ATB:Line:2_2,Strindheim- Lade- sentrum- Sau,2,bus,ATB:ServiceJourney:2_250131110662483_6042,True,actual,2026-04-25T11:58:21.163701+02:00
NSR:StopPlace:60640,Heimdal stasjon,2026-04-25T11:45:00+02:00,2026-04-25T11:45:00+02:00,,0.0,0,Ringvål,ATB:Line:2_78,Heimdal- Ringvål (-Spongdal),78,bus,ATB:ServiceJourney:78_250131110656311_6024,False,planned,2026-04-25T11:58:21.163701+02:00
NSR:StopPlace:60640,Heimdal stasjon,2026-04-25T11:46:00+02:00,2026-04-25T11:46:47+02:00,2026-04-25T11:46:47+02:00,47.0,1,Lundåsen,ATB:Line:2_46,Torgård- Lundåsen,46,bus,ATB:ServiceJourney:46_250131110656173_6022,True,actual,2026-04-25T11:58:21.163701+02:00
NSR:StopPlace:60640,Heimdal stasjon,2026-04-25T11:47:00+02:00,2026-04-25T11:49:20+02:00,2026-04-25T11:49:20+02:00,140.0,1,Lund,ATB:Line:2_2,Strindheim- Lade- sentrum- Sau,2,bus,ATB:ServiceJourney:2_250131110662484_6044,True,actual,2026-04-25T11:58:21.163701+02:00
NSR:StopPlace:60640,Heimdal stasjon,2026-04-25T11:50:00+02:00,2026-04-25T11:53:37+02:00,2026-04-25T11:53:37+02:00,217.0,1,Ranheim via Tiller-sentrum,ATB:Line:2_1,Ranheim - Strindheim - sentrum - Tiller - Heimdal - Kattem,1,bus,ATB:ServiceJourney:1_250131110658212_6053,True,actual,2026-04-25T11:58:21.163701+02:00
NSR:StopPlace:60640,Heimdal stasjon,2026-04-25T11:51:00+02:00,2026-04-25T11:53:44+02:00,2026-04-25T11:53:44+02:00,164.0,1,Strindheim via Kolstad-sentrum,ATB:Line:2_2,Strindheim- Lade- sentrum- Sau,2,bus,ATB:ServiceJourney:2_250131110662162_6053,True,actual,2026-04-25T11:58:21.163701+02:00
NSR:StopPlace:60640,Heimdal stasjon,2026-04-25T11:53:00+02:00,2026-04-25T11:55:24+02:00,2026-04-25T11:55:24+02:00,144.0,1,Flatåstoppen via Kolstad k.,ATB:Line:2_16,Flatåsen- Heimdal- Torgård,16,bus,ATB:ServiceJourney:16_250131110662754_6017,True,actual,2026-04-25T11:58:21.163701+02:00
NSR:StopPlace:60640,Heimdal stasjon,2026-04-25T11:56:00+02:00,2026-04-25T11:58:03+02:00,2026-04-25T11:58:03+02:00,123.0,1,Torgård via Tillerringen,ATB:Line:2_16,Flatåsen- Heimdal- Torgård,16,bus,ATB:ServiceJourney:16_250131110662655_6018,True,actual,2026-04-25T11:58:21.163701+02:00
NSR:StopPlace:60640,Heimdal stasjon,2026-04-25T11:59:00+02:00,2026-04-25T11:59:00+02:00,,0.0,0,Ler,SJN:Line:26,Trønderbanen,R70,rail,SJN:ServiceJourney:430-SKV_50200-R,True,planned,2026-04-25T11:58:21.163701+02:00
NSR:StopPlace:60640,Heimdal stasjon,2026-04-25T11:59:00+02:00,2026-04-25T11:59:00+02:00,,0.0,0,Skatval,SJN:Line:26,Trønderbanen,R70,rail,SJN:ServiceJourney:435-SOeB_50210-R,False,planned,2026-04-25T11:58:21.163701+02:00
NSR:StopPlace:60640,Heimdal stasjon,2026-04-25T11:50:00+02:00,2026-04-25T11:59:16+02:00,,556.0,1,Kattem,ATB:Line:2_1,Ranheim - Strindheim - sentrum - Tiller - Heimdal - Kattem,1,bus,ATB:ServiceJourney:1_250131110658353_6044,True,expected,2026-04-25T11:58:21.163701+02:00
NSR:StopPlace:60640,Heimdal stasjon,2026-04-25T11:57:00+02:00,2026-04-25T11:59:47+02:00,,167.0,1,Lund,ATB:Line:2_2,Strindheim- Lade- sentrum- Sau,2,bus,ATB:ServiceJourney:2_250131110662485_6046,True,expected,2026-04-25T11:58:21.163701+02:00
NSR:StopPlace:60640,Heimdal stasjon,2026-04-25T11:07:00+02:00,2026-04-25T12:00:30+02:00,,3210.0,1,Lund,ATB:Line:2_2,Strindheim- Lade- sentrum- Sau,2,bus,ATB:ServiceJourney:2_250131110662373_6036,True,expected,2026-04-25T11:58:21.163701+02:00
NSR:StopPlace:60640,Heimdal stasjon,2026-04-25T12:00:00+02:00,2026-04-25T12:00:59+02:00,,59.0,1,Kattem,ATB:Line:2_1,Ranheim - Strindheim - sentrum - Tiller - Heimdal - Kattem,1,bus,ATB:ServiceJourney:1_250131110658354_6046,True,expected,2026-04-25T11:58:21.163701+02:00
NSR:StopPlace:60640,Heimdal stasjon,2026-04-25T12:00:00+02:00,2026-04-25T12:01:21+02:00,,81.0,1,Ranheim via Tiller-sentrum,ATB:Line:2_1,Ranheim - Strindheim - sentrum - Tiller - Heimdal - Kattem,1,bus,ATB:ServiceJourney:1_250131110658213_6055,True,expected,2026-04-25T11:58:21.163701+02:00
NSR:StopPlace:60640,Heimdal stasjon,2026-04-25T12:01:00+02:00,2026-04-25T12:01:51+02:00,,51.0,1,Strindheim via Kolstad-sentrum,ATB:Line:2_2,Strindheim- Lade- sentrum- Sau,2,bus,ATB:ServiceJourney:2_250131110662163_6055,True,expected,2026-04-25T11:58:21.163701+02:00
NSR:StopPlace:60640,Heimdal stasjon,2026-04-25T12:07:00+02:00,2026-04-25T12:07:39+02:00,,39.0,1,Torgård,ATB:Line:2_46,Torgård- Lundåsen,46,bus,ATB:ServiceJourney:46_250131110656257_6023,True,expected,2026-04-25T11:58:21.163701+02:00
NSR:StopPlace:59650,Nyland stasjon,2026-04-25T10:51:00+02:00,2026-04-25T10:54:26+02:00,2026-04-25T10:54:26+02:00,206.0,1,Lillestrøm,VYG:Line:L1,Spikkestad-Oslo S-Lillestrøm,L1,rail,VYG:ServiceJourney:2224_443622-R,True,actual,2026-04-25T11:58:21.163701+02:00
NSR:StopPlace:59650,Nyland stasjon,2026-04-25T10:59:00+02:00,2026-04-25T11:02:35+02:00,2026-04-25T11:02:35+02:00,215.0,1,Spikkestad,VYG:Line:L1,Spikkestad-Oslo S-Lillestrøm,L1,rail,VYG:ServiceJourney:2225_443623-R,True,actual,2026-04-25T11:58:21.163701+02:00
NSR:StopPlace:59650,Nyland stasjon,2026-04-25T11:21:00+02:00,2026-04-25T11:23:54+02:00,2026-04-25T11:23:54+02:00,174.0,1,Lillestrøm,VYG:Line:L1,Spikkestad-Oslo S-Lillestrøm,L1,rail,VYG:ServiceJourney:2226_452018-R,True,actual,2026-04-25T11:58:21.163701+02:00
NSR:StopPlace:59650,Nyland stasjon,2026-04-25T11:22:00+02:00,2026-04-25T11:26:27+02:00,2026-04-25T11:26:27+02:00,267.0,1,Oslo lufthavn,NBU:Line:cb7b555c-f96e-42d5-84bf-a5e08c0145c2,Radiumhospitalet via Økern-Storo-Tåsen,FB3,bus,NBU:ServiceJourney:dca8a0be-c756-4372-8830-15f872c1201a,True,actual,2026-04-25T11:58:21.163701+02:00
NSR:StopPlace:59650,Nyland stasjon,2026-04-25T11:29:00+02:00,2026-04-25T11:32:57+02:00,2026-04-25T11:32:57+02:00,237.0,1,Spikkestad,VYG:Line:L1,Spikkestad-Oslo S-Lillestrøm,L1,rail,VYG:ServiceJourney:2227_443627-R,True,actual,2026-04-25T11:58:21.163701+02:00
NSR:StopPlace:59650,Nyland stasjon,2026-04-25T11:59:00+02:00,2026-04-25T12:03:06+02:00,,246.0,1,Spikkestad,VYG:Line:L1,Spikkestad-Oslo S-Lillestrøm,L1,rail,VYG:ServiceJourney:2229_443629-R,True,expected,2026-04-25T11:58:21.163701+02:00
NSR:StopPlace:59650,Nyland stasjon,2026-04-25T12:21:00+02:00,2026-04-25T12:21:00+02:00,,0.0,0,Lillestrøm,VYG:Line:L1,Spikkestad-Oslo S-Lillestrøm,L1,rail,VYG:ServiceJourney:2230_443632-R,True,planned,2026-04-25T11:58:21.163701+02:00
NSR:StopPlace:59650,Nyland stasjon,2026-04-25T12:22:00+02:00,2026-04-25T12:22:11+02:00,,11.0,1,Oslo lufthavn,NBU:Line:cb7b555c-f96e-42d5-84bf-a5e08c0145c2,Radiumhospitalet via Økern-Storo-Tåsen,FB3,bus,NBU:ServiceJourney:163bee30-953e-4d3e-a3a2-ac0b549cd843,True,expected,2026-04-25T11:58:21.163701+02:00
NSR:StopPlace:59650,Nyland stasjon,2026-04-25T12:29:00+02:00,2026-04-25T12:29:00+02:00,,0.0,0,Spikkestad,VYG:Line:L1,Spikkestad-Oslo S-Lillestrøm,L1,rail,VYG:ServiceJourney:2231_443635-R,True,planned,2026-04-25T11:58:21.163701+02:00
NSR:StopPlace:59650,Nyland stasjon,2026-04-25T12:51:00+02:00,2026-04-25T12:51:00+02:00,,0.0,0,Lillestrøm,VYG:Line:L1,Spikkestad-Oslo S-Lillestrøm,L1,rail,VYG:ServiceJourney:2232_443636-R,True,planned,2026-04-25T11:58:21.163701+02:00
NSR:StopPlace:59651,Skøyen stasjon,2026-04-25T10:42:00+02:00,2026-04-25T10:42:53+02:00,2026-04-25T10:42:53+02:00,53.0,1,Moss,VYG:Line:R21,Stabekk-Oslo S-Moss,R21,rail,VYG:ServiceJourney:1123-HVK_442999-R,True,actual,2026-04-25T11:58:21.163701+02:00
NSR:StopPlace:59651,Skøyen stasjon,2026-04-25T10:43:00+02:00,2026-04-25T10:43:03+02:00,2026-04-25T10:43:03+02:00,3.0,1,Fornebu,RUT:Line:31,Snarøya - Fornebu - Tonsenhagen - Grorud,31,bus,RUT:ServiceJourney:2d5875c96600334fa3b53954d3aa6e85,True,actual,2026-04-25T11:58:21.163701+02:00
NSR:StopPlace:59651,Skøyen stasjon,2026-04-25T10:43:00+02:00,2026-04-25T10:43:48+02:00,2026-04-25T10:43:48+02:00,48.0,1,Stabekk,VYG:Line:R21,Stabekk-Oslo S-Moss,R21,rail,VYG:ServiceJourney:1124-MOS_443000-R,True,actual,2026-04-25T11:58:21.163701+02:00
NSR:StopPlace:59651,Skøyen stasjon,2026-04-25T10:44:00+02:00,2026-04-25T10:44:42+02:00,2026-04-25T10:44:42+02:00,42.0,1,Eidsvoll,VYG:Line:R12,Kongsberg-Oslo S-Eidsvoll,R12,rail,VYG:ServiceJourney:512_541888-R,True,actual,2026-04-25T11:58:21.163701+02:00
NSR:StopPlace:59651,Skøyen stasjon,2026-04-25T10:45:00+02:00,2026-04-25T10:45:58+02:00,2026-04-25T10:45:58+02:00,58.0,1,Skien,VYG:Line:RE11,Eidsvoll-Oslo S-Skien,RE11,rail,VYG:ServiceJourney:813_444393-R,True,actual,2026-04-25T11:58:21.163701+02:00
NSR:StopPlace:59651,Skøyen stasjon,2026-04-25T10:46:00+02:00,2026-04-25T10:46:23+02:00,2026-04-25T10:46:23+02:00,23.0,1,Galgeberg,RUT:Line:20,Skøyen - Galgeberg,20,bus,RUT:ServiceJourney:58e82d8d31a843f9039a54173f8d270c,True,actual,2026-04-25T11:58:21.163701+02:00
NSR:StopPlace:59651,Skøyen stasjon,2026-04-25T10:46:00+02:00,2026-04-25T10:47:58+02:00,2026-04-25T10:47:58+02:00,118.0,1,Øvre Sogn,RUT:Line:40,Øvre Sogn - Skøyen,40,bus,RUT:ServiceJourney:44bcbafa294dc20dc635a5e1cd9729dd,True,actual,2026-04-25T11:58:21.163701+02:00
NSR:StopPlace:59651,Skøyen stasjon,2026-04-25T10:47:00+02:00,2026-04-25T10:48:43+02:00,2026-04-25T10:48:43+02:00,103.0,1,Spikkestad,VYG:Line:L1,Spikkestad-Oslo S-Lillestrøm,L1,rail,VYG:ServiceJourney:2223_443621-R,True,actual,2026-04-25T11:58:21.163701+02:00
NSR:StopPlace:59651,Skøyen stasjon,2026-04-25T10:47:00+02:00,2026-04-25T10:48:48+02:00,2026-04-25T10:48:48+02:00,108.0,1,Tonsenhagen,RUT:Line:31,Snarøya - Fornebu - Tonsenhagen - Grorud,31,bus,RUT:ServiceJourney:09cd35a327a163e091dfe23f11733738,True,actual,2026-04-25T11:58:21.163701+02:00
NSR:StopPlace:59651,Skøyen stasjon,2026-04-25T10:49:00+02:00,2026-04-25T10:49:36+02:00,2026-04-25T10:49:36+02:00,36.0,1,Oslo Lufthavn,FLT:Line:FLY1,FLY1,FLY1,rail,FLT:ServiceJourney:1-2614-3739-20260425,True,actual,2026-04-25T11:58:21.163701+02:00
NSR:StopPlace:59651,Skøyen stasjon,2026-04-25T10:51:00+02:00,2026-04-25T10:51:46+02:00,2026-04-25T10:51:46+02:00,46.0,1,Snarøya,RUT:Line:31,Snarøya - Fornebu - Tonsenhagen - Grorud,31,bus,RUT:ServiceJourney:772e6048b1634017be8bd5d4ad7a1b68,True,actual,2026-04-25T11:58:21.163701+02:00
NSR:StopPlace:59651,Skøyen stasjon,2026-04-25T10:51:00+02:00,2026-04-25T10:53:52+02:00,2026-04-25T10:53:52+02:00,172.0,1,Skøyen,RUT:Line:140,Bekkestua - Østerås - Skøyen,140,bus,RUT:ServiceJourney:616114ee62c5708bf6275465f0bb1abd,True,actual,2026-04-25T11:58:21.163701+02:00
NSR:StopPlace:59651,Skøyen stasjon,2026-04-25T10:53:00+02:00,2026-04-25T10:54:00+02:00,2026-04-25T10:54:00+02:00,60.0,1,Galgeberg,RUT:Line:20,Skøyen - Galgeberg,20,bus,RUT:ServiceJourney:ecc3bee122e977ea8a6e27d7d80f9e29,True,actual,2026-04-25T11:58:21.163701+02:00
NSR:StopPlace:59651,Skøyen stasjon,2026-04-25T10:54:00+02:00,2026-04-25T10:54:36+02:00,2026-04-25T10:54:36+02:00,36.0,1,Kongsvinger,VYG:Line:R14,Asker-Oslo S-Kongsvinger,R14,rail,VYG:ServiceJourney:1013_442918-R,True,actual,2026-04-25T11:58:21.163701+02:00
NSR:StopPlace:59651,Skøyen stasjon,2026-04-25T10:54:00+02:00,2026-04-25T10:55:48+02:00,2026-04-25T10:55:48+02:00,108.0,1,Grorud T,RUT:Line:31,Snarøya - Fornebu - Tonsenhagen - Grorud,31,bus,RUT:ServiceJourney:2c3649ffece351bd4b68ba3a03f5d9f5,True,actual,2026-04-25T11:58:21.163701+02:00
NSR:StopPlace:59651,Skøyen stasjon,2026-04-25T10:53:00+02:00,2026-04-25T10:56:02+02:00,2026-04-25T10:56:02+02:00,182.0,1,Stabekk,VYG:Line:L2,Stabekk-Oslo S-Ski,L2,rail,VYG:ServiceJourney:2726-SKI_443933-R,True,actual,2026-04-25T11:58:21.163701+02:00
NSR:StopPlace:59651,Skøyen stasjon,2026-04-25T10:55:00+02:00,2026-04-25T10:57:44+02:00,2026-04-25T10:57:44+02:00,164.0,1,Drammen,VYG:Line:R13,Drammen-Oslo S-Dal,R13,rail,VYG:ServiceJourney:1622_443260-R,True,actual,2026-04-25T11:58:21.163701+02:00
NSR:StopPlace:59651,Skøyen stasjon,2026-04-25T10:58:00+02:00,2026-04-25T10:58:03+02:00,2026-04-25T10:58:03+02:00,3.0,1,Fornebu,RUT:Line:31,Snarøya - Fornebu - Tonsenhagen - Grorud,31,bus,RUT:ServiceJourney:183c275f5fdd5d250c2b0c5157dfe80d,True,actual,2026-04-25T11:58:21.163701+02:00
NSR:StopPlace:59651,Skøyen stasjon,2026-04-25T11:01:00+02:00,2026-04-25T11:01:23+02:00,2026-04-25T11:01:23+02:00,23.0,1,Galgeberg,RUT:Line:20,Skøyen - Galgeberg,20,bus,RUT:ServiceJourney:0bef678f1f0bb080c8bea3db67199337,True,actual,2026-04-25T11:58:21.163701+02:00
NSR:StopPlace:59651,Skøyen stasjon,2026-04-25T10:59:00+02:00,2026-04-25T11:01:49+02:00,2026-04-25T11:01:49+02:00,169.0,1,Skøyen,RUT:Line:130,Sandvika -Skøyen,130,bus,RUT:ServiceJourney:57bacc2b95fc7e443e7c678f2920df96,True,actual,2026-04-25T11:58:21.163701+02:00
NSR:StopPlace:59651,Skøyen stasjon,2026-04-25T11:02:00+02:00,2026-04-25T11:02:00+02:00,2026-04-25T11:02:00+02:00,0.0,0,Tonsenhagen,RUT:Line:31,Snarøya - Fornebu - Tonsenhagen - Grorud,31,bus,RUT:ServiceJourney:4bf385aa32e8b1a4c4a974bf0a9528d1,True,actual,2026-04-25T11:58:21.163701+02:00
NSR:StopPlace:59651,Skøyen stasjon,2026-04-25T11:02:00+02:00,2026-04-25T11:02:52+02:00,2026-04-25T11:02:52+02:00,52.0,1,Lillestrøm,VYG:Line:L1,Spikkestad-Oslo S-Lillestrøm,L1,rail,VYG:ServiceJourney:2226_452018-R,True,actual,2026-04-25T11:58:21.163701+02:00
NSR:StopPlace:59651,Skøyen stasjon,2026-04-25T11:03:00+02:00,2026-04-25T11:04:37+02:00,2026-04-25T11:04:37+02:00,97.0,1,Sandvika,RUT:Line:130,Sandvika -Skøyen,130,bus,RUT:ServiceJourney:5f758cb66965215267efbcdde9c9a33e,True,actual,2026-04-25T11:58:21.163701+02:00
NSR:StopPlace:59651,Skøyen stasjon,2026-04-25T11:04:00+02:00,2026-04-25T11:04:47+02:00,2026-04-25T11:04:47+02:00,47.0,1,Dal,VYG:Line:R13,Drammen-Oslo S-Dal,R13,rail,VYG:ServiceJourney:1625_481147-R,True,actual,2026-04-25T11:58:21.163701+02:00
NSR:StopPlace:59651,Skøyen stasjon,2026-04-25T11:05:00+02:00,2026-04-25T11:05:18+02:00,2026-04-25T11:05:18+02:00,18.0,1,Asker,VYG:Line:R14,Asker-Oslo S-Kongsvinger,R14,rail,VYG:ServiceJourney:1012_442917-R,True,actual,2026-04-25T11:58:21.163701+02:00
NSR:StopPlace:59651,Skøyen stasjon,2026-04-25T11:06:00+02:00,2026-04-25T11:07:10+02:00,2026-04-25T11:07:10+02:00,70.0,1,Ski,VYG:Line:L2,Stabekk-Oslo S-Ski,L2,rail,VYG:ServiceJourney:2725-HVK_443932-R,True,actual,2026-04-25T11:58:21.163701+02:00
NSR:StopPlace:59651,Skøyen stasjon,2026-04-25T11:06:00+02:00,2026-04-25T11:07:18+02:00,2026-04-25T11:07:18+02:00,78.0,1,Snarøya,RUT:Line:31,Snarøya - Fornebu - Tonsenhagen - Grorud,31,bus,RUT:ServiceJourney:440cff256379b36608006ed4e4f811ff,True,actual,2026-04-25T11:58:21.163701+02:00
NSR:StopPlace:59651,Skøyen stasjon,2026-04-25T11:08:00+02:00,2026-04-25T11:08:20+02:00,2026-04-25T11:08:20+02:00,20.0,1,Galgeberg,RUT:Line:20,Skøyen - Galgeberg,20,bus,RUT:ServiceJourney:30f3f343e85ec7918e7075be64bfe663,True,actual,2026-04-25T11:58:21.163701+02:00
NSR:StopPlace:59651,Skøyen stasjon,2026-04-25T11:09:00+02:00,2026-04-25T11:09:19+02:00,2026-04-25T11:09:19+02:00,19.0,1,Grorud T,RUT:Line:31,Snarøya - Fornebu - Tonsenhagen - Grorud,31,bus,RUT:ServiceJourney:91b6780d43671f0de5064f1f9f8e4dcb,True,actual,2026-04-25T11:58:21.163701+02:00
NSR:StopPlace:59651,Skøyen stasjon,2026-04-25T11:09:00+02:00,2026-04-25T11:10:51+02:00,2026-04-25T11:10:51+02:00,111.0,1,Oslo Lufthavn,FLT:Line:FLY1,FLY1,FLY1,rail,FLT:ServiceJourney:1-2614-3741-20260425,True,actual,2026-04-25T11:58:21.163701+02:00
NSR:StopPlace:59651,Skøyen stasjon,2026-04-25T11:10:00+02:00,2026-04-25T11:11:13+02:00,2026-04-25T11:11:13+02:00,73.0,1,Bekkestua via Østerås,RUT:Line:140,Bekkestua - Østerås - Skøyen,140,bus,RUT:ServiceJourney:2a726b05f2c9b081003ad05a0c5de259,True,actual,2026-04-25T11:58:21.163701+02:00
NSR:StopPlace:59651,Skøyen stasjon,2026-04-25T11:12:00+02:00,2026-04-25T11:13:10+02:00,2026-04-25T11:13:10+02:00,70.0,1,Moss,VYG:Line:R21,Stabekk-Oslo S-Moss,R21,rail,VYG:ServiceJourney:1125-HVK_443001-R,True,actual,2026-04-25T11:58:21.163701+02:00
NSR:StopPlace:59651,Skøyen stasjon,2026-04-25T11:13:00+02:00,2026-04-25T11:14:45+02:00,2026-04-25T11:14:45+02:00,105.0,1,Stabekk,VYG:Line:R21,Stabekk-Oslo S-Moss,R21,rail,VYG:ServiceJourney:1126-MOS_443002-R,True,actual,2026-04-25T11:58:21.163701+02:00
NSR:StopPlace:59651,Skøyen stasjon,2026-04-25T11:13:00+02:00,2026-04-25T11:15:32+02:00,2026-04-25T11:15:32+02:00,152.0,1,Fornebu,RUT:Line:31,Snarøya - Fornebu - Tonsenhagen - Grorud,31,bus,RUT:ServiceJourney:c030ed4ccfc24d9f7c2fea208d513213,True,actual,2026-04-25T11:58:21.163701+02:00
NSR:StopPlace:59651,Skøyen stasjon,2026-04-25T11:14:00+02:00,2026-04-25T11:15:32+02:00,2026-04-25T11:15:32+02:00,92.0,1,Eidsvoll,VYG:Line:RE11,Eidsvoll-Oslo S-Skien,RE11,rail,VYG:ServiceJourney:812_444392-R,True,actual,2026-04-25T11:58:21.163701+02:00
NSR:StopPlace:59651,Skøyen stasjon,2026-04-25T11:16:00+02:00,2026-04-25T11:16:28+02:00,2026-04-25T11:16:28+02:00,28.0,1,Øvre Sogn,RUT:Line:40,Øvre Sogn - Skøyen,40,bus,RUT:ServiceJourney:20bc5aa45a28446b3d7a924adf45ddd5,True,actual,2026-04-25T11:58:21.163701+02:00
NSR:StopPlace:59651,Skøyen stasjon,2026-04-25T11:15:00+02:00,2026-04-25T11:17:01+02:00,2026-04-25T11:17:01+02:00,121.0,1,Kongsberg,VYG:Line:R12,Kongsberg-Oslo S-Eidsvoll,R12,rail,VYG:ServiceJourney:513_444309-R,True,actual,2026-04-25T11:58:21.163701+02:00
NSR:StopPlace:59651,Skøyen stasjon,2026-04-25T11:17:00+02:00,2026-04-25T11:18:16+02:00,2026-04-25T11:18:16+02:00,76.0,1,Spikkestad,VYG:Line:L1,Spikkestad-Oslo S-Lillestrøm,L1,rail,VYG:ServiceJourney:2225_443623-R,True,actual,2026-04-25T11:58:21.163701+02:00
NSR:StopPlace:59651,Skøyen stasjon,2026-04-25T11:17:00+02:00,2026-04-25T11:18:49+02:00,2026-04-25T11:18:49+02:00,109.0,1,Tonsenhagen,RUT:Line:31,Snarøya - Fornebu - Tonsenhagen - Grorud,31,bus,RUT:ServiceJourney:12820b3b48af649781950f8fb46053ab,True,actual,2026-04-25T11:58:21.163701+02:00
NSR:StopPlace:59651,Skøyen stasjon,2026-04-25T11:16:00+02:00,2026-04-25T11:18:58+02:00,2026-04-25T11:18:58+02:00,178.0,1,Galgeberg,RUT:Line:20,Skøyen - Galgeberg,20,bus,RUT:ServiceJourney:2d3a79a506ece0b9e93c111cbf9813e4,True,actual,2026-04-25T11:58:21.163701+02:00
NSR:StopPlace:59651,Skøyen stasjon,2026-04-25T11:23:00+02:00,2026-04-25T11:23:37+02:00,2026-04-25T11:23:37+02:00,37.0,1,Galgeberg,RUT:Line:20,Skøyen - Galgeberg,20,bus,RUT:ServiceJourney:dbaf95c4a56ba6d5b76c2209d2447134,True,actual,2026-04-25T11:58:21.163701+02:00
NSR:StopPlace:59651,Skøyen stasjon,2026-04-25T11:24:00+02:00,2026-04-25T11:24:19+02:00,2026-04-25T11:24:19+02:00,19.0,1,Grorud T,RUT:Line:31,Snarøya - Fornebu - Tonsenhagen - Grorud,31,bus,RUT:ServiceJourney:8dc789403efd9c2e2ba759d0ffea1d9d,True,actual,2026-04-25T11:58:21.163701+02:00
NSR:StopPlace:59651,Skøyen stasjon,2026-04-25T11:23:00+02:00,2026-04-25T11:24:21+02:00,2026-04-25T11:24:21+02:00,81.0,1,Stabekk,VYG:Line:L2,Stabekk-Oslo S-Ski,L2,rail,VYG:ServiceJourney:2728-SKI_443935-R,True,actual,2026-04-25T11:58:21.163701+02:00
NSR:StopPlace:59651,Skøyen stasjon,2026-04-25T11:24:00+02:00,2026-04-25T11:24:41+02:00,2026-04-25T11:24:41+02:00,41.0,1,Lillehammer,VYG:Line:RE10,Drammen-Oslo S-Lillehammer,RE10,rail,VYG:ServiceJourney:315-SUD_444173-R,True,actual,2026-04-25T11:58:21.163701+02:00
NSR:StopPlace:59651,Skøyen stasjon,2026-04-25T11:21:00+02:00,2026-04-25T11:24:53+02:00,2026-04-25T11:24:53+02:00,233.0,1,Skøyen,RUT:Line:140,Bekkestua - Østerås - Skøyen,140,bus,RUT:ServiceJourney:e636525a782673e3ab1e7550ed606508,True,actual,2026-04-25T11:58:21.163701+02:00
NSR:StopPlace:59651,Skøyen stasjon,2026-04-25T11:21:00+02:00,2026-04-25T11:26:10+02:00,2026-04-25T11:26:10+02:00,310.0,1,Snarøya,RUT:Line:31,Snarøya - Fornebu - Tonsenhagen - Grorud,31,bus,RUT:ServiceJourney:78d4b7c25b6af998722a051396b2a16f,True,actual,2026-04-25T11:58:21.163701+02:00
NSR:StopPlace:59651,Skøyen stasjon,2026-04-25T11:25:00+02:00,2026-04-25T11:27:31+02:00,2026-04-25T11:27:31+02:00,151.0,1,Drammen,VYG:Line:R13,Drammen-Oslo S-Dal,R13,rail,VYG:ServiceJourney:1624_443264-R,True,actual,2026-04-25T11:58:21.163701+02:00
NSR:StopPlace:59651,Skøyen stasjon,2026-04-25T11:28:00+02:00,2026-04-25T11:29:20+02:00,2026-04-25T11:29:20+02:00,80.0,1,Fornebu,RUT:Line:31,Snarøya - Fornebu - Tonsenhagen - Grorud,31,bus,RUT:ServiceJourney:7808661fa9699173aedafebdeac418b2,True,actual,2026-04-25T11:58:21.163701+02:00
NSR:StopPlace:59651,Skøyen stasjon,2026-04-25T11:29:00+02:00,2026-04-25T11:29:53+02:00,2026-04-25T11:29:53+02:00,53.0,1,Oslo Lufthavn,FLT:Line:FLY1,FLY1,FLY1,rail,FLT:ServiceJourney:1-2614-3743-20260425,True,actual,2026-04-25T11:58:21.163701+02:00
NSR:StopPlace:59651,Skøyen stasjon,2026-04-25T11:31:00+02:00,2026-04-25T11:31:36+02:00,2026-04-25T11:31:36+02:00,36.0,1,Galgeberg,RUT:Line:20,Skøyen - Galgeberg,20,bus,RUT:ServiceJourney:1f2a5bcea406e5661836bfd3fec47b85,True,actual,2026-04-25T11:58:21.163701+02:00
NSR:StopPlace:59652,Tøyen stasjon,2026-04-25T10:45:00+02:00,2026-04-25T10:46:33+02:00,2026-04-25T10:46:33+02:00,93.0,1,Vippetangen,RUT:Line:60,Vippetangen-Tonsenhagen,60,bus,RUT:ServiceJourney:ee1d29245092fe2134c217858b96fbad,True,actual,2026-04-25T11:58:21.163701+02:00
NSR:StopPlace:59652,Tøyen stasjon,2026-04-25T10:54:00+02:00,2026-04-25T10:55:01+02:00,2026-04-25T10:55:01+02:00,61.0,1,Tonsenhagen,RUT:Line:60,Vippetangen-Tonsenhagen,60,bus,RUT:ServiceJourney:94992d2693e9db34fdc726002e1ca553,True,actual,2026-04-25T11:58:21.163701+02:00
NSR:StopPlace:59652,Tøyen stasjon,2026-04-25T11:00:00+02:00,2026-04-25T11:02:32+02:00,2026-04-25T11:02:32+02:00,152.0,1,Vippetangen,RUT:Line:60,Vippetangen-Tonsenhagen,60,bus,RUT:ServiceJourney:c03eaefed8d37ca1d9a107682ca9da2f,True,actual,2026-04-25T11:58:21.163701+02:00
NSR:StopPlace:59652,Tøyen stasjon,2026-04-25T11:09:00+02:00,2026-04-25T11:10:42+02:00,2026-04-25T11:10:42+02:00,102.0,1,Tonsenhagen,RUT:Line:60,Vippetangen-Tonsenhagen,60,bus,RUT:ServiceJourney:f98c211193895510bff92c9983ddcb10,True,actual,2026-04-25T11:58:21.163701+02:00
NSR:StopPlace:59652,Tøyen stasjon,2026-04-25T11:15:00+02:00,2026-04-25T11:16:39+02:00,2026-04-25T11:16:39+02:00,99.0,1,Vippetangen,RUT:Line:60,Vippetangen-Tonsenhagen,60,bus,RUT:ServiceJourney:7b78f58b94788e935068769d72b3e12b,True,actual,2026-04-25T11:58:21.163701+02:00
NSR:StopPlace:59652,Tøyen stasjon,2026-04-25T11:24:00+02:00,2026-04-25T11:25:55+02:00,2026-04-25T11:25:55+02:00,115.0,1,Tonsenhagen,RUT:Line:60,Vippetangen-Tonsenhagen,60,bus,RUT:ServiceJourney:c2e478339f6c6e7f0c30bfb6eba16d5e,True,actual,2026-04-25T11:58:21.163701+02:00
NSR:StopPlace:59652,Tøyen stasjon,2026-04-25T11:30:00+02:00,2026-04-25T11:31:01+02:00,2026-04-25T11:31:01+02:00,61.0,1,Vippetangen,RUT:Line:60,Vippetangen-Tonsenhagen,60,bus,RUT:ServiceJourney:fe88ea842b33bee90e0da2a90b83c91d,True,actual,2026-04-25T11:58:21.163701+02:00
NSR:StopPlace:59652,Tøyen stasjon,2026-04-25T11:39:00+02:00,2026-04-25T11:39:20+02:00,2026-04-25T11:39:20+02:00,20.0,1,Tonsenhagen,RUT:Line:60,Vippetangen-Tonsenhagen,60,bus,RUT:ServiceJourney:55aab0bfbefe830d0fcbfd0ffe1c4a77,True,actual,2026-04-25T11:58:21.163701+02:00
NSR:StopPlace:59652,Tøyen stasjon,2026-04-25T11:45:00+02:00,2026-04-25T11:48:12+02:00,2026-04-25T11:48:12+02:00,192.0,1,Vippetangen,RUT:Line:60,Vippetangen-Tonsenhagen,60,bus,RUT:ServiceJourney:6592daf0e1eeccec887d429db957fe96,True,actual,2026-04-25T11:58:21.163701+02:00
NSR:StopPlace:59652,Tøyen stasjon,2026-04-25T11:54:00+02:00,2026-04-25T11:56:51+02:00,2026-04-25T11:56:51+02:00,171.0,1,Tonsenhagen,RUT:Line:60,Vippetangen-Tonsenhagen,60,bus,RUT:ServiceJourney:fecd2e696160797510a062c508646501,True,actual,2026-04-25T11:58:21.163701+02:00
NSR:StopPlace:59652,Tøyen stasjon,2026-04-25T12:00:00+02:00,2026-04-25T12:04:28+02:00,,268.0,1,Vippetangen,RUT:Line:60,Vippetangen-Tonsenhagen,60,bus,RUT:ServiceJourney:e2d32bc26ed4ec26c3c7ad35b2b0c41e,True,expected,2026-04-25T11:58:21.163701+02:00
NSR:StopPlace:59652,Tøyen stasjon,2026-04-25T12:09:00+02:00,2026-04-25T12:13:05+02:00,,245.0,1,Tonsenhagen,RUT:Line:60,Vippetangen-Tonsenhagen,60,bus,RUT:ServiceJourney:e4939ceb097712bf4986d9c0b265f266,True,expected,2026-04-25T11:58:21.163701+02:00
NSR:StopPlace:59652,Tøyen stasjon,2026-04-25T12:15:00+02:00,2026-04-25T12:16:03+02:00,,63.0,1,Vippetangen,RUT:Line:60,Vippetangen-Tonsenhagen,60,bus,RUT:ServiceJourney:061850a60aac4441e79e53f9ce69c1fb,True,expected,2026-04-25T11:58:21.163701+02:00
NSR:StopPlace:59652,Tøyen stasjon,2026-04-25T12:24:00+02:00,2026-04-25T12:24:00+02:00,,0.0,0,Tonsenhagen,RUT:Line:60,Vippetangen-Tonsenhagen,60,bus,RUT:ServiceJourney:64114410e7bf4dce78e39e7ddd1a67c2,True,planned,2026-04-25T11:58:21.163701+02:00
NSR:StopPlace:59652,Tøyen stasjon,2026-04-25T12:30:00+02:00,2026-04-25T12:30:00+02:00,,0.0,0,Vippetangen,RUT:Line:60,Vippetangen-Tonsenhagen,60,bus,RUT:ServiceJourney:7a4555897b72c90322512066843a2c8d,False,planned,2026-04-25T11:58:21.163701+02:00
NSR:StopPlace:59652,Tøyen stasjon,2026-04-25T12:39:00+02:00,2026-04-25T12:39:00+02:00,,0.0,0,Tonsenhagen,RUT:Line:60,Vippetangen-Tonsenhagen,60,bus,RUT:ServiceJourney:9cc0c520bfd0a375eb6a4f4ac2feb363,False,planned,2026-04-25T11:58:21.163701+02:00
NSR:StopPlace:59652,Tøyen stasjon,2026-04-25T12:45:00+02:00,2026-04-25T12:45:00+02:00,,0.0,0,Vippetangen,RUT:Line:60,Vippetangen-Tonsenhagen,60,bus,RUT:ServiceJourney:8d2e3df6fa2d6395332888c7d36fac74,False,planned,2026-04-25T11:58:21.163701+02:00
NSR:StopPlace:59652,Tøyen stasjon,2026-04-25T12:54:00+02:00,2026-04-25T12:54:00+02:00,,0.0,0,Tonsenhagen,RUT:Line:60,Vippetangen-Tonsenhagen,60,bus,RUT:ServiceJourney:34c7ebc1f5609cc6e1e468f4b551e00e,False,planned,2026-04-25T11:58:21.163701+02:00
NSR:StopPlace:59653,Haugenstua stasjon,2026-04-25T10:55:00+02:00,2026-04-25T10:57:27+02:00,2026-04-25T10:57:27+02:00,147.0,1,Spikkestad,VYG:Line:L1,Spikkestad-Oslo S-Lillestrøm,L1,rail,VYG:ServiceJourney:2225_443623-R,True,actual,2026-04-25T11:58:21.163701+02:00
NSR:StopPlace:59653,Haugenstua stasjon,2026-04-25T10:55:00+02:00,2026-04-25T10:59:10+02:00,2026-04-25T10:59:10+02:00,250.0,1,Lillestrøm,VYG:Line:L1,Spikkestad-Oslo S-Lillestrøm,L1,rail,VYG:ServiceJourney:2224_443622-R,True,actual,2026-04-25T11:58:21.163701+02:00
NSR:StopPlace:59653,Haugenstua stasjon,2026-04-25T11:25:00+02:00,2026-04-25T11:27:58+02:00,2026-04-25T11:27:58+02:00,178.0,1,Spikkestad,VYG:Line:L1,Spikkestad-Oslo S-Lillestrøm,L1,rail,VYG:ServiceJourney:2227_443627-R,True,actual,2026-04-25T11:58:21.163701+02:00
NSR:StopPlace:59653,Haugenstua stasjon,2026-04-25T11:25:00+02:00,2026-04-25T11:28:43+02:00,2026-04-25T11:28:43+02:00,223.0,1,Lillestrøm,VYG:Line:L1,Spikkestad-Oslo S-Lillestrøm,L1,rail,VYG:ServiceJourney:2226_452018-R,True,actual,2026-04-25T11:58:21.163701+02:00
NSR:StopPlace:59653,Haugenstua stasjon,2026-04-25T11:55:00+02:00,2026-04-25T11:59:26+02:00,,266.0,1,Spikkestad,VYG:Line:L1,Spikkestad-Oslo S-Lillestrøm,L1,rail,VYG:ServiceJourney:2229_443629-R,True,expected,2026-04-25T11:58:21.163701+02:00
NSR:StopPlace:59653,Haugenstua stasjon,2026-04-25T12:25:00+02:00,2026-04-25T12:25:00+02:00,,0.0,0,Spikkestad,VYG:Line:L1,Spikkestad-Oslo S-Lillestrøm,L1,rail,VYG:ServiceJourney:2231_443635-R,True,planned,2026-04-25T11:58:21.163701+02:00
NSR:StopPlace:59653,Haugenstua stasjon,2026-04-25T12:25:00+02:00,2026-04-25T12:25:00+02:00,,0.0,0,Lillestrøm,VYG:Line:L1,Spikkestad-Oslo S-Lillestrøm,L1,rail,VYG:ServiceJourney:2230_443632-R,True,planned,2026-04-25T11:58:21.163701+02:00
NSR:StopPlace:59653,Haugenstua stasjon,2026-04-25T12:55:00+02:00,2026-04-25T12:55:00+02:00,,0.0,0,Spikkestad,VYG:Line:L1,Spikkestad-Oslo S-Lillestrøm,L1,rail,VYG:ServiceJourney:2233_443637-R,True,planned,2026-04-25T11:58:21.163701+02:00
NSR:StopPlace:59653,Haugenstua stasjon,2026-04-25T12:55:00+02:00,2026-04-25T12:55:00+02:00,,0.0,0,Lillestrøm,VYG:Line:L1,Spikkestad-Oslo S-Lillestrøm,L1,rail,VYG:ServiceJourney:2232_443636-R,True,planned,2026-04-25T11:58:21.163701+02:00
NSR:StopPlace:59654,Stabekk stasjon,2026-04-25T10:39:00+02:00,2026-04-25T10:43:08+02:00,2026-04-25T10:43:08+02:00,248.0,1,Gullhaug,RUT:Line:150,Gullhaug - Nationaltheatret,150,bus,RUT:ServiceJourney:77dfa5268da0f529bb241d03cf9af0b5,True,actual,2026-04-25T11:58:21.163701+02:00
NSR:StopPlace:59654,Stabekk stasjon,2026-04-25T10:52:00+02:00,2026-04-25T10:52:52+02:00,2026-04-25T10:52:52+02:00,52.0,1,Nationaltheatret,RUT:Line:150,Gullhaug - Nationaltheatret,150,bus,RUT:ServiceJourney:8085bcdb2265ee09dbd18b28f6781333,True,actual,2026-04-25T11:58:21.163701+02:00
NSR:StopPlace:59654,Stabekk stasjon,2026-04-25T10:54:00+02:00,2026-04-25T10:54:41+02:00,2026-04-25T10:54:41+02:00,41.0,1,Spikkestad,VYG:Line:L1,Spikkestad-Oslo S-Lillestrøm,L1,rail,VYG:ServiceJourney:2223_443621-R,True,actual,2026-04-25T11:58:21.163701+02:00
NSR:StopPlace:59654,Stabekk stasjon,2026-04-25T10:56:00+02:00,2026-04-25T10:56:12+02:00,2026-04-25T10:56:12+02:00,12.0,1,Lillestrøm,VYG:Line:L1,Spikkestad-Oslo S-Lillestrøm,L1,rail,VYG:ServiceJourney:2226_452018-R,True,actual,2026-04-25T11:58:21.163701+02:00
NSR:StopPlace:59654,Stabekk stasjon,2026-04-25T10:54:00+02:00,2026-04-25T10:56:25+02:00,2026-04-25T10:56:25+02:00,145.0,1,Gullhaug,RUT:Line:150,Gullhaug - Nationaltheatret,150,bus,RUT:ServiceJourney:2aa5f6ca6b69b78e8d9e474ef0fb787d,True,actual,2026-04-25T11:58:21.163701+02:00
NSR:StopPlace:59654,Stabekk stasjon,2026-04-25T11:00:00+02:00,2026-04-25T11:00:11+02:00,2026-04-25T11:00:11+02:00,11.0,1,Ski,VYG:Line:L2,Stabekk-Oslo S-Ski,L2,rail,VYG:ServiceJourney:2725-HVK_443932-R,True,actual,2026-04-25T11:58:21.163701+02:00
NSR:StopPlace:59654,Stabekk stasjon,2026-04-25T11:06:00+02:00,2026-04-25T11:06:10+02:00,2026-04-25T11:06:10+02:00,10.0,1,Moss,VYG:Line:R21,Stabekk-Oslo S-Moss,R21,rail,VYG:ServiceJourney:1125-HVK_443001-R,True,actual,2026-04-25T11:58:21.163701+02:00
NSR:StopPlace:59654,Stabekk stasjon,2026-04-25T11:07:00+02:00,2026-04-25T11:08:00+02:00,2026-04-25T11:08:00+02:00,60.0,1,Nationaltheatret,RUT:Line:150,Gullhaug - Nationaltheatret,150,bus,RUT:ServiceJourney:863efc7fa949ce0e75ed4e2e17a2f0c0,True,actual,2026-04-25T11:58:21.163701+02:00
NSR:StopPlace:59654,Stabekk stasjon,2026-04-25T11:09:00+02:00,2026-04-25T11:11:44+02:00,2026-04-25T11:11:44+02:00,164.0,1,Gullhaug,RUT:Line:150,Gullhaug - Nationaltheatret,150,bus,RUT:ServiceJourney:e7be013f0a6eec6ed1faee2e1507fecd,True,actual,2026-04-25T11:58:21.163701+02:00
NSR:StopPlace:59654,Stabekk stasjon,2026-04-25T11:22:00+02:00,2026-04-25T11:22:26+02:00,2026-04-25T11:22:26+02:00,26.0,1,Nationaltheatret,RUT:Line:150,Gullhaug - Nationaltheatret,150,bus,RUT:ServiceJourney:830f9e01cb4e33f483098d210bb28f89,True,actual,2026-04-25T11:58:21.163701+02:00
NSR:StopPlace:59654,Stabekk stasjon,2026-04-25T11:24:00+02:00,2026-04-25T11:24:20+02:00,2026-04-25T11:24:20+02:00,20.0,1,Spikkestad,VYG:Line:L1,Spikkestad-Oslo S-Lillestrøm,L1,rail,VYG:ServiceJourney:2225_443623-R,True,actual,2026-04-25T11:58:21.163701+02:00
NSR:StopPlace:59654,Stabekk stasjon,2026-04-25T11:26:00+02:00,2026-04-25T11:26:10+02:00,2026-04-25T11:26:10+02:00,10.0,1,Lillestrøm,VYG:Line:L1,Spikkestad-Oslo S-Lillestrøm,L1,rail,VYG:ServiceJourney:2228_443628-R,True,actual,2026-04-25T11:58:21.163701+02:00
NSR:StopPlace:59654,Stabekk stasjon,2026-04-25T11:24:00+02:00,2026-04-25T11:26:39+02:00,2026-04-25T11:26:39+02:00,159.0,1,Gullhaug,RUT:Line:150,Gullhaug - Nationaltheatret,150,bus,RUT:ServiceJourney:da8337812a8e86ad39dce3d6600b80c4,True,actual,2026-04-25T11:58:21.163701+02:00
NSR:StopPlace:59654,Stabekk stasjon,2026-04-25T11:30:00+02:00,2026-04-25T11:30:10+02:00,2026-04-25T11:30:10+02:00,10.0,1,Ski,VYG:Line:L2,Stabekk-Oslo S-Ski,L2,rail,VYG:ServiceJourney:2727-HVK_443934-R,True,actual,2026-04-25T11:58:21.163701+02:00
NSR:StopPlace:59654,Stabekk stasjon,2026-04-25T11:36:00+02:00,2026-04-25T11:36:19+02:00,2026-04-25T11:36:19+02:00,19.0,1,Moss,VYG:Line:R21,Stabekk-Oslo S-Moss,R21,rail,VYG:ServiceJourney:1127-HVK_443003-R,True,actual,2026-04-25T11:58:21.163701+02:00
NSR:StopPlace:59654,Stabekk stasjon,2026-04-25T11:37:00+02:00,2026-04-25T11:38:04+02:00,2026-04-25T11:38:04+02:00,64.0,1,Nationaltheatret,RUT:Line:150,Gullhaug - Nationaltheatret,150,bus,RUT:ServiceJourney:2678f2f564b68d5d94cb95fed65803a7,True,actual,2026-04-25T11:58:21.163701+02:00
NSR:StopPlace:59654,Stabekk stasjon,2026-04-25T11:39:00+02:00,2026-04-25T11:40:43+02:00,2026-04-25T11:40:43+02:00,103.0,1,Gullhaug,RUT:Line:150,Gullhaug - Nationaltheatret,150,bus,RUT:ServiceJourney:898402bc21fdbd786a124f0fafe57799,True,actual,2026-04-25T11:58:21.163701+02:00
NSR:StopPlace:59654,Stabekk stasjon,2026-04-25T11:52:00+02:00,2026-04-25T11:53:05+02:00,2026-04-25T11:53:05+02:00,65.0,1,Nationaltheatret,RUT:Line:150,Gullhaug - Nationaltheatret,150,bus,RUT:ServiceJourney:2564e08a876d423d0e73feb6687db733,True,actual,2026-04-25T11:58:21.163701+02:00
NSR:StopPlace:59654,Stabekk stasjon,2026-04-25T11:54:00+02:00,2026-04-25T11:55:29+02:00,2026-04-25T11:55:29+02:00,89.0,1,Spikkestad,VYG:Line:L1,Spikkestad-Oslo S-Lillestrøm,L1,rail,VYG:ServiceJourney:2227_443627-R,True,actual,2026-04-25T11:58:21.163701+02:00
NSR:StopPlace:59654,Stabekk stasjon,2026-04-25T11:56:00+02:00,2026-04-25T11:56:01+02:00,2026-04-25T11:56:01+02:00,1.0,1,Lillestrøm,VYG:Line:L1,Spikkestad-Oslo S-Lillestrøm,L1,rail,VYG:ServiceJourney:2230_443632-R,True,actual,2026-04-25T11:58:21.163701+02:00
NSR:StopPlace:59654,Stabekk stasjon,2026-04-25T11:54:00+02:00,2026-04-25T11:56:17+02:00,2026-04-25T11:56:17+02:00,137.0,1,Gullhaug,RUT:Line:150,Gullhaug - Nationaltheatret,150,bus,RUT:ServiceJourney:862a2f8949a204ce364f15cabffbf808,True,actual,2026-04-25T11:58:21.163701+02:00
NSR:StopPlace:59654,Stabekk stasjon,2026-04-25T12:00:00+02:00,2026-04-25T12:00:00+02:00,,0.0,0,Ski,VYG:Line:L2,Stabekk-Oslo S-Ski,L2,rail,VYG:ServiceJourney:2729-HVK_443936-R,True,planned,2026-04-25T11:58:21.163701+02:00
NSR:StopPlace:59654,Stabekk stasjon,2026-04-25T12:06:00+02:00,2026-04-25T12:06:00+02:00,,0.0,0,Moss,VYG:Line:R21,Stabekk-Oslo S-Moss,R21,rail,VYG:ServiceJourney:1129-HVK_443005-R,True,planned,2026-04-25T11:58:21.163701+02:00
NSR:StopPlace:59654,Stabekk stasjon,2026-04-25T12:07:00+02:00,2026-04-25T12:07:00+02:00,,0.0,0,Nationaltheatret,RUT:Line:150,Gullhaug - Nationaltheatret,150,bus,RUT:ServiceJourney:14ac10c30ef16b2439231a010f208aa6,True,planned,2026-04-25T11:58:21.163701+02:00
NSR:StopPlace:59654,Stabekk stasjon,2026-04-25T12:09:00+02:00,2026-04-25T12:09:29+02:00,,29.0,1,Gullhaug,RUT:Line:150,Gullhaug - Nationaltheatret,150,bus,RUT:ServiceJourney:a415dcb02817acc000806c6ffdd7bbbb,True,expected,2026-04-25T11:58:21.163701+02:00
NSR:StopPlace:59654,Stabekk stasjon,2026-04-25T12:22:00+02:00,2026-04-25T12:22:00+02:00,,0.0,0,Nationaltheatret,RUT:Line:150,Gullhaug - Nationaltheatret,150,bus,RUT:ServiceJourney:102f899151dd7c3c84f63eff9aee5abd,True,planned,2026-04-25T11:58:21.163701+02:00
NSR:StopPlace:59654,Stabekk stasjon,2026-04-25T12:24:00+02:00,2026-04-25T12:24:00+02:00,,0.0,0,Gullhaug,RUT:Line:150,Gullhaug - Nationaltheatret,150,bus,RUT:ServiceJourney:cec61271357a3035deefb8eec2745ff4,True,planned,2026-04-25T11:58:21.163701+02:00
NSR:StopPlace:59654,Stabekk stasjon,2026-04-25T12:24:00+02:00,2026-04-25T12:24:52+02:00,,52.0,1,Spikkestad,VYG:Line:L1,Spikkestad-Oslo S-Lillestrøm,L1,rail,VYG:ServiceJourney:2229_443629-R,True,expected,2026-04-25T11:58:21.163701+02:00
NSR:StopPlace:59654,Stabekk stasjon,2026-04-25T12:26:00+02:00,2026-04-25T12:26:00+02:00,,0.0,0,Lillestrøm,VYG:Line:L1,Spikkestad-Oslo S-Lillestrøm,L1,rail,VYG:ServiceJourney:2232_443636-R,True,planned,2026-04-25T11:58:21.163701+02:00
NSR:StopPlace:59654,Stabekk stasjon,2026-04-25T12:30:00+02:00,2026-04-25T12:30:00+02:00,,0.0,0,Ski,VYG:Line:L2,Stabekk-Oslo S-Ski,L2,rail,VYG:ServiceJourney:2731-HVK_443939-R,True,planned,2026-04-25T11:58:21.163701+02:00
NSR:StopPlace:59654,Stabekk stasjon,2026-04-25T12:36:00+02:00,2026-04-25T12:36:00+02:00,,0.0,0,Moss,VYG:Line:R21,Stabekk-Oslo S-Moss,R21,rail,VYG:ServiceJourney:1131-HVK_443008-R,True,planned,2026-04-25T11:58:21.163701+02:00
NSR:StopPlace:59654,Stabekk stasjon,2026-04-25T12:37:00+02:00,2026-04-25T12:37:00+02:00,,0.0,0,Nationaltheatret,RUT:Line:150,Gullhaug - Nationaltheatret,150,bus,RUT:ServiceJourney:d524200c00ffc9d2cf4d02fa2c4f3a20,True,planned,2026-04-25T11:58:21.163701+02:00
NSR:StopPlace:59654,Stabekk stasjon,2026-04-25T12:39:00+02:00,2026-04-25T12:39:00+02:00,,0.0,0,Gullhaug,RUT:Line:150,Gullhaug - Nationaltheatret,150,bus,RUT:ServiceJourney:a7183a6af774d8ee898ed91335a65553,True,planned,2026-04-25T11:58:21.163701+02:00
NSR:StopPlace:59654,Stabekk stasjon,2026-04-25T12:52:00+02:00,2026-04-25T12:52:00+02:00,,0.0,0,Nationaltheatret,RUT:Line:150,Gullhaug - Nationaltheatret,150,bus,RUT:ServiceJourney:f1ace1e2ba7167ee52f76d1219525046,True,planned,2026-04-25T11:58:21.163701+02:00
NSR:StopPlace:59654,Stabekk stasjon,2026-04-25T12:54:00+02:00,2026-04-25T12:54:00+02:00,,0.0,0,Gullhaug,RUT:Line:150,Gullhaug - Nationaltheatret,150,bus,RUT:ServiceJourney:b142073e3cbaff69fc2bda389499785c,True,planned,2026-04-25T11:58:21.163701+02:00
NSR:StopPlace:59654,Stabekk stasjon,2026-04-25T12:54:00+02:00,2026-04-25T12:54:00+02:00,,0.0,0,Spikkestad,VYG:Line:L1,Spikkestad-Oslo S-Lillestrøm,L1,rail,VYG:ServiceJourney:2231_443635-R,True,planned,2026-04-25T11:58:21.163701+02:00
NSR:StopPlace:59654,Stabekk stasjon,2026-04-25T12:56:00+02:00,2026-04-25T12:56:00+02:00,,0.0,0,Lillestrøm,VYG:Line:L1,Spikkestad-Oslo S-Lillestrøm,L1,rail,VYG:ServiceJourney:2234_443639-R,True,planned,2026-04-25T11:58:21.163701+02:00
NSR:StopPlace:59687,Grong stasjon,2026-04-25T11:00:00+02:00,2026-04-25T11:14:39+02:00,2026-04-25T11:14:39+02:00,879.0,1,Bodø,SJN:Line:71,Nordlandsbanen,F7,rail,SJN:ServiceJourney:471-STK_33055-R,True,actual,2026-04-25T11:58:21.163701+02:00
NSR:StopPlace:59687,Grong stasjon,2026-04-25T11:15:00+02:00,2026-04-25T11:15:00+02:00,,0.0,0,Brønnøysund,NOR:Line:12_3701,Brønnøysund-Grong/Namsos,23-701,bus,NOR:ServiceJourney:3701_251012124900751_4001,False,planned,2026-04-25T11:58:21.163701+02:00
NSR:StopPlace:59687,Grong stasjon,2026-04-25T11:35:00+02:00,2026-04-25T11:35:00+02:00,,0.0,0,Trondheim S,SJN:Line:71,Nordlandsbanen,F7,rail,SJN:ServiceJourney:B478-CD_50623-R,False,planned,2026-04-25T11:58:21.163701+02:00
NSR:StopPlace:59687,Grong stasjon,2026-04-25T11:40:00+02:00,2026-04-25T11:40:30+02:00,2026-04-25T11:40:30+02:00,30.0,1,Namsos skysstasjon,ATB:Line:2_695,Namsos - Grong - (Harran),695,bus,ATB:ServiceJourney:695_250212077047671_6003,True,actual,2026-04-25T11:58:21.163701+02:00
NSR:StopPlace:59687,Grong stasjon,2026-04-25T11:45:00+02:00,2026-04-25T11:45:00+02:00,,0.0,0,Trondheim S,SJN:Line:71,Nordlandsbanen,F7,rail,SJN:ServiceJourney:B478-CE_50624-R,False,planned,2026-04-25T11:58:21.163701+02:00
NSR:StopPlace:59703,Åndalsnes stasjon,2026-04-25T11:15:00+02:00,2026-04-25T11:16:22+02:00,2026-04-25T11:16:22+02:00,82.0,1,Åndalsnes,MOR:Line:420,Fram Ekspress Molde-Åndalsnes,420,bus,MOR:ServiceJourney:420_604_9150000037402215,True,actual,2026-04-25T11:58:21.163701+02:00
NSR:StopPlace:60736,Spikkestad stasjon,2026-04-25T10:46:00+02:00,2026-04-25T10:50:38+02:00,2026-04-25T10:50:38+02:00,278.0,1,Lillestrøm,VYG:Line:L1,Spikkestad-Oslo S-Lillestrøm,L1,rail,VYG:ServiceJourney:2228_443628-R,True,actual,2026-04-25T11:58:21.163701+02:00
NSR:StopPlace:60736,Spikkestad stasjon,2026-04-25T11:16:00+02:00,2026-04-25T11:16:27+02:00,2026-04-25T11:16:27+02:00,27.0,1,Lillestrøm,VYG:Line:L1,Spikkestad-Oslo S-Lillestrøm,L1,rail,VYG:ServiceJourney:2230_443632-R,True,actual,2026-04-25T11:58:21.163701+02:00
NSR:StopPlace:60736,Spikkestad stasjon,2026-04-25T11:46:00+02:00,2026-04-25T11:46:30+02:00,2026-04-25T11:46:30+02:00,30.0,1,Lillestrøm,VYG:Line:L1,Spikkestad-Oslo S-Lillestrøm,L1,rail,VYG:ServiceJourney:2232_443636-R,True,actual,2026-04-25T11:58:21.163701+02:00
NSR:StopPlace:60736,Spikkestad stasjon,2026-04-25T12:16:00+02:00,2026-04-25T12:16:00+02:00,,0.0,0,Lillestrøm,VYG:Line:L1,Spikkestad-Oslo S-Lillestrøm,L1,rail,VYG:ServiceJourney:2234_443639-R,True,planned,2026-04-25T11:58:21.163701+02:00
NSR:StopPlace:60736,Spikkestad stasjon,2026-04-25T12:46:00+02:00,2026-04-25T12:46:00+02:00,,0.0,0,Lillestrøm,VYG:Line:L1,Spikkestad-Oslo S-Lillestrøm,L1,rail,VYG:ServiceJourney:2236_443642-R,True,planned,2026-04-25T11:58:21.163701+02:00
NSR:StopPlace:60737,Bondivann stasjon,2026-04-25T10:49:00+02:00,2026-04-25T10:49:00+02:00,,0.0,0,Spikkestad,VYG:Line:L1,Spikkestad-Oslo S-Lillestrøm,L1,rail,VYG:ServiceJourney:2221_443617-R,True,planned,2026-04-25T11:58:21.163701+02:00
NSR:StopPlace:60737,Bondivann stasjon,2026-04-25T11:00:00+02:00,2026-04-25T11:03:54+02:00,,234.0,1,Lillestrøm,VYG:Line:L1,Spikkestad-Oslo S-Lillestrøm,L1,rail,VYG:ServiceJourney:2228_443628-R,True,expected,2026-04-25T11:58:21.163701+02:00
NSR:StopPlace:60737,Bondivann stasjon,2026-04-25T11:19:00+02:00,2026-04-25T11:19:00+02:00,,0.0,0,Spikkestad,VYG:Line:L1,Spikkestad-Oslo S-Lillestrøm,L1,rail,VYG:ServiceJourney:2223_443621-R,True,planned,2026-04-25T11:58:21.163701+02:00
NSR:StopPlace:60737,Bondivann stasjon,2026-04-25T11:30:00+02:00,2026-04-25T11:30:00+02:00,,0.0,0,Lillestrøm,VYG:Line:L1,Spikkestad-Oslo S-Lillestrøm,L1,rail,VYG:ServiceJourney:2230_443632-R,True,planned,2026-04-25T11:58:21.163701+02:00
NSR:StopPlace:60737,Bondivann stasjon,2026-04-25T11:49:00+02:00,2026-04-25T11:49:00+02:00,,0.0,0,Spikkestad,VYG:Line:L1,Spikkestad-Oslo S-Lillestrøm,L1,rail,VYG:ServiceJourney:2225_443623-R,True,planned,2026-04-25T11:58:21.163701+02:00
NSR:StopPlace:60737,Bondivann stasjon,2026-04-25T12:00:00+02:00,2026-04-25T12:00:51+02:00,,51.0,1,Lillestrøm,VYG:Line:L1,Spikkestad-Oslo S-Lillestrøm,L1,rail,VYG:ServiceJourney:2232_443636-R,True,expected,2026-04-25T11:58:21.163701+02:00
NSR:StopPlace:60737,Bondivann stasjon,2026-04-25T12:19:00+02:00,2026-04-25T12:19:00+02:00,,0.0,0,Spikkestad,VYG:Line:L1,Spikkestad-Oslo S-Lillestrøm,L1,rail,VYG:ServiceJourney:2227_443627-R,True,planned,2026-04-25T11:58:21.163701+02:00
NSR:StopPlace:60737,Bondivann stasjon,2026-04-25T12:30:00+02:00,2026-04-25T12:30:00+02:00,,0.0,0,Lillestrøm,VYG:Line:L1,Spikkestad-Oslo S-Lillestrøm,L1,rail,VYG:ServiceJourney:2234_443639-R,True,planned,2026-04-25T11:58:21.163701+02:00
NSR:StopPlace:60737,Bondivann stasjon,2026-04-25T12:49:00+02:00,2026-04-25T12:49:00+02:00,,0.0,0,Spikkestad,VYG:Line:L1,Spikkestad-Oslo S-Lillestrøm,L1,rail,VYG:ServiceJourney:2229_443629-R,True,planned,2026-04-25T11:58:21.163701+02:00
NSR:StopPlace:60735,Gullhella stasjon,2026-04-25T10:51:00+02:00,2026-04-25T10:51:00+02:00,,0.0,0,Spikkestad,VYG:Line:L1,Spikkestad-Oslo S-Lillestrøm,L1,rail,VYG:ServiceJourney:2221_443617-R,True,planned,2026-04-25T11:58:21.163701+02:00
NSR:StopPlace:60735,Gullhella stasjon,2026-04-25T10:57:00+02:00,2026-04-25T11:01:40+02:00,,280.0,1,Lillestrøm,VYG:Line:L1,Spikkestad-Oslo S-Lillestrøm,L1,rail,VYG:ServiceJourney:2228_443628-R,True,expected,2026-04-25T11:58:21.163701+02:00
NSR:StopPlace:60735,Gullhella stasjon,2026-04-25T11:21:00+02:00,2026-04-25T11:21:00+02:00,,0.0,0,Spikkestad,VYG:Line:L1,Spikkestad-Oslo S-Lillestrøm,L1,rail,VYG:ServiceJourney:2223_443621-R,True,planned,2026-04-25T11:58:21.163701+02:00
NSR:StopPlace:60735,Gullhella stasjon,2026-04-25T11:27:00+02:00,2026-04-25T11:27:39+02:00,,39.0,1,Lillestrøm,VYG:Line:L1,Spikkestad-Oslo S-Lillestrøm,L1,rail,VYG:ServiceJourney:2230_443632-R,True,expected,2026-04-25T11:58:21.163701+02:00
NSR:StopPlace:60735,Gullhella stasjon,2026-04-25T11:51:00+02:00,2026-04-25T11:51:00+02:00,,0.0,0,Spikkestad,VYG:Line:L1,Spikkestad-Oslo S-Lillestrøm,L1,rail,VYG:ServiceJourney:2225_443623-R,True,planned,2026-04-25T11:58:21.163701+02:00
NSR:StopPlace:60735,Gullhella stasjon,2026-04-25T11:57:00+02:00,2026-04-25T11:58:37+02:00,,97.0,1,Lillestrøm,VYG:Line:L1,Spikkestad-Oslo S-Lillestrøm,L1,rail,VYG:ServiceJourney:2232_443636-R,True,expected,2026-04-25T11:58:21.163701+02:00
NSR:StopPlace:60735,Gullhella stasjon,2026-04-25T12:21:00+02:00,2026-04-25T12:21:00+02:00,,0.0,0,Spikkestad,VYG:Line:L1,Spikkestad-Oslo S-Lillestrøm,L1,rail,VYG:ServiceJourney:2227_443627-R,True,planned,2026-04-25T11:58:21.163701+02:00
NSR:StopPlace:60735,Gullhella stasjon,2026-04-25T12:27:00+02:00,2026-04-25T12:27:00+02:00,,0.0,0,Lillestrøm,VYG:Line:L1,Spikkestad-Oslo S-Lillestrøm,L1,rail,VYG:ServiceJourney:2234_443639-R,True,planned,2026-04-25T11:58:21.163701+02:00
NSR:StopPlace:60735,Gullhella stasjon,2026-04-25T12:51:00+02:00,2026-04-25T12:51:00+02:00,,0.0,0,Spikkestad,VYG:Line:L1,Spikkestad-Oslo S-Lillestrøm,L1,rail,VYG:ServiceJourney:2229_443629-R,True,planned,2026-04-25T11:58:21.163701+02:00
NSR:StopPlace:60735,Gullhella stasjon,2026-04-25T12:57:00+02:00,2026-04-25T12:57:00+02:00,,0.0,0,Lillestrøm,VYG:Line:L1,Spikkestad-Oslo S-Lillestrøm,L1,rail,VYG:ServiceJourney:2236_443642-R,True,planned,2026-04-25T11:58:21.163701+02:00
NSR:StopPlace:59952,Drammen stasjon,2026-04-25T10:42:00+02:00,2026-04-25T10:43:10+02:00,2026-04-25T10:43:10+02:00,70.0,1,Oslo Lufthavn,FLT:Line:FLY1,FLY1,FLY1,rail,FLT:ServiceJourney:1-2614-3741-20260425,True,actual,2026-04-25T11:58:21.163701+02:00
NSR:StopPlace:59952,Drammen stasjon,2026-04-25T10:43:00+02:00,2026-04-25T10:43:14+02:00,2026-04-25T10:43:14+02:00,14.0,1,Kongsberg,VYG:Line:R12,Kongsberg-Oslo S-Eidsvoll,R12,rail,VYG:ServiceJourney:511_444305-R,True,actual,2026-04-25T11:58:21.163701+02:00
NSR:StopPlace:59952,Drammen stasjon,2026-04-25T10:47:00+02:00,2026-04-25T10:48:55+02:00,2026-04-25T10:48:55+02:00,115.0,1,Eidsvoll,VYG:Line:RE11,Eidsvoll-Oslo S-Skien,RE11,rail,VYG:ServiceJourney:812_444392-R,True,actual,2026-04-25T11:58:21.163701+02:00
NSR:StopPlace:59952,Drammen stasjon,2026-04-25T10:57:00+02:00,2026-04-25T10:57:03+02:00,2026-04-25T10:57:03+02:00,3.0,1,Lillehammer,VYG:Line:RE10,Drammen-Oslo S-Lillehammer,RE10,rail,VYG:ServiceJourney:315-SUD_444173-R,True,actual,2026-04-25T11:58:21.163701+02:00
NSR:StopPlace:59952,Drammen stasjon,2026-04-25T11:02:00+02:00,2026-04-25T11:02:15+02:00,2026-04-25T11:02:15+02:00,15.0,1,Oslo Lufthavn,FLT:Line:FLY1,FLY1,FLY1,rail,FLT:ServiceJourney:1-2614-3743-20260425,True,actual,2026-04-25T11:58:21.163701+02:00
NSR:StopPlace:59952,Drammen stasjon,2026-04-25T11:05:00+02:00,2026-04-25T11:06:11+02:00,2026-04-25T11:06:11+02:00,71.0,1,Dal,VYG:Line:R13,Drammen-Oslo S-Dal,R13,rail,VYG:ServiceJourney:1627_443269-R,True,actual,2026-04-25T11:58:21.163701+02:00
NSR:StopPlace:59952,Drammen stasjon,2026-04-25T11:14:00+02:00,2026-04-25T11:15:14+02:00,2026-04-25T11:15:14+02:00,74.0,1,Skien,VYG:Line:RE11,Eidsvoll-Oslo S-Skien,RE11,rail,VYG:ServiceJourney:813_444393-R,True,actual,2026-04-25T11:58:21.163701+02:00
NSR:StopPlace:59952,Drammen stasjon,2026-04-25T11:17:00+02:00,2026-04-25T11:17:31+02:00,2026-04-25T11:17:31+02:00,31.0,1,Eidsvoll,VYG:Line:R12,Kongsberg-Oslo S-Eidsvoll,R12,rail,VYG:ServiceJourney:514_444311-R,True,actual,2026-04-25T11:58:21.163701+02:00
NSR:StopPlace:59952,Drammen stasjon,2026-04-25T11:22:00+02:00,2026-04-25T11:22:13+02:00,2026-04-25T11:22:13+02:00,13.0,1,Oslo Lufthavn,FLT:Line:FLY1,FLY1,FLY1,rail,FLT:ServiceJourney:1-2614-3745-20260425,True,actual,2026-04-25T11:58:21.163701+02:00
NSR:StopPlace:59952,Drammen stasjon,2026-04-25T11:35:00+02:00,2026-04-25T11:35:04+02:00,2026-04-25T11:35:04+02:00,4.0,1,Dal,VYG:Line:R13,Drammen-Oslo S-Dal,R13,rail,VYG:ServiceJourney:1629_443274-R,True,actual,2026-04-25T11:58:21.163701+02:00
NSR:StopPlace:59952,Drammen stasjon,2026-04-25T11:42:00+02:00,2026-04-25T11:42:16+02:00,2026-04-25T11:42:16+02:00,16.0,1,Oslo Lufthavn,FLT:Line:FLY1,FLY1,FLY1,rail,FLT:ServiceJourney:1-2614-3747-20260425,True,actual,2026-04-25T11:58:21.163701+02:00
NSR:StopPlace:59952,Drammen stasjon,2026-04-25T11:43:00+02:00,2026-04-25T11:43:55+02:00,2026-04-25T11:43:55+02:00,55.0,1,Kongsberg,VYG:Line:R12,Kongsberg-Oslo S-Eidsvoll,R12,rail,VYG:ServiceJourney:513_444309-R,True,actual,2026-04-25T11:58:21.163701+02:00
NSR:StopPlace:59952,Drammen stasjon,2026-04-25T11:47:00+02:00,2026-04-25T11:47:17+02:00,2026-04-25T11:47:17+02:00,17.0,1,Eidsvoll,VYG:Line:RE11,Eidsvoll-Oslo S-Skien,RE11,rail,VYG:ServiceJourney:814_444394-R,True,actual,2026-04-25T11:58:21.163701+02:00
NSR:StopPlace:59952,Drammen stasjon,2026-04-25T11:57:00+02:00,2026-04-25T11:58:01+02:00,,61.0,1,Lillehammer,VYG:Line:RE10,Drammen-Oslo S-Lillehammer,RE10,rail,VYG:ServiceJourney:317-SUD_481291-R,True,expected,2026-04-25T11:58:21.163701+02:00
NSR:StopPlace:59952,Drammen stasjon,2026-04-25T12:02:00+02:00,2026-04-25T12:02:00+02:00,,0.0,0,Oslo Lufthavn,FLT:Line:FLY1,FLY1,FLY1,rail,FLT:ServiceJourney:1-2614-3749-20260425,True,planned,2026-04-25T11:58:21.163701+02:00
NSR:StopPlace:59952,Drammen stasjon,2026-04-25T12:05:00+02:00,2026-04-25T12:05:00+02:00,,0.0,0,Dal,VYG:Line:R13,Drammen-Oslo S-Dal,R13,rail,VYG:ServiceJourney:1631_443278-R,True,planned,2026-04-25T11:58:21.163701+02:00
NSR:StopPlace:59952,Drammen stasjon,2026-04-25T12:14:00+02:00,2026-04-25T12:14:00+02:00,,0.0,0,Skien,VYG:Line:RE11,Eidsvoll-Oslo S-Skien,RE11,rail,VYG:ServiceJourney:815_444395-R,True,planned,2026-04-25T11:58:21.163701+02:00
NSR:StopPlace:59952,Drammen stasjon,2026-04-25T12:17:00+02:00,2026-04-25T12:17:00+02:00,,0.0,0,Eidsvoll,VYG:Line:R12,Kongsberg-Oslo S-Eidsvoll,R12,rail,VYG:ServiceJourney:516_444315-R,True,planned,2026-04-25T11:58:21.163701+02:00
NSR:StopPlace:59952,Drammen stasjon,2026-04-25T12:22:00+02:00,2026-04-25T12:22:00+02:00,,0.0,0,Oslo Lufthavn,FLT:Line:FLY1,FLY1,FLY1,rail,FLT:ServiceJourney:1-2614-3751-20260425,True,planned,2026-04-25T11:58:21.163701+02:00
NSR:StopPlace:59952,Drammen stasjon,2026-04-25T12:35:00+02:00,2026-04-25T12:35:00+02:00,,0.0,0,Dal,VYG:Line:R13,Drammen-Oslo S-Dal,R13,rail,VYG:ServiceJourney:1633_443282-R,True,planned,2026-04-25T11:58:21.163701+02:00
NSR:StopPlace:59952,Drammen stasjon,2026-04-25T12:42:00+02:00,2026-04-25T12:42:00+02:00,,0.0,0,Oslo Lufthavn,FLT:Line:FLY1,FLY1,FLY1,rail,FLT:ServiceJourney:1-2614-3753-20260425,True,planned,2026-04-25T11:58:21.163701+02:00
NSR:StopPlace:59952,Drammen stasjon,2026-04-25T12:43:00+02:00,2026-04-25T12:43:00+02:00,,0.0,0,Kongsberg,VYG:Line:R12,Kongsberg-Oslo S-Eidsvoll,R12,rail,VYG:ServiceJourney:515_444313-R,True,planned,2026-04-25T11:58:21.163701+02:00
NSR:StopPlace:59952,Drammen stasjon,2026-04-25T12:47:00+02:00,2026-04-25T12:47:00+02:00,,0.0,0,Eidsvoll,VYG:Line:RE11,Eidsvoll-Oslo S-Skien,RE11,rail,VYG:ServiceJourney:816_444396-R,True,planned,2026-04-25T11:58:21.163701+02:00
NSR:StopPlace:59952,Drammen stasjon,2026-04-25T12:57:00+02:00,2026-04-25T12:57:00+02:00,,0.0,0,Lillehammer,VYG:Line:RE10,Drammen-Oslo S-Lillehammer,RE10,rail,VYG:ServiceJourney:319-SUD_444192-R,True,planned,2026-04-25T11:58:21.163701+02:00
NSR:StopPlace:59952,Drammen stasjon,2026-04-25T12:58:00+02:00,2026-04-25T12:58:00+02:00,,0.0,0,Bergen,VYG:Line:F4,Oslo S-Bergen,F4,rail,VYG:ServiceJourney:BUS-601_539333-R,False,planned,2026-04-25T11:58:21.163701+02:00
NSR:StopPlace:59952,Drammen stasjon,2026-04-25T12:58:00+02:00,2026-04-25T12:58:00+02:00,,0.0,0,Bergen,VYG:Line:F4,Oslo S-Bergen,F4,rail,VYG:ServiceJourney:BUS-601_539334-R,False,planned,2026-04-25T11:58:21.163701+02:00
NSR:StopPlace:59957,Klepp stasjon,2026-04-25T10:52:00+02:00,2026-04-25T10:52:00+02:00,,0.0,0,Nærbø,GOA:Line:59,Jærbanen,L5,rail,GOA:ServiceJourney:3026_63060-R,False,planned,2026-04-25T11:58:21.163701+02:00
NSR:StopPlace:59957,Klepp stasjon,2026-04-25T11:02:00+02:00,2026-04-25T11:02:39+02:00,2026-04-25T11:02:39+02:00,39.0,1,Stavanger,GOA:Line:59,Jærbanen,L5,rail,GOA:ServiceJourney:3025_63059-R,True,actual,2026-04-25T11:58:21.163701+02:00
NSR:StopPlace:59957,Klepp stasjon,2026-04-25T11:22:00+02:00,2026-04-25T11:22:50+02:00,2026-04-25T11:22:50+02:00,50.0,1,Egersund,GOA:Line:59,Jærbanen,L5,rail,GOA:ServiceJourney:3028_63064-R,True,actual,2026-04-25T11:58:21.163701+02:00
NSR:StopPlace:59957,Klepp stasjon,2026-04-25T11:27:00+02:00,2026-04-25T11:27:33+02:00,2026-04-25T11:27:33+02:00,33.0,1,Verdalen via Kleppekrossen,KOL:Line:8_2024,59,59,bus,KOL:ServiceJourney:2024_250619122710356_4005,True,actual,2026-04-25T11:58:21.163701+02:00
NSR:StopPlace:59957,Klepp stasjon,2026-04-25T11:32:00+02:00,2026-04-25T11:32:54+02:00,2026-04-25T11:32:54+02:00,54.0,1,Stavanger,GOA:Line:59,Jærbanen,L5,rail,GOA:ServiceJourney:3027_63062-R,True,actual,2026-04-25T11:58:21.163701+02:00
NSR:StopPlace:59957,Klepp stasjon,2026-04-25T11:55:00+02:00,2026-04-25T11:55:07+02:00,2026-04-25T11:55:07+02:00,7.0,1,Nærbø,GOA:Line:59,Jærbanen,L5,rail,GOA:ServiceJourney:3030_63066-R,True,actual,2026-04-25T11:58:21.163701+02:00
NSR:StopPlace:59957,Klepp stasjon,2026-04-25T12:03:00+02:00,2026-04-25T12:07:20+02:00,,260.0,1,Stavanger,GOA:Line:59,Jærbanen,L5,rail,GOA:ServiceJourney:3029_63065-R,True,expected,2026-04-25T11:58:21.163701+02:00
NSR:StopPlace:59957,Klepp stasjon,2026-04-25T12:22:00+02:00,2026-04-25T12:22:10+02:00,,10.0,1,Egersund,GOA:Line:59,Jærbanen,L5,rail,GOA:ServiceJourney:3032_63069-R,True,expected,2026-04-25T11:58:21.163701+02:00
NSR:StopPlace:59957,Klepp stasjon,2026-04-25T12:27:00+02:00,2026-04-25T12:27:10+02:00,,10.0,1,Verdalen via Kleppekrossen,KOL:Line:8_2024,59,59,bus,KOL:ServiceJourney:2024_250619122710357_4006,True,expected,2026-04-25T11:58:21.163701+02:00
NSR:StopPlace:59957,Klepp stasjon,2026-04-25T12:30:00+02:00,2026-04-25T12:30:00+02:00,,0.0,0,Stavanger,GOA:Line:59,Jærbanen,L5,rail,GOA:ServiceJourney:3031_63068-R,False,planned,2026-04-25T11:58:21.163701+02:00
NSR:StopPlace:59957,Klepp stasjon,2026-04-25T12:52:00+02:00,2026-04-25T12:52:00+02:00,,0.0,0,Nærbø,GOA:Line:59,Jærbanen,L5,rail,GOA:ServiceJourney:3034_63071-R,False,planned,2026-04-25T11:58:21.163701+02:00
NSR:StopPlace:59958,Voss stasjon,2026-04-25T11:10:00+02:00,2026-04-25T11:10:07+02:00,2026-04-25T11:10:07+02:00,7.0,1,Odda,SKY:Line:990,Odda-Kinsarvik-Bu-Granvin-Voss,990,bus,SKY:ServiceJourney:990-201490-18017406,True,actual,2026-04-25T11:58:21.163701+02:00
NSR:StopPlace:59958,Voss stasjon,2026-04-25T11:27:00+02:00,2026-04-25T11:27:00+02:00,,0.0,0,Bergen,VYG:Line:R40,Bergen-Voss-Myrdal-Ål,R40,rail,VYG:ServiceJourney:BUS-1819_538865-R,False,planned,2026-04-25T11:58:21.163701+02:00
NSR:StopPlace:59958,Voss stasjon,2026-04-25T12:07:00+02:00,2026-04-25T12:07:00+02:00,,0.0,0,Bergen,VYG:Line:F4,Oslo S-Bergen,F4,rail,VYG:ServiceJourney:BUS-61_539347-R,False,planned,2026-04-25T11:58:21.163701+02:00
NSR:StopPlace:59958,Voss stasjon,2026-04-25T12:14:00+02:00,2026-04-25T12:14:00+02:00,,0.0,0,Ørneberget,VYG:Line:R40,Bergen-Voss-Myrdal-Ål,R40,rail,VYG:ServiceJourney:BUS-1812_538852-R,False,planned,2026-04-25T11:58:21.163701+02:00
NSR:StopPlace:60944,Ski stasjon,2026-04-25T10:44:00+02:00,2026-04-25T10:44:00+02:00,,0.0,0,Ski næringspark,RUT:Line:520,Vinterbro - Ski stasjon,520,bus,RUT:ServiceJourney:6b34e013d0e7ac5c9bf62027f7e240f9,False,planned,2026-04-25T11:58:21.163701+02:00
NSR:StopPlace:60944,Ski stasjon,2026-04-25T10:44:00+02:00,2026-04-25T10:44:00+02:00,,0.0,0,Oslo S,VYG:Line:R22,Skøyen-Oslo S-Mysen-Rakkestad,R22,rail,VYG:ServiceJourney:1914_443454-R,False,planned,2026-04-25T11:58:21.163701+02:00
NSR:StopPlace:60944,Ski stasjon,2026-04-25T10:47:00+02:00,2026-04-25T10:48:17+02:00,2026-04-25T10:48:17+02:00,77.0,1,Drøbak - Frogn vgs.,RUT:Line:510,Bøleråsen - Ski - Ås - Drøbak,510,bus,RUT:ServiceJourney:482ba9330846558d3d3970154914574d,True,actual,2026-04-25T11:58:21.163701+02:00
NSR:StopPlace:60944,Ski stasjon,2026-04-25T10:46:00+02:00,2026-04-25T10:52:05+02:00,2026-04-25T10:52:05+02:00,365.0,1,Hebekk / Finstad,RUT:Line:525,Kråkstad - Ski - Kråkstad,525,bus,RUT:ServiceJourney:a071411b33a72f075e899c52fa140e3b,True,actual,2026-04-25T11:58:21.163701+02:00
NSR:StopPlace:60944,Ski stasjon,2026-04-25T10:52:00+02:00,2026-04-25T10:52:17+02:00,2026-04-25T10:52:17+02:00,17.0,1,Stabekk,VYG:Line:R21,Stabekk-Oslo S-Moss,R21,rail,VYG:ServiceJourney:1126-MOS_443002-R,True,actual,2026-04-25T11:58:21.163701+02:00
NSR:StopPlace:60944,Ski stasjon,2026-04-25T10:51:00+02:00,2026-04-25T10:52:45+02:00,2026-04-25T10:52:45+02:00,105.0,1,Kolbotn torg,RUT:Line:580,Kolbotn - Ski,580,bus,RUT:ServiceJourney:6b12180ce3681cdb98b2eccf91a70a42,True,actual,2026-04-25T11:58:21.163701+02:00
NSR:StopPlace:60944,Ski stasjon,2026-04-25T10:54:00+02:00,2026-04-25T10:54:40+02:00,2026-04-25T10:54:40+02:00,40.0,1,Lysaker,VYG:Line:L2,Stabekk-Oslo S-Ski,L2,rail,VYG:ServiceJourney:2828-SKI_452042-R,True,actual,2026-04-25T11:58:21.163701+02:00
NSR:StopPlace:60944,Ski stasjon,2026-04-25T10:54:00+02:00,2026-04-25T10:56:07+02:00,2026-04-25T10:56:07+02:00,127.0,1,Bøleråsen,RUT:Line:510,Bøleråsen - Ski - Ås - Drøbak,510,bus,RUT:ServiceJourney:1c97368cf577efd86435c1a8505f429c,True,actual,2026-04-25T11:58:21.163701+02:00
NSR:StopPlace:60944,Ski stasjon,2026-04-25T10:57:00+02:00,2026-04-25T10:57:32+02:00,2026-04-25T10:57:32+02:00,32.0,1,Vinterbro,RUT:Line:520,Vinterbro - Ski stasjon,520,bus,RUT:ServiceJourney:512931a10131614b381a4cdbd599b069,True,actual,2026-04-25T11:58:21.163701+02:00
NSR:StopPlace:60944,Ski stasjon,2026-04-25T10:59:00+02:00,2026-04-25T10:59:00+02:00,,0.0,0,Ski næringspark,RUT:Line:520,Vinterbro - Ski stasjon,520,bus,RUT:ServiceJourney:57fa78ccc424a157436f9ac49550bb76,False,planned,2026-04-25T11:58:21.163701+02:00
NSR:StopPlace:60944,Ski stasjon,2026-04-25T11:02:00+02:00,2026-04-25T11:02:44+02:00,2026-04-25T11:02:44+02:00,44.0,1,Drøbak - Seiersten,RUT:Line:510,Bøleråsen - Ski - Ås - Drøbak,510,bus,RUT:ServiceJourney:d1820836c6a19d4549d35a5535fa7283,True,actual,2026-04-25T11:58:21.163701+02:00
NSR:StopPlace:60944,Ski stasjon,2026-04-25T11:04:00+02:00,2026-04-25T11:04:42+02:00,2026-04-25T11:04:42+02:00,42.0,1,TusenFryd,RUT:Line:521,TusenFryd - Ski stasjon,521,bus,RUT:ServiceJourney:dbecef649b7d270b43db460e08d26000,True,actual,2026-04-25T11:58:21.163701+02:00
NSR:StopPlace:60944,Ski stasjon,2026-04-25T11:05:00+02:00,2026-04-25T11:05:30+02:00,2026-04-25T11:05:30+02:00,30.0,1,Oslo S,VYG:Line:RE20,Oslo S-Halden-Göteborg-Malmö (X-Border),RE20,rail,VYG:ServiceJourney:152-HLD_451972-R,True,actual,2026-04-25T11:58:21.163701+02:00
NSR:StopPlace:60944,Ski stasjon,2026-04-25T11:05:00+02:00,2026-04-25T11:06:19+02:00,2026-04-25T11:06:19+02:00,79.0,1,Moss,VYG:Line:R21,Stabekk-Oslo S-Moss,R21,rail,VYG:ServiceJourney:1123-HVK_442999-R,True,actual,2026-04-25T11:58:21.163701+02:00
NSR:StopPlace:60944,Ski stasjon,2026-04-25T11:08:00+02:00,2026-04-25T11:08:41+02:00,2026-04-25T11:08:41+02:00,41.0,1,Oslo S,VYG:Line:R23,Stabekk-Oslo S-Moss,R23,rail,VYG:ServiceJourney:1524_443169-R,True,actual,2026-04-25T11:58:21.163701+02:00
NSR:StopPlace:60944,Ski stasjon,2026-04-25T11:09:00+02:00,2026-04-25T11:09:22+02:00,2026-04-25T11:09:22+02:00,22.0,1,Bøleråsen,RUT:Line:510,Bøleråsen - Ski - Ås - Drøbak,510,bus,RUT:ServiceJourney:395e4ee05119098f757fe952602ca6d9,True,actual,2026-04-25T11:58:21.163701+02:00
NSR:StopPlace:60944,Ski stasjon,2026-04-25T11:09:00+02:00,2026-04-25T11:09:39+02:00,2026-04-25T11:09:39+02:00,39.0,1,Stabekk,VYG:Line:L2,Stabekk-Oslo S-Ski,L2,rail,VYG:ServiceJourney:2730-SKI_443938-R,True,actual,2026-04-25T11:58:21.163701+02:00
NSR:StopPlace:60944,Ski stasjon,2026-04-25T11:04:00+02:00,2026-04-25T11:09:58+02:00,2026-04-25T11:09:58+02:00,358.0,1,Kråkstad,RUT:Line:525,Kråkstad - Ski - Kråkstad,525,bus,RUT:ServiceJourney:a071411b33a72f075e899c52fa140e3b,True,actual,2026-04-25T11:58:21.163701+02:00
NSR:StopPlace:60944,Ski stasjon,2026-04-25T11:09:00+02:00,2026-04-25T11:12:18+02:00,2026-04-25T11:12:18+02:00,198.0,1,Kråkstad,RUT:Line:525,Kråkstad - Ski - Kråkstad,525,bus,RUT:ServiceJourney:a071411b33a72f075e899c52fa140e3b,True,actual,2026-04-25T11:58:21.163701+02:00
NSR:StopPlace:60944,Ski stasjon,2026-04-25T11:12:00+02:00,2026-04-25T11:13:23+02:00,2026-04-25T11:13:23+02:00,83.0,1,Vinterbro,RUT:Line:520,Vinterbro - Ski stasjon,520,bus,RUT:ServiceJourney:4300dac58ab052159f5899de26d3f995,True,actual,2026-04-25T11:58:21.163701+02:00
NSR:StopPlace:60944,Ski stasjon,2026-04-25T11:13:00+02:00,2026-04-25T11:14:03+02:00,2026-04-25T11:14:03+02:00,63.0,1,Rakkestad,VYG:Line:R22,Skøyen-Oslo S-Mysen-Rakkestad,R22,rail,VYG:ServiceJourney:1913_443452-R,True,actual,2026-04-25T11:58:21.163701+02:00
NSR:StopPlace:60944,Ski stasjon,2026-04-25T11:14:00+02:00,2026-04-25T11:15:59+02:00,2026-04-25T11:15:59+02:00,119.0,1,Ski næringspark,RUT:Line:520,Vinterbro - Ski stasjon,520,bus,RUT:ServiceJourney:47cfbcbcfac73391042c06c0cad17391,True,actual,2026-04-25T11:58:21.163701+02:00
NSR:StopPlace:60944,Ski stasjon,2026-04-25T11:17:00+02:00,2026-04-25T11:18:10+02:00,2026-04-25T11:18:10+02:00,70.0,1,Drøbak - Frogn vgs.,RUT:Line:510,Bøleråsen - Ski - Ås - Drøbak,510,bus,RUT:ServiceJourney:08c627e3a696dbb68213f2d6e1bf6c13,True,actual,2026-04-25T11:58:21.163701+02:00
NSR:StopPlace:60944,Ski stasjon,2026-04-25T11:16:00+02:00,2026-04-25T11:19:00+02:00,2026-04-25T11:19:00+02:00,180.0,1,Hebekk / Finstad,RUT:Line:525,Kråkstad - Ski - Kråkstad,525,bus,RUT:ServiceJourney:4cf1d87abccda55f72804b9505895532,True,actual,2026-04-25T11:58:21.163701+02:00
NSR:StopPlace:60944,Ski stasjon,2026-04-25T11:20:00+02:00,2026-04-25T11:20:47+02:00,2026-04-25T11:20:47+02:00,47.0,1,Lillestrøm,RUT:Line:350,Lillestrøm - Ski,350,bus,RUT:ServiceJourney:8387759dd4a58f958d7f088b3b14eed2,True,actual,2026-04-25T11:58:21.163701+02:00
NSR:StopPlace:60944,Ski stasjon,2026-04-25T11:21:00+02:00,2026-04-25T11:21:14+02:00,2026-04-25T11:21:14+02:00,14.0,1,Kolbotn torg,RUT:Line:580,Kolbotn - Ski,580,bus,RUT:ServiceJourney:86f2c1406741e20d1b074a3448866f50,True,actual,2026-04-25T11:58:21.163701+02:00
NSR:StopPlace:60944,Ski stasjon,2026-04-25T11:22:00+02:00,2026-04-25T11:22:18+02:00,2026-04-25T11:22:18+02:00,18.0,1,Stabekk,VYG:Line:R21,Stabekk-Oslo S-Moss,R21,rail,VYG:ServiceJourney:1128-MOS_443004-R,True,actual,2026-04-25T11:58:21.163701+02:00
NSR:StopPlace:60944,Ski stasjon,2026-04-25T11:24:00+02:00,2026-04-25T11:24:20+02:00,2026-04-25T11:24:20+02:00,20.0,1,Lysaker,VYG:Line:L2,Stabekk-Oslo S-Ski,L2,rail,VYG:ServiceJourney:2830-SKI_452044-R,True,actual,2026-04-25T11:58:21.163701+02:00
NSR:StopPlace:60944,Ski stasjon,2026-04-25T11:24:00+02:00,2026-04-25T11:24:24+02:00,2026-04-25T11:24:24+02:00,24.0,1,Bøleråsen,RUT:Line:510,Bøleråsen - Ski - Ås - Drøbak,510,bus,RUT:ServiceJourney:f077d0f4b4e5d35c8e4ffdb3d5fe8c7c,True,actual,2026-04-25T11:58:21.163701+02:00
NSR:StopPlace:60944,Ski stasjon,2026-04-25T11:27:00+02:00,2026-04-25T11:27:16+02:00,2026-04-25T11:27:16+02:00,16.0,1,Siggerud,RUT:Line:516,Siggerud - Ski stasjon,516,bus,RUT:ServiceJourney:5fe855057193a508fe9bc1e9dd7a0171,True,actual,2026-04-25T11:58:21.163701+02:00
NSR:StopPlace:60944,Ski stasjon,2026-04-25T11:27:00+02:00,2026-04-25T11:27:17+02:00,2026-04-25T11:27:17+02:00,17.0,1,Vinterbro,RUT:Line:520,Vinterbro - Ski stasjon,520,bus,RUT:ServiceJourney:b6c62d46d9e690f5a5883f5566f65a93,True,actual,2026-04-25T11:58:21.163701+02:00
NSR:StopPlace:60944,Ski stasjon,2026-04-25T11:26:00+02:00,2026-04-25T11:28:17+02:00,2026-04-25T11:28:17+02:00,137.0,1,Halden,VYG:Line:RE20,Oslo S-Halden-Göteborg-Malmö (X-Border),RE20,rail,VYG:ServiceJourney:113_443006-R,True,actual,2026-04-25T11:58:21.163701+02:00
NSR:StopPlace:60944,Ski stasjon,2026-04-25T11:29:00+02:00,2026-04-25T11:29:01+02:00,2026-04-25T11:29:01+02:00,1.0,1,Ski næringspark,RUT:Line:520,Vinterbro - Ski stasjon,520,bus,RUT:ServiceJourney:3858b6023de51ed0f8b3aacf6cbd96ba,True,actual,2026-04-25T11:58:21.163701+02:00
NSR:StopPlace:60944,Ski stasjon,2026-04-25T11:32:00+02:00,2026-04-25T11:32:34+02:00,2026-04-25T11:32:34+02:00,34.0,1,Drøbak - Seiersten,RUT:Line:510,Bøleråsen - Ski - Ås - Drøbak,510,bus,RUT:ServiceJourney:099c0bb81920e6a6c8dfc9ba2d091b08,True,actual,2026-04-25T11:58:21.163701+02:00
NSR:StopPlace:60944,Ski stasjon,2026-04-25T11:32:00+02:00,2026-04-25T11:32:52+02:00,2026-04-25T11:32:52+02:00,52.0,1,Oslo bussterminal,RUT:Line:515,Ski - Oslo,515,bus,RUT:ServiceJourney:5aeb70c7754660e3f716ad029b9b2a31,True,actual,2026-04-25T11:58:21.163701+02:00
NSR:StopPlace:60944,Ski stasjon,2026-04-25T11:33:00+02:00,2026-04-25T11:34:09+02:00,2026-04-25T11:34:09+02:00,69.0,1,Oslo S,VYG:Line:RE20,Oslo S-Halden-Göteborg-Malmö (X-Border),RE20,rail,VYG:ServiceJourney:384-114_478117-R,True,actual,2026-04-25T11:58:21.163701+02:00
NSR:StopPlace:60944,Ski stasjon,2026-04-25T11:35:00+02:00,2026-04-25T11:35:27+02:00,2026-04-25T11:35:27+02:00,27.0,1,Moss,VYG:Line:R21,Stabekk-Oslo S-Moss,R21,rail,VYG:ServiceJourney:1125-HVK_443001-R,True,actual,2026-04-25T11:58:21.163701+02:00
NSR:StopPlace:60944,Ski stasjon,2026-04-25T11:34:00+02:00,2026-04-25T11:36:55+02:00,2026-04-25T11:36:55+02:00,175.0,1,Kråkstad,RUT:Line:525,Kråkstad - Ski - Kråkstad,525,bus,RUT:ServiceJourney:4cf1d87abccda55f72804b9505895532,True,actual,2026-04-25T11:58:21.163701+02:00
NSR:StopPlace:60944,Ski stasjon,2026-04-25T11:39:00+02:00,2026-04-25T11:39:25+02:00,2026-04-25T11:39:25+02:00,25.0,1,Stabekk,VYG:Line:L2,Stabekk-Oslo S-Ski,L2,rail,VYG:ServiceJourney:2732-SKI_443940-R,True,actual,2026-04-25T11:58:21.163701+02:00
NSR:StopPlace:60944,Ski stasjon,2026-04-25T11:39:00+02:00,2026-04-25T11:39:40+02:00,2026-04-25T11:39:40+02:00,40.0,1,Kråkstad,RUT:Line:525,Kråkstad - Ski - Kråkstad,525,bus,RUT:ServiceJourney:4cf1d87abccda55f72804b9505895532,True,actual,2026-04-25T11:58:21.163701+02:00
NSR:StopPlace:60944,Ski stasjon,2026-04-25T11:39:00+02:00,2026-04-25T11:40:41+02:00,2026-04-25T11:40:41+02:00,101.0,1,Bøleråsen,RUT:Line:510,Bøleråsen - Ski - Ås - Drøbak,510,bus,RUT:ServiceJourney:fccc238683765d80ebca30249508077f,True,actual,2026-04-25T11:58:21.163701+02:00
NSR:StopPlace:60944,Ski stasjon,2026-04-25T11:42:00+02:00,2026-04-25T11:43:03+02:00,2026-04-25T11:43:03+02:00,63.0,1,Vinterbro,RUT:Line:520,Vinterbro - Ski stasjon,520,bus,RUT:ServiceJourney:bcbb4cda3013b717b2d9fd668d27c5a0,True,actual,2026-04-25T11:58:21.163701+02:00
NSR:StopPlace:60944,Ski stasjon,2026-04-25T11:44:00+02:00,2026-04-25T11:44:45+02:00,2026-04-25T11:44:45+02:00,45.0,1,Ski næringspark,RUT:Line:520,Vinterbro - Ski stasjon,520,bus,RUT:ServiceJourney:6a62471739fb16ae89250d512ce8f22a,True,actual,2026-04-25T11:58:21.163701+02:00
NSR:StopPlace:60944,Ski stasjon,2026-04-25T11:44:00+02:00,2026-04-25T11:46:25+02:00,2026-04-25T11:46:25+02:00,145.0,1,Oslo S,VYG:Line:R22,Skøyen-Oslo S-Mysen-Rakkestad,R22,rail,VYG:ServiceJourney:1916_443458-R,True,actual,2026-04-25T11:58:21.163701+02:00
NSR:StopPlace:60944,Ski stasjon,2026-04-25T11:46:00+02:00,2026-04-25T11:48:08+02:00,2026-04-25T11:48:08+02:00,128.0,1,Hebekk / Finstad,RUT:Line:525,Kråkstad - Ski - Kråkstad,525,bus,RUT:ServiceJourney:02c5b57c67d90757f8ea724044eff5fc,True,actual,2026-04-25T11:58:21.163701+02:00
NSR:StopPlace:60944,Ski stasjon,2026-04-25T11:47:00+02:00,2026-04-25T11:48:55+02:00,2026-04-25T11:48:55+02:00,115.0,1,Drøbak - Frogn vgs.,RUT:Line:510,Bøleråsen - Ski - Ås - Drøbak,510,bus,RUT:ServiceJourney:2464b4f994e142ac11a953778a3b801a,True,actual,2026-04-25T11:58:21.163701+02:00
NSR:StopPlace:60944,Ski stasjon,2026-04-25T11:51:00+02:00,2026-04-25T11:51:31+02:00,2026-04-25T11:51:31+02:00,31.0,1,Kolbotn torg,RUT:Line:580,Kolbotn - Ski,580,bus,RUT:ServiceJourney:9b78d8df257bdbd3c89b3db981f4d676,True,actual,2026-04-25T11:58:21.163701+02:00
NSR:StopPlace:60944,Ski stasjon,2026-04-25T11:52:00+02:00,2026-04-25T11:52:19+02:00,2026-04-25T11:52:19+02:00,19.0,1,Stabekk,VYG:Line:R21,Stabekk-Oslo S-Moss,R21,rail,VYG:ServiceJourney:1130-MOS_443007-R,True,actual,2026-04-25T11:58:21.163701+02:00
NSR:StopPlace:60944,Ski stasjon,2026-04-25T11:54:00+02:00,2026-04-25T11:56:49+02:00,2026-04-25T11:56:49+02:00,169.0,1,Lysaker,VYG:Line:L2,Stabekk-Oslo S-Ski,L2,rail,VYG:ServiceJourney:2832-SKI_452046-R,True,actual,2026-04-25T11:58:21.163701+02:00
NSR:StopPlace:60944,Ski stasjon,2026-04-25T11:57:00+02:00,2026-04-25T11:57:19+02:00,2026-04-25T11:57:19+02:00,19.0,1,Vinterbro,RUT:Line:520,Vinterbro - Ski stasjon,520,bus,RUT:ServiceJourney:d6bdb7b0268499321a9442b61bb68539,True,actual,2026-04-25T11:58:21.163701+02:00
NSR:StopPlace:59977,Trondheim S,2026-04-25T10:44:00+02:00,2026-04-25T10:44:00+02:00,,0.0,0,Melhus skysstasjon,SJN:Line:26,Trønderbanen,R70,rail,SJN:ServiceJourney:428-SKV_50195-R,False,planned,2026-04-25T11:58:21.163701+02:00
NSR:StopPlace:59977,Trondheim S,2026-04-25T10:42:00+02:00,2026-04-25T10:44:55+02:00,2026-04-25T10:44:55+02:00,175.0,1,Vikåsen via Singsaker,ATB:Line:2_25,Vikåsen- Strindheim- Singsaker,25,bus,ATB:ServiceJourney:25_250131110655063_6025,True,actual,2026-04-25T11:58:21.163701+02:00
NSR:StopPlace:59977,Trondheim S,2026-04-25T10:47:00+02:00,2026-04-25T10:47:00+02:00,,0.0,0,Lund via Kolstad-Heimdal,ATB:Line:2_2,Strindheim- Lade- sentrum- Sau,2,bus,ATB:ServiceJourney:2_250131110662374_6038,False,planned,2026-04-25T11:58:21.163701+02:00
NSR:StopPlace:59977,Trondheim S,2026-04-25T10:47:00+02:00,2026-04-25T10:47:39+02:00,2026-04-25T10:47:39+02:00,39.0,1,Muruvik via Brattøra,ATB:Line:2_70,Stjørdal/Hommelvik- Trondheim,70,bus,ATB:ServiceJourney:70_250131110659258_6023,True,actual,2026-04-25T11:58:21.163701+02:00
NSR:StopPlace:59977,Trondheim S,2026-04-25T10:48:00+02:00,2026-04-25T10:48:00+02:00,,0.0,0,Pirbadet,ATB:Line:2_23,Brattøra - St. Olavs - Hallset - Flatåsen - Sandmoen,23,bus,ATB:ServiceJourney:23_250131110657723_6025,False,planned,2026-04-25T11:58:21.163701+02:00
NSR:StopPlace:59977,Trondheim S,2026-04-25T10:51:00+02:00,2026-04-25T10:51:00+02:00,,0.0,0,Strindheim via Lade,ATB:Line:2_2,Strindheim- Lade- sentrum- Sau,2,bus,ATB:ServiceJourney:2_250131110662224_6035,False,planned,2026-04-25T11:58:21.163701+02:00
NSR:StopPlace:59977,Trondheim S,2026-04-25T10:49:00+02:00,2026-04-25T10:52:27+02:00,2026-04-25T10:52:27+02:00,207.0,1,Romolslia via Tempevegen,ATB:Line:2_20,Grillstad - Strindheim - Ladehammeren- Sentrum - Romolslia,20,bus,ATB:ServiceJourney:20_250131110660383_6020,True,actual,2026-04-25T11:58:21.163701+02:00
NSR:StopPlace:59977,Trondheim S,2026-04-25T10:52:00+02:00,2026-04-25T10:53:34+02:00,2026-04-25T10:53:34+02:00,94.0,1,Sandmoen via St. Olavs h.-Byåsen,ATB:Line:2_23,Brattøra - St. Olavs - Hallset - Flatåsen - Sandmoen,23,bus,ATB:ServiceJourney:23_250131110657601_6028,True,actual,2026-04-25T11:58:21.163701+02:00
NSR:StopPlace:59977,Trondheim S,2026-04-25T10:50:00+02:00,2026-04-25T10:56:12+02:00,2026-04-25T10:56:12+02:00,372.0,1,Fortuna/Sæterb. via Strindheim,ATB:Line:2_10,Sæterbakken- Strindheim- Sentrum- Ratesvingen,10,bus,ATB:ServiceJourney:10_250131110659600_6027,True,actual,2026-04-25T11:58:21.163701+02:00
NSR:StopPlace:59977,Trondheim S,2026-04-25T10:57:00+02:00,2026-04-25T10:57:00+02:00,,0.0,0,Pirbadet,ATB:Line:2_21,Brattøra- Sentrum- Trolla,21,bus,ATB:ServiceJourney:21_250131110661524_6019,False,planned,2026-04-25T11:58:21.163701+02:00
NSR:StopPlace:59977,Trondheim S,2026-04-25T10:56:00+02:00,2026-04-25T10:57:28+02:00,2026-04-25T10:57:28+02:00,88.0,1,Lund via Kolstad-Heimdal,ATB:Line:2_2,Strindheim- Lade- sentrum- Sau,2,bus,ATB:ServiceJourney:2_250131110662482_6040,True,actual,2026-04-25T11:58:21.163701+02:00
NSR:StopPlace:59977,Trondheim S,2026-04-25T10:56:00+02:00,2026-04-25T10:58:36+02:00,2026-04-25T10:58:36+02:00,156.0,1,Ratesvingen via sentrum,ATB:Line:2_10,Sæterbakken- Strindheim- Sentrum- Ratesvingen,10,bus,ATB:ServiceJourney:10_250131110659404_6030,True,actual,2026-04-25T11:58:21.163701+02:00
NSR:StopPlace:59977,Trondheim S,2026-04-25T10:55:00+02:00,2026-04-25T10:59:23+02:00,2026-04-25T10:59:23+02:00,263.0,1,Grillstad via Ladeham.-Strindh.,ATB:Line:2_20,Grillstad - Strindheim - Ladehammeren- Sentrum - Romolslia,20,bus,ATB:ServiceJourney:20_250131110660271_6019,True,actual,2026-04-25T11:58:21.163701+02:00
NSR:StopPlace:59977,Trondheim S,2026-04-25T11:01:00+02:00,2026-04-25T11:02:08+02:00,2026-04-25T11:02:08+02:00,68.0,1,Vikåsen via Singsaker,ATB:Line:2_25,Vikåsen- Strindheim- Singsaker,25,bus,ATB:ServiceJourney:25_250131110655064_6027,True,actual,2026-04-25T11:58:21.163701+02:00
NSR:StopPlace:59977,Trondheim S,2026-04-25T11:01:00+02:00,2026-04-25T11:04:25+02:00,2026-04-25T11:04:25+02:00,205.0,1,Strindheim via Lade,ATB:Line:2_2,Strindheim- Lade- sentrum- Sau,2,bus,ATB:ServiceJourney:2_250131110662225_6037,True,actual,2026-04-25T11:58:21.163701+02:00
NSR:StopPlace:59977,Trondheim S,2026-04-25T11:06:00+02:00,2026-04-25T11:06:00+02:00,,0.0,0,Stjørdal stasjon,ATB:Line:2_311,Stjørdal - Trondheim,311,bus,ATB:ServiceJourney:311_260423123358021_6003,False,planned,2026-04-25T11:58:21.163701+02:00
NSR:StopPlace:59977,Trondheim S,2026-04-25T11:06:00+02:00,2026-04-25T11:07:04+02:00,2026-04-25T11:07:04+02:00,64.0,1,Ratesvingen via sentrum,ATB:Line:2_10,Sæterbakken- Strindheim- Sentrum- Ratesvingen,10,bus,ATB:ServiceJourney:10_250131110659435_6032,True,actual,2026-04-25T11:58:21.163701+02:00
NSR:StopPlace:59977,Trondheim S,2026-04-25T11:02:00+02:00,2026-04-25T11:07:20+02:00,2026-04-25T11:07:20+02:00,320.0,1,Hurtigbåtterminalen,ATB:Line:2_25,Vikåsen- Strindheim- Singsaker,25,bus,ATB:ServiceJourney:25_250131110654914_6032,True,actual,2026-04-25T11:58:21.163701+02:00
NSR:StopPlace:59977,Trondheim S,2026-04-25T11:07:00+02:00,2026-04-25T11:09:15+02:00,2026-04-25T11:09:15+02:00,135.0,1,Stjørdal via Brattøra-Hommelvik,ATB:Line:2_70,Stjørdal/Hommelvik- Trondheim,70,bus,ATB:ServiceJourney:70_250131110659302_6025,True,actual,2026-04-25T11:58:21.163701+02:00
NSR:StopPlace:59977,Trondheim S,2026-04-25T11:06:00+02:00,2026-04-25T11:10:14+02:00,2026-04-25T11:10:14+02:00,254.0,1,Lund via Kolstad-Heimdal,ATB:Line:2_2,Strindheim- Lade- sentrum- Sau,2,bus,ATB:ServiceJourney:2_250131110662483_6042,True,actual,2026-04-25T11:58:21.163701+02:00
NSR:StopPlace:59977,Trondheim S,2026-04-25T11:06:00+02:00,2026-04-25T11:11:02+02:00,2026-04-25T11:11:02+02:00,302.0,1,Marienborg,ATB:Line:2_70,Stjørdal/Hommelvik- Trondheim,70,bus,ATB:ServiceJourney:70_250131110659126_6028,True,actual,2026-04-25T11:58:21.163701+02:00
NSR:StopPlace:59977,Trondheim S,2026-04-25T11:11:00+02:00,2026-04-25T11:11:11+02:00,2026-04-25T11:11:11+02:00,11.0,1,Trolla via sentrum - Ila,ATB:Line:2_21,Brattøra- Sentrum- Trolla,21,bus,ATB:ServiceJourney:21_250131110661383_6022,True,actual,2026-04-25T11:58:21.163701+02:00
NSR:StopPlace:59977,Trondheim S,2026-04-25T11:12:00+02:00,2026-04-25T11:13:25+02:00,2026-04-25T11:13:25+02:00,85.0,1,Pirbadet,ATB:Line:2_23,Brattøra - St. Olavs - Hallset - Flatåsen - Sandmoen,23,bus,ATB:ServiceJourney:23_250131110657724_6027,True,actual,2026-04-25T11:58:21.163701+02:00
NSR:StopPlace:59977,Trondheim S,2026-04-25T11:13:00+02:00,2026-04-25T11:14:25+02:00,2026-04-25T11:14:25+02:00,85.0,1,Sandmoen via St. Olavs h.-Byåsen,ATB:Line:2_23,Brattøra - St. Olavs - Hallset - Flatåsen - Sandmoen,23,bus,ATB:ServiceJourney:23_250131110657679_6030,True,actual,2026-04-25T11:58:21.163701+02:00
NSR:StopPlace:59977,Trondheim S,2026-04-25T11:11:00+02:00,2026-04-25T11:17:00+02:00,2026-04-25T11:17:00+02:00,360.0,1,Fortuna/Sæterb. via Strindheim,ATB:Line:2_10,Sæterbakken- Strindheim- Sentrum- Ratesvingen,10,bus,ATB:ServiceJourney:10_250131110659505_6029,True,actual,2026-04-25T11:58:21.163701+02:00
NSR:StopPlace:59977,Trondheim S,2026-04-25T11:17:00+02:00,2026-04-25T11:17:00+02:00,,0.0,0,Skatval,SJN:Line:26,Trønderbanen,R70,rail,SJN:ServiceJourney:433-LMO_50206-R,False,planned,2026-04-25T11:58:21.163701+02:00
NSR:StopPlace:59977,Trondheim S,2026-04-25T11:11:00+02:00,2026-04-25T11:17:36+02:00,2026-04-25T11:17:36+02:00,396.0,1,Strindheim via Lade,ATB:Line:2_2,Strindheim- Lade- sentrum- Sau,2,bus,ATB:ServiceJourney:2_250131110662155_6039,True,actual,2026-04-25T11:58:21.163701+02:00
NSR:StopPlace:59977,Trondheim S,2026-04-25T11:16:00+02:00,2026-04-25T11:17:39+02:00,2026-04-25T11:17:39+02:00,99.0,1,Ratesvingen via sentrum,ATB:Line:2_10,Sæterbakken- Strindheim- Sentrum- Ratesvingen,10,bus,ATB:ServiceJourney:10_250131110659405_6034,True,actual,2026-04-25T11:58:21.163701+02:00
NSR:StopPlace:59977,Trondheim S,2026-04-25T11:16:00+02:00,2026-04-25T11:18:40+02:00,2026-04-25T11:18:40+02:00,160.0,1,Lund via Kolstad-Heimdal,ATB:Line:2_2,Strindheim- Lade- sentrum- Sau,2,bus,ATB:ServiceJourney:2_250131110662484_6044,True,actual,2026-04-25T11:58:21.163701+02:00
NSR:StopPlace:59977,Trondheim S,2026-04-25T11:15:00+02:00,2026-04-25T11:19:00+02:00,2026-04-25T11:19:00+02:00,240.0,1,Grillstad via Ladeham.-Strindh.,ATB:Line:2_20,Grillstad - Strindheim - Ladehammeren- Sentrum - Romolslia,20,bus,ATB:ServiceJourney:20_250131110660205_6021,True,actual,2026-04-25T11:58:21.163701+02:00
NSR:StopPlace:59977,Trondheim S,2026-04-25T11:19:00+02:00,2026-04-25T11:19:55+02:00,2026-04-25T11:19:55+02:00,55.0,1,Spongdal via Klefstadhaugen,ATB:Line:2_75,Trondheim S- Sentrum- Spongdal,75,bus,ATB:ServiceJourney:75_250131110663113_6017,True,actual,2026-04-25T11:58:21.163701+02:00
NSR:StopPlace:59977,Trondheim S,2026-04-25T11:20:00+02:00,2026-04-25T11:20:44+02:00,2026-04-25T11:20:44+02:00,44.0,1,Romolslia via St. Olavs hospital,ATB:Line:2_20,Grillstad - Strindheim - Ladehammeren- Sentrum - Romolslia,20,bus,ATB:ServiceJourney:20_250131110660318_6022,True,actual,2026-04-25T11:58:21.163701+02:00
NSR:StopPlace:59977,Trondheim S,2026-04-25T11:21:00+02:00,2026-04-25T11:22:43+02:00,2026-04-25T11:22:43+02:00,103.0,1,Vikåsen via Singsaker,ATB:Line:2_25,Vikåsen- Strindheim- Singsaker,25,bus,ATB:ServiceJourney:25_250131110655065_6029,True,actual,2026-04-25T11:58:21.163701+02:00
NSR:StopPlace:59977,Trondheim S,2026-04-25T11:21:00+02:00,2026-04-25T11:24:12+02:00,2026-04-25T11:24:12+02:00,192.0,1,Fortuna/Sæterb. via Strindheim,ATB:Line:2_10,Sæterbakken- Strindheim- Sentrum- Ratesvingen,10,bus,ATB:ServiceJourney:10_250131110659536_6031,True,actual,2026-04-25T11:58:21.163701+02:00
NSR:StopPlace:59977,Trondheim S,2026-04-25T11:26:00+02:00,2026-04-25T11:26:35+02:00,2026-04-25T11:26:35+02:00,35.0,1,Ratesvingen via sentrum,ATB:Line:2_10,Sæterbakken- Strindheim- Sentrum- Ratesvingen,10,bus,ATB:ServiceJourney:10_250131110659436_6036,True,actual,2026-04-25T11:58:21.163701+02:00
NSR:StopPlace:59977,Trondheim S,2026-04-25T11:21:00+02:00,2026-04-25T11:26:40+02:00,2026-04-25T11:26:40+02:00,340.0,1,Strindheim via Lade,ATB:Line:2_2,Strindheim- Lade- sentrum- Sau,2,bus,ATB:ServiceJourney:2_250131110662156_6041,True,actual,2026-04-25T11:58:21.163701+02:00
NSR:StopPlace:59977,Trondheim S,2026-04-25T11:25:00+02:00,2026-04-25T11:26:44+02:00,2026-04-25T11:26:44+02:00,104.0,1,Pirbadet,ATB:Line:2_21,Brattøra- Sentrum- Trolla,21,bus,ATB:ServiceJourney:21_250131110661502_6021,True,actual,2026-04-25T11:58:21.163701+02:00
NSR:StopPlace:59977,Trondheim S,2026-04-25T11:26:00+02:00,2026-04-25T11:28:20+02:00,2026-04-25T11:28:20+02:00,140.0,1,Lund via Kolstad-Heimdal,ATB:Line:2_2,Strindheim- Lade- sentrum- Sau,2,bus,ATB:ServiceJourney:2_250131110662485_6046,True,actual,2026-04-25T11:58:21.163701+02:00
NSR:StopPlace:59977,Trondheim S,2026-04-25T11:25:00+02:00,2026-04-25T11:28:22+02:00,2026-04-25T11:28:22+02:00,202.0,1,Hurtigbåtterminalen,ATB:Line:2_25,Vikåsen- Strindheim- Singsaker,25,bus,ATB:ServiceJourney:25_250131110654915_6034,True,actual,2026-04-25T11:58:21.163701+02:00
NSR:StopPlace:59977,Trondheim S,2026-04-25T11:27:00+02:00,2026-04-25T11:28:50+02:00,2026-04-25T11:28:50+02:00,110.0,1,Stjørdal via Brattøra-Hommelvik,ATB:Line:2_70,Stjørdal/Hommelvik- Trondheim,70,bus,ATB:ServiceJourney:70_250131110659314_6027,True,actual,2026-04-25T11:58:21.163701+02:00
NSR:StopPlace:59977,Trondheim S,2026-04-25T11:30:00+02:00,2026-04-25T11:30:00+02:00,,0.0,0,Lillehammer,VYX:Line:125,VY710 (Oslo-)Lillehammer-Trondheim-Steinkjer,VY710,coach,VYX:ServiceJourney:5063a56fd4be6fdb2d1e2d7b5cc45d8740ce8001,False,planned,2026-04-25T11:58:21.163701+02:00
NSR:StopPlace:59977,Trondheim S,2026-04-25T10:37:00+02:00,2026-04-25T11:30:30+02:00,,3210.0,1,Lund via Kolstad-Heimdal,ATB:Line:2_2,Strindheim- Lade- sentrum- Sau,2,bus,ATB:ServiceJourney:2_250131110662373_6036,True,expected,2026-04-25T11:58:21.163701+02:00
NSR:StopPlace:59977,Trondheim S,2026-04-25T11:30:00+02:00,2026-04-25T11:31:01+02:00,2026-04-25T11:31:01+02:00,61.0,1,Fannrem via fv.800 og AMFI Oti,ATB:Line:2_410,Trondheim - Orkanger - (Fannrem) via fv. 800,410,bus,ATB:ServiceJourney:410_250212077045205_6006,True,actual,2026-04-25T11:58:21.163701+02:00
NSR:StopPlace:59977,Trondheim S,2026-04-25T11:31:00+02:00,2026-04-25T11:32:14+02:00,2026-04-25T11:32:14+02:00,74.0,1,Strindheim via Lade,ATB:Line:2_2,Strindheim- Lade- sentrum- Sau,2,bus,ATB:ServiceJourney:2_250131110662157_6043,True,actual,2026-04-25T11:58:21.163701+02:00
NSR:StopPlace:59977,Trondheim S,2026-04-25T11:31:00+02:00,2026-04-25T11:32:32+02:00,2026-04-25T11:32:32+02:00,92.0,1,Fortuna/Sæterb. via Strindheim,ATB:Line:2_10,Sæterbakken- Strindheim- Sentrum- Ratesvingen,10,bus,ATB:ServiceJourney:10_250131110659368_6033,True,actual,2026-04-25T11:58:21.163701+02:00
NSR:StopPlace:59977,Trondheim S,2026-04-25T11:32:00+02:00,2026-04-25T11:32:55+02:00,2026-04-25T11:32:55+02:00,55.0,1,Pirbadet,ATB:Line:2_23,Brattøra - St. Olavs - Hallset - Flatåsen - Sandmoen,23,bus,ATB:ServiceJourney:23_250131110657695_6029,True,actual,2026-04-25T11:58:21.163701+02:00
NSR:StopPlace:59977,Trondheim S,2026-04-25T11:26:00+02:00,2026-04-25T11:33:06+02:00,2026-04-25T11:33:06+02:00,426.0,1,Marienborg,ATB:Line:2_70,Stjørdal/Hommelvik- Trondheim,70,bus,ATB:ServiceJourney:70_250131110659236_6030,True,actual,2026-04-25T11:58:21.163701+02:00
NSR:StopPlace:59977,Trondheim S,2026-04-25T11:32:00+02:00,2026-04-25T11:33:59+02:00,2026-04-25T11:33:59+02:00,119.0,1,Sandmoen via St. Olavs h.-Byåsen,ATB:Line:2_23,Brattøra - St. Olavs - Hallset - Flatåsen - Sandmoen,23,bus,ATB:ServiceJourney:23_250131110658744_7090,True,actual,2026-04-25T11:58:21.163701+02:00
NSR:StopPlace:59977,Trondheim S,2026-04-25T11:36:00+02:00,2026-04-25T11:37:16+02:00,2026-04-25T11:37:16+02:00,76.0,1,Rate via sentrum,ATB:Line:2_10,Sæterbakken- Strindheim- Sentrum- Ratesvingen,10,bus,ATB:ServiceJourney:10_250131110659354_6038,True,actual,2026-04-25T11:58:21.163701+02:00
NSR:StopPlace:59977,Trondheim S,2026-04-25T11:35:00+02:00,2026-04-25T11:38:38+02:00,2026-04-25T11:38:38+02:00,218.0,1,Grillstad via Ladeham.-Strindh.,ATB:Line:2_20,Grillstad - Strindheim - Ladehammeren- Sentrum - Romolslia,20,bus,ATB:ServiceJourney:20_250131110660272_6023,True,actual,2026-04-25T11:58:21.163701+02:00
NSR:StopPlace:59983,Bergen stasjon,2026-04-25T11:49:00+02:00,2026-04-25T11:49:00+02:00,,0.0,0,Oslo S,VYG:Line:F4,Oslo S-Bergen,F4,rail,VYG:ServiceJourney:BUS-602_539340-R,False,planned,2026-04-25T11:58:21.163701+02:00
NSR:StopPlace:59983,Bergen stasjon,2026-04-25T11:49:00+02:00,2026-04-25T11:49:00+02:00,,0.0,0,Voss,VYG:Line:F4,Oslo S-Bergen,F4,rail,VYG:ServiceJourney:BUS-602_539338-R,False,planned,2026-04-25T11:58:21.163701+02:00
NSR:StopPlace:59983,Bergen stasjon,2026-04-25T11:49:00+02:00,2026-04-25T11:50:01+02:00,2026-04-25T11:50:01+02:00,61.0,1,Oslo S,VYG:Line:F4,Oslo S-Bergen,F4,rail,VYG:ServiceJourney:BUS-602_539339-R,True,actual,2026-04-25T11:58:21.163701+02:00
NSR:StopPlace:59983,Bergen stasjon,2026-04-25T12:09:00+02:00,2026-04-25T12:09:00+02:00,,0.0,0,Voss,VYG:Line:R40,Bergen-Voss-Myrdal-Ål,R40,rail,VYG:ServiceJourney:BUS-1816_538856-R,False,planned,2026-04-25T11:58:21.163701+02:00
NSR:StopPlace:60900,Harran stasjon,2026-04-25T11:25:00+02:00,2026-04-25T11:25:00+02:00,,0.0,0,Trondheim S,SJN:Line:71,Nordlandsbanen,F7,rail,SJN:ServiceJourney:B478-CE_50624-R,False,planned,2026-04-25T11:58:21.163701+02:00
NSR:StopPlace:60900,Harran stasjon,2026-04-25T11:13:00+02:00,2026-04-25T11:26:57+02:00,2026-04-25T11:26:57+02:00,837.0,1,Bodø,SJN:Line:71,Nordlandsbanen,F7,rail,SJN:ServiceJourney:471-STK_33055-R,True,actual,2026-04-25T11:58:21.163701+02:00
NSR:StopPlace:60131,Ed station,2026-04-25T11:28:00+02:00,2026-04-25T11:31:00+02:00,2026-04-25T11:31:00+02:00,180.0,1,Oslo S,VYG:Line:RE20,Oslo S-Halden-Göteborg-Malmö (X-Border),RE20,rail,VYG:ServiceJourney:386-118_444280-R,True,actual,2026-04-25T11:58:21.163701+02:00
NSR:StopPlace:60131,Ed station,2026-04-25T12:25:00+02:00,2026-04-25T12:25:00+02:00,,0.0,0,Malmö central,VYG:Line:RE20,Oslo S-Halden-Göteborg-Malmö (X-Border),RE20,rail,VYG:ServiceJourney:111-387_512279-R,True,planned,2026-04-25T11:58:21.163701+02:00
NSR:StopPlace:59180,Karlstad Centralstation,2026-04-25T10:50:00+02:00,2026-04-25T10:50:00+02:00,,0.0,0,Stockholm,VYB:Line:26,850 Oslo - Arlanda - Stockholm,850,coach,VYB:ServiceJourney:ee6baf59e3f990c5a2ca438e1e1d96143f68ca1a,False,planned,2026-04-25T11:58:21.163701+02:00
NSR:StopPlace:59180,Karlstad Centralstation,2026-04-25T12:20:00+02:00,2026-04-25T12:20:00+02:00,,0.0,0,Oslo,VYB:Line:26,850 Oslo - Arlanda - Stockholm,850,coach,VYB:ServiceJourney:0d0e2e6281eff5d450eacad4c59250449732964d,False,planned,2026-04-25T11:58:21.163701+02:00
NSR:StopPlace:59181,Kristinehamn station,2026-04-25T10:50:00+02:00,2026-04-25T10:50:00+02:00,,0.0,0,Stockholm,SJV:Line:cfac9102-49ef-476c-8663-a6d468ee4f36,Stockholm-Hallsberg-Karlstad-Oslo,70,rail,SJV:ServiceJourney:6bcdad44-579c-4040-a6ec-639bc3e56953,False,planned,2026-04-25T11:58:21.163701+02:00
NSR:StopPlace:59181,Kristinehamn station,2026-04-25T11:10:00+02:00,2026-04-25T11:10:00+02:00,,0.0,0,Arlanda,VYB:Line:26,850 Oslo - Arlanda - Stockholm,850,coach,VYB:ServiceJourney:72182333fdf7039807a983e39199c6d66b63642e,False,planned,2026-04-25T11:58:21.163701+02:00
NSR:StopPlace:59181,Kristinehamn station,2026-04-25T11:35:00+02:00,2026-04-25T11:35:00+02:00,,0.0,0,Oslo,VYB:Line:26,850 Oslo - Arlanda - Stockholm,850,coach,VYB:ServiceJourney:0d0e2e6281eff5d450eacad4c59250449732964d,False,planned,2026-04-25T11:58:21.163701+02:00
NSR:StopPlace:59181,Kristinehamn station,2026-04-25T11:40:00+02:00,2026-04-25T11:40:00+02:00,,0.0,0,Oslo,FLI:Line:a57473bd9f620d68,Stockholm - Oslo,600,coach,FLI:ServiceJourney:6b2b7f3a31a815d2f38eead2ce044f97,False,planned,2026-04-25T11:58:21.163701+02:00
NSR:StopPlace:59181,Kristinehamn station,2026-04-25T11:30:00+02:00,2026-04-25T11:46:20+02:00,,980.0,1,Stockholm,FLI:Line:a57473bd9f620d68,Stockholm - Oslo,600,coach,FLI:ServiceJourney:5b043076c6aa1f1a8dfcb60aef3a68ab,True,expected,2026-04-25T11:58:21.163701+02:00
NSR:StopPlace:59181,Kristinehamn station,2026-04-25T12:44:00+02:00,2026-04-25T12:44:00+02:00,,0.0,0,Karlstad-Oslo,SJV:Line:cfac9102-49ef-476c-8663-a6d468ee4f36,Stockholm-Hallsberg-Karlstad-Oslo,70,rail,SJV:ServiceJourney:f2b2b57f-f7b6-4450-a850-86a4a67348f8,False,planned,2026-04-25T11:58:21.163701+02:00
NSR:StopPlace:59182,Örebro Centralstation,2026-04-25T10:45:00+02:00,2026-04-25T10:45:00+02:00,,0.0,0,Oslo,FLI:Line:a57473bd9f620d68,Stockholm - Oslo,600,coach,FLI:ServiceJourney:6b2b7f3a31a815d2f38eead2ce044f97,False,planned,2026-04-25T11:58:21.163701+02:00
NSR:StopPlace:59182,Örebro Centralstation,2026-04-25T10:50:00+02:00,2026-04-25T10:50:00+02:00,,0.0,0,Stockholm,FLI:Line:a57473bd9f620d68,Stockholm - Oslo,600,coach,FLI:ServiceJourney:7881635ed6d053c20bfe3d464dbc8ee8,False,planned,2026-04-25T11:58:21.163701+02:00
NSR:StopPlace:59182,Örebro Centralstation,2026-04-25T11:45:00+02:00,2026-04-25T11:45:00+02:00,,0.0,0,Arlanda,VYB:Line:26,850 Oslo - Arlanda - Stockholm,850,coach,VYB:ServiceJourney:e3f9410c4d8aeb3d856c1cf8aa03ed4d0ae3a65c,False,planned,2026-04-25T11:58:21.163701+02:00
NSR:StopPlace:59182,Örebro Centralstation,2026-04-25T11:50:00+02:00,2026-04-25T11:50:00+02:00,,0.0,0,Karlstad,VYB:Line:26,850 Oslo - Arlanda - Stockholm,850,coach,VYB:ServiceJourney:8f7e26368cc3ba028e6b3331172a88433bebc7f0,False,planned,2026-04-25T11:58:21.163701+02:00
NSR:StopPlace:59182,Örebro Centralstation,2026-04-25T11:53:00+02:00,2026-04-25T11:53:00+02:00,2026-04-25T11:53:00+02:00,0.0,0,Oslo S,VYG:Line:F1,Oslo S-Kongsvinger--Charlottenberg-Karlstad-Stockholm,F1,rail,VYG:ServiceJourney:8943-STC_480056-R,True,actual,2026-04-25T11:58:21.163701+02:00
NSR:StopPlace:59182,Örebro Centralstation,2026-04-25T12:20:00+02:00,2026-04-25T12:20:00+02:00,,0.0,0,Arlanda,VYB:Line:26,850 Oslo - Arlanda - Stockholm,850,coach,VYB:ServiceJourney:72182333fdf7039807a983e39199c6d66b63642e,False,planned,2026-04-25T11:58:21.163701+02:00
NSR:StopPlace:59182,Örebro Centralstation,2026-04-25T12:35:00+02:00,2026-04-25T12:35:00+02:00,,0.0,0,Stockholm,VYB:Line:26,850 Oslo - Arlanda - Stockholm,850,coach,VYB:ServiceJourney:ee6baf59e3f990c5a2ca438e1e1d96143f68ca1a,False,planned,2026-04-25T11:58:21.163701+02:00
NSR:StopPlace:59182,Örebro Centralstation,2026-04-25T12:35:00+02:00,2026-04-25T12:35:00+02:00,,0.0,0,Karlstad,VYB:Line:26,850 Oslo - Arlanda - Stockholm,850,coach,VYB:ServiceJourney:7eac4fa22a0bbca5bfbda144f073e61f9981b098,False,planned,2026-04-25T11:58:21.163701+02:00
NSR:StopPlace:59182,Örebro Centralstation,2026-04-25T12:35:00+02:00,2026-04-25T12:41:11+02:00,,371.0,1,Stockholm,FLI:Line:a57473bd9f620d68,Stockholm - Oslo,600,coach,FLI:ServiceJourney:5b043076c6aa1f1a8dfcb60aef3a68ab,True,expected,2026-04-25T11:58:21.163701+02:00
NSR:StopPlace:59185,Arvika station,2026-04-25T11:08:00+02:00,2026-04-25T11:08:00+02:00,,0.0,0,Oslo,SJV:Line:cfac9102-49ef-476c-8663-a6d468ee4f36,Stockholm-Hallsberg-Karlstad-Oslo,70,rail,SJV:ServiceJourney:e794c8ce-6e4a-4fd2-b148-3ae868a8aed9,False,planned,2026-04-25T11:58:21.163701+02:00
NSR:StopPlace:60017,Slitu stasjon,2026-04-25T10:50:00+02:00,2026-04-25T10:50:00+02:00,,0.0,0,Rakkestad,VYG:Line:R22,Skøyen-Oslo S-Mysen-Rakkestad,R22,rail,VYG:ServiceJourney:1911_443449-R,True,planned,2026-04-25T11:58:21.163701+02:00
NSR:StopPlace:60017,Slitu stasjon,2026-04-25T11:04:00+02:00,2026-04-25T11:04:40+02:00,,40.0,1,Oslo S,VYG:Line:R22,Skøyen-Oslo S-Mysen-Rakkestad,R22,rail,VYG:ServiceJourney:1916_443458-R,True,expected,2026-04-25T11:58:21.163701+02:00
NSR:StopPlace:60017,Slitu stasjon,2026-04-25T11:50:00+02:00,2026-04-25T11:50:54+02:00,,54.0,1,Rakkestad,VYG:Line:R22,Skøyen-Oslo S-Mysen-Rakkestad,R22,rail,VYG:ServiceJourney:1913_443452-R,True,expected,2026-04-25T11:58:21.163701+02:00
NSR:StopPlace:60017,Slitu stasjon,2026-04-25T12:04:00+02:00,2026-04-25T12:04:00+02:00,,0.0,0,Oslo S,VYG:Line:R22,Skøyen-Oslo S-Mysen-Rakkestad,R22,rail,VYG:ServiceJourney:1918_443461-R,True,planned,2026-04-25T11:58:21.163701+02:00
NSR:StopPlace:60017,Slitu stasjon,2026-04-25T12:50:00+02:00,2026-04-25T12:50:00+02:00,,0.0,0,Rakkestad,VYG:Line:R22,Skøyen-Oslo S-Mysen-Rakkestad,R22,rail,VYG:ServiceJourney:1915_443456-R,True,planned,2026-04-25T11:58:21.163701+02:00
NSR:StopPlace:60016,Kråkstad stasjon,2026-04-25T11:18:00+02:00,2026-04-25T11:19:20+02:00,2026-04-25T11:19:20+02:00,80.0,1,Rakkestad,VYG:Line:R22,Skøyen-Oslo S-Mysen-Rakkestad,R22,rail,VYG:ServiceJourney:1913_443452-R,True,actual,2026-04-25T11:58:21.163701+02:00
NSR:StopPlace:60016,Kråkstad stasjon,2026-04-25T11:36:00+02:00,2026-04-25T11:37:24+02:00,2026-04-25T11:37:24+02:00,84.0,1,Oslo S,VYG:Line:R22,Skøyen-Oslo S-Mysen-Rakkestad,R22,rail,VYG:ServiceJourney:1916_443458-R,True,actual,2026-04-25T11:58:21.163701+02:00
NSR:StopPlace:60016,Kråkstad stasjon,2026-04-25T12:18:00+02:00,2026-04-25T12:18:00+02:00,,0.0,0,Rakkestad,VYG:Line:R22,Skøyen-Oslo S-Mysen-Rakkestad,R22,rail,VYG:ServiceJourney:1915_443456-R,True,planned,2026-04-25T11:58:21.163701+02:00
NSR:StopPlace:60016,Kråkstad stasjon,2026-04-25T12:36:00+02:00,2026-04-25T12:36:00+02:00,,0.0,0,Oslo S,VYG:Line:R22,Skøyen-Oslo S-Mysen-Rakkestad,R22,rail,VYG:ServiceJourney:1918_443461-R,True,planned,2026-04-25T11:58:21.163701+02:00
NSR:StopPlace:60049,Hønefoss stasjon,2026-04-25T12:48:00+02:00,2026-04-25T12:48:00+02:00,,0.0,0,Oslo S,VYG:Line:F4,Oslo S-Bergen,F4,rail,VYG:ServiceJourney:BUS-60_539332-R,False,planned,2026-04-25T11:58:21.163701+02:00
NSR:StopPlace:60047,Melhus skysstasjon,2026-04-25T10:48:00+02:00,2026-04-25T10:48:00+02:00,,0.0,0,Skatval,SJN:Line:26,Trønderbanen,R70,rail,SJN:ServiceJourney:433-LMO_50206-R,False,planned,2026-04-25T11:58:21.163701+02:00
NSR:StopPlace:60047,Melhus skysstasjon,2026-04-25T11:47:00+02:00,2026-04-25T11:47:00+02:00,,0.0,0,Skatval,SJN:Line:26,Trønderbanen,R70,rail,SJN:ServiceJourney:435-SOeB_50210-R,False,planned,2026-04-25T11:58:21.163701+02:00
NSR:StopPlace:60047,Melhus skysstasjon,2026-04-25T12:08:00+02:00,2026-04-25T12:08:00+02:00,,0.0,0,Ler,SJN:Line:26,Trønderbanen,R70,rail,SJN:ServiceJourney:430-SKV_50200-R,True,planned,2026-04-25T11:58:21.163701+02:00
NSR:StopPlace:60047,Melhus skysstasjon,2026-04-25T12:48:00+02:00,2026-04-25T12:48:00+02:00,,0.0,0,Skatval,SJN:Line:26,Trønderbanen,R70,rail,SJN:ServiceJourney:437-LER_50217-R,False,planned,2026-04-25T11:58:21.163701+02:00
NSR:StopPlace:60045,Hamar stasjon,2026-04-25T10:52:00+02:00,2026-04-25T10:52:28+02:00,2026-04-25T10:52:28+02:00,28.0,1,Lillehammer,VYG:Line:RE10,Drammen-Oslo S-Lillehammer,RE10,rail,VYG:ServiceJourney:311-SUD_481289-R,True,actual,2026-04-25T11:58:21.163701+02:00
NSR:StopPlace:60045,Hamar stasjon,2026-04-25T11:11:00+02:00,2026-04-25T11:12:23+02:00,2026-04-25T11:12:23+02:00,83.0,1,Drammen,VYG:Line:RE10,Drammen-Oslo S-Lillehammer,RE10,rail,VYG:ServiceJourney:314-HVE_488405-R,True,actual,2026-04-25T11:58:21.163701+02:00
NSR:StopPlace:60045,Hamar stasjon,2026-04-25T11:52:00+02:00,2026-04-25T11:52:09+02:00,2026-04-25T11:52:09+02:00,9.0,1,Lillehammer,VYG:Line:RE10,Drammen-Oslo S-Lillehammer,RE10,rail,VYG:ServiceJourney:313-SUD_444163-R,True,actual,2026-04-25T11:58:21.163701+02:00
NSR:StopPlace:60045,Hamar stasjon,2026-04-25T12:11:00+02:00,2026-04-25T12:11:00+02:00,,0.0,0,Drammen,VYG:Line:RE10,Drammen-Oslo S-Lillehammer,RE10,rail,VYG:ServiceJourney:316-HVE_488409-R,True,planned,2026-04-25T11:58:21.163701+02:00
NSR:StopPlace:60045,Hamar stasjon,2026-04-25T12:52:00+02:00,2026-04-25T12:52:00+02:00,,0.0,0,Lillehammer,VYG:Line:RE10,Drammen-Oslo S-Lillehammer,RE10,rail,VYG:ServiceJourney:315-SUD_444173-R,True,planned,2026-04-25T11:58:21.163701+02:00
NSR:StopPlace:60053,Halden stasjon,2026-04-25T10:47:00+02:00,2026-04-25T10:53:40+02:00,2026-04-25T10:53:40+02:00,400.0,1,Halden sentrum,OST:Line:1_34,Remmen-Sykehuset,34,bus,OST:ServiceJourney:34_251111070504941_606,True,actual,2026-04-25T11:58:21.163701+02:00
NSR:StopPlace:60053,Halden stasjon,2026-04-25T11:03:00+02:00,2026-04-25T11:03:20+02:00,2026-04-25T11:03:20+02:00,20.0,1,Oslo S,VYG:Line:RE20,Oslo S-Halden-Göteborg-Malmö (X-Border),RE20,rail,VYG:ServiceJourney:116_443047-R,True,actual,2026-04-25T11:58:21.163701+02:00
NSR:StopPlace:60053,Halden stasjon,2026-04-25T11:08:00+02:00,2026-04-25T11:14:07+02:00,2026-04-25T11:14:07+02:00,367.0,1,Halden sentrum,OST:Line:1_35,Næridsrød - Tistedal,35,bus,OST:ServiceJourney:35_251111070504995_608,True,actual,2026-04-25T11:58:21.163701+02:00
NSR:StopPlace:60053,Halden stasjon,2026-04-25T11:22:00+02:00,2026-04-25T11:31:28+02:00,2026-04-25T11:31:28+02:00,568.0,1,Halden sentrum,OST:Line:1_32,Brekkerød-Stenrød,32,bus,OST:ServiceJourney:32_251111070505548_605,True,actual,2026-04-25T11:58:21.163701+02:00
NSR:StopPlace:60053,Halden stasjon,2026-04-25T11:33:00+02:00,2026-04-25T11:36:46+02:00,2026-04-25T11:36:46+02:00,226.0,1,Halden sentrum,OST:Line:1_33,Tistedal-Vold skog,33,bus,OST:ServiceJourney:33_251111070504860_607,True,actual,2026-04-25T11:58:21.163701+02:00
NSR:StopPlace:60053,Halden stasjon,2026-04-25T11:47:00+02:00,2026-04-25T11:51:56+02:00,2026-04-25T11:51:56+02:00,296.0,1,Malmö central,VYG:Line:RE20,Oslo S-Halden-Göteborg-Malmö (X-Border),RE20,rail,VYG:ServiceJourney:111-387_512279-R,True,actual,2026-04-25T11:58:21.163701+02:00
NSR:StopPlace:60053,Halden stasjon,2026-04-25T11:54:00+02:00,2026-04-25T12:00:15+02:00,,375.0,1,Halden sentrum,OST:Line:1_34,Remmen-Sykehuset,34,bus,OST:ServiceJourney:34_251111070504913_605,True,expected,2026-04-25T11:58:21.163701+02:00
NSR:StopPlace:60053,Halden stasjon,2026-04-25T12:11:00+02:00,2026-04-25T12:11:00+02:00,,0.0,0,Oslo S,VYG:Line:RE20,Oslo S-Halden-Göteborg-Malmö (X-Border),RE20,rail,VYG:ServiceJourney:386-118_444280-R,True,planned,2026-04-25T11:58:21.163701+02:00
NSR:StopPlace:60053,Halden stasjon,2026-04-25T12:13:00+02:00,2026-04-25T12:19:11+02:00,,371.0,1,Halden sentrum,OST:Line:1_35,Næridsrød - Tistedal,35,bus,OST:ServiceJourney:35_251111070504968_607,True,expected,2026-04-25T11:58:21.163701+02:00
NSR:StopPlace:60053,Halden stasjon,2026-04-25T12:26:00+02:00,2026-04-25T12:28:29+02:00,,149.0,1,Halden sentrum,OST:Line:1_32,Brekkerød-Stenrød,32,bus,OST:ServiceJourney:32_251111070505572_606,True,expected,2026-04-25T11:58:21.163701+02:00
NSR:StopPlace:60053,Halden stasjon,2026-04-25T12:36:00+02:00,2026-04-25T12:35:59+02:00,,-1.0,0,Halden sentrum,OST:Line:1_33,Tistedal-Vold skog,33,bus,OST:ServiceJourney:33_251111070504887_608,True,expected,2026-04-25T11:58:21.163701+02:00
NSR:StopPlace:60053,Halden stasjon,2026-04-25T12:47:00+02:00,2026-04-25T12:49:07+02:00,,127.0,1,Halden sentrum,OST:Line:1_34,Remmen-Sykehuset,34,bus,OST:ServiceJourney:34_251111070504942_610,True,expected,2026-04-25T11:58:21.163701+02:00
NSR:StopPlace:60077,Støren stasjon,2026-04-25T11:17:00+02:00,2026-04-25T11:17:45+02:00,2026-04-25T11:17:45+02:00,45.0,1,Trondheim S,ATB:Line:2_340,Trondheim - Støren,340,bus,ATB:ServiceJourney:340_250212077044862_6005,True,actual,2026-04-25T11:58:21.163701+02:00
NSR:StopPlace:60077,Støren stasjon,2026-04-25T12:52:00+02:00,2026-04-25T12:54:51+02:00,,171.0,1,Trondheim S,ATB:Line:2_440,Støren - Røros,440,bus,ATB:ServiceJourney:440_250212077048116_6007,True,expected,2026-04-25T11:58:21.163701+02:00
NSR:StopPlace:60078,Kongsvoll stasjon,2026-04-25T12:36:00+02:00,2026-04-25T12:36:00+02:00,,0.0,0,Trondheim S,SJN:Line:21,Dovrebanen,F6,rail,SJN:ServiceJourney:43-LOD_30155-R,True,planned,2026-04-25T11:58:21.163701+02:00
NSR:StopPlace:59091,Storekvina stasjon,2026-04-25T11:30:00+02:00,2026-04-25T11:30:00+02:00,,0.0,0,Feda terminal,GOA:Line:50,Sørtoget region,F5,rail,GOA:ServiceJourney:B710-DJ_66838-R,False,planned,2026-04-25T11:58:21.163701+02:00
NSR:StopPlace:59092,Gyland stasjon,2026-04-25T11:26:00+02:00,2026-04-25T11:26:00+02:00,,0.0,0,Feda terminal,GOA:Line:50,Sørtoget region,F5,rail,GOA:ServiceJourney:B710-DI_66837-R,False,planned,2026-04-25T11:58:21.163701+02:00
NSR:StopPlace:59393,Västerås Centralstation,2026-04-25T10:57:00+02:00,2026-04-25T10:57:00+02:00,,0.0,0,Oslo S,VYG:Line:F1,Oslo S-Kongsvinger--Charlottenberg-Karlstad-Stockholm,F1,rail,VYG:ServiceJourney:8943-STC_480056-R,True,planned,2026-04-25T11:58:21.163701+02:00
NSR:StopPlace:59393,Västerås Centralstation,2026-04-25T11:15:00+02:00,2026-04-25T11:15:00+02:00,,0.0,0,Karlstad,VYB:Line:26,850 Oslo - Arlanda - Stockholm,850,coach,VYB:ServiceJourney:7eac4fa22a0bbca5bfbda144f073e61f9981b098,False,planned,2026-04-25T11:58:21.163701+02:00
NSR:StopPlace:59393,Västerås Centralstation,2026-04-25T11:50:00+02:00,2026-04-25T11:50:00+02:00,,0.0,0,Arlanda,VYB:Line:26,850 Oslo - Arlanda - Stockholm,850,coach,VYB:ServiceJourney:ebdf661b7925a570bac576bc838f2a8509e03a69,False,planned,2026-04-25T11:58:21.163701+02:00
NSR:StopPlace:59393,Västerås Centralstation,2026-04-25T12:05:00+02:00,2026-04-25T12:05:00+02:00,,0.0,0,Stockholm,FLI:Line:a57473bd9f620d68,Stockholm - Oslo,600,coach,FLI:ServiceJourney:7881635ed6d053c20bfe3d464dbc8ee8,False,planned,2026-04-25T11:58:21.163701+02:00
NSR:StopPlace:59393,Västerås Centralstation,2026-04-25T12:15:00+02:00,2026-04-25T12:15:00+02:00,,0.0,0,Oslo,FLI:Line:a57473bd9f620d68,Stockholm - Oslo,600,coach,FLI:ServiceJourney:79c6382d00575f6ab38f0d4f5be5d4a0,False,planned,2026-04-25T11:58:21.163701+02:00
NSR:StopPlace:59393,Västerås Centralstation,2026-04-25T12:30:00+02:00,2026-04-25T12:30:00+02:00,,0.0,0,Karlstad,VYB:Line:26,850 Oslo - Arlanda - Stockholm,850,coach,VYB:ServiceJourney:a5cb01ae585aa2d63892eea2a581009ed09edc38,False,planned,2026-04-25T11:58:21.163701+02:00
NSR:StopPlace:59393,Västerås Centralstation,2026-04-25T12:45:00+02:00,2026-04-25T12:45:00+02:00,,0.0,0,Oslo,VYB:Line:26,850 Oslo - Arlanda - Stockholm,850,coach,VYB:ServiceJourney:68755698707752325a55f91fc6d132c026db5749,False,planned,2026-04-25T11:58:21.163701+02:00
NSR:StopPlace:60392,Södertälje syd,2026-04-25T10:47:00+02:00,2026-04-25T10:47:00+02:00,,0.0,0,Karlstad-Oslo,SJV:Line:cfac9102-49ef-476c-8663-a6d468ee4f36,Stockholm-Hallsberg-Karlstad-Oslo,70,rail,SJV:ServiceJourney:f2b2b57f-f7b6-4450-a850-86a4a67348f8,False,planned,2026-04-25T11:58:21.163701+02:00
NSR:StopPlace:59248,Stockholm-Arlanda flygplats,2026-04-25T11:00:00+02:00,2026-04-25T11:00:00+02:00,,0.0,0,Karlstad,VYB:Line:26,850 Oslo - Arlanda - Stockholm,850,coach,VYB:ServiceJourney:a5cb01ae585aa2d63892eea2a581009ed09edc38,False,planned,2026-04-25T11:58:21.163701+02:00
NSR:StopPlace:59248,Stockholm-Arlanda flygplats,2026-04-25T11:30:00+02:00,2026-04-25T11:30:00+02:00,,0.0,0,Göteborg,VYB:Line:23,400 Stockholm - Göteborg,400,coach,VYB:ServiceJourney:3112d2f1be2e1b79cdd0b55565b70d7db0c8a153,False,planned,2026-04-25T11:58:21.163701+02:00
NSR:StopPlace:59248,Stockholm-Arlanda flygplats,2026-04-25T11:45:00+02:00,2026-04-25T11:45:00+02:00,,0.0,0,Kalmar,VYB:Line:176,200 Kalmar - Arlanda,200,coach,VYB:ServiceJourney:15b6f3a65817c680eacaee6223eeedc9638b80f0,False,planned,2026-04-25T11:58:21.163701+02:00
NSR:StopPlace:59248,Stockholm-Arlanda flygplats,2026-04-25T12:00:00+02:00,2026-04-25T12:00:00+02:00,,0.0,0,Örebro,VYB:Line:27,900 Oslo - Arlanda - Stockholm,900,coach,VYB:ServiceJourney:ed67e2ecb73a5c5ed5f4a0af40ed9dfb70ea93f8,False,planned,2026-04-25T11:58:21.163701+02:00
NSR:StopPlace:59243,Mo i Rana stasjon,2026-04-25T10:56:00+02:00,2026-04-25T10:58:58+02:00,2026-04-25T10:58:58+02:00,178.0,1,Mo i Rana,NOR:Line:12_3721,Mo i Rana - Korgen- Mosjøen,200,bus,NOR:ServiceJourney:3721_251022109775624_4001,True,actual,2026-04-25T11:58:21.163701+02:00
NSR:StopPlace:59243,Mo i Rana stasjon,2026-04-25T11:12:00+02:00,2026-04-25T11:12:32+02:00,2026-04-25T11:12:32+02:00,32.0,1,Sykehuset Mo,NOR:Line:12_8372,Kvernkroken - Sykehuset Mo,2,bus,NOR:ServiceJourney:8372_251012124855378_3003,True,actual,2026-04-25T11:58:21.163701+02:00
NSR:StopPlace:59243,Mo i Rana stasjon,2026-04-25T11:12:00+02:00,2026-04-25T11:16:21+02:00,2026-04-25T11:16:21+02:00,261.0,1,Båsmobakken,NOR:Line:12_8371,Grubbåsen - Båsmobakken/Skillevollen,1,bus,NOR:ServiceJourney:8371_251012124858502_3003,True,actual,2026-04-25T11:58:21.163701+02:00
NSR:StopPlace:59243,Mo i Rana stasjon,2026-04-25T11:38:00+02:00,2026-04-25T11:39:13+02:00,2026-04-25T11:39:13+02:00,73.0,1,Grubbåsen,NOR:Line:12_8371,Grubbåsen - Båsmobakken/Skillevollen,1,bus,NOR:ServiceJourney:8371_251012124858527_4003,True,actual,2026-04-25T11:58:21.163701+02:00
NSR:StopPlace:59243,Mo i Rana stasjon,2026-04-25T11:42:00+02:00,2026-04-25T12:10:57+02:00,,1737.0,1,Kvernkroken,NOR:Line:12_8372,Kvernkroken - Sykehuset Mo,2,bus,NOR:ServiceJourney:8372_251012124855390_4003,True,expected,2026-04-25T11:58:21.163701+02:00
NSR:StopPlace:59243,Mo i Rana stasjon,2026-04-25T12:12:00+02:00,2026-04-25T12:12:00+02:00,,0.0,0,Skillevollen,NOR:Line:12_8371,Grubbåsen - Båsmobakken/Skillevollen,1,bus,NOR:ServiceJourney:8371_251012124858477_3004,True,planned,2026-04-25T11:58:21.163701+02:00
NSR:StopPlace:59243,Mo i Rana stasjon,2026-04-25T12:12:00+02:00,2026-04-25T12:32:57+02:00,,1257.0,1,Sykehuset Mo,NOR:Line:12_8372,Kvernkroken - Sykehuset Mo,2,bus,NOR:ServiceJourney:8372_251012124855379_3004,True,expected,2026-04-25T11:58:21.163701+02:00
NSR:StopPlace:59243,Mo i Rana stasjon,2026-04-25T12:38:00+02:00,2026-04-25T12:38:00+02:00,,0.0,0,Grubbåsen,NOR:Line:12_8371,Grubbåsen - Båsmobakken/Skillevollen,1,bus,NOR:ServiceJourney:8371_251012124858553_4004,True,planned,2026-04-25T11:58:21.163701+02:00
NSR:StopPlace:59243,Mo i Rana stasjon,2026-04-25T12:42:00+02:00,2026-04-25T12:42:00+02:00,,0.0,0,Kvernkroken,NOR:Line:12_8372,Kvernkroken - Sykehuset Mo,2,bus,NOR:ServiceJourney:8372_251012124855391_4004,True,planned,2026-04-25T11:58:21.163701+02:00
NSR:StopPlace:59244,Egersund stasjon,2026-04-25T11:07:00+02:00,2026-04-25T11:09:34+02:00,2026-04-25T11:09:34+02:00,154.0,1,Egersund,KOL:Line:8_2699,H2,H2,bus,KOL:ServiceJourney:2699_250619122709370_3000,True,actual,2026-04-25T11:58:21.163701+02:00
NSR:StopPlace:59244,Egersund stasjon,2026-04-25T11:20:00+02:00,2026-04-25T11:19:59+02:00,2026-04-25T11:19:59+02:00,-1.0,0,Stavanger,GOA:Line:59,Jærbanen,L5,rail,GOA:ServiceJourney:3029_63065-R,True,actual,2026-04-25T11:58:21.163701+02:00
NSR:StopPlace:59244,Egersund stasjon,2026-04-25T12:14:00+02:00,2026-04-25T12:14:00+02:00,,0.0,0,Bryne,GOA:Line:50,Sørtoget region,F5,rail,GOA:ServiceJourney:B705-B3_66756-R,False,planned,2026-04-25T11:58:21.163701+02:00
NSR:StopPlace:59244,Egersund stasjon,2026-04-25T12:17:00+02:00,2026-04-25T12:17:00+02:00,,0.0,0,Stavanger,GOA:Line:59,Jærbanen,L5,rail,GOA:ServiceJourney:3033_63070-R,False,planned,2026-04-25T11:58:21.163701+02:00
NSR:StopPlace:59244,Egersund stasjon,2026-04-25T12:27:00+02:00,2026-04-25T12:27:00+02:00,,0.0,0,Krossmoen,GOA:Line:50,Sørtoget region,F5,rail,GOA:ServiceJourney:B712-D9_66865-R,False,planned,2026-04-25T11:58:21.163701+02:00
NSR:StopPlace:59261,Trondheim lufthavn,2026-04-25T10:45:00+02:00,2026-04-25T10:45:00+02:00,,0.0,0,Flybuss Ekspress Trondheim,UNI:Line:FB73,Nidarvoll - Moholt - Trondheim sentrum - Værnes,FB73,bus,UNI:ServiceJourney:FB73-166380-45502297,False,planned,2026-04-25T11:58:21.163701+02:00
NSR:StopPlace:59261,Trondheim lufthavn,2026-04-25T10:53:00+02:00,2026-04-25T10:53:00+02:00,,0.0,0,Skatval,SJN:Line:26,Trønderbanen,R70,rail,SJN:ServiceJourney:431-STOe_50201-R,False,planned,2026-04-25T11:58:21.163701+02:00
NSR:StopPlace:59261,Trondheim lufthavn,2026-04-25T11:00:00+02:00,2026-04-25T11:01:10+02:00,2026-04-25T11:01:10+02:00,70.0,1,Marienborg via Brattøra,ATB:Line:2_70,Stjørdal/Hommelvik- Trondheim,70,bus,ATB:ServiceJourney:70_250131110659202_6032,True,actual,2026-04-25T11:58:21.163701+02:00
NSR:StopPlace:59261,Trondheim lufthavn,2026-04-25T11:03:00+02:00,2026-04-25T11:04:06+02:00,2026-04-25T11:04:06+02:00,66.0,1,Ler,SJN:Line:26,Trønderbanen,R70,rail,SJN:ServiceJourney:430-SKV_50200-R,True,actual,2026-04-25T11:58:21.163701+02:00
NSR:StopPlace:59261,Trondheim lufthavn,2026-04-25T11:15:00+02:00,2026-04-25T11:15:00+02:00,,0.0,0,Flybuss Ekspress Trondheim,UNI:Line:FB73,Nidarvoll - Moholt - Trondheim sentrum - Værnes,FB73,bus,UNI:ServiceJourney:FB73-166380-45502264,False,planned,2026-04-25T11:58:21.163701+02:00
NSR:StopPlace:59261,Trondheim lufthavn,2026-04-25T11:15:00+02:00,2026-04-25T11:18:35+02:00,2026-04-25T11:18:35+02:00,215.0,1,Stjørdal stasjon,ATB:Line:2_70,Stjørdal/Hommelvik- Trondheim,70,bus,ATB:ServiceJourney:70_250131110659313_6019,True,actual,2026-04-25T11:58:21.163701+02:00
NSR:StopPlace:59261,Trondheim lufthavn,2026-04-25T11:40:00+02:00,2026-04-25T11:41:20+02:00,2026-04-25T11:41:20+02:00,80.0,1,Marienborg via Brattøra,ATB:Line:2_70,Stjørdal/Hommelvik- Trondheim,70,bus,ATB:ServiceJourney:70_250131110659237_6038,True,actual,2026-04-25T11:58:21.163701+02:00
NSR:StopPlace:59261,Trondheim lufthavn,2026-04-25T11:45:00+02:00,2026-04-25T11:45:00+02:00,,0.0,0,Flybuss Ekspress Trondheim,UNI:Line:FB73,Nidarvoll - Moholt - Trondheim sentrum - Værnes,FB73,bus,UNI:ServiceJourney:FB73-166380-45502272,False,planned,2026-04-25T11:58:21.163701+02:00
NSR:StopPlace:59261,Trondheim lufthavn,2026-04-25T11:53:00+02:00,2026-04-25T11:53:00+02:00,,0.0,0,Skatval,SJN:Line:26,Trønderbanen,R70,rail,SJN:ServiceJourney:433-LMO_50206-R,False,planned,2026-04-25T11:58:21.163701+02:00
NSR:StopPlace:59261,Trondheim lufthavn,2026-04-25T11:55:00+02:00,2026-04-25T11:55:46+02:00,2026-04-25T11:55:46+02:00,46.0,1,Stjørdal stasjon,ATB:Line:2_70,Stjørdal/Hommelvik- Trondheim,70,bus,ATB:ServiceJourney:70_250131110659302_6025,True,actual,2026-04-25T11:58:21.163701+02:00
NSR:StopPlace:59261,Trondheim lufthavn,2026-04-25T12:00:00+02:00,2026-04-25T12:00:52+02:00,,52.0,1,Marienborg via Brattøra,ATB:Line:2_70,Stjørdal/Hommelvik- Trondheim,70,bus,ATB:ServiceJourney:70_250131110659203_6040,True,expected,2026-04-25T11:58:21.163701+02:00
NSR:StopPlace:59261,Trondheim lufthavn,2026-04-25T12:03:00+02:00,2026-04-25T12:03:00+02:00,,0.0,0,Ler,SJN:Line:26,Trønderbanen,R70,rail,SJN:ServiceJourney:432-SKV_50204-R,True,planned,2026-04-25T11:58:21.163701+02:00
NSR:StopPlace:59261,Trondheim lufthavn,2026-04-25T12:10:00+02:00,2026-04-25T12:10:00+02:00,,0.0,0,Harstad/Narvik,AVI:Line:WF_BGO-EVE,Bergen-Harstad/Narvik,,air,AVI:ServiceJourney:WF1364-02-411838118,True,planned,2026-04-25T11:58:21.163701+02:00
NSR:StopPlace:59261,Trondheim lufthavn,2026-04-25T12:15:00+02:00,2026-04-25T12:15:00+02:00,,0.0,0,Flybuss Ekspress Trondheim,UNI:Line:FB73,Nidarvoll - Moholt - Trondheim sentrum - Værnes,FB73,bus,UNI:ServiceJourney:FB73-166380-45502249,False,planned,2026-04-25T11:58:21.163701+02:00
NSR:StopPlace:59261,Trondheim lufthavn,2026-04-25T12:15:00+02:00,2026-04-25T12:18:49+02:00,,229.0,1,Stjørdal stasjon,ATB:Line:2_70,Stjørdal/Hommelvik- Trondheim,70,bus,ATB:ServiceJourney:70_250131110659314_6027,True,expected,2026-04-25T11:58:21.163701+02:00
NSR:StopPlace:59261,Trondheim lufthavn,2026-04-25T12:29:00+02:00,2026-04-25T12:29:00+02:00,,0.0,0,Steinkjer,VYX:Line:125,VY710 (Oslo-)Lillehammer-Trondheim-Steinkjer,VY710,coach,VYX:ServiceJourney:6812d7cf28d825b08c183e3fe7a58b196546ba68,False,planned,2026-04-25T11:58:21.163701+02:00
NSR:StopPlace:59261,Trondheim lufthavn,2026-04-25T12:30:00+02:00,2026-04-25T12:30:00+02:00,,0.0,0,Bergen,AVI:Line:WF_BGO-TRD,Bergen-Trondheim,,air,AVI:ServiceJourney:WF1306-01-126351987,True,planned,2026-04-25T11:58:21.163701+02:00
NSR:StopPlace:59261,Trondheim lufthavn,2026-04-25T12:40:00+02:00,2026-04-25T12:40:55+02:00,,55.0,1,Marienborg via Brattøra,ATB:Line:2_70,Stjørdal/Hommelvik- Trondheim,70,bus,ATB:ServiceJourney:70_250131110659238_6046,True,expected,2026-04-25T11:58:21.163701+02:00
NSR:StopPlace:59261,Trondheim lufthavn,2026-04-25T12:45:00+02:00,2026-04-25T12:45:00+02:00,,0.0,0,Flybuss Ekspress Trondheim,UNI:Line:FB73,Nidarvoll - Moholt - Trondheim sentrum - Værnes,FB73,bus,UNI:ServiceJourney:FB73-166380-45502250,False,planned,2026-04-25T11:58:21.163701+02:00
NSR:StopPlace:59261,Trondheim lufthavn,2026-04-25T12:45:00+02:00,2026-04-25T12:45:00+02:00,,0.0,0,Bodø,AVI:Line:WF_BOO-TRD,Bodø-Trondheim,,air,AVI:ServiceJourney:WF706-01-1052191712,True,planned,2026-04-25T11:58:21.163701+02:00
NSR:StopPlace:59261,Trondheim lufthavn,2026-04-25T12:53:00+02:00,2026-04-25T12:53:00+02:00,,0.0,0,Skatval,SJN:Line:26,Trønderbanen,R70,rail,SJN:ServiceJourney:435-SOeB_50210-R,False,planned,2026-04-25T11:58:21.163701+02:00
NSR:StopPlace:59261,Trondheim lufthavn,2026-04-25T12:55:00+02:00,2026-04-25T12:55:00+02:00,,0.0,0,Oslo,AVI:Line:WF_OSL-TRD,Oslo-Trondheim,,air,AVI:ServiceJourney:WF1448-01-126364849,True,planned,2026-04-25T11:58:21.163701+02:00
NSR:StopPlace:60271,Varhaug stasjon,2026-04-25T10:46:00+02:00,2026-04-25T10:47:25+02:00,2026-04-25T10:47:25+02:00,85.0,1,Stavanger,GOA:Line:59,Jærbanen,L5,rail,GOA:ServiceJourney:3025_63059-R,True,actual,2026-04-25T11:58:21.163701+02:00
NSR:StopPlace:60271,Varhaug stasjon,2026-04-25T11:38:00+02:00,2026-04-25T11:38:31+02:00,2026-04-25T11:38:31+02:00,31.0,1,Egersund,GOA:Line:59,Jærbanen,L5,rail,GOA:ServiceJourney:3028_63064-R,True,actual,2026-04-25T11:58:21.163701+02:00
NSR:StopPlace:60271,Varhaug stasjon,2026-04-25T11:48:00+02:00,2026-04-25T11:50:39+02:00,2026-04-25T11:50:39+02:00,159.0,1,Stavanger,GOA:Line:59,Jærbanen,L5,rail,GOA:ServiceJourney:3029_63065-R,True,actual,2026-04-25T11:58:21.163701+02:00
NSR:StopPlace:60271,Varhaug stasjon,2026-04-25T12:37:00+02:00,2026-04-25T12:37:10+02:00,,10.0,1,Egersund,GOA:Line:59,Jærbanen,L5,rail,GOA:ServiceJourney:3032_63069-R,True,expected,2026-04-25T11:58:21.163701+02:00
NSR:StopPlace:60271,Varhaug stasjon,2026-04-25T12:46:00+02:00,2026-04-25T12:46:00+02:00,,0.0,0,Stavanger,GOA:Line:59,Jærbanen,L5,rail,GOA:ServiceJourney:3033_63070-R,False,planned,2026-04-25T11:58:21.163701+02:00
NSR:StopPlace:60569,Sirevåg stasjon,2026-04-25T10:53:00+02:00,2026-04-25T10:53:38+02:00,2026-04-25T10:53:38+02:00,38.0,1,Egersund,GOA:Line:59,Jærbanen,L5,rail,GOA:ServiceJourney:3024_63058-R,True,actual,2026-04-25T11:58:21.163701+02:00
NSR:StopPlace:60569,Sirevåg stasjon,2026-04-25T11:31:00+02:00,2026-04-25T11:31:21+02:00,2026-04-25T11:31:21+02:00,21.0,1,Stavanger,GOA:Line:59,Jærbanen,L5,rail,GOA:ServiceJourney:3029_63065-R,True,actual,2026-04-25T11:58:21.163701+02:00
NSR:StopPlace:60569,Sirevåg stasjon,2026-04-25T11:55:00+02:00,2026-04-25T11:55:51+02:00,2026-04-25T11:55:51+02:00,51.0,1,Egersund,GOA:Line:59,Jærbanen,L5,rail,GOA:ServiceJourney:3028_63064-R,True,actual,2026-04-25T11:58:21.163701+02:00
NSR:StopPlace:60569,Sirevåg stasjon,2026-04-25T12:28:00+02:00,2026-04-25T12:28:00+02:00,,0.0,0,Stavanger,GOA:Line:59,Jærbanen,L5,rail,GOA:ServiceJourney:3033_63070-R,False,planned,2026-04-25T11:58:21.163701+02:00
NSR:StopPlace:60569,Sirevåg stasjon,2026-04-25T12:53:00+02:00,2026-04-25T12:53:10+02:00,,10.0,1,Egersund,GOA:Line:59,Jærbanen,L5,rail,GOA:ServiceJourney:3032_63069-R,True,expected,2026-04-25T11:58:21.163701+02:00
NSR:StopPlace:59616,Asker stasjon,2026-04-25T10:46:00+02:00,2026-04-25T10:46:12+02:00,2026-04-25T10:46:12+02:00,12.0,1,Spikkestad,VYG:Line:L1,Spikkestad-Oslo S-Lillestrøm,L1,rail,VYG:ServiceJourney:2221_443617-R,True,actual,2026-04-25T11:58:21.163701+02:00
NSR:StopPlace:59616,Asker stasjon,2026-04-25T10:45:00+02:00,2026-04-25T10:48:13+02:00,2026-04-25T10:48:13+02:00,193.0,1,Borgen,RUT:Line:281,Borgen - Asker,281,bus,RUT:ServiceJourney:d9261a0d01cd1b8916d978c0b6062aec,True,actual,2026-04-25T11:58:21.163701+02:00
NSR:StopPlace:59616,Asker stasjon,2026-04-25T10:49:00+02:00,2026-04-25T10:49:38+02:00,2026-04-25T10:49:38+02:00,38.0,1,Dal,VYG:Line:R13,Drammen-Oslo S-Dal,R13,rail,VYG:ServiceJourney:1625_481147-R,True,actual,2026-04-25T11:58:21.163701+02:00
NSR:StopPlace:59616,Asker stasjon,2026-04-25T10:50:00+02:00,2026-04-25T10:50:14+02:00,2026-04-25T10:50:14+02:00,14.0,1,Drammen,VYG:Line:RE10,Drammen-Oslo S-Lillehammer,RE10,rail,VYG:ServiceJourney:310-LHM_444152-R,True,actual,2026-04-25T11:58:21.163701+02:00
NSR:StopPlace:59616,Asker stasjon,2026-04-25T10:50:00+02:00,2026-04-25T10:50:24+02:00,2026-04-25T10:50:24+02:00,24.0,1,Blakstad,RUT:Line:290,Asker - Blakstad,290,bus,RUT:ServiceJourney:b1e894a1085f809c6ea7099e17badd73,True,actual,2026-04-25T11:58:21.163701+02:00
NSR:StopPlace:59616,Asker stasjon,2026-04-25T10:54:00+02:00,2026-04-25T10:55:48+02:00,2026-04-25T10:55:48+02:00,108.0,1,Oslo Lufthavn,FLT:Line:FLY1,FLY1,FLY1,rail,FLT:ServiceJourney:1-2614-3741-20260425,True,actual,2026-04-25T11:58:21.163701+02:00
NSR:StopPlace:59616,Asker stasjon,2026-04-25T10:55:00+02:00,2026-04-25T10:57:40+02:00,2026-04-25T10:57:40+02:00,160.0,1,Sandvika,RUT:Line:270,Asker - Sandvika (- Fornebu),270,bus,RUT:ServiceJourney:ada72197d4068be727b443413d2b38f5,True,actual,2026-04-25T11:58:21.163701+02:00
NSR:StopPlace:59616,Asker stasjon,2026-04-25T10:57:00+02:00,2026-04-25T10:58:06+02:00,2026-04-25T10:58:06+02:00,66.0,1,Heggedal,RUT:Line:280,Asker - Dikemark - Heggedal,280,bus,RUT:ServiceJourney:58babca49751b468807b312534e640de,True,actual,2026-04-25T11:58:21.163701+02:00
NSR:StopPlace:59616,Asker stasjon,2026-04-25T10:59:00+02:00,2026-04-25T10:59:47+02:00,2026-04-25T10:59:47+02:00,47.0,1,Eidsvoll,VYG:Line:RE11,Eidsvoll-Oslo S-Skien,RE11,rail,VYG:ServiceJourney:812_444392-R,True,actual,2026-04-25T11:58:21.163701+02:00
NSR:StopPlace:59616,Asker stasjon,2026-04-25T11:00:00+02:00,2026-04-25T11:00:55+02:00,2026-04-25T11:00:55+02:00,55.0,1,Skien,VYG:Line:RE11,Eidsvoll-Oslo S-Skien,RE11,rail,VYG:ServiceJourney:813_444393-R,True,actual,2026-04-25T11:58:21.163701+02:00
NSR:StopPlace:59616,Asker stasjon,2026-04-25T11:05:00+02:00,2026-04-25T11:05:27+02:00,2026-04-25T11:05:27+02:00,27.0,1,Blakstad,RUT:Line:290,Asker - Blakstad,290,bus,RUT:ServiceJourney:485fcad2e89b02cffbe0accfe5b5f188,True,actual,2026-04-25T11:58:21.163701+02:00
NSR:StopPlace:59616,Asker stasjon,2026-04-25T11:05:00+02:00,2026-04-25T11:06:18+02:00,2026-04-25T11:06:18+02:00,78.0,1,Heggedal,RUT:Line:285,Heggedal - Blakstad - Asker,285,bus,RUT:ServiceJourney:0a67d05896d883c2afe63bac05ae5f5e,True,actual,2026-04-25T11:58:21.163701+02:00
NSR:StopPlace:59616,Asker stasjon,2026-04-25T11:04:00+02:00,2026-04-25T11:06:42+02:00,2026-04-25T11:06:42+02:00,162.0,1,Lillestrøm,VYG:Line:L1,Spikkestad-Oslo S-Lillestrøm,L1,rail,VYG:ServiceJourney:2228_443628-R,True,actual,2026-04-25T11:58:21.163701+02:00
NSR:StopPlace:59616,Asker stasjon,2026-04-25T11:09:00+02:00,2026-04-25T11:09:20+02:00,2026-04-25T11:09:20+02:00,20.0,1,Lillehammer,VYG:Line:RE10,Drammen-Oslo S-Lillehammer,RE10,rail,VYG:ServiceJourney:315-SUD_444173-R,True,actual,2026-04-25T11:58:21.163701+02:00
NSR:StopPlace:59616,Asker stasjon,2026-04-25T11:10:00+02:00,2026-04-25T11:11:02+02:00,2026-04-25T11:11:02+02:00,62.0,1,Drammen,VYG:Line:R13,Drammen-Oslo S-Dal,R13,rail,VYG:ServiceJourney:1622_443260-R,True,actual,2026-04-25T11:58:21.163701+02:00
NSR:StopPlace:59616,Asker stasjon,2026-04-25T11:10:00+02:00,2026-04-25T11:12:00+02:00,2026-04-25T11:12:00+02:00,120.0,1,Fornebu,RUT:Line:270,Asker - Sandvika (- Fornebu),270,bus,RUT:ServiceJourney:5b9b691591d0f413a177f9776aaff94e,True,actual,2026-04-25T11:58:21.163701+02:00
NSR:StopPlace:59616,Asker stasjon,2026-04-25T11:14:00+02:00,2026-04-25T11:15:18+02:00,2026-04-25T11:15:18+02:00,78.0,1,Oslo Lufthavn,FLT:Line:FLY1,FLY1,FLY1,rail,FLT:ServiceJourney:1-2614-3743-20260425,True,actual,2026-04-25T11:58:21.163701+02:00
NSR:StopPlace:59616,Asker stasjon,2026-04-25T11:16:00+02:00,2026-04-25T11:16:10+02:00,2026-04-25T11:16:10+02:00,10.0,1,Spikkestad,VYG:Line:L1,Spikkestad-Oslo S-Lillestrøm,L1,rail,VYG:ServiceJourney:2223_443621-R,True,actual,2026-04-25T11:58:21.163701+02:00
NSR:StopPlace:59616,Asker stasjon,2026-04-25T11:15:00+02:00,2026-04-25T11:16:55+02:00,2026-04-25T11:16:55+02:00,115.0,1,Borgen,RUT:Line:281,Borgen - Asker,281,bus,RUT:ServiceJourney:b40a278a436839b236232e9e23c76566,True,actual,2026-04-25T11:58:21.163701+02:00
NSR:StopPlace:59616,Asker stasjon,2026-04-25T11:17:00+02:00,2026-04-25T11:17:58+02:00,2026-04-25T11:17:58+02:00,58.0,1,Vøyen,RUT:Line:275,Asker - Vøyen,275,bus,RUT:ServiceJourney:e21fa7f7df4e5f851799229ef8b61db0,True,actual,2026-04-25T11:58:21.163701+02:00
NSR:StopPlace:59616,Asker stasjon,2026-04-25T11:17:00+02:00,2026-04-25T11:18:59+02:00,2026-04-25T11:18:59+02:00,119.0,1,Dikemark,RUT:Line:280,Asker - Dikemark - Heggedal,280,bus,RUT:ServiceJourney:4397cf94b20143c3bd63c0f2733ce939,True,actual,2026-04-25T11:58:21.163701+02:00
NSR:StopPlace:59616,Asker stasjon,2026-04-25T11:19:00+02:00,2026-04-25T11:20:00+02:00,2026-04-25T11:20:00+02:00,60.0,1,Lierbyen - Drammen,BRA:Line:4_6071,Drammen - Stoppen - Lierbyen - Asker,71,bus,BRA:ServiceJourney:6071_251202074275416_6008,True,actual,2026-04-25T11:58:21.163701+02:00
NSR:StopPlace:59616,Asker stasjon,2026-04-25T11:19:00+02:00,2026-04-25T11:20:17+02:00,2026-04-25T11:20:17+02:00,77.0,1,Dal,VYG:Line:R13,Drammen-Oslo S-Dal,R13,rail,VYG:ServiceJourney:1627_443269-R,True,actual,2026-04-25T11:58:21.163701+02:00
NSR:StopPlace:59616,Asker stasjon,2026-04-25T11:20:00+02:00,2026-04-25T11:20:25+02:00,2026-04-25T11:20:25+02:00,25.0,1,Blakstad,RUT:Line:290,Asker - Blakstad,290,bus,RUT:ServiceJourney:c5bbfc8e343b9c1c841269cecfffd899,True,actual,2026-04-25T11:58:21.163701+02:00
NSR:StopPlace:59616,Asker stasjon,2026-04-25T11:20:00+02:00,2026-04-25T11:21:31+02:00,2026-04-25T11:21:31+02:00,91.0,1,Hyggen,RUT:Line:260,Hyggen - Bråset -Slemmestad (- Asker),260,bus,RUT:ServiceJourney:058b62e3cc8b9512d0ac3226dad37948,True,actual,2026-04-25T11:58:21.163701+02:00
NSR:StopPlace:59616,Asker stasjon,2026-04-25T11:25:00+02:00,2026-04-25T11:26:31+02:00,2026-04-25T11:26:31+02:00,91.0,1,Sandvika,RUT:Line:270,Asker - Sandvika (- Fornebu),270,bus,RUT:ServiceJourney:f45b2c90123ff315f36f17c6a1abb370,True,actual,2026-04-25T11:58:21.163701+02:00
NSR:StopPlace:59616,Asker stasjon,2026-04-25T11:29:00+02:00,2026-04-25T11:29:30+02:00,2026-04-25T11:29:30+02:00,30.0,1,Eidsvoll,VYG:Line:R12,Kongsberg-Oslo S-Eidsvoll,R12,rail,VYG:ServiceJourney:514_444311-R,True,actual,2026-04-25T11:58:21.163701+02:00
NSR:StopPlace:59616,Asker stasjon,2026-04-25T11:30:00+02:00,2026-04-25T11:31:38+02:00,2026-04-25T11:31:38+02:00,98.0,1,Kongsberg,VYG:Line:R12,Kongsberg-Oslo S-Eidsvoll,R12,rail,VYG:ServiceJourney:513_444309-R,True,actual,2026-04-25T11:58:21.163701+02:00
NSR:StopPlace:59616,Asker stasjon,2026-04-25T11:34:00+02:00,2026-04-25T11:34:14+02:00,2026-04-25T11:34:14+02:00,14.0,1,Lillestrøm,VYG:Line:L1,Spikkestad-Oslo S-Lillestrøm,L1,rail,VYG:ServiceJourney:2230_443632-R,True,actual,2026-04-25T11:58:21.163701+02:00
NSR:StopPlace:59616,Asker stasjon,2026-04-25T11:34:00+02:00,2026-04-25T11:34:59+02:00,2026-04-25T11:34:59+02:00,59.0,1,Oslo Lufthavn,FLT:Line:FLY1,FLY1,FLY1,rail,FLT:ServiceJourney:1-2614-3745-20260425,True,actual,2026-04-25T11:58:21.163701+02:00
NSR:StopPlace:59616,Asker stasjon,2026-04-25T11:35:00+02:00,2026-04-25T11:35:27+02:00,2026-04-25T11:35:27+02:00,27.0,1,Blakstad,RUT:Line:290,Asker - Blakstad,290,bus,RUT:ServiceJourney:483f57fbeb645da9f35f1a5b280eff16,True,actual,2026-04-25T11:58:21.163701+02:00
NSR:StopPlace:59616,Asker stasjon,2026-04-25T11:35:00+02:00,2026-04-25T11:36:11+02:00,2026-04-25T11:36:11+02:00,71.0,1,Heggedal,RUT:Line:285,Heggedal - Blakstad - Asker,285,bus,RUT:ServiceJourney:6bc0785d82cd4b6058a2f8f8ce5eba5e,True,actual,2026-04-25T11:58:21.163701+02:00
NSR:StopPlace:59616,Asker stasjon,2026-04-25T11:37:00+02:00,2026-04-25T11:38:44+02:00,2026-04-25T11:38:44+02:00,104.0,1,Dikemark,RUT:Line:280,Asker - Dikemark - Heggedal,280,bus,RUT:ServiceJourney:5ae6a120ede3ad1d7fdb9a04981007af,True,actual,2026-04-25T11:58:21.163701+02:00
NSR:StopPlace:59616,Asker stasjon,2026-04-25T11:39:00+02:00,2026-04-25T11:39:24+02:00,2026-04-25T11:39:24+02:00,24.0,1,Kongsvinger,VYG:Line:R14,Asker-Oslo S-Kongsvinger,R14,rail,VYG:ServiceJourney:1015_442921-R,True,actual,2026-04-25T11:58:21.163701+02:00
NSR:StopPlace:59616,Asker stasjon,2026-04-25T11:40:00+02:00,2026-04-25T11:41:09+02:00,2026-04-25T11:41:09+02:00,69.0,1,Fornebu,RUT:Line:270,Asker - Sandvika (- Fornebu),270,bus,RUT:ServiceJourney:13d89cd240ba52b43fe8aeb0b2267d91,True,actual,2026-04-25T11:58:21.163701+02:00
NSR:StopPlace:59616,Asker stasjon,2026-04-25T11:40:00+02:00,2026-04-25T11:44:14+02:00,2026-04-25T11:44:14+02:00,254.0,1,Drammen,VYG:Line:R13,Drammen-Oslo S-Dal,R13,rail,VYG:ServiceJourney:1624_443264-R,True,actual,2026-04-25T11:58:21.163701+02:00
NSR:StopPlace:59616,Asker stasjon,2026-04-25T11:46:00+02:00,2026-04-25T11:46:17+02:00,2026-04-25T11:46:17+02:00,17.0,1,Spikkestad,VYG:Line:L1,Spikkestad-Oslo S-Lillestrøm,L1,rail,VYG:ServiceJourney:2225_443623-R,True,actual,2026-04-25T11:58:21.163701+02:00
NSR:StopPlace:59616,Asker stasjon,2026-04-25T11:45:00+02:00,2026-04-25T11:46:52+02:00,2026-04-25T11:46:52+02:00,112.0,1,Borgen,RUT:Line:281,Borgen - Asker,281,bus,RUT:ServiceJourney:ea7d4f40fc7ebae215e72a9e9a4fd995,True,actual,2026-04-25T11:58:21.163701+02:00
NSR:StopPlace:59616,Asker stasjon,2026-04-25T11:49:00+02:00,2026-04-25T11:49:08+02:00,2026-04-25T11:49:08+02:00,8.0,1,Dal,VYG:Line:R13,Drammen-Oslo S-Dal,R13,rail,VYG:ServiceJourney:1629_443274-R,True,actual,2026-04-25T11:58:21.163701+02:00
NSR:StopPlace:59616,Asker stasjon,2026-04-25T11:49:00+02:00,2026-04-25T11:50:01+02:00,2026-04-25T11:50:01+02:00,61.0,1,Lierbyen - Drammen,BRA:Line:4_6071,Drammen - Stoppen - Lierbyen - Asker,71,bus,BRA:ServiceJourney:6071_251202074275430_6010,True,actual,2026-04-25T11:58:21.163701+02:00
NSR:StopPlace:59616,Asker stasjon,2026-04-25T11:50:00+02:00,2026-04-25T11:50:25+02:00,2026-04-25T11:50:25+02:00,25.0,1,Drammen,VYG:Line:RE10,Drammen-Oslo S-Lillehammer,RE10,rail,VYG:ServiceJourney:312-HHS_486388-R,True,actual,2026-04-25T11:58:21.163701+02:00
NSR:StopPlace:59616,Asker stasjon,2026-04-25T11:50:00+02:00,2026-04-25T11:50:29+02:00,2026-04-25T11:50:29+02:00,29.0,1,Blakstad,RUT:Line:290,Asker - Blakstad,290,bus,RUT:ServiceJourney:abfca517d2830162dca917ab7e3dcdbd,True,actual,2026-04-25T11:58:21.163701+02:00
NSR:StopPlace:59616,Asker stasjon,2026-04-25T11:54:00+02:00,2026-04-25T11:54:19+02:00,2026-04-25T11:54:19+02:00,19.0,1,Oslo Lufthavn,FLT:Line:FLY1,FLY1,FLY1,rail,FLT:ServiceJourney:1-2614-3747-20260425,True,actual,2026-04-25T11:58:21.163701+02:00
NSR:StopPlace:59616,Asker stasjon,2026-04-25T11:55:00+02:00,2026-04-25T11:56:23+02:00,2026-04-25T11:56:23+02:00,83.0,1,Sandvika,RUT:Line:270,Asker - Sandvika (- Fornebu),270,bus,RUT:ServiceJourney:b59975c60e5872fe62bebcc1f5dcdd7b,True,actual,2026-04-25T11:58:21.163701+02:00
NSR:StopPlace:59616,Asker stasjon,2026-04-25T11:57:00+02:00,2026-04-25T11:58:30+02:00,,90.0,1,Heggedal,RUT:Line:280,Asker - Dikemark - Heggedal,280,bus,RUT:ServiceJourney:5c6b1b83d87390832dc77b32da34e430,True,expected,2026-04-25T11:58:21.163701+02:00
NSR:StopPlace:59616,Asker stasjon,2026-04-25T11:59:00+02:00,2026-04-25T11:59:00+02:00,,0.0,0,Eidsvoll,VYG:Line:RE11,Eidsvoll-Oslo S-Skien,RE11,rail,VYG:ServiceJourney:814_444394-R,True,planned,2026-04-25T11:58:21.163701+02:00
NSR:StopPlace:59616,Asker stasjon,2026-04-25T12:00:00+02:00,2026-04-25T12:00:30+02:00,,30.0,1,Skien,VYG:Line:RE11,Eidsvoll-Oslo S-Skien,RE11,rail,VYG:ServiceJourney:815_444395-R,True,expected,2026-04-25T11:58:21.163701+02:00
NSR:StopPlace:59616,Asker stasjon,2026-04-25T12:04:00+02:00,2026-04-25T12:04:00+02:00,,0.0,0,Lillestrøm,VYG:Line:L1,Spikkestad-Oslo S-Lillestrøm,L1,rail,VYG:ServiceJourney:2232_443636-R,True,planned,2026-04-25T11:58:21.163701+02:00
NSR:StopPlace:59616,Asker stasjon,2026-04-25T12:05:00+02:00,2026-04-25T12:05:00+02:00,,0.0,0,Heggedal,RUT:Line:285,Heggedal - Blakstad - Asker,285,bus,RUT:ServiceJourney:e5d64f2cd656d0e2729a4d5815156ea5,True,planned,2026-04-25T11:58:21.163701+02:00
NSR:StopPlace:59616,Asker stasjon,2026-04-25T12:05:00+02:00,2026-04-25T12:05:00+02:00,,0.0,0,Blakstad,RUT:Line:290,Asker - Blakstad,290,bus,RUT:ServiceJourney:0d6f42ea9dae44e9bad8253a743a5d86,False,planned,2026-04-25T11:58:21.163701+02:00
NSR:StopPlace:60603,Kongsberg stasjon,2026-04-25T11:17:00+02:00,2026-04-25T11:17:14+02:00,2026-04-25T11:17:14+02:00,14.0,1,Oslo S,GOA:Line:50,Sørtoget region,F5,rail,GOA:ServiceJourney:704-KRS_65441-R,True,actual,2026-04-25T11:58:21.163701+02:00
NSR:StopPlace:60603,Kongsberg stasjon,2026-04-25T11:34:00+02:00,2026-04-25T11:34:04+02:00,2026-04-25T11:34:04+02:00,4.0,1,Eidsvoll,VYG:Line:R12,Kongsberg-Oslo S-Eidsvoll,R12,rail,VYG:ServiceJourney:516_444315-R,True,actual,2026-04-25T11:58:21.163701+02:00
NSR:StopPlace:60603,Kongsberg stasjon,2026-04-25T12:35:00+02:00,2026-04-25T12:35:00+02:00,,0.0,0,Eidsvoll,VYG:Line:R12,Kongsberg-Oslo S-Eidsvoll,R12,rail,VYG:ServiceJourney:518_444317-R,True,planned,2026-04-25T11:58:21.163701+02:00
NSR:StopPlace:59620,Grorud stasjon,2026-04-25T10:45:00+02:00,2026-04-25T10:45:50+02:00,2026-04-25T10:45:50+02:00,50.0,1,Furuset,RUT:Line:65,Furuset T - Stovner T via Smedstua,65,bus,RUT:ServiceJourney:084d8eddb620fe5c00846b236bb6957f,True,actual,2026-04-25T11:58:21.163701+02:00
NSR:StopPlace:59620,Grorud stasjon,2026-04-25T10:47:00+02:00,2026-04-25T10:48:13+02:00,2026-04-25T10:48:13+02:00,73.0,1,Grorud T,RUT:Line:66,Helsfyr T - Grorud T,66,bus,RUT:ServiceJourney:6560317516954b54c458de761309b433,True,actual,2026-04-25T11:58:21.163701+02:00
NSR:StopPlace:59620,Grorud stasjon,2026-04-25T10:49:00+02:00,2026-04-25T10:50:23+02:00,2026-04-25T10:50:23+02:00,83.0,1,Åsbråten,RUT:Line:79,Grorud T - Åsbråten,79,bus,RUT:ServiceJourney:b2dc0a05e9b8f85f2e7aa56a8daae301,True,actual,2026-04-25T11:58:21.163701+02:00
NSR:StopPlace:59620,Grorud stasjon,2026-04-25T10:50:00+02:00,2026-04-25T10:51:31+02:00,2026-04-25T10:51:31+02:00,91.0,1,Helsfyr,RUT:Line:66,Helsfyr T - Grorud T,66,bus,RUT:ServiceJourney:4c0facdfbfb13a19cab771bfed76a43d,True,actual,2026-04-25T11:58:21.163701+02:00
NSR:StopPlace:59620,Grorud stasjon,2026-04-25T10:53:00+02:00,2026-04-25T10:54:26+02:00,,86.0,1,Lillestrøm,VYG:Line:L1,Spikkestad-Oslo S-Lillestrøm,L1,rail,VYG:ServiceJourney:2224_443622-R,True,expected,2026-04-25T11:58:21.163701+02:00
NSR:StopPlace:59620,Grorud stasjon,2026-04-25T10:57:00+02:00,2026-04-25T10:58:01+02:00,,61.0,1,Spikkestad,VYG:Line:L1,Spikkestad-Oslo S-Lillestrøm,L1,rail,VYG:ServiceJourney:2225_443623-R,True,expected,2026-04-25T11:58:21.163701+02:00
NSR:StopPlace:59620,Grorud stasjon,2026-04-25T10:54:00+02:00,2026-04-25T10:58:22+02:00,2026-04-25T10:58:22+02:00,262.0,1,Grorud T,RUT:Line:79,Grorud T - Åsbråten,79,bus,RUT:ServiceJourney:82830a9d9c94f1111fb87a4002145266,True,actual,2026-04-25T11:58:21.163701+02:00
NSR:StopPlace:59620,Grorud stasjon,2026-04-25T10:57:00+02:00,2026-04-25T10:59:09+02:00,2026-04-25T10:59:09+02:00,129.0,1,Stovner,RUT:Line:65,Furuset T - Stovner T via Smedstua,65,bus,RUT:ServiceJourney:d66077f776dec16ce5b57a3d81e69678,True,actual,2026-04-25T11:58:21.163701+02:00
NSR:StopPlace:59620,Grorud stasjon,2026-04-25T11:00:00+02:00,2026-04-25T11:00:17+02:00,2026-04-25T11:00:17+02:00,17.0,1,Furuset,RUT:Line:65,Furuset T - Stovner T via Smedstua,65,bus,RUT:ServiceJourney:b1219733b613e98370d3578b890d54b8,True,actual,2026-04-25T11:58:21.163701+02:00
NSR:StopPlace:59620,Grorud stasjon,2026-04-25T11:02:00+02:00,2026-04-25T11:04:08+02:00,2026-04-25T11:04:08+02:00,128.0,1,Grorud T,RUT:Line:66,Helsfyr T - Grorud T,66,bus,RUT:ServiceJourney:f88752672cc4104adc829363d321fd17,True,actual,2026-04-25T11:58:21.163701+02:00
NSR:StopPlace:59620,Grorud stasjon,2026-04-25T11:04:00+02:00,2026-04-25T11:04:21+02:00,2026-04-25T11:04:21+02:00,21.0,1,Åsbråten,RUT:Line:79,Grorud T - Åsbråten,79,bus,RUT:ServiceJourney:51f5b9e200910ab12c8d17c0dff59325,True,actual,2026-04-25T11:58:21.163701+02:00
NSR:StopPlace:59620,Grorud stasjon,2026-04-25T11:05:00+02:00,2026-04-25T11:06:40+02:00,2026-04-25T11:06:40+02:00,100.0,1,Helsfyr,RUT:Line:66,Helsfyr T - Grorud T,66,bus,RUT:ServiceJourney:f1d5f79915d8e22139cb6a773e6b21be,True,actual,2026-04-25T11:58:21.163701+02:00
NSR:StopPlace:59620,Grorud stasjon,2026-04-25T11:09:00+02:00,2026-04-25T11:12:26+02:00,2026-04-25T11:12:26+02:00,206.0,1,Grorud T,RUT:Line:79,Grorud T - Åsbråten,79,bus,RUT:ServiceJourney:48cfdb49357ebed5a8cd53439430e81c,True,actual,2026-04-25T11:58:21.163701+02:00
NSR:StopPlace:59620,Grorud stasjon,2026-04-25T11:12:00+02:00,2026-04-25T11:13:50+02:00,2026-04-25T11:13:50+02:00,110.0,1,Stovner,RUT:Line:65,Furuset T - Stovner T via Smedstua,65,bus,RUT:ServiceJourney:c2ef2ee686ba2607a8883efa515d86db,True,actual,2026-04-25T11:58:21.163701+02:00
NSR:StopPlace:59620,Grorud stasjon,2026-04-25T11:15:00+02:00,2026-04-25T11:17:50+02:00,2026-04-25T11:17:50+02:00,170.0,1,Furuset,RUT:Line:65,Furuset T - Stovner T via Smedstua,65,bus,RUT:ServiceJourney:57ab1e2faa833f8163507170a2698f94,True,actual,2026-04-25T11:58:21.163701+02:00
NSR:StopPlace:59620,Grorud stasjon,2026-04-25T11:17:00+02:00,2026-04-25T11:20:12+02:00,2026-04-25T11:20:12+02:00,192.0,1,Grorud T,RUT:Line:66,Helsfyr T - Grorud T,66,bus,RUT:ServiceJourney:c154dec726beb5d0b5ba484f2c5b2029,True,actual,2026-04-25T11:58:21.163701+02:00
NSR:StopPlace:59620,Grorud stasjon,2026-04-25T11:19:00+02:00,2026-04-25T11:20:37+02:00,2026-04-25T11:20:37+02:00,97.0,1,Åsbråten,RUT:Line:79,Grorud T - Åsbråten,79,bus,RUT:ServiceJourney:8f5718c530852940fdf2c27978c95999,True,actual,2026-04-25T11:58:21.163701+02:00
NSR:StopPlace:59620,Grorud stasjon,2026-04-25T11:20:00+02:00,2026-04-25T11:21:50+02:00,2026-04-25T11:21:50+02:00,110.0,1,Helsfyr,RUT:Line:66,Helsfyr T - Grorud T,66,bus,RUT:ServiceJourney:6037256a31c18252801c8e53631ae43f,True,actual,2026-04-25T11:58:21.163701+02:00
NSR:StopPlace:59620,Grorud stasjon,2026-04-25T11:23:00+02:00,2026-04-25T11:23:54+02:00,,54.0,1,Lillestrøm,VYG:Line:L1,Spikkestad-Oslo S-Lillestrøm,L1,rail,VYG:ServiceJourney:2226_452018-R,True,expected,2026-04-25T11:58:21.163701+02:00
NSR:StopPlace:59620,Grorud stasjon,2026-04-25T11:27:00+02:00,2026-04-25T11:28:01+02:00,,61.0,1,Spikkestad,VYG:Line:L1,Spikkestad-Oslo S-Lillestrøm,L1,rail,VYG:ServiceJourney:2227_443627-R,True,expected,2026-04-25T11:58:21.163701+02:00
NSR:StopPlace:59620,Grorud stasjon,2026-04-25T11:24:00+02:00,2026-04-25T11:29:05+02:00,2026-04-25T11:29:05+02:00,305.0,1,Grorud T,RUT:Line:79,Grorud T - Åsbråten,79,bus,RUT:ServiceJourney:7a135462ddc036a419ef871f423984b8,True,actual,2026-04-25T11:58:21.163701+02:00
NSR:StopPlace:59620,Grorud stasjon,2026-04-25T11:24:00+02:00,2026-04-25T11:29:40+02:00,2026-04-25T11:29:40+02:00,340.0,1,Oslo lufthavn,NBU:Line:cb7b555c-f96e-42d5-84bf-a5e08c0145c2,Radiumhospitalet via Økern-Storo-Tåsen,FB3,bus,NBU:ServiceJourney:dca8a0be-c756-4372-8830-15f872c1201a,True,actual,2026-04-25T11:58:21.163701+02:00
NSR:StopPlace:59620,Grorud stasjon,2026-04-25T11:30:00+02:00,2026-04-25T11:31:07+02:00,2026-04-25T11:31:07+02:00,67.0,1,Furuset,RUT:Line:65,Furuset T - Stovner T via Smedstua,65,bus,RUT:ServiceJourney:aea9d886e10eadbe13bbf8a7be5c93b7,True,actual,2026-04-25T11:58:21.163701+02:00
NSR:StopPlace:59620,Grorud stasjon,2026-04-25T11:27:00+02:00,2026-04-25T11:32:12+02:00,2026-04-25T11:32:12+02:00,312.0,1,Stovner,RUT:Line:65,Furuset T - Stovner T via Smedstua,65,bus,RUT:ServiceJourney:3d3ce77ae48bcf6cdd08a59acfab14c7,True,actual,2026-04-25T11:58:21.163701+02:00
NSR:StopPlace:59620,Grorud stasjon,2026-04-25T11:32:00+02:00,2026-04-25T11:32:57+02:00,2026-04-25T11:32:57+02:00,57.0,1,Grorud T,RUT:Line:66,Helsfyr T - Grorud T,66,bus,RUT:ServiceJourney:e155d27620ec866dc8c38b6f84e0ffd5,True,actual,2026-04-25T11:58:21.163701+02:00
NSR:StopPlace:59620,Grorud stasjon,2026-04-25T11:34:00+02:00,2026-04-25T11:35:55+02:00,2026-04-25T11:35:55+02:00,115.0,1,Åsbråten,RUT:Line:79,Grorud T - Åsbråten,79,bus,RUT:ServiceJourney:0f8bb993be66ac661bd72ffd00959c06,True,actual,2026-04-25T11:58:21.163701+02:00
NSR:StopPlace:59620,Grorud stasjon,2026-04-25T11:35:00+02:00,2026-04-25T11:36:41+02:00,2026-04-25T11:36:41+02:00,101.0,1,Helsfyr,RUT:Line:66,Helsfyr T - Grorud T,66,bus,RUT:ServiceJourney:08adfaa73dfb2134ec0eab9a48ceb791,True,actual,2026-04-25T11:58:21.163701+02:00
NSR:StopPlace:59620,Grorud stasjon,2026-04-25T11:42:00+02:00,2026-04-25T11:44:26+02:00,2026-04-25T11:44:26+02:00,146.0,1,Stovner,RUT:Line:65,Furuset T - Stovner T via Smedstua,65,bus,RUT:ServiceJourney:18e4478cb5245ee0ba754bfe0052e1a1,True,actual,2026-04-25T11:58:21.163701+02:00
NSR:StopPlace:59620,Grorud stasjon,2026-04-25T11:45:00+02:00,2026-04-25T11:45:27+02:00,2026-04-25T11:45:27+02:00,27.0,1,Furuset,RUT:Line:65,Furuset T - Stovner T via Smedstua,65,bus,RUT:ServiceJourney:cd32790fe58526d8cc29b30c63e1f9ef,True,actual,2026-04-25T11:58:21.163701+02:00
NSR:StopPlace:59620,Grorud stasjon,2026-04-25T11:39:00+02:00,2026-04-25T11:45:58+02:00,2026-04-25T11:45:58+02:00,418.0,1,Grorud T,RUT:Line:79,Grorud T - Åsbråten,79,bus,RUT:ServiceJourney:bff276f3230fa5bc39699b22cf1a8085,True,actual,2026-04-25T11:58:21.163701+02:00
NSR:StopPlace:59620,Grorud stasjon,2026-04-25T11:47:00+02:00,2026-04-25T11:48:53+02:00,2026-04-25T11:48:53+02:00,113.0,1,Grorud T,RUT:Line:66,Helsfyr T - Grorud T,66,bus,RUT:ServiceJourney:2fa93b850e7f236571628de56fabe7a1,True,actual,2026-04-25T11:58:21.163701+02:00
NSR:StopPlace:59620,Grorud stasjon,2026-04-25T11:49:00+02:00,2026-04-25T11:50:58+02:00,2026-04-25T11:50:58+02:00,118.0,1,Åsbråten,RUT:Line:79,Grorud T - Åsbråten,79,bus,RUT:ServiceJourney:11a202cd4b971bf4adb82aaf7b184983,True,actual,2026-04-25T11:58:21.163701+02:00
NSR:StopPlace:59620,Grorud stasjon,2026-04-25T11:50:00+02:00,2026-04-25T11:52:13+02:00,2026-04-25T11:52:13+02:00,133.0,1,Helsfyr,RUT:Line:66,Helsfyr T - Grorud T,66,bus,RUT:ServiceJourney:88830eeb7c14a5389567872495c888cf,True,actual,2026-04-25T11:58:21.163701+02:00
NSR:StopPlace:59620,Grorud stasjon,2026-04-25T11:53:00+02:00,2026-04-25T11:58:13+02:00,,313.0,1,Lillestrøm,VYG:Line:L1,Spikkestad-Oslo S-Lillestrøm,L1,rail,VYG:ServiceJourney:2228_443628-R,True,expected,2026-04-25T11:58:21.163701+02:00
NSR:StopPlace:59620,Grorud stasjon,2026-04-25T11:57:00+02:00,2026-04-25T11:59:06+02:00,,126.0,1,Stovner,RUT:Line:65,Furuset T - Stovner T via Smedstua,65,bus,RUT:ServiceJourney:0b37bf49bcab998e43d40ed228e9953b,True,expected,2026-04-25T11:58:21.163701+02:00
NSR:StopPlace:59620,Grorud stasjon,2026-04-25T11:54:00+02:00,2026-04-25T11:59:30+02:00,,330.0,1,Grorud T,RUT:Line:79,Grorud T - Åsbråten,79,bus,RUT:ServiceJourney:639c02507865ead0755bedfbc5d3bdde,True,expected,2026-04-25T11:58:21.163701+02:00
NSR:StopPlace:59620,Grorud stasjon,2026-04-25T12:00:00+02:00,2026-04-25T12:00:07+02:00,,7.0,1,Furuset,RUT:Line:65,Furuset T - Stovner T via Smedstua,65,bus,RUT:ServiceJourney:47e808985f10077a35fa3f891a6bbc17,True,expected,2026-04-25T11:58:21.163701+02:00
NSR:StopPlace:59620,Grorud stasjon,2026-04-25T11:57:00+02:00,2026-04-25T12:00:52+02:00,,232.0,1,Spikkestad,VYG:Line:L1,Spikkestad-Oslo S-Lillestrøm,L1,rail,VYG:ServiceJourney:2229_443629-R,True,expected,2026-04-25T11:58:21.163701+02:00
NSR:StopPlace:59620,Grorud stasjon,2026-04-25T12:02:00+02:00,2026-04-25T12:03:55+02:00,,115.0,1,Grorud T,RUT:Line:66,Helsfyr T - Grorud T,66,bus,RUT:ServiceJourney:285a11a6e4badba24691539716d2eba1,True,expected,2026-04-25T11:58:21.163701+02:00
NSR:StopPlace:59620,Grorud stasjon,2026-04-25T12:04:00+02:00,2026-04-25T12:04:00+02:00,,0.0,0,Åsbråten,RUT:Line:79,Grorud T - Åsbråten,79,bus,RUT:ServiceJourney:ae2676c3473b573b313c063e1d9b157f,True,planned,2026-04-25T11:58:21.163701+02:00
NSR:StopPlace:59620,Grorud stasjon,2026-04-25T12:05:00+02:00,2026-04-25T12:05:00+02:00,,0.0,0,Helsfyr,RUT:Line:66,Helsfyr T - Grorud T,66,bus,RUT:ServiceJourney:1382aa8f1dd47d539b16c54dbda0ea0b,True,planned,2026-04-25T11:58:21.163701+02:00
NSR:StopPlace:59620,Grorud stasjon,2026-04-25T12:09:00+02:00,2026-04-25T12:11:19+02:00,,139.0,1,Grorud T,RUT:Line:79,Grorud T - Åsbråten,79,bus,RUT:ServiceJourney:94fc11e036130f4f64ac71892c5aa394,True,expected,2026-04-25T11:58:21.163701+02:00
NSR:StopPlace:59620,Grorud stasjon,2026-04-25T12:12:00+02:00,2026-04-25T12:12:00+02:00,,0.0,0,Stovner,RUT:Line:65,Furuset T - Stovner T via Smedstua,65,bus,RUT:ServiceJourney:47b21fda9e9e0f1d511978ae606b2c95,True,planned,2026-04-25T11:58:21.163701+02:00
NSR:StopPlace:59620,Grorud stasjon,2026-04-25T12:15:00+02:00,2026-04-25T12:15:00+02:00,,0.0,0,Furuset,RUT:Line:65,Furuset T - Stovner T via Smedstua,65,bus,RUT:ServiceJourney:21fabdbf961d5d42583cacea8f217a3c,True,planned,2026-04-25T11:58:21.163701+02:00
NSR:StopPlace:59620,Grorud stasjon,2026-04-25T12:17:00+02:00,2026-04-25T12:17:00+02:00,,0.0,0,Grorud T,RUT:Line:66,Helsfyr T - Grorud T,66,bus,RUT:ServiceJourney:ee996ebf9dcef98fa8b4011131c4abca,True,planned,2026-04-25T11:58:21.163701+02:00
NSR:StopPlace:59620,Grorud stasjon,2026-04-25T12:19:00+02:00,2026-04-25T12:19:00+02:00,,0.0,0,Åsbråten,RUT:Line:79,Grorud T - Åsbråten,79,bus,RUT:ServiceJourney:8d599ce32b3722947f4bb27d03d94896,True,planned,2026-04-25T11:58:21.163701+02:00
NSR:StopPlace:59620,Grorud stasjon,2026-04-25T12:20:00+02:00,2026-04-25T12:20:00+02:00,,0.0,0,Helsfyr,RUT:Line:66,Helsfyr T - Grorud T,66,bus,RUT:ServiceJourney:6646fc54e1717516bdceec605ba1b1c3,True,planned,2026-04-25T11:58:21.163701+02:00
NSR:StopPlace:59620,Grorud stasjon,2026-04-25T12:23:00+02:00,2026-04-25T12:23:00+02:00,,0.0,0,Lillestrøm,VYG:Line:L1,Spikkestad-Oslo S-Lillestrøm,L1,rail,VYG:ServiceJourney:2230_443632-R,True,planned,2026-04-25T11:58:21.163701+02:00
NSR:StopPlace:59620,Grorud stasjon,2026-04-25T12:24:00+02:00,2026-04-25T12:24:11+02:00,,11.0,1,Oslo lufthavn,NBU:Line:cb7b555c-f96e-42d5-84bf-a5e08c0145c2,Radiumhospitalet via Økern-Storo-Tåsen,FB3,bus,NBU:ServiceJourney:163bee30-953e-4d3e-a3a2-ac0b549cd843,True,expected,2026-04-25T11:58:21.163701+02:00
NSR:StopPlace:59620,Grorud stasjon,2026-04-25T12:24:00+02:00,2026-04-25T12:26:13+02:00,,133.0,1,Grorud T,RUT:Line:79,Grorud T - Åsbråten,79,bus,RUT:ServiceJourney:bed01f09b16c533e38911246eab164f5,True,expected,2026-04-25T11:58:21.163701+02:00
NSR:StopPlace:59635,Hauketo stasjon,2026-04-25T10:42:00+02:00,2026-04-25T10:42:56+02:00,2026-04-25T10:42:56+02:00,56.0,1,Åsbråten,RUT:Line:79,Grorud T - Åsbråten,79,bus,RUT:ServiceJourney:88f8c491e16e9b100014761edf85b62f,True,actual,2026-04-25T11:58:21.163701+02:00
NSR:StopPlace:59635,Hauketo stasjon,2026-04-25T10:43:00+02:00,2026-04-25T10:44:49+02:00,2026-04-25T10:44:49+02:00,109.0,1,Enebakk kirke,RUT:Line:550,Enebakk - Oslo,550,bus,RUT:ServiceJourney:336b94cea4afc9cf21fe03cd86843bf2,True,actual,2026-04-25T11:58:21.163701+02:00
NSR:StopPlace:59635,Hauketo stasjon,2026-04-25T10:48:00+02:00,2026-04-25T10:48:28+02:00,2026-04-25T10:48:28+02:00,28.0,1,Filipstad,RUT:Line:81,Fornebu - Myrvoll stasjon,81,bus,RUT:ServiceJourney:25df4c39631644e5abe68b24951a79ee,True,actual,2026-04-25T11:58:21.163701+02:00
NSR:StopPlace:59635,Hauketo stasjon,2026-04-25T10:48:00+02:00,2026-04-25T10:48:33+02:00,2026-04-25T10:48:33+02:00,33.0,1,Grorud T,RUT:Line:79,Grorud T - Åsbråten,79,bus,RUT:ServiceJourney:bff276f3230fa5bc39699b22cf1a8085,True,actual,2026-04-25T11:58:21.163701+02:00
NSR:StopPlace:59635,Hauketo stasjon,2026-04-25T10:48:00+02:00,2026-04-25T10:48:39+02:00,2026-04-25T10:48:39+02:00,39.0,1,Brenna,RUT:Line:73,Holmlia stasjon - Brenna,73,bus,RUT:ServiceJourney:5c29bda62de20b082bf2214a6584b055,True,actual,2026-04-25T11:58:21.163701+02:00
NSR:StopPlace:59635,Hauketo stasjon,2026-04-25T10:48:00+02:00,2026-04-25T10:48:48+02:00,2026-04-25T10:48:48+02:00,48.0,1,Myrvoll stasjon,RUT:Line:81,Fornebu - Myrvoll stasjon,81,bus,RUT:ServiceJourney:b5b24888a85f5b53b5ab3ef1eeb80071,True,actual,2026-04-25T11:58:21.163701+02:00
NSR:StopPlace:59635,Hauketo stasjon,2026-04-25T10:50:00+02:00,2026-04-25T10:50:23+02:00,2026-04-25T10:50:23+02:00,23.0,1,Bjørndal,RUT:Line:77,Holmlia stasjon - Bjørndal,77,bus,RUT:ServiceJourney:221f93b170a818c0c596654cb81d5d48,True,actual,2026-04-25T11:58:21.163701+02:00
NSR:StopPlace:59635,Hauketo stasjon,2026-04-25T10:54:00+02:00,2026-04-25T10:54:12+02:00,2026-04-25T10:54:12+02:00,12.0,1,Holmlia stasjon,RUT:Line:73,Holmlia stasjon - Brenna,73,bus,RUT:ServiceJourney:4e17c5c490761bbbb1723b42d1fb78a7,True,actual,2026-04-25T11:58:21.163701+02:00
NSR:StopPlace:59635,Hauketo stasjon,2026-04-25T10:55:00+02:00,2026-04-25T10:55:16+02:00,2026-04-25T10:55:16+02:00,16.0,1,Holmlia stasjon,RUT:Line:77,Holmlia stasjon - Bjørndal,77,bus,RUT:ServiceJourney:498f2e12c2cee3dd73c971240a207584,True,actual,2026-04-25T11:58:21.163701+02:00
NSR:StopPlace:59635,Hauketo stasjon,2026-04-25T10:57:00+02:00,2026-04-25T10:57:04+02:00,2026-04-25T10:57:04+02:00,4.0,1,Ski,VYG:Line:L2,Stabekk-Oslo S-Ski,L2,rail,VYG:ServiceJourney:2723-HVK_443930-R,True,actual,2026-04-25T11:58:21.163701+02:00
NSR:StopPlace:59635,Hauketo stasjon,2026-04-25T10:58:00+02:00,2026-04-25T10:58:13+02:00,2026-04-25T10:58:13+02:00,13.0,1,Filipstad,RUT:Line:81,Fornebu - Myrvoll stasjon,81,bus,RUT:ServiceJourney:62311ea88e9d65a3f86e64e0f85d74b6,True,actual,2026-04-25T11:58:21.163701+02:00
NSR:StopPlace:59635,Hauketo stasjon,2026-04-25T10:57:00+02:00,2026-04-25T10:59:57+02:00,2026-04-25T10:59:57+02:00,177.0,1,Åsbråten,RUT:Line:79,Grorud T - Åsbråten,79,bus,RUT:ServiceJourney:775d200f89dc94899d0d0fd4edbcb7f4,True,actual,2026-04-25T11:58:21.163701+02:00
NSR:StopPlace:59635,Hauketo stasjon,2026-04-25T11:02:00+02:00,2026-04-25T11:02:43+02:00,2026-04-25T11:02:43+02:00,43.0,1,Stabekk,VYG:Line:L2,Stabekk-Oslo S-Ski,L2,rail,VYG:ServiceJourney:2728-SKI_443935-R,True,actual,2026-04-25T11:58:21.163701+02:00
NSR:StopPlace:59635,Hauketo stasjon,2026-04-25T11:03:00+02:00,2026-04-25T11:03:11+02:00,2026-04-25T11:03:11+02:00,11.0,1,Grorud T,RUT:Line:79,Grorud T - Åsbråten,79,bus,RUT:ServiceJourney:639c02507865ead0755bedfbc5d3bdde,True,actual,2026-04-25T11:58:21.163701+02:00
NSR:StopPlace:59635,Hauketo stasjon,2026-04-25T11:03:00+02:00,2026-04-25T11:03:17+02:00,2026-04-25T11:03:17+02:00,17.0,1,Brenna,RUT:Line:73,Holmlia stasjon - Brenna,73,bus,RUT:ServiceJourney:7d69c93c09cb375d06b9b144273390cf,True,actual,2026-04-25T11:58:21.163701+02:00
NSR:StopPlace:59635,Hauketo stasjon,2026-04-25T11:05:00+02:00,2026-04-25T11:05:17+02:00,2026-04-25T11:05:17+02:00,17.0,1,Bjørndal,RUT:Line:77,Holmlia stasjon - Bjørndal,77,bus,RUT:ServiceJourney:9e8612e64943324f95352cf9f809ae15,True,actual,2026-04-25T11:58:21.163701+02:00
NSR:StopPlace:59635,Hauketo stasjon,2026-04-25T11:03:00+02:00,2026-04-25T11:06:20+02:00,2026-04-25T11:06:20+02:00,200.0,1,Myrvoll stasjon,RUT:Line:81,Fornebu - Myrvoll stasjon,81,bus,RUT:ServiceJourney:b23e354f85c24b6e552a731b5ac6a428,True,actual,2026-04-25T11:58:21.163701+02:00
NSR:StopPlace:59635,Hauketo stasjon,2026-04-25T11:07:00+02:00,2026-04-25T11:07:14+02:00,2026-04-25T11:07:14+02:00,14.0,1,Kolbotn,RUT:Line:87,Hauketo stasjon - Kolbotn,87,bus,RUT:ServiceJourney:5099ca3b0f96e48b6745d785d5d82ad8,True,actual,2026-04-25T11:58:21.163701+02:00
NSR:StopPlace:59635,Hauketo stasjon,2026-04-25T11:09:00+02:00,2026-04-25T11:09:29+02:00,2026-04-25T11:09:29+02:00,29.0,1,Holmlia stasjon,RUT:Line:73,Holmlia stasjon - Brenna,73,bus,RUT:ServiceJourney:f7e343d8ee8b89fbeefbc059197413b3,True,actual,2026-04-25T11:58:21.163701+02:00
NSR:StopPlace:59635,Hauketo stasjon,2026-04-25T11:10:00+02:00,2026-04-25T11:10:38+02:00,2026-04-25T11:10:38+02:00,38.0,1,Holmlia stasjon,RUT:Line:77,Holmlia stasjon - Bjørndal,77,bus,RUT:ServiceJourney:dd5c474bcaf27104e5fea6f99ba3685e,True,actual,2026-04-25T11:58:21.163701+02:00
NSR:StopPlace:59635,Hauketo stasjon,2026-04-25T11:12:00+02:00,2026-04-25T11:12:12+02:00,2026-04-25T11:12:12+02:00,12.0,1,Åsbråten,RUT:Line:79,Grorud T - Åsbråten,79,bus,RUT:ServiceJourney:46d11c414d6d7aa0f2c65af3d08462d4,True,actual,2026-04-25T11:58:21.163701+02:00
NSR:StopPlace:59635,Hauketo stasjon,2026-04-25T11:08:00+02:00,2026-04-25T11:12:34+02:00,2026-04-25T11:12:34+02:00,274.0,1,Filipstad,RUT:Line:81,Fornebu - Myrvoll stasjon,81,bus,RUT:ServiceJourney:1efc34bad65266531990c66b2ee75186,True,actual,2026-04-25T11:58:21.163701+02:00
NSR:StopPlace:59635,Hauketo stasjon,2026-04-25T11:13:00+02:00,2026-04-25T11:13:22+02:00,2026-04-25T11:13:22+02:00,22.0,1,Ski stasjon,RUT:Line:515,Ski - Oslo,515,bus,RUT:ServiceJourney:87e8d25124e9d636984bd6d0a71874bf,True,actual,2026-04-25T11:58:21.163701+02:00
NSR:StopPlace:59635,Hauketo stasjon,2026-04-25T11:12:00+02:00,2026-04-25T11:17:51+02:00,2026-04-25T11:17:51+02:00,351.0,1,Ski,VYG:Line:L2,Stabekk-Oslo S-Ski,L2,rail,VYG:ServiceJourney:2823_452039-R,True,actual,2026-04-25T11:58:21.163701+02:00
NSR:StopPlace:59635,Hauketo stasjon,2026-04-25T11:18:00+02:00,2026-04-25T11:18:13+02:00,2026-04-25T11:18:13+02:00,13.0,1,Grorud T,RUT:Line:79,Grorud T - Åsbråten,79,bus,RUT:ServiceJourney:94fc11e036130f4f64ac71892c5aa394,True,actual,2026-04-25T11:58:21.163701+02:00
NSR:StopPlace:59635,Hauketo stasjon,2026-04-25T11:18:00+02:00,2026-04-25T11:18:23+02:00,2026-04-25T11:18:23+02:00,23.0,1,Filipstad,RUT:Line:81,Fornebu - Myrvoll stasjon,81,bus,RUT:ServiceJourney:be088256775f56e3fba3f62432eec9e8,True,actual,2026-04-25T11:58:21.163701+02:00
NSR:StopPlace:59635,Hauketo stasjon,2026-04-25T11:18:00+02:00,2026-04-25T11:18:42+02:00,2026-04-25T11:18:42+02:00,42.0,1,Brenna,RUT:Line:73,Holmlia stasjon - Brenna,73,bus,RUT:ServiceJourney:c7924c718ff0549f2b2705a1760961a3,True,actual,2026-04-25T11:58:21.163701+02:00
NSR:StopPlace:59635,Hauketo stasjon,2026-04-25T11:17:00+02:00,2026-04-25T11:19:05+02:00,2026-04-25T11:19:05+02:00,125.0,1,Lysaker,VYG:Line:L2,Stabekk-Oslo S-Ski,L2,rail,VYG:ServiceJourney:2828-SKI_452042-R,True,actual,2026-04-25T11:58:21.163701+02:00
NSR:StopPlace:59635,Hauketo stasjon,2026-04-25T11:20:00+02:00,2026-04-25T11:20:45+02:00,2026-04-25T11:20:45+02:00,45.0,1,Bjørndal,RUT:Line:77,Holmlia stasjon - Bjørndal,77,bus,RUT:ServiceJourney:4e7bb39da360a223df663d271b3494ce,True,actual,2026-04-25T11:58:21.163701+02:00
NSR:StopPlace:59635,Hauketo stasjon,2026-04-25T11:18:00+02:00,2026-04-25T11:22:34+02:00,2026-04-25T11:22:34+02:00,274.0,1,Myrvoll stasjon,RUT:Line:81,Fornebu - Myrvoll stasjon,81,bus,RUT:ServiceJourney:25f6d0b11a36991c6f46f630d833b156,True,actual,2026-04-25T11:58:21.163701+02:00
NSR:StopPlace:59635,Hauketo stasjon,2026-04-25T11:24:00+02:00,2026-04-25T11:24:11+02:00,2026-04-25T11:24:11+02:00,11.0,1,Holmlia stasjon,RUT:Line:73,Holmlia stasjon - Brenna,73,bus,RUT:ServiceJourney:5b65917432412c225956a03ec97e4165,True,actual,2026-04-25T11:58:21.163701+02:00
NSR:StopPlace:59635,Hauketo stasjon,2026-04-25T11:25:00+02:00,2026-04-25T11:25:44+02:00,2026-04-25T11:25:44+02:00,44.0,1,Holmlia stasjon,RUT:Line:77,Holmlia stasjon - Bjørndal,77,bus,RUT:ServiceJourney:4f9f202afdea2c0ce460d849fd9cf507,True,actual,2026-04-25T11:58:21.163701+02:00
NSR:StopPlace:59635,Hauketo stasjon,2026-04-25T11:27:00+02:00,2026-04-25T11:27:27+02:00,2026-04-25T11:27:27+02:00,27.0,1,Ski,VYG:Line:L2,Stabekk-Oslo S-Ski,L2,rail,VYG:ServiceJourney:2725-HVK_443932-R,True,actual,2026-04-25T11:58:21.163701+02:00
NSR:StopPlace:59635,Hauketo stasjon,2026-04-25T11:28:00+02:00,2026-04-25T11:28:17+02:00,2026-04-25T11:28:17+02:00,17.0,1,Filipstad,RUT:Line:81,Fornebu - Myrvoll stasjon,81,bus,RUT:ServiceJourney:d08bbe7b209212b7af4a667b9e012351,True,actual,2026-04-25T11:58:21.163701+02:00
NSR:StopPlace:59635,Hauketo stasjon,2026-04-25T11:27:00+02:00,2026-04-25T11:32:46+02:00,2026-04-25T11:32:46+02:00,346.0,1,Åsbråten,RUT:Line:79,Grorud T - Åsbråten,79,bus,RUT:ServiceJourney:2adc0b71daaedc9098a53fd289060929,True,actual,2026-04-25T11:58:21.163701+02:00
NSR:StopPlace:59635,Hauketo stasjon,2026-04-25T11:33:00+02:00,2026-04-25T11:33:21+02:00,2026-04-25T11:33:21+02:00,21.0,1,Grorud T,RUT:Line:79,Grorud T - Åsbråten,79,bus,RUT:ServiceJourney:bed01f09b16c533e38911246eab164f5,True,actual,2026-04-25T11:58:21.163701+02:00
NSR:StopPlace:59635,Hauketo stasjon,2026-04-25T11:33:00+02:00,2026-04-25T11:33:23+02:00,2026-04-25T11:33:23+02:00,23.0,1,Brenna,RUT:Line:73,Holmlia stasjon - Brenna,73,bus,RUT:ServiceJourney:681858642813d3b3c5176cb06eab2d21,True,actual,2026-04-25T11:58:21.163701+02:00
NSR:StopPlace:59635,Hauketo stasjon,2026-04-25T11:35:00+02:00,2026-04-25T11:35:08+02:00,2026-04-25T11:35:08+02:00,8.0,1,Bjørndal,RUT:Line:77,Holmlia stasjon - Bjørndal,77,bus,RUT:ServiceJourney:0d8e90679a3ffed7dac9a3ff2a989a31,True,actual,2026-04-25T11:58:21.163701+02:00
NSR:StopPlace:59635,Hauketo stasjon,2026-04-25T11:37:00+02:00,2026-04-25T11:37:26+02:00,2026-04-25T11:37:26+02:00,26.0,1,Kolbotn,RUT:Line:87,Hauketo stasjon - Kolbotn,87,bus,RUT:ServiceJourney:4a56b85a919b3d3e2e101dde6ee85a10,True,actual,2026-04-25T11:58:21.163701+02:00
NSR:StopPlace:59635,Hauketo stasjon,2026-04-25T11:38:00+02:00,2026-04-25T11:38:08+02:00,2026-04-25T11:38:08+02:00,8.0,1,Filipstad,RUT:Line:81,Fornebu - Myrvoll stasjon,81,bus,RUT:ServiceJourney:e752e45e5ea21135ebb012c14dde7051,True,actual,2026-04-25T11:58:21.163701+02:00
NSR:StopPlace:59635,Hauketo stasjon,2026-04-25T11:33:00+02:00,2026-04-25T11:38:28+02:00,2026-04-25T11:38:28+02:00,328.0,1,Myrvoll stasjon,RUT:Line:81,Fornebu - Myrvoll stasjon,81,bus,RUT:ServiceJourney:32093009cea76dbe079d4931ba424026,True,actual,2026-04-25T11:58:21.163701+02:00
NSR:StopPlace:59635,Hauketo stasjon,2026-04-25T11:32:00+02:00,2026-04-25T11:39:06+02:00,2026-04-25T11:39:06+02:00,426.0,1,Stabekk,VYG:Line:L2,Stabekk-Oslo S-Ski,L2,rail,VYG:ServiceJourney:2730-SKI_443938-R,True,actual,2026-04-25T11:58:21.163701+02:00
NSR:StopPlace:59635,Hauketo stasjon,2026-04-25T11:39:00+02:00,2026-04-25T11:39:07+02:00,2026-04-25T11:39:07+02:00,7.0,1,Holmlia stasjon,RUT:Line:73,Holmlia stasjon - Brenna,73,bus,RUT:ServiceJourney:cff0cf3a3dc117fc2cef9035bda8d14f,True,actual,2026-04-25T11:58:21.163701+02:00
NSR:StopPlace:59635,Hauketo stasjon,2026-04-25T11:40:00+02:00,2026-04-25T11:40:09+02:00,2026-04-25T11:40:09+02:00,9.0,1,Holmlia stasjon,RUT:Line:77,Holmlia stasjon - Bjørndal,77,bus,RUT:ServiceJourney:88106142f75ec5b8f61a5d9a39502b75,True,actual,2026-04-25T11:58:21.163701+02:00
NSR:StopPlace:59635,Hauketo stasjon,2026-04-25T11:42:00+02:00,2026-04-25T11:42:08+02:00,2026-04-25T11:42:08+02:00,8.0,1,Ski,VYG:Line:L2,Stabekk-Oslo S-Ski,L2,rail,VYG:ServiceJourney:2825_452040-R,True,actual,2026-04-25T11:58:21.163701+02:00
NSR:StopPlace:59635,Hauketo stasjon,2026-04-25T11:43:00+02:00,2026-04-25T11:43:07+02:00,2026-04-25T11:43:07+02:00,7.0,1,Myrvoll stasjon,RUT:Line:81,Fornebu - Myrvoll stasjon,81,bus,RUT:ServiceJourney:40daf9d1eae07ce45725b886be615bc7,True,actual,2026-04-25T11:58:21.163701+02:00
NSR:StopPlace:59635,Hauketo stasjon,2026-04-25T11:43:00+02:00,2026-04-25T11:44:16+02:00,2026-04-25T11:44:16+02:00,76.0,1,Enebakk kirke,RUT:Line:550,Enebakk - Oslo,550,bus,RUT:ServiceJourney:2e9cf4f8cf158de5cfcdf6baa874b03c,True,actual,2026-04-25T11:58:21.163701+02:00
NSR:StopPlace:59635,Hauketo stasjon,2026-04-25T11:42:00+02:00,2026-04-25T11:45:19+02:00,2026-04-25T11:45:19+02:00,199.0,1,Åsbråten,RUT:Line:79,Grorud T - Åsbråten,79,bus,RUT:ServiceJourney:b2dc0a05e9b8f85f2e7aa56a8daae301,True,actual,2026-04-25T11:58:21.163701+02:00
NSR:StopPlace:59635,Hauketo stasjon,2026-04-25T11:47:00+02:00,2026-04-25T11:47:44+02:00,2026-04-25T11:47:44+02:00,44.0,1,Lysaker,VYG:Line:L2,Stabekk-Oslo S-Ski,L2,rail,VYG:ServiceJourney:2830-SKI_452044-R,True,actual,2026-04-25T11:58:21.163701+02:00
NSR:StopPlace:59635,Hauketo stasjon,2026-04-25T11:48:00+02:00,2026-04-25T11:48:10+02:00,2026-04-25T11:48:10+02:00,10.0,1,Grorud T,RUT:Line:79,Grorud T - Åsbråten,79,bus,RUT:ServiceJourney:0814e8efd065b3c0caa0609630f2dbb4,True,actual,2026-04-25T11:58:21.163701+02:00
NSR:StopPlace:59636,Holmlia stasjon,2026-04-25T10:42:00+02:00,2026-04-25T10:42:38+02:00,2026-04-25T10:42:38+02:00,38.0,1,Bjørndal,RUT:Line:77,Holmlia stasjon - Bjørndal,77,bus,RUT:ServiceJourney:221f93b170a818c0c596654cb81d5d48,True,actual,2026-04-25T11:58:21.163701+02:00
NSR:StopPlace:59636,Holmlia stasjon,2026-04-25T10:44:00+02:00,2026-04-25T10:44:31+02:00,2026-04-25T10:44:31+02:00,31.0,1,Brenna,RUT:Line:73,Holmlia stasjon - Brenna,73,bus,RUT:ServiceJourney:5c29bda62de20b082bf2214a6584b055,True,actual,2026-04-25T11:58:21.163701+02:00
NSR:StopPlace:59636,Holmlia stasjon,2026-04-25T10:44:00+02:00,2026-04-25T10:44:37+02:00,2026-04-25T10:44:37+02:00,37.0,1,Ski,VYG:Line:L2,Stabekk-Oslo S-Ski,L2,rail,VYG:ServiceJourney:2821_452038-R,True,actual,2026-04-25T11:58:21.163701+02:00
NSR:StopPlace:59636,Holmlia stasjon,2026-04-25T10:49:00+02:00,2026-04-25T10:50:11+02:00,2026-04-25T10:50:11+02:00,71.0,1,Åsbråten,RUT:Line:79,Grorud T - Åsbråten,79,bus,RUT:ServiceJourney:88f8c491e16e9b100014761edf85b62f,True,actual,2026-04-25T11:58:21.163701+02:00
NSR:StopPlace:59636,Holmlia stasjon,2026-04-25T10:51:00+02:00,2026-04-25T10:51:32+02:00,2026-04-25T10:51:32+02:00,32.0,1,Krummedike,RUT:Line:2077,Holmlia stasjon - Asperudåsen,77B,bus,RUT:ServiceJourney:0d7964b87701d6f7d98e4f7cfc5682ed,True,actual,2026-04-25T11:58:21.163701+02:00
NSR:StopPlace:59636,Holmlia stasjon,2026-04-25T10:55:00+02:00,2026-04-25T10:56:57+02:00,2026-04-25T10:56:57+02:00,117.0,1,Grorud T,RUT:Line:79,Grorud T - Åsbråten,79,bus,RUT:ServiceJourney:639c02507865ead0755bedfbc5d3bdde,True,actual,2026-04-25T11:58:21.163701+02:00
NSR:StopPlace:59636,Holmlia stasjon,2026-04-25T10:57:00+02:00,2026-04-25T10:57:22+02:00,2026-04-25T10:57:22+02:00,22.0,1,Bjørndal,RUT:Line:77,Holmlia stasjon - Bjørndal,77,bus,RUT:ServiceJourney:9e8612e64943324f95352cf9f809ae15,True,actual,2026-04-25T11:58:21.163701+02:00
NSR:StopPlace:59636,Holmlia stasjon,2026-04-25T10:57:00+02:00,2026-04-25T10:58:26+02:00,2026-04-25T10:58:26+02:00,86.0,1,Krummedike,RUT:Line:2077,Holmlia stasjon - Asperudåsen,77B,bus,RUT:ServiceJourney:0d7964b87701d6f7d98e4f7cfc5682ed,True,actual,2026-04-25T11:58:21.163701+02:00
NSR:StopPlace:59636,Holmlia stasjon,2026-04-25T10:59:00+02:00,2026-04-25T10:59:19+02:00,2026-04-25T10:59:19+02:00,19.0,1,Ski,VYG:Line:L2,Stabekk-Oslo S-Ski,L2,rail,VYG:ServiceJourney:2723-HVK_443930-R,True,actual,2026-04-25T11:58:21.163701+02:00
NSR:StopPlace:59636,Holmlia stasjon,2026-04-25T10:59:00+02:00,2026-04-25T10:59:22+02:00,2026-04-25T10:59:22+02:00,22.0,1,Brenna,RUT:Line:73,Holmlia stasjon - Brenna,73,bus,RUT:ServiceJourney:7d69c93c09cb375d06b9b144273390cf,True,actual,2026-04-25T11:58:21.163701+02:00
NSR:StopPlace:59636,Holmlia stasjon,2026-04-25T11:00:00+02:00,2026-04-25T11:00:26+02:00,2026-04-25T11:00:26+02:00,26.0,1,Stabekk,VYG:Line:L2,Stabekk-Oslo S-Ski,L2,rail,VYG:ServiceJourney:2728-SKI_443935-R,True,actual,2026-04-25T11:58:21.163701+02:00
NSR:StopPlace:59636,Holmlia stasjon,2026-04-25T11:04:00+02:00,2026-04-25T11:06:22+02:00,2026-04-25T11:06:22+02:00,142.0,1,Åsbråten,RUT:Line:79,Grorud T - Åsbråten,79,bus,RUT:ServiceJourney:775d200f89dc94899d0d0fd4edbcb7f4,True,actual,2026-04-25T11:58:21.163701+02:00
NSR:StopPlace:59636,Holmlia stasjon,2026-04-25T11:06:00+02:00,2026-04-25T11:06:39+02:00,2026-04-25T11:06:39+02:00,39.0,1,Krummedike,RUT:Line:2077,Holmlia stasjon - Asperudåsen,77B,bus,RUT:ServiceJourney:b4cb1e5dbbb04a416af7478fbe9a4d55,True,actual,2026-04-25T11:58:21.163701+02:00
NSR:StopPlace:59636,Holmlia stasjon,2026-04-25T11:10:00+02:00,2026-04-25T11:10:36+02:00,2026-04-25T11:10:36+02:00,36.0,1,Grorud T,RUT:Line:79,Grorud T - Åsbråten,79,bus,RUT:ServiceJourney:94fc11e036130f4f64ac71892c5aa394,True,actual,2026-04-25T11:58:21.163701+02:00
NSR:StopPlace:59636,Holmlia stasjon,2026-04-25T11:12:00+02:00,2026-04-25T11:12:23+02:00,2026-04-25T11:12:23+02:00,23.0,1,Bjørndal,RUT:Line:77,Holmlia stasjon - Bjørndal,77,bus,RUT:ServiceJourney:4e7bb39da360a223df663d271b3494ce,True,actual,2026-04-25T11:58:21.163701+02:00
NSR:StopPlace:59636,Holmlia stasjon,2026-04-25T11:12:00+02:00,2026-04-25T11:12:33+02:00,2026-04-25T11:12:33+02:00,33.0,1,Krummedike,RUT:Line:2077,Holmlia stasjon - Asperudåsen,77B,bus,RUT:ServiceJourney:b4cb1e5dbbb04a416af7478fbe9a4d55,True,actual,2026-04-25T11:58:21.163701+02:00
NSR:StopPlace:59636,Holmlia stasjon,2026-04-25T11:14:00+02:00,2026-04-25T11:14:21+02:00,2026-04-25T11:14:21+02:00,21.0,1,Brenna,RUT:Line:73,Holmlia stasjon - Brenna,73,bus,RUT:ServiceJourney:c7924c718ff0549f2b2705a1760961a3,True,actual,2026-04-25T11:58:21.163701+02:00
NSR:StopPlace:59636,Holmlia stasjon,2026-04-25T11:16:00+02:00,2026-04-25T11:15:58+02:00,2026-04-25T11:15:58+02:00,-2.0,0,Jernbanetorget,RUT:Line:80,Jernbanetorget - Åsbråten,80E,bus,RUT:ServiceJourney:e803c84f6228abe85d8decc85d804f2a,True,actual,2026-04-25T11:58:21.163701+02:00
NSR:StopPlace:59636,Holmlia stasjon,2026-04-25T11:15:00+02:00,2026-04-25T11:16:15+02:00,2026-04-25T11:16:15+02:00,75.0,1,Lysaker,VYG:Line:L2,Stabekk-Oslo S-Ski,L2,rail,VYG:ServiceJourney:2828-SKI_452042-R,True,actual,2026-04-25T11:58:21.163701+02:00
NSR:StopPlace:59636,Holmlia stasjon,2026-04-25T11:19:00+02:00,2026-04-25T11:19:28+02:00,2026-04-25T11:19:28+02:00,28.0,1,Åsbråten,RUT:Line:79,Grorud T - Åsbråten,79,bus,RUT:ServiceJourney:46d11c414d6d7aa0f2c65af3d08462d4,True,actual,2026-04-25T11:58:21.163701+02:00
NSR:StopPlace:59636,Holmlia stasjon,2026-04-25T11:21:00+02:00,2026-04-25T11:21:56+02:00,2026-04-25T11:21:56+02:00,56.0,1,Krummedike,RUT:Line:2077,Holmlia stasjon - Asperudåsen,77B,bus,RUT:ServiceJourney:d2969e98a946414371c9ff0ccf4451a7,True,actual,2026-04-25T11:58:21.163701+02:00
NSR:StopPlace:59636,Holmlia stasjon,2026-04-25T11:14:00+02:00,2026-04-25T11:23:11+02:00,2026-04-25T11:23:11+02:00,551.0,1,Ski,VYG:Line:L2,Stabekk-Oslo S-Ski,L2,rail,VYG:ServiceJourney:2823_452039-R,True,actual,2026-04-25T11:58:21.163701+02:00
NSR:StopPlace:59636,Holmlia stasjon,2026-04-25T11:25:00+02:00,2026-04-25T11:25:14+02:00,2026-04-25T11:25:14+02:00,14.0,1,Grorud T,RUT:Line:79,Grorud T - Åsbråten,79,bus,RUT:ServiceJourney:bed01f09b16c533e38911246eab164f5,True,actual,2026-04-25T11:58:21.163701+02:00
NSR:StopPlace:59636,Holmlia stasjon,2026-04-25T11:27:00+02:00,2026-04-25T11:27:22+02:00,2026-04-25T11:27:22+02:00,22.0,1,Krummedike,RUT:Line:2077,Holmlia stasjon - Asperudåsen,77B,bus,RUT:ServiceJourney:d2969e98a946414371c9ff0ccf4451a7,True,actual,2026-04-25T11:58:21.163701+02:00
NSR:StopPlace:59636,Holmlia stasjon,2026-04-25T11:27:00+02:00,2026-04-25T11:27:40+02:00,2026-04-25T11:27:40+02:00,40.0,1,Bjørndal,RUT:Line:77,Holmlia stasjon - Bjørndal,77,bus,RUT:ServiceJourney:0d8e90679a3ffed7dac9a3ff2a989a31,True,actual,2026-04-25T11:58:21.163701+02:00
NSR:StopPlace:59636,Holmlia stasjon,2026-04-25T11:29:00+02:00,2026-04-25T11:29:25+02:00,2026-04-25T11:29:25+02:00,25.0,1,Brenna,RUT:Line:73,Holmlia stasjon - Brenna,73,bus,RUT:ServiceJourney:681858642813d3b3c5176cb06eab2d21,True,actual,2026-04-25T11:58:21.163701+02:00
NSR:StopPlace:59636,Holmlia stasjon,2026-04-25T11:29:00+02:00,2026-04-25T11:29:35+02:00,2026-04-25T11:29:35+02:00,35.0,1,Ski,VYG:Line:L2,Stabekk-Oslo S-Ski,L2,rail,VYG:ServiceJourney:2725-HVK_443932-R,True,actual,2026-04-25T11:58:21.163701+02:00
NSR:StopPlace:59636,Holmlia stasjon,2026-04-25T11:30:00+02:00,2026-04-25T11:36:33+02:00,2026-04-25T11:36:33+02:00,393.0,1,Stabekk,VYG:Line:L2,Stabekk-Oslo S-Ski,L2,rail,VYG:ServiceJourney:2730-SKI_443938-R,True,actual,2026-04-25T11:58:21.163701+02:00
NSR:StopPlace:59636,Holmlia stasjon,2026-04-25T11:36:00+02:00,2026-04-25T11:36:40+02:00,2026-04-25T11:36:40+02:00,40.0,1,Krummedike,RUT:Line:2077,Holmlia stasjon - Asperudåsen,77B,bus,RUT:ServiceJourney:6ffaed3032a6d7321dbdfd3ce3a71847,True,actual,2026-04-25T11:58:21.163701+02:00
NSR:StopPlace:59636,Holmlia stasjon,2026-04-25T11:34:00+02:00,2026-04-25T11:39:06+02:00,2026-04-25T11:39:06+02:00,306.0,1,Åsbråten,RUT:Line:79,Grorud T - Åsbråten,79,bus,RUT:ServiceJourney:2adc0b71daaedc9098a53fd289060929,True,actual,2026-04-25T11:58:21.163701+02:00
NSR:StopPlace:59636,Holmlia stasjon,2026-04-25T11:40:00+02:00,2026-04-25T11:41:06+02:00,2026-04-25T11:41:06+02:00,66.0,1,Grorud T,RUT:Line:79,Grorud T - Åsbråten,79,bus,RUT:ServiceJourney:0814e8efd065b3c0caa0609630f2dbb4,True,actual,2026-04-25T11:58:21.163701+02:00
NSR:StopPlace:59636,Holmlia stasjon,2026-04-25T11:42:00+02:00,2026-04-25T11:42:31+02:00,2026-04-25T11:42:31+02:00,31.0,1,Bjørndal,RUT:Line:77,Holmlia stasjon - Bjørndal,77,bus,RUT:ServiceJourney:77a333dcbce8fda784d869de1d59ed06,True,actual,2026-04-25T11:58:21.163701+02:00
NSR:StopPlace:59636,Holmlia stasjon,2026-04-25T11:42:00+02:00,2026-04-25T11:43:00+02:00,2026-04-25T11:43:00+02:00,60.0,1,Krummedike,RUT:Line:2077,Holmlia stasjon - Asperudåsen,77B,bus,RUT:ServiceJourney:6ffaed3032a6d7321dbdfd3ce3a71847,True,actual,2026-04-25T11:58:21.163701+02:00
NSR:StopPlace:59636,Holmlia stasjon,2026-04-25T11:44:00+02:00,2026-04-25T11:44:17+02:00,2026-04-25T11:44:17+02:00,17.0,1,Ski,VYG:Line:L2,Stabekk-Oslo S-Ski,L2,rail,VYG:ServiceJourney:2825_452040-R,True,actual,2026-04-25T11:58:21.163701+02:00
NSR:StopPlace:59636,Holmlia stasjon,2026-04-25T11:44:00+02:00,2026-04-25T11:44:23+02:00,2026-04-25T11:44:23+02:00,23.0,1,Brenna,RUT:Line:73,Holmlia stasjon - Brenna,73,bus,RUT:ServiceJourney:072cd44a65254572219407a1b95b93f8,True,actual,2026-04-25T11:58:21.163701+02:00
NSR:StopPlace:59636,Holmlia stasjon,2026-04-25T11:45:00+02:00,2026-04-25T11:45:21+02:00,2026-04-25T11:45:21+02:00,21.0,1,Lysaker,VYG:Line:L2,Stabekk-Oslo S-Ski,L2,rail,VYG:ServiceJourney:2830-SKI_452044-R,True,actual,2026-04-25T11:58:21.163701+02:00
NSR:StopPlace:59636,Holmlia stasjon,2026-04-25T11:46:00+02:00,2026-04-25T11:46:13+02:00,2026-04-25T11:46:13+02:00,13.0,1,Jernbanetorget,RUT:Line:80,Jernbanetorget - Åsbråten,80E,bus,RUT:ServiceJourney:b7a7826c401c32d145a242ecbec69fbf,True,actual,2026-04-25T11:58:21.163701+02:00
NSR:StopPlace:59636,Holmlia stasjon,2026-04-25T11:49:00+02:00,2026-04-25T11:51:06+02:00,2026-04-25T11:51:06+02:00,126.0,1,Åsbråten,RUT:Line:79,Grorud T - Åsbråten,79,bus,RUT:ServiceJourney:b2dc0a05e9b8f85f2e7aa56a8daae301,True,actual,2026-04-25T11:58:21.163701+02:00
NSR:StopPlace:59636,Holmlia stasjon,2026-04-25T11:51:00+02:00,2026-04-25T11:51:27+02:00,2026-04-25T11:51:27+02:00,27.0,1,Krummedike,RUT:Line:2077,Holmlia stasjon - Asperudåsen,77B,bus,RUT:ServiceJourney:77aaf9bbefd48b3de8bf2277d65686bc,True,actual,2026-04-25T11:58:21.163701+02:00
NSR:StopPlace:59636,Holmlia stasjon,2026-04-25T11:55:00+02:00,2026-04-25T11:56:50+02:00,2026-04-25T11:56:50+02:00,110.0,1,Grorud T,RUT:Line:79,Grorud T - Åsbråten,79,bus,RUT:ServiceJourney:135c841470e14da98b28eff531c18bdb,True,actual,2026-04-25T11:58:21.163701+02:00
NSR:StopPlace:59636,Holmlia stasjon,2026-04-25T11:57:00+02:00,2026-04-25T11:57:27+02:00,2026-04-25T11:57:27+02:00,27.0,1,Bjørndal,RUT:Line:77,Holmlia stasjon - Bjørndal,77,bus,RUT:ServiceJourney:ac9e5a3220d0e3f5a87e6d3ef316880d,True,actual,2026-04-25T11:58:21.163701+02:00
NSR:StopPlace:59636,Holmlia stasjon,2026-04-25T11:57:00+02:00,2026-04-25T11:57:29+02:00,2026-04-25T11:57:29+02:00,29.0,1,Krummedike,RUT:Line:2077,Holmlia stasjon - Asperudåsen,77B,bus,RUT:ServiceJourney:77aaf9bbefd48b3de8bf2277d65686bc,True,actual,2026-04-25T11:58:21.163701+02:00
NSR:StopPlace:59636,Holmlia stasjon,2026-04-25T11:59:00+02:00,2026-04-25T11:59:00+02:00,,0.0,0,Brenna,RUT:Line:73,Holmlia stasjon - Brenna,73,bus,RUT:ServiceJourney:6887615de86490ab13bb1e6799be16b6,True,planned,2026-04-25T11:58:21.163701+02:00
NSR:StopPlace:59636,Holmlia stasjon,2026-04-25T12:00:00+02:00,2026-04-25T12:00:00+02:00,,0.0,0,Stabekk,VYG:Line:L2,Stabekk-Oslo S-Ski,L2,rail,VYG:ServiceJourney:2732-SKI_443940-R,True,planned,2026-04-25T11:58:21.163701+02:00
NSR:StopPlace:59636,Holmlia stasjon,2026-04-25T11:59:00+02:00,2026-04-25T12:00:36+02:00,,96.0,1,Ski,VYG:Line:L2,Stabekk-Oslo S-Ski,L2,rail,VYG:ServiceJourney:2727-HVK_443934-R,True,expected,2026-04-25T11:58:21.163701+02:00
NSR:StopPlace:59636,Holmlia stasjon,2026-04-25T12:04:00+02:00,2026-04-25T12:04:01+02:00,,1.0,1,Åsbråten,RUT:Line:79,Grorud T - Åsbråten,79,bus,RUT:ServiceJourney:51f5b9e200910ab12c8d17c0dff59325,True,expected,2026-04-25T11:58:21.163701+02:00
NSR:StopPlace:59636,Holmlia stasjon,2026-04-25T12:06:00+02:00,2026-04-25T12:06:00+02:00,,0.0,0,Krummedike,RUT:Line:2077,Holmlia stasjon - Asperudåsen,77B,bus,RUT:ServiceJourney:b7398febe3c7dc925ef091f67c892124,True,planned,2026-04-25T11:58:21.163701+02:00
NSR:StopPlace:59636,Holmlia stasjon,2026-04-25T12:10:00+02:00,2026-04-25T12:10:00+02:00,,0.0,0,Grorud T,RUT:Line:79,Grorud T - Åsbråten,79,bus,RUT:ServiceJourney:ca201703e074807f2e837e3a6ecc9f37,True,planned,2026-04-25T11:58:21.163701+02:00
NSR:StopPlace:59636,Holmlia stasjon,2026-04-25T12:12:00+02:00,2026-04-25T12:12:00+02:00,,0.0,0,Bjørndal,RUT:Line:77,Holmlia stasjon - Bjørndal,77,bus,RUT:ServiceJourney:2e25c4da7ea6a6c015e3004a27f1497c,False,planned,2026-04-25T11:58:21.163701+02:00
NSR:StopPlace:59636,Holmlia stasjon,2026-04-25T12:12:00+02:00,2026-04-25T12:12:00+02:00,,0.0,0,Krummedike,RUT:Line:2077,Holmlia stasjon - Asperudåsen,77B,bus,RUT:ServiceJourney:b7398febe3c7dc925ef091f67c892124,True,planned,2026-04-25T11:58:21.163701+02:00
NSR:StopPlace:59637,Rosenholm stasjon,2026-04-25T10:46:00+02:00,2026-04-25T10:47:02+02:00,,62.0,1,Ski,VYG:Line:L2,Stabekk-Oslo S-Ski,L2,rail,VYG:ServiceJourney:2821_452038-R,True,expected,2026-04-25T11:58:21.163701+02:00
NSR:StopPlace:59637,Rosenholm stasjon,2026-04-25T10:58:00+02:00,2026-04-25T10:58:32+02:00,2026-04-25T10:58:32+02:00,32.0,1,Stabekk,VYG:Line:L2,Stabekk-Oslo S-Ski,L2,rail,VYG:ServiceJourney:2728-SKI_443935-R,True,actual,2026-04-25T11:58:21.163701+02:00
NSR:StopPlace:59637,Rosenholm stasjon,2026-04-25T11:01:00+02:00,2026-04-25T11:01:00+02:00,,0.0,0,Ski,VYG:Line:L2,Stabekk-Oslo S-Ski,L2,rail,VYG:ServiceJourney:2723-HVK_443930-R,True,planned,2026-04-25T11:58:21.163701+02:00
NSR:StopPlace:59637,Rosenholm stasjon,2026-04-25T11:13:00+02:00,2026-04-25T11:13:39+02:00,2026-04-25T11:13:39+02:00,39.0,1,Lysaker,VYG:Line:L2,Stabekk-Oslo S-Ski,L2,rail,VYG:ServiceJourney:2828-SKI_452042-R,True,actual,2026-04-25T11:58:21.163701+02:00
NSR:StopPlace:59637,Rosenholm stasjon,2026-04-25T11:16:00+02:00,2026-04-25T11:24:51+02:00,,531.0,1,Ski,VYG:Line:L2,Stabekk-Oslo S-Ski,L2,rail,VYG:ServiceJourney:2823_452039-R,True,expected,2026-04-25T11:58:21.163701+02:00
NSR:StopPlace:59637,Rosenholm stasjon,2026-04-25T11:31:00+02:00,2026-04-25T11:31:00+02:00,,0.0,0,Ski,VYG:Line:L2,Stabekk-Oslo S-Ski,L2,rail,VYG:ServiceJourney:2725-HVK_443932-R,True,planned,2026-04-25T11:58:21.163701+02:00
NSR:StopPlace:59637,Rosenholm stasjon,2026-04-25T11:28:00+02:00,2026-04-25T11:34:34+02:00,2026-04-25T11:34:34+02:00,394.0,1,Stabekk,VYG:Line:L2,Stabekk-Oslo S-Ski,L2,rail,VYG:ServiceJourney:2730-SKI_443938-R,True,actual,2026-04-25T11:58:21.163701+02:00
NSR:StopPlace:59637,Rosenholm stasjon,2026-04-25T11:43:00+02:00,2026-04-25T11:43:19+02:00,2026-04-25T11:43:19+02:00,19.0,1,Lysaker,VYG:Line:L2,Stabekk-Oslo S-Ski,L2,rail,VYG:ServiceJourney:2830-SKI_452044-R,True,actual,2026-04-25T11:58:21.163701+02:00
NSR:StopPlace:59637,Rosenholm stasjon,2026-04-25T11:46:00+02:00,2026-04-25T11:46:00+02:00,,0.0,0,Ski,VYG:Line:L2,Stabekk-Oslo S-Ski,L2,rail,VYG:ServiceJourney:2825_452040-R,True,planned,2026-04-25T11:58:21.163701+02:00
NSR:StopPlace:59637,Rosenholm stasjon,2026-04-25T11:58:00+02:00,2026-04-25T11:58:00+02:00,,0.0,0,Stabekk,VYG:Line:L2,Stabekk-Oslo S-Ski,L2,rail,VYG:ServiceJourney:2732-SKI_443940-R,True,planned,2026-04-25T11:58:21.163701+02:00
NSR:StopPlace:59637,Rosenholm stasjon,2026-04-25T12:01:00+02:00,2026-04-25T12:02:36+02:00,,96.0,1,Ski,VYG:Line:L2,Stabekk-Oslo S-Ski,L2,rail,VYG:ServiceJourney:2727-HVK_443934-R,True,expected,2026-04-25T11:58:21.163701+02:00
NSR:StopPlace:59637,Rosenholm stasjon,2026-04-25T12:13:00+02:00,2026-04-25T12:13:44+02:00,,44.0,1,Lysaker,VYG:Line:L2,Stabekk-Oslo S-Ski,L2,rail,VYG:ServiceJourney:2832-SKI_452046-R,True,expected,2026-04-25T11:58:21.163701+02:00
NSR:StopPlace:59637,Rosenholm stasjon,2026-04-25T12:16:00+02:00,2026-04-25T12:16:24+02:00,,24.0,1,Ski,VYG:Line:L2,Stabekk-Oslo S-Ski,L2,rail,VYG:ServiceJourney:2827-HVK_452041-R,True,expected,2026-04-25T11:58:21.163701+02:00
NSR:StopPlace:59637,Rosenholm stasjon,2026-04-25T12:28:00+02:00,2026-04-25T12:28:00+02:00,,0.0,0,Stabekk,VYG:Line:L2,Stabekk-Oslo S-Ski,L2,rail,VYG:ServiceJourney:2734-SKI_443942-R,True,planned,2026-04-25T11:58:21.163701+02:00
NSR:StopPlace:59637,Rosenholm stasjon,2026-04-25T12:31:00+02:00,2026-04-25T12:31:00+02:00,,0.0,0,Ski,VYG:Line:L2,Stabekk-Oslo S-Ski,L2,rail,VYG:ServiceJourney:2729-HVK_443936-R,True,planned,2026-04-25T11:58:21.163701+02:00
NSR:StopPlace:59637,Rosenholm stasjon,2026-04-25T12:43:00+02:00,2026-04-25T12:43:00+02:00,,0.0,0,Lysaker,VYG:Line:L2,Stabekk-Oslo S-Ski,L2,rail,VYG:ServiceJourney:2834-SKI_452048-R,True,planned,2026-04-25T11:58:21.163701+02:00
NSR:StopPlace:59637,Rosenholm stasjon,2026-04-25T12:46:00+02:00,2026-04-25T12:46:00+02:00,,0.0,0,Ski,VYG:Line:L2,Stabekk-Oslo S-Ski,L2,rail,VYG:ServiceJourney:2829-HVK_452043-R,True,planned,2026-04-25T11:58:21.163701+02:00
NSR:StopPlace:59637,Rosenholm stasjon,2026-04-25T12:58:00+02:00,2026-04-25T12:58:00+02:00,,0.0,0,Stabekk,VYG:Line:L2,Stabekk-Oslo S-Ski,L2,rail,VYG:ServiceJourney:2736-SKI_443944-R,True,planned,2026-04-25T11:58:21.163701+02:00
NSR:StopPlace:59638,Myrvoll stasjon,2026-04-25T10:45:00+02:00,2026-04-25T10:45:29+02:00,2026-04-25T10:45:29+02:00,29.0,1,Filipstad,RUT:Line:81,Fornebu - Myrvoll stasjon,81,bus,RUT:ServiceJourney:1efc34bad65266531990c66b2ee75186,True,actual,2026-04-25T11:58:21.163701+02:00
NSR:StopPlace:59638,Myrvoll stasjon,2026-04-25T10:51:00+02:00,2026-04-25T10:51:37+02:00,2026-04-25T10:51:37+02:00,37.0,1,Stabekk,VYG:Line:L2,Stabekk-Oslo S-Ski,L2,rail,VYG:ServiceJourney:2728-SKI_443935-R,True,actual,2026-04-25T11:58:21.163701+02:00
NSR:StopPlace:59638,Myrvoll stasjon,2026-04-25T10:53:00+02:00,2026-04-25T10:53:00+02:00,,0.0,0,Ski,VYG:Line:L2,Stabekk-Oslo S-Ski,L2,rail,VYG:ServiceJourney:2821_452038-R,True,planned,2026-04-25T11:58:21.163701+02:00
NSR:StopPlace:59638,Myrvoll stasjon,2026-04-25T10:55:00+02:00,2026-04-25T10:55:57+02:00,2026-04-25T10:55:57+02:00,57.0,1,Filipstad,RUT:Line:81,Fornebu - Myrvoll stasjon,81,bus,RUT:ServiceJourney:be088256775f56e3fba3f62432eec9e8,True,actual,2026-04-25T11:58:21.163701+02:00
NSR:StopPlace:59638,Myrvoll stasjon,2026-04-25T10:56:00+02:00,2026-04-25T10:56:16+02:00,2026-04-25T10:56:16+02:00,16.0,1,Ski stasjon,RUT:Line:580,Kolbotn - Ski,580,bus,RUT:ServiceJourney:45173a1004eeb947f602fcfcf069bcdd,True,actual,2026-04-25T11:58:21.163701+02:00
NSR:StopPlace:59638,Myrvoll stasjon,2026-04-25T11:05:00+02:00,2026-04-25T11:05:37+02:00,2026-04-25T11:05:37+02:00,37.0,1,Filipstad,RUT:Line:81,Fornebu - Myrvoll stasjon,81,bus,RUT:ServiceJourney:d08bbe7b209212b7af4a667b9e012351,True,actual,2026-04-25T11:58:21.163701+02:00
NSR:StopPlace:59638,Myrvoll stasjon,2026-04-25T11:06:00+02:00,2026-04-25T11:06:45+02:00,2026-04-25T11:06:45+02:00,45.0,1,Lysaker,VYG:Line:L2,Stabekk-Oslo S-Ski,L2,rail,VYG:ServiceJourney:2828-SKI_452042-R,True,actual,2026-04-25T11:58:21.163701+02:00
NSR:StopPlace:59638,Myrvoll stasjon,2026-04-25T11:08:00+02:00,2026-04-25T11:08:00+02:00,,0.0,0,Ski,VYG:Line:L2,Stabekk-Oslo S-Ski,L2,rail,VYG:ServiceJourney:2723-HVK_443930-R,True,planned,2026-04-25T11:58:21.163701+02:00
NSR:StopPlace:59638,Myrvoll stasjon,2026-04-25T11:07:00+02:00,2026-04-25T11:08:31+02:00,2026-04-25T11:08:31+02:00,91.0,1,Kolbotn torg,RUT:Line:580,Kolbotn - Ski,580,bus,RUT:ServiceJourney:6b12180ce3681cdb98b2eccf91a70a42,True,actual,2026-04-25T11:58:21.163701+02:00
NSR:StopPlace:59638,Myrvoll stasjon,2026-04-25T11:15:00+02:00,2026-04-25T11:18:00+02:00,2026-04-25T11:18:00+02:00,180.0,1,Filipstad,RUT:Line:81,Fornebu - Myrvoll stasjon,81,bus,RUT:ServiceJourney:e752e45e5ea21135ebb012c14dde7051,True,actual,2026-04-25T11:58:21.163701+02:00
NSR:StopPlace:59638,Myrvoll stasjon,2026-04-25T11:21:00+02:00,2026-04-25T11:21:17+02:00,2026-04-25T11:21:17+02:00,17.0,1,Stabekk,VYG:Line:L2,Stabekk-Oslo S-Ski,L2,rail,VYG:ServiceJourney:2730-SKI_443938-R,True,actual,2026-04-25T11:58:21.163701+02:00
NSR:StopPlace:59638,Myrvoll stasjon,2026-04-25T11:25:00+02:00,2026-04-25T11:25:49+02:00,2026-04-25T11:25:49+02:00,49.0,1,Filipstad,RUT:Line:81,Fornebu - Myrvoll stasjon,81,bus,RUT:ServiceJourney:f027e4ff89a983ba306289f263d17d6f,True,actual,2026-04-25T11:58:21.163701+02:00
NSR:StopPlace:59638,Myrvoll stasjon,2026-04-25T11:26:00+02:00,2026-04-25T11:26:08+02:00,2026-04-25T11:26:08+02:00,8.0,1,Ski stasjon,RUT:Line:580,Kolbotn - Ski,580,bus,RUT:ServiceJourney:0f85221a302809d90799b0a9e73b77c5,True,actual,2026-04-25T11:58:21.163701+02:00
NSR:StopPlace:59638,Myrvoll stasjon,2026-04-25T11:23:00+02:00,2026-04-25T11:31:20+02:00,,500.0,1,Ski,VYG:Line:L2,Stabekk-Oslo S-Ski,L2,rail,VYG:ServiceJourney:2823_452039-R,True,expected,2026-04-25T11:58:21.163701+02:00
NSR:StopPlace:59638,Myrvoll stasjon,2026-04-25T11:35:00+02:00,2026-04-25T11:35:40+02:00,2026-04-25T11:35:40+02:00,40.0,1,Filipstad,RUT:Line:81,Fornebu - Myrvoll stasjon,81,bus,RUT:ServiceJourney:b4aefa7b554229f2e81befdd4a9f6d0d,True,actual,2026-04-25T11:58:21.163701+02:00
NSR:StopPlace:59638,Myrvoll stasjon,2026-04-25T11:36:00+02:00,2026-04-25T11:36:16+02:00,2026-04-25T11:36:16+02:00,16.0,1,Lysaker,VYG:Line:L2,Stabekk-Oslo S-Ski,L2,rail,VYG:ServiceJourney:2830-SKI_452044-R,True,actual,2026-04-25T11:58:21.163701+02:00
NSR:StopPlace:59638,Myrvoll stasjon,2026-04-25T11:38:00+02:00,2026-04-25T11:38:52+02:00,,52.0,1,Ski,VYG:Line:L2,Stabekk-Oslo S-Ski,L2,rail,VYG:ServiceJourney:2725-HVK_443932-R,True,expected,2026-04-25T11:58:21.163701+02:00
NSR:StopPlace:59638,Myrvoll stasjon,2026-04-25T11:37:00+02:00,2026-04-25T11:39:55+02:00,2026-04-25T11:39:55+02:00,175.0,1,Kolbotn torg,RUT:Line:580,Kolbotn - Ski,580,bus,RUT:ServiceJourney:86f2c1406741e20d1b074a3448866f50,True,actual,2026-04-25T11:58:21.163701+02:00
NSR:StopPlace:59638,Myrvoll stasjon,2026-04-25T11:45:00+02:00,2026-04-25T11:45:52+02:00,2026-04-25T11:45:52+02:00,52.0,1,Filipstad,RUT:Line:81,Fornebu - Myrvoll stasjon,81,bus,RUT:ServiceJourney:fcadba45b009d86b14cedd6d70b74bc8,True,actual,2026-04-25T11:58:21.163701+02:00
NSR:StopPlace:59638,Myrvoll stasjon,2026-04-25T11:51:00+02:00,2026-04-25T11:51:06+02:00,2026-04-25T11:51:06+02:00,6.0,1,Stabekk,VYG:Line:L2,Stabekk-Oslo S-Ski,L2,rail,VYG:ServiceJourney:2732-SKI_443940-R,True,actual,2026-04-25T11:58:21.163701+02:00
NSR:StopPlace:59638,Myrvoll stasjon,2026-04-25T11:53:00+02:00,2026-04-25T11:53:00+02:00,,0.0,0,Ski,VYG:Line:L2,Stabekk-Oslo S-Ski,L2,rail,VYG:ServiceJourney:2825_452040-R,True,planned,2026-04-25T11:58:21.163701+02:00
NSR:StopPlace:59638,Myrvoll stasjon,2026-04-25T11:55:00+02:00,2026-04-25T11:55:18+02:00,2026-04-25T11:55:18+02:00,18.0,1,Filipstad,RUT:Line:81,Fornebu - Myrvoll stasjon,81,bus,RUT:ServiceJourney:304e5fd677204a340e61ee1a760868f6,True,actual,2026-04-25T11:58:21.163701+02:00
NSR:StopPlace:59638,Myrvoll stasjon,2026-04-25T11:56:00+02:00,2026-04-25T11:56:18+02:00,2026-04-25T11:56:18+02:00,18.0,1,Ski stasjon,RUT:Line:580,Kolbotn - Ski,580,bus,RUT:ServiceJourney:b01e4088a361d51650ad17be67007acf,True,actual,2026-04-25T11:58:21.163701+02:00
NSR:StopPlace:59638,Myrvoll stasjon,2026-04-25T12:05:00+02:00,2026-04-25T12:05:00+02:00,,0.0,0,Filipstad,RUT:Line:81,Fornebu - Myrvoll stasjon,81,bus,RUT:ServiceJourney:f29efc64afa76bbfb5bef0525d9533f6,True,planned,2026-04-25T11:58:21.163701+02:00
NSR:StopPlace:59638,Myrvoll stasjon,2026-04-25T12:06:00+02:00,2026-04-25T12:07:33+02:00,,93.0,1,Lysaker,VYG:Line:L2,Stabekk-Oslo S-Ski,L2,rail,VYG:ServiceJourney:2832-SKI_452046-R,True,expected,2026-04-25T11:58:21.163701+02:00
NSR:StopPlace:59638,Myrvoll stasjon,2026-04-25T12:07:00+02:00,2026-04-25T12:08:53+02:00,,113.0,1,Kolbotn torg,RUT:Line:580,Kolbotn - Ski,580,bus,RUT:ServiceJourney:9b78d8df257bdbd3c89b3db981f4d676,True,expected,2026-04-25T11:58:21.163701+02:00
NSR:StopPlace:59638,Myrvoll stasjon,2026-04-25T12:08:00+02:00,2026-04-25T12:08:59+02:00,,59.0,1,Ski,VYG:Line:L2,Stabekk-Oslo S-Ski,L2,rail,VYG:ServiceJourney:2727-HVK_443934-R,True,expected,2026-04-25T11:58:21.163701+02:00
NSR:StopPlace:59638,Myrvoll stasjon,2026-04-25T12:15:00+02:00,2026-04-25T12:15:00+02:00,,0.0,0,Filipstad,RUT:Line:81,Fornebu - Myrvoll stasjon,81,bus,RUT:ServiceJourney:873d71842aa587aab45ff81c5731b389,False,planned,2026-04-25T11:58:21.163701+02:00
NSR:StopPlace:59638,Myrvoll stasjon,2026-04-25T12:21:00+02:00,2026-04-25T12:21:00+02:00,,0.0,0,Stabekk,VYG:Line:L2,Stabekk-Oslo S-Ski,L2,rail,VYG:ServiceJourney:2734-SKI_443942-R,True,planned,2026-04-25T11:58:21.163701+02:00
NSR:StopPlace:59638,Myrvoll stasjon,2026-04-25T12:23:00+02:00,2026-04-25T12:23:00+02:00,,0.0,0,Ski,VYG:Line:L2,Stabekk-Oslo S-Ski,L2,rail,VYG:ServiceJourney:2827-HVK_452041-R,True,planned,2026-04-25T11:58:21.163701+02:00
NSR:StopPlace:59638,Myrvoll stasjon,2026-04-25T12:25:00+02:00,2026-04-25T12:25:00+02:00,,0.0,0,Filipstad,RUT:Line:81,Fornebu - Myrvoll stasjon,81,bus,RUT:ServiceJourney:1cd7ed1aef99b59c38de45fbce41c96d,True,planned,2026-04-25T11:58:21.163701+02:00
NSR:StopPlace:59638,Myrvoll stasjon,2026-04-25T12:26:00+02:00,2026-04-25T12:26:00+02:00,,0.0,0,Ski stasjon,RUT:Line:580,Kolbotn - Ski,580,bus,RUT:ServiceJourney:46875a5d59b0bdd8ce37ffec9c6d6271,False,planned,2026-04-25T11:58:21.163701+02:00
NSR:StopPlace:59638,Myrvoll stasjon,2026-04-25T12:35:00+02:00,2026-04-25T12:35:00+02:00,,0.0,0,Filipstad,RUT:Line:81,Fornebu - Myrvoll stasjon,81,bus,RUT:ServiceJourney:b7b7c8887ce56c7f442b164ac415aa75,True,planned,2026-04-25T11:58:21.163701+02:00
NSR:StopPlace:59638,Myrvoll stasjon,2026-04-25T12:36:00+02:00,2026-04-25T12:36:00+02:00,,0.0,0,Lysaker,VYG:Line:L2,Stabekk-Oslo S-Ski,L2,rail,VYG:ServiceJourney:2834-SKI_452048-R,True,planned,2026-04-25T11:58:21.163701+02:00
NSR:StopPlace:59638,Myrvoll stasjon,2026-04-25T12:37:00+02:00,2026-04-25T12:37:00+02:00,,0.0,0,Kolbotn torg,RUT:Line:580,Kolbotn - Ski,580,bus,RUT:ServiceJourney:eb2e791960b3ba68393a77066e3b33e2,False,planned,2026-04-25T11:58:21.163701+02:00
NSR:StopPlace:59638,Myrvoll stasjon,2026-04-25T12:38:00+02:00,2026-04-25T12:38:00+02:00,,0.0,0,Ski,VYG:Line:L2,Stabekk-Oslo S-Ski,L2,rail,VYG:ServiceJourney:2729-HVK_443936-R,True,planned,2026-04-25T11:58:21.163701+02:00
NSR:StopPlace:59638,Myrvoll stasjon,2026-04-25T12:45:00+02:00,2026-04-25T12:45:00+02:00,,0.0,0,Filipstad,RUT:Line:81,Fornebu - Myrvoll stasjon,81,bus,RUT:ServiceJourney:91bf4cf0a2de56f37b21bf35116b59b3,True,planned,2026-04-25T11:58:21.163701+02:00
NSR:StopPlace:59638,Myrvoll stasjon,2026-04-25T12:51:00+02:00,2026-04-25T12:51:00+02:00,,0.0,0,Stabekk,VYG:Line:L2,Stabekk-Oslo S-Ski,L2,rail,VYG:ServiceJourney:2736-SKI_443944-R,True,planned,2026-04-25T11:58:21.163701+02:00
NSR:StopPlace:59638,Myrvoll stasjon,2026-04-25T12:53:00+02:00,2026-04-25T12:53:00+02:00,,0.0,0,Ski,VYG:Line:L2,Stabekk-Oslo S-Ski,L2,rail,VYG:ServiceJourney:2829-HVK_452043-R,True,planned,2026-04-25T11:58:21.163701+02:00
NSR:StopPlace:59638,Myrvoll stasjon,2026-04-25T12:55:00+02:00,2026-04-25T12:55:00+02:00,,0.0,0,Filipstad,RUT:Line:81,Fornebu - Myrvoll stasjon,81,bus,RUT:ServiceJourney:b762fd127e94422815463259aef81872,True,planned,2026-04-25T11:58:21.163701+02:00
NSR:StopPlace:59638,Myrvoll stasjon,2026-04-25T12:56:00+02:00,2026-04-25T12:56:00+02:00,,0.0,0,Ski stasjon,RUT:Line:580,Kolbotn - Ski,580,bus,RUT:ServiceJourney:13c5d2112ffc6ca20c5af41c98d88ada,False,planned,2026-04-25T11:58:21.163701+02:00
NSR:StopPlace:59639,Sonsveien stasjon,2026-04-25T10:51:00+02:00,2026-04-25T10:51:43+02:00,2026-04-25T10:51:43+02:00,43.0,1,Moss,VYG:Line:R21,Stabekk-Oslo S-Moss,R21,rail,VYG:ServiceJourney:1121-HVK_442997-R,True,actual,2026-04-25T11:58:21.163701+02:00
NSR:StopPlace:59639,Sonsveien stasjon,2026-04-25T10:55:00+02:00,2026-04-25T10:56:04+02:00,2026-04-25T10:56:04+02:00,64.0,1,Deør - Son - Store Brevik,RUT:Line:3545,Son mot klokka,545B,bus,RUT:ServiceJourney:362881c2259ad5ff7b6f132415625b9d,True,actual,2026-04-25T11:58:21.163701+02:00
NSR:StopPlace:59639,Sonsveien stasjon,2026-04-25T11:04:00+02:00,2026-04-25T11:04:29+02:00,2026-04-25T11:04:29+02:00,29.0,1,Stabekk,VYG:Line:R21,Stabekk-Oslo S-Moss,R21,rail,VYG:ServiceJourney:1128-MOS_443004-R,True,actual,2026-04-25T11:58:21.163701+02:00
NSR:StopPlace:59639,Sonsveien stasjon,2026-04-25T11:09:00+02:00,2026-04-25T11:10:47+02:00,2026-04-25T11:10:47+02:00,107.0,1,Moss,RUT:Line:540,Moss - Son - Vestby stasjon,540,bus,RUT:ServiceJourney:3f9553aa686d133f45c827db2e863d8b,True,actual,2026-04-25T11:58:21.163701+02:00
NSR:StopPlace:59639,Sonsveien stasjon,2026-04-25T11:12:00+02:00,2026-04-25T11:15:26+02:00,2026-04-25T11:15:26+02:00,206.0,1,Vestby stasjon,RUT:Line:540,Moss - Son - Vestby stasjon,540,bus,RUT:ServiceJourney:b8cbd6adb57ccc4133700dec3072f820,True,actual,2026-04-25T11:58:21.163701+02:00
NSR:StopPlace:59639,Sonsveien stasjon,2026-04-25T11:20:00+02:00,2026-04-25T11:20:00+02:00,,0.0,0,Oslo lufthavn,VYX:Line:56,FB11 Fredrikstad-Oslo Lufthavn (OSL),FB11,bus,VYX:ServiceJourney:663a596999bbe0c7a7940c774d486fa572bcd301,False,planned,2026-04-25T11:58:21.163701+02:00
NSR:StopPlace:59639,Sonsveien stasjon,2026-04-25T11:21:00+02:00,2026-04-25T11:21:42+02:00,2026-04-25T11:21:42+02:00,42.0,1,Moss,VYG:Line:R21,Stabekk-Oslo S-Moss,R21,rail,VYG:ServiceJourney:1123-HVK_442999-R,True,actual,2026-04-25T11:58:21.163701+02:00
NSR:StopPlace:59639,Sonsveien stasjon,2026-04-25T11:25:00+02:00,2026-04-25T11:26:06+02:00,2026-04-25T11:26:06+02:00,66.0,1,Store Brevik - Son - Deør,RUT:Line:2545,Son med klokka,545A,bus,RUT:ServiceJourney:1c8e2e04fb673a97d1ffa7a9db4d5c3d,True,actual,2026-04-25T11:58:21.163701+02:00
NSR:StopPlace:59639,Sonsveien stasjon,2026-04-25T11:34:00+02:00,2026-04-25T11:34:40+02:00,2026-04-25T11:34:40+02:00,40.0,1,Stabekk,VYG:Line:R21,Stabekk-Oslo S-Moss,R21,rail,VYG:ServiceJourney:1130-MOS_443007-R,True,actual,2026-04-25T11:58:21.163701+02:00
NSR:StopPlace:59639,Sonsveien stasjon,2026-04-25T11:51:00+02:00,2026-04-25T11:51:52+02:00,2026-04-25T11:51:52+02:00,52.0,1,Moss,VYG:Line:R21,Stabekk-Oslo S-Moss,R21,rail,VYG:ServiceJourney:1125-HVK_443001-R,True,actual,2026-04-25T11:58:21.163701+02:00
NSR:StopPlace:59639,Sonsveien stasjon,2026-04-25T11:55:00+02:00,2026-04-25T11:56:01+02:00,2026-04-25T11:56:01+02:00,61.0,1,Deør - Son - Store Brevik,RUT:Line:3545,Son mot klokka,545B,bus,RUT:ServiceJourney:6143be8adb121ee0eee588672c0805b8,True,actual,2026-04-25T11:58:21.163701+02:00
NSR:StopPlace:59639,Sonsveien stasjon,2026-04-25T12:04:00+02:00,2026-04-25T12:04:00+02:00,,0.0,0,Stabekk,VYG:Line:R21,Stabekk-Oslo S-Moss,R21,rail,VYG:ServiceJourney:1132-MOS_443009-R,True,planned,2026-04-25T11:58:21.163701+02:00
NSR:StopPlace:59639,Sonsveien stasjon,2026-04-25T12:09:00+02:00,2026-04-25T12:10:01+02:00,,61.0,1,Moss,RUT:Line:540,Moss - Son - Vestby stasjon,540,bus,RUT:ServiceJourney:6f6c874d795492598ad3c51f3fd9058f,True,expected,2026-04-25T11:58:21.163701+02:00
NSR:StopPlace:59639,Sonsveien stasjon,2026-04-25T12:12:00+02:00,2026-04-25T12:14:41+02:00,,161.0,1,Vestby stasjon,RUT:Line:540,Moss - Son - Vestby stasjon,540,bus,RUT:ServiceJourney:71b377535e7f3251c00d789feb714b3a,True,expected,2026-04-25T11:58:21.163701+02:00
NSR:StopPlace:59639,Sonsveien stasjon,2026-04-25T12:20:00+02:00,2026-04-25T12:20:00+02:00,,0.0,0,Oslo lufthavn,VYX:Line:56,FB11 Fredrikstad-Oslo Lufthavn (OSL),FB11,bus,VYX:ServiceJourney:88b34dc57b6e36dccd31297859fe3bfe305ab3d4,False,planned,2026-04-25T11:58:21.163701+02:00
NSR:StopPlace:59639,Sonsveien stasjon,2026-04-25T12:21:00+02:00,2026-04-25T12:21:00+02:00,,0.0,0,Moss,VYG:Line:R21,Stabekk-Oslo S-Moss,R21,rail,VYG:ServiceJourney:1127-HVK_443003-R,True,planned,2026-04-25T11:58:21.163701+02:00
NSR:StopPlace:59639,Sonsveien stasjon,2026-04-25T12:25:00+02:00,2026-04-25T12:25:00+02:00,,0.0,0,Store Brevik - Son - Deør,RUT:Line:2545,Son med klokka,545A,bus,RUT:ServiceJourney:9ed9bbe7411c15d9fbf047e60a5c76c3,True,planned,2026-04-25T11:58:21.163701+02:00
NSR:StopPlace:59639,Sonsveien stasjon,2026-04-25T12:34:00+02:00,2026-04-25T12:34:00+02:00,,0.0,0,Stabekk,VYG:Line:R21,Stabekk-Oslo S-Moss,R21,rail,VYG:ServiceJourney:1134-MOS_443011-R,True,planned,2026-04-25T11:58:21.163701+02:00
NSR:StopPlace:59639,Sonsveien stasjon,2026-04-25T12:51:00+02:00,2026-04-25T12:51:00+02:00,,0.0,0,Moss,VYG:Line:R21,Stabekk-Oslo S-Moss,R21,rail,VYG:ServiceJourney:1129-HVK_443005-R,True,planned,2026-04-25T11:58:21.163701+02:00
NSR:StopPlace:59639,Sonsveien stasjon,2026-04-25T12:55:00+02:00,2026-04-25T12:55:00+02:00,,0.0,0,Deør - Son - Store Brevik,RUT:Line:3545,Son mot klokka,545B,bus,RUT:ServiceJourney:dd3856f1f534ccd03c46fda4e53ab199,False,planned,2026-04-25T11:58:21.163701+02:00
NSR:StopPlace:59403,Søsterbekk stasjon,2026-04-25T12:06:00+02:00,2026-04-25T12:06:00+02:00,,0.0,0,Narvik,SJV:Line:0ff9f2b9-fbe5-4761-8a29-8813be35efaa,Stockholm-Narvik (-Luleå),,rail,SJV:ServiceJourney:49e596e3-fc29-4fda-a748-69c20d266c77,False,planned,2026-04-25T11:58:21.163701+02:00
NSR:StopPlace:58404,Nationaltheatret,2026-04-25T10:41:00+02:00,2026-04-25T10:42:38+02:00,2026-04-25T10:42:38+02:00,98.0,1,Nationaltheatret,RUT:Line:160,Rykkinn -Nationaltheatret,160,bus,RUT:ServiceJourney:9a5a5c8ed9808a1e808513b8cd5de17d,True,actual,2026-04-25T11:58:21.163701+02:00
NSR:StopPlace:58404,Nationaltheatret,2026-04-25T10:41:00+02:00,2026-04-25T10:42:48+02:00,2026-04-25T10:42:48+02:00,108.0,1,Skien,VYG:Line:RE11,Eidsvoll-Oslo S-Skien,RE11,rail,VYG:ServiceJourney:813_444393-R,True,actual,2026-04-25T11:58:21.163701+02:00
NSR:StopPlace:58404,Nationaltheatret,2026-04-25T10:43:00+02:00,2026-04-25T10:43:08+02:00,2026-04-25T10:43:08+02:00,8.0,1,Tonsenhagen,RUT:Line:31,Snarøya - Fornebu - Tonsenhagen - Grorud,31,bus,RUT:ServiceJourney:ec77719be546a3ec32aab5c5d12afcab,True,actual,2026-04-25T11:58:21.163701+02:00
NSR:StopPlace:58404,Nationaltheatret,2026-04-25T10:41:00+02:00,2026-04-25T10:43:20+02:00,2026-04-25T10:43:20+02:00,140.0,1,Slemmestad,RUT:Line:250,Sætre - Slemmestad - Nationaltheatret,250,bus,RUT:ServiceJourney:d84fad7d24473d1535a4a740ee1d73d3,True,actual,2026-04-25T11:58:21.163701+02:00
NSR:StopPlace:58404,Nationaltheatret,2026-04-25T10:44:00+02:00,2026-04-25T10:44:41+02:00,2026-04-25T10:44:41+02:00,41.0,1,Vestli,RUT:Line:5,Sognsvann - Vestli,5,metro,RUT:ServiceJourney:fdc8263e9322129148be7514bfdd7be8,True,actual,2026-04-25T11:58:21.163701+02:00
NSR:StopPlace:58404,Nationaltheatret,2026-04-25T10:40:00+02:00,2026-04-25T10:44:42+02:00,2026-04-25T10:44:42+02:00,282.0,1,Majorstuen,RUT:Line:15,Jernbanetorget - Majorstuen via Nat,15,tram,RUT:ServiceJourney:624689ce467e1ae92cda2bbb7941066f,True,actual,2026-04-25T11:58:21.163701+02:00
NSR:StopPlace:58404,Nationaltheatret,2026-04-25T10:42:00+02:00,2026-04-25T10:45:18+02:00,2026-04-25T10:45:18+02:00,198.0,1,Ringen via Majorstuen,RUT:Line:5,Sognsvann - Vestli,5,metro,RUT:ServiceJourney:ee977c5b00bfb530de7069e8c07f03a2,True,actual,2026-04-25T11:58:21.163701+02:00
NSR:StopPlace:58404,Nationaltheatret,2026-04-25T10:42:00+02:00,2026-04-25T10:45:29+02:00,2026-04-25T10:45:29+02:00,209.0,1,Mortensrud,RUT:Line:3,Kolsås - Mortensrud,3,metro,RUT:ServiceJourney:c168a68b19c0864da45d7c685eb53a07,True,actual,2026-04-25T11:58:21.163701+02:00
NSR:StopPlace:58404,Nationaltheatret,2026-04-25T10:43:00+02:00,2026-04-25T10:45:30+02:00,2026-04-25T10:45:30+02:00,150.0,1,Helsfyr,RUT:Line:37,Nydalen T - Helsfyr,37,bus,RUT:ServiceJourney:3956e4987db8f9b98d96ed858d8ab4ea,True,actual,2026-04-25T11:58:21.163701+02:00
NSR:StopPlace:58404,Nationaltheatret,2026-04-25T10:43:00+02:00,2026-04-25T10:45:31+02:00,2026-04-25T10:45:31+02:00,151.0,1,Spikkestad,VYG:Line:L1,Spikkestad-Oslo S-Lillestrøm,L1,rail,VYG:ServiceJourney:2223_443621-R,True,actual,2026-04-25T11:58:21.163701+02:00
NSR:StopPlace:58404,Nationaltheatret,2026-04-25T10:45:00+02:00,2026-04-25T10:46:05+02:00,2026-04-25T10:46:05+02:00,65.0,1,Ljabru,RUT:Line:13,Bekkestua - Ljabru,13,tram,RUT:ServiceJourney:1460569480dff7a0c6e7b08421be3ede,True,actual,2026-04-25T11:58:21.163701+02:00
NSR:StopPlace:58404,Nationaltheatret,2026-04-25T10:46:00+02:00,2026-04-25T10:46:37+02:00,2026-04-25T10:46:37+02:00,37.0,1,Bergkrystallen,RUT:Line:1,Frognerseteren - Bergkrystallen,1,metro,RUT:ServiceJourney:203d0a5ad5f37acd37af5224c3861c71,True,actual,2026-04-25T11:58:21.163701+02:00
NSR:StopPlace:58404,Nationaltheatret,2026-04-25T10:46:00+02:00,2026-04-25T10:46:45+02:00,2026-04-25T10:46:45+02:00,45.0,1,Moss,VYG:Line:R21,Stabekk-Oslo S-Moss,R21,rail,VYG:ServiceJourney:1123-HVK_442999-R,True,actual,2026-04-25T11:58:21.163701+02:00
NSR:StopPlace:58404,Nationaltheatret,2026-04-25T10:47:00+02:00,2026-04-25T10:46:55+02:00,2026-04-25T10:46:55+02:00,-5.0,0,Fornebu,RUT:Line:31,Snarøya - Fornebu - Tonsenhagen - Grorud,31,bus,RUT:ServiceJourney:183c275f5fdd5d250c2b0c5157dfe80d,True,actual,2026-04-25T11:58:21.163701+02:00
NSR:StopPlace:58404,Nationaltheatret,2026-04-25T10:46:00+02:00,2026-04-25T10:47:46+02:00,2026-04-25T10:47:46+02:00,106.0,1,Kolsås,RUT:Line:3,Kolsås - Mortensrud,3,metro,RUT:ServiceJourney:a60ad72198e5231c1525d8ae6b2215d3,True,actual,2026-04-25T11:58:21.163701+02:00
NSR:StopPlace:58404,Nationaltheatret,2026-04-25T10:48:00+02:00,2026-04-25T10:48:22+02:00,2026-04-25T10:48:22+02:00,22.0,1,Ringen via Tøyen,RUT:Line:5,Sognsvann - Vestli,5,metro,RUT:ServiceJourney:6561fb3349f2b881368968324b8a232a,True,actual,2026-04-25T11:58:21.163701+02:00
NSR:StopPlace:58404,Nationaltheatret,2026-04-25T10:48:00+02:00,2026-04-25T10:48:38+02:00,2026-04-25T10:48:38+02:00,38.0,1,Vestli via Majorstuen,RUT:Line:4,Vestli - Bergkrystallen,4,metro,RUT:ServiceJourney:1575edb4c7b36ae8c6385ff472c868d0,True,actual,2026-04-25T11:58:21.163701+02:00
NSR:StopPlace:58404,Nationaltheatret,2026-04-25T10:48:00+02:00,2026-04-25T10:49:04+02:00,2026-04-25T10:49:04+02:00,64.0,1,Eidsvoll,VYG:Line:R12,Kongsberg-Oslo S-Eidsvoll,R12,rail,VYG:ServiceJourney:512_541888-R,True,actual,2026-04-25T11:58:21.163701+02:00
NSR:StopPlace:58404,Nationaltheatret,2026-04-25T10:48:00+02:00,2026-04-25T10:49:30+02:00,2026-04-25T10:49:30+02:00,90.0,1,Nydalen T,RUT:Line:37,Nydalen T - Helsfyr,37,bus,RUT:ServiceJourney:eec2a04bf7e1ffabd8acfbe0be06daeb,True,actual,2026-04-25T11:58:21.163701+02:00
NSR:StopPlace:58404,Nationaltheatret,2026-04-25T10:49:00+02:00,2026-04-25T10:50:08+02:00,2026-04-25T10:50:08+02:00,68.0,1,Ellingsrudåsen,RUT:Line:2,Østerås - Ellingsrudåsen,2,metro,RUT:ServiceJourney:012185584c09679265e6c3f9d1b27026,True,actual,2026-04-25T11:58:21.163701+02:00
NSR:StopPlace:58404,Nationaltheatret,2026-04-25T10:50:00+02:00,2026-04-25T10:50:24+02:00,2026-04-25T10:50:24+02:00,24.0,1,Grorud T,RUT:Line:31,Snarøya - Fornebu - Tonsenhagen - Grorud,31,bus,RUT:ServiceJourney:31c28d80a39f8f45cf383c5d607ff746,True,actual,2026-04-25T11:58:21.163701+02:00
NSR:StopPlace:58404,Nationaltheatret,2026-04-25T10:50:00+02:00,2026-04-25T10:50:49+02:00,2026-04-25T10:50:49+02:00,49.0,1,Østerås,RUT:Line:2,Østerås - Ellingsrudåsen,2,metro,RUT:ServiceJourney:20f46b0aaf314e86d73ef207ba4966ac,True,actual,2026-04-25T11:58:21.163701+02:00
NSR:StopPlace:58404,Nationaltheatret,2026-04-25T10:50:00+02:00,2026-04-25T10:52:10+02:00,2026-04-25T10:52:10+02:00,130.0,1,Helsfyr,RUT:Line:37,Nydalen T - Helsfyr,37,bus,RUT:ServiceJourney:dc1c5b852f7243689a03441c30cf400a,True,actual,2026-04-25T11:58:21.163701+02:00
NSR:StopPlace:58404,Nationaltheatret,2026-04-25T10:49:00+02:00,2026-04-25T10:52:25+02:00,2026-04-25T10:52:25+02:00,205.0,1,Nationaltheatret,RUT:Line:150,Gullhaug - Nationaltheatret,150,bus,RUT:ServiceJourney:f94e8ae81d1d4dcc735a0f4d823a7a45,True,actual,2026-04-25T11:58:21.163701+02:00
NSR:StopPlace:58404,Nationaltheatret,2026-04-25T10:49:00+02:00,2026-04-25T10:52:53+02:00,2026-04-25T10:52:53+02:00,233.0,1,Stabekk,VYG:Line:L2,Stabekk-Oslo S-Ski,L2,rail,VYG:ServiceJourney:2726-SKI_443933-R,True,actual,2026-04-25T11:58:21.163701+02:00
NSR:StopPlace:58404,Nationaltheatret,2026-04-25T10:53:00+02:00,2026-04-25T10:53:00+02:00,2026-04-25T10:53:00+02:00,0.0,0,Bergkrystallen,RUT:Line:4,Vestli - Bergkrystallen,4,metro,RUT:ServiceJourney:5d603dda59019c14b2015f1d3011e7d5,True,actual,2026-04-25T11:58:21.163701+02:00
NSR:StopPlace:58404,Nationaltheatret,2026-04-25T10:53:00+02:00,2026-04-25T10:53:11+02:00,2026-04-25T10:53:11+02:00,11.0,1,Nydalen,RUT:Line:30,Bygdøy - Nydalen,30,bus,RUT:ServiceJourney:fccbfd31a813d16503fa9d2d5c5b1c85,True,actual,2026-04-25T11:58:21.163701+02:00
NSR:StopPlace:58404,Nationaltheatret,2026-04-25T10:51:00+02:00,2026-04-25T10:53:22+02:00,2026-04-25T10:53:22+02:00,142.0,1,Filipstad,RUT:Line:81,Fornebu - Myrvoll stasjon,81,bus,RUT:ServiceJourney:3b815f6cab441ee517b095d69a40c91c,True,actual,2026-04-25T11:58:21.163701+02:00
NSR:StopPlace:58404,Nationaltheatret,2026-04-25T10:53:00+02:00,2026-04-25T10:53:33+02:00,2026-04-25T10:53:33+02:00,33.0,1,Oslo Lufthavn,FLT:Line:FLY1,FLY1,FLY1,rail,FLT:ServiceJourney:1-2614-3739-20260425,True,actual,2026-04-25T11:58:21.163701+02:00
NSR:StopPlace:58404,Nationaltheatret,2026-04-25T10:51:00+02:00,2026-04-25T10:54:43+02:00,2026-04-25T10:54:43+02:00,223.0,1,Drammen,VYG:Line:R13,Drammen-Oslo S-Dal,R13,rail,VYG:ServiceJourney:1622_443260-R,True,actual,2026-04-25T11:58:21.163701+02:00
NSR:StopPlace:58404,Nationaltheatret,2026-04-25T10:55:00+02:00,2026-04-25T10:55:29+02:00,2026-04-25T10:55:29+02:00,29.0,1,Gullhaug,RUT:Line:150,Gullhaug - Nationaltheatret,150,bus,RUT:ServiceJourney:e7be013f0a6eec6ed1faee2e1507fecd,True,actual,2026-04-25T11:58:21.163701+02:00
NSR:StopPlace:58404,Nationaltheatret,2026-04-25T10:51:00+02:00,2026-04-25T10:56:03+02:00,2026-04-25T10:56:03+02:00,303.0,1,Myrvoll stasjon,RUT:Line:81,Fornebu - Myrvoll stasjon,81,bus,RUT:ServiceJourney:25f6d0b11a36991c6f46f630d833b156,True,actual,2026-04-25T11:58:21.163701+02:00
NSR:StopPlace:58404,Nationaltheatret,2026-04-25T10:56:00+02:00,2026-04-25T10:56:25+02:00,2026-04-25T10:56:25+02:00,25.0,1,Skullerud,RUT:Line:70,Nationaltheatret - Skullerud,70,bus,RUT:ServiceJourney:b13560fe03e1f242a5c5c2cec67ff47f,True,actual,2026-04-25T11:58:21.163701+02:00
NSR:StopPlace:58404,Nationaltheatret,2026-04-25T10:53:00+02:00,2026-04-25T10:56:32+02:00,2026-04-25T10:56:32+02:00,212.0,1,Lilleaker,RUT:Line:13,Bekkestua - Ljabru,13,tram,RUT:ServiceJourney:72dc0e4a7034be8048d95442780168b4,True,actual,2026-04-25T11:58:21.163701+02:00
NSR:StopPlace:58404,Nationaltheatret,2026-04-25T10:54:00+02:00,2026-04-25T10:56:34+02:00,2026-04-25T10:56:34+02:00,154.0,1,Rykkinn,RUT:Line:160,Rykkinn -Nationaltheatret,160,bus,RUT:ServiceJourney:456ba08038c19f1d92ce348ff5dc674b,True,actual,2026-04-25T11:58:21.163701+02:00
NSR:StopPlace:58404,Nationaltheatret,2026-04-25T10:57:00+02:00,2026-04-25T10:57:24+02:00,2026-04-25T10:57:24+02:00,24.0,1,Ringen via Majorstuen,RUT:Line:5,Sognsvann - Vestli,5,metro,RUT:ServiceJourney:7b536bb82d2d3e2797f36ee699fe432e,True,actual,2026-04-25T11:58:21.163701+02:00
NSR:StopPlace:58404,Nationaltheatret,2026-04-25T10:57:00+02:00,2026-04-25T10:57:31+02:00,2026-04-25T10:57:31+02:00,31.0,1,Mortensrud,RUT:Line:3,Kolsås - Mortensrud,3,metro,RUT:ServiceJourney:54cf5913b44ed0f9f5daf1eb4d9f163e,True,actual,2026-04-25T11:58:21.163701+02:00
NSR:StopPlace:58404,Nationaltheatret,2026-04-25T10:55:00+02:00,2026-04-25T10:57:33+02:00,2026-04-25T10:57:33+02:00,153.0,1,Snarøya,RUT:Line:31,Snarøya - Fornebu - Tonsenhagen - Grorud,31,bus,RUT:ServiceJourney:440cff256379b36608006ed4e4f811ff,True,actual,2026-04-25T11:58:21.163701+02:00
NSR:StopPlace:58404,Nationaltheatret,2026-04-25T10:56:00+02:00,2026-04-25T10:58:05+02:00,2026-04-25T10:58:05+02:00,125.0,1,Kjelsås,RUT:Line:15,Jernbanetorget - Majorstuen via Nat,15,tram,RUT:ServiceJourney:a32020fcde93e1f59a15cf8a501e483d,True,actual,2026-04-25T11:58:21.163701+02:00
NSR:StopPlace:58404,Nationaltheatret,2026-04-25T10:55:00+02:00,2026-04-25T10:58:07+02:00,2026-04-25T10:58:07+02:00,187.0,1,Bygdøy via Bygdøynes,RUT:Line:30,Bygdøy - Nydalen,30,bus,RUT:ServiceJourney:ef7e38de9d413961e3f3b3367d11b04d,True,actual,2026-04-25T11:58:21.163701+02:00
NSR:StopPlace:58404,Nationaltheatret,2026-04-25T10:56:00+02:00,2026-04-25T10:58:11+02:00,2026-04-25T10:58:11+02:00,131.0,1,Slemmestad,RUT:Line:250,Sætre - Slemmestad - Nationaltheatret,250,bus,RUT:ServiceJourney:ec14e4142133dbf84a409550e8844b49,True,actual,2026-04-25T11:58:21.163701+02:00
NSR:StopPlace:58404,Nationaltheatret,2026-04-25T10:58:00+02:00,2026-04-25T10:58:16+02:00,2026-04-25T10:58:16+02:00,16.0,1,Tonsenhagen,RUT:Line:31,Snarøya - Fornebu - Tonsenhagen - Grorud,31,bus,RUT:ServiceJourney:09cd35a327a163e091dfe23f11733738,True,actual,2026-04-25T11:58:21.163701+02:00
NSR:StopPlace:58404,Nationaltheatret,2026-04-25T10:58:00+02:00,2026-04-25T10:58:25+02:00,2026-04-25T10:58:25+02:00,25.0,1,Kongsvinger,VYG:Line:R14,Asker-Oslo S-Kongsvinger,R14,rail,VYG:ServiceJourney:1013_442918-R,True,actual,2026-04-25T11:58:21.163701+02:00
NSR:StopPlace:58404,Nationaltheatret,2026-04-25T10:56:00+02:00,2026-04-25T10:58:58+02:00,2026-04-25T10:58:58+02:00,178.0,1,Nydalen T,RUT:Line:37,Nydalen T - Helsfyr,37,bus,RUT:ServiceJourney:233be672cb5c364b1592064f07154517,True,actual,2026-04-25T11:58:21.163701+02:00
NSR:StopPlace:58404,Nationaltheatret,2026-04-25T10:59:00+02:00,2026-04-25T10:59:09+02:00,2026-04-25T10:59:09+02:00,9.0,1,Vestli,RUT:Line:5,Sognsvann - Vestli,5,metro,RUT:ServiceJourney:ac64f18bd300da6f417c09701a15f2f3,True,actual,2026-04-25T11:58:21.163701+02:00
NSR:StopPlace:58404,Nationaltheatret,2026-04-25T10:58:00+02:00,2026-04-25T10:59:12+02:00,2026-04-25T10:59:12+02:00,72.0,1,Helsfyr,RUT:Line:37,Nydalen T - Helsfyr,37,bus,RUT:ServiceJourney:6a504efef7d6971dbe5451ae1e468eff,True,actual,2026-04-25T11:58:21.163701+02:00
NSR:StopPlace:58404,Nationaltheatret,2026-04-25T10:56:00+02:00,2026-04-25T10:59:44+02:00,2026-04-25T10:59:44+02:00,224.0,1,Nationaltheatret,RUT:Line:160,Rykkinn -Nationaltheatret,160,bus,RUT:ServiceJourney:242d623dd78984a9861ff22886dece6d,True,actual,2026-04-25T11:58:21.163701+02:00
NSR:StopPlace:58404,Nationaltheatret,2026-04-25T10:55:00+02:00,2026-04-25T11:00:50+02:00,2026-04-25T11:00:50+02:00,350.0,1,Frognerseteren,RUT:Line:1,Frognerseteren - Bergkrystallen,1,metro,RUT:ServiceJourney:7d10ad49c263515bc9c0df8c9c922212,True,actual,2026-04-25T11:58:21.163701+02:00
NSR:StopPlace:58404,Nationaltheatret,2026-04-25T11:01:00+02:00,2026-04-25T11:01:47+02:00,2026-04-25T11:01:47+02:00,47.0,1,Kolsås,RUT:Line:3,Kolsås - Mortensrud,3,metro,RUT:ServiceJourney:b39b378fb8c709764fd7bd2f09116c09,True,actual,2026-04-25T11:58:21.163701+02:00
NSR:StopPlace:58404,Nationaltheatret,2026-04-25T11:01:00+02:00,2026-04-25T11:02:10+02:00,2026-04-25T11:02:10+02:00,70.0,1,Asker,VYG:Line:R14,Asker-Oslo S-Kongsvinger,R14,rail,VYG:ServiceJourney:1012_442917-R,True,actual,2026-04-25T11:58:21.163701+02:00
NSR:StopPlace:58415,Oteråga stasjon,2026-04-25T12:49:00+02:00,2026-04-25T12:49:00+02:00,,0.0,0,Steinkjer,SJN:Line:71,Nordlandsbanen,F7,rail,SJN:ServiceJourney:472-BO_33062-R,True,planned,2026-04-25T11:58:21.163701+02:00
NSR:StopPlace:58575,Rombak stasjon,2026-04-25T12:24:00+02:00,2026-04-25T12:24:00+02:00,,0.0,0,Narvik,SJV:Line:0ff9f2b9-fbe5-4761-8a29-8813be35efaa,Stockholm-Narvik (-Luleå),,rail,SJV:ServiceJourney:49e596e3-fc29-4fda-a748-69c20d266c77,False,planned,2026-04-25T11:58:21.163701+02:00
NSR:StopPlace:58610,Katterat stasjon,2026-04-25T12:14:00+02:00,2026-04-25T12:14:00+02:00,,0.0,0,Narvik,SJV:Line:0ff9f2b9-fbe5-4761-8a29-8813be35efaa,Stockholm-Narvik (-Luleå),,rail,SJV:ServiceJourney:49e596e3-fc29-4fda-a748-69c20d266c77,False,planned,2026-04-25T11:58:21.163701+02:00
NSR:StopPlace:58623,Katrineholm Centralstation,2026-04-25T11:29:00+02:00,2026-04-25T11:29:00+02:00,,0.0,0,Karlstad-Oslo,SJV:Line:cfac9102-49ef-476c-8663-a6d468ee4f36,Stockholm-Hallsberg-Karlstad-Oslo,70,rail,SJV:ServiceJourney:f2b2b57f-f7b6-4450-a850-86a4a67348f8,False,planned,2026-04-25T11:58:21.163701+02:00
NSR:StopPlace:58623,Katrineholm Centralstation,2026-04-25T12:14:00+02:00,2026-04-25T12:14:00+02:00,,0.0,0,Stockholm,SJV:Line:cfac9102-49ef-476c-8663-a6d468ee4f36,Stockholm-Hallsberg-Karlstad-Oslo,70,rail,SJV:ServiceJourney:6bcdad44-579c-4040-a6ec-639bc3e56953,False,planned,2026-04-25T11:58:21.163701+02:00
NSR:StopPlace:58651,Låktatjåkko station,2026-04-25T11:26:00+02:00,2026-04-25T11:26:00+02:00,,0.0,0,Narvik,SJV:Line:0ff9f2b9-fbe5-4761-8a29-8813be35efaa,Stockholm-Narvik (-Luleå),,rail,SJV:ServiceJourney:49e596e3-fc29-4fda-a748-69c20d266c77,False,planned,2026-04-25T11:58:21.163701+02:00
NSR:StopPlace:58952,Bodø stasjon,2026-04-25T10:55:00+02:00,2026-04-25T10:58:03+02:00,2026-04-25T10:58:03+02:00,183.0,1,Løpsmarka,NOR:Line:12_8004,Tverlandet - Bodø sentrum - Løpsmarka,4,bus,NOR:ServiceJourney:8004_251012124900516_4005,True,actual,2026-04-25T11:58:21.163701+02:00
NSR:StopPlace:58952,Bodø stasjon,2026-04-25T11:32:00+02:00,2026-04-25T11:39:37+02:00,2026-04-25T11:39:37+02:00,457.0,1,Tverlandet,NOR:Line:12_8004,Tverlandet - Bodø sentrum - Løpsmarka,4,bus,NOR:ServiceJourney:8004_251012124900481_3006,True,actual,2026-04-25T11:58:21.163701+02:00
NSR:StopPlace:58952,Bodø stasjon,2026-04-25T11:48:00+02:00,2026-04-25T11:48:25+02:00,2026-04-25T11:48:25+02:00,25.0,1,Bodø lufthavn,NOR:Line:12_8400,Kjerringøy - Festvåg - Skaug - Bodø,400,bus,NOR:ServiceJourney:8400_251012124900635_3002,True,actual,2026-04-25T11:58:21.163701+02:00
NSR:StopPlace:58952,Bodø stasjon,2026-04-25T11:55:00+02:00,2026-04-25T12:01:31+02:00,,391.0,1,Løpsmarka,NOR:Line:12_8004,Tverlandet - Bodø sentrum - Løpsmarka,4,bus,NOR:ServiceJourney:8004_251012124900517_4006,True,expected,2026-04-25T11:58:21.163701+02:00
NSR:StopPlace:58952,Bodø stasjon,2026-04-25T12:27:00+02:00,2026-04-25T12:27:00+02:00,,0.0,0,Steinkjer,SJN:Line:71,Nordlandsbanen,F7,rail,SJN:ServiceJourney:472-BO_33062-R,True,planned,2026-04-25T11:58:21.163701+02:00
NSR:StopPlace:58952,Bodø stasjon,2026-04-25T12:32:00+02:00,2026-04-25T12:32:00+02:00,,0.0,0,Tverlandet,NOR:Line:12_8004,Tverlandet - Bodø sentrum - Løpsmarka,4,bus,NOR:ServiceJourney:8004_251012124900482_3007,True,planned,2026-04-25T11:58:21.163701+02:00
NSR:StopPlace:58952,Bodø stasjon,2026-04-25T12:55:00+02:00,2026-04-25T12:55:05+02:00,,5.0,1,Løpsmarka,NOR:Line:12_8004,Tverlandet - Bodø sentrum - Løpsmarka,4,bus,NOR:ServiceJourney:8004_251012124900518_4007,True,expected,2026-04-25T11:58:21.163701+02:00
NSR:StopPlace:58954,Fauske stasjon,2026-04-25T12:10:00+02:00,2026-04-25T12:10:00+02:00,,0.0,0,Bodø lufthavn,NOR:Line:12_8100,Bodø - Fauske - Narvik/Sortland,100,bus,NOR:ServiceJourney:8100_260126119368745_4010,True,planned,2026-04-25T11:58:21.163701+02:00
NSR:StopPlace:58950,Åsen stasjon,2026-04-25T11:24:00+02:00,2026-04-25T11:24:00+02:00,,0.0,0,Skatval,SJN:Line:26,Trønderbanen,R70,rail,SJN:ServiceJourney:B432-A3_50577-R,False,planned,2026-04-25T11:58:21.163701+02:00
NSR:StopPlace:58950,Åsen stasjon,2026-04-25T11:27:00+02:00,2026-04-25T11:27:00+02:00,,0.0,0,Bestillingstaxi,SJN:Line:26,Trønderbanen,R70,rail,SJN:ServiceJourney:B431-AR_48108-R,False,planned,2026-04-25T11:58:21.163701+02:00
NSR:StopPlace:58950,Åsen stasjon,2026-04-25T11:34:00+02:00,2026-04-25T11:34:00+02:00,,0.0,0,Levanger,SJN:Line:26,Trønderbanen,R70,rail,SJN:ServiceJourney:B431-BD_50576-R,False,planned,2026-04-25T11:58:21.163701+02:00
NSR:StopPlace:58950,Åsen stasjon,2026-04-25T12:24:00+02:00,2026-04-25T12:24:00+02:00,,0.0,0,Skatval,SJN:Line:26,Trønderbanen,R70,rail,SJN:ServiceJourney:B434-A_50579-R,False,planned,2026-04-25T11:58:21.163701+02:00
NSR:StopPlace:58950,Åsen stasjon,2026-04-25T12:34:00+02:00,2026-04-25T12:34:00+02:00,,0.0,0,Levanger,SJN:Line:26,Trønderbanen,R70,rail,SJN:ServiceJourney:B433-A8_50578-R,False,planned,2026-04-25T11:58:21.163701+02:00
NSR:StopPlace:58963,Jessheim stasjon,2026-04-25T10:51:00+02:00,2026-04-25T10:52:07+02:00,2026-04-25T10:52:07+02:00,67.0,1,Dal,VYG:Line:R13,Drammen-Oslo S-Dal,R13,rail,VYG:ServiceJourney:1621_443257-R,True,actual,2026-04-25T11:58:21.163701+02:00
NSR:StopPlace:58963,Jessheim stasjon,2026-04-25T10:52:00+02:00,2026-04-25T10:52:13+02:00,2026-04-25T10:52:13+02:00,13.0,1,Årnes,RUT:Line:450,Årnes - Oslo lufthavn,450,bus,RUT:ServiceJourney:850107fec978f023fea9469e9d80cfca,True,actual,2026-04-25T11:58:21.163701+02:00
NSR:StopPlace:58963,Jessheim stasjon,2026-04-25T10:55:00+02:00,2026-04-25T10:55:45+02:00,2026-04-25T10:55:45+02:00,45.0,1,Eidsvoll,RUT:Line:430,Eidsvoll - Jessheim,430,bus,RUT:ServiceJourney:7c3630e0963409baf5dc48a548ac51a8,True,actual,2026-04-25T11:58:21.163701+02:00
NSR:StopPlace:58963,Jessheim stasjon,2026-04-25T10:58:00+02:00,2026-04-25T10:58:34+02:00,2026-04-25T10:58:34+02:00,34.0,1,Nordkisa,RUT:Line:440,Fenstad/Nordkisa - Oslo lufthavn,440,bus,RUT:ServiceJourney:88639825fa5ecf7ce7029d9f4ba601f4,True,actual,2026-04-25T11:58:21.163701+02:00
NSR:StopPlace:58963,Jessheim stasjon,2026-04-25T11:01:00+02:00,2026-04-25T11:05:03+02:00,2026-04-25T11:05:03+02:00,243.0,1,Oslo lufthavn,RUT:Line:440,Fenstad/Nordkisa - Oslo lufthavn,440,bus,RUT:ServiceJourney:40ab8211b9d3ee3cfb5807147842572f,True,actual,2026-04-25T11:58:21.163701+02:00
NSR:StopPlace:58963,Jessheim stasjon,2026-04-25T11:06:00+02:00,2026-04-25T11:06:19+02:00,2026-04-25T11:06:19+02:00,19.0,1,Oslo lufthavn,RUT:Line:450,Årnes - Oslo lufthavn,450,bus,RUT:ServiceJourney:ba82c600961151e0d34210f3b662c026,True,actual,2026-04-25T11:58:21.163701+02:00
NSR:StopPlace:58963,Jessheim stasjon,2026-04-25T11:07:00+02:00,2026-04-25T11:07:46+02:00,2026-04-25T11:07:46+02:00,46.0,1,Drammen,VYG:Line:R13,Drammen-Oslo S-Dal,R13,rail,VYG:ServiceJourney:1626_443268-R,True,actual,2026-04-25T11:58:21.163701+02:00
NSR:StopPlace:58963,Jessheim stasjon,2026-04-25T11:22:00+02:00,2026-04-25T11:22:15+02:00,2026-04-25T11:22:15+02:00,15.0,1,Årnes,RUT:Line:450,Årnes - Oslo lufthavn,450,bus,RUT:ServiceJourney:1de41894e349f500426d50d40fe5de94,True,actual,2026-04-25T11:58:21.163701+02:00
NSR:StopPlace:58963,Jessheim stasjon,2026-04-25T11:21:00+02:00,2026-04-25T11:22:41+02:00,2026-04-25T11:22:41+02:00,101.0,1,Dal,VYG:Line:R13,Drammen-Oslo S-Dal,R13,rail,VYG:ServiceJourney:1623_481146-R,True,actual,2026-04-25T11:58:21.163701+02:00
NSR:StopPlace:58963,Jessheim stasjon,2026-04-25T11:25:00+02:00,2026-04-25T11:25:50+02:00,2026-04-25T11:25:50+02:00,50.0,1,Eidsvoll,RUT:Line:430,Eidsvoll - Jessheim,430,bus,RUT:ServiceJourney:17c5eb889fef4baec53540287fe1740b,True,actual,2026-04-25T11:58:21.163701+02:00
NSR:StopPlace:58963,Jessheim stasjon,2026-04-25T11:28:00+02:00,2026-04-25T11:28:35+02:00,2026-04-25T11:28:35+02:00,35.0,1,Nordkisa,RUT:Line:440,Fenstad/Nordkisa - Oslo lufthavn,440,bus,RUT:ServiceJourney:9144f1be8f594e14e11222b8f3d48511,True,actual,2026-04-25T11:58:21.163701+02:00
NSR:StopPlace:58963,Jessheim stasjon,2026-04-25T11:31:00+02:00,2026-04-25T11:33:15+02:00,2026-04-25T11:33:15+02:00,135.0,1,Oslo lufthavn,RUT:Line:440,Fenstad/Nordkisa - Oslo lufthavn,440,bus,RUT:ServiceJourney:9034f11941418892a75e4d8a8a7dcf15,True,actual,2026-04-25T11:58:21.163701+02:00
NSR:StopPlace:58963,Jessheim stasjon,2026-04-25T11:33:00+02:00,2026-04-25T11:34:07+02:00,2026-04-25T11:34:07+02:00,67.0,1,Kopperud,RUT:Line:420,Maura -  Jessheim,420,bus,RUT:ServiceJourney:92670b8b3613991428bdb98e68cc7418,True,actual,2026-04-25T11:58:21.163701+02:00
NSR:StopPlace:58963,Jessheim stasjon,2026-04-25T11:36:00+02:00,2026-04-25T11:37:16+02:00,2026-04-25T11:37:16+02:00,76.0,1,Oslo lufthavn,RUT:Line:450,Årnes - Oslo lufthavn,450,bus,RUT:ServiceJourney:70e764a296a1e36e93f650b574050473,True,actual,2026-04-25T11:58:21.163701+02:00
NSR:StopPlace:58963,Jessheim stasjon,2026-04-25T11:37:00+02:00,2026-04-25T11:38:04+02:00,2026-04-25T11:38:04+02:00,64.0,1,Drammen,VYG:Line:R13,Drammen-Oslo S-Dal,R13,rail,VYG:ServiceJourney:1628_481149-R,True,actual,2026-04-25T11:58:21.163701+02:00
NSR:StopPlace:58963,Jessheim stasjon,2026-04-25T11:51:00+02:00,2026-04-25T11:51:40+02:00,2026-04-25T11:51:40+02:00,40.0,1,Dal,VYG:Line:R13,Drammen-Oslo S-Dal,R13,rail,VYG:ServiceJourney:1625_481147-R,True,actual,2026-04-25T11:58:21.163701+02:00
NSR:StopPlace:58963,Jessheim stasjon,2026-04-25T11:52:00+02:00,2026-04-25T11:52:46+02:00,2026-04-25T11:52:46+02:00,46.0,1,Årnes,RUT:Line:450,Årnes - Oslo lufthavn,450,bus,RUT:ServiceJourney:2784144acd9a998aa8934656460f0b9e,True,actual,2026-04-25T11:58:21.163701+02:00
NSR:StopPlace:58963,Jessheim stasjon,2026-04-25T11:55:00+02:00,2026-04-25T11:56:13+02:00,2026-04-25T11:56:13+02:00,73.0,1,Eidsvoll,RUT:Line:430,Eidsvoll - Jessheim,430,bus,RUT:ServiceJourney:482828e22568f35e8c49b7d4ed41803b,True,actual,2026-04-25T11:58:21.163701+02:00
NSR:StopPlace:58963,Jessheim stasjon,2026-04-25T11:58:00+02:00,2026-04-25T11:58:35+02:00,,35.0,1,Fenstad,RUT:Line:440,Fenstad/Nordkisa - Oslo lufthavn,440,bus,RUT:ServiceJourney:36c8d055e24ae01e0c3afdccc3d5db82,True,expected,2026-04-25T11:58:21.163701+02:00
NSR:StopPlace:58963,Jessheim stasjon,2026-04-25T12:01:00+02:00,2026-04-25T12:01:00+02:00,,0.0,0,Oslo lufthavn,RUT:Line:440,Fenstad/Nordkisa - Oslo lufthavn,440,bus,RUT:ServiceJourney:1c62052a8f39d00b37cd4f0058eaf6d7,True,planned,2026-04-25T11:58:21.163701+02:00
NSR:StopPlace:58963,Jessheim stasjon,2026-04-25T12:07:00+02:00,2026-04-25T12:07:00+02:00,,0.0,0,Drammen,VYG:Line:R13,Drammen-Oslo S-Dal,R13,rail,VYG:ServiceJourney:1630_481151-R,True,planned,2026-04-25T11:58:21.163701+02:00
NSR:StopPlace:58963,Jessheim stasjon,2026-04-25T12:06:00+02:00,2026-04-25T12:07:10+02:00,,70.0,1,Oslo lufthavn,RUT:Line:450,Årnes - Oslo lufthavn,450,bus,RUT:ServiceJourney:6287487ee9b321b30b3e3018658e06ed,True,expected,2026-04-25T11:58:21.163701+02:00
NSR:StopPlace:58963,Jessheim stasjon,2026-04-25T12:21:00+02:00,2026-04-25T12:21:00+02:00,,0.0,0,Dal,VYG:Line:R13,Drammen-Oslo S-Dal,R13,rail,VYG:ServiceJourney:1627_443269-R,True,planned,2026-04-25T11:58:21.163701+02:00
NSR:StopPlace:58963,Jessheim stasjon,2026-04-25T12:22:00+02:00,2026-04-25T12:22:00+02:00,,0.0,0,Årnes,RUT:Line:450,Årnes - Oslo lufthavn,450,bus,RUT:ServiceJourney:b40467bda8dfc183e70913cb265ea9a3,True,planned,2026-04-25T11:58:21.163701+02:00
NSR:StopPlace:58963,Jessheim stasjon,2026-04-25T12:25:00+02:00,2026-04-25T12:25:00+02:00,,0.0,0,Eidsvoll,RUT:Line:430,Eidsvoll - Jessheim,430,bus,RUT:ServiceJourney:26c3c9027106637ed4089c4df642fe3c,True,planned,2026-04-25T11:58:21.163701+02:00
NSR:StopPlace:58963,Jessheim stasjon,2026-04-25T12:28:00+02:00,2026-04-25T12:28:00+02:00,,0.0,0,Nordkisa,RUT:Line:440,Fenstad/Nordkisa - Oslo lufthavn,440,bus,RUT:ServiceJourney:5c52b6556f2feb60330a223c488d54a1,True,planned,2026-04-25T11:58:21.163701+02:00
NSR:StopPlace:58963,Jessheim stasjon,2026-04-25T12:31:00+02:00,2026-04-25T12:31:00+02:00,,0.0,0,Oslo lufthavn,RUT:Line:440,Fenstad/Nordkisa - Oslo lufthavn,440,bus,RUT:ServiceJourney:b0a22496ea5e65a20258116631271ab1,True,planned,2026-04-25T11:58:21.163701+02:00
NSR:StopPlace:58963,Jessheim stasjon,2026-04-25T12:33:00+02:00,2026-04-25T12:33:00+02:00,,0.0,0,Kopperud,RUT:Line:420,Maura -  Jessheim,420,bus,RUT:ServiceJourney:40fa62b1e08ece39c63ed6104fab4a28,False,planned,2026-04-25T11:58:21.163701+02:00
NSR:StopPlace:58963,Jessheim stasjon,2026-04-25T12:36:00+02:00,2026-04-25T12:36:00+02:00,,0.0,0,Oslo lufthavn,RUT:Line:450,Årnes - Oslo lufthavn,450,bus,RUT:ServiceJourney:c9ee91bf0db5a16909557137b4565fed,True,planned,2026-04-25T11:58:21.163701+02:00
NSR:StopPlace:58963,Jessheim stasjon,2026-04-25T12:37:00+02:00,2026-04-25T12:37:00+02:00,,0.0,0,Drammen,VYG:Line:R13,Drammen-Oslo S-Dal,R13,rail,VYG:ServiceJourney:1632_443281-R,True,planned,2026-04-25T11:58:21.163701+02:00
NSR:StopPlace:58963,Jessheim stasjon,2026-04-25T12:51:00+02:00,2026-04-25T12:51:00+02:00,,0.0,0,Dal,VYG:Line:R13,Drammen-Oslo S-Dal,R13,rail,VYG:ServiceJourney:1629_443274-R,True,planned,2026-04-25T11:58:21.163701+02:00
NSR:StopPlace:58963,Jessheim stasjon,2026-04-25T12:52:00+02:00,2026-04-25T12:52:00+02:00,,0.0,0,Årnes,RUT:Line:450,Årnes - Oslo lufthavn,450,bus,RUT:ServiceJourney:119039386ca30f7aa7e269552512a056,False,planned,2026-04-25T11:58:21.163701+02:00
NSR:StopPlace:58963,Jessheim stasjon,2026-04-25T12:55:00+02:00,2026-04-25T12:55:00+02:00,,0.0,0,Eidsvoll,RUT:Line:430,Eidsvoll - Jessheim,430,bus,RUT:ServiceJourney:68cd42ed8af665d19d5797c67ceef1de,False,planned,2026-04-25T11:58:21.163701+02:00
NSR:StopPlace:58963,Jessheim stasjon,2026-04-25T12:58:00+02:00,2026-04-25T12:58:00+02:00,,0.0,0,Nordkisa,RUT:Line:440,Fenstad/Nordkisa - Oslo lufthavn,440,bus,RUT:ServiceJourney:2fe1f0d72cb4f5cbcf8c04cf1b05d178,False,planned,2026-04-25T11:58:21.163701+02:00
NSR:StopPlace:58964,Kløfta stasjon,2026-04-25T10:44:00+02:00,2026-04-25T10:44:50+02:00,2026-04-25T10:44:50+02:00,50.0,1,Dal,VYG:Line:R13,Drammen-Oslo S-Dal,R13,rail,VYG:ServiceJourney:1621_443257-R,True,actual,2026-04-25T11:58:21.163701+02:00
NSR:StopPlace:58964,Kløfta stasjon,2026-04-25T10:44:00+02:00,2026-04-25T10:45:42+02:00,2026-04-25T10:45:42+02:00,102.0,1,Drammen,VYG:Line:R13,Drammen-Oslo S-Dal,R13,rail,VYG:ServiceJourney:1624_443264-R,True,actual,2026-04-25T11:58:21.163701+02:00
NSR:StopPlace:58964,Kløfta stasjon,2026-04-25T10:49:00+02:00,2026-04-25T10:50:17+02:00,2026-04-25T10:50:17+02:00,77.0,1,Herbergåsen,RUT:Line:460,Herbergåsen - Kløfta,460,bus,RUT:ServiceJourney:ad744439188d349542c4fb9591dc8f52,True,actual,2026-04-25T11:58:21.163701+02:00
NSR:StopPlace:58964,Kløfta stasjon,2026-04-25T10:51:00+02:00,2026-04-25T10:51:39+02:00,2026-04-25T10:51:39+02:00,39.0,1,Kløfta,RUT:Line:425,Kløfta – Oslo lufthavn,425,bus,RUT:ServiceJourney:d25299d410a3909c9a281353f0d72606,True,actual,2026-04-25T11:58:21.163701+02:00
NSR:StopPlace:58964,Kløfta stasjon,2026-04-25T11:03:00+02:00,2026-04-25T11:04:15+02:00,2026-04-25T11:04:15+02:00,75.0,1,Oslo lufthavn,RUT:Line:425,Kløfta – Oslo lufthavn,425,bus,RUT:ServiceJourney:21d3da2fcc06018ae6d2c6322a1bc423,True,actual,2026-04-25T11:58:21.163701+02:00
NSR:StopPlace:58964,Kløfta stasjon,2026-04-25T11:14:00+02:00,2026-04-25T11:14:51+02:00,2026-04-25T11:14:51+02:00,51.0,1,Dal,VYG:Line:R13,Drammen-Oslo S-Dal,R13,rail,VYG:ServiceJourney:1623_481146-R,True,actual,2026-04-25T11:58:21.163701+02:00
NSR:StopPlace:58964,Kløfta stasjon,2026-04-25T11:14:00+02:00,2026-04-25T11:15:15+02:00,2026-04-25T11:15:15+02:00,75.0,1,Drammen,VYG:Line:R13,Drammen-Oslo S-Dal,R13,rail,VYG:ServiceJourney:1626_443268-R,True,actual,2026-04-25T11:58:21.163701+02:00
NSR:StopPlace:58964,Kløfta stasjon,2026-04-25T11:44:00+02:00,2026-04-25T11:44:30+02:00,2026-04-25T11:44:30+02:00,30.0,1,Dal,VYG:Line:R13,Drammen-Oslo S-Dal,R13,rail,VYG:ServiceJourney:1625_481147-R,True,actual,2026-04-25T11:58:21.163701+02:00
NSR:StopPlace:58964,Kløfta stasjon,2026-04-25T11:44:00+02:00,2026-04-25T11:44:42+02:00,2026-04-25T11:44:42+02:00,42.0,1,Drammen,VYG:Line:R13,Drammen-Oslo S-Dal,R13,rail,VYG:ServiceJourney:1628_481149-R,True,actual,2026-04-25T11:58:21.163701+02:00
NSR:StopPlace:58964,Kløfta stasjon,2026-04-25T11:51:00+02:00,2026-04-25T11:51:27+02:00,2026-04-25T11:51:27+02:00,27.0,1,Kløfta,RUT:Line:425,Kløfta – Oslo lufthavn,425,bus,RUT:ServiceJourney:618103ea6208c56f206d39777977ade1,True,actual,2026-04-25T11:58:21.163701+02:00
NSR:StopPlace:58964,Kløfta stasjon,2026-04-25T12:03:00+02:00,2026-04-25T12:04:48+02:00,,108.0,1,Oslo lufthavn,RUT:Line:425,Kløfta – Oslo lufthavn,425,bus,RUT:ServiceJourney:0f538208212f119270e2c0a0978bf2e1,True,expected,2026-04-25T11:58:21.163701+02:00
NSR:StopPlace:58964,Kløfta stasjon,2026-04-25T12:14:00+02:00,2026-04-25T12:14:00+02:00,,0.0,0,Dal,VYG:Line:R13,Drammen-Oslo S-Dal,R13,rail,VYG:ServiceJourney:1627_443269-R,True,planned,2026-04-25T11:58:21.163701+02:00
NSR:StopPlace:58964,Kløfta stasjon,2026-04-25T12:14:00+02:00,2026-04-25T12:14:00+02:00,,0.0,0,Drammen,VYG:Line:R13,Drammen-Oslo S-Dal,R13,rail,VYG:ServiceJourney:1630_481151-R,True,planned,2026-04-25T11:58:21.163701+02:00
NSR:StopPlace:58964,Kløfta stasjon,2026-04-25T12:44:00+02:00,2026-04-25T12:44:00+02:00,,0.0,0,Dal,VYG:Line:R13,Drammen-Oslo S-Dal,R13,rail,VYG:ServiceJourney:1629_443274-R,True,planned,2026-04-25T11:58:21.163701+02:00
NSR:StopPlace:58964,Kløfta stasjon,2026-04-25T12:44:00+02:00,2026-04-25T12:44:00+02:00,,0.0,0,Drammen,VYG:Line:R13,Drammen-Oslo S-Dal,R13,rail,VYG:ServiceJourney:1632_443281-R,True,planned,2026-04-25T11:58:21.163701+02:00
NSR:StopPlace:58964,Kløfta stasjon,2026-04-25T12:49:00+02:00,2026-04-25T12:49:00+02:00,,0.0,0,Herbergåsen,RUT:Line:460,Herbergåsen - Kløfta,460,bus,RUT:ServiceJourney:43a33713429cde9372a1bca67d1b2169,False,planned,2026-04-25T11:58:21.163701+02:00
NSR:StopPlace:58964,Kløfta stasjon,2026-04-25T12:51:00+02:00,2026-04-25T12:51:00+02:00,,0.0,0,Kløfta,RUT:Line:425,Kløfta – Oslo lufthavn,425,bus,RUT:ServiceJourney:a26854fb4f7f719a82ab0cb212a76b24,True,planned,2026-04-25T11:58:21.163701+02:00
NSR:StopPlace:58966,Porsgrunn stasjon,2026-04-25T10:45:00+02:00,2026-04-25T10:46:20+02:00,2026-04-25T10:46:20+02:00,80.0,1,Skien,VYG:Line:RE11,Eidsvoll-Oslo S-Skien,RE11,rail,VYG:ServiceJourney:809_444389-R,True,actual,2026-04-25T11:58:21.163701+02:00
NSR:StopPlace:58966,Porsgrunn stasjon,2026-04-25T11:17:00+02:00,2026-04-25T11:18:46+02:00,2026-04-25T11:18:46+02:00,106.0,1,Eidsvoll,VYG:Line:RE11,Eidsvoll-Oslo S-Skien,RE11,rail,VYG:ServiceJourney:816_444396-R,True,actual,2026-04-25T11:58:21.163701+02:00
NSR:StopPlace:58966,Porsgrunn stasjon,2026-04-25T11:45:00+02:00,2026-04-25T11:46:15+02:00,2026-04-25T11:46:15+02:00,75.0,1,Skien,VYG:Line:RE11,Eidsvoll-Oslo S-Skien,RE11,rail,VYG:ServiceJourney:811_444391-R,True,actual,2026-04-25T11:58:21.163701+02:00
NSR:StopPlace:58966,Porsgrunn stasjon,2026-04-25T12:17:00+02:00,2026-04-25T12:17:00+02:00,,0.0,0,Eidsvoll,VYG:Line:RE11,Eidsvoll-Oslo S-Skien,RE11,rail,VYG:ServiceJourney:818_444398-R,True,planned,2026-04-25T11:58:21.163701+02:00
NSR:StopPlace:58966,Porsgrunn stasjon,2026-04-25T12:45:00+02:00,2026-04-25T12:45:00+02:00,,0.0,0,Skien,VYG:Line:RE11,Eidsvoll-Oslo S-Skien,RE11,rail,VYG:ServiceJourney:813_444393-R,True,planned,2026-04-25T11:58:21.163701+02:00
NSR:StopPlace:58960,Trofors stasjon,2026-04-25T12:48:00+02:00,2026-04-25T12:53:18+02:00,,318.0,1,Bodø,SJN:Line:71,Nordlandsbanen,F7,rail,SJN:ServiceJourney:471-STK_33055-R,True,expected,2026-04-25T11:58:21.163701+02:00
NSR:StopPlace:58971,Mosjøen stasjon,2026-04-25T12:48:00+02:00,2026-04-25T12:49:04+02:00,,64.0,1,Mosjøen,NOR:Line:12_3705,Mosjøen-Sandnessjøen,705,bus,NOR:ServiceJourney:3705_251012124901158_3003,True,expected,2026-04-25T11:58:21.163701+02:00
NSR:StopPlace:58916,Charlottenberg station,2026-04-25T12:30:00+02:00,2026-04-25T12:30:00+02:00,,0.0,0,Kongsvinger,INN:Line:120,Kongsvinger - Charlottenberg,120,bus,INN:ServiceJourney:27450,False,planned,2026-04-25T11:58:21.163701+02:00
NSR:StopPlace:58916,Charlottenberg station,2026-04-25T12:37:00+02:00,2026-04-25T12:37:00+02:00,,0.0,0,Stockholms central,VYG:Line:F1,Oslo S-Kongsvinger--Charlottenberg-Karlstad-Stockholm,F1,rail,VYG:ServiceJourney:8940-LOD_480053-R,True,planned,2026-04-25T11:58:21.163701+02:00
NSR:StopPlace:58917,Marnardal stasjon,2026-04-25T12:11:00+02:00,2026-04-25T12:11:00+02:00,,0.0,0,Marnarkrysset,GOA:Line:50,Sørtoget region,F5,rail,GOA:ServiceJourney:B707-CW_66794-R,False,planned,2026-04-25T11:58:21.163701+02:00
NSR:StopPlace:58917,Marnardal stasjon,2026-04-25T12:20:00+02:00,2026-04-25T12:20:00+02:00,,0.0,0,Marnarkrysset,GOA:Line:50,Sørtoget region,F5,rail,GOA:ServiceJourney:B710-DM_66841-R,False,planned,2026-04-25T11:58:21.163701+02:00
NSR:StopPlace:58918,Nodeland stasjon,2026-04-25T11:19:00+02:00,2026-04-25T11:19:00+02:00,,0.0,0,Rosseland E39,GOA:Line:50,Sørtoget region,F5,rail,GOA:ServiceJourney:B708-D4_66801-R,False,planned,2026-04-25T11:58:21.163701+02:00
NSR:StopPlace:58918,Nodeland stasjon,2026-04-25T12:01:00+02:00,2026-04-25T12:01:00+02:00,,0.0,0,Brennåsen ikke i bruk,GOA:Line:50,Sørtoget region,F5,rail,GOA:ServiceJourney:B707-CV_66793-R,False,planned,2026-04-25T11:58:21.163701+02:00
NSR:StopPlace:58919,Sira stasjon,2026-04-25T10:55:00+02:00,2026-04-25T10:55:00+02:00,,0.0,0,Sirnes E39,GOA:Line:50,Sørtoget region,F5,rail,GOA:ServiceJourney:B705-B2_66755-R,False,planned,2026-04-25T11:58:21.163701+02:00
NSR:StopPlace:58919,Sira stasjon,2026-04-25T10:57:00+02:00,2026-04-25T10:57:00+02:00,,0.0,0,Sirnes E39,GOA:Line:50,Sørtoget region,F5,rail,GOA:ServiceJourney:B710-DH_66836-R,False,planned,2026-04-25T11:58:21.163701+02:00
NSR:StopPlace:58919,Sira stasjon,2026-04-25T11:55:00+02:00,2026-04-25T12:01:07+02:00,,367.0,1,Sira,AKT:Line:260,Flekkefjord - Sira - Moi,260,bus,AKT:ServiceJourney:24816_6021_46_83400_86760_3935561,True,expected,2026-04-25T11:58:21.163701+02:00
NSR:StopPlace:58919,Sira stasjon,2026-04-25T12:06:00+02:00,2026-04-25T12:12:07+02:00,,367.0,1,Flekkefjord,AKT:Line:260,Flekkefjord - Sira - Moi,260,bus,AKT:ServiceJourney:24816_6021_46_83400_86760_3935561,True,expected,2026-04-25T11:58:21.163701+02:00
NSR:StopPlace:58920,Snartemo stasjon,2026-04-25T11:48:00+02:00,2026-04-25T11:48:00+02:00,,0.0,0,"Rom terminal, Lyngdal",GOA:Line:50,Sørtoget region,F5,rail,GOA:ServiceJourney:B710-DL_66840-R,False,planned,2026-04-25T11:58:21.163701+02:00
NSR:StopPlace:58920,Snartemo stasjon,2026-04-25T12:37:00+02:00,2026-04-25T12:37:00+02:00,,0.0,0,"Rom terminal, Lyngdal",GOA:Line:50,Sørtoget region,F5,rail,GOA:ServiceJourney:B707-CX_66795-R,False,planned,2026-04-25T11:58:21.163701+02:00
NSR:StopPlace:58920,Snartemo stasjon,2026-04-25T12:56:00+02:00,2026-04-25T12:56:00+02:00,,0.0,0,Lyngdal,AKT:Line:4111,Lyngdal - Bryggeså,411,bus,AKT:ServiceJourney:14906_6012_14_93120_94920_3935503,False,planned,2026-04-25T11:58:21.163701+02:00
NSR:StopPlace:58921,Vennesla stasjon,2026-04-25T11:11:00+02:00,2026-04-25T11:10:43+02:00,2026-04-25T11:10:43+02:00,-17.0,0,Vennesla - Samkom via Moseidmoen,AKT:Line:1030,Kvadraturen - Mosby - Vennesl,30,bus,AKT:ServiceJourney:52729_1121_55_77400_80160_40001540,True,actual,2026-04-25T11:58:21.163701+02:00
NSR:StopPlace:58921,Vennesla stasjon,2026-04-25T11:10:00+02:00,2026-04-25T11:11:30+02:00,2026-04-25T11:11:30+02:00,90.0,1,Kristiansand via Mosby,AKT:Line:1030,Kvadraturen - Mosby - Vennesl,30,bus,AKT:ServiceJourney:52790_1102_54_77880_80820_40001545,True,actual,2026-04-25T11:58:21.163701+02:00
NSR:StopPlace:58921,Vennesla stasjon,2026-04-25T11:35:00+02:00,2026-04-25T11:36:37+02:00,2026-04-25T11:36:37+02:00,97.0,1,Kristiansand via Baneheitunnelen,AKT:Line:1031,Kvadraturen - Sødal -Vennesla,31,bus,AKT:ServiceJourney:52905_1122_44_81840_84120_40000859,True,actual,2026-04-25T11:58:21.163701+02:00
NSR:StopPlace:58921,Vennesla stasjon,2026-04-25T11:35:00+02:00,2026-04-25T11:38:27+02:00,2026-04-25T11:38:27+02:00,207.0,1,Vennesla - Grovane st.,AKT:Line:1031,Kvadraturen - Sødal -Vennesla,31,bus,AKT:ServiceJourney:52866_1121_42_81000_82860_3950310,True,actual,2026-04-25T11:58:21.163701+02:00
NSR:StopPlace:58921,Vennesla stasjon,2026-04-25T11:39:00+02:00,2026-04-25T11:39:00+02:00,,0.0,0,Kristiansand,GOA:Line:50,Sørtoget region,F5,rail,GOA:ServiceJourney:707-LOD_66603-R,False,planned,2026-04-25T11:58:21.163701+02:00
NSR:StopPlace:58921,Vennesla stasjon,2026-04-25T12:08:00+02:00,2026-04-25T12:08:00+02:00,,0.0,0,Oslo S,GOA:Line:50,Sørtoget region,F5,rail,GOA:ServiceJourney:708-KRS_66612-R,False,planned,2026-04-25T11:58:21.163701+02:00
NSR:StopPlace:58921,Vennesla stasjon,2026-04-25T12:10:00+02:00,2026-04-25T12:10:20+02:00,,20.0,1,Kristiansand via Mosby,AKT:Line:1030,Kvadraturen - Mosby - Vennesl,30,bus,AKT:ServiceJourney:52791_1122_54_85080_88020_40001545,True,expected,2026-04-25T11:58:21.163701+02:00
NSR:StopPlace:58921,Vennesla stasjon,2026-04-25T12:11:00+02:00,2026-04-25T12:11:21+02:00,,21.0,1,Vennesla - Samkom via Moseidmoen,AKT:Line:1030,Kvadraturen - Mosby - Vennesl,30,bus,AKT:ServiceJourney:52730_1141_55_84600_87360_40001540,True,expected,2026-04-25T11:58:21.163701+02:00
NSR:StopPlace:58921,Vennesla stasjon,2026-04-25T12:35:00+02:00,2026-04-25T12:35:00+02:00,,0.0,0,Kristiansand via Baneheitunnelen,AKT:Line:1031,Kvadraturen - Sødal -Vennesla,31,bus,AKT:ServiceJourney:52906_1142_44_89040_91320_40000859,True,planned,2026-04-25T11:58:21.163701+02:00
NSR:StopPlace:58921,Vennesla stasjon,2026-04-25T12:35:00+02:00,2026-04-25T12:35:00+02:00,,0.0,0,Vennesla - Grovane st.,AKT:Line:1031,Kvadraturen - Sødal -Vennesla,31,bus,AKT:ServiceJourney:52867_1141_42_88200_90060_3950310,True,planned,2026-04-25T11:58:21.163701+02:00
NSR:StopPlace:58924,Bryne stasjon,2026-04-25T10:58:00+02:00,2026-04-25T10:58:01+02:00,2026-04-25T10:58:01+02:00,1.0,1,Nærbø,GOA:Line:59,Jærbanen,L5,rail,GOA:ServiceJourney:3026_63060-R,True,actual,2026-04-25T11:58:21.163701+02:00
NSR:StopPlace:58924,Bryne stasjon,2026-04-25T10:58:00+02:00,2026-04-25T10:58:17+02:00,2026-04-25T10:58:17+02:00,17.0,1,Stavanger,GOA:Line:59,Jærbanen,L5,rail,GOA:ServiceJourney:3025_63059-R,True,actual,2026-04-25T11:58:21.163701+02:00
NSR:StopPlace:58924,Bryne stasjon,2026-04-25T11:02:00+02:00,2026-04-25T11:02:17+02:00,2026-04-25T11:02:17+02:00,17.0,1,Lyefjell,KOL:Line:8_2017,50,50,bus,KOL:ServiceJourney:2017_250619122706369_4005,True,actual,2026-04-25T11:58:21.163701+02:00
NSR:StopPlace:58924,Bryne stasjon,2026-04-25T11:20:00+02:00,2026-04-25T11:21:42+02:00,2026-04-25T11:21:42+02:00,102.0,1,Sandnes,KOL:Line:8_2019,52,52,bus,KOL:ServiceJourney:2019_260212125786273_3003,True,actual,2026-04-25T11:58:21.163701+02:00
NSR:StopPlace:58924,Bryne stasjon,2026-04-25T11:28:00+02:00,2026-04-25T11:28:46+02:00,2026-04-25T11:28:46+02:00,46.0,1,Egersund,GOA:Line:59,Jærbanen,L5,rail,GOA:ServiceJourney:3028_63064-R,True,actual,2026-04-25T11:58:21.163701+02:00
NSR:StopPlace:58924,Bryne stasjon,2026-04-25T11:28:00+02:00,2026-04-25T11:28:50+02:00,2026-04-25T11:28:50+02:00,50.0,1,Stavanger,GOA:Line:59,Jærbanen,L5,rail,GOA:ServiceJourney:3027_63062-R,True,actual,2026-04-25T11:58:21.163701+02:00
NSR:StopPlace:58924,Bryne stasjon,2026-04-25T11:32:00+02:00,2026-04-25T11:32:00+02:00,,0.0,0,Krossmoen,GOA:Line:50,Sørtoget region,F5,rail,GOA:ServiceJourney:B712-D9_66865-R,False,planned,2026-04-25T11:58:21.163701+02:00
NSR:StopPlace:58924,Bryne stasjon,2026-04-25T11:32:00+02:00,2026-04-25T11:32:19+02:00,2026-04-25T11:32:19+02:00,19.0,1,Lyefjell,KOL:Line:8_2017,50,50,bus,KOL:ServiceJourney:2017_250619122706370_4006,True,actual,2026-04-25T11:58:21.163701+02:00
NSR:StopPlace:58924,Bryne stasjon,2026-04-25T11:59:00+02:00,2026-04-25T11:59:07+02:00,,7.0,1,Nærbø,GOA:Line:59,Jærbanen,L5,rail,GOA:ServiceJourney:3030_63066-R,True,expected,2026-04-25T11:58:21.163701+02:00
NSR:StopPlace:58924,Bryne stasjon,2026-04-25T12:02:00+02:00,2026-04-25T12:02:10+02:00,,10.0,1,Lyefjell,KOL:Line:8_2017,50,50,bus,KOL:ServiceJourney:2017_250619122706371_4007,True,expected,2026-04-25T11:58:21.163701+02:00
NSR:StopPlace:58924,Bryne stasjon,2026-04-25T11:59:00+02:00,2026-04-25T12:03:20+02:00,,260.0,1,Stavanger,GOA:Line:59,Jærbanen,L5,rail,GOA:ServiceJourney:3029_63065-R,True,expected,2026-04-25T11:58:21.163701+02:00
NSR:StopPlace:58924,Bryne stasjon,2026-04-25T12:26:00+02:00,2026-04-25T12:26:00+02:00,,0.0,0,Stavanger,GOA:Line:59,Jærbanen,L5,rail,GOA:ServiceJourney:3031_63068-R,False,planned,2026-04-25T11:58:21.163701+02:00
NSR:StopPlace:58924,Bryne stasjon,2026-04-25T12:27:00+02:00,2026-04-25T12:27:10+02:00,,10.0,1,Egersund,GOA:Line:59,Jærbanen,L5,rail,GOA:ServiceJourney:3032_63069-R,True,expected,2026-04-25T11:58:21.163701+02:00
NSR:StopPlace:58924,Bryne stasjon,2026-04-25T12:32:00+02:00,2026-04-25T12:32:00+02:00,,0.0,0,Lyefjell,KOL:Line:8_2017,50,50,bus,KOL:ServiceJourney:2017_250619122706372_4008,False,planned,2026-04-25T11:58:21.163701+02:00
NSR:StopPlace:58924,Bryne stasjon,2026-04-25T12:58:00+02:00,2026-04-25T12:58:00+02:00,,0.0,0,Stavanger,GOA:Line:59,Jærbanen,L5,rail,GOA:ServiceJourney:3033_63070-R,False,planned,2026-04-25T11:58:21.163701+02:00
NSR:StopPlace:58924,Bryne stasjon,2026-04-25T12:58:00+02:00,2026-04-25T12:58:00+02:00,,0.0,0,Nærbø,GOA:Line:59,Jærbanen,L5,rail,GOA:ServiceJourney:3034_63071-R,False,planned,2026-04-25T11:58:21.163701+02:00
NSR:StopPlace:58925,Gausel stasjon,2026-04-25T10:38:00+02:00,2026-04-25T10:42:29+02:00,2026-04-25T10:42:29+02:00,269.0,1,Vardenes via UiS-Stavanger,KOL:Line:8_1007,6,6,bus,KOL:ServiceJourney:1007_251210064511557_4009,True,actual,2026-04-25T11:58:21.163701+02:00
NSR:StopPlace:58925,Gausel stasjon,2026-04-25T10:36:00+02:00,2026-04-25T10:44:08+02:00,2026-04-25T10:44:08+02:00,488.0,1,Risavika via Stavanger,KOL:Line:8_1002,2,2,bus,KOL:ServiceJourney:1002_260318130079749_4008,True,actual,2026-04-25T11:58:21.163701+02:00
NSR:StopPlace:58925,Gausel stasjon,2026-04-25T10:49:00+02:00,2026-04-25T10:49:00+02:00,,0.0,0,Sandnes via Varatun,KOL:Line:8_1002,2,2,bus,KOL:ServiceJourney:1002_260318130077385_3007,False,planned,2026-04-25T11:58:21.163701+02:00
NSR:StopPlace:58925,Gausel stasjon,2026-04-25T10:53:00+02:00,2026-04-25T10:53:00+02:00,,0.0,0,Forus,KOL:Line:8_1004,3,3,bus,KOL:ServiceJourney:1004_260319141402127_3009,False,planned,2026-04-25T11:58:21.163701+02:00
NSR:StopPlace:58925,Gausel stasjon,2026-04-25T10:53:00+02:00,2026-04-25T10:55:50+02:00,2026-04-25T10:55:50+02:00,170.0,1,Vardenes via UiS-Stavanger,KOL:Line:8_1007,6,6,bus,KOL:ServiceJourney:1007_251210064511251_4011,True,actual,2026-04-25T11:58:21.163701+02:00
NSR:StopPlace:58925,Gausel stasjon,2026-04-25T10:55:00+02:00,2026-04-25T10:57:33+02:00,2026-04-25T10:57:33+02:00,153.0,1,Viste Hageby via Stavanger,KOL:Line:8_1004,3,3,bus,KOL:ServiceJourney:1004_260319141403537_4010,True,actual,2026-04-25T11:58:21.163701+02:00
NSR:StopPlace:58925,Gausel stasjon,2026-04-25T10:59:00+02:00,2026-04-25T10:59:26+02:00,2026-04-25T10:59:26+02:00,26.0,1,Sandnes,KOL:Line:8_1007,6,6,bus,KOL:ServiceJourney:1007_251210064509874_3008,True,actual,2026-04-25T11:58:21.163701+02:00
NSR:StopPlace:58925,Gausel stasjon,2026-04-25T11:05:00+02:00,2026-04-25T11:05:03+02:00,2026-04-25T11:05:03+02:00,3.0,1,Egersund,GOA:Line:59,Jærbanen,L5,rail,GOA:ServiceJourney:3028_63064-R,True,actual,2026-04-25T11:58:21.163701+02:00
NSR:StopPlace:58925,Gausel stasjon,2026-04-25T11:08:00+02:00,2026-04-25T11:08:00+02:00,,0.0,0,Forus,KOL:Line:8_1004,3,3,bus,KOL:ServiceJourney:1004_260319141402130_3010,False,planned,2026-04-25T11:58:21.163701+02:00
NSR:StopPlace:58925,Gausel stasjon,2026-04-25T11:06:00+02:00,2026-04-25T11:10:10+02:00,2026-04-25T11:10:10+02:00,250.0,1,Risavika via Stavanger,KOL:Line:8_1002,2,2,bus,KOL:ServiceJourney:1002_260318130079204_4009,True,actual,2026-04-25T11:58:21.163701+02:00
NSR:StopPlace:58925,Gausel stasjon,2026-04-25T11:14:00+02:00,2026-04-25T11:12:57+02:00,2026-04-25T11:12:57+02:00,-63.0,0,Sandnes,KOL:Line:8_1007,6,6,bus,KOL:ServiceJourney:1007_251210064510212_3010,True,actual,2026-04-25T11:58:21.163701+02:00
NSR:StopPlace:58925,Gausel stasjon,2026-04-25T11:10:00+02:00,2026-04-25T11:13:15+02:00,2026-04-25T11:13:15+02:00,195.0,1,Viste Hageby via Stavanger,KOL:Line:8_1004,3,3,bus,KOL:ServiceJourney:1004_260319141403541_4011,True,actual,2026-04-25T11:58:21.163701+02:00
NSR:StopPlace:58925,Gausel stasjon,2026-04-25T11:08:00+02:00,2026-04-25T11:16:23+02:00,2026-04-25T11:16:23+02:00,503.0,1,Vardenes via UiS-Stavanger,KOL:Line:8_1007,6,6,bus,KOL:ServiceJourney:1007_251210064511561_4012,True,actual,2026-04-25T11:58:21.163701+02:00
NSR:StopPlace:58925,Gausel stasjon,2026-04-25T11:19:00+02:00,2026-04-25T11:19:00+02:00,,0.0,0,Sandnes via Smeaheia,KOL:Line:8_1002,2,2,bus,KOL:ServiceJourney:1002_260318130078089_3008,False,planned,2026-04-25T11:58:21.163701+02:00
NSR:StopPlace:58925,Gausel stasjon,2026-04-25T11:19:00+02:00,2026-04-25T11:19:39+02:00,2026-04-25T11:19:39+02:00,39.0,1,Stavanger,GOA:Line:59,Jærbanen,L5,rail,GOA:ServiceJourney:3025_63059-R,True,actual,2026-04-25T11:58:21.163701+02:00
NSR:StopPlace:58925,Gausel stasjon,2026-04-25T11:23:00+02:00,2026-04-25T11:23:00+02:00,,0.0,0,Forus,KOL:Line:8_1004,3,3,bus,KOL:ServiceJourney:1004_260319141402133_3011,False,planned,2026-04-25T11:58:21.163701+02:00
NSR:StopPlace:58925,Gausel stasjon,2026-04-25T11:21:00+02:00,2026-04-25T11:23:31+02:00,2026-04-25T11:23:31+02:00,151.0,1,Risavika via Stavanger,KOL:Line:8_1002,2,2,bus,KOL:ServiceJourney:1002_260318130079753_4010,True,actual,2026-04-25T11:58:21.163701+02:00
NSR:StopPlace:58925,Gausel stasjon,2026-04-25T11:25:00+02:00,2026-04-25T11:27:11+02:00,2026-04-25T11:27:11+02:00,131.0,1,Viste Hageby via Stavanger,KOL:Line:8_1004,3,3,bus,KOL:ServiceJourney:1004_260319141403544_4012,True,actual,2026-04-25T11:58:21.163701+02:00
NSR:StopPlace:58925,Gausel stasjon,2026-04-25T11:29:00+02:00,2026-04-25T11:28:09+02:00,2026-04-25T11:28:09+02:00,-51.0,0,Sandnes,KOL:Line:8_1007,6,6,bus,KOL:ServiceJourney:1007_251210064509877_3011,True,actual,2026-04-25T11:58:21.163701+02:00
NSR:StopPlace:58925,Gausel stasjon,2026-04-25T11:23:00+02:00,2026-04-25T11:30:39+02:00,2026-04-25T11:30:39+02:00,459.0,1,Vardenes via UiS-Stavanger,KOL:Line:8_1007,6,6,bus,KOL:ServiceJourney:1007_251210064511255_4014,True,actual,2026-04-25T11:58:21.163701+02:00
NSR:StopPlace:58925,Gausel stasjon,2026-04-25T11:35:00+02:00,2026-04-25T11:35:01+02:00,2026-04-25T11:35:01+02:00,1.0,1,Nærbø,GOA:Line:59,Jærbanen,L5,rail,GOA:ServiceJourney:3030_63066-R,True,actual,2026-04-25T11:58:21.163701+02:00
NSR:StopPlace:58925,Gausel stasjon,2026-04-25T11:36:00+02:00,2026-04-25T11:36:00+02:00,,0.0,0,Risavika via Stavanger,KOL:Line:8_1002,2,2,bus,KOL:ServiceJourney:1002_260318130079208_4011,False,planned,2026-04-25T11:58:21.163701+02:00
NSR:StopPlace:58925,Gausel stasjon,2026-04-25T11:38:00+02:00,2026-04-25T11:38:00+02:00,,0.0,0,Forus,KOL:Line:8_1004,3,3,bus,KOL:ServiceJourney:1004_260319141402136_3012,False,planned,2026-04-25T11:58:21.163701+02:00
NSR:StopPlace:58925,Gausel stasjon,2026-04-25T11:38:00+02:00,2026-04-25T11:40:00+02:00,2026-04-25T11:40:00+02:00,120.0,1,Vardenes via UiS-Stavanger,KOL:Line:8_1007,6,6,bus,KOL:ServiceJourney:1007_251210064511565_4015,True,actual,2026-04-25T11:58:21.163701+02:00
NSR:StopPlace:58925,Gausel stasjon,2026-04-25T11:40:00+02:00,2026-04-25T11:43:03+02:00,,183.0,1,Viste Hageby via Stavanger,KOL:Line:8_1004,3,3,bus,KOL:ServiceJourney:1004_260319141403547_4013,True,expected,2026-04-25T11:58:21.163701+02:00
NSR:StopPlace:58925,Gausel stasjon,2026-04-25T11:49:00+02:00,2026-04-25T11:49:00+02:00,,0.0,0,Sandnes via Varatun,KOL:Line:8_1002,2,2,bus,KOL:ServiceJourney:1002_260318130077389_3009,False,planned,2026-04-25T11:58:21.163701+02:00
NSR:StopPlace:58925,Gausel stasjon,2026-04-25T11:49:00+02:00,2026-04-25T11:49:01+02:00,2026-04-25T11:49:01+02:00,1.0,1,Stavanger,GOA:Line:59,Jærbanen,L5,rail,GOA:ServiceJourney:3027_63062-R,True,actual,2026-04-25T11:58:21.163701+02:00
NSR:StopPlace:58925,Gausel stasjon,2026-04-25T11:51:00+02:00,2026-04-25T11:51:00+02:00,,0.0,0,Risavika via Stavanger,KOL:Line:8_1002,2,2,bus,KOL:ServiceJourney:1002_260318130079758_4012,False,planned,2026-04-25T11:58:21.163701+02:00
NSR:StopPlace:58925,Gausel stasjon,2026-04-25T11:44:00+02:00,2026-04-25T11:51:19+02:00,2026-04-25T11:51:19+02:00,439.0,1,Sandnes,KOL:Line:8_1007,6,6,bus,KOL:ServiceJourney:1007_251210064510215_3013,True,actual,2026-04-25T11:58:21.163701+02:00
NSR:StopPlace:58925,Gausel stasjon,2026-04-25T11:53:00+02:00,2026-04-25T11:53:00+02:00,,0.0,0,Forus,KOL:Line:8_1004,3,3,bus,KOL:ServiceJourney:1004_260319141402139_3013,False,planned,2026-04-25T11:58:21.163701+02:00
NSR:StopPlace:58925,Gausel stasjon,2026-04-25T11:59:00+02:00,2026-04-25T11:56:11+02:00,2026-04-25T11:56:11+02:00,-169.0,0,Sandnes,KOL:Line:8_1007,6,6,bus,KOL:ServiceJourney:1007_251210064509881_3014,True,actual,2026-04-25T11:58:21.163701+02:00
NSR:StopPlace:58925,Gausel stasjon,2026-04-25T11:55:00+02:00,2026-04-25T11:56:57+02:00,,117.0,1,Viste Hageby via Stavanger,KOL:Line:8_1004,3,3,bus,KOL:ServiceJourney:1004_260319141403551_4014,True,expected,2026-04-25T11:58:21.163701+02:00
NSR:StopPlace:58925,Gausel stasjon,2026-04-25T11:53:00+02:00,2026-04-25T12:04:23+02:00,,683.0,1,Vardenes via UiS-Stavanger,KOL:Line:8_1007,6,6,bus,KOL:ServiceJourney:1007_251210064511258_4017,True,expected,2026-04-25T11:58:21.163701+02:00
NSR:StopPlace:58925,Gausel stasjon,2026-04-25T12:05:00+02:00,2026-04-25T12:05:10+02:00,,10.0,1,Egersund,GOA:Line:59,Jærbanen,L5,rail,GOA:ServiceJourney:3032_63069-R,True,expected,2026-04-25T11:58:21.163701+02:00
NSR:StopPlace:58925,Gausel stasjon,2026-04-25T12:06:00+02:00,2026-04-25T12:06:00+02:00,,0.0,0,Risavika via Stavanger,KOL:Line:8_1002,2,2,bus,KOL:ServiceJourney:1002_260318130079211_4013,False,planned,2026-04-25T11:58:21.163701+02:00
NSR:StopPlace:58925,Gausel stasjon,2026-04-25T12:08:00+02:00,2026-04-25T12:08:00+02:00,,0.0,0,Forus,KOL:Line:8_1004,3,3,bus,KOL:ServiceJourney:1004_260319141402142_3014,False,planned,2026-04-25T11:58:21.163701+02:00
NSR:StopPlace:58925,Gausel stasjon,2026-04-25T12:10:00+02:00,2026-04-25T12:10:00+02:00,,0.0,0,Viste Hageby via Stavanger,KOL:Line:8_1004,3,3,bus,KOL:ServiceJourney:1004_260319141403554_4015,False,planned,2026-04-25T11:58:21.163701+02:00
NSR:StopPlace:58925,Gausel stasjon,2026-04-25T12:08:00+02:00,2026-04-25T12:11:44+02:00,,224.0,1,Vardenes via UiS-Stavanger,KOL:Line:8_1007,6,6,bus,KOL:ServiceJourney:1007_251210064511568_4018,True,expected,2026-04-25T11:58:21.163701+02:00
NSR:StopPlace:58925,Gausel stasjon,2026-04-25T12:14:00+02:00,2026-04-25T12:13:14+02:00,,-46.0,0,Sandnes,KOL:Line:8_1007,6,6,bus,KOL:ServiceJourney:1007_251210064510218_3016,True,expected,2026-04-25T11:58:21.163701+02:00
NSR:StopPlace:58925,Gausel stasjon,2026-04-25T12:19:00+02:00,2026-04-25T12:19:00+02:00,,0.0,0,Sandnes via Varatun,KOL:Line:8_1002,2,2,bus,KOL:ServiceJourney:1002_260318130077392_3010,False,planned,2026-04-25T11:58:21.163701+02:00
NSR:StopPlace:58925,Gausel stasjon,2026-04-25T12:21:00+02:00,2026-04-25T12:21:00+02:00,,0.0,0,Risavika via Stavanger,KOL:Line:8_1002,2,2,bus,KOL:ServiceJourney:1002_260318130079762_4014,False,planned,2026-04-25T11:58:21.163701+02:00
NSR:StopPlace:58925,Gausel stasjon,2026-04-25T12:23:00+02:00,2026-04-25T12:23:00+02:00,,0.0,0,Forus,KOL:Line:8_1004,3,3,bus,KOL:ServiceJourney:1004_260319141402145_3015,False,planned,2026-04-25T11:58:21.163701+02:00
NSR:StopPlace:58925,Gausel stasjon,2026-04-25T12:23:00+02:00,2026-04-25T12:23:00+02:00,,0.0,0,Vardenes via UiS-Stavanger,KOL:Line:8_1007,6,6,bus,KOL:ServiceJourney:1007_251210064511261_4020,False,planned,2026-04-25T11:58:21.163701+02:00
NSR:StopPlace:58925,Gausel stasjon,2026-04-25T12:19:00+02:00,2026-04-25T12:23:20+02:00,,260.0,1,Stavanger,GOA:Line:59,Jærbanen,L5,rail,GOA:ServiceJourney:3029_63065-R,True,expected,2026-04-25T11:58:21.163701+02:00
NSR:StopPlace:58925,Gausel stasjon,2026-04-25T12:25:00+02:00,2026-04-25T12:25:00+02:00,,0.0,0,Viste Hageby via Stavanger,KOL:Line:8_1004,3,3,bus,KOL:ServiceJourney:1004_260319141403557_4016,False,planned,2026-04-25T11:58:21.163701+02:00
NSR:StopPlace:58925,Gausel stasjon,2026-04-25T12:29:00+02:00,2026-04-25T12:27:59+02:00,,-61.0,0,Sandnes,KOL:Line:8_1007,6,6,bus,KOL:ServiceJourney:1007_251210064509884_3017,True,expected,2026-04-25T11:58:21.163701+02:00
NSR:StopPlace:58925,Gausel stasjon,2026-04-25T12:34:00+02:00,2026-04-25T12:34:00+02:00,,0.0,0,Sandnes via Smeaheia,KOL:Line:8_1002,2,2,bus,KOL:ServiceJourney:1002_260318130078093_3011,False,planned,2026-04-25T11:58:21.163701+02:00
NSR:StopPlace:58925,Gausel stasjon,2026-04-25T12:35:00+02:00,2026-04-25T12:35:00+02:00,,0.0,0,Nærbø,GOA:Line:59,Jærbanen,L5,rail,GOA:ServiceJourney:3034_63071-R,False,planned,2026-04-25T11:58:21.163701+02:00
NSR:StopPlace:58925,Gausel stasjon,2026-04-25T12:36:00+02:00,2026-04-25T12:36:00+02:00,,0.0,0,Risavika via Stavanger,KOL:Line:8_1002,2,2,bus,KOL:ServiceJourney:1002_260318130079215_4015,False,planned,2026-04-25T11:58:21.163701+02:00
NSR:StopPlace:58925,Gausel stasjon,2026-04-25T12:38:00+02:00,2026-04-25T12:38:00+02:00,,0.0,0,Forus,KOL:Line:8_1004,3,3,bus,KOL:ServiceJourney:1004_260319141402149_3016,False,planned,2026-04-25T11:58:21.163701+02:00
NSR:StopPlace:58926,Dale stasjon,2026-04-25T10:55:00+02:00,2026-04-25T10:55:00+02:00,,0.0,0,Bergen,VYG:Line:R40,Bergen-Voss-Myrdal-Ål,R40,rail,VYG:ServiceJourney:BUS-1817_538859-R,False,planned,2026-04-25T11:58:21.163701+02:00
NSR:StopPlace:58926,Dale stasjon,2026-04-25T11:35:00+02:00,2026-04-25T11:33:07+02:00,2026-04-25T11:33:07+02:00,-113.0,0,Voss,VYG:Line:R40,Bergen-Voss-Myrdal-Ål,R40,rail,VYG:ServiceJourney:BUS-1812_538851-R,True,actual,2026-04-25T11:58:21.163701+02:00
NSR:StopPlace:58926,Dale stasjon,2026-04-25T11:35:00+02:00,2026-04-25T11:41:01+02:00,2026-04-25T11:41:01+02:00,361.0,1,Voss,VYG:Line:R40,Bergen-Voss-Myrdal-Ål,R40,rail,VYG:ServiceJourney:9a3c73c4-d4ac-483b-9df2-c53a41d5004d-1812-2026-04-25-0,True,actual,2026-04-25T11:58:21.163701+02:00
NSR:StopPlace:58926,Dale stasjon,2026-04-25T12:06:00+02:00,2026-04-25T12:06:00+02:00,,0.0,0,Bergen,VYG:Line:R40,Bergen-Voss-Myrdal-Ål,R40,rail,VYG:ServiceJourney:BUS-1819_538865-R,False,planned,2026-04-25T11:58:21.163701+02:00
NSR:StopPlace:58926,Dale stasjon,2026-04-25T12:44:00+02:00,2026-04-25T12:44:00+02:00,,0.0,0,Voss,VYG:Line:F4,Oslo S-Bergen,F4,rail,VYG:ServiceJourney:BUS-602_539338-R,False,planned,2026-04-25T11:58:21.163701+02:00
NSR:StopPlace:58926,Dale stasjon,2026-04-25T12:44:00+02:00,2026-04-25T12:44:00+02:00,,0.0,0,Oslo S,VYG:Line:F4,Oslo S-Bergen,F4,rail,VYG:ServiceJourney:BUS-602_539340-R,False,planned,2026-04-25T11:58:21.163701+02:00
NSR:StopPlace:58927,Flåm stasjon,2026-04-25T10:50:00+02:00,2026-04-25T10:50:00+02:00,2026-04-25T10:50:00+02:00,0.0,0,Myrdal,VYG:Line:R45,Myrdal-Flåm,R45,rail,VYG:ServiceJourney:1856_465775-R,True,actual,2026-04-25T11:58:21.163701+02:00
NSR:StopPlace:58927,Flåm stasjon,2026-04-25T10:45:00+02:00,2026-04-25T10:55:58+02:00,,658.0,1,Oslo S,VYG:Line:F4,Oslo S-Bergen,F4,rail,VYG:ServiceJourney:BUS-62_539351-R,True,expected,2026-04-25T11:58:21.163701+02:00
NSR:StopPlace:58927,Flåm stasjon,2026-04-25T11:15:00+02:00,2026-04-25T11:15:00+02:00,,0.0,0,Gudvangen,NWB:Line:fe413f4b-8db5-4880-904a-e7540d67fe81,Flåm-Gudvangen Shuttle,,bus,NWB:ServiceJourney:1432d4ee-a489-415c-81f3-3a0929e2338e,False,planned,2026-04-25T11:58:21.163701+02:00
NSR:StopPlace:58927,Flåm stasjon,2026-04-25T11:31:00+02:00,2026-04-25T11:31:00+02:00,,0.0,0,Sogndal,NWY:Line:a54659a0-4839-5c3c-909b-9d9da089554e,Sognefjordekspressen,NW420,coach,NWY:ServiceJourney:4b00a629-559c-53ab-868a-92d34c3f742a,False,planned,2026-04-25T11:58:21.163701+02:00
NSR:StopPlace:58927,Flåm stasjon,2026-04-25T12:00:00+02:00,2026-04-25T12:00:00+02:00,,0.0,0,Stegastein,NWB:Line:44942bdc-34ea-401b-ac9d-0561e8b56621,Stegastein viewpoint & Mt. Prest,,bus,NWB:ServiceJourney:afeb51dc-9363-40ad-8fbd-a1b8d9e82b50,False,planned,2026-04-25T11:58:21.163701+02:00
NSR:StopPlace:58927,Flåm stasjon,2026-04-25T12:00:00+02:00,2026-04-25T12:00:00+02:00,,0.0,0,Lillehammer,VYX:Line:31,VY450 Bergen-Fagernes-Oslo,VY450,coach,VYX:ServiceJourney:e2499a8f4dcec8a0f46cb4077bc0117f151ce52f,False,planned,2026-04-25T11:58:21.163701+02:00
NSR:StopPlace:58927,Flåm stasjon,2026-04-25T12:10:00+02:00,2026-04-25T12:10:00+02:00,,0.0,0,Myrdal,VYG:Line:R45,Myrdal-Flåm,R45,rail,VYG:ServiceJourney:1858_465777-R,True,planned,2026-04-25T11:58:21.163701+02:00
NSR:StopPlace:58927,Flåm stasjon,2026-04-25T12:58:00+02:00,2026-04-25T12:58:00+02:00,,0.0,0,Bergen,VYG:Line:F4,Oslo S-Bergen,F4,rail,VYG:ServiceJourney:BUS-61_539346-R,True,planned,2026-04-25T11:58:21.163701+02:00
NSR:StopPlace:58930,Larvik stasjon,2026-04-25T10:41:00+02:00,2026-04-25T10:43:31+02:00,2026-04-25T10:43:31+02:00,151.0,1,Gon,VKT:Line:210,Gon-Larvik-Nordbyen,210,bus,VKT:ServiceJourney:88878,True,actual,2026-04-25T11:58:21.163701+02:00
NSR:StopPlace:58930,Larvik stasjon,2026-04-25T10:47:00+02:00,2026-04-25T10:47:00+02:00,,0.0,0,Stavern-Kysthospitalet,VKT:Line:4,Torp-Sandefjord-Larvik-Stavern,4,bus,VKT:ServiceJourney:88629,False,planned,2026-04-25T11:58:21.163701+02:00
NSR:StopPlace:58930,Larvik stasjon,2026-04-25T10:52:00+02:00,2026-04-25T10:53:00+02:00,2026-04-25T10:53:00+02:00,60.0,1,Nevlunghavn,VKT:Line:208,Hagalia-Nevlunghavn,208,bus,VKT:ServiceJourney:88745,True,actual,2026-04-25T11:58:21.163701+02:00
NSR:StopPlace:58930,Larvik stasjon,2026-04-25T11:00:00+02:00,2026-04-25T11:00:25+02:00,2026-04-25T11:00:25+02:00,25.0,1,Larvik-Hagalia,VKT:Line:208,Hagalia-Nevlunghavn,208,bus,VKT:ServiceJourney:88782,True,actual,2026-04-25T11:58:21.163701+02:00
NSR:StopPlace:58930,Larvik stasjon,2026-04-25T11:02:00+02:00,2026-04-25T11:03:59+02:00,2026-04-25T11:03:59+02:00,119.0,1,Larvik-Sandefjord,VKT:Line:3,Busk-Sandefjord-Larvik-Veldre,3,bus,VKT:ServiceJourney:88301,True,actual,2026-04-25T11:58:21.163701+02:00
NSR:StopPlace:58930,Larvik stasjon,2026-04-25T11:07:00+02:00,2026-04-25T11:07:21+02:00,2026-04-25T11:07:21+02:00,21.0,1,Hagalia,VKT:Line:208,Hagalia-Nevlunghavn,208,bus,VKT:ServiceJourney:88782,True,actual,2026-04-25T11:58:21.163701+02:00
NSR:StopPlace:58930,Larvik stasjon,2026-04-25T11:07:00+02:00,2026-04-25T11:07:44+02:00,,44.0,1,Veldre,VKT:Line:3,Busk-Sandefjord-Larvik-Veldre,3,bus,VKT:ServiceJourney:88232,True,expected,2026-04-25T11:58:21.163701+02:00
NSR:StopPlace:58930,Larvik stasjon,2026-04-25T11:26:00+02:00,2026-04-25T11:26:54+02:00,,54.0,1,Larvik-Sandefjord,VKT:Line:4,Torp-Sandefjord-Larvik-Stavern,4,bus,VKT:ServiceJourney:88692,True,expected,2026-04-25T11:58:21.163701+02:00
NSR:StopPlace:58930,Larvik stasjon,2026-04-25T11:32:00+02:00,2026-04-25T11:32:43+02:00,2026-04-25T11:32:43+02:00,43.0,1,Eidsvoll,VYG:Line:RE11,Eidsvoll-Oslo S-Skien,RE11,rail,VYG:ServiceJourney:816_444396-R,True,actual,2026-04-25T11:58:21.163701+02:00
NSR:StopPlace:58930,Larvik stasjon,2026-04-25T11:33:00+02:00,2026-04-25T11:33:21+02:00,2026-04-25T11:33:21+02:00,21.0,1,Skien,VYG:Line:RE11,Eidsvoll-Oslo S-Skien,RE11,rail,VYG:ServiceJourney:811_444391-R,True,actual,2026-04-25T11:58:21.163701+02:00
NSR:StopPlace:58930,Larvik stasjon,2026-04-25T11:32:00+02:00,2026-04-25T11:34:00+02:00,2026-04-25T11:34:00+02:00,120.0,1,Larvik-Sandefjord,VKT:Line:3,Busk-Sandefjord-Larvik-Veldre,3,bus,VKT:ServiceJourney:88302,True,actual,2026-04-25T11:58:21.163701+02:00
NSR:StopPlace:58930,Larvik stasjon,2026-04-25T11:37:00+02:00,2026-04-25T11:37:00+02:00,,0.0,0,Veldre,VKT:Line:3,Busk-Sandefjord-Larvik-Veldre,3,bus,VKT:ServiceJourney:88233,True,planned,2026-04-25T11:58:21.163701+02:00
NSR:StopPlace:58930,Larvik stasjon,2026-04-25T11:41:00+02:00,2026-04-25T11:42:54+02:00,2026-04-25T11:42:54+02:00,114.0,1,Gon,VKT:Line:210,Gon-Larvik-Nordbyen,210,bus,VKT:ServiceJourney:88879,True,actual,2026-04-25T11:58:21.163701+02:00
NSR:StopPlace:58930,Larvik stasjon,2026-04-25T11:47:00+02:00,2026-04-25T11:47:00+02:00,,0.0,0,Stavern-Kysthospitalet,VKT:Line:4,Torp-Sandefjord-Larvik-Stavern,4,bus,VKT:ServiceJourney:88630,True,planned,2026-04-25T11:58:21.163701+02:00
NSR:StopPlace:58930,Larvik stasjon,2026-04-25T11:52:00+02:00,2026-04-25T11:53:15+02:00,2026-04-25T11:53:15+02:00,75.0,1,Nevlunghavn,VKT:Line:208,Hagalia-Nevlunghavn,208,bus,VKT:ServiceJourney:88746,True,actual,2026-04-25T11:58:21.163701+02:00
NSR:StopPlace:58930,Larvik stasjon,2026-04-25T12:00:00+02:00,2026-04-25T12:02:35+02:00,,155.0,1,Larvik-Hagalia,VKT:Line:208,Hagalia-Nevlunghavn,208,bus,VKT:ServiceJourney:88783,True,expected,2026-04-25T11:58:21.163701+02:00
NSR:StopPlace:58930,Larvik stasjon,2026-04-25T12:02:00+02:00,2026-04-25T12:04:53+02:00,,173.0,1,Larvik-Sandefjord,VKT:Line:3,Busk-Sandefjord-Larvik-Veldre,3,bus,VKT:ServiceJourney:88303,True,expected,2026-04-25T11:58:21.163701+02:00
NSR:StopPlace:58930,Larvik stasjon,2026-04-25T12:07:00+02:00,2026-04-25T12:07:35+02:00,,35.0,1,Hagalia,VKT:Line:208,Hagalia-Nevlunghavn,208,bus,VKT:ServiceJourney:88783,True,expected,2026-04-25T11:58:21.163701+02:00
NSR:StopPlace:58930,Larvik stasjon,2026-04-25T12:07:00+02:00,2026-04-25T12:11:05+02:00,,245.0,1,Veldre,VKT:Line:3,Busk-Sandefjord-Larvik-Veldre,3,bus,VKT:ServiceJourney:88234,True,expected,2026-04-25T11:58:21.163701+02:00
NSR:StopPlace:58930,Larvik stasjon,2026-04-25T12:26:00+02:00,2026-04-25T12:26:00+02:00,,0.0,0,Larvik-Sandefjord,VKT:Line:4,Torp-Sandefjord-Larvik-Stavern,4,bus,VKT:ServiceJourney:88693,False,planned,2026-04-25T11:58:21.163701+02:00
NSR:StopPlace:58930,Larvik stasjon,2026-04-25T12:32:00+02:00,2026-04-25T12:32:00+02:00,,0.0,0,Eidsvoll,VYG:Line:RE11,Eidsvoll-Oslo S-Skien,RE11,rail,VYG:ServiceJourney:818_444398-R,True,planned,2026-04-25T11:58:21.163701+02:00
NSR:StopPlace:58930,Larvik stasjon,2026-04-25T12:32:00+02:00,2026-04-25T12:32:00+02:00,,0.0,0,Larvik-Sandefjord,VKT:Line:3,Busk-Sandefjord-Larvik-Veldre,3,bus,VKT:ServiceJourney:88304,False,planned,2026-04-25T11:58:21.163701+02:00
NSR:StopPlace:58930,Larvik stasjon,2026-04-25T12:33:00+02:00,2026-04-25T12:33:00+02:00,,0.0,0,Skien,VYG:Line:RE11,Eidsvoll-Oslo S-Skien,RE11,rail,VYG:ServiceJourney:813_444393-R,True,planned,2026-04-25T11:58:21.163701+02:00
NSR:StopPlace:58930,Larvik stasjon,2026-04-25T12:37:00+02:00,2026-04-25T12:37:00+02:00,,0.0,0,Veldre,VKT:Line:3,Busk-Sandefjord-Larvik-Veldre,3,bus,VKT:ServiceJourney:88235,True,planned,2026-04-25T11:58:21.163701+02:00
NSR:StopPlace:58930,Larvik stasjon,2026-04-25T12:41:00+02:00,2026-04-25T12:41:00+02:00,,0.0,0,Gon,VKT:Line:210,Gon-Larvik-Nordbyen,210,bus,VKT:ServiceJourney:88880,False,planned,2026-04-25T11:58:21.163701+02:00
NSR:StopPlace:58930,Larvik stasjon,2026-04-25T12:47:00+02:00,2026-04-25T12:47:00+02:00,,0.0,0,Stavern-Kysthospitalet,VKT:Line:4,Torp-Sandefjord-Larvik-Stavern,4,bus,VKT:ServiceJourney:88631,True,planned,2026-04-25T11:58:21.163701+02:00
NSR:StopPlace:58930,Larvik stasjon,2026-04-25T12:52:00+02:00,2026-04-25T12:52:00+02:00,,0.0,0,Nevlunghavn,VKT:Line:208,Hagalia-Nevlunghavn,208,bus,VKT:ServiceJourney:88747,False,planned,2026-04-25T11:58:21.163701+02:00
NSR:StopPlace:58931,Fannrem stasjon,2026-04-25T10:55:00+02:00,2026-04-25T10:55:46+02:00,2026-04-25T10:55:46+02:00,46.0,1,Trondheim S via Orkanger skysst.,ATB:Line:2_310,Trondheim - Orkanger - Fannrem,310,bus,ATB:ServiceJourney:310_250212077045255_6011,True,actual,2026-04-25T11:58:21.163701+02:00
NSR:StopPlace:58931,Fannrem stasjon,2026-04-25T11:10:00+02:00,2026-04-25T11:11:03+02:00,2026-04-25T11:11:03+02:00,63.0,1,Trondheim S via fv. 800,ATB:Line:2_410,Trondheim - Orkanger - (Fannrem) via fv. 800,410,bus,ATB:ServiceJourney:410_250212077044904_6005,True,actual,2026-04-25T11:58:21.163701+02:00
NSR:StopPlace:58931,Fannrem stasjon,2026-04-25T11:55:00+02:00,2026-04-25T11:55:35+02:00,2026-04-25T11:55:35+02:00,35.0,1,Trondheim S via Orkanger skysst.,ATB:Line:2_310,Trondheim - Orkanger - Fannrem,310,bus,ATB:ServiceJourney:310_250212077044816_6007,True,actual,2026-04-25T11:58:21.163701+02:00
NSR:StopPlace:58931,Fannrem stasjon,2026-04-25T12:10:00+02:00,2026-04-25T12:10:00+02:00,,0.0,0,Trondheim S via fv. 800,ATB:Line:2_410,Trondheim - Orkanger - (Fannrem) via fv. 800,410,bus,ATB:ServiceJourney:410_250212077045248_6017,False,planned,2026-04-25T11:58:21.163701+02:00
NSR:StopPlace:58932,Hommelvik stasjon,2026-04-25T10:44:00+02:00,2026-04-25T10:44:00+02:00,,0.0,0,Skatval,SJN:Line:26,Trønderbanen,R70,rail,SJN:ServiceJourney:431-STOe_50201-R,False,planned,2026-04-25T11:58:21.163701+02:00
NSR:StopPlace:58932,Hommelvik stasjon,2026-04-25T10:52:00+02:00,2026-04-25T10:54:21+02:00,2026-04-25T10:54:21+02:00,141.0,1,Marienborg via Brattøra,ATB:Line:2_70,Stjørdal/Hommelvik- Trondheim,70,bus,ATB:ServiceJourney:70_250131110659236_6030,True,actual,2026-04-25T11:58:21.163701+02:00
NSR:StopPlace:58932,Hommelvik stasjon,2026-04-25T11:02:00+02:00,2026-04-25T11:05:15+02:00,2026-04-25T11:05:15+02:00,195.0,1,Stjørdal stasjon,ATB:Line:2_70,Stjørdal/Hommelvik- Trondheim,70,bus,ATB:ServiceJourney:70_250131110659313_6019,True,actual,2026-04-25T11:58:21.163701+02:00
NSR:StopPlace:58932,Hommelvik stasjon,2026-04-25T11:12:00+02:00,2026-04-25T11:12:14+02:00,2026-04-25T11:12:14+02:00,14.0,1,Ler,SJN:Line:26,Trønderbanen,R70,rail,SJN:ServiceJourney:430-SKV_50200-R,True,actual,2026-04-25T11:58:21.163701+02:00
NSR:StopPlace:58932,Hommelvik stasjon,2026-04-25T11:12:00+02:00,2026-04-25T11:13:39+02:00,2026-04-25T11:13:39+02:00,99.0,1,Marienborg via Brattøra,ATB:Line:2_70,Stjørdal/Hommelvik- Trondheim,70,bus,ATB:ServiceJourney:70_250131110659202_6032,True,actual,2026-04-25T11:58:21.163701+02:00
NSR:StopPlace:58932,Hommelvik stasjon,2026-04-25T11:22:00+02:00,2026-04-25T11:25:58+02:00,2026-04-25T11:25:58+02:00,238.0,1,Muruvik,ATB:Line:2_70,Stjørdal/Hommelvik- Trondheim,70,bus,ATB:ServiceJourney:70_250131110659258_6023,True,actual,2026-04-25T11:58:21.163701+02:00
NSR:StopPlace:58932,Hommelvik stasjon,2026-04-25T11:32:00+02:00,2026-04-25T11:33:41+02:00,2026-04-25T11:33:41+02:00,101.0,1,Marienborg via Brattøra,ATB:Line:2_70,Stjørdal/Hommelvik- Trondheim,70,bus,ATB:ServiceJourney:70_250131110659127_6036,True,actual,2026-04-25T11:58:21.163701+02:00
NSR:StopPlace:58932,Hommelvik stasjon,2026-04-25T11:44:00+02:00,2026-04-25T11:44:00+02:00,,0.0,0,Skatval,SJN:Line:26,Trønderbanen,R70,rail,SJN:ServiceJourney:433-LMO_50206-R,False,planned,2026-04-25T11:58:21.163701+02:00
NSR:StopPlace:58932,Hommelvik stasjon,2026-04-25T11:42:00+02:00,2026-04-25T11:44:27+02:00,2026-04-25T11:44:27+02:00,147.0,1,Stjørdal stasjon,ATB:Line:2_70,Stjørdal/Hommelvik- Trondheim,70,bus,ATB:ServiceJourney:70_250131110659302_6025,True,actual,2026-04-25T11:58:21.163701+02:00
NSR:StopPlace:58932,Hommelvik stasjon,2026-04-25T11:45:00+02:00,2026-04-25T11:45:00+02:00,,0.0,0,Vikhammer via Sveberg,ATB:Line:2_86,Hommelvik-Sveberg-Vikhammer,86,bus,ATB:ServiceJourney:86_250131110660752_120,False,planned,2026-04-25T11:58:21.163701+02:00
NSR:StopPlace:58932,Hommelvik stasjon,2026-04-25T11:52:00+02:00,2026-04-25T11:55:17+02:00,2026-04-25T11:55:17+02:00,197.0,1,Marienborg via Brattøra,ATB:Line:2_70,Stjørdal/Hommelvik- Trondheim,70,bus,ATB:ServiceJourney:70_250131110659237_6038,True,actual,2026-04-25T11:58:21.163701+02:00
NSR:StopPlace:58932,Hommelvik stasjon,2026-04-25T12:02:00+02:00,2026-04-25T12:06:20+02:00,,260.0,1,Stjørdal stasjon,ATB:Line:2_70,Stjørdal/Hommelvik- Trondheim,70,bus,ATB:ServiceJourney:70_250131110659314_6027,True,expected,2026-04-25T11:58:21.163701+02:00
NSR:StopPlace:58932,Hommelvik stasjon,2026-04-25T12:12:00+02:00,2026-04-25T12:12:00+02:00,,0.0,0,Ler,SJN:Line:26,Trønderbanen,R70,rail,SJN:ServiceJourney:432-SKV_50204-R,True,planned,2026-04-25T11:58:21.163701+02:00
NSR:StopPlace:58932,Hommelvik stasjon,2026-04-25T12:12:00+02:00,2026-04-25T12:13:27+02:00,,87.0,1,Marienborg via Brattøra,ATB:Line:2_70,Stjørdal/Hommelvik- Trondheim,70,bus,ATB:ServiceJourney:70_250131110659203_6040,True,expected,2026-04-25T11:58:21.163701+02:00
NSR:StopPlace:58932,Hommelvik stasjon,2026-04-25T12:22:00+02:00,2026-04-25T12:29:03+02:00,,423.0,1,Muruvik,ATB:Line:2_70,Stjørdal/Hommelvik- Trondheim,70,bus,ATB:ServiceJourney:70_250131110659259_6031,True,expected,2026-04-25T11:58:21.163701+02:00
NSR:StopPlace:58932,Hommelvik stasjon,2026-04-25T12:32:00+02:00,2026-04-25T12:33:35+02:00,,95.0,1,Marienborg via Brattøra,ATB:Line:2_70,Stjørdal/Hommelvik- Trondheim,70,bus,ATB:ServiceJourney:70_250131110659128_6044,True,expected,2026-04-25T11:58:21.163701+02:00
NSR:StopPlace:58932,Hommelvik stasjon,2026-04-25T12:44:00+02:00,2026-04-25T12:44:00+02:00,,0.0,0,Skatval,SJN:Line:26,Trønderbanen,R70,rail,SJN:ServiceJourney:435-SOeB_50210-R,False,planned,2026-04-25T11:58:21.163701+02:00
NSR:StopPlace:58932,Hommelvik stasjon,2026-04-25T12:42:00+02:00,2026-04-25T12:46:11+02:00,,251.0,1,Stjørdal stasjon,ATB:Line:2_70,Stjørdal/Hommelvik- Trondheim,70,bus,ATB:ServiceJourney:70_250131110659303_6033,True,expected,2026-04-25T11:58:21.163701+02:00
NSR:StopPlace:58932,Hommelvik stasjon,2026-04-25T12:52:00+02:00,2026-04-25T12:53:14+02:00,,74.0,1,Marienborg via Brattøra,ATB:Line:2_70,Stjørdal/Hommelvik- Trondheim,70,bus,ATB:ServiceJourney:70_250131110659238_6046,True,expected,2026-04-25T11:58:21.163701+02:00
NSR:StopPlace:58934,Lassemoen stasjon,2026-04-25T10:51:00+02:00,2026-04-25T10:51:00+02:00,,0.0,0,Lassemoen Holdeplass v-E6,SJN:Line:71,Nordlandsbanen,F7,rail,SJN:ServiceJourney:B478-CG_50626-R,False,planned,2026-04-25T11:58:21.163701+02:00
NSR:StopPlace:58934,Lassemoen stasjon,2026-04-25T11:27:00+02:00,2026-04-25T11:38:20+02:00,2026-04-25T11:38:20+02:00,680.0,1,Bodø,SJN:Line:71,Nordlandsbanen,F7,rail,SJN:ServiceJourney:471-STK_33055-R,True,actual,2026-04-25T11:58:21.163701+02:00
NSR:StopPlace:58935,Levanger stasjon,2026-04-25T10:46:00+02:00,2026-04-25T10:47:07+02:00,2026-04-25T10:47:07+02:00,67.0,1,Momarka via Magneten,ATB:Line:2_604,Levanger - Høgberget,604,bus,ATB:ServiceJourney:604_250212077048395_6004,True,actual,2026-04-25T11:58:21.163701+02:00
NSR:StopPlace:58935,Levanger stasjon,2026-04-25T10:56:00+02:00,2026-04-25T10:56:00+02:00,,0.0,0,Skatval,SJN:Line:26,Trønderbanen,R70,rail,SJN:ServiceJourney:B432-A3_50577-R,False,planned,2026-04-25T11:58:21.163701+02:00
NSR:StopPlace:58935,Levanger stasjon,2026-04-25T11:06:00+02:00,2026-04-25T11:06:22+02:00,2026-04-25T11:06:22+02:00,22.0,1,Steinkjer,SJN:Line:26,Trønderbanen,R70,rail,SJN:ServiceJourney:90429_39563-R,True,actual,2026-04-25T11:58:21.163701+02:00
NSR:StopPlace:58935,Levanger stasjon,2026-04-25T11:13:00+02:00,2026-04-25T11:13:03+02:00,2026-04-25T11:13:03+02:00,3.0,1,Nord universitet Levanger,ATB:Line:2_604,Levanger - Høgberget,604,bus,ATB:ServiceJourney:604_250212077048395_6004,True,actual,2026-04-25T11:58:21.163701+02:00
NSR:StopPlace:58935,Levanger stasjon,2026-04-25T11:46:00+02:00,2026-04-25T11:46:35+02:00,2026-04-25T11:46:35+02:00,35.0,1,Momarka via Magneten,ATB:Line:2_604,Levanger - Høgberget,604,bus,ATB:ServiceJourney:604_250212077048396_6006,True,actual,2026-04-25T11:58:21.163701+02:00
NSR:StopPlace:58935,Levanger stasjon,2026-04-25T11:56:00+02:00,2026-04-25T11:56:00+02:00,,0.0,0,Skatval,SJN:Line:26,Trønderbanen,R70,rail,SJN:ServiceJourney:B434-A_50579-R,False,planned,2026-04-25T11:58:21.163701+02:00
NSR:StopPlace:58935,Levanger stasjon,2026-04-25T11:57:00+02:00,2026-04-25T11:57:00+02:00,,0.0,0,Bestillingstaxi,SJN:Line:26,Trønderbanen,R70,rail,SJN:ServiceJourney:B434-AM_48113-R,False,planned,2026-04-25T11:58:21.163701+02:00
NSR:StopPlace:58935,Levanger stasjon,2026-04-25T12:06:00+02:00,2026-04-25T12:06:00+02:00,,0.0,0,Steinkjer,SJN:Line:26,Trønderbanen,R70,rail,SJN:ServiceJourney:90431_36199-R,True,planned,2026-04-25T11:58:21.163701+02:00
NSR:StopPlace:58935,Levanger stasjon,2026-04-25T12:13:00+02:00,2026-04-25T12:13:30+02:00,,30.0,1,Nord universitet Levanger,ATB:Line:2_604,Levanger - Høgberget,604,bus,ATB:ServiceJourney:604_250212077048396_6006,True,expected,2026-04-25T11:58:21.163701+02:00
NSR:StopPlace:58935,Levanger stasjon,2026-04-25T12:46:00+02:00,2026-04-25T12:46:25+02:00,,25.0,1,Momarka via Magneten,ATB:Line:2_604,Levanger - Høgberget,604,bus,ATB:ServiceJourney:604_250212077048397_6008,True,expected,2026-04-25T11:58:21.163701+02:00
NSR:StopPlace:58935,Levanger stasjon,2026-04-25T12:56:00+02:00,2026-04-25T12:56:00+02:00,,0.0,0,Skatval,SJN:Line:26,Trønderbanen,R70,rail,SJN:ServiceJourney:B436-A6_50581-R,False,planned,2026-04-25T11:58:21.163701+02:00
NSR:StopPlace:58936,Skatval stasjon,2026-04-25T10:52:00+02:00,2026-04-25T10:52:40+02:00,2026-04-25T10:52:40+02:00,40.0,1,Ler,SJN:Line:26,Trønderbanen,R70,rail,SJN:ServiceJourney:430-SKV_50200-R,True,actual,2026-04-25T11:58:21.163701+02:00
NSR:StopPlace:58936,Skatval stasjon,2026-04-25T11:11:00+02:00,2026-04-25T11:11:00+02:00,,0.0,0,Levanger,SJN:Line:26,Trønderbanen,R70,rail,SJN:ServiceJourney:B431-BD_50576-R,False,planned,2026-04-25T11:58:21.163701+02:00
NSR:StopPlace:58936,Skatval stasjon,2026-04-25T11:52:00+02:00,2026-04-25T11:52:19+02:00,2026-04-25T11:52:19+02:00,19.0,1,Ler,SJN:Line:26,Trønderbanen,R70,rail,SJN:ServiceJourney:432-SKV_50204-R,True,actual,2026-04-25T11:58:21.163701+02:00
NSR:StopPlace:58936,Skatval stasjon,2026-04-25T12:11:00+02:00,2026-04-25T12:11:00+02:00,,0.0,0,Levanger,SJN:Line:26,Trønderbanen,R70,rail,SJN:ServiceJourney:B433-A8_50578-R,False,planned,2026-04-25T11:58:21.163701+02:00
NSR:StopPlace:58936,Skatval stasjon,2026-04-25T12:52:00+02:00,2026-04-25T12:52:00+02:00,,0.0,0,Melhus skysstasjon,SJN:Line:26,Trønderbanen,R70,rail,SJN:ServiceJourney:434-SKV_50209-R,False,planned,2026-04-25T11:58:21.163701+02:00
NSR:StopPlace:58946,Snåsa stasjon,2026-04-25T11:54:00+02:00,2026-04-25T11:54:00+02:00,,0.0,0,Vegset,SJN:Line:71,Nordlandsbanen,F7,rail,SJN:ServiceJourney:B478-CH_50627-R,False,planned,2026-04-25T11:58:21.163701+02:00
NSR:StopPlace:58946,Snåsa stasjon,2026-04-25T12:28:00+02:00,2026-04-25T12:28:00+02:00,,0.0,0,Vegset,SJN:Line:71,Nordlandsbanen,F7,rail,SJN:ServiceJourney:B478-CH_50627-R,False,planned,2026-04-25T11:58:21.163701+02:00
NSR:StopPlace:58947,Steinkjer stasjon,2026-04-25T11:15:00+02:00,2026-04-25T11:15:32+02:00,2026-04-25T11:15:32+02:00,32.0,1,Levanger,SJN:Line:26,Trønderbanen,R70,rail,SJN:ServiceJourney:90434_33698-R,True,actual,2026-04-25T11:58:21.163701+02:00
NSR:StopPlace:58947,Steinkjer stasjon,2026-04-25T11:33:00+02:00,2026-04-25T11:33:21+02:00,2026-04-25T11:33:21+02:00,21.0,1,Namsos skysstasjon,ATB:Line:2_680,Levanger - Steinkjer - Namsos,680,bus,ATB:ServiceJourney:680_250212077047491_6004,True,actual,2026-04-25T11:58:21.163701+02:00
NSR:StopPlace:58947,Steinkjer stasjon,2026-04-25T12:00:00+02:00,2026-04-25T12:00:00+02:00,,0.0,0,Steinkjer stasjon,ATB:Line:2_603,Fleksibel by - Steinkjer,603,bus,ATB:ServiceJourney:603_250212077047127_6002,False,planned,2026-04-25T11:58:21.163701+02:00
NSR:StopPlace:58947,Steinkjer stasjon,2026-04-25T12:00:00+02:00,2026-04-25T12:00:00+02:00,,0.0,0,Steinkjer stasjon,ATB:Line:2_603,Fleksibel by - Steinkjer,603,bus,ATB:ServiceJourney:603_250212077047134_6003,False,planned,2026-04-25T11:58:21.163701+02:00
NSR:StopPlace:58947,Steinkjer stasjon,2026-04-25T12:15:00+02:00,2026-04-25T12:15:00+02:00,,0.0,0,Levanger,SJN:Line:26,Trønderbanen,R70,rail,SJN:ServiceJourney:90436_33702-R,True,planned,2026-04-25T11:58:21.163701+02:00
NSR:StopPlace:58947,Steinkjer stasjon,2026-04-25T12:30:00+02:00,2026-04-25T12:30:00+02:00,,0.0,0,Trondheim,VYX:Line:125,VY710 (Oslo-)Lillehammer-Trondheim-Steinkjer,VY710,coach,VYX:ServiceJourney:ec0ea0dbd1c7435ccaaced558f89a1e4ef08f5bb,False,planned,2026-04-25T11:58:21.163701+02:00
NSR:StopPlace:58948,Stjørdal stasjon,2026-04-25T10:56:00+02:00,2026-04-25T10:56:47+02:00,2026-04-25T10:56:47+02:00,47.0,1,Marienborg via Brattøra,ATB:Line:2_70,Stjørdal/Hommelvik- Trondheim,70,bus,ATB:ServiceJourney:70_250131110659202_6032,True,actual,2026-04-25T11:58:21.163701+02:00
NSR:StopPlace:58948,Stjørdal stasjon,2026-04-25T11:00:00+02:00,2026-04-25T11:00:00+02:00,,0.0,0,Skatval,SJN:Line:26,Trønderbanen,R70,rail,SJN:ServiceJourney:431-STOe_50201-R,False,planned,2026-04-25T11:58:21.163701+02:00
NSR:StopPlace:58948,Stjørdal stasjon,2026-04-25T11:00:00+02:00,2026-04-25T11:00:37+02:00,2026-04-25T11:00:37+02:00,37.0,1,Ler,SJN:Line:26,Trønderbanen,R70,rail,SJN:ServiceJourney:430-SKV_50200-R,True,actual,2026-04-25T11:58:21.163701+02:00
NSR:StopPlace:58948,Stjørdal stasjon,2026-04-25T11:03:00+02:00,2026-04-25T11:03:20+02:00,2026-04-25T11:03:20+02:00,20.0,1,Husbyåsen via Terrassehusene,ATB:Line:2_92,92 StjørdalSt-HusbySnu.,92,bus,ATB:ServiceJourney:92_250312166146835_6158,True,actual,2026-04-25T11:58:21.163701+02:00
NSR:StopPlace:58948,Stjørdal stasjon,2026-04-25T11:04:00+02:00,2026-04-25T11:04:22+02:00,2026-04-25T11:04:22+02:00,22.0,1,Remyra via Stokkanvegen,ATB:Line:2_91,91 StjørdalSt-Remyrv.,91,bus,ATB:ServiceJourney:91_250312166475573_6008,True,actual,2026-04-25T11:58:21.163701+02:00
NSR:StopPlace:58948,Stjørdal stasjon,2026-04-25T11:27:00+02:00,2026-04-25T11:30:30+02:00,2026-04-25T11:30:30+02:00,210.0,1,Remyra via Stokkanvegen,ATB:Line:2_91,91 StjørdalSt-Remyrv.,91,bus,ATB:ServiceJourney:91_250312166476429_6130,True,actual,2026-04-25T11:58:21.163701+02:00
NSR:StopPlace:58948,Stjørdal stasjon,2026-04-25T11:33:00+02:00,2026-04-25T11:33:21+02:00,2026-04-25T11:33:21+02:00,21.0,1,Husbyåsen via Terrassehusene,ATB:Line:2_92,92 StjørdalSt-HusbySnu.,92,bus,ATB:ServiceJourney:92_250312166142885_33,True,actual,2026-04-25T11:58:21.163701+02:00
NSR:StopPlace:58948,Stjørdal stasjon,2026-04-25T11:33:00+02:00,2026-04-25T11:33:34+02:00,2026-04-25T11:33:34+02:00,34.0,1,Marienborg via Brattøra,ATB:Line:2_70,Stjørdal/Hommelvik- Trondheim,70,bus,ATB:ServiceJourney:70_250131110659237_6038,True,actual,2026-04-25T11:58:21.163701+02:00
NSR:StopPlace:58948,Stjørdal stasjon,2026-04-25T11:55:00+02:00,2026-04-25T11:55:26+02:00,2026-04-25T11:55:26+02:00,26.0,1,Trondheim,ATB:Line:2_311,Stjørdal - Trondheim,311,bus,ATB:ServiceJourney:311_260423123354840_6006,True,actual,2026-04-25T11:58:21.163701+02:00
NSR:StopPlace:58948,Stjørdal stasjon,2026-04-25T11:56:00+02:00,2026-04-25T11:56:18+02:00,2026-04-25T11:56:18+02:00,18.0,1,Marienborg via Brattøra,ATB:Line:2_70,Stjørdal/Hommelvik- Trondheim,70,bus,ATB:ServiceJourney:70_250131110659203_6040,True,actual,2026-04-25T11:58:21.163701+02:00
NSR:StopPlace:58948,Stjørdal stasjon,2026-04-25T12:00:00+02:00,2026-04-25T12:00:00+02:00,,0.0,0,Skatval,SJN:Line:26,Trønderbanen,R70,rail,SJN:ServiceJourney:433-LMO_50206-R,False,planned,2026-04-25T11:58:21.163701+02:00
NSR:StopPlace:58948,Stjørdal stasjon,2026-04-25T12:00:00+02:00,2026-04-25T12:00:00+02:00,,0.0,0,Ler,SJN:Line:26,Trønderbanen,R70,rail,SJN:ServiceJourney:432-SKV_50204-R,True,planned,2026-04-25T11:58:21.163701+02:00
NSR:StopPlace:58948,Stjørdal stasjon,2026-04-25T12:03:00+02:00,2026-04-25T12:03:00+02:00,,0.0,0,Husbyåsen via Terrassehusene,ATB:Line:2_92,92 StjørdalSt-HusbySnu.,92,bus,ATB:ServiceJourney:92_250312166142351_6012,True,planned,2026-04-25T11:58:21.163701+02:00
NSR:StopPlace:58948,Stjørdal stasjon,2026-04-25T12:04:00+02:00,2026-04-25T12:04:00+02:00,,0.0,0,Remyra via Stokkanvegen,ATB:Line:2_91,91 StjørdalSt-Remyrv.,91,bus,ATB:ServiceJourney:91_250312166476030_6014,True,planned,2026-04-25T11:58:21.163701+02:00
NSR:StopPlace:58948,Stjørdal stasjon,2026-04-25T12:27:00+02:00,2026-04-25T12:27:00+02:00,,0.0,0,Remyra via Stokkanvegen,ATB:Line:2_91,91 StjørdalSt-Remyrv.,91,bus,ATB:ServiceJourney:91_250312166476285_35,False,planned,2026-04-25T11:58:21.163701+02:00
NSR:StopPlace:58948,Stjørdal stasjon,2026-04-25T12:33:00+02:00,2026-04-25T12:33:00+02:00,,0.0,0,Marienborg via Brattøra,ATB:Line:2_70,Stjørdal/Hommelvik- Trondheim,70,bus,ATB:ServiceJourney:70_250131110659238_6046,True,planned,2026-04-25T11:58:21.163701+02:00
NSR:StopPlace:58948,Stjørdal stasjon,2026-04-25T12:34:00+02:00,2026-04-25T12:34:00+02:00,,0.0,0,Steinkjer,VYX:Line:125,VY710 (Oslo-)Lillehammer-Trondheim-Steinkjer,VY710,coach,VYX:ServiceJourney:6812d7cf28d825b08c183e3fe7a58b196546ba68,False,planned,2026-04-25T11:58:21.163701+02:00
NSR:StopPlace:58948,Stjørdal stasjon,2026-04-25T12:33:00+02:00,2026-04-25T12:37:42+02:00,,282.0,1,Husbyåsen via Terrassehusene,ATB:Line:2_92,92 StjørdalSt-HusbySnu.,92,bus,ATB:ServiceJourney:92_250312166142549_6014,True,expected,2026-04-25T11:58:21.163701+02:00
NSR:StopPlace:58948,Stjørdal stasjon,2026-04-25T12:55:00+02:00,2026-04-25T12:55:00+02:00,,0.0,0,Trondheim,ATB:Line:2_311,Stjørdal - Trondheim,311,bus,ATB:ServiceJourney:311_260423123355126_6008,True,planned,2026-04-25T11:58:21.163701+02:00
NSR:StopPlace:58948,Stjørdal stasjon,2026-04-25T12:56:00+02:00,2026-04-25T12:56:00+02:00,,0.0,0,Marienborg via Brattøra,ATB:Line:2_70,Stjørdal/Hommelvik- Trondheim,70,bus,ATB:ServiceJourney:70_250131110659204_6048,True,planned,2026-04-25T11:58:21.163701+02:00
NSR:StopPlace:58797,Mysen stasjon,2026-04-25T10:59:00+02:00,2026-04-25T10:59:15+02:00,2026-04-25T10:59:15+02:00,15.0,1,Rakkestad,VYG:Line:R22,Skøyen-Oslo S-Mysen-Rakkestad,R22,rail,VYG:ServiceJourney:1911_443449-R,True,actual,2026-04-25T11:58:21.163701+02:00
NSR:StopPlace:58797,Mysen stasjon,2026-04-25T11:00:00+02:00,2026-04-25T11:00:40+02:00,2026-04-25T11:00:40+02:00,40.0,1,Oslo S,VYG:Line:R22,Skøyen-Oslo S-Mysen-Rakkestad,R22,rail,VYG:ServiceJourney:1916_443458-R,True,actual,2026-04-25T11:58:21.163701+02:00
NSR:StopPlace:58797,Mysen stasjon,2026-04-25T12:00:00+02:00,2026-04-25T12:00:00+02:00,,0.0,0,Oslo S,VYG:Line:R22,Skøyen-Oslo S-Mysen-Rakkestad,R22,rail,VYG:ServiceJourney:1918_443461-R,True,planned,2026-04-25T11:58:21.163701+02:00
NSR:StopPlace:58797,Mysen stasjon,2026-04-25T11:59:00+02:00,2026-04-25T12:00:30+02:00,,90.0,1,Rakkestad,VYG:Line:R22,Skøyen-Oslo S-Mysen-Rakkestad,R22,rail,VYG:ServiceJourney:1913_443452-R,True,expected,2026-04-25T11:58:21.163701+02:00
NSR:StopPlace:58798,Rakkestad stasjon,2026-04-25T10:45:00+02:00,2026-04-25T10:46:17+02:00,2026-04-25T10:46:17+02:00,77.0,1,Oslo S,VYG:Line:R22,Skøyen-Oslo S-Mysen-Rakkestad,R22,rail,VYG:ServiceJourney:1916_443458-R,True,actual,2026-04-25T11:58:21.163701+02:00
NSR:StopPlace:58798,Rakkestad stasjon,2026-04-25T11:45:00+02:00,2026-04-25T11:45:25+02:00,2026-04-25T11:45:25+02:00,25.0,1,Oslo S,VYG:Line:R22,Skøyen-Oslo S-Mysen-Rakkestad,R22,rail,VYG:ServiceJourney:1918_443461-R,True,actual,2026-04-25T11:58:21.163701+02:00
NSR:StopPlace:58798,Rakkestad stasjon,2026-04-25T12:45:00+02:00,2026-04-25T12:45:00+02:00,,0.0,0,Oslo S,VYG:Line:R22,Skøyen-Oslo S-Mysen-Rakkestad,R22,rail,VYG:ServiceJourney:1920_443465-R,True,planned,2026-04-25T11:58:21.163701+02:00
NSR:StopPlace:58799,Rygge stasjon,2026-04-25T10:54:00+02:00,2026-04-25T10:54:10+02:00,2026-04-25T10:54:10+02:00,10.0,1,Malmö central,VYG:Line:RE20,Oslo S-Halden-Göteborg-Malmö (X-Border),RE20,rail,VYG:ServiceJourney:111-387_512279-R,True,actual,2026-04-25T11:58:21.163701+02:00
NSR:StopPlace:58799,Rygge stasjon,2026-04-25T11:05:00+02:00,2026-04-25T11:05:57+02:00,2026-04-25T11:05:57+02:00,57.0,1,Oslo S,VYG:Line:RE20,Oslo S-Halden-Göteborg-Malmö (X-Border),RE20,rail,VYG:ServiceJourney:384-114_478117-R,True,actual,2026-04-25T11:58:21.163701+02:00
NSR:StopPlace:58799,Rygge stasjon,2026-04-25T11:55:00+02:00,2026-04-25T11:55:33+02:00,2026-04-25T11:55:33+02:00,33.0,1,Halden,VYG:Line:RE20,Oslo S-Halden-Göteborg-Malmö (X-Border),RE20,rail,VYG:ServiceJourney:113_443006-R,True,actual,2026-04-25T11:58:21.163701+02:00
NSR:StopPlace:58799,Rygge stasjon,2026-04-25T11:58:00+02:00,2026-04-25T11:58:00+02:00,,0.0,0,Oslo S,VYG:Line:RE20,Oslo S-Halden-Göteborg-Malmö (X-Border),RE20,rail,VYG:ServiceJourney:116_443047-R,True,planned,2026-04-25T11:58:21.163701+02:00
NSR:StopPlace:58799,Rygge stasjon,2026-04-25T12:54:00+02:00,2026-04-25T12:54:00+02:00,,0.0,0,Göteborg C,VYG:Line:RE20,Oslo S-Halden-Göteborg-Malmö (X-Border),RE20,rail,VYG:ServiceJourney:115-389_448305-R,True,planned,2026-04-25T11:58:21.163701+02:00
NSR:StopPlace:58790,Verdal stasjon,2026-04-25T11:22:00+02:00,2026-04-25T11:20:15+02:00,2026-04-25T11:20:15+02:00,-105.0,0,Steinkjer,SJN:Line:26,Trønderbanen,R70,rail,SJN:ServiceJourney:90429_39563-R,True,actual,2026-04-25T11:58:21.163701+02:00
NSR:StopPlace:58790,Verdal stasjon,2026-04-25T11:25:00+02:00,2026-04-25T11:25:00+02:00,,0.0,0,Bestillingstaxi,SJN:Line:26,Trønderbanen,R70,rail,SJN:ServiceJourney:B429-AI_48103-R,False,planned,2026-04-25T11:58:21.163701+02:00
NSR:StopPlace:58790,Verdal stasjon,2026-04-25T11:38:00+02:00,2026-04-25T11:39:51+02:00,2026-04-25T11:39:51+02:00,111.0,1,Levanger,SJN:Line:26,Trønderbanen,R70,rail,SJN:ServiceJourney:90434_33698-R,True,actual,2026-04-25T11:58:21.163701+02:00
NSR:StopPlace:58790,Verdal stasjon,2026-04-25T12:00:00+02:00,2026-04-25T12:00:00+02:00,,0.0,0,Verdal stasjon,ATB:Line:2_605,Fleksibel by - Verdal,605,bus,ATB:ServiceJourney:605_250212077047666_6004,False,planned,2026-04-25T11:58:21.163701+02:00
NSR:StopPlace:58790,Verdal stasjon,2026-04-25T12:19:00+02:00,2026-04-25T12:20:00+02:00,,60.0,1,Steinkjer,SJN:Line:26,Trønderbanen,R70,rail,SJN:ServiceJourney:90431_36199-R,True,expected,2026-04-25T11:58:21.163701+02:00
NSR:StopPlace:58790,Verdal stasjon,2026-04-25T12:25:00+02:00,2026-04-25T12:25:00+02:00,,0.0,0,Bestillingstaxi,SJN:Line:26,Trønderbanen,R70,rail,SJN:ServiceJourney:B431-AS_48109-R,False,planned,2026-04-25T11:58:21.163701+02:00
NSR:StopPlace:58790,Verdal stasjon,2026-04-25T12:38:00+02:00,2026-04-25T12:38:00+02:00,,0.0,0,Levanger,SJN:Line:26,Trønderbanen,R70,rail,SJN:ServiceJourney:90436_33702-R,True,planned,2026-04-25T11:58:21.163701+02:00
NSR:StopPlace:58793,Askim stasjon,2026-04-25T10:45:00+02:00,2026-04-25T10:45:19+02:00,2026-04-25T10:45:19+02:00,19.0,1,Rakkestad,VYG:Line:R22,Skøyen-Oslo S-Mysen-Rakkestad,R22,rail,VYG:ServiceJourney:1911_443449-R,True,actual,2026-04-25T11:58:21.163701+02:00
NSR:StopPlace:58793,Askim stasjon,2026-04-25T11:10:00+02:00,2026-04-25T11:11:20+02:00,2026-04-25T11:11:20+02:00,80.0,1,Oslo S,VYG:Line:R22,Skøyen-Oslo S-Mysen-Rakkestad,R22,rail,VYG:ServiceJourney:1916_443458-R,True,actual,2026-04-25T11:58:21.163701+02:00
NSR:StopPlace:58793,Askim stasjon,2026-04-25T11:45:00+02:00,2026-04-25T11:46:19+02:00,2026-04-25T11:46:19+02:00,79.0,1,Rakkestad,VYG:Line:R22,Skøyen-Oslo S-Mysen-Rakkestad,R22,rail,VYG:ServiceJourney:1913_443452-R,True,actual,2026-04-25T11:58:21.163701+02:00
NSR:StopPlace:58793,Askim stasjon,2026-04-25T12:10:00+02:00,2026-04-25T12:10:00+02:00,,0.0,0,Oslo S,VYG:Line:R22,Skøyen-Oslo S-Mysen-Rakkestad,R22,rail,VYG:ServiceJourney:1918_443461-R,True,planned,2026-04-25T11:58:21.163701+02:00
NSR:StopPlace:58793,Askim stasjon,2026-04-25T12:45:00+02:00,2026-04-25T12:45:00+02:00,,0.0,0,Rakkestad,VYG:Line:R22,Skøyen-Oslo S-Mysen-Rakkestad,R22,rail,VYG:ServiceJourney:1915_443456-R,True,planned,2026-04-25T11:58:21.163701+02:00
NSR:StopPlace:58794,Fredrikstad stasjon,2026-04-25T10:45:00+02:00,2026-04-25T10:45:17+02:00,2026-04-25T10:45:17+02:00,17.0,1,Oslo S,VYG:Line:RE20,Oslo S-Halden-Göteborg-Malmö (X-Border),RE20,rail,VYG:ServiceJourney:384-114_478117-R,True,actual,2026-04-25T11:58:21.163701+02:00
NSR:StopPlace:58794,Fredrikstad stasjon,2026-04-25T11:10:00+02:00,2026-04-25T11:10:20+02:00,2026-04-25T11:10:20+02:00,20.0,1,Kalnes,OST:Line:1_4,Fredrikstad - Kalnes,4,bus,OST:ServiceJourney:4_251111070503880_611,True,actual,2026-04-25T11:58:21.163701+02:00
NSR:StopPlace:58794,Fredrikstad stasjon,2026-04-25T11:14:00+02:00,2026-04-25T11:14:50+02:00,2026-04-25T11:14:50+02:00,50.0,1,Malmö central,VYG:Line:RE20,Oslo S-Halden-Göteborg-Malmö (X-Border),RE20,rail,VYG:ServiceJourney:111-387_512279-R,True,actual,2026-04-25T11:58:21.163701+02:00
NSR:StopPlace:58794,Fredrikstad stasjon,2026-04-25T11:39:00+02:00,2026-04-25T11:40:07+02:00,2026-04-25T11:40:07+02:00,67.0,1,Oslo S,VYG:Line:RE20,Oslo S-Halden-Göteborg-Malmö (X-Border),RE20,rail,VYG:ServiceJourney:116_443047-R,True,actual,2026-04-25T11:58:21.163701+02:00
NSR:StopPlace:58794,Fredrikstad stasjon,2026-04-25T12:10:00+02:00,2026-04-25T12:10:00+02:00,,0.0,0,Kalnes,OST:Line:1_4,Fredrikstad - Kalnes,4,bus,OST:ServiceJourney:4_251111070503882_613,False,planned,2026-04-25T11:58:21.163701+02:00
NSR:StopPlace:58794,Fredrikstad stasjon,2026-04-25T12:15:00+02:00,2026-04-25T12:15:20+02:00,,20.0,1,Halden,VYG:Line:RE20,Oslo S-Halden-Göteborg-Malmö (X-Border),RE20,rail,VYG:ServiceJourney:113_443006-R,True,expected,2026-04-25T11:58:21.163701+02:00
NSR:StopPlace:58794,Fredrikstad stasjon,2026-04-25T12:44:00+02:00,2026-04-25T12:44:00+02:00,,0.0,0,Oslo S,VYG:Line:RE20,Oslo S-Halden-Göteborg-Malmö (X-Border),RE20,rail,VYG:ServiceJourney:386-118_444280-R,True,planned,2026-04-25T11:58:21.163701+02:00
NSR:StopPlace:58795,Kambo stasjon,2026-04-25T10:40:00+02:00,2026-04-25T10:43:13+02:00,2026-04-25T10:43:13+02:00,193.0,1,Skredderåsen-Moss sentrum,OST:Line:1_22,Skredderåsen-Kambo,22,bus,OST:ServiceJourney:22_251111070508000_616,True,actual,2026-04-25T11:58:21.163701+02:00
NSR:StopPlace:58795,Kambo stasjon,2026-04-25T10:55:00+02:00,2026-04-25T10:56:08+02:00,2026-04-25T10:56:08+02:00,68.0,1,Moss,VYG:Line:R21,Stabekk-Oslo S-Moss,R21,rail,VYG:ServiceJourney:1121-HVK_442997-R,True,actual,2026-04-25T11:58:21.163701+02:00
NSR:StopPlace:58795,Kambo stasjon,2026-04-25T10:54:00+02:00,2026-04-25T10:56:25+02:00,2026-04-25T10:56:25+02:00,145.0,1,Vestby stasjon,RUT:Line:540,Moss - Son - Vestby stasjon,540,bus,RUT:ServiceJourney:b8cbd6adb57ccc4133700dec3072f820,True,actual,2026-04-25T11:58:21.163701+02:00
NSR:StopPlace:58795,Kambo stasjon,2026-04-25T11:00:00+02:00,2026-04-25T11:00:21+02:00,2026-04-25T11:00:21+02:00,21.0,1,Stabekk,VYG:Line:R21,Stabekk-Oslo S-Moss,R21,rail,VYG:ServiceJourney:1128-MOS_443004-R,True,actual,2026-04-25T11:58:21.163701+02:00
NSR:StopPlace:58795,Kambo stasjon,2026-04-25T11:25:00+02:00,2026-04-25T11:25:48+02:00,2026-04-25T11:25:48+02:00,48.0,1,Moss,VYG:Line:R21,Stabekk-Oslo S-Moss,R21,rail,VYG:ServiceJourney:1123-HVK_442999-R,True,actual,2026-04-25T11:58:21.163701+02:00
NSR:StopPlace:58795,Kambo stasjon,2026-04-25T11:30:00+02:00,2026-04-25T11:30:20+02:00,2026-04-25T11:30:20+02:00,20.0,1,Stabekk,VYG:Line:R21,Stabekk-Oslo S-Moss,R21,rail,VYG:ServiceJourney:1130-MOS_443007-R,True,actual,2026-04-25T11:58:21.163701+02:00
NSR:StopPlace:58795,Kambo stasjon,2026-04-25T11:26:00+02:00,2026-04-25T11:31:25+02:00,2026-04-25T11:31:25+02:00,325.0,1,Moss,RUT:Line:540,Moss - Son - Vestby stasjon,540,bus,RUT:ServiceJourney:3f9553aa686d133f45c827db2e863d8b,True,actual,2026-04-25T11:58:21.163701+02:00
NSR:StopPlace:58795,Kambo stasjon,2026-04-25T11:55:00+02:00,2026-04-25T11:56:02+02:00,2026-04-25T11:56:02+02:00,62.0,1,Moss,VYG:Line:R21,Stabekk-Oslo S-Moss,R21,rail,VYG:ServiceJourney:1125-HVK_443001-R,True,actual,2026-04-25T11:58:21.163701+02:00
NSR:StopPlace:58795,Kambo stasjon,2026-04-25T11:54:00+02:00,2026-04-25T11:56:41+02:00,2026-04-25T11:56:41+02:00,161.0,1,Vestby stasjon,RUT:Line:540,Moss - Son - Vestby stasjon,540,bus,RUT:ServiceJourney:71b377535e7f3251c00d789feb714b3a,True,actual,2026-04-25T11:58:21.163701+02:00
NSR:StopPlace:58795,Kambo stasjon,2026-04-25T12:00:00+02:00,2026-04-25T12:00:52+02:00,,52.0,1,Stabekk,VYG:Line:R21,Stabekk-Oslo S-Moss,R21,rail,VYG:ServiceJourney:1132-MOS_443009-R,True,expected,2026-04-25T11:58:21.163701+02:00
NSR:StopPlace:58795,Kambo stasjon,2026-04-25T12:25:00+02:00,2026-04-25T12:25:00+02:00,,0.0,0,Moss,VYG:Line:R21,Stabekk-Oslo S-Moss,R21,rail,VYG:ServiceJourney:1127-HVK_443003-R,True,planned,2026-04-25T11:58:21.163701+02:00
NSR:StopPlace:58795,Kambo stasjon,2026-04-25T12:26:00+02:00,2026-04-25T12:27:01+02:00,,61.0,1,Moss,RUT:Line:540,Moss - Son - Vestby stasjon,540,bus,RUT:ServiceJourney:6f6c874d795492598ad3c51f3fd9058f,True,expected,2026-04-25T11:58:21.163701+02:00
NSR:StopPlace:58795,Kambo stasjon,2026-04-25T12:30:00+02:00,2026-04-25T12:30:00+02:00,,0.0,0,Stabekk,VYG:Line:R21,Stabekk-Oslo S-Moss,R21,rail,VYG:ServiceJourney:1134-MOS_443011-R,True,planned,2026-04-25T11:58:21.163701+02:00
NSR:StopPlace:58795,Kambo stasjon,2026-04-25T12:35:00+02:00,2026-04-25T12:35:00+02:00,,0.0,0,Kambo,OST:Line:1_22,Skredderåsen-Kambo,22,bus,OST:ServiceJourney:22_251111070507944_615,False,planned,2026-04-25T11:58:21.163701+02:00
NSR:StopPlace:58795,Kambo stasjon,2026-04-25T12:40:00+02:00,2026-04-25T12:40:00+02:00,,0.0,0,Skredderåsen-Moss sentrum,OST:Line:1_22,Skredderåsen-Kambo,22,bus,OST:ServiceJourney:22_251111070508001_620,False,planned,2026-04-25T11:58:21.163701+02:00
NSR:StopPlace:58795,Kambo stasjon,2026-04-25T12:54:00+02:00,2026-04-25T12:54:00+02:00,,0.0,0,Vestby stasjon,RUT:Line:540,Moss - Son - Vestby stasjon,540,bus,RUT:ServiceJourney:73b47dc2f3e53c0e6e03e9918eddf53c,False,planned,2026-04-25T11:58:21.163701+02:00
NSR:StopPlace:58795,Kambo stasjon,2026-04-25T12:55:00+02:00,2026-04-25T12:55:00+02:00,,0.0,0,Moss,VYG:Line:R21,Stabekk-Oslo S-Moss,R21,rail,VYG:ServiceJourney:1129-HVK_443005-R,True,planned,2026-04-25T11:58:21.163701+02:00
NSR:StopPlace:58796,Moss stasjon,2026-04-25T10:40:00+02:00,2026-04-25T10:42:37+02:00,2026-04-25T10:42:37+02:00,157.0,1,Moss sentrum,OST:Line:1_20,Refsnes,20,bus,OST:ServiceJourney:20_251111070507824_616,True,actual,2026-04-25T11:58:21.163701+02:00
NSR:StopPlace:58796,Moss stasjon,2026-04-25T10:44:00+02:00,2026-04-25T10:45:21+02:00,2026-04-25T10:45:21+02:00,81.0,1,Oslo S,VYG:Line:RE20,Oslo S-Halden-Göteborg-Malmö (X-Border),RE20,rail,VYG:ServiceJourney:152-HLD_451972-R,True,actual,2026-04-25T11:58:21.163701+02:00
NSR:StopPlace:58796,Moss stasjon,2026-04-25T10:46:00+02:00,2026-04-25T10:46:07+02:00,2026-04-25T10:46:07+02:00,7.0,1,Malmö central,VYG:Line:RE20,Oslo S-Halden-Göteborg-Malmö (X-Border),RE20,rail,VYG:ServiceJourney:111-387_512279-R,True,actual,2026-04-25T11:58:21.163701+02:00
NSR:StopPlace:58796,Moss stasjon,2026-04-25T10:54:00+02:00,2026-04-25T10:54:18+02:00,2026-04-25T10:54:18+02:00,18.0,1,Stabekk,VYG:Line:R21,Stabekk-Oslo S-Moss,R21,rail,VYG:ServiceJourney:1128-MOS_443004-R,True,actual,2026-04-25T11:58:21.163701+02:00
NSR:StopPlace:58796,Moss stasjon,2026-04-25T11:02:00+02:00,2026-04-25T11:09:12+02:00,2026-04-25T11:09:12+02:00,432.0,1,Ryggeveien-Øreåsen,OST:Line:1_21,Ryggeveien-Øreåsen,21,bus,OST:ServiceJourney:21_251111070507860_609,True,actual,2026-04-25T11:58:21.163701+02:00
NSR:StopPlace:58796,Moss stasjon,2026-04-25T11:13:00+02:00,2026-04-25T11:16:15+02:00,2026-04-25T11:16:15+02:00,195.0,1,Oslo S,VYG:Line:RE20,Oslo S-Halden-Göteborg-Malmö (X-Border),RE20,rail,VYG:ServiceJourney:384-114_478117-R,True,actual,2026-04-25T11:58:21.163701+02:00
NSR:StopPlace:58796,Moss stasjon,2026-04-25T11:24:00+02:00,2026-04-25T11:24:17+02:00,2026-04-25T11:24:17+02:00,17.0,1,Stabekk,VYG:Line:R21,Stabekk-Oslo S-Moss,R21,rail,VYG:ServiceJourney:1130-MOS_443007-R,True,actual,2026-04-25T11:58:21.163701+02:00
NSR:StopPlace:58796,Moss stasjon,2026-04-25T11:33:00+02:00,2026-04-25T11:33:23+02:00,2026-04-25T11:33:23+02:00,23.0,1,Moss sentrum,OST:Line:1_21,Ryggeveien-Øreåsen,21,bus,OST:ServiceJourney:21_251111070507889_612,True,actual,2026-04-25T11:58:21.163701+02:00
NSR:StopPlace:58796,Moss stasjon,2026-04-25T11:47:00+02:00,2026-04-25T11:47:57+02:00,2026-04-25T11:47:57+02:00,57.0,1,Halden,VYG:Line:RE20,Oslo S-Halden-Göteborg-Malmö (X-Border),RE20,rail,VYG:ServiceJourney:113_443006-R,True,actual,2026-04-25T11:58:21.163701+02:00
NSR:StopPlace:58796,Moss stasjon,2026-04-25T11:54:00+02:00,2026-04-25T11:54:32+02:00,2026-04-25T11:54:32+02:00,32.0,1,Stabekk,VYG:Line:R21,Stabekk-Oslo S-Moss,R21,rail,VYG:ServiceJourney:1132-MOS_443009-R,True,actual,2026-04-25T11:58:21.163701+02:00
NSR:StopPlace:58796,Moss stasjon,2026-04-25T12:07:00+02:00,2026-04-25T12:07:00+02:00,,0.0,0,Oslo S,VYG:Line:RE20,Oslo S-Halden-Göteborg-Malmö (X-Border),RE20,rail,VYG:ServiceJourney:116_443047-R,True,planned,2026-04-25T11:58:21.163701+02:00
NSR:StopPlace:58796,Moss stasjon,2026-04-25T12:07:00+02:00,2026-04-25T12:13:13+02:00,,373.0,1,Sarpsborg,OST:Line:1_633,Moss-Sarpsborg-Halden,633,bus,OST:ServiceJourney:633_251111070504695_604,True,expected,2026-04-25T11:58:21.163701+02:00
NSR:StopPlace:58796,Moss stasjon,2026-04-25T12:18:00+02:00,2026-04-25T12:18:00+02:00,,0.0,0,Refsnes,OST:Line:1_20,Refsnes,20,bus,OST:ServiceJourney:20_251111070507767_617,False,planned,2026-04-25T11:58:21.163701+02:00
NSR:StopPlace:58796,Moss stasjon,2026-04-25T12:24:00+02:00,2026-04-25T12:24:00+02:00,,0.0,0,Stabekk,VYG:Line:R21,Stabekk-Oslo S-Moss,R21,rail,VYG:ServiceJourney:1134-MOS_443011-R,True,planned,2026-04-25T11:58:21.163701+02:00
NSR:StopPlace:58796,Moss stasjon,2026-04-25T12:40:00+02:00,2026-04-25T12:40:00+02:00,,0.0,0,Moss sentrum,OST:Line:1_20,Refsnes,20,bus,OST:ServiceJourney:20_251111070507825_620,False,planned,2026-04-25T11:58:21.163701+02:00
NSR:StopPlace:58796,Moss stasjon,2026-04-25T12:46:00+02:00,2026-04-25T12:46:00+02:00,,0.0,0,Göteborg C,VYG:Line:RE20,Oslo S-Halden-Göteborg-Malmö (X-Border),RE20,rail,VYG:ServiceJourney:115-389_448305-R,True,planned,2026-04-25T11:58:21.163701+02:00
NSR:StopPlace:58796,Moss stasjon,2026-04-25T12:54:00+02:00,2026-04-25T12:54:00+02:00,,0.0,0,Stabekk,VYG:Line:R21,Stabekk-Oslo S-Moss,R21,rail,VYG:ServiceJourney:1136-MOS_443013-R,True,planned,2026-04-25T11:58:21.163701+02:00
NSR:StopPlace:58830,Brakerøya stasjon,2026-04-25T10:51:00+02:00,2026-04-25T10:51:15+02:00,2026-04-25T10:51:15+02:00,15.0,1,Drammen,VYG:Line:R13,Drammen-Oslo S-Dal,R13,rail,VYG:ServiceJourney:1620_443256-R,True,actual,2026-04-25T11:58:21.163701+02:00
NSR:StopPlace:58830,Brakerøya stasjon,2026-04-25T11:08:00+02:00,2026-04-25T11:09:41+02:00,2026-04-25T11:09:41+02:00,101.0,1,Dal,VYG:Line:R13,Drammen-Oslo S-Dal,R13,rail,VYG:ServiceJourney:1627_443269-R,True,actual,2026-04-25T11:58:21.163701+02:00
NSR:StopPlace:58830,Brakerøya stasjon,2026-04-25T11:21:00+02:00,2026-04-25T11:21:47+02:00,2026-04-25T11:21:47+02:00,47.0,1,Drammen,VYG:Line:R13,Drammen-Oslo S-Dal,R13,rail,VYG:ServiceJourney:1622_443260-R,True,actual,2026-04-25T11:58:21.163701+02:00
NSR:StopPlace:58830,Brakerøya stasjon,2026-04-25T11:38:00+02:00,2026-04-25T11:38:20+02:00,2026-04-25T11:38:20+02:00,20.0,1,Dal,VYG:Line:R13,Drammen-Oslo S-Dal,R13,rail,VYG:ServiceJourney:1629_443274-R,True,actual,2026-04-25T11:58:21.163701+02:00
NSR:StopPlace:58830,Brakerøya stasjon,2026-04-25T11:51:00+02:00,2026-04-25T11:54:55+02:00,2026-04-25T11:54:55+02:00,235.0,1,Drammen,VYG:Line:R13,Drammen-Oslo S-Dal,R13,rail,VYG:ServiceJourney:1624_443264-R,True,actual,2026-04-25T11:58:21.163701+02:00
NSR:StopPlace:58830,Brakerøya stasjon,2026-04-25T12:08:00+02:00,2026-04-25T12:08:00+02:00,,0.0,0,Dal,VYG:Line:R13,Drammen-Oslo S-Dal,R13,rail,VYG:ServiceJourney:1631_443278-R,True,planned,2026-04-25T11:58:21.163701+02:00
NSR:StopPlace:58830,Brakerøya stasjon,2026-04-25T12:21:00+02:00,2026-04-25T12:21:00+02:00,,0.0,0,Drammen,VYG:Line:R13,Drammen-Oslo S-Dal,R13,rail,VYG:ServiceJourney:1626_443268-R,True,planned,2026-04-25T11:58:21.163701+02:00
NSR:StopPlace:58830,Brakerøya stasjon,2026-04-25T12:38:00+02:00,2026-04-25T12:38:00+02:00,,0.0,0,Dal,VYG:Line:R13,Drammen-Oslo S-Dal,R13,rail,VYG:ServiceJourney:1633_443282-R,True,planned,2026-04-25T11:58:21.163701+02:00
NSR:StopPlace:58830,Brakerøya stasjon,2026-04-25T12:51:00+02:00,2026-04-25T12:51:00+02:00,,0.0,0,Drammen,VYG:Line:R13,Drammen-Oslo S-Dal,R13,rail,VYG:ServiceJourney:1628_481149-R,True,planned,2026-04-25T11:58:21.163701+02:00
NSR:StopPlace:58832,Geilo stasjon,2026-04-25T11:32:00+02:00,2026-04-25T11:35:53+02:00,,233.0,1,Bergen,VYG:Line:F4,Oslo S-Bergen,F4,rail,VYG:ServiceJourney:BUS-61_539345-R,True,expected,2026-04-25T11:58:21.163701+02:00
NSR:StopPlace:58832,Geilo stasjon,2026-04-25T11:50:00+02:00,2026-04-25T12:12:25+02:00,,1345.0,1,Oslo S,VYG:Line:F4,Oslo S-Bergen,F4,rail,VYG:ServiceJourney:BUS-62_539352-R,True,expected,2026-04-25T11:58:21.163701+02:00
NSR:StopPlace:58833,Gol stasjon,2026-04-25T10:56:00+02:00,2026-04-25T11:30:03+02:00,,2043.0,1,Oslo S,VYG:Line:F4,Oslo S-Bergen,F4,rail,VYG:ServiceJourney:BUS-60_539332-R,True,expected,2026-04-25T11:58:21.163701+02:00
NSR:StopPlace:58833,Gol stasjon,2026-04-25T10:56:00+02:00,2026-04-25T11:34:28+02:00,2026-04-25T11:34:28+02:00,2308.0,1,Oslo S,VYG:Line:F4,Oslo S-Bergen,F4,rail,VYG:ServiceJourney:b331c2a9-1ac5-4a3d-b087-b04fc559b53b-60-2026-04-25-0,True,actual,2026-04-25T11:58:21.163701+02:00
NSR:StopPlace:58833,Gol stasjon,2026-04-25T11:25:00+02:00,2026-04-25T11:58:05+02:00,,1985.0,1,Hemsedal - Tuv,BRA:Line:4_6360,Gol - Tuv,360,bus,BRA:ServiceJourney:6360_260326134363009_6003,True,expected,2026-04-25T11:58:21.163701+02:00
NSR:StopPlace:58833,Gol stasjon,2026-04-25T12:17:00+02:00,2026-04-25T12:17:00+02:00,,0.0,0,Bergen,VYG:Line:F4,Oslo S-Bergen,F4,rail,VYG:ServiceJourney:BUS-63_539355-R,True,planned,2026-04-25T11:58:21.163701+02:00
NSR:StopPlace:58833,Gol stasjon,2026-04-25T12:17:00+02:00,2026-04-25T12:17:00+02:00,,0.0,0,Bergen,VYG:Line:F4,Oslo S-Bergen,F4,rail,VYG:ServiceJourney:BUS-63_539356-R,False,planned,2026-04-25T11:58:21.163701+02:00
NSR:StopPlace:58834,Hokksund stasjon,2026-04-25T10:57:00+02:00,2026-04-25T10:57:38+02:00,2026-04-25T10:57:38+02:00,38.0,1,Drammen via Mjøndalen,BRA:Line:4_6101,Drammen-Vikersund/Hønefoss,101,bus,BRA:ServiceJourney:6101_251202074276053_6010,True,actual,2026-04-25T11:58:21.163701+02:00
NSR:StopPlace:58834,Hokksund stasjon,2026-04-25T11:00:00+02:00,2026-04-25T11:00:17+02:00,2026-04-25T11:00:17+02:00,17.0,1,Kongsberg,VYG:Line:R12,Kongsberg-Oslo S-Eidsvoll,R12,rail,VYG:ServiceJourney:511_444305-R,True,actual,2026-04-25T11:58:21.163701+02:00
NSR:StopPlace:58834,Hokksund stasjon,2026-04-25T10:59:00+02:00,2026-04-25T11:00:21+02:00,2026-04-25T11:00:21+02:00,81.0,1,Eidsvoll,VYG:Line:R12,Kongsberg-Oslo S-Eidsvoll,R12,rail,VYG:ServiceJourney:514_444311-R,True,actual,2026-04-25T11:58:21.163701+02:00
NSR:StopPlace:58834,Hokksund stasjon,2026-04-25T11:06:00+02:00,2026-04-25T11:07:09+02:00,2026-04-25T11:07:09+02:00,69.0,1,Vikersund,BRA:Line:4_6101,Drammen-Vikersund/Hønefoss,101,bus,BRA:ServiceJourney:6101_251202074276019_6073,True,actual,2026-04-25T11:58:21.163701+02:00
NSR:StopPlace:58834,Hokksund stasjon,2026-04-25T11:57:00+02:00,2026-04-25T11:58:09+02:00,,69.0,1,Drammen via Mjøndalen,BRA:Line:4_6101,Drammen-Vikersund/Hønefoss,101,bus,BRA:ServiceJourney:6101_251202074276089_6012,True,expected,2026-04-25T11:58:21.163701+02:00
NSR:StopPlace:58834,Hokksund stasjon,2026-04-25T11:59:00+02:00,2026-04-25T11:59:00+02:00,,0.0,0,Eidsvoll,VYG:Line:R12,Kongsberg-Oslo S-Eidsvoll,R12,rail,VYG:ServiceJourney:516_444315-R,True,planned,2026-04-25T11:58:21.163701+02:00
NSR:StopPlace:58834,Hokksund stasjon,2026-04-25T12:01:00+02:00,2026-04-25T12:01:00+02:00,,0.0,0,Kongsberg,VYG:Line:R12,Kongsberg-Oslo S-Eidsvoll,R12,rail,VYG:ServiceJourney:513_444309-R,True,planned,2026-04-25T11:58:21.163701+02:00
NSR:StopPlace:58834,Hokksund stasjon,2026-04-25T12:57:00+02:00,2026-04-25T12:57:00+02:00,,0.0,0,Drammen via Mjøndalen,BRA:Line:4_6101,Drammen-Vikersund/Hønefoss,101,bus,BRA:ServiceJourney:6101_251202074276054_6014,True,planned,2026-04-25T11:58:21.163701+02:00
NSR:StopPlace:58835,Lier stasjon,2026-04-25T10:41:00+02:00,2026-04-25T10:42:33+02:00,2026-04-25T10:42:33+02:00,93.0,1,Dal,VYG:Line:R13,Drammen-Oslo S-Dal,R13,rail,VYG:ServiceJourney:1625_481147-R,True,actual,2026-04-25T11:58:21.163701+02:00
NSR:StopPlace:58835,Lier stasjon,2026-04-25T10:41:00+02:00,2026-04-25T10:43:50+02:00,2026-04-25T10:43:50+02:00,170.0,1,Lierskogen,BRA:Line:4_6073,Drammen - Reistad - Lierskogen,73,bus,BRA:ServiceJourney:6073_251202074275556_6001,True,actual,2026-04-25T11:58:21.163701+02:00
NSR:StopPlace:58835,Lier stasjon,2026-04-25T10:47:00+02:00,2026-04-25T10:47:19+02:00,2026-04-25T10:47:19+02:00,19.0,1,Drammen,VYG:Line:R13,Drammen-Oslo S-Dal,R13,rail,VYG:ServiceJourney:1620_443256-R,True,actual,2026-04-25T11:58:21.163701+02:00
NSR:StopPlace:58835,Lier stasjon,2026-04-25T11:11:00+02:00,2026-04-25T11:13:11+02:00,2026-04-25T11:13:11+02:00,131.0,1,Dal,VYG:Line:R13,Drammen-Oslo S-Dal,R13,rail,VYG:ServiceJourney:1627_443269-R,True,actual,2026-04-25T11:58:21.163701+02:00
NSR:StopPlace:58835,Lier stasjon,2026-04-25T11:17:00+02:00,2026-04-25T11:18:05+02:00,2026-04-25T11:18:05+02:00,65.0,1,Drammen,VYG:Line:R13,Drammen-Oslo S-Dal,R13,rail,VYG:ServiceJourney:1622_443260-R,True,actual,2026-04-25T11:58:21.163701+02:00
NSR:StopPlace:58835,Lier stasjon,2026-04-25T11:18:00+02:00,2026-04-25T11:19:40+02:00,2026-04-25T11:19:40+02:00,100.0,1,Drammen,BRA:Line:4_6073,Drammen - Reistad - Lierskogen,73,bus,BRA:ServiceJourney:6073_251202074275575_6000,True,actual,2026-04-25T11:58:21.163701+02:00
NSR:StopPlace:58835,Lier stasjon,2026-04-25T11:41:00+02:00,2026-04-25T11:41:59+02:00,2026-04-25T11:41:59+02:00,59.0,1,Dal,VYG:Line:R13,Drammen-Oslo S-Dal,R13,rail,VYG:ServiceJourney:1629_443274-R,True,actual,2026-04-25T11:58:21.163701+02:00
NSR:StopPlace:58835,Lier stasjon,2026-04-25T11:47:00+02:00,2026-04-25T11:51:24+02:00,2026-04-25T11:51:24+02:00,264.0,1,Drammen,VYG:Line:R13,Drammen-Oslo S-Dal,R13,rail,VYG:ServiceJourney:1624_443264-R,True,actual,2026-04-25T11:58:21.163701+02:00
NSR:StopPlace:58835,Lier stasjon,2026-04-25T12:11:00+02:00,2026-04-25T12:11:00+02:00,,0.0,0,Dal,VYG:Line:R13,Drammen-Oslo S-Dal,R13,rail,VYG:ServiceJourney:1631_443278-R,True,planned,2026-04-25T11:58:21.163701+02:00
NSR:StopPlace:58835,Lier stasjon,2026-04-25T12:17:00+02:00,2026-04-25T12:17:40+02:00,,40.0,1,Drammen,VYG:Line:R13,Drammen-Oslo S-Dal,R13,rail,VYG:ServiceJourney:1626_443268-R,True,expected,2026-04-25T11:58:21.163701+02:00
NSR:StopPlace:58835,Lier stasjon,2026-04-25T12:41:00+02:00,2026-04-25T12:41:00+02:00,,0.0,0,Dal,VYG:Line:R13,Drammen-Oslo S-Dal,R13,rail,VYG:ServiceJourney:1633_443282-R,True,planned,2026-04-25T11:58:21.163701+02:00
NSR:StopPlace:58835,Lier stasjon,2026-04-25T12:41:00+02:00,2026-04-25T12:41:00+02:00,,0.0,0,Lierskogen,BRA:Line:4_6073,Drammen - Reistad - Lierskogen,73,bus,BRA:ServiceJourney:6073_251202074275557_6003,False,planned,2026-04-25T11:58:21.163701+02:00
NSR:StopPlace:58835,Lier stasjon,2026-04-25T12:47:00+02:00,2026-04-25T12:47:00+02:00,,0.0,0,Drammen,VYG:Line:R13,Drammen-Oslo S-Dal,R13,rail,VYG:ServiceJourney:1628_481149-R,True,planned,2026-04-25T11:58:21.163701+02:00
NSR:StopPlace:58836,Mjøndalen stasjon,2026-04-25T10:49:00+02:00,2026-04-25T10:49:11+02:00,2026-04-25T10:49:11+02:00,11.0,1,Vikersund via Hokksund,BRA:Line:4_6101,Drammen-Vikersund/Hønefoss,101,bus,BRA:ServiceJourney:6101_251202074276019_6073,True,actual,2026-04-25T11:58:21.163701+02:00
NSR:StopPlace:58836,Mjøndalen stasjon,2026-04-25T10:53:00+02:00,2026-04-25T10:53:54+02:00,2026-04-25T10:53:54+02:00,54.0,1,Kongsberg,VYG:Line:R12,Kongsberg-Oslo S-Eidsvoll,R12,rail,VYG:ServiceJourney:511_444305-R,True,actual,2026-04-25T11:58:21.163701+02:00
NSR:StopPlace:58836,Mjøndalen stasjon,2026-04-25T10:57:00+02:00,2026-04-25T10:57:32+02:00,2026-04-25T10:57:32+02:00,32.0,1,Åsen,BRA:Line:4_6053,Mjøndalen - Åsen,53,bus,BRA:ServiceJourney:6053_251202074275141_6003,True,actual,2026-04-25T11:58:21.163701+02:00
NSR:StopPlace:58836,Mjøndalen stasjon,2026-04-25T11:06:00+02:00,2026-04-25T11:06:27+02:00,2026-04-25T11:06:27+02:00,27.0,1,Drammen sykehus Brakerøya,BRA:Line:4_6001,Drammen sykehus Brakerøya - Sørensvingen / Mjøndalen,1,bus,BRA:ServiceJourney:6001_251202074276833_6030,True,actual,2026-04-25T11:58:21.163701+02:00
NSR:StopPlace:58836,Mjøndalen stasjon,2026-04-25T11:05:00+02:00,2026-04-25T11:06:42+02:00,2026-04-25T11:06:42+02:00,102.0,1,Eidsvoll,VYG:Line:R12,Kongsberg-Oslo S-Eidsvoll,R12,rail,VYG:ServiceJourney:514_444311-R,True,actual,2026-04-25T11:58:21.163701+02:00
NSR:StopPlace:58836,Mjøndalen stasjon,2026-04-25T11:12:00+02:00,2026-04-25T11:13:58+02:00,2026-04-25T11:13:58+02:00,118.0,1,Drammen,BRA:Line:4_6101,Drammen-Vikersund/Hønefoss,101,bus,BRA:ServiceJourney:6101_251202074276053_6010,True,actual,2026-04-25T11:58:21.163701+02:00
NSR:StopPlace:58836,Mjøndalen stasjon,2026-04-25T11:24:00+02:00,2026-04-25T11:24:10+02:00,2026-04-25T11:24:10+02:00,10.0,1,Drammen via Gulskogen,BRA:Line:4_6052,Drammen - Mjøndalen,52,bus,BRA:ServiceJourney:6052_251202074275886_6006,True,actual,2026-04-25T11:58:21.163701+02:00
NSR:StopPlace:58836,Mjøndalen stasjon,2026-04-25T11:36:00+02:00,2026-04-25T11:36:32+02:00,2026-04-25T11:36:32+02:00,32.0,1,Drammen sykehus Brakerøya,BRA:Line:4_6001,Drammen sykehus Brakerøya - Sørensvingen / Mjøndalen,1,bus,BRA:ServiceJourney:6001_251202074276834_6034,True,actual,2026-04-25T11:58:21.163701+02:00
NSR:StopPlace:58836,Mjøndalen stasjon,2026-04-25T11:37:00+02:00,2026-04-25T11:37:18+02:00,2026-04-25T11:37:18+02:00,18.0,1,Hovjordet,BRA:Line:4_6054,Mjøndalen - Hovjordet,54,bus,BRA:ServiceJourney:6054_251202074277423_6007,True,actual,2026-04-25T11:58:21.163701+02:00
NSR:StopPlace:58836,Mjøndalen stasjon,2026-04-25T11:49:00+02:00,2026-04-25T11:49:09+02:00,2026-04-25T11:49:09+02:00,9.0,1,Hokksund,BRA:Line:4_6101,Drammen-Vikersund/Hønefoss,101,bus,BRA:ServiceJourney:6101_251202074275991_6007,True,actual,2026-04-25T11:58:21.163701+02:00
NSR:StopPlace:58836,Mjøndalen stasjon,2026-04-25T11:53:00+02:00,2026-04-25T11:54:09+02:00,2026-04-25T11:54:09+02:00,69.0,1,Kongsberg,VYG:Line:R12,Kongsberg-Oslo S-Eidsvoll,R12,rail,VYG:ServiceJourney:513_444309-R,True,actual,2026-04-25T11:58:21.163701+02:00
NSR:StopPlace:58836,Mjøndalen stasjon,2026-04-25T12:05:00+02:00,2026-04-25T12:05:00+02:00,,0.0,0,Eidsvoll,VYG:Line:R12,Kongsberg-Oslo S-Eidsvoll,R12,rail,VYG:ServiceJourney:516_444315-R,True,planned,2026-04-25T11:58:21.163701+02:00
NSR:StopPlace:58836,Mjøndalen stasjon,2026-04-25T12:06:00+02:00,2026-04-25T12:06:00+02:00,,0.0,0,Drammen sykehus Brakerøya,BRA:Line:4_6001,Drammen sykehus Brakerøya - Sørensvingen / Mjøndalen,1,bus,BRA:ServiceJourney:6001_251202074276835_6038,True,planned,2026-04-25T11:58:21.163701+02:00
NSR:StopPlace:58836,Mjøndalen stasjon,2026-04-25T12:12:00+02:00,2026-04-25T12:13:09+02:00,,69.0,1,Drammen,BRA:Line:4_6101,Drammen-Vikersund/Hønefoss,101,bus,BRA:ServiceJourney:6101_251202074276089_6012,True,expected,2026-04-25T11:58:21.163701+02:00
NSR:StopPlace:58836,Mjøndalen stasjon,2026-04-25T12:24:00+02:00,2026-04-25T12:24:00+02:00,,0.0,0,Drammen via Gulskogen,BRA:Line:4_6052,Drammen - Mjøndalen,52,bus,BRA:ServiceJourney:6052_251202074275887_6008,True,planned,2026-04-25T11:58:21.163701+02:00
NSR:StopPlace:58836,Mjøndalen stasjon,2026-04-25T12:36:00+02:00,2026-04-25T12:36:00+02:00,,0.0,0,Drammen sykehus Brakerøya,BRA:Line:4_6001,Drammen sykehus Brakerøya - Sørensvingen / Mjøndalen,1,bus,BRA:ServiceJourney:6001_251202074276836_6042,True,planned,2026-04-25T11:58:21.163701+02:00
NSR:StopPlace:58836,Mjøndalen stasjon,2026-04-25T12:49:00+02:00,2026-04-25T12:50:40+02:00,,100.0,1,Vikersund via Hokksund,BRA:Line:4_6101,Drammen-Vikersund/Hønefoss,101,bus,BRA:ServiceJourney:6101_251202074276020_6009,True,expected,2026-04-25T11:58:21.163701+02:00
NSR:StopPlace:58836,Mjøndalen stasjon,2026-04-25T12:53:00+02:00,2026-04-25T12:53:00+02:00,,0.0,0,Kongsberg,VYG:Line:R12,Kongsberg-Oslo S-Eidsvoll,R12,rail,VYG:ServiceJourney:515_444313-R,True,planned,2026-04-25T11:58:21.163701+02:00
NSR:StopPlace:58837,Nesbyen stasjon,2026-04-25T11:20:00+02:00,2026-04-25T11:50:29+02:00,,1829.0,1,Oslo S,VYG:Line:F4,Oslo S-Bergen,F4,rail,VYG:ServiceJourney:BUS-60_539332-R,True,expected,2026-04-25T11:58:21.163701+02:00
NSR:StopPlace:58837,Nesbyen stasjon,2026-04-25T11:20:00+02:00,2026-04-25T11:52:39+02:00,2026-04-25T11:52:39+02:00,1959.0,1,Oslo S,VYG:Line:F4,Oslo S-Bergen,F4,rail,VYG:ServiceJourney:b331c2a9-1ac5-4a3d-b087-b04fc559b53b-60-2026-04-25-0,True,actual,2026-04-25T11:58:21.163701+02:00
NSR:StopPlace:58837,Nesbyen stasjon,2026-04-25T11:53:00+02:00,2026-04-25T11:53:00+02:00,,0.0,0,Bergen,VYG:Line:F4,Oslo S-Bergen,F4,rail,VYG:ServiceJourney:BUS-63_539356-R,False,planned,2026-04-25T11:58:21.163701+02:00
NSR:StopPlace:58837,Nesbyen stasjon,2026-04-25T11:53:00+02:00,2026-04-25T11:59:58+02:00,,418.0,1,Bergen,VYG:Line:F4,Oslo S-Bergen,F4,rail,VYG:ServiceJourney:BUS-63_539355-R,True,expected,2026-04-25T11:58:21.163701+02:00
NSR:StopPlace:58838,Røyken stasjon,2026-04-25T10:45:00+02:00,2026-04-25T10:47:07+02:00,2026-04-25T10:47:07+02:00,127.0,1,Asker,RUT:Line:260,Hyggen - Bråset -Slemmestad (- Asker),260,bus,RUT:ServiceJourney:48a809333161dddf56fff992f397b0ad,True,actual,2026-04-25T11:58:21.163701+02:00
NSR:StopPlace:58838,Røyken stasjon,2026-04-25T10:49:00+02:00,2026-04-25T10:53:38+02:00,,278.0,1,Lillestrøm,VYG:Line:L1,Spikkestad-Oslo S-Lillestrøm,L1,rail,VYG:ServiceJourney:2228_443628-R,True,expected,2026-04-25T11:58:21.163701+02:00
NSR:StopPlace:58838,Røyken stasjon,2026-04-25T10:59:00+02:00,2026-04-25T10:59:00+02:00,,0.0,0,Spikkestad,VYG:Line:L1,Spikkestad-Oslo S-Lillestrøm,L1,rail,VYG:ServiceJourney:2221_443617-R,True,planned,2026-04-25T11:58:21.163701+02:00
NSR:StopPlace:58838,Røyken stasjon,2026-04-25T11:03:00+02:00,2026-04-25T11:03:07+02:00,2026-04-25T11:03:07+02:00,7.0,1,Bråset,RUT:Line:260,Hyggen - Bråset -Slemmestad (- Asker),260,bus,RUT:ServiceJourney:52d87c4e35f020c194d0ffe5dcd08f63,True,actual,2026-04-25T11:58:21.163701+02:00
NSR:StopPlace:58838,Røyken stasjon,2026-04-25T11:08:00+02:00,2026-04-25T11:07:38+02:00,2026-04-25T11:07:38+02:00,-22.0,0,Sætre,RUT:Line:261,Drammen - Lahell - Røyken - Sætre,261,bus,RUT:ServiceJourney:e4cd5a2984c19100aedc270c6ef85b1e,True,actual,2026-04-25T11:58:21.163701+02:00
NSR:StopPlace:58838,Røyken stasjon,2026-04-25T11:19:00+02:00,2026-04-25T11:19:27+02:00,,27.0,1,Lillestrøm,VYG:Line:L1,Spikkestad-Oslo S-Lillestrøm,L1,rail,VYG:ServiceJourney:2230_443632-R,True,expected,2026-04-25T11:58:21.163701+02:00
NSR:StopPlace:58838,Røyken stasjon,2026-04-25T11:29:00+02:00,2026-04-25T11:29:00+02:00,,0.0,0,Spikkestad,VYG:Line:L1,Spikkestad-Oslo S-Lillestrøm,L1,rail,VYG:ServiceJourney:2223_443621-R,True,planned,2026-04-25T11:58:21.163701+02:00
NSR:StopPlace:58838,Røyken stasjon,2026-04-25T11:37:00+02:00,2026-04-25T11:38:15+02:00,2026-04-25T11:38:15+02:00,75.0,1,Drammen,RUT:Line:261,Drammen - Lahell - Røyken - Sætre,261,bus,RUT:ServiceJourney:bc5948b958c28470b06bb92bf8075adc,True,actual,2026-04-25T11:58:21.163701+02:00
NSR:StopPlace:58838,Røyken stasjon,2026-04-25T11:45:00+02:00,2026-04-25T11:45:47+02:00,2026-04-25T11:45:47+02:00,47.0,1,Asker,RUT:Line:260,Hyggen - Bråset -Slemmestad (- Asker),260,bus,RUT:ServiceJourney:a78bc7d53a7103eebc825025ab15196a,True,actual,2026-04-25T11:58:21.163701+02:00
NSR:StopPlace:58838,Røyken stasjon,2026-04-25T11:49:00+02:00,2026-04-25T11:49:30+02:00,,30.0,1,Lillestrøm,VYG:Line:L1,Spikkestad-Oslo S-Lillestrøm,L1,rail,VYG:ServiceJourney:2232_443636-R,True,expected,2026-04-25T11:58:21.163701+02:00
NSR:StopPlace:58838,Røyken stasjon,2026-04-25T11:59:00+02:00,2026-04-25T11:59:18+02:00,,18.0,1,Spikkestad,VYG:Line:L1,Spikkestad-Oslo S-Lillestrøm,L1,rail,VYG:ServiceJourney:2225_443623-R,True,expected,2026-04-25T11:58:21.163701+02:00
NSR:StopPlace:58838,Røyken stasjon,2026-04-25T12:03:00+02:00,2026-04-25T12:03:59+02:00,,59.0,1,Hyggen,RUT:Line:260,Hyggen - Bråset -Slemmestad (- Asker),260,bus,RUT:ServiceJourney:058b62e3cc8b9512d0ac3226dad37948,True,expected,2026-04-25T11:58:21.163701+02:00
NSR:StopPlace:58838,Røyken stasjon,2026-04-25T12:08:00+02:00,2026-04-25T12:10:04+02:00,,124.0,1,Sætre,RUT:Line:261,Drammen - Lahell - Røyken - Sætre,261,bus,RUT:ServiceJourney:a28da504cb461cb092113625c41f3895,True,expected,2026-04-25T11:58:21.163701+02:00
NSR:StopPlace:58838,Røyken stasjon,2026-04-25T12:19:00+02:00,2026-04-25T12:19:00+02:00,,0.0,0,Lillestrøm,VYG:Line:L1,Spikkestad-Oslo S-Lillestrøm,L1,rail,VYG:ServiceJourney:2234_443639-R,True,planned,2026-04-25T11:58:21.163701+02:00
NSR:StopPlace:58838,Røyken stasjon,2026-04-25T12:29:00+02:00,2026-04-25T12:29:00+02:00,,0.0,0,Spikkestad,VYG:Line:L1,Spikkestad-Oslo S-Lillestrøm,L1,rail,VYG:ServiceJourney:2227_443627-R,True,planned,2026-04-25T11:58:21.163701+02:00
NSR:StopPlace:58838,Røyken stasjon,2026-04-25T12:37:00+02:00,2026-04-25T12:37:00+02:00,,0.0,0,Drammen,RUT:Line:261,Drammen - Lahell - Røyken - Sætre,261,bus,RUT:ServiceJourney:529d3b1718edbcf5821b5e8a50929f96,True,planned,2026-04-25T11:58:21.163701+02:00
NSR:StopPlace:58838,Røyken stasjon,2026-04-25T12:45:00+02:00,2026-04-25T12:45:00+02:00,,0.0,0,Asker,RUT:Line:260,Hyggen - Bråset -Slemmestad (- Asker),260,bus,RUT:ServiceJourney:dc69e65511287d089225d6fc562acbdc,False,planned,2026-04-25T11:58:21.163701+02:00
NSR:StopPlace:58838,Røyken stasjon,2026-04-25T12:49:00+02:00,2026-04-25T12:49:00+02:00,,0.0,0,Lillestrøm,VYG:Line:L1,Spikkestad-Oslo S-Lillestrøm,L1,rail,VYG:ServiceJourney:2236_443642-R,True,planned,2026-04-25T11:58:21.163701+02:00
NSR:StopPlace:58839,Steinberg stasjon,2026-04-25T10:54:00+02:00,2026-04-25T10:56:05+02:00,2026-04-25T10:56:05+02:00,125.0,1,Vikersund via Hokksund,BRA:Line:4_6101,Drammen-Vikersund/Hønefoss,101,bus,BRA:ServiceJourney:6101_251202074276019_6073,True,actual,2026-04-25T11:58:21.163701+02:00
NSR:StopPlace:58839,Steinberg stasjon,2026-04-25T11:02:00+02:00,2026-04-25T11:03:50+02:00,2026-04-25T11:03:50+02:00,110.0,1,Eidsvoll,VYG:Line:R12,Kongsberg-Oslo S-Eidsvoll,R12,rail,VYG:ServiceJourney:514_444311-R,True,actual,2026-04-25T11:58:21.163701+02:00
NSR:StopPlace:58839,Steinberg stasjon,2026-04-25T11:05:00+02:00,2026-04-25T11:06:35+02:00,2026-04-25T11:06:35+02:00,95.0,1,Drammen via Mjøndalen,BRA:Line:4_6101,Drammen-Vikersund/Hønefoss,101,bus,BRA:ServiceJourney:6101_251202074276053_6010,True,actual,2026-04-25T11:58:21.163701+02:00
NSR:StopPlace:58839,Steinberg stasjon,2026-04-25T11:54:00+02:00,2026-04-25T11:55:24+02:00,2026-04-25T11:55:24+02:00,84.0,1,Hokksund,BRA:Line:4_6101,Drammen-Vikersund/Hønefoss,101,bus,BRA:ServiceJourney:6101_251202074275991_6007,True,actual,2026-04-25T11:58:21.163701+02:00
NSR:StopPlace:58839,Steinberg stasjon,2026-04-25T11:56:00+02:00,2026-04-25T11:57:17+02:00,2026-04-25T11:57:17+02:00,77.0,1,Kongsberg,VYG:Line:R12,Kongsberg-Oslo S-Eidsvoll,R12,rail,VYG:ServiceJourney:513_444309-R,True,actual,2026-04-25T11:58:21.163701+02:00
NSR:StopPlace:58839,Steinberg stasjon,2026-04-25T12:05:00+02:00,2026-04-25T12:06:09+02:00,,69.0,1,Drammen via Mjøndalen,BRA:Line:4_6101,Drammen-Vikersund/Hønefoss,101,bus,BRA:ServiceJourney:6101_251202074276089_6012,True,expected,2026-04-25T11:58:21.163701+02:00
NSR:StopPlace:58839,Steinberg stasjon,2026-04-25T12:54:00+02:00,2026-04-25T12:55:40+02:00,,100.0,1,Vikersund via Hokksund,BRA:Line:4_6101,Drammen-Vikersund/Hønefoss,101,bus,BRA:ServiceJourney:6101_251202074276020_6009,True,expected,2026-04-25T11:58:21.163701+02:00
NSR:StopPlace:58841,Ål stasjon,2026-04-25T11:04:00+02:00,2026-04-25T11:06:38+02:00,2026-04-25T11:06:38+02:00,158.0,1,Bergen,VYG:Line:F4,Oslo S-Bergen,F4,rail,VYG:ServiceJourney:BUS-61_539345-R,True,actual,2026-04-25T11:58:21.163701+02:00
NSR:StopPlace:58841,Ål stasjon,2026-04-25T10:29:00+02:00,2026-04-25T11:09:20+02:00,2026-04-25T11:09:20+02:00,2420.0,1,Oslo S,VYG:Line:F4,Oslo S-Bergen,F4,rail,VYG:ServiceJourney:b331c2a9-1ac5-4a3d-b087-b04fc559b53b-60-2026-04-25-0,True,actual,2026-04-25T11:58:21.163701+02:00
NSR:StopPlace:58841,Ål stasjon,2026-04-25T12:18:00+02:00,2026-04-25T12:42:38+02:00,,1478.0,1,Oslo S,VYG:Line:F4,Oslo S-Bergen,F4,rail,VYG:ServiceJourney:BUS-62_539352-R,True,expected,2026-04-25T11:58:21.163701+02:00
NSR:StopPlace:58841,Ål stasjon,2026-04-25T12:44:00+02:00,2026-04-25T12:44:00+02:00,,0.0,0,Bergen,VYG:Line:F4,Oslo S-Bergen,F4,rail,VYG:ServiceJourney:BUS-63_539355-R,True,planned,2026-04-25T11:58:21.163701+02:00
NSR:StopPlace:58842,Blaker stasjon,2026-04-25T11:21:00+02:00,2026-04-25T11:23:55+02:00,2026-04-25T11:23:55+02:00,175.0,1,Asker,VYG:Line:R14,Asker-Oslo S-Kongsvinger,R14,rail,VYG:ServiceJourney:1014_442919-R,True,actual,2026-04-25T11:58:21.163701+02:00
NSR:StopPlace:58842,Blaker stasjon,2026-04-25T11:34:00+02:00,2026-04-25T11:42:09+02:00,2026-04-25T11:42:09+02:00,489.0,1,Kongsvinger,VYG:Line:R14,Asker-Oslo S-Kongsvinger,R14,rail,VYG:ServiceJourney:1013_442918-R,True,actual,2026-04-25T11:58:21.163701+02:00
NSR:StopPlace:58842,Blaker stasjon,2026-04-25T12:21:00+02:00,2026-04-25T12:21:00+02:00,,0.0,0,Asker,VYG:Line:R14,Asker-Oslo S-Kongsvinger,R14,rail,VYG:ServiceJourney:1016_442922-R,True,planned,2026-04-25T11:58:21.163701+02:00
NSR:StopPlace:58842,Blaker stasjon,2026-04-25T12:34:00+02:00,2026-04-25T12:34:00+02:00,,0.0,0,Kongsvinger,VYG:Line:R14,Asker-Oslo S-Kongsvinger,R14,rail,VYG:ServiceJourney:1015_442921-R,True,planned,2026-04-25T11:58:21.163701+02:00
NSR:StopPlace:58843,Blommenholm stasjon,2026-04-25T10:50:00+02:00,2026-04-25T10:50:45+02:00,2026-04-25T10:50:45+02:00,45.0,1,Lillestrøm,VYG:Line:L1,Spikkestad-Oslo S-Lillestrøm,L1,rail,VYG:ServiceJourney:2226_452018-R,True,actual,2026-04-25T11:58:21.163701+02:00
NSR:StopPlace:58843,Blommenholm stasjon,2026-04-25T10:58:00+02:00,2026-04-25T10:59:00+02:00,2026-04-25T10:59:00+02:00,60.0,1,Spikkestad,VYG:Line:L1,Spikkestad-Oslo S-Lillestrøm,L1,rail,VYG:ServiceJourney:2223_443621-R,True,actual,2026-04-25T11:58:21.163701+02:00
NSR:StopPlace:58843,Blommenholm stasjon,2026-04-25T11:20:00+02:00,2026-04-25T11:21:41+02:00,2026-04-25T11:21:41+02:00,101.0,1,Lillestrøm,VYG:Line:L1,Spikkestad-Oslo S-Lillestrøm,L1,rail,VYG:ServiceJourney:2228_443628-R,True,actual,2026-04-25T11:58:21.163701+02:00
NSR:StopPlace:58843,Blommenholm stasjon,2026-04-25T11:28:00+02:00,2026-04-25T11:28:41+02:00,2026-04-25T11:28:41+02:00,41.0,1,Spikkestad,VYG:Line:L1,Spikkestad-Oslo S-Lillestrøm,L1,rail,VYG:ServiceJourney:2225_443623-R,True,actual,2026-04-25T11:58:21.163701+02:00
NSR:StopPlace:58843,Blommenholm stasjon,2026-04-25T11:50:00+02:00,2026-04-25T11:50:30+02:00,2026-04-25T11:50:30+02:00,30.0,1,Lillestrøm,VYG:Line:L1,Spikkestad-Oslo S-Lillestrøm,L1,rail,VYG:ServiceJourney:2230_443632-R,True,actual,2026-04-25T11:58:21.163701+02:00
NSR:StopPlace:58843,Blommenholm stasjon,2026-04-25T11:58:00+02:00,2026-04-25T11:59:35+02:00,,95.0,1,Spikkestad,VYG:Line:L1,Spikkestad-Oslo S-Lillestrøm,L1,rail,VYG:ServiceJourney:2227_443627-R,True,expected,2026-04-25T11:58:21.163701+02:00
NSR:StopPlace:58843,Blommenholm stasjon,2026-04-25T12:20:00+02:00,2026-04-25T12:20:00+02:00,,0.0,0,Lillestrøm,VYG:Line:L1,Spikkestad-Oslo S-Lillestrøm,L1,rail,VYG:ServiceJourney:2232_443636-R,True,planned,2026-04-25T11:58:21.163701+02:00
NSR:StopPlace:58843,Blommenholm stasjon,2026-04-25T12:28:00+02:00,2026-04-25T12:28:52+02:00,,52.0,1,Spikkestad,VYG:Line:L1,Spikkestad-Oslo S-Lillestrøm,L1,rail,VYG:ServiceJourney:2229_443629-R,True,expected,2026-04-25T11:58:21.163701+02:00
NSR:StopPlace:58843,Blommenholm stasjon,2026-04-25T12:50:00+02:00,2026-04-25T12:50:00+02:00,,0.0,0,Lillestrøm,VYG:Line:L1,Spikkestad-Oslo S-Lillestrøm,L1,rail,VYG:ServiceJourney:2234_443639-R,True,planned,2026-04-25T11:58:21.163701+02:00
NSR:StopPlace:58843,Blommenholm stasjon,2026-04-25T12:58:00+02:00,2026-04-25T12:58:00+02:00,,0.0,0,Spikkestad,VYG:Line:L1,Spikkestad-Oslo S-Lillestrøm,L1,rail,VYG:ServiceJourney:2231_443635-R,True,planned,2026-04-25T11:58:21.163701+02:00
NSR:StopPlace:58844,Eidsvoll stasjon,2026-04-25T10:45:00+02:00,2026-04-25T10:47:40+02:00,2026-04-25T10:47:40+02:00,160.0,1,Jessheim,RUT:Line:430,Eidsvoll - Jessheim,430,bus,RUT:ServiceJourney:24a2c4929b95d6cd525a579dbefefbc9,True,actual,2026-04-25T11:58:21.163701+02:00
NSR:StopPlace:58844,Eidsvoll stasjon,2026-04-25T10:53:00+02:00,2026-04-25T10:54:10+02:00,2026-04-25T10:54:10+02:00,70.0,1,Drammen,VYG:Line:RE10,Drammen-Oslo S-Lillehammer,RE10,rail,VYG:ServiceJourney:312-HHS_486388-R,True,actual,2026-04-25T11:58:21.163701+02:00
NSR:StopPlace:58844,Eidsvoll stasjon,2026-04-25T11:01:00+02:00,2026-04-25T11:00:54+02:00,2026-04-25T11:00:54+02:00,-6.0,0,Skien,VYG:Line:RE11,Eidsvoll-Oslo S-Skien,RE11,rail,VYG:ServiceJourney:815_444395-R,True,actual,2026-04-25T11:58:21.163701+02:00
NSR:StopPlace:58844,Eidsvoll stasjon,2026-04-25T11:08:00+02:00,2026-04-25T11:10:19+02:00,2026-04-25T11:10:19+02:00,139.0,1,Lillehammer,VYG:Line:RE10,Drammen-Oslo S-Lillehammer,RE10,rail,VYG:ServiceJourney:313-SUD_444163-R,True,actual,2026-04-25T11:58:21.163701+02:00
NSR:StopPlace:58844,Eidsvoll stasjon,2026-04-25T11:14:00+02:00,2026-04-25T11:16:40+02:00,2026-04-25T11:16:40+02:00,160.0,1,Eidsvoll,RUT:Line:430,Eidsvoll - Jessheim,430,bus,RUT:ServiceJourney:dcb00dc05ca5e383a2bd90a5a443f282,True,actual,2026-04-25T11:58:21.163701+02:00
NSR:StopPlace:58844,Eidsvoll stasjon,2026-04-25T11:15:00+02:00,2026-04-25T11:16:44+02:00,2026-04-25T11:16:44+02:00,104.0,1,Jessheim,RUT:Line:430,Eidsvoll - Jessheim,430,bus,RUT:ServiceJourney:b7edd6d3d96a0a60e252e14b7cdd46a9,True,actual,2026-04-25T11:58:21.163701+02:00
NSR:StopPlace:58844,Eidsvoll stasjon,2026-04-25T11:31:00+02:00,2026-04-25T11:30:54+02:00,2026-04-25T11:30:54+02:00,-6.0,0,Kongsberg,VYG:Line:R12,Kongsberg-Oslo S-Eidsvoll,R12,rail,VYG:ServiceJourney:515_444313-R,True,actual,2026-04-25T11:58:21.163701+02:00
NSR:StopPlace:58844,Eidsvoll stasjon,2026-04-25T11:44:00+02:00,2026-04-25T11:44:28+02:00,2026-04-25T11:44:28+02:00,28.0,1,Eidsvoll,RUT:Line:430,Eidsvoll - Jessheim,430,bus,RUT:ServiceJourney:7c3630e0963409baf5dc48a548ac51a8,True,actual,2026-04-25T11:58:21.163701+02:00
NSR:StopPlace:58844,Eidsvoll stasjon,2026-04-25T11:45:00+02:00,2026-04-25T11:45:58+02:00,2026-04-25T11:45:58+02:00,58.0,1,Jessheim,RUT:Line:430,Eidsvoll - Jessheim,430,bus,RUT:ServiceJourney:942aa302369957e95af96c3797409fd6,True,actual,2026-04-25T11:58:21.163701+02:00
NSR:StopPlace:58844,Eidsvoll stasjon,2026-04-25T11:53:00+02:00,2026-04-25T11:54:32+02:00,2026-04-25T11:54:32+02:00,92.0,1,Drammen,VYG:Line:RE10,Drammen-Oslo S-Lillehammer,RE10,rail,VYG:ServiceJourney:314-HVE_488405-R,True,actual,2026-04-25T11:58:21.163701+02:00
NSR:StopPlace:58844,Eidsvoll stasjon,2026-04-25T12:01:00+02:00,2026-04-25T12:01:00+02:00,,0.0,0,Skien,VYG:Line:RE11,Eidsvoll-Oslo S-Skien,RE11,rail,VYG:ServiceJourney:817_444397-R,True,planned,2026-04-25T11:58:21.163701+02:00
NSR:StopPlace:58844,Eidsvoll stasjon,2026-04-25T12:05:00+02:00,2026-04-25T12:05:00+02:00,,0.0,0,Fenstad,RUT:Line:441,Eidsvoll - Årnes,441,bus,RUT:ServiceJourney:5139923dcc41db8c0f1712de288f0060,False,planned,2026-04-25T11:58:21.163701+02:00
NSR:StopPlace:58844,Eidsvoll stasjon,2026-04-25T12:08:00+02:00,2026-04-25T12:08:00+02:00,,0.0,0,Lillehammer,VYG:Line:RE10,Drammen-Oslo S-Lillehammer,RE10,rail,VYG:ServiceJourney:315-SUD_444173-R,True,planned,2026-04-25T11:58:21.163701+02:00
NSR:StopPlace:58844,Eidsvoll stasjon,2026-04-25T12:14:00+02:00,2026-04-25T12:14:00+02:00,,0.0,0,Eidsvoll,RUT:Line:430,Eidsvoll - Jessheim,430,bus,RUT:ServiceJourney:17c5eb889fef4baec53540287fe1740b,True,planned,2026-04-25T11:58:21.163701+02:00
NSR:StopPlace:58844,Eidsvoll stasjon,2026-04-25T12:15:00+02:00,2026-04-25T12:15:00+02:00,,0.0,0,Jessheim,RUT:Line:430,Eidsvoll - Jessheim,430,bus,RUT:ServiceJourney:796b28d8ccdfaee4b52384131febfab2,False,planned,2026-04-25T11:58:21.163701+02:00
NSR:StopPlace:58844,Eidsvoll stasjon,2026-04-25T12:31:00+02:00,2026-04-25T12:31:00+02:00,,0.0,0,Kongsberg,VYG:Line:R12,Kongsberg-Oslo S-Eidsvoll,R12,rail,VYG:ServiceJourney:517_444316-R,True,planned,2026-04-25T11:58:21.163701+02:00
NSR:StopPlace:58844,Eidsvoll stasjon,2026-04-25T12:44:00+02:00,2026-04-25T12:44:00+02:00,,0.0,0,Eidsvoll,RUT:Line:430,Eidsvoll - Jessheim,430,bus,RUT:ServiceJourney:482828e22568f35e8c49b7d4ed41803b,True,planned,2026-04-25T11:58:21.163701+02:00
NSR:StopPlace:58844,Eidsvoll stasjon,2026-04-25T12:45:00+02:00,2026-04-25T12:45:00+02:00,,0.0,0,Jessheim,RUT:Line:430,Eidsvoll - Jessheim,430,bus,RUT:ServiceJourney:11aa3a9f092e5ae8888aec86f5e1edaa,False,planned,2026-04-25T11:58:21.163701+02:00
NSR:StopPlace:58844,Eidsvoll stasjon,2026-04-25T12:53:00+02:00,2026-04-25T12:53:00+02:00,,0.0,0,Drammen,VYG:Line:RE10,Drammen-Oslo S-Lillehammer,RE10,rail,VYG:ServiceJourney:316-HVE_488409-R,True,planned,2026-04-25T11:58:21.163701+02:00
NSR:StopPlace:58845,Eidsvoll verk stasjon,2026-04-25T10:55:00+02:00,2026-04-25T10:56:00+02:00,2026-04-25T10:56:00+02:00,60.0,1,Eidsvoll,VYG:Line:RE11,Eidsvoll-Oslo S-Skien,RE11,rail,VYG:ServiceJourney:810_444390-R,True,actual,2026-04-25T11:58:21.163701+02:00
NSR:StopPlace:58845,Eidsvoll verk stasjon,2026-04-25T11:00:00+02:00,2026-04-25T11:00:50+02:00,2026-04-25T11:00:50+02:00,50.0,1,Eidsvoll,RUT:Line:430,Eidsvoll - Jessheim,430,bus,RUT:ServiceJourney:dcb00dc05ca5e383a2bd90a5a443f282,True,actual,2026-04-25T11:58:21.163701+02:00
NSR:StopPlace:58845,Eidsvoll verk stasjon,2026-04-25T11:01:00+02:00,2026-04-25T11:02:32+02:00,2026-04-25T11:02:32+02:00,92.0,1,Jessheim,RUT:Line:430,Eidsvoll - Jessheim,430,bus,RUT:ServiceJourney:24a2c4929b95d6cd525a579dbefefbc9,True,actual,2026-04-25T11:58:21.163701+02:00
NSR:StopPlace:58845,Eidsvoll verk stasjon,2026-04-25T11:05:00+02:00,2026-04-25T11:06:40+02:00,2026-04-25T11:06:40+02:00,100.0,1,Skien,VYG:Line:RE11,Eidsvoll-Oslo S-Skien,RE11,rail,VYG:ServiceJourney:815_444395-R,True,actual,2026-04-25T11:58:21.163701+02:00
NSR:StopPlace:58845,Eidsvoll verk stasjon,2026-04-25T11:25:00+02:00,2026-04-25T11:25:59+02:00,2026-04-25T11:25:59+02:00,59.0,1,Eidsvoll,VYG:Line:R12,Kongsberg-Oslo S-Eidsvoll,R12,rail,VYG:ServiceJourney:512_541888-R,True,actual,2026-04-25T11:58:21.163701+02:00
NSR:StopPlace:58845,Eidsvoll verk stasjon,2026-04-25T11:30:00+02:00,2026-04-25T11:30:23+02:00,2026-04-25T11:30:23+02:00,23.0,1,Eidsvoll,RUT:Line:430,Eidsvoll - Jessheim,430,bus,RUT:ServiceJourney:7c3630e0963409baf5dc48a548ac51a8,True,actual,2026-04-25T11:58:21.163701+02:00
NSR:StopPlace:58845,Eidsvoll verk stasjon,2026-04-25T11:31:00+02:00,2026-04-25T11:31:41+02:00,2026-04-25T11:31:41+02:00,41.0,1,Jessheim,RUT:Line:430,Eidsvoll - Jessheim,430,bus,RUT:ServiceJourney:b7edd6d3d96a0a60e252e14b7cdd46a9,True,actual,2026-04-25T11:58:21.163701+02:00
NSR:StopPlace:58845,Eidsvoll verk stasjon,2026-04-25T11:35:00+02:00,2026-04-25T11:35:42+02:00,2026-04-25T11:35:42+02:00,42.0,1,Kongsberg,VYG:Line:R12,Kongsberg-Oslo S-Eidsvoll,R12,rail,VYG:ServiceJourney:515_444313-R,True,actual,2026-04-25T11:58:21.163701+02:00
NSR:StopPlace:58845,Eidsvoll verk stasjon,2026-04-25T11:55:00+02:00,2026-04-25T11:55:58+02:00,2026-04-25T11:55:58+02:00,58.0,1,Eidsvoll,VYG:Line:RE11,Eidsvoll-Oslo S-Skien,RE11,rail,VYG:ServiceJourney:812_444392-R,True,actual,2026-04-25T11:58:21.163701+02:00
NSR:StopPlace:58845,Eidsvoll verk stasjon,2026-04-25T12:00:00+02:00,2026-04-25T12:00:00+02:00,,0.0,0,Eidsvoll,RUT:Line:430,Eidsvoll - Jessheim,430,bus,RUT:ServiceJourney:17c5eb889fef4baec53540287fe1740b,True,planned,2026-04-25T11:58:21.163701+02:00
NSR:StopPlace:58845,Eidsvoll verk stasjon,2026-04-25T12:01:00+02:00,2026-04-25T12:01:00+02:00,,0.0,0,Jessheim,RUT:Line:430,Eidsvoll - Jessheim,430,bus,RUT:ServiceJourney:942aa302369957e95af96c3797409fd6,True,planned,2026-04-25T11:58:21.163701+02:00
NSR:StopPlace:58845,Eidsvoll verk stasjon,2026-04-25T12:05:00+02:00,2026-04-25T12:05:00+02:00,,0.0,0,Skien,VYG:Line:RE11,Eidsvoll-Oslo S-Skien,RE11,rail,VYG:ServiceJourney:817_444397-R,True,planned,2026-04-25T11:58:21.163701+02:00
NSR:StopPlace:58845,Eidsvoll verk stasjon,2026-04-25T12:25:00+02:00,2026-04-25T12:25:00+02:00,,0.0,0,Eidsvoll,VYG:Line:R12,Kongsberg-Oslo S-Eidsvoll,R12,rail,VYG:ServiceJourney:514_444311-R,True,planned,2026-04-25T11:58:21.163701+02:00
NSR:StopPlace:58845,Eidsvoll verk stasjon,2026-04-25T12:30:00+02:00,2026-04-25T12:30:00+02:00,,0.0,0,Eidsvoll,RUT:Line:430,Eidsvoll - Jessheim,430,bus,RUT:ServiceJourney:482828e22568f35e8c49b7d4ed41803b,True,planned,2026-04-25T11:58:21.163701+02:00
NSR:StopPlace:58845,Eidsvoll verk stasjon,2026-04-25T12:31:00+02:00,2026-04-25T12:31:00+02:00,,0.0,0,Jessheim,RUT:Line:430,Eidsvoll - Jessheim,430,bus,RUT:ServiceJourney:796b28d8ccdfaee4b52384131febfab2,False,planned,2026-04-25T11:58:21.163701+02:00
NSR:StopPlace:58845,Eidsvoll verk stasjon,2026-04-25T12:35:00+02:00,2026-04-25T12:35:00+02:00,,0.0,0,Kongsberg,VYG:Line:R12,Kongsberg-Oslo S-Eidsvoll,R12,rail,VYG:ServiceJourney:517_444316-R,True,planned,2026-04-25T11:58:21.163701+02:00
NSR:StopPlace:58845,Eidsvoll verk stasjon,2026-04-25T12:55:00+02:00,2026-04-25T12:55:00+02:00,,0.0,0,Eidsvoll,VYG:Line:RE11,Eidsvoll-Oslo S-Skien,RE11,rail,VYG:ServiceJourney:814_444394-R,True,planned,2026-04-25T11:58:21.163701+02:00
NSR:StopPlace:58846,Fetsund stasjon,2026-04-25T11:22:00+02:00,2026-04-25T11:27:48+02:00,2026-04-25T11:27:48+02:00,348.0,1,Kongsvinger,VYG:Line:R14,Asker-Oslo S-Kongsvinger,R14,rail,VYG:ServiceJourney:1013_442918-R,True,actual,2026-04-25T11:58:21.163701+02:00
NSR:StopPlace:58846,Fetsund stasjon,2026-04-25T11:36:00+02:00,2026-04-25T11:37:06+02:00,2026-04-25T11:37:06+02:00,66.0,1,Asker,VYG:Line:R14,Asker-Oslo S-Kongsvinger,R14,rail,VYG:ServiceJourney:1014_442919-R,True,actual,2026-04-25T11:58:21.163701+02:00
NSR:StopPlace:58846,Fetsund stasjon,2026-04-25T12:22:00+02:00,2026-04-25T12:22:00+02:00,,0.0,0,Kongsvinger,VYG:Line:R14,Asker-Oslo S-Kongsvinger,R14,rail,VYG:ServiceJourney:1015_442921-R,True,planned,2026-04-25T11:58:21.163701+02:00
NSR:StopPlace:58846,Fetsund stasjon,2026-04-25T12:36:00+02:00,2026-04-25T12:36:00+02:00,,0.0,0,Asker,VYG:Line:R14,Asker-Oslo S-Kongsvinger,R14,rail,VYG:ServiceJourney:1016_442922-R,True,planned,2026-04-25T11:58:21.163701+02:00
NSR:StopPlace:58847,Frogner stasjon,2026-04-25T10:43:00+02:00,2026-04-25T10:44:34+02:00,2026-04-25T10:44:34+02:00,94.0,1,Skedsmokorset,RUT:Line:365,Sørumsand - Frogner - Skedsmokorset,365,bus,RUT:ServiceJourney:6ea0e5942050cdc46990fd4ddfc86958,True,actual,2026-04-25T11:58:21.163701+02:00
NSR:StopPlace:58847,Frogner stasjon,2026-04-25T10:51:00+02:00,2026-04-25T10:53:54+02:00,2026-04-25T10:53:54+02:00,174.0,1,Drammen,VYG:Line:R13,Drammen-Oslo S-Dal,R13,rail,VYG:ServiceJourney:1624_443264-R,True,actual,2026-04-25T11:58:21.163701+02:00
NSR:StopPlace:58847,Frogner stasjon,2026-04-25T11:04:00+02:00,2026-04-25T11:05:12+02:00,2026-04-25T11:05:12+02:00,72.0,1,Dal,VYG:Line:R13,Drammen-Oslo S-Dal,R13,rail,VYG:ServiceJourney:1623_481146-R,True,actual,2026-04-25T11:58:21.163701+02:00
NSR:StopPlace:58847,Frogner stasjon,2026-04-25T11:10:00+02:00,2026-04-25T11:12:10+02:00,2026-04-25T11:12:10+02:00,130.0,1,Sørumsand,RUT:Line:365,Sørumsand - Frogner - Skedsmokorset,365,bus,RUT:ServiceJourney:5f63d9da81ab252fc82cd5c3ee482c94,True,actual,2026-04-25T11:58:21.163701+02:00
NSR:StopPlace:58847,Frogner stasjon,2026-04-25T11:13:00+02:00,2026-04-25T11:15:19+02:00,2026-04-25T11:15:19+02:00,139.0,1,Skedsmokorset,RUT:Line:365,Sørumsand - Frogner - Skedsmokorset,365,bus,RUT:ServiceJourney:d4a575ef8dfe45643545305b6915f940,True,actual,2026-04-25T11:58:21.163701+02:00
NSR:StopPlace:58847,Frogner stasjon,2026-04-25T11:21:00+02:00,2026-04-25T11:22:40+02:00,2026-04-25T11:22:40+02:00,100.0,1,Drammen,VYG:Line:R13,Drammen-Oslo S-Dal,R13,rail,VYG:ServiceJourney:1626_443268-R,True,actual,2026-04-25T11:58:21.163701+02:00
NSR:StopPlace:58847,Frogner stasjon,2026-04-25T11:34:00+02:00,2026-04-25T11:34:01+02:00,2026-04-25T11:34:01+02:00,1.0,1,Dal,VYG:Line:R13,Drammen-Oslo S-Dal,R13,rail,VYG:ServiceJourney:1625_481147-R,True,actual,2026-04-25T11:58:21.163701+02:00
NSR:StopPlace:58847,Frogner stasjon,2026-04-25T11:40:00+02:00,2026-04-25T11:41:14+02:00,2026-04-25T11:41:14+02:00,74.0,1,Sørumsand,RUT:Line:365,Sørumsand - Frogner - Skedsmokorset,365,bus,RUT:ServiceJourney:b95da09020ce9f85032391d4250e143b,True,actual,2026-04-25T11:58:21.163701+02:00
NSR:StopPlace:58847,Frogner stasjon,2026-04-25T11:43:00+02:00,2026-04-25T11:43:32+02:00,2026-04-25T11:43:32+02:00,32.0,1,Skedsmokorset,RUT:Line:365,Sørumsand - Frogner - Skedsmokorset,365,bus,RUT:ServiceJourney:52c68d4b9532a078356c58dda58a9650,True,actual,2026-04-25T11:58:21.163701+02:00
NSR:StopPlace:58847,Frogner stasjon,2026-04-25T11:51:00+02:00,2026-04-25T11:52:01+02:00,2026-04-25T11:52:01+02:00,61.0,1,Drammen,VYG:Line:R13,Drammen-Oslo S-Dal,R13,rail,VYG:ServiceJourney:1628_481149-R,True,actual,2026-04-25T11:58:21.163701+02:00
NSR:StopPlace:58847,Frogner stasjon,2026-04-25T12:04:00+02:00,2026-04-25T12:04:00+02:00,,0.0,0,Dal,VYG:Line:R13,Drammen-Oslo S-Dal,R13,rail,VYG:ServiceJourney:1627_443269-R,True,planned,2026-04-25T11:58:21.163701+02:00
NSR:StopPlace:58847,Frogner stasjon,2026-04-25T12:10:00+02:00,2026-04-25T12:10:30+02:00,,30.0,1,Sørumsand,RUT:Line:365,Sørumsand - Frogner - Skedsmokorset,365,bus,RUT:ServiceJourney:d8f05012dfb772754b9c229af3edb100,True,expected,2026-04-25T11:58:21.163701+02:00
NSR:StopPlace:58847,Frogner stasjon,2026-04-25T12:13:00+02:00,2026-04-25T12:14:54+02:00,,114.0,1,Skedsmokorset,RUT:Line:365,Sørumsand - Frogner - Skedsmokorset,365,bus,RUT:ServiceJourney:494ea26eb227f3105bb58e5d9ea55795,True,expected,2026-04-25T11:58:21.163701+02:00
NSR:StopPlace:58847,Frogner stasjon,2026-04-25T12:21:00+02:00,2026-04-25T12:21:00+02:00,,0.0,0,Drammen,VYG:Line:R13,Drammen-Oslo S-Dal,R13,rail,VYG:ServiceJourney:1630_481151-R,True,planned,2026-04-25T11:58:21.163701+02:00
NSR:StopPlace:58847,Frogner stasjon,2026-04-25T12:34:00+02:00,2026-04-25T12:34:00+02:00,,0.0,0,Dal,VYG:Line:R13,Drammen-Oslo S-Dal,R13,rail,VYG:ServiceJourney:1629_443274-R,True,planned,2026-04-25T11:58:21.163701+02:00
NSR:StopPlace:58847,Frogner stasjon,2026-04-25T12:40:00+02:00,2026-04-25T12:40:00+02:00,,0.0,0,Sørumsand,RUT:Line:365,Sørumsand - Frogner - Skedsmokorset,365,bus,RUT:ServiceJourney:ad4792d24ef4a1e6ce3541a020a0c23e,True,planned,2026-04-25T11:58:21.163701+02:00
NSR:StopPlace:58847,Frogner stasjon,2026-04-25T12:43:00+02:00,2026-04-25T12:43:00+02:00,,0.0,0,Skedsmokorset,RUT:Line:365,Sørumsand - Frogner - Skedsmokorset,365,bus,RUT:ServiceJourney:33eafe52a468f18eac46c4f1930c8d50,True,planned,2026-04-25T11:58:21.163701+02:00
NSR:StopPlace:58847,Frogner stasjon,2026-04-25T12:51:00+02:00,2026-04-25T12:51:00+02:00,,0.0,0,Drammen,VYG:Line:R13,Drammen-Oslo S-Dal,R13,rail,VYG:ServiceJourney:1632_443281-R,True,planned,2026-04-25T11:58:21.163701+02:00
NSR:StopPlace:58848,Haga stasjon,2026-04-25T10:45:00+02:00,2026-04-25T10:45:48+02:00,2026-04-25T10:45:48+02:00,48.0,1,Kongsvinger,VYG:Line:R14,Asker-Oslo S-Kongsvinger,R14,rail,VYG:ServiceJourney:1011_442916-R,True,actual,2026-04-25T11:58:21.163701+02:00
NSR:StopPlace:58848,Haga stasjon,2026-04-25T11:03:00+02:00,2026-04-25T11:05:33+02:00,2026-04-25T11:05:33+02:00,153.0,1,Rånåsfoss,RUT:Line:455,Årnes -Rånåsfoss,455,bus,RUT:ServiceJourney:ae9f5af9d65720feb497bb8d9ad7919a,True,actual,2026-04-25T11:58:21.163701+02:00
NSR:StopPlace:58848,Haga stasjon,2026-04-25T11:13:00+02:00,2026-04-25T11:13:57+02:00,2026-04-25T11:13:57+02:00,57.0,1,Asker,VYG:Line:R14,Asker-Oslo S-Kongsvinger,R14,rail,VYG:ServiceJourney:1014_442919-R,True,actual,2026-04-25T11:58:21.163701+02:00
NSR:StopPlace:58848,Haga stasjon,2026-04-25T11:36:00+02:00,2026-04-25T11:37:44+02:00,2026-04-25T11:37:44+02:00,104.0,1,Årnes,RUT:Line:455,Årnes -Rånåsfoss,455,bus,RUT:ServiceJourney:53bbf9a655a17083a2d3a69a1b4caa3b,True,actual,2026-04-25T11:58:21.163701+02:00
NSR:StopPlace:58848,Haga stasjon,2026-04-25T11:44:00+02:00,2026-04-25T11:51:39+02:00,2026-04-25T11:51:39+02:00,459.0,1,Kongsvinger,VYG:Line:R14,Asker-Oslo S-Kongsvinger,R14,rail,VYG:ServiceJourney:1013_442918-R,True,actual,2026-04-25T11:58:21.163701+02:00
NSR:StopPlace:58848,Haga stasjon,2026-04-25T12:13:00+02:00,2026-04-25T12:13:00+02:00,,0.0,0,Asker,VYG:Line:R14,Asker-Oslo S-Kongsvinger,R14,rail,VYG:ServiceJourney:1016_442922-R,True,planned,2026-04-25T11:58:21.163701+02:00
NSR:StopPlace:58848,Haga stasjon,2026-04-25T12:44:00+02:00,2026-04-25T12:44:00+02:00,,0.0,0,Kongsvinger,VYG:Line:R14,Asker-Oslo S-Kongsvinger,R14,rail,VYG:ServiceJourney:1015_442921-R,True,planned,2026-04-25T11:58:21.163701+02:00
NSR:StopPlace:58849,Hakadal stasjon,2026-04-25T10:53:00+02:00,2026-04-25T10:55:35+02:00,2026-04-25T10:55:35+02:00,155.0,1,Oslo bussterminal,RUT:Line:390,Kongskog/Hellerudhaugen - Oslo bussterminal,390,bus,RUT:ServiceJourney:302d9ce7283d402f1dcc7c6cdb18b64b,True,actual,2026-04-25T11:58:21.163701+02:00
NSR:StopPlace:58849,Hakadal stasjon,2026-04-25T11:05:00+02:00,2026-04-25T11:05:53+02:00,2026-04-25T11:05:53+02:00,53.0,1,Kongskog,RUT:Line:390,Kongskog/Hellerudhaugen - Oslo bussterminal,390,bus,RUT:ServiceJourney:524bd0a5585b3cdafdd75b94597e146d,True,actual,2026-04-25T11:58:21.163701+02:00
NSR:StopPlace:58849,Hakadal stasjon,2026-04-25T11:23:00+02:00,2026-04-25T11:24:01+02:00,2026-04-25T11:24:01+02:00,61.0,1,Oslo bussterminal,RUT:Line:390,Kongskog/Hellerudhaugen - Oslo bussterminal,390,bus,RUT:ServiceJourney:81b17d42ad1912d64fe8fac43c38fbf0,True,actual,2026-04-25T11:58:21.163701+02:00
NSR:StopPlace:58849,Hakadal stasjon,2026-04-25T11:35:00+02:00,2026-04-25T11:36:20+02:00,2026-04-25T11:36:20+02:00,80.0,1,Kongskog,RUT:Line:390,Kongskog/Hellerudhaugen - Oslo bussterminal,390,bus,RUT:ServiceJourney:7b83e96328c180f3edc338c19b6d5389,True,actual,2026-04-25T11:58:21.163701+02:00
NSR:StopPlace:58849,Hakadal stasjon,2026-04-25T11:53:00+02:00,2026-04-25T11:54:15+02:00,2026-04-25T11:54:15+02:00,75.0,1,Oslo bussterminal,RUT:Line:390,Kongskog/Hellerudhaugen - Oslo bussterminal,390,bus,RUT:ServiceJourney:079f3984ef8b50157deb6935e495de56,True,actual,2026-04-25T11:58:21.163701+02:00
NSR:StopPlace:58849,Hakadal stasjon,2026-04-25T12:05:00+02:00,2026-04-25T12:06:33+02:00,,93.0,1,Kongskog,RUT:Line:390,Kongskog/Hellerudhaugen - Oslo bussterminal,390,bus,RUT:ServiceJourney:0287a5f34dbbeee8deb5cc18472e7edc,True,expected,2026-04-25T11:58:21.163701+02:00
NSR:StopPlace:58849,Hakadal stasjon,2026-04-25T12:23:00+02:00,2026-04-25T12:23:00+02:00,,0.0,0,Oslo bussterminal,RUT:Line:390,Kongskog/Hellerudhaugen - Oslo bussterminal,390,bus,RUT:ServiceJourney:90c66d47a4bfb612ea751e88160ff126,False,planned,2026-04-25T11:58:21.163701+02:00
NSR:StopPlace:58849,Hakadal stasjon,2026-04-25T12:35:00+02:00,2026-04-25T12:35:11+02:00,,11.0,1,Kongskog,RUT:Line:390,Kongskog/Hellerudhaugen - Oslo bussterminal,390,bus,RUT:ServiceJourney:bfa6e84db3ec6928af7d9ed3e477f9c2,True,expected,2026-04-25T11:58:21.163701+02:00
NSR:StopPlace:58849,Hakadal stasjon,2026-04-25T12:53:00+02:00,2026-04-25T12:53:00+02:00,,0.0,0,Oslo bussterminal,RUT:Line:390,Kongskog/Hellerudhaugen - Oslo bussterminal,390,bus,RUT:ServiceJourney:f27eb2ff54ffad6a71ff67adc49d7e20,False,planned,2026-04-25T11:58:21.163701+02:00
NSR:StopPlace:58840,Vestfossen stasjon,2026-04-25T10:53:00+02:00,2026-04-25T10:54:41+02:00,2026-04-25T10:54:41+02:00,101.0,1,Eidsvoll,VYG:Line:R12,Kongsberg-Oslo S-Eidsvoll,R12,rail,VYG:ServiceJourney:514_444311-R,True,actual,2026-04-25T11:58:21.163701+02:00
NSR:StopPlace:58840,Vestfossen stasjon,2026-04-25T11:05:00+02:00,2026-04-25T11:05:40+02:00,2026-04-25T11:05:40+02:00,40.0,1,Kongsberg,VYG:Line:R12,Kongsberg-Oslo S-Eidsvoll,R12,rail,VYG:ServiceJourney:511_444305-R,True,actual,2026-04-25T11:58:21.163701+02:00
NSR:StopPlace:58840,Vestfossen stasjon,2026-04-25T11:53:00+02:00,2026-04-25T11:53:27+02:00,2026-04-25T11:53:27+02:00,27.0,1,Eidsvoll,VYG:Line:R12,Kongsberg-Oslo S-Eidsvoll,R12,rail,VYG:ServiceJourney:516_444315-R,True,actual,2026-04-25T11:58:21.163701+02:00
NSR:StopPlace:58840,Vestfossen stasjon,2026-04-25T12:06:00+02:00,2026-04-25T12:06:00+02:00,,0.0,0,Kongsberg,VYG:Line:R12,Kongsberg-Oslo S-Eidsvoll,R12,rail,VYG:ServiceJourney:513_444309-R,True,planned,2026-04-25T11:58:21.163701+02:00
NSR:StopPlace:58840,Vestfossen stasjon,2026-04-25T12:53:00+02:00,2026-04-25T12:53:00+02:00,,0.0,0,Eidsvoll,VYG:Line:R12,Kongsberg-Oslo S-Eidsvoll,R12,rail,VYG:ServiceJourney:518_444317-R,True,planned,2026-04-25T11:58:21.163701+02:00
NSR:StopPlace:58852,Høn stasjon,2026-04-25T10:43:00+02:00,2026-04-25T10:43:02+02:00,2026-04-25T10:43:02+02:00,2.0,1,Spikkestad,VYG:Line:L1,Spikkestad-Oslo S-Lillestrøm,L1,rail,VYG:ServiceJourney:2221_443617-R,True,actual,2026-04-25T11:58:21.163701+02:00
NSR:StopPlace:58852,Høn stasjon,2026-04-25T11:06:00+02:00,2026-04-25T11:08:59+02:00,2026-04-25T11:08:59+02:00,179.0,1,Lillestrøm,VYG:Line:L1,Spikkestad-Oslo S-Lillestrøm,L1,rail,VYG:ServiceJourney:2228_443628-R,True,actual,2026-04-25T11:58:21.163701+02:00
NSR:StopPlace:58852,Høn stasjon,2026-04-25T11:13:00+02:00,2026-04-25T11:13:23+02:00,2026-04-25T11:13:23+02:00,23.0,1,Spikkestad,VYG:Line:L1,Spikkestad-Oslo S-Lillestrøm,L1,rail,VYG:ServiceJourney:2223_443621-R,True,actual,2026-04-25T11:58:21.163701+02:00
NSR:StopPlace:58852,Høn stasjon,2026-04-25T11:36:00+02:00,2026-04-25T11:36:42+02:00,2026-04-25T11:36:42+02:00,42.0,1,Lillestrøm,VYG:Line:L1,Spikkestad-Oslo S-Lillestrøm,L1,rail,VYG:ServiceJourney:2230_443632-R,True,actual,2026-04-25T11:58:21.163701+02:00
NSR:StopPlace:58852,Høn stasjon,2026-04-25T11:43:00+02:00,2026-04-25T11:43:02+02:00,2026-04-25T11:43:02+02:00,2.0,1,Spikkestad,VYG:Line:L1,Spikkestad-Oslo S-Lillestrøm,L1,rail,VYG:ServiceJourney:2225_443623-R,True,actual,2026-04-25T11:58:21.163701+02:00
NSR:StopPlace:58852,Høn stasjon,2026-04-25T12:06:00+02:00,2026-04-25T12:06:00+02:00,,0.0,0,Lillestrøm,VYG:Line:L1,Spikkestad-Oslo S-Lillestrøm,L1,rail,VYG:ServiceJourney:2232_443636-R,True,planned,2026-04-25T11:58:21.163701+02:00
NSR:StopPlace:58852,Høn stasjon,2026-04-25T12:13:00+02:00,2026-04-25T12:13:08+02:00,,8.0,1,Spikkestad,VYG:Line:L1,Spikkestad-Oslo S-Lillestrøm,L1,rail,VYG:ServiceJourney:2227_443627-R,True,expected,2026-04-25T11:58:21.163701+02:00
NSR:StopPlace:58852,Høn stasjon,2026-04-25T12:36:00+02:00,2026-04-25T12:36:00+02:00,,0.0,0,Lillestrøm,VYG:Line:L1,Spikkestad-Oslo S-Lillestrøm,L1,rail,VYG:ServiceJourney:2234_443639-R,True,planned,2026-04-25T11:58:21.163701+02:00
NSR:StopPlace:58852,Høn stasjon,2026-04-25T12:43:00+02:00,2026-04-25T12:43:24+02:00,,24.0,1,Spikkestad,VYG:Line:L1,Spikkestad-Oslo S-Lillestrøm,L1,rail,VYG:ServiceJourney:2229_443629-R,True,expected,2026-04-25T11:58:21.163701+02:00
NSR:StopPlace:58853,Kolbotn stasjon,2026-04-25T10:43:00+02:00,2026-04-25T10:43:41+02:00,2026-04-25T10:43:41+02:00,41.0,1,Ski stasjon,RUT:Line:580,Kolbotn - Ski,580,bus,RUT:ServiceJourney:45173a1004eeb947f602fcfcf069bcdd,True,actual,2026-04-25T11:58:21.163701+02:00
NSR:StopPlace:58853,Kolbotn stasjon,2026-04-25T10:37:00+02:00,2026-04-25T10:44:09+02:00,2026-04-25T10:44:09+02:00,429.0,1,Tårnåsen,RUT:Line:83,Jernbanetorget - Tårnåsen,83,bus,RUT:ServiceJourney:b0cdc8ed35b827e35bcae1ede3956913,True,actual,2026-04-25T11:58:21.163701+02:00
NSR:StopPlace:58853,Kolbotn stasjon,2026-04-25T10:48:00+02:00,2026-04-25T10:48:24+02:00,,24.0,1,Ski,VYG:Line:L2,Stabekk-Oslo S-Ski,L2,rail,VYG:ServiceJourney:2821_452038-R,True,expected,2026-04-25T11:58:21.163701+02:00
NSR:StopPlace:58853,Kolbotn stasjon,2026-04-25T10:49:00+02:00,2026-04-25T10:48:59+02:00,2026-04-25T10:48:59+02:00,-1.0,0,Kolbotn torg,RUT:Line:580,Kolbotn - Ski,580,bus,RUT:ServiceJourney:366e108c02b4df334406efc0a8868174,True,actual,2026-04-25T11:58:21.163701+02:00
NSR:StopPlace:58853,Kolbotn stasjon,2026-04-25T10:50:00+02:00,2026-04-25T10:50:24+02:00,2026-04-25T10:50:24+02:00,24.0,1,Kolbotn,RUT:Line:87,Hauketo stasjon - Kolbotn,87,bus,RUT:ServiceJourney:09ca51dd626b3f37a979d00916514962,True,actual,2026-04-25T11:58:21.163701+02:00
NSR:StopPlace:58853,Kolbotn stasjon,2026-04-25T10:49:00+02:00,2026-04-25T10:50:42+02:00,2026-04-25T10:50:42+02:00,102.0,1,Jernbanetorget,RUT:Line:83,Jernbanetorget - Tårnåsen,83,bus,RUT:ServiceJourney:b6e1db61efc480c82623ad10a87f33a6,True,actual,2026-04-25T11:58:21.163701+02:00
NSR:StopPlace:58853,Kolbotn stasjon,2026-04-25T10:55:00+02:00,2026-04-25T10:56:17+02:00,2026-04-25T10:56:17+02:00,77.0,1,Stabekk,VYG:Line:L2,Stabekk-Oslo S-Ski,L2,rail,VYG:ServiceJourney:2728-SKI_443935-R,True,actual,2026-04-25T11:58:21.163701+02:00
NSR:StopPlace:58853,Kolbotn stasjon,2026-04-25T11:03:00+02:00,2026-04-25T11:03:00+02:00,,0.0,0,Ski,VYG:Line:L2,Stabekk-Oslo S-Ski,L2,rail,VYG:ServiceJourney:2723-HVK_443930-R,True,planned,2026-04-25T11:58:21.163701+02:00
NSR:StopPlace:58853,Kolbotn stasjon,2026-04-25T11:11:00+02:00,2026-04-25T11:11:30+02:00,2026-04-25T11:11:30+02:00,30.0,1,Hauketo stasjon,RUT:Line:87,Hauketo stasjon - Kolbotn,87,bus,RUT:ServiceJourney:83c2b229f2625d13c5d024596279c80e,True,actual,2026-04-25T11:58:21.163701+02:00
NSR:StopPlace:58853,Kolbotn stasjon,2026-04-25T11:07:00+02:00,2026-04-25T11:11:36+02:00,2026-04-25T11:11:36+02:00,276.0,1,Tårnåsen,RUT:Line:83,Jernbanetorget - Tårnåsen,83,bus,RUT:ServiceJourney:59880edff0e0bb65dc7b324953155c44,True,actual,2026-04-25T11:58:21.163701+02:00
NSR:StopPlace:58853,Kolbotn stasjon,2026-04-25T11:10:00+02:00,2026-04-25T11:11:36+02:00,2026-04-25T11:11:36+02:00,96.0,1,Lysaker,VYG:Line:L2,Stabekk-Oslo S-Ski,L2,rail,VYG:ServiceJourney:2828-SKI_452042-R,True,actual,2026-04-25T11:58:21.163701+02:00
NSR:StopPlace:58853,Kolbotn stasjon,2026-04-25T11:13:00+02:00,2026-04-25T11:13:51+02:00,2026-04-25T11:13:51+02:00,51.0,1,Ski stasjon,RUT:Line:580,Kolbotn - Ski,580,bus,RUT:ServiceJourney:0f85221a302809d90799b0a9e73b77c5,True,actual,2026-04-25T11:58:21.163701+02:00
NSR:StopPlace:58853,Kolbotn stasjon,2026-04-25T11:19:00+02:00,2026-04-25T11:19:09+02:00,2026-04-25T11:19:09+02:00,9.0,1,Kolbotn torg,RUT:Line:580,Kolbotn - Ski,580,bus,RUT:ServiceJourney:6b12180ce3681cdb98b2eccf91a70a42,True,actual,2026-04-25T11:58:21.163701+02:00
NSR:StopPlace:58853,Kolbotn stasjon,2026-04-25T11:20:00+02:00,2026-04-25T11:20:13+02:00,2026-04-25T11:20:13+02:00,13.0,1,Kolbotn,RUT:Line:87,Hauketo stasjon - Kolbotn,87,bus,RUT:ServiceJourney:5099ca3b0f96e48b6745d785d5d82ad8,True,actual,2026-04-25T11:58:21.163701+02:00
NSR:StopPlace:58853,Kolbotn stasjon,2026-04-25T11:19:00+02:00,2026-04-25T11:20:43+02:00,2026-04-25T11:20:43+02:00,103.0,1,Jernbanetorget,RUT:Line:83,Jernbanetorget - Tårnåsen,83,bus,RUT:ServiceJourney:1c9368ba4f69020ab7df23ffd765a7dd,True,actual,2026-04-25T11:58:21.163701+02:00
NSR:StopPlace:58853,Kolbotn stasjon,2026-04-25T11:18:00+02:00,2026-04-25T11:26:57+02:00,,537.0,1,Ski,VYG:Line:L2,Stabekk-Oslo S-Ski,L2,rail,VYG:ServiceJourney:2823_452039-R,True,expected,2026-04-25T11:58:21.163701+02:00
NSR:StopPlace:58853,Kolbotn stasjon,2026-04-25T11:25:00+02:00,2026-04-25T11:32:46+02:00,2026-04-25T11:32:46+02:00,466.0,1,Stabekk,VYG:Line:L2,Stabekk-Oslo S-Ski,L2,rail,VYG:ServiceJourney:2730-SKI_443938-R,True,actual,2026-04-25T11:58:21.163701+02:00
NSR:StopPlace:58853,Kolbotn stasjon,2026-04-25T11:33:00+02:00,2026-04-25T11:34:29+02:00,,89.0,1,Ski,VYG:Line:L2,Stabekk-Oslo S-Ski,L2,rail,VYG:ServiceJourney:2725-HVK_443932-R,True,expected,2026-04-25T11:58:21.163701+02:00
NSR:StopPlace:58853,Kolbotn stasjon,2026-04-25T11:37:00+02:00,2026-04-25T11:40:24+02:00,2026-04-25T11:40:24+02:00,204.0,1,Tårnåsen,RUT:Line:83,Jernbanetorget - Tårnåsen,83,bus,RUT:ServiceJourney:550f6fc4604462c02aaa8a34106f6753,True,actual,2026-04-25T11:58:21.163701+02:00
NSR:StopPlace:58853,Kolbotn stasjon,2026-04-25T11:41:00+02:00,2026-04-25T11:41:02+02:00,2026-04-25T11:41:02+02:00,2.0,1,Hauketo stasjon,RUT:Line:87,Hauketo stasjon - Kolbotn,87,bus,RUT:ServiceJourney:ab4c5a7138b2196c3f5d8cc02fc600c6,True,actual,2026-04-25T11:58:21.163701+02:00
NSR:StopPlace:58853,Kolbotn stasjon,2026-04-25T11:40:00+02:00,2026-04-25T11:41:10+02:00,2026-04-25T11:41:10+02:00,70.0,1,Lysaker,VYG:Line:L2,Stabekk-Oslo S-Ski,L2,rail,VYG:ServiceJourney:2830-SKI_452044-R,True,actual,2026-04-25T11:58:21.163701+02:00
NSR:StopPlace:58853,Kolbotn stasjon,2026-04-25T11:43:00+02:00,2026-04-25T11:44:00+02:00,2026-04-25T11:44:00+02:00,60.0,1,Ski stasjon,RUT:Line:580,Kolbotn - Ski,580,bus,RUT:ServiceJourney:b01e4088a361d51650ad17be67007acf,True,actual,2026-04-25T11:58:21.163701+02:00
NSR:StopPlace:58853,Kolbotn stasjon,2026-04-25T11:48:00+02:00,2026-04-25T11:48:00+02:00,,0.0,0,Ski,VYG:Line:L2,Stabekk-Oslo S-Ski,L2,rail,VYG:ServiceJourney:2825_452040-R,True,planned,2026-04-25T11:58:21.163701+02:00
NSR:StopPlace:58853,Kolbotn stasjon,2026-04-25T11:50:00+02:00,2026-04-25T11:50:36+02:00,2026-04-25T11:50:36+02:00,36.0,1,Kolbotn,RUT:Line:87,Hauketo stasjon - Kolbotn,87,bus,RUT:ServiceJourney:4a56b85a919b3d3e2e101dde6ee85a10,True,actual,2026-04-25T11:58:21.163701+02:00
NSR:StopPlace:58853,Kolbotn stasjon,2026-04-25T11:49:00+02:00,2026-04-25T11:51:08+02:00,2026-04-25T11:51:08+02:00,128.0,1,Kolbotn torg,RUT:Line:580,Kolbotn - Ski,580,bus,RUT:ServiceJourney:86f2c1406741e20d1b074a3448866f50,True,actual,2026-04-25T11:58:21.163701+02:00
NSR:StopPlace:58853,Kolbotn stasjon,2026-04-25T11:49:00+02:00,2026-04-25T11:51:36+02:00,2026-04-25T11:51:36+02:00,156.0,1,Jernbanetorget,RUT:Line:83,Jernbanetorget - Tårnåsen,83,bus,RUT:ServiceJourney:45f13e806f259f6caf8f09897bc318dd,True,actual,2026-04-25T11:58:21.163701+02:00
NSR:StopPlace:58853,Kolbotn stasjon,2026-04-25T11:55:00+02:00,2026-04-25T11:55:52+02:00,2026-04-25T11:55:52+02:00,52.0,1,Stabekk,VYG:Line:L2,Stabekk-Oslo S-Ski,L2,rail,VYG:ServiceJourney:2732-SKI_443940-R,True,actual,2026-04-25T11:58:21.163701+02:00
NSR:StopPlace:58853,Kolbotn stasjon,2026-04-25T12:03:00+02:00,2026-04-25T12:04:36+02:00,,96.0,1,Ski,VYG:Line:L2,Stabekk-Oslo S-Ski,L2,rail,VYG:ServiceJourney:2727-HVK_443934-R,True,expected,2026-04-25T11:58:21.163701+02:00
NSR:StopPlace:58853,Kolbotn stasjon,2026-04-25T12:07:00+02:00,2026-04-25T12:10:21+02:00,,201.0,1,Tårnåsen,RUT:Line:83,Jernbanetorget - Tårnåsen,83,bus,RUT:ServiceJourney:84c3ef617fae196d735c86a9af1ba096,True,expected,2026-04-25T11:58:21.163701+02:00
NSR:StopPlace:58853,Kolbotn stasjon,2026-04-25T12:11:00+02:00,2026-04-25T12:11:00+02:00,,0.0,0,Hauketo stasjon,RUT:Line:87,Hauketo stasjon - Kolbotn,87,bus,RUT:ServiceJourney:7c1503930196674dae5aa494a86f3bfe,False,planned,2026-04-25T11:58:21.163701+02:00
NSR:StopPlace:58853,Kolbotn stasjon,2026-04-25T12:10:00+02:00,2026-04-25T12:11:33+02:00,,93.0,1,Lysaker,VYG:Line:L2,Stabekk-Oslo S-Ski,L2,rail,VYG:ServiceJourney:2832-SKI_452046-R,True,expected,2026-04-25T11:58:21.163701+02:00
NSR:StopPlace:58853,Kolbotn stasjon,2026-04-25T12:13:00+02:00,2026-04-25T12:13:00+02:00,,0.0,0,Ski stasjon,RUT:Line:580,Kolbotn - Ski,580,bus,RUT:ServiceJourney:46875a5d59b0bdd8ce37ffec9c6d6271,False,planned,2026-04-25T11:58:21.163701+02:00
NSR:StopPlace:58853,Kolbotn stasjon,2026-04-25T12:18:00+02:00,2026-04-25T12:18:24+02:00,,24.0,1,Ski,VYG:Line:L2,Stabekk-Oslo S-Ski,L2,rail,VYG:ServiceJourney:2827-HVK_452041-R,True,expected,2026-04-25T11:58:21.163701+02:00
NSR:StopPlace:58853,Kolbotn stasjon,2026-04-25T12:19:00+02:00,2026-04-25T12:19:00+02:00,,0.0,0,Jernbanetorget,RUT:Line:83,Jernbanetorget - Tårnåsen,83,bus,RUT:ServiceJourney:e92f981f9f0422eb505feb8cb7e55ade,True,planned,2026-04-25T11:58:21.163701+02:00
NSR:StopPlace:58853,Kolbotn stasjon,2026-04-25T12:20:00+02:00,2026-04-25T12:20:00+02:00,,0.0,0,Kolbotn,RUT:Line:87,Hauketo stasjon - Kolbotn,87,bus,RUT:ServiceJourney:e43c345372ec6fa7c82afa6612f845d6,True,planned,2026-04-25T11:58:21.163701+02:00
NSR:StopPlace:58853,Kolbotn stasjon,2026-04-25T12:19:00+02:00,2026-04-25T12:20:53+02:00,,113.0,1,Kolbotn torg,RUT:Line:580,Kolbotn - Ski,580,bus,RUT:ServiceJourney:9b78d8df257bdbd3c89b3db981f4d676,True,expected,2026-04-25T11:58:21.163701+02:00
NSR:StopPlace:58853,Kolbotn stasjon,2026-04-25T12:25:00+02:00,2026-04-25T12:25:00+02:00,,0.0,0,Stabekk,VYG:Line:L2,Stabekk-Oslo S-Ski,L2,rail,VYG:ServiceJourney:2734-SKI_443942-R,True,planned,2026-04-25T11:58:21.163701+02:00
NSR:StopPlace:58853,Kolbotn stasjon,2026-04-25T12:33:00+02:00,2026-04-25T12:33:00+02:00,,0.0,0,Ski,VYG:Line:L2,Stabekk-Oslo S-Ski,L2,rail,VYG:ServiceJourney:2729-HVK_443936-R,True,planned,2026-04-25T11:58:21.163701+02:00
NSR:StopPlace:58853,Kolbotn stasjon,2026-04-25T12:37:00+02:00,2026-04-25T12:37:00+02:00,,0.0,0,Tårnåsen,RUT:Line:83,Jernbanetorget - Tårnåsen,83,bus,RUT:ServiceJourney:50450e11b633a9af9c82489a78601ce5,True,planned,2026-04-25T11:58:21.163701+02:00
NSR:StopPlace:58853,Kolbotn stasjon,2026-04-25T12:40:00+02:00,2026-04-25T12:40:00+02:00,,0.0,0,Lysaker,VYG:Line:L2,Stabekk-Oslo S-Ski,L2,rail,VYG:ServiceJourney:2834-SKI_452048-R,True,planned,2026-04-25T11:58:21.163701+02:00
NSR:StopPlace:58853,Kolbotn stasjon,2026-04-25T12:41:00+02:00,2026-04-25T12:41:00+02:00,,0.0,0,Hauketo stasjon,RUT:Line:87,Hauketo stasjon - Kolbotn,87,bus,RUT:ServiceJourney:fe617247f8d8d5ea6f5abb97414f5955,False,planned,2026-04-25T11:58:21.163701+02:00
NSR:StopPlace:58853,Kolbotn stasjon,2026-04-25T12:43:00+02:00,2026-04-25T12:43:00+02:00,,0.0,0,Ski stasjon,RUT:Line:580,Kolbotn - Ski,580,bus,RUT:ServiceJourney:13c5d2112ffc6ca20c5af41c98d88ada,False,planned,2026-04-25T11:58:21.163701+02:00
NSR:StopPlace:58853,Kolbotn stasjon,2026-04-25T12:48:00+02:00,2026-04-25T12:48:00+02:00,,0.0,0,Ski,VYG:Line:L2,Stabekk-Oslo S-Ski,L2,rail,VYG:ServiceJourney:2829-HVK_452043-R,True,planned,2026-04-25T11:58:21.163701+02:00
NSR:StopPlace:58853,Kolbotn stasjon,2026-04-25T12:49:00+02:00,2026-04-25T12:49:00+02:00,,0.0,0,Kolbotn torg,RUT:Line:580,Kolbotn - Ski,580,bus,RUT:ServiceJourney:eb2e791960b3ba68393a77066e3b33e2,False,planned,2026-04-25T11:58:21.163701+02:00
NSR:StopPlace:58853,Kolbotn stasjon,2026-04-25T12:49:00+02:00,2026-04-25T12:49:00+02:00,,0.0,0,Jernbanetorget,RUT:Line:83,Jernbanetorget - Tårnåsen,83,bus,RUT:ServiceJourney:4a1ececf59259a993f563990b6c0e850,False,planned,2026-04-25T11:58:21.163701+02:00
NSR:StopPlace:58853,Kolbotn stasjon,2026-04-25T12:50:00+02:00,2026-04-25T12:50:00+02:00,,0.0,0,Kolbotn,RUT:Line:87,Hauketo stasjon - Kolbotn,87,bus,RUT:ServiceJourney:a0e315127589b38b95edc8e04042e77f,False,planned,2026-04-25T11:58:21.163701+02:00
NSR:StopPlace:58853,Kolbotn stasjon,2026-04-25T12:55:00+02:00,2026-04-25T12:55:00+02:00,,0.0,0,Stabekk,VYG:Line:L2,Stabekk-Oslo S-Ski,L2,rail,VYG:ServiceJourney:2736-SKI_443944-R,True,planned,2026-04-25T11:58:21.163701+02:00
NSR:StopPlace:58854,Langhus stasjon,2026-04-25T10:42:00+02:00,2026-04-25T10:42:48+02:00,2026-04-25T10:42:48+02:00,48.0,1,Stabekk,VYG:Line:L2,Stabekk-Oslo S-Ski,L2,rail,VYG:ServiceJourney:2728-SKI_443935-R,True,actual,2026-04-25T11:58:21.163701+02:00
NSR:StopPlace:58854,Langhus stasjon,2026-04-25T10:44:00+02:00,2026-04-25T10:45:52+02:00,2026-04-25T10:45:52+02:00,112.0,1,Bøleråsen,RUT:Line:510,Bøleråsen - Ski - Ås - Drøbak,510,bus,RUT:ServiceJourney:92fd6fd90dae56d14f9ef4ea156c9566,True,actual,2026-04-25T11:58:21.163701+02:00
NSR:StopPlace:58854,Langhus stasjon,2026-04-25T10:46:00+02:00,2026-04-25T10:46:00+02:00,,0.0,0,Ski,VYG:Line:L2,Stabekk-Oslo S-Ski,L2,rail,VYG:ServiceJourney:2721-HVK_443928-R,True,planned,2026-04-25T11:58:21.163701+02:00
NSR:StopPlace:58854,Langhus stasjon,2026-04-25T10:54:00+02:00,2026-04-25T10:55:15+02:00,2026-04-25T10:55:15+02:00,75.0,1,Drøbak - Seiersten,RUT:Line:510,Bøleråsen - Ski - Ås - Drøbak,510,bus,RUT:ServiceJourney:d1820836c6a19d4549d35a5535fa7283,True,actual,2026-04-25T11:58:21.163701+02:00
NSR:StopPlace:58854,Langhus stasjon,2026-04-25T10:57:00+02:00,2026-04-25T10:58:21+02:00,2026-04-25T10:58:21+02:00,81.0,1,Lysaker,VYG:Line:L2,Stabekk-Oslo S-Ski,L2,rail,VYG:ServiceJourney:2828-SKI_452042-R,True,actual,2026-04-25T11:58:21.163701+02:00
NSR:StopPlace:58854,Langhus stasjon,2026-04-25T11:01:00+02:00,2026-04-25T11:01:00+02:00,,0.0,0,Ski,VYG:Line:L2,Stabekk-Oslo S-Ski,L2,rail,VYG:ServiceJourney:2821_452038-R,True,planned,2026-04-25T11:58:21.163701+02:00
NSR:StopPlace:58854,Langhus stasjon,2026-04-25T10:59:00+02:00,2026-04-25T11:01:31+02:00,2026-04-25T11:01:31+02:00,151.0,1,Bøleråsen,RUT:Line:510,Bøleråsen - Ski - Ås - Drøbak,510,bus,RUT:ServiceJourney:1c97368cf577efd86435c1a8505f429c,True,actual,2026-04-25T11:58:21.163701+02:00
NSR:StopPlace:58854,Langhus stasjon,2026-04-25T11:09:00+02:00,2026-04-25T11:11:32+02:00,2026-04-25T11:11:32+02:00,152.0,1,Drøbak - Frogn vgs.,RUT:Line:510,Bøleråsen - Ski - Ås - Drøbak,510,bus,RUT:ServiceJourney:08c627e3a696dbb68213f2d6e1bf6c13,True,actual,2026-04-25T11:58:21.163701+02:00
NSR:StopPlace:58854,Langhus stasjon,2026-04-25T11:12:00+02:00,2026-04-25T11:12:50+02:00,2026-04-25T11:12:50+02:00,50.0,1,Stabekk,VYG:Line:L2,Stabekk-Oslo S-Ski,L2,rail,VYG:ServiceJourney:2730-SKI_443938-R,True,actual,2026-04-25T11:58:21.163701+02:00
NSR:StopPlace:58854,Langhus stasjon,2026-04-25T11:14:00+02:00,2026-04-25T11:15:48+02:00,2026-04-25T11:15:48+02:00,108.0,1,Bøleråsen,RUT:Line:510,Bøleråsen - Ski - Ås - Drøbak,510,bus,RUT:ServiceJourney:395e4ee05119098f757fe952602ca6d9,True,actual,2026-04-25T11:58:21.163701+02:00
NSR:StopPlace:58854,Langhus stasjon,2026-04-25T11:16:00+02:00,2026-04-25T11:16:00+02:00,,0.0,0,Ski,VYG:Line:L2,Stabekk-Oslo S-Ski,L2,rail,VYG:ServiceJourney:2723-HVK_443930-R,True,planned,2026-04-25T11:58:21.163701+02:00
NSR:StopPlace:58854,Langhus stasjon,2026-04-25T11:24:00+02:00,2026-04-25T11:25:27+02:00,2026-04-25T11:25:27+02:00,87.0,1,Drøbak - Seiersten,RUT:Line:510,Bøleråsen - Ski - Ås - Drøbak,510,bus,RUT:ServiceJourney:099c0bb81920e6a6c8dfc9ba2d091b08,True,actual,2026-04-25T11:58:21.163701+02:00
NSR:StopPlace:58854,Langhus stasjon,2026-04-25T11:27:00+02:00,2026-04-25T11:27:59+02:00,2026-04-25T11:27:59+02:00,59.0,1,Lysaker,VYG:Line:L2,Stabekk-Oslo S-Ski,L2,rail,VYG:ServiceJourney:2830-SKI_452044-R,True,actual,2026-04-25T11:58:21.163701+02:00
NSR:StopPlace:58854,Langhus stasjon,2026-04-25T11:29:00+02:00,2026-04-25T11:31:25+02:00,2026-04-25T11:31:25+02:00,145.0,1,Bøleråsen,RUT:Line:510,Bøleråsen - Ski - Ås - Drøbak,510,bus,RUT:ServiceJourney:f077d0f4b4e5d35c8e4ffdb3d5fe8c7c,True,actual,2026-04-25T11:58:21.163701+02:00
NSR:StopPlace:58854,Langhus stasjon,2026-04-25T11:32:00+02:00,2026-04-25T11:32:29+02:00,2026-04-25T11:32:29+02:00,29.0,1,Siggerud,RUT:Line:516,Siggerud - Ski stasjon,516,bus,RUT:ServiceJourney:5fe855057193a508fe9bc1e9dd7a0171,True,actual,2026-04-25T11:58:21.163701+02:00
NSR:StopPlace:58854,Langhus stasjon,2026-04-25T11:31:00+02:00,2026-04-25T11:39:02+02:00,,482.0,1,Ski,VYG:Line:L2,Stabekk-Oslo S-Ski,L2,rail,VYG:ServiceJourney:2823_452039-R,True,expected,2026-04-25T11:58:21.163701+02:00
NSR:StopPlace:58854,Langhus stasjon,2026-04-25T11:39:00+02:00,2026-04-25T11:40:56+02:00,2026-04-25T11:40:56+02:00,116.0,1,Drøbak - Frogn vgs.,RUT:Line:510,Bøleråsen - Ski - Ås - Drøbak,510,bus,RUT:ServiceJourney:2464b4f994e142ac11a953778a3b801a,True,actual,2026-04-25T11:58:21.163701+02:00
NSR:StopPlace:58854,Langhus stasjon,2026-04-25T11:42:00+02:00,2026-04-25T11:42:24+02:00,2026-04-25T11:42:24+02:00,24.0,1,Stabekk,VYG:Line:L2,Stabekk-Oslo S-Ski,L2,rail,VYG:ServiceJourney:2732-SKI_443940-R,True,actual,2026-04-25T11:58:21.163701+02:00
NSR:StopPlace:58854,Langhus stasjon,2026-04-25T11:46:00+02:00,2026-04-25T11:46:34+02:00,,34.0,1,Ski,VYG:Line:L2,Stabekk-Oslo S-Ski,L2,rail,VYG:ServiceJourney:2725-HVK_443932-R,True,expected,2026-04-25T11:58:21.163701+02:00
NSR:StopPlace:58854,Langhus stasjon,2026-04-25T11:44:00+02:00,2026-04-25T11:47:41+02:00,2026-04-25T11:47:41+02:00,221.0,1,Bøleråsen,RUT:Line:510,Bøleråsen - Ski - Ås - Drøbak,510,bus,RUT:ServiceJourney:fccc238683765d80ebca30249508077f,True,actual,2026-04-25T11:58:21.163701+02:00
NSR:StopPlace:58854,Langhus stasjon,2026-04-25T11:54:00+02:00,2026-04-25T11:54:47+02:00,2026-04-25T11:54:47+02:00,47.0,1,Drøbak - Seiersten,RUT:Line:510,Bøleråsen - Ski - Ås - Drøbak,510,bus,RUT:ServiceJourney:e18fb6f4998373a12e7fd600a9042743,True,actual,2026-04-25T11:58:21.163701+02:00
NSR:StopPlace:58854,Langhus stasjon,2026-04-25T11:57:00+02:00,2026-04-25T11:59:49+02:00,,169.0,1,Lysaker,VYG:Line:L2,Stabekk-Oslo S-Ski,L2,rail,VYG:ServiceJourney:2832-SKI_452046-R,True,expected,2026-04-25T11:58:21.163701+02:00
NSR:StopPlace:58854,Langhus stasjon,2026-04-25T12:01:00+02:00,2026-04-25T12:01:00+02:00,,0.0,0,Ski,VYG:Line:L2,Stabekk-Oslo S-Ski,L2,rail,VYG:ServiceJourney:2825_452040-R,True,planned,2026-04-25T11:58:21.163701+02:00
NSR:StopPlace:58854,Langhus stasjon,2026-04-25T11:59:00+02:00,2026-04-25T12:03:05+02:00,,245.0,1,Bøleråsen,RUT:Line:510,Bøleråsen - Ski - Ås - Drøbak,510,bus,RUT:ServiceJourney:92bfa479f3a23bdc6c06b4f1cf0c06a4,True,expected,2026-04-25T11:58:21.163701+02:00
NSR:StopPlace:58854,Langhus stasjon,2026-04-25T12:09:00+02:00,2026-04-25T12:10:02+02:00,,62.0,1,Drøbak - Frogn vgs.,RUT:Line:510,Bøleråsen - Ski - Ås - Drøbak,510,bus,RUT:ServiceJourney:5541cdbdc8bd039e33737ecb97b2f257,True,expected,2026-04-25T11:58:21.163701+02:00
NSR:StopPlace:58854,Langhus stasjon,2026-04-25T12:12:00+02:00,2026-04-25T12:12:00+02:00,,0.0,0,Stabekk,VYG:Line:L2,Stabekk-Oslo S-Ski,L2,rail,VYG:ServiceJourney:2734-SKI_443942-R,True,planned,2026-04-25T11:58:21.163701+02:00
NSR:StopPlace:58854,Langhus stasjon,2026-04-25T12:14:00+02:00,2026-04-25T12:16:17+02:00,,137.0,1,Bøleråsen,RUT:Line:510,Bøleråsen - Ski - Ås - Drøbak,510,bus,RUT:ServiceJourney:437852b81efb3be8c7d158d9ab0ee257,True,expected,2026-04-25T11:58:21.163701+02:00
NSR:StopPlace:58854,Langhus stasjon,2026-04-25T12:16:00+02:00,2026-04-25T12:16:41+02:00,,41.0,1,Ski,VYG:Line:L2,Stabekk-Oslo S-Ski,L2,rail,VYG:ServiceJourney:2727-HVK_443934-R,True,expected,2026-04-25T11:58:21.163701+02:00
NSR:StopPlace:58854,Langhus stasjon,2026-04-25T12:24:00+02:00,2026-04-25T12:24:00+02:00,,0.0,0,Drøbak - Seiersten,RUT:Line:510,Bøleråsen - Ski - Ås - Drøbak,510,bus,RUT:ServiceJourney:5d73fdb79cbba27cb27d324758041ad4,True,planned,2026-04-25T11:58:21.163701+02:00
NSR:StopPlace:58854,Langhus stasjon,2026-04-25T12:27:00+02:00,2026-04-25T12:27:00+02:00,,0.0,0,Lysaker,VYG:Line:L2,Stabekk-Oslo S-Ski,L2,rail,VYG:ServiceJourney:2834-SKI_452048-R,True,planned,2026-04-25T11:58:21.163701+02:00
NSR:StopPlace:58854,Langhus stasjon,2026-04-25T12:29:00+02:00,2026-04-25T12:30:38+02:00,,98.0,1,Bøleråsen,RUT:Line:510,Bøleråsen - Ski - Ås - Drøbak,510,bus,RUT:ServiceJourney:91804d685925e87b7fbd3da0a15cf171,True,expected,2026-04-25T11:58:21.163701+02:00
NSR:StopPlace:58854,Langhus stasjon,2026-04-25T12:31:00+02:00,2026-04-25T12:31:00+02:00,,0.0,0,Ski,VYG:Line:L2,Stabekk-Oslo S-Ski,L2,rail,VYG:ServiceJourney:2827-HVK_452041-R,True,planned,2026-04-25T11:58:21.163701+02:00
NSR:StopPlace:58854,Langhus stasjon,2026-04-25T12:32:00+02:00,2026-04-25T12:32:00+02:00,,0.0,0,Siggerud,RUT:Line:516,Siggerud - Ski stasjon,516,bus,RUT:ServiceJourney:c26367697dace4f804f6f88e9f7150f1,False,planned,2026-04-25T11:58:21.163701+02:00
NSR:StopPlace:58854,Langhus stasjon,2026-04-25T12:39:00+02:00,2026-04-25T12:39:00+02:00,,0.0,0,Drøbak - Frogn vgs.,RUT:Line:510,Bøleråsen - Ski - Ås - Drøbak,510,bus,RUT:ServiceJourney:7cc61a6b78c107f1b466d1673374d39c,True,planned,2026-04-25T11:58:21.163701+02:00
NSR:StopPlace:58854,Langhus stasjon,2026-04-25T12:42:00+02:00,2026-04-25T12:42:00+02:00,,0.0,0,Stabekk,VYG:Line:L2,Stabekk-Oslo S-Ski,L2,rail,VYG:ServiceJourney:2736-SKI_443944-R,True,planned,2026-04-25T11:58:21.163701+02:00
NSR:StopPlace:58854,Langhus stasjon,2026-04-25T12:44:00+02:00,2026-04-25T12:44:00+02:00,,0.0,0,Bøleråsen,RUT:Line:510,Bøleråsen - Ski - Ås - Drøbak,510,bus,RUT:ServiceJourney:92971998d4f2a84311e68288ab3400e1,True,planned,2026-04-25T11:58:21.163701+02:00
NSR:StopPlace:58854,Langhus stasjon,2026-04-25T12:46:00+02:00,2026-04-25T12:46:00+02:00,,0.0,0,Ski,VYG:Line:L2,Stabekk-Oslo S-Ski,L2,rail,VYG:ServiceJourney:2729-HVK_443936-R,True,planned,2026-04-25T11:58:21.163701+02:00
NSR:StopPlace:58854,Langhus stasjon,2026-04-25T12:54:00+02:00,2026-04-25T12:54:00+02:00,,0.0,0,Drøbak - Seiersten,RUT:Line:510,Bøleråsen - Ski - Ås - Drøbak,510,bus,RUT:ServiceJourney:61465a3be1a614845a4d91cd997f92a8,False,planned,2026-04-25T11:58:21.163701+02:00
NSR:StopPlace:58854,Langhus stasjon,2026-04-25T12:57:00+02:00,2026-04-25T12:57:00+02:00,,0.0,0,Lysaker,VYG:Line:L2,Stabekk-Oslo S-Ski,L2,rail,VYG:ServiceJourney:2836-SKI_452050-R,True,planned,2026-04-25T11:58:21.163701+02:00
NSR:StopPlace:58855,Leirsund stasjon,2026-04-25T10:55:00+02:00,2026-04-25T10:57:56+02:00,2026-04-25T10:57:56+02:00,176.0,1,Drammen,VYG:Line:R13,Drammen-Oslo S-Dal,R13,rail,VYG:ServiceJourney:1624_443264-R,True,actual,2026-04-25T11:58:21.163701+02:00
NSR:StopPlace:58855,Leirsund stasjon,2026-04-25T11:00:00+02:00,2026-04-25T11:01:44+02:00,2026-04-25T11:01:44+02:00,104.0,1,Dal,VYG:Line:R13,Drammen-Oslo S-Dal,R13,rail,VYG:ServiceJourney:1623_481146-R,True,actual,2026-04-25T11:58:21.163701+02:00
NSR:StopPlace:58855,Leirsund stasjon,2026-04-25T11:25:00+02:00,2026-04-25T11:26:33+02:00,2026-04-25T11:26:33+02:00,93.0,1,Drammen,VYG:Line:R13,Drammen-Oslo S-Dal,R13,rail,VYG:ServiceJourney:1626_443268-R,True,actual,2026-04-25T11:58:21.163701+02:00
NSR:StopPlace:58855,Leirsund stasjon,2026-04-25T11:30:00+02:00,2026-04-25T11:30:28+02:00,2026-04-25T11:30:28+02:00,28.0,1,Dal,VYG:Line:R13,Drammen-Oslo S-Dal,R13,rail,VYG:ServiceJourney:1625_481147-R,True,actual,2026-04-25T11:58:21.163701+02:00
NSR:StopPlace:58855,Leirsund stasjon,2026-04-25T11:55:00+02:00,2026-04-25T11:55:56+02:00,2026-04-25T11:55:56+02:00,56.0,1,Drammen,VYG:Line:R13,Drammen-Oslo S-Dal,R13,rail,VYG:ServiceJourney:1628_481149-R,True,actual,2026-04-25T11:58:21.163701+02:00
NSR:StopPlace:58855,Leirsund stasjon,2026-04-25T12:00:00+02:00,2026-04-25T12:00:00+02:00,,0.0,0,Dal,VYG:Line:R13,Drammen-Oslo S-Dal,R13,rail,VYG:ServiceJourney:1627_443269-R,True,planned,2026-04-25T11:58:21.163701+02:00
NSR:StopPlace:58855,Leirsund stasjon,2026-04-25T12:25:00+02:00,2026-04-25T12:25:00+02:00,,0.0,0,Drammen,VYG:Line:R13,Drammen-Oslo S-Dal,R13,rail,VYG:ServiceJourney:1630_481151-R,True,planned,2026-04-25T11:58:21.163701+02:00
NSR:StopPlace:58855,Leirsund stasjon,2026-04-25T12:30:00+02:00,2026-04-25T12:30:00+02:00,,0.0,0,Dal,VYG:Line:R13,Drammen-Oslo S-Dal,R13,rail,VYG:ServiceJourney:1629_443274-R,True,planned,2026-04-25T11:58:21.163701+02:00
NSR:StopPlace:58855,Leirsund stasjon,2026-04-25T12:55:00+02:00,2026-04-25T12:55:00+02:00,,0.0,0,Drammen,VYG:Line:R13,Drammen-Oslo S-Dal,R13,rail,VYG:ServiceJourney:1632_443281-R,True,planned,2026-04-25T11:58:21.163701+02:00
NSR:StopPlace:58856,Lysaker stasjon,2026-04-25T10:41:00+02:00,2026-04-25T10:42:46+02:00,2026-04-25T10:42:46+02:00,106.0,1,Snarøya,RUT:Line:31,Snarøya - Fornebu - Tonsenhagen - Grorud,31,bus,RUT:ServiceJourney:97b98b20b773e2c03b7dfa4bab052aca,True,actual,2026-04-25T11:58:21.163701+02:00
NSR:StopPlace:58856,Lysaker stasjon,2026-04-25T10:41:00+02:00,2026-04-25T10:43:27+02:00,2026-04-25T10:43:27+02:00,147.0,1,Nationaltheatret,RUT:Line:150,Gullhaug - Nationaltheatret,150,bus,RUT:ServiceJourney:f94e8ae81d1d4dcc735a0f4d823a7a45,True,actual,2026-04-25T11:58:21.163701+02:00
NSR:StopPlace:58856,Lysaker stasjon,2026-04-25T10:42:00+02:00,2026-04-25T10:44:04+02:00,2026-04-25T10:44:04+02:00,124.0,1,Tonsenhagen,RUT:Line:31,Snarøya - Fornebu - Tonsenhagen - Grorud,31,bus,RUT:ServiceJourney:09cd35a327a163e091dfe23f11733738,True,actual,2026-04-25T11:58:21.163701+02:00
NSR:StopPlace:58856,Lysaker stasjon,2026-04-25T10:43:00+02:00,2026-04-25T10:44:59+02:00,2026-04-25T10:44:59+02:00,119.0,1,Bekkestua via Østerås,RUT:Line:140,Bekkestua - Østerås - Skøyen,140,bus,RUT:ServiceJourney:5a5eca9dd8d8431d4230e8bb554ce8e2,True,actual,2026-04-25T11:58:21.163701+02:00
NSR:StopPlace:58856,Lysaker stasjon,2026-04-25T10:45:00+02:00,2026-04-25T10:45:00+02:00,,0.0,0,Haugesund,NWY:Line:ac668a26-0855-5f63-b8a4-5d542de6f7f7,Haukeliekspressen,NW180,coach,NWY:ServiceJourney:4c98dcfc-b782-5f63-89ee-442884fec4cb,False,planned,2026-04-25T11:58:21.163701+02:00
NSR:StopPlace:58856,Lysaker stasjon,2026-04-25T10:45:00+02:00,2026-04-25T10:45:16+02:00,2026-04-25T10:45:16+02:00,16.0,1,Tjuvholmen,RUT:Line:42,Voksen skog - Tjuvholmen,42,bus,RUT:ServiceJourney:f9d0fde82b5867a93212c3c1bf1be1d5,True,actual,2026-04-25T11:58:21.163701+02:00
NSR:StopPlace:58856,Lysaker stasjon,2026-04-25T10:46:00+02:00,2026-04-25T10:46:20+02:00,2026-04-25T10:46:20+02:00,20.0,1,Oslo Lufthavn,FLT:Line:FLY1,FLY1,FLY1,rail,FLT:ServiceJourney:1-2614-3739-20260425,True,actual,2026-04-25T11:58:21.163701+02:00
NSR:StopPlace:58856,Lysaker stasjon,2026-04-25T10:42:00+02:00,2026-04-25T10:46:58+02:00,,298.0,1,Kristiansand,FLI:Line:d1fc7afc75068aa6,Oslo - Kristiansand,FX651,coach,FLI:ServiceJourney:0e9c7fdb2d35530b4c0996fc64d0aac9,True,expected,2026-04-25T11:58:21.163701+02:00
NSR:StopPlace:58856,Lysaker stasjon,2026-04-25T10:47:00+02:00,2026-04-25T10:47:30+02:00,2026-04-25T10:47:30+02:00,30.0,1,Stabekk,VYG:Line:R21,Stabekk-Oslo S-Moss,R21,rail,VYG:ServiceJourney:1124-MOS_443000-R,True,actual,2026-04-25T11:58:21.163701+02:00
NSR:StopPlace:58856,Lysaker stasjon,2026-04-25T10:48:00+02:00,2026-04-25T10:48:05+02:00,2026-04-25T10:48:05+02:00,5.0,1,Fornebu,RUT:Line:31,Snarøya - Fornebu - Tonsenhagen - Grorud,31,bus,RUT:ServiceJourney:2d5875c96600334fa3b53954d3aa6e85,True,actual,2026-04-25T11:58:21.163701+02:00
NSR:StopPlace:58856,Lysaker stasjon,2026-04-25T10:43:00+02:00,2026-04-25T10:48:30+02:00,2026-04-25T10:48:30+02:00,330.0,1,Nationaltheatret,RUT:Line:250,Sætre - Slemmestad - Nationaltheatret,250,bus,RUT:ServiceJourney:623209b5d62b0c51fffafad2fdce0537,True,actual,2026-04-25T11:58:21.163701+02:00
NSR:StopPlace:58856,Lysaker stasjon,2026-04-25T10:48:00+02:00,2026-04-25T10:49:02+02:00,2026-04-25T10:49:02+02:00,62.0,1,Nationaltheatret,RUT:Line:160,Rykkinn -Nationaltheatret,160,bus,RUT:ServiceJourney:242d623dd78984a9861ff22886dece6d,True,actual,2026-04-25T11:58:21.163701+02:00
NSR:StopPlace:58856,Lysaker stasjon,2026-04-25T10:49:00+02:00,2026-04-25T10:49:30+02:00,2026-04-25T10:49:30+02:00,30.0,1,Skien,VYG:Line:RE11,Eidsvoll-Oslo S-Skien,RE11,rail,VYG:ServiceJourney:813_444393-R,True,actual,2026-04-25T11:58:21.163701+02:00
NSR:StopPlace:58856,Lysaker stasjon,2026-04-25T10:49:00+02:00,2026-04-25T10:50:04+02:00,2026-04-25T10:50:04+02:00,64.0,1,Grorud T,RUT:Line:31,Snarøya - Fornebu - Tonsenhagen - Grorud,31,bus,RUT:ServiceJourney:2c3649ffece351bd4b68ba3a03f5d9f5,True,actual,2026-04-25T11:58:21.163701+02:00
NSR:StopPlace:58856,Lysaker stasjon,2026-04-25T10:48:00+02:00,2026-04-25T10:50:08+02:00,2026-04-25T10:50:08+02:00,128.0,1,Skøyen,RUT:Line:140,Bekkestua - Østerås - Skøyen,140,bus,RUT:ServiceJourney:616114ee62c5708bf6275465f0bb1abd,True,actual,2026-04-25T11:58:21.163701+02:00
NSR:StopPlace:58856,Lysaker stasjon,2026-04-25T10:49:00+02:00,2026-04-25T10:50:40+02:00,2026-04-25T10:50:40+02:00,100.0,1,Rykkinn,RUT:Line:160,Rykkinn -Nationaltheatret,160,bus,RUT:ServiceJourney:bf516ad2a6239df09d58dd33767477b9,True,actual,2026-04-25T11:58:21.163701+02:00
NSR:StopPlace:58856,Lysaker stasjon,2026-04-25T10:51:00+02:00,2026-04-25T10:51:08+02:00,2026-04-25T10:51:08+02:00,8.0,1,Kongsvinger,VYG:Line:R14,Asker-Oslo S-Kongsvinger,R14,rail,VYG:ServiceJourney:1013_442918-R,True,actual,2026-04-25T11:58:21.163701+02:00
NSR:StopPlace:58856,Lysaker stasjon,2026-04-25T10:50:00+02:00,2026-04-25T10:51:34+02:00,2026-04-25T10:51:34+02:00,94.0,1,Gullhaug,RUT:Line:150,Gullhaug - Nationaltheatret,150,bus,RUT:ServiceJourney:2aa5f6ca6b69b78e8d9e474ef0fb787d,True,actual,2026-04-25T11:58:21.163701+02:00
NSR:StopPlace:58856,Lysaker stasjon,2026-04-25T10:50:00+02:00,2026-04-25T10:51:57+02:00,2026-04-25T10:51:57+02:00,117.0,1,Slemmestad,RUT:Line:250,Sætre - Slemmestad - Nationaltheatret,250,bus,RUT:ServiceJourney:d84fad7d24473d1535a4a740ee1d73d3,True,actual,2026-04-25T11:58:21.163701+02:00
NSR:StopPlace:58856,Lysaker stasjon,2026-04-25T10:51:00+02:00,2026-04-25T10:51:59+02:00,2026-04-25T10:51:59+02:00,59.0,1,Spikkestad,VYG:Line:L1,Spikkestad-Oslo S-Lillestrøm,L1,rail,VYG:ServiceJourney:2223_443621-R,True,actual,2026-04-25T11:58:21.163701+02:00
NSR:StopPlace:58856,Lysaker stasjon,2026-04-25T10:56:00+02:00,2026-04-25T10:57:18+02:00,2026-04-25T10:57:18+02:00,78.0,1,Snarøya,RUT:Line:31,Snarøya - Fornebu - Tonsenhagen - Grorud,31,bus,RUT:ServiceJourney:772e6048b1634017be8bd5d4ad7a1b68,True,actual,2026-04-25T11:58:21.163701+02:00
NSR:StopPlace:58856,Lysaker stasjon,2026-04-25T10:57:00+02:00,2026-04-25T10:57:19+02:00,2026-04-25T10:57:19+02:00,19.0,1,Tonsenhagen,RUT:Line:31,Snarøya - Fornebu - Tonsenhagen - Grorud,31,bus,RUT:ServiceJourney:4bf385aa32e8b1a4c4a974bf0a9528d1,True,actual,2026-04-25T11:58:21.163701+02:00
NSR:StopPlace:58856,Lysaker stasjon,2026-04-25T10:56:00+02:00,2026-04-25T10:57:46+02:00,2026-04-25T10:57:46+02:00,106.0,1,Nationaltheatret,RUT:Line:150,Gullhaug - Nationaltheatret,150,bus,RUT:ServiceJourney:8085bcdb2265ee09dbd18b28f6781333,True,actual,2026-04-25T11:58:21.163701+02:00
NSR:StopPlace:58856,Lysaker stasjon,2026-04-25T10:56:00+02:00,2026-04-25T10:57:50+02:00,2026-04-25T10:57:50+02:00,110.0,1,Skøyen,RUT:Line:130,Sandvika -Skøyen,130,bus,RUT:ServiceJourney:57bacc2b95fc7e443e7c678f2920df96,True,actual,2026-04-25T11:58:21.163701+02:00
NSR:StopPlace:58856,Lysaker stasjon,2026-04-25T10:59:00+02:00,2026-04-25T10:59:20+02:00,2026-04-25T10:59:20+02:00,20.0,1,Lillestrøm,VYG:Line:L1,Spikkestad-Oslo S-Lillestrøm,L1,rail,VYG:ServiceJourney:2226_452018-R,True,actual,2026-04-25T11:58:21.163701+02:00
NSR:StopPlace:58856,Lysaker stasjon,2026-04-25T10:58:00+02:00,2026-04-25T10:59:23+02:00,2026-04-25T10:59:23+02:00,83.0,1,Nationaltheatret,RUT:Line:250,Sætre - Slemmestad - Nationaltheatret,250,bus,RUT:ServiceJourney:1b96f274a3994d875b03ac5118afa06c,True,actual,2026-04-25T11:58:21.163701+02:00
NSR:StopPlace:58856,Lysaker stasjon,2026-04-25T10:57:00+02:00,2026-04-25T10:59:24+02:00,2026-04-25T10:59:24+02:00,144.0,1,Stabekk,VYG:Line:L2,Stabekk-Oslo S-Ski,L2,rail,VYG:ServiceJourney:2726-SKI_443933-R,True,actual,2026-04-25T11:58:21.163701+02:00
NSR:StopPlace:58856,Lysaker stasjon,2026-04-25T10:59:00+02:00,2026-04-25T11:00:55+02:00,2026-04-25T11:00:55+02:00,115.0,1,Drammen,VYG:Line:R13,Drammen-Oslo S-Dal,R13,rail,VYG:ServiceJourney:1622_443260-R,True,actual,2026-04-25T11:58:21.163701+02:00
NSR:StopPlace:58856,Lysaker stasjon,2026-04-25T11:01:00+02:00,2026-04-25T11:01:25+02:00,2026-04-25T11:01:25+02:00,25.0,1,Dal,VYG:Line:R13,Drammen-Oslo S-Dal,R13,rail,VYG:ServiceJourney:1625_481147-R,True,actual,2026-04-25T11:58:21.163701+02:00
NSR:StopPlace:58856,Lysaker stasjon,2026-04-25T11:00:00+02:00,2026-04-25T11:02:40+02:00,2026-04-25T11:02:40+02:00,160.0,1,Hønefoss,BRA:Line:4_6200,Hønefoss-Oslo,200,bus,BRA:ServiceJourney:6200_260120111435904_6004,True,actual,2026-04-25T11:58:21.163701+02:00
NSR:StopPlace:58856,Lysaker stasjon,2026-04-25T11:03:00+02:00,2026-04-25T11:02:52+02:00,2026-04-25T11:02:52+02:00,-8.0,0,Fornebu,RUT:Line:31,Snarøya - Fornebu - Tonsenhagen - Grorud,31,bus,RUT:ServiceJourney:183c275f5fdd5d250c2b0c5157dfe80d,True,actual,2026-04-25T11:58:21.163701+02:00
NSR:StopPlace:58856,Lysaker stasjon,2026-04-25T11:03:00+02:00,2026-04-25T11:03:08+02:00,2026-04-25T11:03:08+02:00,8.0,1,Ski,VYG:Line:L2,Stabekk-Oslo S-Ski,L2,rail,VYG:ServiceJourney:2725-HVK_443932-R,True,actual,2026-04-25T11:58:21.163701+02:00
NSR:StopPlace:58856,Lysaker stasjon,2026-04-25T11:00:00+02:00,2026-04-25T11:03:22+02:00,2026-04-25T11:03:22+02:00,202.0,1,Tjuvholmen,RUT:Line:42,Voksen skog - Tjuvholmen,42,bus,RUT:ServiceJourney:b9bc009b3d4b8d90b5530893ef719499,True,actual,2026-04-25T11:58:21.163701+02:00
NSR:StopPlace:58856,Lysaker stasjon,2026-04-25T11:04:00+02:00,2026-04-25T11:04:20+02:00,2026-04-25T11:04:20+02:00,20.0,1,Grorud T,RUT:Line:31,Snarøya - Fornebu - Tonsenhagen - Grorud,31,bus,RUT:ServiceJourney:91b6780d43671f0de5064f1f9f8e4dcb,True,actual,2026-04-25T11:58:21.163701+02:00
NSR:StopPlace:58856,Lysaker stasjon,2026-04-25T11:03:00+02:00,2026-04-25T11:04:41+02:00,2026-04-25T11:04:41+02:00,101.0,1,Nationaltheatret,RUT:Line:160,Rykkinn -Nationaltheatret,160,bus,RUT:ServiceJourney:344b1f2f8370d9d64d33cde181fb4a8b,True,actual,2026-04-25T11:58:21.163701+02:00
NSR:StopPlace:58856,Lysaker stasjon,2026-04-25T11:06:00+02:00,2026-04-25T11:06:00+02:00,,0.0,0,Torpekspressen - Torp airport,UNI:Line:UE2,Oslo Bussterminal - Torp Lufhavn,FB25,bus,UNI:ServiceJourney:UE2-166384-45502983,False,planned,2026-04-25T11:58:21.163701+02:00
NSR:StopPlace:58856,Lysaker stasjon,2026-04-25T11:05:00+02:00,2026-04-25T11:06:27+02:00,2026-04-25T11:06:27+02:00,87.0,1,Gullhaug,RUT:Line:150,Gullhaug - Nationaltheatret,150,bus,RUT:ServiceJourney:e7be013f0a6eec6ed1faee2e1507fecd,True,actual,2026-04-25T11:58:21.163701+02:00
NSR:StopPlace:58856,Lysaker stasjon,2026-04-25T11:06:00+02:00,2026-04-25T11:07:14+02:00,2026-04-25T11:07:14+02:00,74.0,1,Oslo Lufthavn,FLT:Line:FLY1,FLY1,FLY1,rail,FLT:ServiceJourney:1-2614-3741-20260425,True,actual,2026-04-25T11:58:21.163701+02:00
NSR:StopPlace:58856,Lysaker stasjon,2026-04-25T11:05:00+02:00,2026-04-25T11:07:28+02:00,2026-04-25T11:07:28+02:00,148.0,1,Slemmestad,RUT:Line:250,Sætre - Slemmestad - Nationaltheatret,250,bus,RUT:ServiceJourney:ec14e4142133dbf84a409550e8844b49,True,actual,2026-04-25T11:58:21.163701+02:00
NSR:StopPlace:58856,Lysaker stasjon,2026-04-25T11:09:00+02:00,2026-04-25T11:09:17+02:00,2026-04-25T11:09:17+02:00,17.0,1,Moss,VYG:Line:R21,Stabekk-Oslo S-Moss,R21,rail,VYG:ServiceJourney:1125-HVK_443001-R,True,actual,2026-04-25T11:58:21.163701+02:00
NSR:StopPlace:58856,Lysaker stasjon,2026-04-25T11:09:00+02:00,2026-04-25T11:09:18+02:00,2026-04-25T11:09:18+02:00,18.0,1,Asker,VYG:Line:R14,Asker-Oslo S-Kongsvinger,R14,rail,VYG:ServiceJourney:1012_442917-R,True,actual,2026-04-25T11:58:21.163701+02:00
NSR:StopPlace:58856,Lysaker stasjon,2026-04-25T11:04:00+02:00,2026-04-25T11:09:55+02:00,2026-04-25T11:09:55+02:00,355.0,1,Rykkinn,RUT:Line:160,Rykkinn -Nationaltheatret,160,bus,RUT:ServiceJourney:456ba08038c19f1d92ce348ff5dc674b,True,actual,2026-04-25T11:58:21.163701+02:00
NSR:StopPlace:58856,Lysaker stasjon,2026-04-25T11:06:00+02:00,2026-04-25T11:10:01+02:00,2026-04-25T11:10:01+02:00,241.0,1,Sandvika,RUT:Line:130,Sandvika -Skøyen,130,bus,RUT:ServiceJourney:5f758cb66965215267efbcdde9c9a33e,True,actual,2026-04-25T11:58:21.163701+02:00
NSR:StopPlace:58856,Lysaker stasjon,2026-04-25T11:11:00+02:00,2026-04-25T11:11:00+02:00,,0.0,0,Kristiansand,VYX:Line:5,VY190 Ulsteinvik-Bergen-Kristiansand-Oslo,VY190,coach,VYX:ServiceJourney:24cff3dad4f11ae0d174974c4fd8b7e84bc4ccdb,False,planned,2026-04-25T11:58:21.163701+02:00
NSR:StopPlace:58856,Lysaker stasjon,2026-04-25T11:11:00+02:00,2026-04-25T11:12:00+02:00,2026-04-25T11:12:00+02:00,60.0,1,Eidsvoll,VYG:Line:RE11,Eidsvoll-Oslo S-Skien,RE11,rail,VYG:ServiceJourney:812_444392-R,True,actual,2026-04-25T11:58:21.163701+02:00
NSR:StopPlace:58856,Lysaker stasjon,2026-04-25T11:11:00+02:00,2026-04-25T11:12:32+02:00,2026-04-25T11:12:32+02:00,92.0,1,Snarøya,RUT:Line:31,Snarøya - Fornebu - Tonsenhagen - Grorud,31,bus,RUT:ServiceJourney:440cff256379b36608006ed4e4f811ff,True,actual,2026-04-25T11:58:21.163701+02:00
NSR:StopPlace:58856,Lysaker stasjon,2026-04-25T11:11:00+02:00,2026-04-25T11:12:57+02:00,2026-04-25T11:12:57+02:00,117.0,1,Nationaltheatret,RUT:Line:150,Gullhaug - Nationaltheatret,150,bus,RUT:ServiceJourney:863efc7fa949ce0e75ed4e2e17a2f0c0,True,actual,2026-04-25T11:58:21.163701+02:00
NSR:StopPlace:58856,Lysaker stasjon,2026-04-25T11:12:00+02:00,2026-04-25T11:13:50+02:00,2026-04-25T11:13:50+02:00,110.0,1,Tonsenhagen,RUT:Line:31,Snarøya - Fornebu - Tonsenhagen - Grorud,31,bus,RUT:ServiceJourney:12820b3b48af649781950f8fb46053ab,True,actual,2026-04-25T11:58:21.163701+02:00
NSR:StopPlace:58856,Lysaker stasjon,2026-04-25T11:13:00+02:00,2026-04-25T11:14:39+02:00,2026-04-25T11:14:39+02:00,99.0,1,Bekkestua via Østerås,RUT:Line:140,Bekkestua - Østerås - Skøyen,140,bus,RUT:ServiceJourney:2a726b05f2c9b081003ad05a0c5de259,True,actual,2026-04-25T11:58:21.163701+02:00
NSR:StopPlace:58856,Lysaker stasjon,2026-04-25T11:18:00+02:00,2026-04-25T11:18:00+02:00,2026-04-25T11:18:00+02:00,0.0,0,Nationaltheatret,RUT:Line:160,Rykkinn -Nationaltheatret,160,bus,RUT:ServiceJourney:a92d69155bc2e1a0b48c2f6b866ef78c,True,actual,2026-04-25T11:58:21.163701+02:00
NSR:StopPlace:58857,Lørenskog stasjon,2026-04-25T10:43:00+02:00,2026-04-25T10:43:27+02:00,2026-04-25T10:43:27+02:00,27.0,1,Stovner,RUT:Line:120,Nesåsen - Stovner,120,bus,RUT:ServiceJourney:edde348d823a1f25826d9293d42d6141,True,actual,2026-04-25T11:58:21.163701+02:00
NSR:StopPlace:58857,Lørenskog stasjon,2026-04-25T10:51:00+02:00,2026-04-25T10:52:14+02:00,2026-04-25T10:52:14+02:00,74.0,1,Spikkestad,VYG:Line:L1,Spikkestad-Oslo S-Lillestrøm,L1,rail,VYG:ServiceJourney:2225_443623-R,True,actual,2026-04-25T11:58:21.163701+02:00
NSR:StopPlace:58857,Lørenskog stasjon,2026-04-25T10:59:00+02:00,2026-04-25T11:03:31+02:00,2026-04-25T11:03:31+02:00,271.0,1,Lillestrøm,VYG:Line:L1,Spikkestad-Oslo S-Lillestrøm,L1,rail,VYG:ServiceJourney:2224_443622-R,True,actual,2026-04-25T11:58:21.163701+02:00
NSR:StopPlace:58857,Lørenskog stasjon,2026-04-25T11:07:00+02:00,2026-04-25T11:08:24+02:00,2026-04-25T11:08:24+02:00,84.0,1,Nesåsen,RUT:Line:120,Nesåsen - Stovner,120,bus,RUT:ServiceJourney:a0da060e7e165600e6c88e1638d025c1,True,actual,2026-04-25T11:58:21.163701+02:00
NSR:StopPlace:58857,Lørenskog stasjon,2026-04-25T11:13:00+02:00,2026-04-25T11:13:26+02:00,2026-04-25T11:13:26+02:00,26.0,1,Stovner,RUT:Line:120,Nesåsen - Stovner,120,bus,RUT:ServiceJourney:1c60625b5e0c4125e3949f92c613b8ef,True,actual,2026-04-25T11:58:21.163701+02:00
NSR:StopPlace:58857,Lørenskog stasjon,2026-04-25T11:21:00+02:00,2026-04-25T11:22:03+02:00,2026-04-25T11:22:03+02:00,63.0,1,Spikkestad,VYG:Line:L1,Spikkestad-Oslo S-Lillestrøm,L1,rail,VYG:ServiceJourney:2227_443627-R,True,actual,2026-04-25T11:58:21.163701+02:00
NSR:StopPlace:58857,Lørenskog stasjon,2026-04-25T11:29:00+02:00,2026-04-25T11:33:05+02:00,2026-04-25T11:33:05+02:00,245.0,1,Lillestrøm,VYG:Line:L1,Spikkestad-Oslo S-Lillestrøm,L1,rail,VYG:ServiceJourney:2226_452018-R,True,actual,2026-04-25T11:58:21.163701+02:00
NSR:StopPlace:58857,Lørenskog stasjon,2026-04-25T11:37:00+02:00,2026-04-25T11:39:59+02:00,2026-04-25T11:39:59+02:00,179.0,1,Nesåsen,RUT:Line:120,Nesåsen - Stovner,120,bus,RUT:ServiceJourney:b933a48092d20a9defa4316d727fd218,True,actual,2026-04-25T11:58:21.163701+02:00
NSR:StopPlace:58857,Lørenskog stasjon,2026-04-25T11:43:00+02:00,2026-04-25T11:43:56+02:00,2026-04-25T11:43:56+02:00,56.0,1,Stovner,RUT:Line:120,Nesåsen - Stovner,120,bus,RUT:ServiceJourney:178af155b544122bc87b37692a06e7b3,True,actual,2026-04-25T11:58:21.163701+02:00
NSR:StopPlace:58857,Lørenskog stasjon,2026-04-25T11:51:00+02:00,2026-04-25T11:57:14+02:00,2026-04-25T11:57:14+02:00,374.0,1,Spikkestad,VYG:Line:L1,Spikkestad-Oslo S-Lillestrøm,L1,rail,VYG:ServiceJourney:2229_443629-R,True,actual,2026-04-25T11:58:21.163701+02:00
NSR:StopPlace:58857,Lørenskog stasjon,2026-04-25T12:07:00+02:00,2026-04-25T12:07:00+02:00,,0.0,0,Nesåsen,RUT:Line:120,Nesåsen - Stovner,120,bus,RUT:ServiceJourney:f43217ac78cfc61dccfd97af29d52f08,True,planned,2026-04-25T11:58:21.163701+02:00
NSR:StopPlace:58857,Lørenskog stasjon,2026-04-25T12:13:00+02:00,2026-04-25T12:13:37+02:00,,37.0,1,Stovner,RUT:Line:120,Nesåsen - Stovner,120,bus,RUT:ServiceJourney:dde4f3931a636811ce57099cefcb3eaf,True,expected,2026-04-25T11:58:21.163701+02:00
NSR:StopPlace:58857,Lørenskog stasjon,2026-04-25T12:21:00+02:00,2026-04-25T12:21:00+02:00,,0.0,0,Spikkestad,VYG:Line:L1,Spikkestad-Oslo S-Lillestrøm,L1,rail,VYG:ServiceJourney:2231_443635-R,True,planned,2026-04-25T11:58:21.163701+02:00
NSR:StopPlace:58857,Lørenskog stasjon,2026-04-25T12:29:00+02:00,2026-04-25T12:29:00+02:00,,0.0,0,Lillestrøm,VYG:Line:L1,Spikkestad-Oslo S-Lillestrøm,L1,rail,VYG:ServiceJourney:2230_443632-R,True,planned,2026-04-25T11:58:21.163701+02:00
NSR:StopPlace:58857,Lørenskog stasjon,2026-04-25T12:37:00+02:00,2026-04-25T12:37:00+02:00,,0.0,0,Nesåsen,RUT:Line:120,Nesåsen - Stovner,120,bus,RUT:ServiceJourney:ef5ceb43ab4b4d00adb5f2a446a060d8,False,planned,2026-04-25T11:58:21.163701+02:00
NSR:StopPlace:58857,Lørenskog stasjon,2026-04-25T12:43:00+02:00,2026-04-25T12:43:00+02:00,,0.0,0,Stovner,RUT:Line:120,Nesåsen - Stovner,120,bus,RUT:ServiceJourney:43601b1f642b709518606ddbb23b1c94,False,planned,2026-04-25T11:58:21.163701+02:00
NSR:StopPlace:58857,Lørenskog stasjon,2026-04-25T12:51:00+02:00,2026-04-25T12:51:00+02:00,,0.0,0,Spikkestad,VYG:Line:L1,Spikkestad-Oslo S-Lillestrøm,L1,rail,VYG:ServiceJourney:2233_443637-R,True,planned,2026-04-25T11:58:21.163701+02:00
NSR:StopPlace:58858,Nittedal stasjon,2026-04-25T10:41:00+02:00,2026-04-25T10:43:10+02:00,2026-04-25T10:43:10+02:00,130.0,1,Dam,RUT:Line:386,Nittedal stasjon - Kruttverket - Dam,386,bus,RUT:ServiceJourney:a5a370ab6be03aa6a22398e18cb113bb,True,actual,2026-04-25T11:58:21.163701+02:00
NSR:StopPlace:58858,Nittedal stasjon,2026-04-25T11:11:00+02:00,2026-04-25T11:11:58+02:00,2026-04-25T11:11:58+02:00,58.0,1,Dam,RUT:Line:386,Nittedal stasjon - Kruttverket - Dam,386,bus,RUT:ServiceJourney:4fa3efdb792984007b72304008718cf3,True,actual,2026-04-25T11:58:21.163701+02:00
NSR:StopPlace:58858,Nittedal stasjon,2026-04-25T11:11:00+02:00,2026-04-25T11:11:59+02:00,2026-04-25T11:11:59+02:00,59.0,1,Oslo S,VYG:Line:R31,Skøyen-Jaren-Gjøvik,R31,rail,VYG:ServiceJourney:BUS-212_531756-R,True,actual,2026-04-25T11:58:21.163701+02:00
NSR:StopPlace:58858,Nittedal stasjon,2026-04-25T11:04:00+02:00,2026-04-25T11:16:43+02:00,2026-04-25T11:16:43+02:00,763.0,1,Roa,VYG:Line:R31,Skøyen-Jaren-Gjøvik,R31,rail,VYG:ServiceJourney:BUS-213_531761-R,True,actual,2026-04-25T11:58:21.163701+02:00
NSR:StopPlace:58858,Nittedal stasjon,2026-04-25T11:19:00+02:00,2026-04-25T11:19:38+02:00,2026-04-25T11:19:38+02:00,38.0,1,Oslo S,VYG:Line:R31,Skøyen-Jaren-Gjøvik,R31,rail,VYG:ServiceJourney:BUS-212_531755-R,True,actual,2026-04-25T11:58:21.163701+02:00
NSR:StopPlace:58858,Nittedal stasjon,2026-04-25T11:20:00+02:00,2026-04-25T11:21:12+02:00,2026-04-25T11:21:12+02:00,72.0,1,Lørenskog sentrum,RUT:Line:385,Nittedal stasjon - Olavsgaard - Ahus,385,bus,RUT:ServiceJourney:cc693ba7fbc8fb389a8399cdc712db8e,True,actual,2026-04-25T11:58:21.163701+02:00
NSR:StopPlace:58858,Nittedal stasjon,2026-04-25T11:31:00+02:00,2026-04-25T11:31:00+02:00,,0.0,0,Oslo S,VYG:Line:R31,Skøyen-Jaren-Gjøvik,R31,rail,VYG:ServiceJourney:BUS-212_531754-R,False,planned,2026-04-25T11:58:21.163701+02:00
NSR:StopPlace:58858,Nittedal stasjon,2026-04-25T11:41:00+02:00,2026-04-25T11:42:02+02:00,2026-04-25T11:42:02+02:00,62.0,1,Dam,RUT:Line:386,Nittedal stasjon - Kruttverket - Dam,386,bus,RUT:ServiceJourney:ab690b40006f78513970c0d8f223e236,True,actual,2026-04-25T11:58:21.163701+02:00
NSR:StopPlace:58858,Nittedal stasjon,2026-04-25T12:11:00+02:00,2026-04-25T12:11:00+02:00,,0.0,0,Dam,RUT:Line:386,Nittedal stasjon - Kruttverket - Dam,386,bus,RUT:ServiceJourney:a1ab5d80bd220549830480138fb9952b,False,planned,2026-04-25T11:58:21.163701+02:00
NSR:StopPlace:58858,Nittedal stasjon,2026-04-25T12:11:00+02:00,2026-04-25T12:11:00+02:00,,0.0,0,Oslo S,VYG:Line:R31,Skøyen-Jaren-Gjøvik,R31,rail,VYG:ServiceJourney:BUS-214_531767-R,False,planned,2026-04-25T11:58:21.163701+02:00
NSR:StopPlace:58858,Nittedal stasjon,2026-04-25T12:04:00+02:00,2026-04-25T12:15:09+02:00,,669.0,1,Roa,VYG:Line:R31,Skøyen-Jaren-Gjøvik,R31,rail,VYG:ServiceJourney:BUS-215_531772-R,True,expected,2026-04-25T11:58:21.163701+02:00
NSR:StopPlace:58858,Nittedal stasjon,2026-04-25T12:19:00+02:00,2026-04-25T12:19:00+02:00,,0.0,0,Oslo S,VYG:Line:R31,Skøyen-Jaren-Gjøvik,R31,rail,VYG:ServiceJourney:BUS-214_531766-R,True,planned,2026-04-25T11:58:21.163701+02:00
NSR:StopPlace:58858,Nittedal stasjon,2026-04-25T12:20:00+02:00,2026-04-25T12:20:00+02:00,,0.0,0,Lørenskog sentrum,RUT:Line:385,Nittedal stasjon - Olavsgaard - Ahus,385,bus,RUT:ServiceJourney:1e6d6691d20fed8598b96d8eed962e0b,True,planned,2026-04-25T11:58:21.163701+02:00
NSR:StopPlace:58858,Nittedal stasjon,2026-04-25T12:31:00+02:00,2026-04-25T12:31:00+02:00,,0.0,0,Oslo S,VYG:Line:R31,Skøyen-Jaren-Gjøvik,R31,rail,VYG:ServiceJourney:BUS-214_531765-R,False,planned,2026-04-25T11:58:21.163701+02:00
NSR:StopPlace:58858,Nittedal stasjon,2026-04-25T12:41:00+02:00,2026-04-25T12:41:00+02:00,,0.0,0,Dam,RUT:Line:386,Nittedal stasjon - Kruttverket - Dam,386,bus,RUT:ServiceJourney:59bd826ef2542434a96e8be3e83de4d7,False,planned,2026-04-25T11:58:21.163701+02:00
NSR:StopPlace:58859,Nordby stasjon,2026-04-25T10:53:00+02:00,2026-04-25T10:54:42+02:00,2026-04-25T10:54:42+02:00,102.0,1,Dal,VYG:Line:R13,Drammen-Oslo S-Dal,R13,rail,VYG:ServiceJourney:1621_443257-R,True,actual,2026-04-25T11:58:21.163701+02:00
NSR:StopPlace:58859,Nordby stasjon,2026-04-25T11:03:00+02:00,2026-04-25T11:04:14+02:00,2026-04-25T11:04:14+02:00,74.0,1,Drammen,VYG:Line:R13,Drammen-Oslo S-Dal,R13,rail,VYG:ServiceJourney:1626_443268-R,True,actual,2026-04-25T11:58:21.163701+02:00
NSR:StopPlace:58859,Nordby stasjon,2026-04-25T11:23:00+02:00,2026-04-25T11:25:16+02:00,2026-04-25T11:25:16+02:00,136.0,1,Dal,VYG:Line:R13,Drammen-Oslo S-Dal,R13,rail,VYG:ServiceJourney:1623_481146-R,True,actual,2026-04-25T11:58:21.163701+02:00
NSR:StopPlace:58859,Nordby stasjon,2026-04-25T11:33:00+02:00,2026-04-25T11:34:39+02:00,2026-04-25T11:34:39+02:00,99.0,1,Drammen,VYG:Line:R13,Drammen-Oslo S-Dal,R13,rail,VYG:ServiceJourney:1628_481149-R,True,actual,2026-04-25T11:58:21.163701+02:00
NSR:StopPlace:58859,Nordby stasjon,2026-04-25T11:53:00+02:00,2026-04-25T11:54:15+02:00,2026-04-25T11:54:15+02:00,75.0,1,Dal,VYG:Line:R13,Drammen-Oslo S-Dal,R13,rail,VYG:ServiceJourney:1625_481147-R,True,actual,2026-04-25T11:58:21.163701+02:00
NSR:StopPlace:58859,Nordby stasjon,2026-04-25T12:03:00+02:00,2026-04-25T12:03:00+02:00,,0.0,0,Drammen,VYG:Line:R13,Drammen-Oslo S-Dal,R13,rail,VYG:ServiceJourney:1630_481151-R,True,planned,2026-04-25T11:58:21.163701+02:00
NSR:StopPlace:58859,Nordby stasjon,2026-04-25T12:23:00+02:00,2026-04-25T12:23:00+02:00,,0.0,0,Dal,VYG:Line:R13,Drammen-Oslo S-Dal,R13,rail,VYG:ServiceJourney:1627_443269-R,True,planned,2026-04-25T11:58:21.163701+02:00
NSR:StopPlace:58859,Nordby stasjon,2026-04-25T12:33:00+02:00,2026-04-25T12:33:00+02:00,,0.0,0,Drammen,VYG:Line:R13,Drammen-Oslo S-Dal,R13,rail,VYG:ServiceJourney:1632_443281-R,True,planned,2026-04-25T11:58:21.163701+02:00
NSR:StopPlace:58859,Nordby stasjon,2026-04-25T12:53:00+02:00,2026-04-25T12:53:00+02:00,,0.0,0,Dal,VYG:Line:R13,Drammen-Oslo S-Dal,R13,rail,VYG:ServiceJourney:1629_443274-R,True,planned,2026-04-25T11:58:21.163701+02:00
NSR:StopPlace:58850,Hauerseter stasjon,2026-04-25T11:00:00+02:00,2026-04-25T11:00:19+02:00,2026-04-25T11:00:19+02:00,19.0,1,Dal,VYG:Line:R13,Drammen-Oslo S-Dal,R13,rail,VYG:ServiceJourney:1621_443257-R,True,actual,2026-04-25T11:58:21.163701+02:00
NSR:StopPlace:58850,Hauerseter stasjon,2026-04-25T11:00:00+02:00,2026-04-25T11:00:54+02:00,2026-04-25T11:00:54+02:00,54.0,1,Drammen,VYG:Line:R13,Drammen-Oslo S-Dal,R13,rail,VYG:ServiceJourney:1626_443268-R,True,actual,2026-04-25T11:58:21.163701+02:00
NSR:StopPlace:58850,Hauerseter stasjon,2026-04-25T11:30:00+02:00,2026-04-25T11:30:57+02:00,2026-04-25T11:30:57+02:00,57.0,1,Dal,VYG:Line:R13,Drammen-Oslo S-Dal,R13,rail,VYG:ServiceJourney:1623_481146-R,True,actual,2026-04-25T11:58:21.163701+02:00
NSR:StopPlace:58850,Hauerseter stasjon,2026-04-25T11:30:00+02:00,2026-04-25T11:31:16+02:00,2026-04-25T11:31:16+02:00,76.0,1,Drammen,VYG:Line:R13,Drammen-Oslo S-Dal,R13,rail,VYG:ServiceJourney:1628_481149-R,True,actual,2026-04-25T11:58:21.163701+02:00
NSR:StopPlace:58850,Hauerseter stasjon,2026-04-25T12:00:00+02:00,2026-04-25T12:00:00+02:00,,0.0,0,Dal,VYG:Line:R13,Drammen-Oslo S-Dal,R13,rail,VYG:ServiceJourney:1625_481147-R,True,planned,2026-04-25T11:58:21.163701+02:00
NSR:StopPlace:58850,Hauerseter stasjon,2026-04-25T12:00:00+02:00,2026-04-25T12:00:00+02:00,,0.0,0,Drammen,VYG:Line:R13,Drammen-Oslo S-Dal,R13,rail,VYG:ServiceJourney:1630_481151-R,True,planned,2026-04-25T11:58:21.163701+02:00
NSR:StopPlace:58850,Hauerseter stasjon,2026-04-25T12:30:00+02:00,2026-04-25T12:30:00+02:00,,0.0,0,Dal,VYG:Line:R13,Drammen-Oslo S-Dal,R13,rail,VYG:ServiceJourney:1627_443269-R,True,planned,2026-04-25T11:58:21.163701+02:00
NSR:StopPlace:58850,Hauerseter stasjon,2026-04-25T12:30:00+02:00,2026-04-25T12:30:00+02:00,,0.0,0,Drammen,VYG:Line:R13,Drammen-Oslo S-Dal,R13,rail,VYG:ServiceJourney:1632_443281-R,True,planned,2026-04-25T11:58:21.163701+02:00
NSR:StopPlace:58851,Heggedal stasjon,2026-04-25T10:52:00+02:00,2026-04-25T10:53:24+02:00,2026-04-25T10:53:24+02:00,84.0,1,Asker,RUT:Line:285,Heggedal - Blakstad - Asker,285,bus,RUT:ServiceJourney:375de1e72e76533152d818fa32caf367,True,actual,2026-04-25T11:58:21.163701+02:00
NSR:StopPlace:58851,Heggedal stasjon,2026-04-25T10:55:00+02:00,2026-04-25T10:58:05+02:00,2026-04-25T10:58:05+02:00,185.0,1,Spikkestad,VYG:Line:L1,Spikkestad-Oslo S-Lillestrøm,L1,rail,VYG:ServiceJourney:2221_443617-R,True,actual,2026-04-25T11:58:21.163701+02:00
NSR:StopPlace:58851,Heggedal stasjon,2026-04-25T10:54:00+02:00,2026-04-25T10:58:29+02:00,2026-04-25T10:58:29+02:00,269.0,1,Lillestrøm,VYG:Line:L1,Spikkestad-Oslo S-Lillestrøm,L1,rail,VYG:ServiceJourney:2228_443628-R,True,actual,2026-04-25T11:58:21.163701+02:00
NSR:StopPlace:58851,Heggedal stasjon,2026-04-25T10:59:00+02:00,2026-04-25T10:59:33+02:00,2026-04-25T10:59:33+02:00,33.0,1,Rustadgrenda,RUT:Line:286,Rustadgrenda-Heggedal,286,bus,RUT:ServiceJourney:c553494f1e203b93bfa6eefedeee8048,True,actual,2026-04-25T11:58:21.163701+02:00
NSR:StopPlace:58851,Heggedal stasjon,2026-04-25T11:22:00+02:00,2026-04-25T11:22:39+02:00,2026-04-25T11:22:39+02:00,39.0,1,Asker,RUT:Line:285,Heggedal - Blakstad - Asker,285,bus,RUT:ServiceJourney:fd191e816febcd3f0d9bc196f036320d,True,actual,2026-04-25T11:58:21.163701+02:00
NSR:StopPlace:58851,Heggedal stasjon,2026-04-25T11:24:00+02:00,2026-04-25T11:24:38+02:00,2026-04-25T11:24:38+02:00,38.0,1,Lillestrøm,VYG:Line:L1,Spikkestad-Oslo S-Lillestrøm,L1,rail,VYG:ServiceJourney:2230_443632-R,True,actual,2026-04-25T11:58:21.163701+02:00
NSR:StopPlace:58851,Heggedal stasjon,2026-04-25T11:25:00+02:00,2026-04-25T11:25:05+02:00,2026-04-25T11:25:05+02:00,5.0,1,Spikkestad,VYG:Line:L1,Spikkestad-Oslo S-Lillestrøm,L1,rail,VYG:ServiceJourney:2223_443621-R,True,actual,2026-04-25T11:58:21.163701+02:00
NSR:StopPlace:58851,Heggedal stasjon,2026-04-25T11:29:00+02:00,2026-04-25T11:29:21+02:00,2026-04-25T11:29:21+02:00,21.0,1,Rustadgrenda,RUT:Line:286,Rustadgrenda-Heggedal,286,bus,RUT:ServiceJourney:6c8ff8202c1556d1fd71c4b022465282,True,actual,2026-04-25T11:58:21.163701+02:00
NSR:StopPlace:58851,Heggedal stasjon,2026-04-25T11:29:00+02:00,2026-04-25T11:29:25+02:00,2026-04-25T11:29:25+02:00,25.0,1,Asker,RUT:Line:280,Asker - Dikemark - Heggedal,280,bus,RUT:ServiceJourney:76ac2905c6e4ab66adf397efea7eec57,True,actual,2026-04-25T11:58:21.163701+02:00
NSR:StopPlace:58851,Heggedal stasjon,2026-04-25T11:52:00+02:00,2026-04-25T11:52:35+02:00,2026-04-25T11:52:35+02:00,35.0,1,Asker,RUT:Line:285,Heggedal - Blakstad - Asker,285,bus,RUT:ServiceJourney:f3a368a35affe47342d99be88b111af0,True,actual,2026-04-25T11:58:21.163701+02:00
NSR:StopPlace:58851,Heggedal stasjon,2026-04-25T11:55:00+02:00,2026-04-25T11:55:20+02:00,2026-04-25T11:55:20+02:00,20.0,1,Spikkestad,VYG:Line:L1,Spikkestad-Oslo S-Lillestrøm,L1,rail,VYG:ServiceJourney:2225_443623-R,True,actual,2026-04-25T11:58:21.163701+02:00
NSR:StopPlace:58851,Heggedal stasjon,2026-04-25T11:54:00+02:00,2026-04-25T11:55:40+02:00,2026-04-25T11:55:40+02:00,100.0,1,Lillestrøm,VYG:Line:L1,Spikkestad-Oslo S-Lillestrøm,L1,rail,VYG:ServiceJourney:2232_443636-R,True,actual,2026-04-25T11:58:21.163701+02:00
NSR:StopPlace:58851,Heggedal stasjon,2026-04-25T11:59:00+02:00,2026-04-25T11:59:00+02:00,,0.0,0,Rustadgrenda,RUT:Line:286,Rustadgrenda-Heggedal,286,bus,RUT:ServiceJourney:1d4d89776e6c15b4e420978b39811f34,True,planned,2026-04-25T11:58:21.163701+02:00
NSR:StopPlace:58851,Heggedal stasjon,2026-04-25T12:22:00+02:00,2026-04-25T12:22:00+02:00,,0.0,0,Asker,RUT:Line:285,Heggedal - Blakstad - Asker,285,bus,RUT:ServiceJourney:270fe9dd44899b75742b9ac98f3b0507,False,planned,2026-04-25T11:58:21.163701+02:00
NSR:StopPlace:58851,Heggedal stasjon,2026-04-25T12:24:00+02:00,2026-04-25T12:24:00+02:00,,0.0,0,Lillestrøm,VYG:Line:L1,Spikkestad-Oslo S-Lillestrøm,L1,rail,VYG:ServiceJourney:2234_443639-R,True,planned,2026-04-25T11:58:21.163701+02:00
NSR:StopPlace:58851,Heggedal stasjon,2026-04-25T12:25:00+02:00,2026-04-25T12:25:00+02:00,,0.0,0,Spikkestad,VYG:Line:L1,Spikkestad-Oslo S-Lillestrøm,L1,rail,VYG:ServiceJourney:2227_443627-R,True,planned,2026-04-25T11:58:21.163701+02:00
NSR:StopPlace:58851,Heggedal stasjon,2026-04-25T12:29:00+02:00,2026-04-25T12:29:00+02:00,,0.0,0,Rustadgrenda,RUT:Line:286,Rustadgrenda-Heggedal,286,bus,RUT:ServiceJourney:4083fd8e9b61fdb80eeedeb096c65e71,False,planned,2026-04-25T11:58:21.163701+02:00
NSR:StopPlace:58851,Heggedal stasjon,2026-04-25T12:29:00+02:00,2026-04-25T12:29:00+02:00,,0.0,0,Asker,RUT:Line:280,Asker - Dikemark - Heggedal,280,bus,RUT:ServiceJourney:f2268a3fc96cce9bed587e0bea95ec40,False,planned,2026-04-25T11:58:21.163701+02:00
NSR:StopPlace:58851,Heggedal stasjon,2026-04-25T12:52:00+02:00,2026-04-25T12:52:00+02:00,,0.0,0,Asker,RUT:Line:285,Heggedal - Blakstad - Asker,285,bus,RUT:ServiceJourney:3927eb61c751771a05ea055306e2a727,False,planned,2026-04-25T11:58:21.163701+02:00
NSR:StopPlace:58851,Heggedal stasjon,2026-04-25T12:54:00+02:00,2026-04-25T12:54:00+02:00,,0.0,0,Lillestrøm,VYG:Line:L1,Spikkestad-Oslo S-Lillestrøm,L1,rail,VYG:ServiceJourney:2236_443642-R,True,planned,2026-04-25T11:58:21.163701+02:00
NSR:StopPlace:58851,Heggedal stasjon,2026-04-25T12:55:00+02:00,2026-04-25T12:55:00+02:00,,0.0,0,Spikkestad,VYG:Line:L1,Spikkestad-Oslo S-Lillestrøm,L1,rail,VYG:ServiceJourney:2229_443629-R,True,planned,2026-04-25T11:58:21.163701+02:00
NSR:StopPlace:58864,Sørumsand stasjon,2026-04-25T10:51:00+02:00,2026-04-25T10:51:27+02:00,2026-04-25T10:51:27+02:00,27.0,1,Skedsmokorset,RUT:Line:365,Sørumsand - Frogner - Skedsmokorset,365,bus,RUT:ServiceJourney:d4a575ef8dfe45643545305b6915f940,True,actual,2026-04-25T11:58:21.163701+02:00
NSR:StopPlace:58864,Sørumsand stasjon,2026-04-25T11:03:00+02:00,2026-04-25T11:04:19+02:00,2026-04-25T11:04:19+02:00,79.0,1,Orredalen,RUT:Line:366,Orredalen - Sørumsand,366,bus,RUT:ServiceJourney:eacd0eec4d2c5bf30365f6fa79e5c269,True,actual,2026-04-25T11:58:21.163701+02:00
NSR:StopPlace:58864,Sørumsand stasjon,2026-04-25T11:14:00+02:00,2026-04-25T11:17:02+02:00,2026-04-25T11:17:02+02:00,182.0,1,Stockholms central,VYG:Line:F1,Oslo S-Kongsvinger--Charlottenberg-Karlstad-Stockholm,F1,rail,VYG:ServiceJourney:8940-LOD_480053-R,True,actual,2026-04-25T11:58:21.163701+02:00
NSR:StopPlace:58864,Sørumsand stasjon,2026-04-25T11:21:00+02:00,2026-04-25T11:22:22+02:00,2026-04-25T11:22:22+02:00,82.0,1,Skedsmokorset,RUT:Line:365,Sørumsand - Frogner - Skedsmokorset,365,bus,RUT:ServiceJourney:52c68d4b9532a078356c58dda58a9650,True,actual,2026-04-25T11:58:21.163701+02:00
NSR:StopPlace:58864,Sørumsand stasjon,2026-04-25T11:29:00+02:00,2026-04-25T11:29:20+02:00,2026-04-25T11:29:20+02:00,20.0,1,Asker,VYG:Line:R14,Asker-Oslo S-Kongsvinger,R14,rail,VYG:ServiceJourney:1014_442919-R,True,actual,2026-04-25T11:58:21.163701+02:00
NSR:StopPlace:58864,Sørumsand stasjon,2026-04-25T11:30:00+02:00,2026-04-25T11:37:03+02:00,2026-04-25T11:37:03+02:00,423.0,1,Kongsvinger,VYG:Line:R14,Asker-Oslo S-Kongsvinger,R14,rail,VYG:ServiceJourney:1013_442918-R,True,actual,2026-04-25T11:58:21.163701+02:00
NSR:StopPlace:58864,Sørumsand stasjon,2026-04-25T11:49:00+02:00,2026-04-25T11:49:42+02:00,2026-04-25T11:49:42+02:00,42.0,1,Blaker ring,RUT:Line:370,Sørumsand - Blaker - Sørumsand,370A,bus,RUT:ServiceJourney:80f54aad4a272012cd1f78afb16c1194,True,actual,2026-04-25T11:58:21.163701+02:00
NSR:StopPlace:58864,Sørumsand stasjon,2026-04-25T11:51:00+02:00,2026-04-25T11:52:42+02:00,2026-04-25T11:52:42+02:00,102.0,1,Skedsmokorset,RUT:Line:365,Sørumsand - Frogner - Skedsmokorset,365,bus,RUT:ServiceJourney:494ea26eb227f3105bb58e5d9ea55795,True,actual,2026-04-25T11:58:21.163701+02:00
NSR:StopPlace:58864,Sørumsand stasjon,2026-04-25T12:09:00+02:00,2026-04-25T12:09:00+02:00,,0.0,0,Orredalen,RUT:Line:366,Orredalen - Sørumsand,366,bus,RUT:ServiceJourney:e2bfc270205c0c89000ab9ba1c5a78e6,True,planned,2026-04-25T11:58:21.163701+02:00
NSR:StopPlace:58864,Sørumsand stasjon,2026-04-25T12:21:00+02:00,2026-04-25T12:21:00+02:00,,0.0,0,Skedsmokorset,RUT:Line:365,Sørumsand - Frogner - Skedsmokorset,365,bus,RUT:ServiceJourney:33eafe52a468f18eac46c4f1930c8d50,True,planned,2026-04-25T11:58:21.163701+02:00
NSR:StopPlace:58864,Sørumsand stasjon,2026-04-25T12:29:00+02:00,2026-04-25T12:29:00+02:00,,0.0,0,Asker,VYG:Line:R14,Asker-Oslo S-Kongsvinger,R14,rail,VYG:ServiceJourney:1016_442922-R,True,planned,2026-04-25T11:58:21.163701+02:00
NSR:StopPlace:58864,Sørumsand stasjon,2026-04-25T12:30:00+02:00,2026-04-25T12:30:00+02:00,,0.0,0,Kongsvinger,VYG:Line:R14,Asker-Oslo S-Kongsvinger,R14,rail,VYG:ServiceJourney:1015_442921-R,True,planned,2026-04-25T11:58:21.163701+02:00
NSR:StopPlace:58864,Sørumsand stasjon,2026-04-25T12:51:00+02:00,2026-04-25T12:51:00+02:00,,0.0,0,Skedsmokorset,RUT:Line:365,Sørumsand - Frogner - Skedsmokorset,365,bus,RUT:ServiceJourney:a54f9180a82bbd2876ef4c5e9f50e613,False,planned,2026-04-25T11:58:21.163701+02:00
NSR:StopPlace:58865,Vestby stasjon,2026-04-25T10:45:00+02:00,2026-04-25T10:45:23+02:00,2026-04-25T10:45:23+02:00,23.0,1,Moss,VYG:Line:R21,Stabekk-Oslo S-Moss,R21,rail,VYG:ServiceJourney:1121-HVK_442997-R,True,actual,2026-04-25T11:58:21.163701+02:00
NSR:StopPlace:58865,Vestby stasjon,2026-04-25T10:50:00+02:00,2026-04-25T10:50:42+02:00,2026-04-25T10:50:42+02:00,42.0,1,Randem,RUT:Line:533,Randem - Vestby stasjon,533,bus,RUT:ServiceJourney:a97becd6a8011a8b7feaafe15068a261,True,actual,2026-04-25T11:58:21.163701+02:00
NSR:StopPlace:58865,Vestby stasjon,2026-04-25T10:50:00+02:00,2026-04-25T10:50:48+02:00,2026-04-25T10:50:48+02:00,48.0,1,Grønberg,RUT:Line:530,Pepperstad - Vestby stasjon,530,bus,RUT:ServiceJourney:586ab068231261fa03238ad492dab156,True,actual,2026-04-25T11:58:21.163701+02:00
NSR:StopPlace:58865,Vestby stasjon,2026-04-25T10:50:00+02:00,2026-04-25T10:50:56+02:00,2026-04-25T10:50:56+02:00,56.0,1,Moss,RUT:Line:540,Moss - Son - Vestby stasjon,540,bus,RUT:ServiceJourney:3f9553aa686d133f45c827db2e863d8b,True,actual,2026-04-25T11:58:21.163701+02:00
NSR:StopPlace:58865,Vestby stasjon,2026-04-25T11:10:00+02:00,2026-04-25T11:10:32+02:00,2026-04-25T11:10:32+02:00,32.0,1,Stabekk,VYG:Line:R21,Stabekk-Oslo S-Moss,R21,rail,VYG:ServiceJourney:1128-MOS_443004-R,True,actual,2026-04-25T11:58:21.163701+02:00
NSR:StopPlace:58865,Vestby stasjon,2026-04-25T11:15:00+02:00,2026-04-25T11:15:35+02:00,2026-04-25T11:15:35+02:00,35.0,1,Moss,VYG:Line:R21,Stabekk-Oslo S-Moss,R21,rail,VYG:ServiceJourney:1123-HVK_442999-R,True,actual,2026-04-25T11:58:21.163701+02:00
NSR:StopPlace:58865,Vestby stasjon,2026-04-25T11:20:00+02:00,2026-04-25T11:20:35+02:00,2026-04-25T11:20:35+02:00,35.0,1,Randem,RUT:Line:533,Randem - Vestby stasjon,533,bus,RUT:ServiceJourney:440dcf4285500a18a2d1d3cb765a9d53,True,actual,2026-04-25T11:58:21.163701+02:00
NSR:StopPlace:58865,Vestby stasjon,2026-04-25T11:20:00+02:00,2026-04-25T11:20:44+02:00,2026-04-25T11:20:44+02:00,44.0,1,Grønberg,RUT:Line:530,Pepperstad - Vestby stasjon,530,bus,RUT:ServiceJourney:51f1573fafbea751861c61fd3fa5cbd5,True,actual,2026-04-25T11:58:21.163701+02:00
NSR:StopPlace:58865,Vestby stasjon,2026-04-25T11:40:00+02:00,2026-04-25T11:41:03+02:00,2026-04-25T11:41:03+02:00,63.0,1,Stabekk,VYG:Line:R21,Stabekk-Oslo S-Moss,R21,rail,VYG:ServiceJourney:1130-MOS_443007-R,True,actual,2026-04-25T11:58:21.163701+02:00
NSR:StopPlace:58865,Vestby stasjon,2026-04-25T11:45:00+02:00,2026-04-25T11:45:37+02:00,2026-04-25T11:45:37+02:00,37.0,1,Moss,VYG:Line:R21,Stabekk-Oslo S-Moss,R21,rail,VYG:ServiceJourney:1125-HVK_443001-R,True,actual,2026-04-25T11:58:21.163701+02:00
NSR:StopPlace:58865,Vestby stasjon,2026-04-25T11:50:00+02:00,2026-04-25T11:51:00+02:00,2026-04-25T11:51:00+02:00,60.0,1,Grønberg,RUT:Line:530,Pepperstad - Vestby stasjon,530,bus,RUT:ServiceJourney:b997fddf546887d399a65f1c010f67fb,True,actual,2026-04-25T11:58:21.163701+02:00
NSR:StopPlace:58865,Vestby stasjon,2026-04-25T11:50:00+02:00,2026-04-25T11:51:07+02:00,2026-04-25T11:51:07+02:00,67.0,1,Moss,RUT:Line:540,Moss - Son - Vestby stasjon,540,bus,RUT:ServiceJourney:6f6c874d795492598ad3c51f3fd9058f,True,actual,2026-04-25T11:58:21.163701+02:00
NSR:StopPlace:58865,Vestby stasjon,2026-04-25T11:50:00+02:00,2026-04-25T11:52:39+02:00,2026-04-25T11:52:39+02:00,159.0,1,Randem,RUT:Line:533,Randem - Vestby stasjon,533,bus,RUT:ServiceJourney:591b7ca30813a781eac2eda913d4417d,True,actual,2026-04-25T11:58:21.163701+02:00
NSR:StopPlace:58865,Vestby stasjon,2026-04-25T12:10:00+02:00,2026-04-25T12:10:00+02:00,,0.0,0,Stabekk,VYG:Line:R21,Stabekk-Oslo S-Moss,R21,rail,VYG:ServiceJourney:1132-MOS_443009-R,True,planned,2026-04-25T11:58:21.163701+02:00
NSR:StopPlace:58865,Vestby stasjon,2026-04-25T12:15:00+02:00,2026-04-25T12:15:00+02:00,,0.0,0,Moss,VYG:Line:R21,Stabekk-Oslo S-Moss,R21,rail,VYG:ServiceJourney:1127-HVK_443003-R,True,planned,2026-04-25T11:58:21.163701+02:00
NSR:StopPlace:58865,Vestby stasjon,2026-04-25T12:20:00+02:00,2026-04-25T12:20:00+02:00,,0.0,0,Grønberg,RUT:Line:530,Pepperstad - Vestby stasjon,530,bus,RUT:ServiceJourney:e8ed1c9d64e2708a9b0ece34a17c5528,False,planned,2026-04-25T11:58:21.163701+02:00
NSR:StopPlace:58865,Vestby stasjon,2026-04-25T12:20:00+02:00,2026-04-25T12:20:00+02:00,,0.0,0,Randem,RUT:Line:533,Randem - Vestby stasjon,533,bus,RUT:ServiceJourney:8ce789cf5d45b0da7c133784502cf8a0,True,planned,2026-04-25T11:58:21.163701+02:00
NSR:StopPlace:58865,Vestby stasjon,2026-04-25T12:40:00+02:00,2026-04-25T12:40:00+02:00,,0.0,0,Stabekk,VYG:Line:R21,Stabekk-Oslo S-Moss,R21,rail,VYG:ServiceJourney:1134-MOS_443011-R,True,planned,2026-04-25T11:58:21.163701+02:00
NSR:StopPlace:58865,Vestby stasjon,2026-04-25T12:45:00+02:00,2026-04-25T12:45:00+02:00,,0.0,0,Moss,VYG:Line:R21,Stabekk-Oslo S-Moss,R21,rail,VYG:ServiceJourney:1129-HVK_443005-R,True,planned,2026-04-25T11:58:21.163701+02:00
NSR:StopPlace:58865,Vestby stasjon,2026-04-25T12:50:00+02:00,2026-04-25T12:50:00+02:00,,0.0,0,Grønberg,RUT:Line:530,Pepperstad - Vestby stasjon,530,bus,RUT:ServiceJourney:458d73b7e141dbd8237233240b82b474,False,planned,2026-04-25T11:58:21.163701+02:00
NSR:StopPlace:58865,Vestby stasjon,2026-04-25T12:50:00+02:00,2026-04-25T12:50:00+02:00,,0.0,0,Moss,RUT:Line:540,Moss - Son - Vestby stasjon,540,bus,RUT:ServiceJourney:39175a57dedd71922b0221e4a1e6f7af,False,planned,2026-04-25T11:58:21.163701+02:00
NSR:StopPlace:58865,Vestby stasjon,2026-04-25T12:50:00+02:00,2026-04-25T12:50:00+02:00,,0.0,0,Randem,RUT:Line:533,Randem - Vestby stasjon,533,bus,RUT:ServiceJourney:394e6b861220018e1cbd5eac21c5c28c,False,planned,2026-04-25T11:58:21.163701+02:00
NSR:StopPlace:58866,Vevelstad stasjon,2026-04-25T10:44:00+02:00,2026-04-25T10:44:00+02:00,,0.0,0,Ski,VYG:Line:L2,Stabekk-Oslo S-Ski,L2,rail,VYG:ServiceJourney:2721-HVK_443928-R,True,planned,2026-04-25T11:58:21.163701+02:00
NSR:StopPlace:58866,Vevelstad stasjon,2026-04-25T10:44:00+02:00,2026-04-25T10:44:37+02:00,2026-04-25T10:44:37+02:00,37.0,1,Stabekk,VYG:Line:L2,Stabekk-Oslo S-Ski,L2,rail,VYG:ServiceJourney:2728-SKI_443935-R,True,actual,2026-04-25T11:58:21.163701+02:00
NSR:StopPlace:58866,Vevelstad stasjon,2026-04-25T10:49:00+02:00,2026-04-25T10:49:20+02:00,2026-04-25T10:49:20+02:00,20.0,1,Bøleråsen,RUT:Line:510,Bøleråsen - Ski - Ås - Drøbak,510,bus,RUT:ServiceJourney:92fd6fd90dae56d14f9ef4ea156c9566,True,actual,2026-04-25T11:58:21.163701+02:00
NSR:StopPlace:58866,Vevelstad stasjon,2026-04-25T10:51:00+02:00,2026-04-25T10:51:12+02:00,2026-04-25T10:51:12+02:00,12.0,1,Drøbak - Seiersten,RUT:Line:510,Bøleråsen - Ski - Ås - Drøbak,510,bus,RUT:ServiceJourney:d1820836c6a19d4549d35a5535fa7283,True,actual,2026-04-25T11:58:21.163701+02:00
NSR:StopPlace:58866,Vevelstad stasjon,2026-04-25T10:59:00+02:00,2026-04-25T10:59:00+02:00,,0.0,0,Ski,VYG:Line:L2,Stabekk-Oslo S-Ski,L2,rail,VYG:ServiceJourney:2821_452038-R,True,planned,2026-04-25T11:58:21.163701+02:00
NSR:StopPlace:58866,Vevelstad stasjon,2026-04-25T10:59:00+02:00,2026-04-25T11:00:06+02:00,2026-04-25T11:00:06+02:00,66.0,1,Lysaker,VYG:Line:L2,Stabekk-Oslo S-Ski,L2,rail,VYG:ServiceJourney:2828-SKI_452042-R,True,actual,2026-04-25T11:58:21.163701+02:00
NSR:StopPlace:58866,Vevelstad stasjon,2026-04-25T11:04:00+02:00,2026-04-25T11:04:30+02:00,2026-04-25T11:04:30+02:00,30.0,1,Bøleråsen,RUT:Line:510,Bøleråsen - Ski - Ås - Drøbak,510,bus,RUT:ServiceJourney:1c97368cf577efd86435c1a8505f429c,True,actual,2026-04-25T11:58:21.163701+02:00
NSR:StopPlace:58866,Vevelstad stasjon,2026-04-25T11:06:00+02:00,2026-04-25T11:07:21+02:00,2026-04-25T11:07:21+02:00,81.0,1,Drøbak - Frogn vgs.,RUT:Line:510,Bøleråsen - Ski - Ås - Drøbak,510,bus,RUT:ServiceJourney:08c627e3a696dbb68213f2d6e1bf6c13,True,actual,2026-04-25T11:58:21.163701+02:00
NSR:StopPlace:58866,Vevelstad stasjon,2026-04-25T11:14:00+02:00,2026-04-25T11:14:00+02:00,,0.0,0,Ski,VYG:Line:L2,Stabekk-Oslo S-Ski,L2,rail,VYG:ServiceJourney:2723-HVK_443930-R,True,planned,2026-04-25T11:58:21.163701+02:00
NSR:StopPlace:58866,Vevelstad stasjon,2026-04-25T11:14:00+02:00,2026-04-25T11:14:39+02:00,2026-04-25T11:14:39+02:00,39.0,1,Stabekk,VYG:Line:L2,Stabekk-Oslo S-Ski,L2,rail,VYG:ServiceJourney:2730-SKI_443938-R,True,actual,2026-04-25T11:58:21.163701+02:00
NSR:StopPlace:58866,Vevelstad stasjon,2026-04-25T11:19:00+02:00,2026-04-25T11:19:29+02:00,2026-04-25T11:19:29+02:00,29.0,1,Bøleråsen,RUT:Line:510,Bøleråsen - Ski - Ås - Drøbak,510,bus,RUT:ServiceJourney:395e4ee05119098f757fe952602ca6d9,True,actual,2026-04-25T11:58:21.163701+02:00
NSR:StopPlace:58866,Vevelstad stasjon,2026-04-25T11:21:00+02:00,2026-04-25T11:21:13+02:00,2026-04-25T11:21:13+02:00,13.0,1,Drøbak - Seiersten,RUT:Line:510,Bøleråsen - Ski - Ås - Drøbak,510,bus,RUT:ServiceJourney:099c0bb81920e6a6c8dfc9ba2d091b08,True,actual,2026-04-25T11:58:21.163701+02:00
NSR:StopPlace:58866,Vevelstad stasjon,2026-04-25T11:29:00+02:00,2026-04-25T11:29:48+02:00,2026-04-25T11:29:48+02:00,48.0,1,Lysaker,VYG:Line:L2,Stabekk-Oslo S-Ski,L2,rail,VYG:ServiceJourney:2830-SKI_452044-R,True,actual,2026-04-25T11:58:21.163701+02:00
NSR:StopPlace:58866,Vevelstad stasjon,2026-04-25T11:34:00+02:00,2026-04-25T11:35:22+02:00,2026-04-25T11:35:22+02:00,82.0,1,Bøleråsen,RUT:Line:510,Bøleråsen - Ski - Ås - Drøbak,510,bus,RUT:ServiceJourney:f077d0f4b4e5d35c8e4ffdb3d5fe8c7c,True,actual,2026-04-25T11:58:21.163701+02:00
NSR:StopPlace:58866,Vevelstad stasjon,2026-04-25T11:29:00+02:00,2026-04-25T11:37:12+02:00,,492.0,1,Ski,VYG:Line:L2,Stabekk-Oslo S-Ski,L2,rail,VYG:ServiceJourney:2823_452039-R,True,expected,2026-04-25T11:58:21.163701+02:00
NSR:StopPlace:58866,Vevelstad stasjon,2026-04-25T11:36:00+02:00,2026-04-25T11:37:20+02:00,2026-04-25T11:37:20+02:00,80.0,1,Drøbak - Frogn vgs.,RUT:Line:510,Bøleråsen - Ski - Ås - Drøbak,510,bus,RUT:ServiceJourney:2464b4f994e142ac11a953778a3b801a,True,actual,2026-04-25T11:58:21.163701+02:00
NSR:StopPlace:58866,Vevelstad stasjon,2026-04-25T11:44:00+02:00,2026-04-25T11:44:12+02:00,2026-04-25T11:44:12+02:00,12.0,1,Stabekk,VYG:Line:L2,Stabekk-Oslo S-Ski,L2,rail,VYG:ServiceJourney:2732-SKI_443940-R,True,actual,2026-04-25T11:58:21.163701+02:00
NSR:StopPlace:58866,Vevelstad stasjon,2026-04-25T11:44:00+02:00,2026-04-25T11:44:44+02:00,,44.0,1,Ski,VYG:Line:L2,Stabekk-Oslo S-Ski,L2,rail,VYG:ServiceJourney:2725-HVK_443932-R,True,expected,2026-04-25T11:58:21.163701+02:00
NSR:StopPlace:58866,Vevelstad stasjon,2026-04-25T11:51:00+02:00,2026-04-25T11:51:13+02:00,2026-04-25T11:51:13+02:00,13.0,1,Drøbak - Seiersten,RUT:Line:510,Bøleråsen - Ski - Ås - Drøbak,510,bus,RUT:ServiceJourney:e18fb6f4998373a12e7fd600a9042743,True,actual,2026-04-25T11:58:21.163701+02:00
NSR:StopPlace:58866,Vevelstad stasjon,2026-04-25T11:49:00+02:00,2026-04-25T11:51:29+02:00,2026-04-25T11:51:29+02:00,149.0,1,Bøleråsen,RUT:Line:510,Bøleråsen - Ski - Ås - Drøbak,510,bus,RUT:ServiceJourney:fccc238683765d80ebca30249508077f,True,actual,2026-04-25T11:58:21.163701+02:00
NSR:StopPlace:58866,Vevelstad stasjon,2026-04-25T11:59:00+02:00,2026-04-25T11:59:00+02:00,,0.0,0,Ski,VYG:Line:L2,Stabekk-Oslo S-Ski,L2,rail,VYG:ServiceJourney:2825_452040-R,True,planned,2026-04-25T11:58:21.163701+02:00
NSR:StopPlace:58866,Vevelstad stasjon,2026-04-25T11:59:00+02:00,2026-04-25T12:01:26+02:00,,146.0,1,Lysaker,VYG:Line:L2,Stabekk-Oslo S-Ski,L2,rail,VYG:ServiceJourney:2832-SKI_452046-R,True,expected,2026-04-25T11:58:21.163701+02:00
NSR:StopPlace:58866,Vevelstad stasjon,2026-04-25T12:06:00+02:00,2026-04-25T12:07:02+02:00,,62.0,1,Drøbak - Frogn vgs.,RUT:Line:510,Bøleråsen - Ski - Ås - Drøbak,510,bus,RUT:ServiceJourney:5541cdbdc8bd039e33737ecb97b2f257,True,expected,2026-04-25T11:58:21.163701+02:00
NSR:StopPlace:58866,Vevelstad stasjon,2026-04-25T12:04:00+02:00,2026-04-25T12:08:05+02:00,,245.0,1,Bøleråsen,RUT:Line:510,Bøleråsen - Ski - Ås - Drøbak,510,bus,RUT:ServiceJourney:92bfa479f3a23bdc6c06b4f1cf0c06a4,True,expected,2026-04-25T11:58:21.163701+02:00
NSR:StopPlace:58866,Vevelstad stasjon,2026-04-25T12:14:00+02:00,2026-04-25T12:14:00+02:00,,0.0,0,Stabekk,VYG:Line:L2,Stabekk-Oslo S-Ski,L2,rail,VYG:ServiceJourney:2734-SKI_443942-R,True,planned,2026-04-25T11:58:21.163701+02:00
NSR:StopPlace:58866,Vevelstad stasjon,2026-04-25T12:14:00+02:00,2026-04-25T12:14:51+02:00,,51.0,1,Ski,VYG:Line:L2,Stabekk-Oslo S-Ski,L2,rail,VYG:ServiceJourney:2727-HVK_443934-R,True,expected,2026-04-25T11:58:21.163701+02:00
NSR:StopPlace:58866,Vevelstad stasjon,2026-04-25T12:21:00+02:00,2026-04-25T12:21:00+02:00,,0.0,0,Drøbak - Seiersten,RUT:Line:510,Bøleråsen - Ski - Ås - Drøbak,510,bus,RUT:ServiceJourney:5d73fdb79cbba27cb27d324758041ad4,True,planned,2026-04-25T11:58:21.163701+02:00
NSR:StopPlace:58866,Vevelstad stasjon,2026-04-25T12:19:00+02:00,2026-04-25T12:21:17+02:00,,137.0,1,Bøleråsen,RUT:Line:510,Bøleråsen - Ski - Ås - Drøbak,510,bus,RUT:ServiceJourney:437852b81efb3be8c7d158d9ab0ee257,True,expected,2026-04-25T11:58:21.163701+02:00
NSR:StopPlace:58866,Vevelstad stasjon,2026-04-25T12:29:00+02:00,2026-04-25T12:29:00+02:00,,0.0,0,Ski,VYG:Line:L2,Stabekk-Oslo S-Ski,L2,rail,VYG:ServiceJourney:2827-HVK_452041-R,True,planned,2026-04-25T11:58:21.163701+02:00
NSR:StopPlace:58866,Vevelstad stasjon,2026-04-25T12:29:00+02:00,2026-04-25T12:29:00+02:00,,0.0,0,Lysaker,VYG:Line:L2,Stabekk-Oslo S-Ski,L2,rail,VYG:ServiceJourney:2834-SKI_452048-R,True,planned,2026-04-25T11:58:21.163701+02:00
NSR:StopPlace:58866,Vevelstad stasjon,2026-04-25T12:34:00+02:00,2026-04-25T12:35:38+02:00,,98.0,1,Bøleråsen,RUT:Line:510,Bøleråsen - Ski - Ås - Drøbak,510,bus,RUT:ServiceJourney:91804d685925e87b7fbd3da0a15cf171,True,expected,2026-04-25T11:58:21.163701+02:00
NSR:StopPlace:58866,Vevelstad stasjon,2026-04-25T12:36:00+02:00,2026-04-25T12:36:00+02:00,,0.0,0,Drøbak - Frogn vgs.,RUT:Line:510,Bøleråsen - Ski - Ås - Drøbak,510,bus,RUT:ServiceJourney:7cc61a6b78c107f1b466d1673374d39c,True,planned,2026-04-25T11:58:21.163701+02:00
NSR:StopPlace:58866,Vevelstad stasjon,2026-04-25T12:44:00+02:00,2026-04-25T12:44:00+02:00,,0.0,0,Ski,VYG:Line:L2,Stabekk-Oslo S-Ski,L2,rail,VYG:ServiceJourney:2729-HVK_443936-R,True,planned,2026-04-25T11:58:21.163701+02:00
NSR:StopPlace:58866,Vevelstad stasjon,2026-04-25T12:44:00+02:00,2026-04-25T12:44:00+02:00,,0.0,0,Stabekk,VYG:Line:L2,Stabekk-Oslo S-Ski,L2,rail,VYG:ServiceJourney:2736-SKI_443944-R,True,planned,2026-04-25T11:58:21.163701+02:00
NSR:StopPlace:58866,Vevelstad stasjon,2026-04-25T12:49:00+02:00,2026-04-25T12:49:00+02:00,,0.0,0,Bøleråsen,RUT:Line:510,Bøleråsen - Ski - Ås - Drøbak,510,bus,RUT:ServiceJourney:92971998d4f2a84311e68288ab3400e1,True,planned,2026-04-25T11:58:21.163701+02:00
NSR:StopPlace:58866,Vevelstad stasjon,2026-04-25T12:51:00+02:00,2026-04-25T12:51:00+02:00,,0.0,0,Drøbak - Seiersten,RUT:Line:510,Bøleråsen - Ski - Ås - Drøbak,510,bus,RUT:ServiceJourney:61465a3be1a614845a4d91cd997f92a8,False,planned,2026-04-25T11:58:21.163701+02:00
NSR:StopPlace:58868,Årnes stasjon,2026-04-25T10:45:00+02:00,2026-04-25T10:45:59+02:00,2026-04-25T10:45:59+02:00,59.0,1,Rånåsfoss,RUT:Line:455,Årnes -Rånåsfoss,455,bus,RUT:ServiceJourney:ae9f5af9d65720feb497bb8d9ad7919a,True,actual,2026-04-25T11:58:21.163701+02:00
NSR:StopPlace:58868,Årnes stasjon,2026-04-25T10:52:00+02:00,2026-04-25T10:52:47+02:00,2026-04-25T10:52:47+02:00,47.0,1,Kongsvinger,VYG:Line:R14,Asker-Oslo S-Kongsvinger,R14,rail,VYG:ServiceJourney:1011_442916-R,True,actual,2026-04-25T11:58:21.163701+02:00
NSR:StopPlace:58868,Årnes stasjon,2026-04-25T11:04:00+02:00,2026-04-25T11:04:59+02:00,2026-04-25T11:04:59+02:00,59.0,1,Oslo lufthavn,RUT:Line:450,Årnes - Oslo lufthavn,450,bus,RUT:ServiceJourney:70e764a296a1e36e93f650b574050473,True,actual,2026-04-25T11:58:21.163701+02:00
NSR:StopPlace:58868,Årnes stasjon,2026-04-25T11:07:00+02:00,2026-04-25T11:07:08+02:00,2026-04-25T11:07:08+02:00,8.0,1,Asker,VYG:Line:R14,Asker-Oslo S-Kongsvinger,R14,rail,VYG:ServiceJourney:1014_442919-R,True,actual,2026-04-25T11:58:21.163701+02:00
NSR:StopPlace:58868,Årnes stasjon,2026-04-25T11:34:00+02:00,2026-04-25T11:21:08+02:00,2026-04-25T11:21:08+02:00,-772.0,0,Oslo lufthavn,RUT:Line:450,Årnes - Oslo lufthavn,450,bus,RUT:ServiceJourney:6287487ee9b321b30b3e3018658e06ed,True,actual,2026-04-25T11:58:21.163701+02:00
NSR:StopPlace:58868,Årnes stasjon,2026-04-25T11:32:00+02:00,2026-04-25T11:33:40+02:00,2026-04-25T11:33:40+02:00,100.0,1,Stockholms central,VYG:Line:F1,Oslo S-Kongsvinger--Charlottenberg-Karlstad-Stockholm,F1,rail,VYG:ServiceJourney:8940-LOD_480053-R,True,actual,2026-04-25T11:58:21.163701+02:00
NSR:StopPlace:58868,Årnes stasjon,2026-04-25T11:51:00+02:00,2026-04-25T11:57:48+02:00,,408.0,1,Kongsvinger,VYG:Line:R14,Asker-Oslo S-Kongsvinger,R14,rail,VYG:ServiceJourney:1013_442918-R,True,expected,2026-04-25T11:58:21.163701+02:00
NSR:StopPlace:58868,Årnes stasjon,2026-04-25T12:04:00+02:00,2026-04-25T12:04:00+02:00,,0.0,0,Oslo lufthavn,RUT:Line:450,Årnes - Oslo lufthavn,450,bus,RUT:ServiceJourney:c9ee91bf0db5a16909557137b4565fed,True,planned,2026-04-25T11:58:21.163701+02:00
NSR:StopPlace:58868,Årnes stasjon,2026-04-25T12:07:00+02:00,2026-04-25T12:07:00+02:00,,0.0,0,Asker,VYG:Line:R14,Asker-Oslo S-Kongsvinger,R14,rail,VYG:ServiceJourney:1016_442922-R,True,planned,2026-04-25T11:58:21.163701+02:00
NSR:StopPlace:58868,Årnes stasjon,2026-04-25T12:34:00+02:00,2026-04-25T12:34:00+02:00,,0.0,0,Oslo lufthavn,RUT:Line:450,Årnes - Oslo lufthavn,450,bus,RUT:ServiceJourney:d93a63909269d9ecdbbc6388b8993813,False,planned,2026-04-25T11:58:21.163701+02:00
NSR:StopPlace:58868,Årnes stasjon,2026-04-25T12:51:00+02:00,2026-04-25T12:51:00+02:00,,0.0,0,Kongsvinger,VYG:Line:R14,Asker-Oslo S-Kongsvinger,R14,rail,VYG:ServiceJourney:1015_442921-R,True,planned,2026-04-25T11:58:21.163701+02:00
NSR:StopPlace:58869,Ås stasjon,2026-04-25T10:45:00+02:00,2026-04-25T10:45:57+02:00,2026-04-25T10:45:57+02:00,57.0,1,Stabekk,VYG:Line:R21,Stabekk-Oslo S-Moss,R21,rail,VYG:ServiceJourney:1126-MOS_443002-R,True,actual,2026-04-25T11:58:21.163701+02:00
NSR:StopPlace:58869,Ås stasjon,2026-04-25T11:10:00+02:00,2026-04-25T11:10:53+02:00,2026-04-25T11:10:53+02:00,53.0,1,Moss,VYG:Line:R21,Stabekk-Oslo S-Moss,R21,rail,VYG:ServiceJourney:1123-HVK_442999-R,True,actual,2026-04-25T11:58:21.163701+02:00
NSR:StopPlace:58869,Ås stasjon,2026-04-25T11:15:00+02:00,2026-04-25T11:15:31+02:00,2026-04-25T11:15:31+02:00,31.0,1,Stabekk,VYG:Line:R21,Stabekk-Oslo S-Moss,R21,rail,VYG:ServiceJourney:1128-MOS_443004-R,True,actual,2026-04-25T11:58:21.163701+02:00
NSR:StopPlace:58869,Ås stasjon,2026-04-25T11:40:00+02:00,2026-04-25T11:40:33+02:00,2026-04-25T11:40:33+02:00,33.0,1,Moss,VYG:Line:R21,Stabekk-Oslo S-Moss,R21,rail,VYG:ServiceJourney:1125-HVK_443001-R,True,actual,2026-04-25T11:58:21.163701+02:00
NSR:StopPlace:58869,Ås stasjon,2026-04-25T11:45:00+02:00,2026-04-25T11:46:19+02:00,2026-04-25T11:46:19+02:00,79.0,1,Stabekk,VYG:Line:R21,Stabekk-Oslo S-Moss,R21,rail,VYG:ServiceJourney:1130-MOS_443007-R,True,actual,2026-04-25T11:58:21.163701+02:00
NSR:StopPlace:58869,Ås stasjon,2026-04-25T12:10:00+02:00,2026-04-25T12:10:00+02:00,,0.0,0,Moss,VYG:Line:R21,Stabekk-Oslo S-Moss,R21,rail,VYG:ServiceJourney:1127-HVK_443003-R,True,planned,2026-04-25T11:58:21.163701+02:00
NSR:StopPlace:58869,Ås stasjon,2026-04-25T12:15:00+02:00,2026-04-25T12:15:00+02:00,,0.0,0,Stabekk,VYG:Line:R21,Stabekk-Oslo S-Moss,R21,rail,VYG:ServiceJourney:1132-MOS_443009-R,True,planned,2026-04-25T11:58:21.163701+02:00
NSR:StopPlace:58869,Ås stasjon,2026-04-25T12:40:00+02:00,2026-04-25T12:40:00+02:00,,0.0,0,Moss,VYG:Line:R21,Stabekk-Oslo S-Moss,R21,rail,VYG:ServiceJourney:1129-HVK_443005-R,True,planned,2026-04-25T11:58:21.163701+02:00
NSR:StopPlace:58869,Ås stasjon,2026-04-25T12:45:00+02:00,2026-04-25T12:45:00+02:00,,0.0,0,Stabekk,VYG:Line:R21,Stabekk-Oslo S-Moss,R21,rail,VYG:ServiceJourney:1134-MOS_443011-R,True,planned,2026-04-25T11:58:21.163701+02:00
NSR:StopPlace:58860,Oppegård stasjon,2026-04-25T10:46:00+02:00,2026-04-25T10:46:57+02:00,2026-04-25T10:46:57+02:00,57.0,1,Stabekk,VYG:Line:L2,Stabekk-Oslo S-Ski,L2,rail,VYG:ServiceJourney:2728-SKI_443935-R,True,actual,2026-04-25T11:58:21.163701+02:00
NSR:StopPlace:58860,Oppegård stasjon,2026-04-25T10:57:00+02:00,2026-04-25T10:57:00+02:00,,0.0,0,Ski,VYG:Line:L2,Stabekk-Oslo S-Ski,L2,rail,VYG:ServiceJourney:2821_452038-R,True,planned,2026-04-25T11:58:21.163701+02:00
NSR:StopPlace:58860,Oppegård stasjon,2026-04-25T11:01:00+02:00,2026-04-25T11:01:39+02:00,2026-04-25T11:01:39+02:00,39.0,1,Ski stasjon,RUT:Line:580,Kolbotn - Ski,580,bus,RUT:ServiceJourney:45173a1004eeb947f602fcfcf069bcdd,True,actual,2026-04-25T11:58:21.163701+02:00
NSR:StopPlace:58860,Oppegård stasjon,2026-04-25T11:01:00+02:00,2026-04-25T11:02:35+02:00,2026-04-25T11:02:35+02:00,95.0,1,Lysaker,VYG:Line:L2,Stabekk-Oslo S-Ski,L2,rail,VYG:ServiceJourney:2828-SKI_452042-R,True,actual,2026-04-25T11:58:21.163701+02:00
NSR:StopPlace:58860,Oppegård stasjon,2026-04-25T11:01:00+02:00,2026-04-25T11:03:42+02:00,2026-04-25T11:03:42+02:00,162.0,1,Kolbotn torg,RUT:Line:580,Kolbotn - Ski,580,bus,RUT:ServiceJourney:6b12180ce3681cdb98b2eccf91a70a42,True,actual,2026-04-25T11:58:21.163701+02:00
NSR:StopPlace:58860,Oppegård stasjon,2026-04-25T11:12:00+02:00,2026-04-25T11:12:00+02:00,,0.0,0,Ski,VYG:Line:L2,Stabekk-Oslo S-Ski,L2,rail,VYG:ServiceJourney:2723-HVK_443930-R,True,planned,2026-04-25T11:58:21.163701+02:00
NSR:StopPlace:58860,Oppegård stasjon,2026-04-25T11:16:00+02:00,2026-04-25T11:17:06+02:00,2026-04-25T11:17:06+02:00,66.0,1,Stabekk,VYG:Line:L2,Stabekk-Oslo S-Ski,L2,rail,VYG:ServiceJourney:2730-SKI_443938-R,True,actual,2026-04-25T11:58:21.163701+02:00
NSR:StopPlace:58860,Oppegård stasjon,2026-04-25T11:31:00+02:00,2026-04-25T11:31:35+02:00,2026-04-25T11:31:35+02:00,35.0,1,Ski stasjon,RUT:Line:580,Kolbotn - Ski,580,bus,RUT:ServiceJourney:0f85221a302809d90799b0a9e73b77c5,True,actual,2026-04-25T11:58:21.163701+02:00
NSR:StopPlace:58860,Oppegård stasjon,2026-04-25T11:31:00+02:00,2026-04-25T11:32:09+02:00,2026-04-25T11:32:09+02:00,69.0,1,Lysaker,VYG:Line:L2,Stabekk-Oslo S-Ski,L2,rail,VYG:ServiceJourney:2830-SKI_452044-R,True,actual,2026-04-25T11:58:21.163701+02:00
NSR:StopPlace:58860,Oppegård stasjon,2026-04-25T11:31:00+02:00,2026-04-25T11:33:33+02:00,2026-04-25T11:33:33+02:00,153.0,1,Kolbotn torg,RUT:Line:580,Kolbotn - Ski,580,bus,RUT:ServiceJourney:86f2c1406741e20d1b074a3448866f50,True,actual,2026-04-25T11:58:21.163701+02:00
NSR:StopPlace:58860,Oppegård stasjon,2026-04-25T11:27:00+02:00,2026-04-25T11:35:12+02:00,,492.0,1,Ski,VYG:Line:L2,Stabekk-Oslo S-Ski,L2,rail,VYG:ServiceJourney:2823_452039-R,True,expected,2026-04-25T11:58:21.163701+02:00
NSR:StopPlace:58860,Oppegård stasjon,2026-04-25T11:42:00+02:00,2026-04-25T11:42:44+02:00,,44.0,1,Ski,VYG:Line:L2,Stabekk-Oslo S-Ski,L2,rail,VYG:ServiceJourney:2725-HVK_443932-R,True,expected,2026-04-25T11:58:21.163701+02:00
NSR:StopPlace:58860,Oppegård stasjon,2026-04-25T11:46:00+02:00,2026-04-25T11:46:28+02:00,2026-04-25T11:46:28+02:00,28.0,1,Stabekk,VYG:Line:L2,Stabekk-Oslo S-Ski,L2,rail,VYG:ServiceJourney:2732-SKI_443940-R,True,actual,2026-04-25T11:58:21.163701+02:00
NSR:StopPlace:58860,Oppegård stasjon,2026-04-25T11:57:00+02:00,2026-04-25T11:57:00+02:00,,0.0,0,Ski,VYG:Line:L2,Stabekk-Oslo S-Ski,L2,rail,VYG:ServiceJourney:2825_452040-R,True,planned,2026-04-25T11:58:21.163701+02:00
NSR:StopPlace:58860,Oppegård stasjon,2026-04-25T12:01:00+02:00,2026-04-25T12:02:25+02:00,,85.0,1,Ski stasjon,RUT:Line:580,Kolbotn - Ski,580,bus,RUT:ServiceJourney:b01e4088a361d51650ad17be67007acf,True,expected,2026-04-25T11:58:21.163701+02:00
NSR:StopPlace:58860,Oppegård stasjon,2026-04-25T12:01:00+02:00,2026-04-25T12:02:53+02:00,,113.0,1,Kolbotn torg,RUT:Line:580,Kolbotn - Ski,580,bus,RUT:ServiceJourney:9b78d8df257bdbd3c89b3db981f4d676,True,expected,2026-04-25T11:58:21.163701+02:00
NSR:StopPlace:58860,Oppegård stasjon,2026-04-25T12:01:00+02:00,2026-04-25T12:03:26+02:00,,146.0,1,Lysaker,VYG:Line:L2,Stabekk-Oslo S-Ski,L2,rail,VYG:ServiceJourney:2832-SKI_452046-R,True,expected,2026-04-25T11:58:21.163701+02:00
NSR:StopPlace:58860,Oppegård stasjon,2026-04-25T12:12:00+02:00,2026-04-25T12:12:51+02:00,,51.0,1,Ski,VYG:Line:L2,Stabekk-Oslo S-Ski,L2,rail,VYG:ServiceJourney:2727-HVK_443934-R,True,expected,2026-04-25T11:58:21.163701+02:00
NSR:StopPlace:58860,Oppegård stasjon,2026-04-25T12:16:00+02:00,2026-04-25T12:16:00+02:00,,0.0,0,Stabekk,VYG:Line:L2,Stabekk-Oslo S-Ski,L2,rail,VYG:ServiceJourney:2734-SKI_443942-R,True,planned,2026-04-25T11:58:21.163701+02:00
NSR:StopPlace:58860,Oppegård stasjon,2026-04-25T12:27:00+02:00,2026-04-25T12:27:00+02:00,,0.0,0,Ski,VYG:Line:L2,Stabekk-Oslo S-Ski,L2,rail,VYG:ServiceJourney:2827-HVK_452041-R,True,planned,2026-04-25T11:58:21.163701+02:00
NSR:StopPlace:58860,Oppegård stasjon,2026-04-25T12:31:00+02:00,2026-04-25T12:31:00+02:00,,0.0,0,Ski stasjon,RUT:Line:580,Kolbotn - Ski,580,bus,RUT:ServiceJourney:46875a5d59b0bdd8ce37ffec9c6d6271,False,planned,2026-04-25T11:58:21.163701+02:00
NSR:StopPlace:58860,Oppegård stasjon,2026-04-25T12:31:00+02:00,2026-04-25T12:31:00+02:00,,0.0,0,Kolbotn torg,RUT:Line:580,Kolbotn - Ski,580,bus,RUT:ServiceJourney:eb2e791960b3ba68393a77066e3b33e2,False,planned,2026-04-25T11:58:21.163701+02:00
NSR:StopPlace:58860,Oppegård stasjon,2026-04-25T12:31:00+02:00,2026-04-25T12:31:00+02:00,,0.0,0,Lysaker,VYG:Line:L2,Stabekk-Oslo S-Ski,L2,rail,VYG:ServiceJourney:2834-SKI_452048-R,True,planned,2026-04-25T11:58:21.163701+02:00
NSR:StopPlace:58860,Oppegård stasjon,2026-04-25T12:42:00+02:00,2026-04-25T12:42:00+02:00,,0.0,0,Ski,VYG:Line:L2,Stabekk-Oslo S-Ski,L2,rail,VYG:ServiceJourney:2729-HVK_443936-R,True,planned,2026-04-25T11:58:21.163701+02:00
NSR:StopPlace:58860,Oppegård stasjon,2026-04-25T12:46:00+02:00,2026-04-25T12:46:00+02:00,,0.0,0,Stabekk,VYG:Line:L2,Stabekk-Oslo S-Ski,L2,rail,VYG:ServiceJourney:2736-SKI_443944-R,True,planned,2026-04-25T11:58:21.163701+02:00
NSR:StopPlace:58860,Oppegård stasjon,2026-04-25T12:57:00+02:00,2026-04-25T12:57:00+02:00,,0.0,0,Ski,VYG:Line:L2,Stabekk-Oslo S-Ski,L2,rail,VYG:ServiceJourney:2829-HVK_452043-R,True,planned,2026-04-25T11:58:21.163701+02:00
NSR:StopPlace:58861,Solbråtan stasjon,2026-04-25T10:45:00+02:00,2026-04-25T10:46:50+02:00,2026-04-25T10:46:50+02:00,110.0,1,Jernbanetorget,RUT:Line:83,Jernbanetorget - Tårnåsen,83,bus,RUT:ServiceJourney:b6e1db61efc480c82623ad10a87f33a6,True,actual,2026-04-25T11:58:21.163701+02:00
NSR:StopPlace:58861,Solbråtan stasjon,2026-04-25T10:41:00+02:00,2026-04-25T10:48:04+02:00,2026-04-25T10:48:04+02:00,424.0,1,Tårnåsen,RUT:Line:83,Jernbanetorget - Tårnåsen,83,bus,RUT:ServiceJourney:b0cdc8ed35b827e35bcae1ede3956913,True,actual,2026-04-25T11:58:21.163701+02:00
NSR:StopPlace:58861,Solbråtan stasjon,2026-04-25T10:50:00+02:00,2026-04-25T10:50:24+02:00,,24.0,1,Ski,VYG:Line:L2,Stabekk-Oslo S-Ski,L2,rail,VYG:ServiceJourney:2821_452038-R,True,expected,2026-04-25T11:58:21.163701+02:00
NSR:StopPlace:58861,Solbråtan stasjon,2026-04-25T10:53:00+02:00,2026-04-25T10:53:57+02:00,2026-04-25T10:53:57+02:00,57.0,1,Stabekk,VYG:Line:L2,Stabekk-Oslo S-Ski,L2,rail,VYG:ServiceJourney:2728-SKI_443935-R,True,actual,2026-04-25T11:58:21.163701+02:00
NSR:StopPlace:58861,Solbråtan stasjon,2026-04-25T11:05:00+02:00,2026-04-25T11:05:00+02:00,,0.0,0,Ski,VYG:Line:L2,Stabekk-Oslo S-Ski,L2,rail,VYG:ServiceJourney:2723-HVK_443930-R,True,planned,2026-04-25T11:58:21.163701+02:00
NSR:StopPlace:58861,Solbråtan stasjon,2026-04-25T11:08:00+02:00,2026-04-25T11:09:02+02:00,2026-04-25T11:09:02+02:00,62.0,1,Lysaker,VYG:Line:L2,Stabekk-Oslo S-Ski,L2,rail,VYG:ServiceJourney:2828-SKI_452042-R,True,actual,2026-04-25T11:58:21.163701+02:00
NSR:StopPlace:58861,Solbråtan stasjon,2026-04-25T11:11:00+02:00,2026-04-25T11:15:05+02:00,2026-04-25T11:15:05+02:00,245.0,1,Tårnåsen,RUT:Line:83,Jernbanetorget - Tårnåsen,83,bus,RUT:ServiceJourney:59880edff0e0bb65dc7b324953155c44,True,actual,2026-04-25T11:58:21.163701+02:00
NSR:StopPlace:58861,Solbråtan stasjon,2026-04-25T11:15:00+02:00,2026-04-25T11:17:03+02:00,2026-04-25T11:17:03+02:00,123.0,1,Jernbanetorget,RUT:Line:83,Jernbanetorget - Tårnåsen,83,bus,RUT:ServiceJourney:1c9368ba4f69020ab7df23ffd765a7dd,True,actual,2026-04-25T11:58:21.163701+02:00
NSR:StopPlace:58861,Solbråtan stasjon,2026-04-25T11:20:00+02:00,2026-04-25T11:28:57+02:00,,537.0,1,Ski,VYG:Line:L2,Stabekk-Oslo S-Ski,L2,rail,VYG:ServiceJourney:2823_452039-R,True,expected,2026-04-25T11:58:21.163701+02:00
NSR:StopPlace:58861,Solbråtan stasjon,2026-04-25T11:23:00+02:00,2026-04-25T11:30:21+02:00,2026-04-25T11:30:21+02:00,441.0,1,Stabekk,VYG:Line:L2,Stabekk-Oslo S-Ski,L2,rail,VYG:ServiceJourney:2730-SKI_443938-R,True,actual,2026-04-25T11:58:21.163701+02:00
NSR:StopPlace:58861,Solbråtan stasjon,2026-04-25T11:35:00+02:00,2026-04-25T11:36:29+02:00,,89.0,1,Ski,VYG:Line:L2,Stabekk-Oslo S-Ski,L2,rail,VYG:ServiceJourney:2725-HVK_443932-R,True,expected,2026-04-25T11:58:21.163701+02:00
NSR:StopPlace:58861,Solbråtan stasjon,2026-04-25T11:38:00+02:00,2026-04-25T11:38:40+02:00,2026-04-25T11:38:40+02:00,40.0,1,Lysaker,VYG:Line:L2,Stabekk-Oslo S-Ski,L2,rail,VYG:ServiceJourney:2830-SKI_452044-R,True,actual,2026-04-25T11:58:21.163701+02:00
NSR:StopPlace:58861,Solbråtan stasjon,2026-04-25T11:41:00+02:00,2026-04-25T11:43:29+02:00,2026-04-25T11:43:29+02:00,149.0,1,Tårnåsen,RUT:Line:83,Jernbanetorget - Tårnåsen,83,bus,RUT:ServiceJourney:550f6fc4604462c02aaa8a34106f6753,True,actual,2026-04-25T11:58:21.163701+02:00
NSR:StopPlace:58861,Solbråtan stasjon,2026-04-25T11:45:00+02:00,2026-04-25T11:47:39+02:00,2026-04-25T11:47:39+02:00,159.0,1,Jernbanetorget,RUT:Line:83,Jernbanetorget - Tårnåsen,83,bus,RUT:ServiceJourney:45f13e806f259f6caf8f09897bc318dd,True,actual,2026-04-25T11:58:21.163701+02:00
NSR:StopPlace:58861,Solbråtan stasjon,2026-04-25T11:50:00+02:00,2026-04-25T11:50:00+02:00,,0.0,0,Ski,VYG:Line:L2,Stabekk-Oslo S-Ski,L2,rail,VYG:ServiceJourney:2825_452040-R,True,planned,2026-04-25T11:58:21.163701+02:00
NSR:StopPlace:58861,Solbråtan stasjon,2026-04-25T11:53:00+02:00,2026-04-25T11:53:25+02:00,2026-04-25T11:53:25+02:00,25.0,1,Stabekk,VYG:Line:L2,Stabekk-Oslo S-Ski,L2,rail,VYG:ServiceJourney:2732-SKI_443940-R,True,actual,2026-04-25T11:58:21.163701+02:00
NSR:StopPlace:58861,Solbråtan stasjon,2026-04-25T12:05:00+02:00,2026-04-25T12:06:36+02:00,,96.0,1,Ski,VYG:Line:L2,Stabekk-Oslo S-Ski,L2,rail,VYG:ServiceJourney:2727-HVK_443934-R,True,expected,2026-04-25T11:58:21.163701+02:00
NSR:StopPlace:58861,Solbråtan stasjon,2026-04-25T12:08:00+02:00,2026-04-25T12:09:33+02:00,,93.0,1,Lysaker,VYG:Line:L2,Stabekk-Oslo S-Ski,L2,rail,VYG:ServiceJourney:2832-SKI_452046-R,True,expected,2026-04-25T11:58:21.163701+02:00
NSR:StopPlace:58861,Solbråtan stasjon,2026-04-25T12:11:00+02:00,2026-04-25T12:14:21+02:00,,201.0,1,Tårnåsen,RUT:Line:83,Jernbanetorget - Tårnåsen,83,bus,RUT:ServiceJourney:84c3ef617fae196d735c86a9af1ba096,True,expected,2026-04-25T11:58:21.163701+02:00
NSR:StopPlace:58861,Solbråtan stasjon,2026-04-25T12:15:00+02:00,2026-04-25T12:15:00+02:00,,0.0,0,Jernbanetorget,RUT:Line:83,Jernbanetorget - Tårnåsen,83,bus,RUT:ServiceJourney:e92f981f9f0422eb505feb8cb7e55ade,True,planned,2026-04-25T11:58:21.163701+02:00
NSR:StopPlace:58861,Solbråtan stasjon,2026-04-25T12:20:00+02:00,2026-04-25T12:20:24+02:00,,24.0,1,Ski,VYG:Line:L2,Stabekk-Oslo S-Ski,L2,rail,VYG:ServiceJourney:2827-HVK_452041-R,True,expected,2026-04-25T11:58:21.163701+02:00
NSR:StopPlace:58861,Solbråtan stasjon,2026-04-25T12:23:00+02:00,2026-04-25T12:23:00+02:00,,0.0,0,Stabekk,VYG:Line:L2,Stabekk-Oslo S-Ski,L2,rail,VYG:ServiceJourney:2734-SKI_443942-R,True,planned,2026-04-25T11:58:21.163701+02:00
NSR:StopPlace:58861,Solbråtan stasjon,2026-04-25T12:35:00+02:00,2026-04-25T12:35:00+02:00,,0.0,0,Ski,VYG:Line:L2,Stabekk-Oslo S-Ski,L2,rail,VYG:ServiceJourney:2729-HVK_443936-R,True,planned,2026-04-25T11:58:21.163701+02:00
NSR:StopPlace:58861,Solbråtan stasjon,2026-04-25T12:38:00+02:00,2026-04-25T12:38:00+02:00,,0.0,0,Lysaker,VYG:Line:L2,Stabekk-Oslo S-Ski,L2,rail,VYG:ServiceJourney:2834-SKI_452048-R,True,planned,2026-04-25T11:58:21.163701+02:00
NSR:StopPlace:58861,Solbråtan stasjon,2026-04-25T12:41:00+02:00,2026-04-25T12:41:00+02:00,,0.0,0,Tårnåsen,RUT:Line:83,Jernbanetorget - Tårnåsen,83,bus,RUT:ServiceJourney:50450e11b633a9af9c82489a78601ce5,True,planned,2026-04-25T11:58:21.163701+02:00
NSR:StopPlace:58861,Solbråtan stasjon,2026-04-25T12:45:00+02:00,2026-04-25T12:45:00+02:00,,0.0,0,Jernbanetorget,RUT:Line:83,Jernbanetorget - Tårnåsen,83,bus,RUT:ServiceJourney:4a1ececf59259a993f563990b6c0e850,False,planned,2026-04-25T11:58:21.163701+02:00
NSR:StopPlace:58861,Solbråtan stasjon,2026-04-25T12:50:00+02:00,2026-04-25T12:50:00+02:00,,0.0,0,Ski,VYG:Line:L2,Stabekk-Oslo S-Ski,L2,rail,VYG:ServiceJourney:2829-HVK_452043-R,True,planned,2026-04-25T11:58:21.163701+02:00
NSR:StopPlace:58861,Solbråtan stasjon,2026-04-25T12:53:00+02:00,2026-04-25T12:53:00+02:00,,0.0,0,Stabekk,VYG:Line:L2,Stabekk-Oslo S-Ski,L2,rail,VYG:ServiceJourney:2736-SKI_443944-R,True,planned,2026-04-25T11:58:21.163701+02:00
NSR:StopPlace:58862,Strømmen stasjon,2026-04-25T10:40:00+02:00,2026-04-25T10:43:09+02:00,2026-04-25T10:43:09+02:00,189.0,1,Guldhaug-Tømte,RUT:Line:381,Guldhaug-Tømte - Lillestrøm,381,bus,RUT:ServiceJourney:45351ca4192da0a5a6440261a90f5bea,True,actual,2026-04-25T11:58:21.163701+02:00
NSR:StopPlace:58862,Strømmen stasjon,2026-04-25T10:45:00+02:00,2026-04-25T10:46:01+02:00,2026-04-25T10:46:01+02:00,61.0,1,Spikkestad,VYG:Line:L1,Spikkestad-Oslo S-Lillestrøm,L1,rail,VYG:ServiceJourney:2225_443623-R,True,actual,2026-04-25T11:58:21.163701+02:00
NSR:StopPlace:58862,Strømmen stasjon,2026-04-25T10:58:00+02:00,2026-04-25T11:01:15+02:00,2026-04-25T11:01:15+02:00,195.0,1,Lørenskog sentrum,RUT:Line:385,Nittedal stasjon - Olavsgaard - Ahus,385,bus,RUT:ServiceJourney:3313935e0dfbbdbbefcc3f4b0d330a2c,True,actual,2026-04-25T11:58:21.163701+02:00
NSR:StopPlace:58862,Strømmen stasjon,2026-04-25T11:05:00+02:00,2026-04-25T11:06:31+02:00,2026-04-25T11:06:31+02:00,91.0,1,Lillestrøm,RUT:Line:381,Guldhaug-Tømte - Lillestrøm,381,bus,RUT:ServiceJourney:4ebe3be821fc5640cedf3f8e0de96148,True,actual,2026-04-25T11:58:21.163701+02:00
NSR:StopPlace:58862,Strømmen stasjon,2026-04-25T11:05:00+02:00,2026-04-25T11:10:23+02:00,2026-04-25T11:10:23+02:00,323.0,1,Lillestrøm,VYG:Line:L1,Spikkestad-Oslo S-Lillestrøm,L1,rail,VYG:ServiceJourney:2224_443622-R,True,actual,2026-04-25T11:58:21.163701+02:00
NSR:StopPlace:58862,Strømmen stasjon,2026-04-25T11:15:00+02:00,2026-04-25T11:15:12+02:00,2026-04-25T11:15:12+02:00,12.0,1,Spikkestad,VYG:Line:L1,Spikkestad-Oslo S-Lillestrøm,L1,rail,VYG:ServiceJourney:2227_443627-R,True,actual,2026-04-25T11:58:21.163701+02:00
NSR:StopPlace:58862,Strømmen stasjon,2026-04-25T11:36:00+02:00,2026-04-25T11:37:46+02:00,2026-04-25T11:37:46+02:00,106.0,1,Nittedal,RUT:Line:385,Nittedal stasjon - Olavsgaard - Ahus,385,bus,RUT:ServiceJourney:548247a4c2dbb7f3217f9e41ffaa02f1,True,actual,2026-04-25T11:58:21.163701+02:00
NSR:StopPlace:58862,Strømmen stasjon,2026-04-25T11:35:00+02:00,2026-04-25T11:39:35+02:00,2026-04-25T11:39:35+02:00,275.0,1,Lillestrøm,VYG:Line:L1,Spikkestad-Oslo S-Lillestrøm,L1,rail,VYG:ServiceJourney:2226_452018-R,True,actual,2026-04-25T11:58:21.163701+02:00
NSR:StopPlace:58862,Strømmen stasjon,2026-04-25T11:40:00+02:00,2026-04-25T11:44:04+02:00,2026-04-25T11:44:04+02:00,244.0,1,Guldhaug-Tømte,RUT:Line:381,Guldhaug-Tømte - Lillestrøm,381,bus,RUT:ServiceJourney:d68d5ed45e0a158239d59552fd6f3fa8,True,actual,2026-04-25T11:58:21.163701+02:00
NSR:StopPlace:58862,Strømmen stasjon,2026-04-25T11:45:00+02:00,2026-04-25T11:50:44+02:00,2026-04-25T11:50:44+02:00,344.0,1,Spikkestad,VYG:Line:L1,Spikkestad-Oslo S-Lillestrøm,L1,rail,VYG:ServiceJourney:2229_443629-R,True,actual,2026-04-25T11:58:21.163701+02:00
NSR:StopPlace:58862,Strømmen stasjon,2026-04-25T11:58:00+02:00,2026-04-25T12:00:30+02:00,,150.0,1,Lørenskog sentrum,RUT:Line:385,Nittedal stasjon - Olavsgaard - Ahus,385,bus,RUT:ServiceJourney:cc693ba7fbc8fb389a8399cdc712db8e,True,expected,2026-04-25T11:58:21.163701+02:00
NSR:StopPlace:58862,Strømmen stasjon,2026-04-25T12:05:00+02:00,2026-04-25T12:07:22+02:00,,142.0,1,Lillestrøm,RUT:Line:381,Guldhaug-Tømte - Lillestrøm,381,bus,RUT:ServiceJourney:b71c2c7a7e7fdbf9eb24075114143f84,True,expected,2026-04-25T11:58:21.163701+02:00
NSR:StopPlace:58862,Strømmen stasjon,2026-04-25T12:15:00+02:00,2026-04-25T12:15:00+02:00,,0.0,0,Spikkestad,VYG:Line:L1,Spikkestad-Oslo S-Lillestrøm,L1,rail,VYG:ServiceJourney:2231_443635-R,True,planned,2026-04-25T11:58:21.163701+02:00
NSR:StopPlace:58862,Strømmen stasjon,2026-04-25T12:35:00+02:00,2026-04-25T12:35:00+02:00,,0.0,0,Lillestrøm,VYG:Line:L1,Spikkestad-Oslo S-Lillestrøm,L1,rail,VYG:ServiceJourney:2230_443632-R,True,planned,2026-04-25T11:58:21.163701+02:00
NSR:StopPlace:58862,Strømmen stasjon,2026-04-25T12:36:00+02:00,2026-04-25T12:36:00+02:00,,0.0,0,Nittedal,RUT:Line:385,Nittedal stasjon - Olavsgaard - Ahus,385,bus,RUT:ServiceJourney:a6949a7eb7bfd3671388a88f99bef6e8,True,planned,2026-04-25T11:58:21.163701+02:00
NSR:StopPlace:58862,Strømmen stasjon,2026-04-25T12:40:00+02:00,2026-04-25T12:40:00+02:00,,0.0,0,Guldhaug-Tømte,RUT:Line:381,Guldhaug-Tømte - Lillestrøm,381,bus,RUT:ServiceJourney:ed76c216c258fc9378da5530a92c135b,True,planned,2026-04-25T11:58:21.163701+02:00
NSR:StopPlace:58862,Strømmen stasjon,2026-04-25T12:45:00+02:00,2026-04-25T12:45:00+02:00,,0.0,0,Spikkestad,VYG:Line:L1,Spikkestad-Oslo S-Lillestrøm,L1,rail,VYG:ServiceJourney:2233_443637-R,True,planned,2026-04-25T11:58:21.163701+02:00
NSR:StopPlace:58862,Strømmen stasjon,2026-04-25T12:58:00+02:00,2026-04-25T12:58:00+02:00,,0.0,0,Lørenskog sentrum,RUT:Line:385,Nittedal stasjon - Olavsgaard - Ahus,385,bus,RUT:ServiceJourney:1e6d6691d20fed8598b96d8eed962e0b,True,planned,2026-04-25T11:58:21.163701+02:00
NSR:StopPlace:58874,Stokke stasjon,2026-04-25T10:37:00+02:00,2026-04-25T10:42:33+02:00,,333.0,1,Sørby,VKT:Line:130,Stokke,130,bus,VKT:ServiceJourney:87355,True,expected,2026-04-25T11:58:21.163701+02:00
NSR:StopPlace:58874,Stokke stasjon,2026-04-25T10:52:00+02:00,2026-04-25T10:54:14+02:00,2026-04-25T10:54:14+02:00,134.0,1,Tønsberg,VKT:Line:130,Stokke,130,bus,VKT:ServiceJourney:87418,True,actual,2026-04-25T11:58:21.163701+02:00
NSR:StopPlace:58874,Stokke stasjon,2026-04-25T10:56:00+02:00,2026-04-25T10:56:29+02:00,2026-04-25T10:56:29+02:00,29.0,1,Eidsvoll,VYG:Line:RE11,Eidsvoll-Oslo S-Skien,RE11,rail,VYG:ServiceJourney:814_444394-R,True,actual,2026-04-25T11:58:21.163701+02:00
NSR:StopPlace:58874,Stokke stasjon,2026-04-25T11:07:00+02:00,2026-04-25T11:07:00+02:00,,0.0,0,Sørby,VKT:Line:130,Stokke,130,bus,VKT:ServiceJourney:87356,True,planned,2026-04-25T11:58:21.163701+02:00
NSR:StopPlace:58874,Stokke stasjon,2026-04-25T11:07:00+02:00,2026-04-25T11:07:07+02:00,2026-04-25T11:07:07+02:00,7.0,1,Skien,VYG:Line:RE11,Eidsvoll-Oslo S-Skien,RE11,rail,VYG:ServiceJourney:811_444391-R,True,actual,2026-04-25T11:58:21.163701+02:00
NSR:StopPlace:58874,Stokke stasjon,2026-04-25T11:22:00+02:00,2026-04-25T11:24:03+02:00,2026-04-25T11:24:03+02:00,123.0,1,Tønsberg,VKT:Line:130,Stokke,130,bus,VKT:ServiceJourney:87419,True,actual,2026-04-25T11:58:21.163701+02:00
NSR:StopPlace:58874,Stokke stasjon,2026-04-25T11:37:00+02:00,2026-04-25T11:37:00+02:00,,0.0,0,Sørby,VKT:Line:130,Stokke,130,bus,VKT:ServiceJourney:87357,True,planned,2026-04-25T11:58:21.163701+02:00
NSR:StopPlace:58874,Stokke stasjon,2026-04-25T11:52:00+02:00,2026-04-25T11:54:37+02:00,2026-04-25T11:54:37+02:00,157.0,1,Tønsberg,VKT:Line:130,Stokke,130,bus,VKT:ServiceJourney:87420,True,actual,2026-04-25T11:58:21.163701+02:00
NSR:StopPlace:58874,Stokke stasjon,2026-04-25T11:56:00+02:00,2026-04-25T11:57:02+02:00,2026-04-25T11:57:02+02:00,62.0,1,Eidsvoll,VYG:Line:RE11,Eidsvoll-Oslo S-Skien,RE11,rail,VYG:ServiceJourney:816_444396-R,True,actual,2026-04-25T11:58:21.163701+02:00
NSR:StopPlace:58874,Stokke stasjon,2026-04-25T12:07:00+02:00,2026-04-25T12:07:00+02:00,,0.0,0,Sørby,VKT:Line:130,Stokke,130,bus,VKT:ServiceJourney:87358,True,planned,2026-04-25T11:58:21.163701+02:00
NSR:StopPlace:58874,Stokke stasjon,2026-04-25T12:07:00+02:00,2026-04-25T12:07:00+02:00,,0.0,0,Skien,VYG:Line:RE11,Eidsvoll-Oslo S-Skien,RE11,rail,VYG:ServiceJourney:813_444393-R,True,planned,2026-04-25T11:58:21.163701+02:00
NSR:StopPlace:58874,Stokke stasjon,2026-04-25T12:22:00+02:00,2026-04-25T12:22:00+02:00,,0.0,0,Tønsberg,VKT:Line:130,Stokke,130,bus,VKT:ServiceJourney:87421,False,planned,2026-04-25T11:58:21.163701+02:00
NSR:StopPlace:58874,Stokke stasjon,2026-04-25T12:37:00+02:00,2026-04-25T12:37:00+02:00,,0.0,0,Sørby,VKT:Line:130,Stokke,130,bus,VKT:ServiceJourney:87359,False,planned,2026-04-25T11:58:21.163701+02:00
NSR:StopPlace:58874,Stokke stasjon,2026-04-25T12:52:00+02:00,2026-04-25T12:52:00+02:00,,0.0,0,Tønsberg,VKT:Line:130,Stokke,130,bus,VKT:ServiceJourney:87422,False,planned,2026-04-25T11:58:21.163701+02:00
NSR:StopPlace:58874,Stokke stasjon,2026-04-25T12:56:00+02:00,2026-04-25T12:56:00+02:00,,0.0,0,Eidsvoll,VYG:Line:RE11,Eidsvoll-Oslo S-Skien,RE11,rail,VYG:ServiceJourney:818_444398-R,True,planned,2026-04-25T11:58:21.163701+02:00
NSR:StopPlace:58875,Torp stasjon,2026-04-25T10:51:00+02:00,2026-04-25T10:51:20+02:00,,20.0,1,Eidsvoll,VYG:Line:RE11,Eidsvoll-Oslo S-Skien,RE11,rail,VYG:ServiceJourney:814_444394-R,True,expected,2026-04-25T11:58:21.163701+02:00
NSR:StopPlace:58875,Torp stasjon,2026-04-25T10:55:00+02:00,2026-04-25T10:55:00+02:00,,0.0,0,Torp,VYX:Line:164,S174 Shuttle Sandefjord Lufthavn Torp,S174,bus,VYX:ServiceJourney:9f496a932f4178bc4f9d5299e70c7fd651cb0e2d,False,planned,2026-04-25T11:58:21.163701+02:00
NSR:StopPlace:58875,Torp stasjon,2026-04-25T11:12:00+02:00,2026-04-25T11:12:00+02:00,,0.0,0,Skien,VYG:Line:RE11,Eidsvoll-Oslo S-Skien,RE11,rail,VYG:ServiceJourney:811_444391-R,True,planned,2026-04-25T11:58:21.163701+02:00
NSR:StopPlace:58875,Torp stasjon,2026-04-25T11:16:00+02:00,2026-04-25T11:16:00+02:00,,0.0,0,Torp,VYX:Line:164,S174 Shuttle Sandefjord Lufthavn Torp,S174,bus,VYX:ServiceJourney:371c3f52ff2b60d14f219a572ae594d36c3b18f0,False,planned,2026-04-25T11:58:21.163701+02:00
NSR:StopPlace:58875,Torp stasjon,2026-04-25T11:51:00+02:00,2026-04-25T11:51:26+02:00,,26.0,1,Eidsvoll,VYG:Line:RE11,Eidsvoll-Oslo S-Skien,RE11,rail,VYG:ServiceJourney:816_444396-R,True,expected,2026-04-25T11:58:21.163701+02:00
NSR:StopPlace:58875,Torp stasjon,2026-04-25T11:55:00+02:00,2026-04-25T11:55:00+02:00,,0.0,0,Torp,VYX:Line:164,S174 Shuttle Sandefjord Lufthavn Torp,S174,bus,VYX:ServiceJourney:7c4787665a33709a888b01235ec655644d03655d,False,planned,2026-04-25T11:58:21.163701+02:00
NSR:StopPlace:58875,Torp stasjon,2026-04-25T12:12:00+02:00,2026-04-25T12:12:00+02:00,,0.0,0,Skien,VYG:Line:RE11,Eidsvoll-Oslo S-Skien,RE11,rail,VYG:ServiceJourney:813_444393-R,True,planned,2026-04-25T11:58:21.163701+02:00
NSR:StopPlace:58875,Torp stasjon,2026-04-25T12:16:00+02:00,2026-04-25T12:16:00+02:00,,0.0,0,Torp,VYX:Line:164,S174 Shuttle Sandefjord Lufthavn Torp,S174,bus,VYX:ServiceJourney:86368ec1008146d267a8f6d345df711eea442a14,False,planned,2026-04-25T11:58:21.163701+02:00
NSR:StopPlace:58875,Torp stasjon,2026-04-25T12:51:00+02:00,2026-04-25T12:51:00+02:00,,0.0,0,Eidsvoll,VYG:Line:RE11,Eidsvoll-Oslo S-Skien,RE11,rail,VYG:ServiceJourney:818_444398-R,True,planned,2026-04-25T11:58:21.163701+02:00
NSR:StopPlace:58875,Torp stasjon,2026-04-25T12:55:00+02:00,2026-04-25T12:55:00+02:00,,0.0,0,Torp,VYX:Line:164,S174 Shuttle Sandefjord Lufthavn Torp,S174,bus,VYX:ServiceJourney:1b582f323c329c3593364d90afd520b39492832e,False,planned,2026-04-25T11:58:21.163701+02:00
NSR:StopPlace:58876,Tønsberg stasjon,2026-04-25T10:42:00+02:00,2026-04-25T10:47:46+02:00,2026-04-25T10:47:46+02:00,346.0,1,Tønsberg,VKT:Line:120,Tønsberg-Revetal-Kirkevoll,120,bus,VKT:ServiceJourney:87254,True,actual,2026-04-25T11:58:21.163701+02:00
NSR:StopPlace:58876,Tønsberg stasjon,2026-04-25T10:52:00+02:00,2026-04-25T10:52:09+02:00,2026-04-25T10:52:09+02:00,9.0,1,Skien,VYG:Line:RE11,Eidsvoll-Oslo S-Skien,RE11,rail,VYG:ServiceJourney:811_444391-R,True,actual,2026-04-25T11:58:21.163701+02:00
NSR:StopPlace:58876,Tønsberg stasjon,2026-04-25T10:53:00+02:00,2026-04-25T10:56:54+02:00,2026-04-25T10:56:54+02:00,234.0,1,Tønsberg,VKT:Line:124,Andebu,124,bus,VKT:ServiceJourney:87313,True,actual,2026-04-25T11:58:21.163701+02:00
NSR:StopPlace:58876,Tønsberg stasjon,2026-04-25T10:56:00+02:00,2026-04-25T10:59:58+02:00,2026-04-25T10:59:58+02:00,238.0,1,Tønsberg-Åsgårdstrand,VKT:Line:1,Horten-Tønsberg-Sandefjord,01,bus,VKT:ServiceJourney:88153,True,actual,2026-04-25T11:58:21.163701+02:00
NSR:StopPlace:58876,Tønsberg stasjon,2026-04-25T11:06:00+02:00,2026-04-25T11:06:00+02:00,,0.0,0,Stokke - Sørby,VKT:Line:130,Stokke,130,bus,VKT:ServiceJourney:87357,True,planned,2026-04-25T11:58:21.163701+02:00
NSR:StopPlace:58876,Tønsberg stasjon,2026-04-25T11:06:00+02:00,2026-04-25T11:07:06+02:00,,66.0,1,Sandefjord,VKT:Line:1,Horten-Tønsberg-Sandefjord,01,bus,VKT:ServiceJourney:88091,True,expected,2026-04-25T11:58:21.163701+02:00
NSR:StopPlace:58876,Tønsberg stasjon,2026-04-25T11:09:00+02:00,2026-04-25T11:09:17+02:00,2026-04-25T11:09:17+02:00,17.0,1,Eidsvoll,VYG:Line:RE11,Eidsvoll-Oslo S-Skien,RE11,rail,VYG:ServiceJourney:814_444394-R,True,actual,2026-04-25T11:58:21.163701+02:00
NSR:StopPlace:58876,Tønsberg stasjon,2026-04-25T11:16:00+02:00,2026-04-25T11:17:05+02:00,,65.0,1,Andebu,VKT:Line:124,Andebu,124,bus,VKT:ServiceJourney:87293,True,expected,2026-04-25T11:58:21.163701+02:00
NSR:StopPlace:58876,Tønsberg stasjon,2026-04-25T11:21:00+02:00,2026-04-25T11:22:54+02:00,,114.0,1,Revetal-Kirkevoll,VKT:Line:120,Tønsberg-Revetal-Kirkevoll,120,bus,VKT:ServiceJourney:87234,True,expected,2026-04-25T11:58:21.163701+02:00
NSR:StopPlace:58876,Tønsberg stasjon,2026-04-25T11:23:00+02:00,2026-04-25T11:25:19+02:00,2026-04-25T11:25:19+02:00,139.0,1,Tønsberg,VKT:Line:130,Stokke,130,bus,VKT:ServiceJourney:87418,True,actual,2026-04-25T11:58:21.163701+02:00
NSR:StopPlace:58876,Tønsberg stasjon,2026-04-25T11:36:00+02:00,2026-04-25T11:36:00+02:00,,0.0,0,Stokke - Sørby,VKT:Line:130,Stokke,130,bus,VKT:ServiceJourney:87358,True,planned,2026-04-25T11:58:21.163701+02:00
NSR:StopPlace:58876,Tønsberg stasjon,2026-04-25T11:41:00+02:00,2026-04-25T11:43:43+02:00,2026-04-25T11:43:43+02:00,163.0,1,Tønsberg,VKT:Line:121,Tønsberg-Ramnes-Hof,121,bus,VKT:ServiceJourney:87272,True,actual,2026-04-25T11:58:21.163701+02:00
NSR:StopPlace:58876,Tønsberg stasjon,2026-04-25T11:51:00+02:00,2026-04-25T11:51:37+02:00,,37.0,1,Barkåker,VKT:Line:117,Barkåker,117,bus,VKT:ServiceJourney:87197,True,expected,2026-04-25T11:58:21.163701+02:00
NSR:StopPlace:58876,Tønsberg stasjon,2026-04-25T11:52:00+02:00,2026-04-25T11:53:12+02:00,2026-04-25T11:53:12+02:00,72.0,1,Skien,VYG:Line:RE11,Eidsvoll-Oslo S-Skien,RE11,rail,VYG:ServiceJourney:813_444393-R,True,actual,2026-04-25T11:58:21.163701+02:00
NSR:StopPlace:58876,Tønsberg stasjon,2026-04-25T11:53:00+02:00,2026-04-25T11:57:28+02:00,,268.0,1,Tønsberg,VKT:Line:130,Stokke,130,bus,VKT:ServiceJourney:87419,True,expected,2026-04-25T11:58:21.163701+02:00
NSR:StopPlace:58876,Tønsberg stasjon,2026-04-25T11:56:00+02:00,2026-04-25T11:58:16+02:00,,136.0,1,Tønsberg-Åsgårdstrand,VKT:Line:1,Horten-Tønsberg-Sandefjord,01,bus,VKT:ServiceJourney:88154,True,expected,2026-04-25T11:58:21.163701+02:00
NSR:StopPlace:58876,Tønsberg stasjon,2026-04-25T12:06:00+02:00,2026-04-25T12:06:00+02:00,,0.0,0,Stokke - Sørby,VKT:Line:130,Stokke,130,bus,VKT:ServiceJourney:87359,False,planned,2026-04-25T11:58:21.163701+02:00
NSR:StopPlace:58876,Tønsberg stasjon,2026-04-25T12:06:00+02:00,2026-04-25T12:06:03+02:00,,3.0,1,Sandefjord,VKT:Line:1,Horten-Tønsberg-Sandefjord,01,bus,VKT:ServiceJourney:88092,True,expected,2026-04-25T11:58:21.163701+02:00
NSR:StopPlace:58876,Tønsberg stasjon,2026-04-25T12:03:00+02:00,2026-04-25T12:07:43+02:00,,283.0,1,Tønsberg,VKT:Line:124,Andebu,124,bus,VKT:ServiceJourney:87314,True,expected,2026-04-25T11:58:21.163701+02:00
NSR:StopPlace:58876,Tønsberg stasjon,2026-04-25T12:09:00+02:00,2026-04-25T12:09:00+02:00,,0.0,0,Eidsvoll,VYG:Line:RE11,Eidsvoll-Oslo S-Skien,RE11,rail,VYG:ServiceJourney:816_444396-R,True,planned,2026-04-25T11:58:21.163701+02:00
NSR:StopPlace:58876,Tønsberg stasjon,2026-04-25T12:22:00+02:00,2026-04-25T12:22:37+02:00,,37.0,1,Tønsberg,VKT:Line:117,Barkåker,117,bus,VKT:ServiceJourney:87197,True,expected,2026-04-25T11:58:21.163701+02:00
NSR:StopPlace:58876,Tønsberg stasjon,2026-04-25T12:23:00+02:00,2026-04-25T12:25:53+02:00,,173.0,1,Tønsberg,VKT:Line:130,Stokke,130,bus,VKT:ServiceJourney:87420,True,expected,2026-04-25T11:58:21.163701+02:00
NSR:StopPlace:58876,Tønsberg stasjon,2026-04-25T12:36:00+02:00,2026-04-25T12:36:00+02:00,,0.0,0,Stokke - Sørby,VKT:Line:130,Stokke,130,bus,VKT:ServiceJourney:87360,False,planned,2026-04-25T11:58:21.163701+02:00
NSR:StopPlace:58876,Tønsberg stasjon,2026-04-25T12:42:00+02:00,2026-04-25T12:42:00+02:00,,0.0,0,Tønsberg,VKT:Line:120,Tønsberg-Revetal-Kirkevoll,120,bus,VKT:ServiceJourney:87255,False,planned,2026-04-25T11:58:21.163701+02:00
NSR:StopPlace:58876,Tønsberg stasjon,2026-04-25T12:51:00+02:00,2026-04-25T12:51:00+02:00,,0.0,0,Revetal-Kirkevoll,VKT:Line:120,Tønsberg-Revetal-Kirkevoll,120,bus,VKT:ServiceJourney:87235,False,planned,2026-04-25T11:58:21.163701+02:00
NSR:StopPlace:58876,Tønsberg stasjon,2026-04-25T12:52:00+02:00,2026-04-25T12:52:00+02:00,,0.0,0,Skien,VYG:Line:RE11,Eidsvoll-Oslo S-Skien,RE11,rail,VYG:ServiceJourney:815_444395-R,True,planned,2026-04-25T11:58:21.163701+02:00
NSR:StopPlace:58876,Tønsberg stasjon,2026-04-25T12:53:00+02:00,2026-04-25T12:53:00+02:00,,0.0,0,Tønsberg,VKT:Line:130,Stokke,130,bus,VKT:ServiceJourney:87421,False,planned,2026-04-25T11:58:21.163701+02:00
NSR:StopPlace:58876,Tønsberg stasjon,2026-04-25T12:56:00+02:00,2026-04-25T12:56:00+02:00,,0.0,0,Tønsberg-Åsgårdstrand,VKT:Line:1,Horten-Tønsberg-Sandefjord,01,bus,VKT:ServiceJourney:88155,False,planned,2026-04-25T11:58:21.163701+02:00
NSR:StopPlace:58877,Bø stasjon,2026-04-25T10:42:00+02:00,2026-04-25T10:43:05+02:00,2026-04-25T10:43:05+02:00,65.0,1,Skien stasjon,TEL:Line:8182,Seljord-Bø-Skien,R1,bus,TEL:ServiceJourney:99369,True,actual,2026-04-25T11:58:21.163701+02:00
NSR:StopPlace:58877,Bø stasjon,2026-04-25T11:25:00+02:00,2026-04-25T11:25:00+02:00,,0.0,0,Kristiansand,GOA:Line:50,Sørtoget region,F5,rail,GOA:ServiceJourney:709-LOD_66622-R,False,planned,2026-04-25T11:58:21.163701+02:00
NSR:StopPlace:58877,Bø stasjon,2026-04-25T12:12:00+02:00,2026-04-25T12:13:43+02:00,,103.0,1,Skien stasjon,TEL:Line:8182,Seljord-Bø-Skien,R1,bus,TEL:ServiceJourney:99370,True,expected,2026-04-25T11:58:21.163701+02:00
NSR:StopPlace:58877,Bø stasjon,2026-04-25T12:26:00+02:00,2026-04-25T12:26:00+02:00,,0.0,0,Oslo S,GOA:Line:50,Sørtoget region,F5,rail,GOA:ServiceJourney:706-KRS_66595-R,False,planned,2026-04-25T11:58:21.163701+02:00
NSR:StopPlace:58877,Bø stasjon,2026-04-25T12:27:00+02:00,2026-04-25T12:27:00+02:00,,0.0,0,Seljord,TEL:Line:8182,Seljord-Bø-Skien,R1,bus,TEL:ServiceJourney:99399,True,planned,2026-04-25T11:58:21.163701+02:00
NSR:StopPlace:58878,Drangedal stasjon,2026-04-25T11:55:00+02:00,2026-04-25T11:55:00+02:00,,0.0,0,Oslo S,GOA:Line:50,Sørtoget region,F5,rail,GOA:ServiceJourney:706-KRS_66595-R,False,planned,2026-04-25T11:58:21.163701+02:00
NSR:StopPlace:58878,Drangedal stasjon,2026-04-25T11:56:00+02:00,2026-04-25T11:56:00+02:00,,0.0,0,Kristiansand,GOA:Line:50,Sørtoget region,F5,rail,GOA:ServiceJourney:709-LOD_66622-R,False,planned,2026-04-25T11:58:21.163701+02:00
NSR:StopPlace:58879,Lunde stasjon,2026-04-25T10:45:00+02:00,2026-04-25T10:45:21+02:00,2026-04-25T10:45:21+02:00,21.0,1,Ulefoss,TEL:Line:8103,Lunde-Ulefoss,103,bus,TEL:ServiceJourney:84179,True,actual,2026-04-25T11:58:21.163701+02:00
NSR:StopPlace:58879,Lunde stasjon,2026-04-25T12:15:00+02:00,2026-04-25T12:15:00+02:00,,0.0,0,Ulefoss,TEL:Line:8103,Lunde-Ulefoss,103,bus,TEL:ServiceJourney:84180,False,planned,2026-04-25T11:58:21.163701+02:00
NSR:StopPlace:58870,Holmestrand stasjon,2026-04-25T10:40:00+02:00,2026-04-25T10:44:58+02:00,2026-04-25T10:44:58+02:00,298.0,1,Hvitstein-Kleiverud,VKT:Line:45,Kleiverud-Holmestrand,45,bus,VKT:ServiceJourney:89240,True,actual,2026-04-25T11:58:21.163701+02:00
NSR:StopPlace:58870,Holmestrand stasjon,2026-04-25T10:45:00+02:00,2026-04-25T10:46:34+02:00,2026-04-25T10:46:34+02:00,94.0,1,Horten-Tønsberg,VKT:Line:2,Tjøme-Tønsberg-Horten-Holmestr,02,bus,VKT:ServiceJourney:86207,True,actual,2026-04-25T11:58:21.163701+02:00
NSR:StopPlace:58870,Holmestrand stasjon,2026-04-25T11:10:00+02:00,2026-04-25T11:11:58+02:00,2026-04-25T11:11:58+02:00,118.0,1,Hvitstein-Gullhaug,VKT:Line:46,Gullhaug-Kleiverud-Holmestrand,46,bus,VKT:ServiceJourney:89293,True,actual,2026-04-25T11:58:21.163701+02:00
NSR:StopPlace:58870,Holmestrand stasjon,2026-04-25T11:28:00+02:00,2026-04-25T11:29:08+02:00,2026-04-25T11:29:08+02:00,68.0,1,Eidsvoll,VYG:Line:RE11,Eidsvoll-Oslo S-Skien,RE11,rail,VYG:ServiceJourney:814_444394-R,True,actual,2026-04-25T11:58:21.163701+02:00
NSR:StopPlace:58870,Holmestrand stasjon,2026-04-25T11:31:00+02:00,2026-04-25T11:31:52+02:00,2026-04-25T11:31:52+02:00,52.0,1,Skien,VYG:Line:RE11,Eidsvoll-Oslo S-Skien,RE11,rail,VYG:ServiceJourney:813_444393-R,True,actual,2026-04-25T11:58:21.163701+02:00
NSR:StopPlace:58870,Holmestrand stasjon,2026-04-25T11:40:00+02:00,2026-04-25T11:40:59+02:00,2026-04-25T11:40:59+02:00,59.0,1,Hvitstein-Kleiverud,VKT:Line:45,Kleiverud-Holmestrand,45,bus,VKT:ServiceJourney:89241,True,actual,2026-04-25T11:58:21.163701+02:00
NSR:StopPlace:58870,Holmestrand stasjon,2026-04-25T11:45:00+02:00,2026-04-25T11:45:33+02:00,2026-04-25T11:45:33+02:00,33.0,1,Horten-Tønsberg,VKT:Line:2,Tjøme-Tønsberg-Horten-Holmestr,02,bus,VKT:ServiceJourney:86209,True,actual,2026-04-25T11:58:21.163701+02:00
NSR:StopPlace:58870,Holmestrand stasjon,2026-04-25T12:10:00+02:00,2026-04-25T12:10:00+02:00,,0.0,0,Hvitstein-Gullhaug,VKT:Line:46,Gullhaug-Kleiverud-Holmestrand,46,bus,VKT:ServiceJourney:89294,False,planned,2026-04-25T11:58:21.163701+02:00
NSR:StopPlace:58870,Holmestrand stasjon,2026-04-25T12:28:00+02:00,2026-04-25T12:28:00+02:00,,0.0,0,Eidsvoll,VYG:Line:RE11,Eidsvoll-Oslo S-Skien,RE11,rail,VYG:ServiceJourney:816_444396-R,True,planned,2026-04-25T11:58:21.163701+02:00
NSR:StopPlace:58870,Holmestrand stasjon,2026-04-25T12:31:00+02:00,2026-04-25T12:31:00+02:00,,0.0,0,Skien,VYG:Line:RE11,Eidsvoll-Oslo S-Skien,RE11,rail,VYG:ServiceJourney:815_444395-R,True,planned,2026-04-25T11:58:21.163701+02:00
NSR:StopPlace:58870,Holmestrand stasjon,2026-04-25T12:40:00+02:00,2026-04-25T12:40:00+02:00,,0.0,0,Hvitstein-Kleiverud,VKT:Line:45,Kleiverud-Holmestrand,45,bus,VKT:ServiceJourney:89242,False,planned,2026-04-25T11:58:21.163701+02:00
NSR:StopPlace:58870,Holmestrand stasjon,2026-04-25T12:45:00+02:00,2026-04-25T12:45:00+02:00,,0.0,0,Horten-Tønsberg,VKT:Line:2,Tjøme-Tønsberg-Horten-Holmestr,02,bus,VKT:ServiceJourney:86211,False,planned,2026-04-25T11:58:21.163701+02:00
NSR:StopPlace:58871,Sande stasjon,2026-04-25T11:22:00+02:00,2026-04-25T11:23:09+02:00,,69.0,1,Skoger-Drammen,VKT:Line:96,Drammen-Skoger-Sande,96,bus,VKT:ServiceJourney:86563,True,expected,2026-04-25T11:58:21.163701+02:00
NSR:StopPlace:58871,Sande stasjon,2026-04-25T11:24:00+02:00,2026-04-25T11:25:17+02:00,,77.0,1,Skien,VYG:Line:RE11,Eidsvoll-Oslo S-Skien,RE11,rail,VYG:ServiceJourney:813_444393-R,True,expected,2026-04-25T11:58:21.163701+02:00
NSR:StopPlace:58871,Sande stasjon,2026-04-25T11:34:00+02:00,2026-04-25T11:36:49+02:00,,169.0,1,Eidsvoll,VYG:Line:RE11,Eidsvoll-Oslo S-Skien,RE11,rail,VYG:ServiceJourney:814_444394-R,True,expected,2026-04-25T11:58:21.163701+02:00
NSR:StopPlace:58871,Sande stasjon,2026-04-25T11:40:00+02:00,2026-04-25T11:40:58+02:00,2026-04-25T11:40:58+02:00,58.0,1,Skafjell-Selvik skole,VKT:Line:96,Drammen-Skoger-Sande,96,bus,VKT:ServiceJourney:86512,True,actual,2026-04-25T11:58:21.163701+02:00
NSR:StopPlace:58871,Sande stasjon,2026-04-25T12:22:00+02:00,2026-04-25T12:22:00+02:00,,0.0,0,Skoger-Drammen,VKT:Line:96,Drammen-Skoger-Sande,96,bus,VKT:ServiceJourney:86564,False,planned,2026-04-25T11:58:21.163701+02:00
NSR:StopPlace:58871,Sande stasjon,2026-04-25T12:24:00+02:00,2026-04-25T12:24:00+02:00,,0.0,0,Skien,VYG:Line:RE11,Eidsvoll-Oslo S-Skien,RE11,rail,VYG:ServiceJourney:815_444395-R,True,planned,2026-04-25T11:58:21.163701+02:00
NSR:StopPlace:58871,Sande stasjon,2026-04-25T12:34:00+02:00,2026-04-25T12:34:00+02:00,,0.0,0,Eidsvoll,VYG:Line:RE11,Eidsvoll-Oslo S-Skien,RE11,rail,VYG:ServiceJourney:816_444396-R,True,planned,2026-04-25T11:58:21.163701+02:00
NSR:StopPlace:58871,Sande stasjon,2026-04-25T12:35:00+02:00,2026-04-25T12:35:00+02:00,,0.0,0,Svelvik,VKT:Line:93,Svelvik-Sande,93,bus,VKT:ServiceJourney:86446,False,planned,2026-04-25T11:58:21.163701+02:00
NSR:StopPlace:58871,Sande stasjon,2026-04-25T12:40:00+02:00,2026-04-25T12:40:00+02:00,,0.0,0,Skafjell-Selvik skole,VKT:Line:96,Drammen-Skoger-Sande,96,bus,VKT:ServiceJourney:86513,True,planned,2026-04-25T11:58:21.163701+02:00
NSR:StopPlace:58872,Sandefjord stasjon,2026-04-25T10:47:00+02:00,2026-04-25T10:47:24+02:00,2026-04-25T10:47:24+02:00,24.0,1,Eidsvoll,VYG:Line:RE11,Eidsvoll-Oslo S-Skien,RE11,rail,VYG:ServiceJourney:814_444394-R,True,actual,2026-04-25T11:58:21.163701+02:00
NSR:StopPlace:58872,Sandefjord stasjon,2026-04-25T11:18:00+02:00,2026-04-25T11:18:32+02:00,2026-04-25T11:18:32+02:00,32.0,1,Skien,VYG:Line:RE11,Eidsvoll-Oslo S-Skien,RE11,rail,VYG:ServiceJourney:811_444391-R,True,actual,2026-04-25T11:58:21.163701+02:00
NSR:StopPlace:58872,Sandefjord stasjon,2026-04-25T11:47:00+02:00,2026-04-25T11:47:30+02:00,2026-04-25T11:47:30+02:00,30.0,1,Eidsvoll,VYG:Line:RE11,Eidsvoll-Oslo S-Skien,RE11,rail,VYG:ServiceJourney:816_444396-R,True,actual,2026-04-25T11:58:21.163701+02:00
NSR:StopPlace:58872,Sandefjord stasjon,2026-04-25T12:18:00+02:00,2026-04-25T12:18:00+02:00,,0.0,0,Skien,VYG:Line:RE11,Eidsvoll-Oslo S-Skien,RE11,rail,VYG:ServiceJourney:813_444393-R,True,planned,2026-04-25T11:58:21.163701+02:00
NSR:StopPlace:58872,Sandefjord stasjon,2026-04-25T12:47:00+02:00,2026-04-25T12:47:00+02:00,,0.0,0,Eidsvoll,VYG:Line:RE11,Eidsvoll-Oslo S-Skien,RE11,rail,VYG:ServiceJourney:818_444398-R,True,planned,2026-04-25T11:58:21.163701+02:00
NSR:StopPlace:58873,Skoppum stasjon,2026-04-25T11:20:00+02:00,2026-04-25T11:20:07+02:00,2026-04-25T11:20:07+02:00,7.0,1,Eidsvoll,VYG:Line:RE11,Eidsvoll-Oslo S-Skien,RE11,rail,VYG:ServiceJourney:814_444394-R,True,actual,2026-04-25T11:58:21.163701+02:00
NSR:StopPlace:58873,Skoppum stasjon,2026-04-25T11:23:00+02:00,2026-04-25T11:25:12+02:00,2026-04-25T11:25:12+02:00,132.0,1,Horten rutebilstasjon,VKT:Line:70,Horten-Skoppum,70,bus,VKT:ServiceJourney:88393,True,actual,2026-04-25T11:58:21.163701+02:00
NSR:StopPlace:58873,Skoppum stasjon,2026-04-25T11:40:00+02:00,2026-04-25T11:42:06+02:00,2026-04-25T11:42:06+02:00,126.0,1,Skien,VYG:Line:RE11,Eidsvoll-Oslo S-Skien,RE11,rail,VYG:ServiceJourney:813_444393-R,True,actual,2026-04-25T11:58:21.163701+02:00
NSR:StopPlace:58873,Skoppum stasjon,2026-04-25T12:20:00+02:00,2026-04-25T12:20:00+02:00,,0.0,0,Eidsvoll,VYG:Line:RE11,Eidsvoll-Oslo S-Skien,RE11,rail,VYG:ServiceJourney:816_444396-R,True,planned,2026-04-25T11:58:21.163701+02:00
NSR:StopPlace:58873,Skoppum stasjon,2026-04-25T12:23:00+02:00,2026-04-25T12:23:00+02:00,,0.0,0,Horten rutebilstasjon,VKT:Line:70,Horten-Skoppum,70,bus,VKT:ServiceJourney:88394,False,planned,2026-04-25T11:58:21.163701+02:00
NSR:StopPlace:58873,Skoppum stasjon,2026-04-25T12:40:00+02:00,2026-04-25T12:40:00+02:00,,0.0,0,Skien,VYG:Line:RE11,Eidsvoll-Oslo S-Skien,RE11,rail,VYG:ServiceJourney:815_444395-R,True,planned,2026-04-25T11:58:21.163701+02:00
NSR:StopPlace:58886,Arendal stasjon,2026-04-25T12:10:00+02:00,2026-04-25T12:10:00+02:00,,0.0,0,Gjerstad buss hlp,GOA:Line:53,Sørtoget lokal,R50,rail,GOA:ServiceJourney:B2068-1_20260425-ADL_GJE,True,planned,2026-04-25T11:58:21.163701+02:00
NSR:StopPlace:58889,Gjerstad stasjon,2026-04-25T11:26:00+02:00,2026-04-25T11:26:00+02:00,,0.0,0,Oslo S,GOA:Line:50,Sørtoget region,F5,rail,GOA:ServiceJourney:706-KRS_66595-R,False,planned,2026-04-25T11:58:21.163701+02:00
NSR:StopPlace:58880,Neslandsvatn stasjon,2026-04-25T11:39:00+02:00,2026-04-25T11:39:00+02:00,,0.0,0,Oslo S,GOA:Line:50,Sørtoget region,F5,rail,GOA:ServiceJourney:706-KRS_66595-R,False,planned,2026-04-25T11:58:21.163701+02:00
NSR:StopPlace:58880,Neslandsvatn stasjon,2026-04-25T12:08:00+02:00,2026-04-25T12:08:00+02:00,,0.0,0,Kristiansand,GOA:Line:50,Sørtoget region,F5,rail,GOA:ServiceJourney:709-LOD_66622-R,False,planned,2026-04-25T11:58:21.163701+02:00
NSR:StopPlace:58882,Nordagutu stasjon,2026-04-25T12:41:00+02:00,2026-04-25T12:41:00+02:00,,0.0,0,Oslo S,GOA:Line:50,Sørtoget region,F5,rail,GOA:ServiceJourney:706-KRS_66595-R,False,planned,2026-04-25T11:58:21.163701+02:00
NSR:StopPlace:58884,Skien stasjon,2026-04-25T10:58:00+02:00,2026-04-25T11:00:25+02:00,2026-04-25T11:00:25+02:00,145.0,1,Åfoss,TEL:Line:8047,Siljan-Skien-Åfoss,P7,bus,TEL:ServiceJourney:85271,True,actual,2026-04-25T11:58:21.163701+02:00
NSR:StopPlace:58884,Skien stasjon,2026-04-25T11:09:00+02:00,2026-04-25T11:09:16+02:00,2026-04-25T11:09:16+02:00,16.0,1,Eidsvoll,VYG:Line:RE11,Eidsvoll-Oslo S-Skien,RE11,rail,VYG:ServiceJourney:816_444396-R,True,actual,2026-04-25T11:58:21.163701+02:00
NSR:StopPlace:58884,Skien stasjon,2026-04-25T11:10:00+02:00,2026-04-25T11:09:20+02:00,2026-04-25T11:09:20+02:00,-40.0,0,Seljord,TEL:Line:8182,Seljord-Bø-Skien,R1,bus,TEL:ServiceJourney:99399,True,actual,2026-04-25T11:58:21.163701+02:00
NSR:StopPlace:58884,Skien stasjon,2026-04-25T11:58:00+02:00,2026-04-25T11:58:00+02:00,,0.0,0,Åfoss,TEL:Line:8047,Siljan-Skien-Åfoss,P7,bus,TEL:ServiceJourney:85272,True,planned,2026-04-25T11:58:21.163701+02:00
NSR:StopPlace:58884,Skien stasjon,2026-04-25T11:58:00+02:00,2026-04-25T12:02:01+02:00,,241.0,1,Siljan,TEL:Line:8047,Siljan-Skien-Åfoss,P7,bus,TEL:ServiceJourney:85317,True,expected,2026-04-25T11:58:21.163701+02:00
NSR:StopPlace:58884,Skien stasjon,2026-04-25T12:09:00+02:00,2026-04-25T12:09:00+02:00,,0.0,0,Eidsvoll,VYG:Line:RE11,Eidsvoll-Oslo S-Skien,RE11,rail,VYG:ServiceJourney:818_444398-R,True,planned,2026-04-25T11:58:21.163701+02:00
NSR:StopPlace:58884,Skien stasjon,2026-04-25T12:58:00+02:00,2026-04-25T12:58:00+02:00,,0.0,0,Åfoss,TEL:Line:8047,Siljan-Skien-Åfoss,P7,bus,TEL:ServiceJourney:85273,False,planned,2026-04-25T11:58:21.163701+02:00
NSR:StopPlace:58890,Nelaug stasjon,2026-04-25T10:52:00+02:00,2026-04-25T10:52:00+02:00,,0.0,0,Kristiansand,GOA:Line:50,Sørtoget region,F5,rail,GOA:ServiceJourney:707-LOD_66603-R,False,planned,2026-04-25T11:58:21.163701+02:00
NSR:StopPlace:58890,Nelaug stasjon,2026-04-25T10:53:00+02:00,2026-04-25T10:53:00+02:00,,0.0,0,Oslo S,GOA:Line:50,Sørtoget region,F5,rail,GOA:ServiceJourney:706-KRS_66595-R,False,planned,2026-04-25T11:58:21.163701+02:00
NSR:StopPlace:58890,Nelaug stasjon,2026-04-25T12:54:00+02:00,2026-04-25T12:54:00+02:00,,0.0,0,Oslo S,GOA:Line:50,Sørtoget region,F5,rail,GOA:ServiceJourney:708-KRS_66612-R,False,planned,2026-04-25T11:58:21.163701+02:00
NSR:StopPlace:58890,Nelaug stasjon,2026-04-25T12:55:00+02:00,2026-04-25T12:55:00+02:00,,0.0,0,Kristiansand,GOA:Line:50,Sørtoget region,F5,rail,GOA:ServiceJourney:709-LOD_66622-R,False,planned,2026-04-25T11:58:21.163701+02:00
NSR:StopPlace:58891,Vegårshei stasjon,2026-04-25T11:08:00+02:00,2026-04-25T11:08:00+02:00,,0.0,0,Oslo S,GOA:Line:50,Sørtoget region,F5,rail,GOA:ServiceJourney:706-KRS_66595-R,False,planned,2026-04-25T11:58:21.163701+02:00
NSR:StopPlace:58891,Vegårshei stasjon,2026-04-25T12:39:00+02:00,2026-04-25T12:39:00+02:00,,0.0,0,Kristiansand,GOA:Line:50,Sørtoget region,F5,rail,GOA:ServiceJourney:709-LOD_66622-R,False,planned,2026-04-25T11:58:21.163701+02:00
NSR:StopPlace:58893,Grovane stasjon,2026-04-25T10:52:00+02:00,2026-04-25T10:54:28+02:00,2026-04-25T10:54:28+02:00,148.0,1,Kristiansand via Moseidmoen - Mosby,AKT:Line:1030,Kvadraturen - Mosby - Vennesl,30,bus,AKT:ServiceJourney:52790_1102_54_77880_80820_40001545,True,actual,2026-04-25T11:58:21.163701+02:00
NSR:StopPlace:58893,Grovane stasjon,2026-04-25T11:22:00+02:00,2026-04-25T11:24:24+02:00,2026-04-25T11:24:24+02:00,144.0,1,Kristiansand via Baneheitunnelen,AKT:Line:1031,Kvadraturen - Sødal -Vennesla,31,bus,AKT:ServiceJourney:52905_1122_44_81840_84120_40000859,True,actual,2026-04-25T11:58:21.163701+02:00
NSR:StopPlace:58893,Grovane stasjon,2026-04-25T11:24:00+02:00,2026-04-25T11:25:12+02:00,2026-04-25T11:25:12+02:00,72.0,1,Grovane st. - Samkom,AKT:Line:1030,Kvadraturen - Mosby - Vennesl,30,bus,AKT:ServiceJourney:52729_1121_55_77400_80160_40001540,True,actual,2026-04-25T11:58:21.163701+02:00
NSR:StopPlace:58893,Grovane stasjon,2026-04-25T11:52:00+02:00,2026-04-25T11:52:51+02:00,2026-04-25T11:52:51+02:00,51.0,1,Kristiansand via Moseidmoen - Mosby,AKT:Line:1030,Kvadraturen - Mosby - Vennesl,30,bus,AKT:ServiceJourney:52791_1122_54_85080_88020_40001545,True,actual,2026-04-25T11:58:21.163701+02:00
NSR:StopPlace:58893,Grovane stasjon,2026-04-25T12:22:00+02:00,2026-04-25T12:22:00+02:00,,0.0,0,Kristiansand via Baneheitunnelen,AKT:Line:1031,Kvadraturen - Sødal -Vennesla,31,bus,AKT:ServiceJourney:52906_1142_44_89040_91320_40000859,True,planned,2026-04-25T11:58:21.163701+02:00
NSR:StopPlace:58893,Grovane stasjon,2026-04-25T12:24:00+02:00,2026-04-25T12:24:21+02:00,,21.0,1,Grovane st. - Samkom,AKT:Line:1030,Kvadraturen - Mosby - Vennesl,30,bus,AKT:ServiceJourney:52730_1141_55_84600_87360_40001540,True,expected,2026-04-25T11:58:21.163701+02:00
NSR:StopPlace:58893,Grovane stasjon,2026-04-25T12:52:00+02:00,2026-04-25T12:52:00+02:00,,0.0,0,Kristiansand via Moseidmoen - Mosby,AKT:Line:1030,Kvadraturen - Mosby - Vennesl,30,bus,AKT:ServiceJourney:52792_1142_54_92280_95220_40001545,True,planned,2026-04-25T11:58:21.163701+02:00
NSR:StopPlace:58800,Råde stasjon,2026-04-25T10:59:00+02:00,2026-04-25T11:00:21+02:00,2026-04-25T11:00:21+02:00,81.0,1,Oslo S,VYG:Line:RE20,Oslo S-Halden-Göteborg-Malmö (X-Border),RE20,rail,VYG:ServiceJourney:384-114_478117-R,True,actual,2026-04-25T11:58:21.163701+02:00
NSR:StopPlace:58800,Råde stasjon,2026-04-25T11:00:00+02:00,2026-04-25T11:01:03+02:00,2026-04-25T11:01:03+02:00,63.0,1,Malmö central,VYG:Line:RE20,Oslo S-Halden-Göteborg-Malmö (X-Border),RE20,rail,VYG:ServiceJourney:111-387_512279-R,True,actual,2026-04-25T11:58:21.163701+02:00
NSR:StopPlace:58800,Råde stasjon,2026-04-25T11:52:00+02:00,2026-04-25T11:52:40+02:00,2026-04-25T11:52:40+02:00,40.0,1,Oslo S,VYG:Line:RE20,Oslo S-Halden-Göteborg-Malmö (X-Border),RE20,rail,VYG:ServiceJourney:116_443047-R,True,actual,2026-04-25T11:58:21.163701+02:00
NSR:StopPlace:58800,Råde stasjon,2026-04-25T12:01:00+02:00,2026-04-25T12:02:02+02:00,,62.0,1,Halden,VYG:Line:RE20,Oslo S-Halden-Göteborg-Malmö (X-Border),RE20,rail,VYG:ServiceJourney:113_443006-R,True,expected,2026-04-25T11:58:21.163701+02:00
NSR:StopPlace:58801,Sarpsborg stasjon,2026-04-25T10:41:00+02:00,2026-04-25T10:46:38+02:00,2026-04-25T10:46:38+02:00,338.0,1,Opsund,OST:Line:1_134,Sarpsborg - Opsund,134,bus,OST:ServiceJourney:134_251111070503436_602,True,actual,2026-04-25T11:58:21.163701+02:00
NSR:StopPlace:58801,Sarpsborg stasjon,2026-04-25T11:13:00+02:00,2026-04-25T11:14:08+02:00,2026-04-25T11:14:08+02:00,68.0,1,Blessom,OST:Line:1_13,Kalnes - Blessom,13,bus,OST:ServiceJourney:13_251111070503365_610,True,actual,2026-04-25T11:58:21.163701+02:00
NSR:StopPlace:58801,Sarpsborg stasjon,2026-04-25T11:25:00+02:00,2026-04-25T11:27:29+02:00,2026-04-25T11:27:29+02:00,149.0,1,Oslo S,VYG:Line:RE20,Oslo S-Halden-Göteborg-Malmö (X-Border),RE20,rail,VYG:ServiceJourney:116_443047-R,True,actual,2026-04-25T11:58:21.163701+02:00
NSR:StopPlace:58801,Sarpsborg stasjon,2026-04-25T11:26:00+02:00,2026-04-25T11:28:24+02:00,2026-04-25T11:28:24+02:00,144.0,1,Malmö central,VYG:Line:RE20,Oslo S-Halden-Göteborg-Malmö (X-Border),RE20,rail,VYG:ServiceJourney:111-387_512279-R,True,actual,2026-04-25T11:58:21.163701+02:00
NSR:StopPlace:58801,Sarpsborg stasjon,2026-04-25T11:30:00+02:00,2026-04-25T11:30:23+02:00,2026-04-25T11:30:23+02:00,23.0,1,Sarpsborg-Kalnes,OST:Line:1_13,Kalnes - Blessom,13,bus,OST:ServiceJourney:13_251111070503366_611,True,actual,2026-04-25T11:58:21.163701+02:00
NSR:StopPlace:58801,Sarpsborg stasjon,2026-04-25T12:13:00+02:00,2026-04-25T12:16:13+02:00,,193.0,1,Blessom,OST:Line:1_13,Kalnes - Blessom,13,bus,OST:ServiceJourney:13_251111070503367_612,True,expected,2026-04-25T11:58:21.163701+02:00
NSR:StopPlace:58801,Sarpsborg stasjon,2026-04-25T12:30:00+02:00,2026-04-25T12:30:00+02:00,,0.0,0,Halden,VYG:Line:RE20,Oslo S-Halden-Göteborg-Malmö (X-Border),RE20,rail,VYG:ServiceJourney:113_443006-R,True,planned,2026-04-25T11:58:21.163701+02:00
NSR:StopPlace:58801,Sarpsborg stasjon,2026-04-25T12:30:00+02:00,2026-04-25T12:30:00+02:00,,0.0,0,Sarpsborg-Kalnes,OST:Line:1_13,Kalnes - Blessom,13,bus,OST:ServiceJourney:13_251111070503368_613,False,planned,2026-04-25T11:58:21.163701+02:00
NSR:StopPlace:58801,Sarpsborg stasjon,2026-04-25T12:31:00+02:00,2026-04-25T12:31:00+02:00,,0.0,0,Oslo S,VYG:Line:RE20,Oslo S-Halden-Göteborg-Malmö (X-Border),RE20,rail,VYG:ServiceJourney:386-118_444280-R,True,planned,2026-04-25T11:58:21.163701+02:00
NSR:StopPlace:58801,Sarpsborg stasjon,2026-04-25T12:34:00+02:00,2026-04-25T12:34:00+02:00,,0.0,0,Opsund,OST:Line:1_134,Sarpsborg - Opsund,134,bus,OST:ServiceJourney:134_251111070503437_603,False,planned,2026-04-25T11:58:21.163701+02:00
NSR:StopPlace:58801,Sarpsborg stasjon,2026-04-25T12:41:00+02:00,2026-04-25T12:41:00+02:00,,0.0,0,Opsund,OST:Line:1_134,Sarpsborg - Opsund,134,bus,OST:ServiceJourney:134_251111070503437_603,False,planned,2026-04-25T11:58:21.163701+02:00
NSR:StopPlace:58802,Spydeberg stasjon,2026-04-25T11:20:00+02:00,2026-04-25T11:20:26+02:00,2026-04-25T11:20:26+02:00,26.0,1,Oslo S,VYG:Line:R22,Skøyen-Oslo S-Mysen-Rakkestad,R22,rail,VYG:ServiceJourney:1916_443458-R,True,actual,2026-04-25T11:58:21.163701+02:00
NSR:StopPlace:58802,Spydeberg stasjon,2026-04-25T11:36:00+02:00,2026-04-25T11:36:57+02:00,2026-04-25T11:36:57+02:00,57.0,1,Rakkestad,VYG:Line:R22,Skøyen-Oslo S-Mysen-Rakkestad,R22,rail,VYG:ServiceJourney:1913_443452-R,True,actual,2026-04-25T11:58:21.163701+02:00
NSR:StopPlace:58802,Spydeberg stasjon,2026-04-25T12:20:00+02:00,2026-04-25T12:20:00+02:00,,0.0,0,Oslo S,VYG:Line:R22,Skøyen-Oslo S-Mysen-Rakkestad,R22,rail,VYG:ServiceJourney:1918_443461-R,True,planned,2026-04-25T11:58:21.163701+02:00
NSR:StopPlace:58802,Spydeberg stasjon,2026-04-25T12:36:00+02:00,2026-04-25T12:36:00+02:00,,0.0,0,Rakkestad,VYG:Line:R22,Skøyen-Oslo S-Mysen-Rakkestad,R22,rail,VYG:ServiceJourney:1915_443456-R,True,planned,2026-04-25T11:58:21.163701+02:00
NSR:StopPlace:58803,Tomter stasjon,2026-04-25T11:28:00+02:00,2026-04-25T11:29:11+02:00,2026-04-25T11:29:11+02:00,71.0,1,Rakkestad,VYG:Line:R22,Skøyen-Oslo S-Mysen-Rakkestad,R22,rail,VYG:ServiceJourney:1913_443452-R,True,actual,2026-04-25T11:58:21.163701+02:00
NSR:StopPlace:58803,Tomter stasjon,2026-04-25T11:28:00+02:00,2026-04-25T11:29:37+02:00,2026-04-25T11:29:37+02:00,97.0,1,Oslo S,VYG:Line:R22,Skøyen-Oslo S-Mysen-Rakkestad,R22,rail,VYG:ServiceJourney:1916_443458-R,True,actual,2026-04-25T11:58:21.163701+02:00
NSR:StopPlace:58803,Tomter stasjon,2026-04-25T12:28:00+02:00,2026-04-25T12:28:00+02:00,,0.0,0,Oslo S,VYG:Line:R22,Skøyen-Oslo S-Mysen-Rakkestad,R22,rail,VYG:ServiceJourney:1918_443461-R,True,planned,2026-04-25T11:58:21.163701+02:00
NSR:StopPlace:58803,Tomter stasjon,2026-04-25T12:28:00+02:00,2026-04-25T12:28:00+02:00,,0.0,0,Rakkestad,VYG:Line:R22,Skøyen-Oslo S-Mysen-Rakkestad,R22,rail,VYG:ServiceJourney:1915_443456-R,True,planned,2026-04-25T11:58:21.163701+02:00
NSR:StopPlace:58804,Alvdal stasjon,2026-04-25T12:44:00+02:00,2026-04-25T12:44:00+02:00,,0.0,0,Røros,SJN:Line:25,Rørosbanen,R60,rail,SJN:ServiceJourney:2383_47880-R,True,planned,2026-04-25T11:58:21.163701+02:00
NSR:StopPlace:58805,Brumunddal stasjon,2026-04-25T10:49:00+02:00,2026-04-25T10:54:26+02:00,2026-04-25T10:54:26+02:00,326.0,1,Drammen,VYG:Line:RE10,Drammen-Oslo S-Lillehammer,RE10,rail,VYG:ServiceJourney:314-HVE_488405-R,True,actual,2026-04-25T11:58:21.163701+02:00
NSR:StopPlace:58805,Brumunddal stasjon,2026-04-25T11:03:00+02:00,2026-04-25T11:08:25+02:00,2026-04-25T11:08:25+02:00,325.0,1,Lillehammer,VYG:Line:RE10,Drammen-Oslo S-Lillehammer,RE10,rail,VYG:ServiceJourney:311-SUD_481289-R,True,actual,2026-04-25T11:58:21.163701+02:00
NSR:StopPlace:58805,Brumunddal stasjon,2026-04-25T11:49:00+02:00,2026-04-25T11:49:17+02:00,2026-04-25T11:49:17+02:00,17.0,1,Drammen,VYG:Line:RE10,Drammen-Oslo S-Lillehammer,RE10,rail,VYG:ServiceJourney:316-HVE_488409-R,True,actual,2026-04-25T11:58:21.163701+02:00
NSR:StopPlace:58805,Brumunddal stasjon,2026-04-25T12:03:00+02:00,2026-04-25T12:03:30+02:00,,30.0,1,Lillehammer,VYG:Line:RE10,Drammen-Oslo S-Lillehammer,RE10,rail,VYG:ServiceJourney:313-SUD_444163-R,True,expected,2026-04-25T11:58:21.163701+02:00
NSR:StopPlace:58805,Brumunddal stasjon,2026-04-25T12:49:00+02:00,2026-04-25T12:49:00+02:00,,0.0,0,Drammen,VYG:Line:RE10,Drammen-Oslo S-Lillehammer,RE10,rail,VYG:ServiceJourney:318_444186-R,True,planned,2026-04-25T11:58:21.163701+02:00
NSR:StopPlace:58806,Evenstad stasjon,2026-04-25T11:29:00+02:00,2026-04-25T11:29:00+02:00,,0.0,0,Røros,SJN:Line:25,Rørosbanen,R60,rail,SJN:ServiceJourney:2383_47880-R,True,planned,2026-04-25T11:58:21.163701+02:00
NSR:StopPlace:58807,Hanestad stasjon,2026-04-25T12:16:00+02:00,2026-04-25T12:16:00+02:00,,0.0,0,Røros,SJN:Line:25,Rørosbanen,R60,rail,SJN:ServiceJourney:2383_47880-R,True,planned,2026-04-25T11:58:21.163701+02:00
NSR:StopPlace:58808,Kongsvinger stasjon,2026-04-25T10:58:00+02:00,2026-04-25T10:55:53+02:00,2026-04-25T10:55:53+02:00,-127.0,0,Rasta - Vennersberg,INN:Line:81,Bogeråsen - Rasta,B81,bus,INN:ServiceJourney:27311,True,actual,2026-04-25T11:58:21.163701+02:00
NSR:StopPlace:58808,Kongsvinger stasjon,2026-04-25T10:58:00+02:00,2026-04-25T10:58:00+02:00,,0.0,0,Skriverskogen,INN:Line:82,Skriverskogen - Marikollen,B82,bus,INN:ServiceJourney:27365,True,planned,2026-04-25T11:58:21.163701+02:00
NSR:StopPlace:58808,Kongsvinger stasjon,2026-04-25T11:28:00+02:00,2026-04-25T11:29:00+02:00,2026-04-25T11:29:00+02:00,60.0,1,Sykehuset - Bogeråsen,INN:Line:81,Bogeråsen - Rasta,B81,bus,INN:ServiceJourney:27311,True,actual,2026-04-25T11:58:21.163701+02:00
NSR:StopPlace:58808,Kongsvinger stasjon,2026-04-25T11:29:00+02:00,2026-04-25T11:29:25+02:00,2026-04-25T11:29:25+02:00,25.0,1,Marikollen,INN:Line:82,Skriverskogen - Marikollen,B82,bus,INN:ServiceJourney:27364,True,actual,2026-04-25T11:58:21.163701+02:00
NSR:StopPlace:58808,Kongsvinger stasjon,2026-04-25T11:35:00+02:00,2026-04-25T11:35:06+02:00,2026-04-25T11:35:06+02:00,6.0,1,Asker,VYG:Line:R14,Asker-Oslo S-Kongsvinger,R14,rail,VYG:ServiceJourney:1016_442922-R,True,actual,2026-04-25T11:58:21.163701+02:00
NSR:StopPlace:58808,Kongsvinger stasjon,2026-04-25T11:35:00+02:00,2026-04-25T11:35:37+02:00,2026-04-25T11:35:37+02:00,37.0,1,Charlottenberg,INN:Line:120,Kongsvinger - Charlottenberg,120,bus,INN:ServiceJourney:27424,True,actual,2026-04-25T11:58:21.163701+02:00
NSR:StopPlace:58808,Kongsvinger stasjon,2026-04-25T11:38:00+02:00,2026-04-25T11:38:54+02:00,2026-04-25T11:38:54+02:00,54.0,1,Flisa - Hamar,INN:Line:105,Kongsvinger - Elverum - Hamar,105,bus,INN:ServiceJourney:24694,True,actual,2026-04-25T11:58:21.163701+02:00
NSR:StopPlace:58808,Kongsvinger stasjon,2026-04-25T11:58:00+02:00,2026-04-25T11:55:25+02:00,2026-04-25T11:55:25+02:00,-155.0,0,Rasta - Vennersberg,INN:Line:81,Bogeråsen - Rasta,B81,bus,INN:ServiceJourney:27312,True,actual,2026-04-25T11:58:21.163701+02:00
NSR:StopPlace:58808,Kongsvinger stasjon,2026-04-25T11:58:00+02:00,2026-04-25T11:58:00+02:00,,0.0,0,Skriverskogen,INN:Line:82,Skriverskogen - Marikollen,B82,bus,INN:ServiceJourney:27364,True,planned,2026-04-25T11:58:21.163701+02:00
NSR:StopPlace:58808,Kongsvinger stasjon,2026-04-25T11:59:00+02:00,2026-04-25T11:59:00+02:00,,0.0,0,Oslo,SJV:Line:cfac9102-49ef-476c-8663-a6d468ee4f36,Stockholm-Hallsberg-Karlstad-Oslo,70,rail,SJV:ServiceJourney:e794c8ce-6e4a-4fd2-b148-3ae868a8aed9,False,planned,2026-04-25T11:58:21.163701+02:00
NSR:StopPlace:58808,Kongsvinger stasjon,2026-04-25T12:12:00+02:00,2026-04-25T12:12:00+02:00,,0.0,0,Stockholms central,VYG:Line:F1,Oslo S-Kongsvinger--Charlottenberg-Karlstad-Stockholm,F1,rail,VYG:ServiceJourney:8940-LOD_480053-R,True,planned,2026-04-25T11:58:21.163701+02:00
NSR:StopPlace:58808,Kongsvinger stasjon,2026-04-25T12:28:00+02:00,2026-04-25T12:28:00+02:00,,0.0,0,Sykehuset - Bogeråsen,INN:Line:81,Bogeråsen - Rasta,B81,bus,INN:ServiceJourney:27312,True,planned,2026-04-25T11:58:21.163701+02:00
NSR:StopPlace:58808,Kongsvinger stasjon,2026-04-25T12:29:00+02:00,2026-04-25T12:29:00+02:00,,0.0,0,Marikollen,INN:Line:82,Skriverskogen - Marikollen,B82,bus,INN:ServiceJourney:27363,False,planned,2026-04-25T11:58:21.163701+02:00
NSR:StopPlace:58808,Kongsvinger stasjon,2026-04-25T12:35:00+02:00,2026-04-25T12:35:00+02:00,,0.0,0,Asker,VYG:Line:R14,Asker-Oslo S-Kongsvinger,R14,rail,VYG:ServiceJourney:1018_442924-R,True,planned,2026-04-25T11:58:21.163701+02:00
NSR:StopPlace:58808,Kongsvinger stasjon,2026-04-25T12:58:00+02:00,2026-04-25T12:58:00+02:00,,0.0,0,Skriverskogen,INN:Line:82,Skriverskogen - Marikollen,B82,bus,INN:ServiceJourney:27363,False,planned,2026-04-25T11:58:21.163701+02:00
NSR:StopPlace:58808,Kongsvinger stasjon,2026-04-25T12:58:00+02:00,2026-04-25T12:58:00+02:00,,0.0,0,Rasta - Vennersberg,INN:Line:81,Bogeråsen - Rasta,B81,bus,INN:ServiceJourney:27313,False,planned,2026-04-25T11:58:21.163701+02:00
NSR:StopPlace:58808,Kongsvinger stasjon,2026-04-25T12:58:00+02:00,2026-04-25T12:58:00+02:00,,0.0,0,Karlstad-Stockholm,SJV:Line:cfac9102-49ef-476c-8663-a6d468ee4f36,Stockholm-Hallsberg-Karlstad-Oslo,70,rail,SJV:ServiceJourney:e9543df4-7d92-4e69-aa6d-58fd16dc4d35,False,planned,2026-04-25T11:58:21.163701+02:00
NSR:StopPlace:58809,Koppang stasjon,2026-04-25T11:47:00+02:00,2026-04-25T11:47:42+02:00,2026-04-25T11:47:42+02:00,42.0,1,Røros,SJN:Line:25,Rørosbanen,R60,rail,SJN:ServiceJourney:2383_47880-R,True,actual,2026-04-25T11:58:21.163701+02:00
NSR:StopPlace:58810,Løten stasjon,2026-04-25T10:51:00+02:00,2026-04-25T10:51:35+02:00,2026-04-25T10:51:35+02:00,35.0,1,Løten,INN:Line:26,Brumunddal - Hamar - Løten,B26,bus,INN:ServiceJourney:79352,True,actual,2026-04-25T11:58:21.163701+02:00
NSR:StopPlace:58810,Løten stasjon,2026-04-25T11:36:00+02:00,2026-04-25T11:38:13+02:00,2026-04-25T11:38:13+02:00,133.0,1,Hamar - Brumunddal,INN:Line:26,Brumunddal - Hamar - Løten,B26,bus,INN:ServiceJourney:79404,True,actual,2026-04-25T11:58:21.163701+02:00
NSR:StopPlace:58810,Løten stasjon,2026-04-25T11:51:00+02:00,2026-04-25T11:52:16+02:00,2026-04-25T11:52:16+02:00,76.0,1,Løten,INN:Line:26,Brumunddal - Hamar - Løten,B26,bus,INN:ServiceJourney:79353,True,actual,2026-04-25T11:58:21.163701+02:00
NSR:StopPlace:58810,Løten stasjon,2026-04-25T12:36:00+02:00,2026-04-25T12:36:00+02:00,,0.0,0,Hamar - Brumunddal,INN:Line:26,Brumunddal - Hamar - Løten,B26,bus,INN:ServiceJourney:79405,False,planned,2026-04-25T11:58:21.163701+02:00
NSR:StopPlace:58810,Løten stasjon,2026-04-25T12:51:00+02:00,2026-04-25T12:52:41+02:00,,101.0,1,Løten,INN:Line:26,Brumunddal - Hamar - Løten,B26,bus,INN:ServiceJourney:79354,True,expected,2026-04-25T11:58:21.163701+02:00
NSR:StopPlace:58811,Moelv stasjon,2026-04-25T10:37:00+02:00,2026-04-25T10:42:38+02:00,2026-04-25T10:42:38+02:00,338.0,1,Drammen,VYG:Line:RE10,Drammen-Oslo S-Lillehammer,RE10,rail,VYG:ServiceJourney:314-HVE_488405-R,True,actual,2026-04-25T11:58:21.163701+02:00
NSR:StopPlace:58811,Moelv stasjon,2026-04-25T11:18:00+02:00,2026-04-25T11:19:43+02:00,2026-04-25T11:19:43+02:00,103.0,1,Lillehammer,VYG:Line:RE10,Drammen-Oslo S-Lillehammer,RE10,rail,VYG:ServiceJourney:311-SUD_481289-R,True,actual,2026-04-25T11:58:21.163701+02:00
NSR:StopPlace:58811,Moelv stasjon,2026-04-25T11:28:00+02:00,2026-04-25T11:35:16+02:00,2026-04-25T11:35:16+02:00,436.0,1,Gjøvik,INN:Line:100,Elverum - Hamar - Gjøvik,100,bus,INN:ServiceJourney:24556,True,actual,2026-04-25T11:58:21.163701+02:00
NSR:StopPlace:58811,Moelv stasjon,2026-04-25T11:37:00+02:00,2026-04-25T11:37:32+02:00,2026-04-25T11:37:32+02:00,32.0,1,Drammen,VYG:Line:RE10,Drammen-Oslo S-Lillehammer,RE10,rail,VYG:ServiceJourney:316-HVE_488409-R,True,actual,2026-04-25T11:58:21.163701+02:00
NSR:StopPlace:58811,Moelv stasjon,2026-04-25T12:15:00+02:00,2026-04-25T12:15:00+02:00,,0.0,0,Lillehammer,VYG:Line:RE10,Drammen-Oslo S-Lillehammer,RE10,rail,VYG:ServiceJourney:313-SUD_444163-R,True,planned,2026-04-25T11:58:21.163701+02:00
NSR:StopPlace:58811,Moelv stasjon,2026-04-25T12:21:00+02:00,2026-04-25T12:22:04+02:00,,64.0,1,Hamar,INN:Line:100,Elverum - Hamar - Gjøvik,100,bus,INN:ServiceJourney:24572,True,expected,2026-04-25T11:58:21.163701+02:00
NSR:StopPlace:58811,Moelv stasjon,2026-04-25T12:37:00+02:00,2026-04-25T12:37:00+02:00,,0.0,0,Drammen,VYG:Line:RE10,Drammen-Oslo S-Lillehammer,RE10,rail,VYG:ServiceJourney:318_444186-R,True,planned,2026-04-25T11:58:21.163701+02:00
NSR:StopPlace:58812,Os stasjon,2026-04-25T12:31:00+02:00,2026-04-25T12:31:00+02:00,,0.0,0,Hamar,SJN:Line:25,Rørosbanen,R60,rail,SJN:ServiceJourney:2386_44258-R,True,planned,2026-04-25T11:58:21.163701+02:00
NSR:StopPlace:58813,Skarnes stasjon,2026-04-25T10:48:00+02:00,2026-04-25T10:46:49+02:00,2026-04-25T10:46:49+02:00,-71.0,0,Kongsvinger,INN:Line:700,Kongsvinger-Skarnes-Sand,700,bus,INN:ServiceJourney:82218,True,actual,2026-04-25T11:58:21.163701+02:00
NSR:StopPlace:58813,Skarnes stasjon,2026-04-25T10:48:00+02:00,2026-04-25T10:48:25+02:00,2026-04-25T10:48:25+02:00,25.0,1,Asker,VYG:Line:R14,Asker-Oslo S-Kongsvinger,R14,rail,VYG:ServiceJourney:1014_442919-R,True,actual,2026-04-25T11:58:21.163701+02:00
NSR:StopPlace:58813,Skarnes stasjon,2026-04-25T11:07:00+02:00,2026-04-25T11:07:05+02:00,2026-04-25T11:07:05+02:00,5.0,1,Kongsvinger,VYG:Line:R14,Asker-Oslo S-Kongsvinger,R14,rail,VYG:ServiceJourney:1011_442916-R,True,actual,2026-04-25T11:58:21.163701+02:00
NSR:StopPlace:58813,Skarnes stasjon,2026-04-25T11:48:00+02:00,2026-04-25T11:51:47+02:00,2026-04-25T11:51:47+02:00,227.0,1,Asker,VYG:Line:R14,Asker-Oslo S-Kongsvinger,R14,rail,VYG:ServiceJourney:1016_442922-R,True,actual,2026-04-25T11:58:21.163701+02:00
NSR:StopPlace:58813,Skarnes stasjon,2026-04-25T11:49:00+02:00,2026-04-25T11:52:44+02:00,2026-04-25T11:52:44+02:00,224.0,1,Stockholms central,VYG:Line:F1,Oslo S-Kongsvinger--Charlottenberg-Karlstad-Stockholm,F1,rail,VYG:ServiceJourney:8940-LOD_480053-R,True,actual,2026-04-25T11:58:21.163701+02:00
NSR:StopPlace:58813,Skarnes stasjon,2026-04-25T12:07:00+02:00,2026-04-25T12:10:03+02:00,,183.0,1,Kongsvinger,VYG:Line:R14,Asker-Oslo S-Kongsvinger,R14,rail,VYG:ServiceJourney:1013_442918-R,True,expected,2026-04-25T11:58:21.163701+02:00
NSR:StopPlace:58813,Skarnes stasjon,2026-04-25T12:54:00+02:00,2026-04-25T12:54:00+02:00,,0.0,0,Asker,VYG:Line:R14,Asker-Oslo S-Kongsvinger,R14,rail,VYG:ServiceJourney:1018_442924-R,True,planned,2026-04-25T11:58:21.163701+02:00
NSR:StopPlace:58814,Tolga stasjon,2026-04-25T12:44:00+02:00,2026-04-25T12:44:00+02:00,,0.0,0,Hamar,SJN:Line:25,Rørosbanen,R60,rail,SJN:ServiceJourney:2386_44258-R,True,planned,2026-04-25T11:58:21.163701+02:00
NSR:StopPlace:58815,Bleiken stasjon,2026-04-25T11:11:00+02:00,2026-04-25T11:11:00+02:00,,0.0,0,Roa,VYG:Line:R31,Skøyen-Jaren-Gjøvik,R31,rail,VYG:ServiceJourney:214-GJOe_510615-R,True,planned,2026-04-25T11:58:21.163701+02:00
NSR:StopPlace:58815,Bleiken stasjon,2026-04-25T11:28:00+02:00,2026-04-25T11:30:19+02:00,,139.0,1,Gjøvik,VYG:Line:R31,Skøyen-Jaren-Gjøvik,R31,rail,VYG:ServiceJourney:211-ROA_510610-R,True,expected,2026-04-25T11:58:21.163701+02:00
NSR:StopPlace:58815,Bleiken stasjon,2026-04-25T12:11:00+02:00,2026-04-25T12:11:15+02:00,,15.0,1,Roa,VYG:Line:R31,Skøyen-Jaren-Gjøvik,R31,rail,VYG:ServiceJourney:216-GJOe_510619-R,True,expected,2026-04-25T11:58:21.163701+02:00
NSR:StopPlace:58815,Bleiken stasjon,2026-04-25T12:28:00+02:00,2026-04-25T12:28:00+02:00,,0.0,0,Gjøvik,VYG:Line:R31,Skøyen-Jaren-Gjøvik,R31,rail,VYG:ServiceJourney:213-ROA_510614-R,True,planned,2026-04-25T11:58:21.163701+02:00
NSR:StopPlace:58816,Dombås stasjon,2026-04-25T10:59:00+02:00,2026-04-25T11:00:16+02:00,2026-04-25T11:00:16+02:00,76.0,1,Oslo S,SJN:Line:21,Dovrebanen,F6,rail,SJN:ServiceJourney:42-TND_30140-R,True,actual,2026-04-25T11:58:21.163701+02:00
NSR:StopPlace:58816,Dombås stasjon,2026-04-25T12:02:00+02:00,2026-04-25T12:03:24+02:00,,84.0,1,Trondheim S,SJN:Line:21,Dovrebanen,F6,rail,SJN:ServiceJourney:43-LOD_30155-R,True,expected,2026-04-25T11:58:21.163701+02:00
NSR:StopPlace:58816,Dombås stasjon,2026-04-25T12:08:00+02:00,2026-04-25T12:08:00+02:00,,0.0,0,Åndalsnes,SJN:Line:22,Raumabanen,R65,rail,SJN:ServiceJourney:2343_30109-R,False,planned,2026-04-25T11:58:21.163701+02:00
NSR:StopPlace:58817,Eina stasjon,2026-04-25T10:41:00+02:00,2026-04-25T10:43:00+02:00,2026-04-25T10:43:00+02:00,120.0,1,Gjøvik korr. til Lillehammer,INN:Line:103,Lillehammer-Gjøvik-Hønefoss,103,bus,INN:ServiceJourney:24455,True,actual,2026-04-25T11:58:21.163701+02:00
NSR:StopPlace:58817,Eina stasjon,2026-04-25T10:44:00+02:00,2026-04-25T10:45:10+02:00,2026-04-25T10:45:10+02:00,70.0,1,Gjøvik,VYG:Line:R31,Skøyen-Jaren-Gjøvik,R31,rail,VYG:ServiceJourney:209-ROA_510606-R,True,actual,2026-04-25T11:58:21.163701+02:00
NSR:StopPlace:58817,Eina stasjon,2026-04-25T10:56:00+02:00,2026-04-25T10:56:26+02:00,2026-04-25T10:56:26+02:00,26.0,1,Roa,VYG:Line:R31,Skøyen-Jaren-Gjøvik,R31,rail,VYG:ServiceJourney:214-GJOe_510615-R,True,actual,2026-04-25T11:58:21.163701+02:00
NSR:StopPlace:58817,Eina stasjon,2026-04-25T11:44:00+02:00,2026-04-25T11:45:48+02:00,2026-04-25T11:45:48+02:00,108.0,1,Gjøvik,VYG:Line:R31,Skøyen-Jaren-Gjøvik,R31,rail,VYG:ServiceJourney:211-ROA_510610-R,True,actual,2026-04-25T11:58:21.163701+02:00
NSR:StopPlace:58817,Eina stasjon,2026-04-25T11:56:00+02:00,2026-04-25T11:57:02+02:00,2026-04-25T11:57:02+02:00,62.0,1,Roa,VYG:Line:R31,Skøyen-Jaren-Gjøvik,R31,rail,VYG:ServiceJourney:216-GJOe_510619-R,True,actual,2026-04-25T11:58:21.163701+02:00
NSR:StopPlace:58817,Eina stasjon,2026-04-25T12:44:00+02:00,2026-04-25T12:44:00+02:00,,0.0,0,Gjøvik,VYG:Line:R31,Skøyen-Jaren-Gjøvik,R31,rail,VYG:ServiceJourney:213-ROA_510614-R,True,planned,2026-04-25T11:58:21.163701+02:00
NSR:StopPlace:58817,Eina stasjon,2026-04-25T12:56:00+02:00,2026-04-25T12:56:00+02:00,,0.0,0,Roa,VYG:Line:R31,Skøyen-Jaren-Gjøvik,R31,rail,VYG:ServiceJourney:218-GJOe_510623-R,True,planned,2026-04-25T11:58:21.163701+02:00
NSR:StopPlace:58818,Gran stasjon,2026-04-25T11:15:00+02:00,2026-04-25T11:16:00+02:00,,60.0,1,Gjøvik,VYG:Line:R31,Skøyen-Jaren-Gjøvik,R31,rail,VYG:ServiceJourney:211-ROA_510610-R,True,expected,2026-04-25T11:58:21.163701+02:00
NSR:StopPlace:58818,Gran stasjon,2026-04-25T11:19:00+02:00,2026-04-25T11:22:24+02:00,,204.0,1,Servicebuss,INN:Line:460,Servicebuss Brandbu-Gran,460,bus,INN:ServiceJourney:75730,True,expected,2026-04-25T11:58:21.163701+02:00
NSR:StopPlace:58818,Gran stasjon,2026-04-25T11:25:00+02:00,2026-04-25T11:25:42+02:00,,42.0,1,Roa,VYG:Line:R31,Skøyen-Jaren-Gjøvik,R31,rail,VYG:ServiceJourney:214-GJOe_510615-R,True,expected,2026-04-25T11:58:21.163701+02:00
NSR:StopPlace:58818,Gran stasjon,2026-04-25T12:15:00+02:00,2026-04-25T12:15:00+02:00,,0.0,0,Gjøvik,VYG:Line:R31,Skøyen-Jaren-Gjøvik,R31,rail,VYG:ServiceJourney:213-ROA_510614-R,True,planned,2026-04-25T11:58:21.163701+02:00
NSR:StopPlace:58818,Gran stasjon,2026-04-25T12:25:00+02:00,2026-04-25T12:25:00+02:00,,0.0,0,Roa,VYG:Line:R31,Skøyen-Jaren-Gjøvik,R31,rail,VYG:ServiceJourney:216-GJOe_510619-R,True,planned,2026-04-25T11:58:21.163701+02:00
NSR:StopPlace:58818,Gran stasjon,2026-04-25T12:47:00+02:00,2026-04-25T12:47:00+02:00,,0.0,0,Servicebuss,INN:Line:460,Servicebuss Brandbu-Gran,460,bus,INN:ServiceJourney:75737,True,planned,2026-04-25T11:58:21.163701+02:00
NSR:StopPlace:58819,Grua stasjon,2026-04-25T10:45:00+02:00,2026-04-25T10:47:41+02:00,,161.0,1,Roa,VYG:Line:R31,Skøyen-Jaren-Gjøvik,R31,rail,VYG:ServiceJourney:BUS-211_531750-R,True,expected,2026-04-25T11:58:21.163701+02:00
NSR:StopPlace:58819,Grua stasjon,2026-04-25T10:48:00+02:00,2026-04-25T10:48:00+02:00,,0.0,0,Oslo S,VYG:Line:R31,Skøyen-Jaren-Gjøvik,R31,rail,VYG:ServiceJourney:BUS-212_531754-R,False,planned,2026-04-25T11:58:21.163701+02:00
NSR:StopPlace:58819,Grua stasjon,2026-04-25T11:34:00+02:00,2026-04-25T11:34:00+02:00,,0.0,0,Roa,VYG:Line:R31,Skøyen-Jaren-Gjøvik,R31,rail,VYG:ServiceJourney:BUS-213_531759-R,False,planned,2026-04-25T11:58:21.163701+02:00
NSR:StopPlace:58819,Grua stasjon,2026-04-25T11:35:00+02:00,2026-04-25T11:36:30+02:00,2026-04-25T11:36:30+02:00,90.0,1,Harestua,INN:Line:112,Brandbu-Gran-Harestua,112,bus,INN:ServiceJourney:25056,True,actual,2026-04-25T11:58:21.163701+02:00
NSR:StopPlace:58819,Grua stasjon,2026-04-25T11:48:00+02:00,2026-04-25T11:48:00+02:00,,0.0,0,Oslo S,VYG:Line:R31,Skøyen-Jaren-Gjøvik,R31,rail,VYG:ServiceJourney:BUS-214_531765-R,False,planned,2026-04-25T11:58:21.163701+02:00
NSR:StopPlace:58819,Grua stasjon,2026-04-25T11:45:00+02:00,2026-04-25T12:05:05+02:00,,1205.0,1,Roa,VYG:Line:R31,Skøyen-Jaren-Gjøvik,R31,rail,VYG:ServiceJourney:BUS-213_531761-R,True,expected,2026-04-25T11:58:21.163701+02:00
NSR:StopPlace:58819,Grua stasjon,2026-04-25T12:11:00+02:00,2026-04-25T12:11:00+02:00,,0.0,0,Brandbu via Mohagen,INN:Line:112,Brandbu-Gran-Harestua,112,bus,INN:ServiceJourney:29715,True,planned,2026-04-25T11:58:21.163701+02:00
NSR:StopPlace:58819,Grua stasjon,2026-04-25T12:34:00+02:00,2026-04-25T12:34:00+02:00,,0.0,0,Roa,VYG:Line:R31,Skøyen-Jaren-Gjøvik,R31,rail,VYG:ServiceJourney:BUS-215_531770-R,False,planned,2026-04-25T11:58:21.163701+02:00
NSR:StopPlace:58819,Grua stasjon,2026-04-25T12:48:00+02:00,2026-04-25T12:48:00+02:00,,0.0,0,Oslo S,VYG:Line:R31,Skøyen-Jaren-Gjøvik,R31,rail,VYG:ServiceJourney:BUS-216_581417-R,False,planned,2026-04-25T11:58:21.163701+02:00
NSR:StopPlace:58820,Harestua stasjon,2026-04-25T10:47:00+02:00,2026-04-25T10:47:36+02:00,2026-04-25T10:47:36+02:00,36.0,1,Oslo S,VYG:Line:R31,Skøyen-Jaren-Gjøvik,R31,rail,VYG:ServiceJourney:BUS-212_531755-R,True,actual,2026-04-25T11:58:21.163701+02:00
NSR:StopPlace:58820,Harestua stasjon,2026-04-25T11:01:00+02:00,2026-04-25T11:01:00+02:00,,0.0,0,Oslo S,VYG:Line:R31,Skøyen-Jaren-Gjøvik,R31,rail,VYG:ServiceJourney:BUS-212_531754-R,False,planned,2026-04-25T11:58:21.163701+02:00
NSR:StopPlace:58820,Harestua stasjon,2026-04-25T11:24:00+02:00,2026-04-25T11:24:00+02:00,,0.0,0,Roa,VYG:Line:R31,Skøyen-Jaren-Gjøvik,R31,rail,VYG:ServiceJourney:BUS-213_531759-R,False,planned,2026-04-25T11:58:21.163701+02:00
NSR:StopPlace:58820,Harestua stasjon,2026-04-25T11:47:00+02:00,2026-04-25T11:47:48+02:00,2026-04-25T11:47:48+02:00,48.0,1,Oslo S,VYG:Line:R31,Skøyen-Jaren-Gjøvik,R31,rail,VYG:ServiceJourney:BUS-214_531766-R,True,actual,2026-04-25T11:58:21.163701+02:00
NSR:StopPlace:58820,Harestua stasjon,2026-04-25T11:35:00+02:00,2026-04-25T11:52:33+02:00,2026-04-25T11:52:33+02:00,1053.0,1,Roa,VYG:Line:R31,Skøyen-Jaren-Gjøvik,R31,rail,VYG:ServiceJourney:BUS-213_531761-R,True,actual,2026-04-25T11:58:21.163701+02:00
NSR:StopPlace:58820,Harestua stasjon,2026-04-25T12:01:00+02:00,2026-04-25T12:01:00+02:00,,0.0,0,Oslo S,VYG:Line:R31,Skøyen-Jaren-Gjøvik,R31,rail,VYG:ServiceJourney:BUS-214_531765-R,False,planned,2026-04-25T11:58:21.163701+02:00
NSR:StopPlace:58820,Harestua stasjon,2026-04-25T12:24:00+02:00,2026-04-25T12:24:00+02:00,,0.0,0,Roa,VYG:Line:R31,Skøyen-Jaren-Gjøvik,R31,rail,VYG:ServiceJourney:BUS-215_531770-R,False,planned,2026-04-25T11:58:21.163701+02:00
NSR:StopPlace:58820,Harestua stasjon,2026-04-25T12:47:00+02:00,2026-04-25T12:47:00+02:00,,0.0,0,Oslo S,VYG:Line:R31,Skøyen-Jaren-Gjøvik,R31,rail,VYG:ServiceJourney:BUS-216_531777-R,False,planned,2026-04-25T11:58:21.163701+02:00
NSR:StopPlace:58820,Harestua stasjon,2026-04-25T12:35:00+02:00,2026-04-25T12:47:51+02:00,,771.0,1,Roa,VYG:Line:R31,Skøyen-Jaren-Gjøvik,R31,rail,VYG:ServiceJourney:BUS-215_531772-R,True,expected,2026-04-25T11:58:21.163701+02:00
NSR:StopPlace:58821,Hjerkinn stasjon,2026-04-25T12:28:00+02:00,2026-04-25T12:28:00+02:00,,0.0,0,Trondheim S,SJN:Line:21,Dovrebanen,F6,rail,SJN:ServiceJourney:43-LOD_30155-R,True,planned,2026-04-25T11:58:21.163701+02:00
NSR:StopPlace:58822,Opphus stasjon,2026-04-25T11:19:00+02:00,2026-04-25T11:20:27+02:00,2026-04-25T11:20:27+02:00,87.0,1,Røros,SJN:Line:25,Rørosbanen,R60,rail,SJN:ServiceJourney:2383_47880-R,True,actual,2026-04-25T11:58:21.163701+02:00
NSR:StopPlace:58823,Jaren stasjon,2026-04-25T11:10:00+02:00,2026-04-25T11:13:39+02:00,2026-04-25T11:13:39+02:00,219.0,1,Servicebuss,INN:Line:460,Servicebuss Brandbu-Gran,460,bus,INN:ServiceJourney:75730,True,actual,2026-04-25T11:58:21.163701+02:00
NSR:StopPlace:58823,Jaren stasjon,2026-04-25T11:20:00+02:00,2026-04-25T11:20:18+02:00,2026-04-25T11:20:18+02:00,18.0,1,Roa,VYG:Line:R31,Skøyen-Jaren-Gjøvik,R31,rail,VYG:ServiceJourney:214-GJOe_510615-R,True,actual,2026-04-25T11:58:21.163701+02:00
NSR:StopPlace:58823,Jaren stasjon,2026-04-25T11:21:00+02:00,2026-04-25T11:21:30+02:00,2026-04-25T11:21:30+02:00,30.0,1,Gjøvik,VYG:Line:R31,Skøyen-Jaren-Gjøvik,R31,rail,VYG:ServiceJourney:211-ROA_510610-R,True,actual,2026-04-25T11:58:21.163701+02:00
NSR:StopPlace:58823,Jaren stasjon,2026-04-25T12:20:00+02:00,2026-04-25T12:20:00+02:00,,0.0,0,Roa,VYG:Line:R31,Skøyen-Jaren-Gjøvik,R31,rail,VYG:ServiceJourney:216-GJOe_510619-R,True,planned,2026-04-25T11:58:21.163701+02:00
NSR:StopPlace:58823,Jaren stasjon,2026-04-25T12:21:00+02:00,2026-04-25T12:21:00+02:00,,0.0,0,Gjøvik,VYG:Line:R31,Skøyen-Jaren-Gjøvik,R31,rail,VYG:ServiceJourney:213-ROA_510614-R,True,planned,2026-04-25T11:58:21.163701+02:00
NSR:StopPlace:58824,Lunner stasjon,2026-04-25T11:09:00+02:00,2026-04-25T11:09:00+02:00,,0.0,0,Gjøvik,VYG:Line:R31,Skøyen-Jaren-Gjøvik,R31,rail,VYG:ServiceJourney:211-ROA_510610-R,True,planned,2026-04-25T11:58:21.163701+02:00
NSR:StopPlace:58824,Lunner stasjon,2026-04-25T11:31:00+02:00,2026-04-25T11:31:00+02:00,,0.0,0,Roa,VYG:Line:R31,Skøyen-Jaren-Gjøvik,R31,rail,VYG:ServiceJourney:214-GJOe_510615-R,True,planned,2026-04-25T11:58:21.163701+02:00
NSR:StopPlace:58824,Lunner stasjon,2026-04-25T12:09:00+02:00,2026-04-25T12:09:00+02:00,,0.0,0,Gjøvik,VYG:Line:R31,Skøyen-Jaren-Gjøvik,R31,rail,VYG:ServiceJourney:213-ROA_510614-R,True,planned,2026-04-25T11:58:21.163701+02:00
NSR:StopPlace:58824,Lunner stasjon,2026-04-25T12:31:00+02:00,2026-04-25T12:31:00+02:00,,0.0,0,Roa,VYG:Line:R31,Skøyen-Jaren-Gjøvik,R31,rail,VYG:ServiceJourney:216-GJOe_510619-R,True,planned,2026-04-25T11:58:21.163701+02:00
NSR:StopPlace:58825,Raufoss stasjon,2026-04-25T10:41:00+02:00,2026-04-25T10:43:28+02:00,2026-04-25T10:43:28+02:00,148.0,1,Lena,INN:Line:47,Lena-Kapp-Gjøvik-Raufoss-Lena,B47,bus,INN:ServiceJourney:25742,True,actual,2026-04-25T11:58:21.163701+02:00
NSR:StopPlace:58825,Raufoss stasjon,2026-04-25T10:45:00+02:00,2026-04-25T10:45:13+02:00,,13.0,1,Roa,VYG:Line:R31,Skøyen-Jaren-Gjøvik,R31,rail,VYG:ServiceJourney:214-GJOe_510615-R,True,expected,2026-04-25T11:58:21.163701+02:00
NSR:StopPlace:58825,Raufoss stasjon,2026-04-25T10:45:00+02:00,2026-04-25T10:45:31+02:00,2026-04-25T10:45:31+02:00,31.0,1,Gjøvik-Kapp,INN:Line:46,Lena-Raufoss-Gjøvik-Kapp-Lena,B46,bus,INN:ServiceJourney:25559,True,actual,2026-04-25T11:58:21.163701+02:00
NSR:StopPlace:58825,Raufoss stasjon,2026-04-25T10:54:00+02:00,2026-04-25T10:55:30+02:00,,90.0,1,Gjøvik korr. til Lillehammer,INN:Line:103,Lillehammer-Gjøvik-Hønefoss,103,bus,INN:ServiceJourney:24455,True,expected,2026-04-25T11:58:21.163701+02:00
NSR:StopPlace:58825,Raufoss stasjon,2026-04-25T10:56:00+02:00,2026-04-25T10:56:00+02:00,,0.0,0,Gjøvik,VYG:Line:R31,Skøyen-Jaren-Gjøvik,R31,rail,VYG:ServiceJourney:209-ROA_510606-R,True,planned,2026-04-25T11:58:21.163701+02:00
NSR:StopPlace:58825,Raufoss stasjon,2026-04-25T11:41:00+02:00,2026-04-25T11:42:05+02:00,2026-04-25T11:42:05+02:00,65.0,1,Lena,INN:Line:47,Lena-Kapp-Gjøvik-Raufoss-Lena,B47,bus,INN:ServiceJourney:25743,True,actual,2026-04-25T11:58:21.163701+02:00
NSR:StopPlace:58825,Raufoss stasjon,2026-04-25T11:45:00+02:00,2026-04-25T11:45:41+02:00,2026-04-25T11:45:41+02:00,41.0,1,Gjøvik-Kapp,INN:Line:46,Lena-Raufoss-Gjøvik-Kapp-Lena,B46,bus,INN:ServiceJourney:25560,True,actual,2026-04-25T11:58:21.163701+02:00
NSR:StopPlace:58825,Raufoss stasjon,2026-04-25T11:45:00+02:00,2026-04-25T11:46:09+02:00,,69.0,1,Roa,VYG:Line:R31,Skøyen-Jaren-Gjøvik,R31,rail,VYG:ServiceJourney:216-GJOe_510619-R,True,expected,2026-04-25T11:58:21.163701+02:00
NSR:StopPlace:58825,Raufoss stasjon,2026-04-25T11:56:00+02:00,2026-04-25T11:56:39+02:00,,39.0,1,Gjøvik,VYG:Line:R31,Skøyen-Jaren-Gjøvik,R31,rail,VYG:ServiceJourney:211-ROA_510610-R,True,expected,2026-04-25T11:58:21.163701+02:00
NSR:StopPlace:58825,Raufoss stasjon,2026-04-25T12:32:00+02:00,2026-04-25T12:32:00+02:00,,0.0,0,Hov o/Trevatn,INN:Line:480,Hov-Trevatn-Gjøvik,480,bus,INN:ServiceJourney:75194,False,planned,2026-04-25T11:58:21.163701+02:00
NSR:StopPlace:58825,Raufoss stasjon,2026-04-25T12:41:00+02:00,2026-04-25T12:41:00+02:00,,0.0,0,Lena,INN:Line:47,Lena-Kapp-Gjøvik-Raufoss-Lena,B47,bus,INN:ServiceJourney:25744,True,planned,2026-04-25T11:58:21.163701+02:00
NSR:StopPlace:58825,Raufoss stasjon,2026-04-25T12:45:00+02:00,2026-04-25T12:45:00+02:00,,0.0,0,Roa,VYG:Line:R31,Skøyen-Jaren-Gjøvik,R31,rail,VYG:ServiceJourney:218-GJOe_510623-R,True,planned,2026-04-25T11:58:21.163701+02:00
NSR:StopPlace:58825,Raufoss stasjon,2026-04-25T12:45:00+02:00,2026-04-25T12:45:00+02:00,,0.0,0,Gjøvik-Kapp,INN:Line:46,Lena-Raufoss-Gjøvik-Kapp-Lena,B46,bus,INN:ServiceJourney:25561,False,planned,2026-04-25T11:58:21.163701+02:00
NSR:StopPlace:58825,Raufoss stasjon,2026-04-25T12:56:00+02:00,2026-04-25T12:56:00+02:00,,0.0,0,Gjøvik,VYG:Line:R31,Skøyen-Jaren-Gjøvik,R31,rail,VYG:ServiceJourney:213-ROA_510614-R,True,planned,2026-04-25T11:58:21.163701+02:00
NSR:StopPlace:58826,Reinsvoll stasjon,2026-04-25T10:50:00+02:00,2026-04-25T10:50:39+02:00,2026-04-25T10:50:39+02:00,39.0,1,Roa,VYG:Line:R31,Skøyen-Jaren-Gjøvik,R31,rail,VYG:ServiceJourney:214-GJOe_510615-R,True,actual,2026-04-25T11:58:21.163701+02:00
NSR:StopPlace:58826,Reinsvoll stasjon,2026-04-25T10:51:00+02:00,2026-04-25T10:51:46+02:00,2026-04-25T10:51:46+02:00,46.0,1,Gjøvik,VYG:Line:R31,Skøyen-Jaren-Gjøvik,R31,rail,VYG:ServiceJourney:209-ROA_510606-R,True,actual,2026-04-25T11:58:21.163701+02:00
NSR:StopPlace:58826,Reinsvoll stasjon,2026-04-25T10:50:00+02:00,2026-04-25T10:51:46+02:00,2026-04-25T10:51:46+02:00,106.0,1,Lena,INN:Line:47,Lena-Kapp-Gjøvik-Raufoss-Lena,B47,bus,INN:ServiceJourney:25742,True,actual,2026-04-25T11:58:21.163701+02:00
NSR:StopPlace:58826,Reinsvoll stasjon,2026-04-25T11:33:00+02:00,2026-04-25T11:34:10+02:00,2026-04-25T11:34:10+02:00,70.0,1,Raufoss-Gjøvik,INN:Line:46,Lena-Raufoss-Gjøvik-Kapp-Lena,B46,bus,INN:ServiceJourney:25560,True,actual,2026-04-25T11:58:21.163701+02:00
NSR:StopPlace:58826,Reinsvoll stasjon,2026-04-25T11:50:00+02:00,2026-04-25T11:50:51+02:00,2026-04-25T11:50:51+02:00,51.0,1,Lena,INN:Line:47,Lena-Kapp-Gjøvik-Raufoss-Lena,B47,bus,INN:ServiceJourney:25743,True,actual,2026-04-25T11:58:21.163701+02:00
NSR:StopPlace:58826,Reinsvoll stasjon,2026-04-25T11:50:00+02:00,2026-04-25T11:51:25+02:00,2026-04-25T11:51:25+02:00,85.0,1,Roa,VYG:Line:R31,Skøyen-Jaren-Gjøvik,R31,rail,VYG:ServiceJourney:216-GJOe_510619-R,True,actual,2026-04-25T11:58:21.163701+02:00
NSR:StopPlace:58826,Reinsvoll stasjon,2026-04-25T11:51:00+02:00,2026-04-25T11:51:44+02:00,2026-04-25T11:51:44+02:00,44.0,1,Gjøvik,VYG:Line:R31,Skøyen-Jaren-Gjøvik,R31,rail,VYG:ServiceJourney:211-ROA_510610-R,True,actual,2026-04-25T11:58:21.163701+02:00
NSR:StopPlace:58826,Reinsvoll stasjon,2026-04-25T12:33:00+02:00,2026-04-25T12:33:00+02:00,,0.0,0,Raufoss-Gjøvik,INN:Line:46,Lena-Raufoss-Gjøvik-Kapp-Lena,B46,bus,INN:ServiceJourney:25561,False,planned,2026-04-25T11:58:21.163701+02:00
NSR:StopPlace:58826,Reinsvoll stasjon,2026-04-25T12:50:00+02:00,2026-04-25T12:50:00+02:00,,0.0,0,Roa,VYG:Line:R31,Skøyen-Jaren-Gjøvik,R31,rail,VYG:ServiceJourney:218-GJOe_510623-R,True,planned,2026-04-25T11:58:21.163701+02:00
NSR:StopPlace:58826,Reinsvoll stasjon,2026-04-25T12:50:00+02:00,2026-04-25T12:50:00+02:00,,0.0,0,Lena,INN:Line:47,Lena-Kapp-Gjøvik-Raufoss-Lena,B47,bus,INN:ServiceJourney:25744,True,planned,2026-04-25T11:58:21.163701+02:00
NSR:StopPlace:58826,Reinsvoll stasjon,2026-04-25T12:51:00+02:00,2026-04-25T12:51:00+02:00,,0.0,0,Gjøvik,VYG:Line:R31,Skøyen-Jaren-Gjøvik,R31,rail,VYG:ServiceJourney:213-ROA_510614-R,True,planned,2026-04-25T11:58:21.163701+02:00
NSR:StopPlace:58827,Stai stasjon,2026-04-25T11:37:00+02:00,2026-04-25T11:37:00+02:00,,0.0,0,Røros,SJN:Line:25,Rørosbanen,R60,rail,SJN:ServiceJourney:2383_47880-R,True,planned,2026-04-25T11:58:21.163701+02:00
NSR:StopPlace:58828,Roa stasjon,2026-04-25T10:41:00+02:00,2026-04-25T10:44:05+02:00,2026-04-25T10:44:05+02:00,185.0,1,Oslo S,VYG:Line:R31,Skøyen-Jaren-Gjøvik,R31,rail,VYG:ServiceJourney:825ccbb3-b062-4c1c-b24c-dd0f3bd07781-212-2026-04-25-0,True,actual,2026-04-25T11:58:21.163701+02:00
NSR:StopPlace:58828,Roa stasjon,2026-04-25T10:41:00+02:00,2026-04-25T10:44:16+02:00,2026-04-25T10:44:16+02:00,196.0,1,Oslo S,VYG:Line:R31,Skøyen-Jaren-Gjøvik,R31,rail,VYG:ServiceJourney:BUS-212_531753-R,True,actual,2026-04-25T11:58:21.163701+02:00
NSR:StopPlace:58828,Roa stasjon,2026-04-25T11:05:00+02:00,2026-04-25T11:05:35+02:00,2026-04-25T11:05:35+02:00,35.0,1,Gjøvik,VYG:Line:R31,Skøyen-Jaren-Gjøvik,R31,rail,VYG:ServiceJourney:211-ROA_510610-R,True,actual,2026-04-25T11:58:21.163701+02:00
NSR:StopPlace:58828,Roa stasjon,2026-04-25T11:41:00+02:00,2026-04-25T11:41:00+02:00,,0.0,0,Oslo S,VYG:Line:R31,Skøyen-Jaren-Gjøvik,R31,rail,VYG:ServiceJourney:BUS-214_531765-R,False,planned,2026-04-25T11:58:21.163701+02:00
NSR:StopPlace:58828,Roa stasjon,2026-04-25T11:41:00+02:00,2026-04-25T11:41:13+02:00,2026-04-25T11:41:13+02:00,13.0,1,Oslo S,VYG:Line:R31,Skøyen-Jaren-Gjøvik,R31,rail,VYG:ServiceJourney:BUS-214_531764-R,True,actual,2026-04-25T11:58:21.163701+02:00
NSR:StopPlace:58828,Roa stasjon,2026-04-25T12:05:00+02:00,2026-04-25T12:05:00+02:00,,0.0,0,Gjøvik,VYG:Line:R31,Skøyen-Jaren-Gjøvik,R31,rail,VYG:ServiceJourney:213-ROA_510614-R,True,planned,2026-04-25T11:58:21.163701+02:00
NSR:StopPlace:58828,Roa stasjon,2026-04-25T12:41:00+02:00,2026-04-25T12:41:00+02:00,,0.0,0,Oslo S,VYG:Line:R31,Skøyen-Jaren-Gjøvik,R31,rail,VYG:ServiceJourney:BUS-216_531775-R,False,planned,2026-04-25T11:58:21.163701+02:00
NSR:StopPlace:58828,Roa stasjon,2026-04-25T12:41:00+02:00,2026-04-25T12:41:00+02:00,,0.0,0,Oslo S,VYG:Line:R31,Skøyen-Jaren-Gjøvik,R31,rail,VYG:ServiceJourney:BUS-216_581417-R,False,planned,2026-04-25T11:58:21.163701+02:00
NSR:StopPlace:58828,Roa stasjon,2026-04-25T12:41:00+02:00,2026-04-25T12:41:00+02:00,,0.0,0,Oslo S,VYG:Line:R31,Skøyen-Jaren-Gjøvik,R31,rail,VYG:ServiceJourney:BUS-216_531776-R,False,planned,2026-04-25T11:58:21.163701+02:00
NSR:StopPlace:58829,Stryken stasjon,2026-04-25T11:27:00+02:00,2026-04-25T11:38:51+02:00,,711.0,1,Roa,VYG:Line:R31,Skøyen-Jaren-Gjøvik,R31,rail,VYG:ServiceJourney:BUS-213_531761-R,True,expected,2026-04-25T11:58:21.163701+02:00
NSR:StopPlace:58829,Stryken stasjon,2026-04-25T12:27:00+02:00,2026-04-25T12:38:36+02:00,,696.0,1,Roa,VYG:Line:R31,Skøyen-Jaren-Gjøvik,R31,rail,VYG:ServiceJourney:BUS-215_531772-R,True,expected,2026-04-25T11:58:21.163701+02:00
NSR:StopPlace:63079,Skeiane stasjon,2026-04-25T10:42:00+02:00,2026-04-25T10:42:43+02:00,2026-04-25T10:42:43+02:00,43.0,1,Nærbø,GOA:Line:59,Jærbanen,L5,rail,GOA:ServiceJourney:3026_63060-R,True,actual,2026-04-25T11:58:21.163701+02:00
NSR:StopPlace:63079,Skeiane stasjon,2026-04-25T11:12:00+02:00,2026-04-25T11:12:33+02:00,2026-04-25T11:12:33+02:00,33.0,1,Stavanger,GOA:Line:59,Jærbanen,L5,rail,GOA:ServiceJourney:3025_63059-R,True,actual,2026-04-25T11:58:21.163701+02:00
NSR:StopPlace:63079,Skeiane stasjon,2026-04-25T11:12:00+02:00,2026-04-25T11:12:35+02:00,2026-04-25T11:12:35+02:00,35.0,1,Egersund,GOA:Line:59,Jærbanen,L5,rail,GOA:ServiceJourney:3028_63064-R,True,actual,2026-04-25T11:58:21.163701+02:00
NSR:StopPlace:63079,Skeiane stasjon,2026-04-25T11:42:00+02:00,2026-04-25T11:42:13+02:00,2026-04-25T11:42:13+02:00,13.0,1,Stavanger,GOA:Line:59,Jærbanen,L5,rail,GOA:ServiceJourney:3027_63062-R,True,actual,2026-04-25T11:58:21.163701+02:00
NSR:StopPlace:63079,Skeiane stasjon,2026-04-25T11:42:00+02:00,2026-04-25T11:42:16+02:00,2026-04-25T11:42:16+02:00,16.0,1,Nærbø,GOA:Line:59,Jærbanen,L5,rail,GOA:ServiceJourney:3030_63066-R,True,actual,2026-04-25T11:58:21.163701+02:00
NSR:StopPlace:63079,Skeiane stasjon,2026-04-25T12:12:00+02:00,2026-04-25T12:12:10+02:00,,10.0,1,Egersund,GOA:Line:59,Jærbanen,L5,rail,GOA:ServiceJourney:3032_63069-R,True,expected,2026-04-25T11:58:21.163701+02:00
NSR:StopPlace:63079,Skeiane stasjon,2026-04-25T12:12:00+02:00,2026-04-25T12:16:20+02:00,,260.0,1,Stavanger,GOA:Line:59,Jærbanen,L5,rail,GOA:ServiceJourney:3029_63065-R,True,expected,2026-04-25T11:58:21.163701+02:00
NSR:StopPlace:63079,Skeiane stasjon,2026-04-25T12:41:00+02:00,2026-04-25T12:41:00+02:00,,0.0,0,Stavanger,GOA:Line:59,Jærbanen,L5,rail,GOA:ServiceJourney:3031_63068-R,False,planned,2026-04-25T11:58:21.163701+02:00
NSR:StopPlace:63079,Skeiane stasjon,2026-04-25T12:42:00+02:00,2026-04-25T12:42:00+02:00,,0.0,0,Nærbø,GOA:Line:59,Jærbanen,L5,rail,GOA:ServiceJourney:3034_63071-R,False,planned,2026-04-25T11:58:21.163701+02:00
NSR:StopPlace:63199,Riksgränsen station,2026-04-25T11:50:00+02:00,2026-04-25T11:50:00+02:00,,0.0,0,Narvik,SJV:Line:0ff9f2b9-fbe5-4761-8a29-8813be35efaa,Stockholm-Narvik (-Luleå),,rail,SJV:ServiceJourney:49e596e3-fc29-4fda-a748-69c20d266c77,False,planned,2026-04-25T11:58:21.163701+02:00
NSR:StopPlace:63197,Abisko turiststation,2026-04-25T11:03:00+02:00,2026-04-25T11:03:00+02:00,,0.0,0,Narvik,SJV:Line:0ff9f2b9-fbe5-4761-8a29-8813be35efaa,Stockholm-Narvik (-Luleå),,rail,SJV:ServiceJourney:49e596e3-fc29-4fda-a748-69c20d266c77,False,planned,2026-04-25T11:58:21.163701+02:00
NSR:StopPlace:63194,Mölndal station,2026-04-25T10:57:00+02:00,2026-04-25T10:57:00+02:00,,0.0,0,Göteborg C,SAM:Line:9011012080400000,Ø Göteborg - Halmstad - Helsingborg - Malmö - Købe,,rail,SAM:ServiceJourney:121120000386161634,False,planned,2026-04-25T11:58:21.163701+02:00
NSR:StopPlace:63194,Mölndal station,2026-04-25T11:02:00+02:00,2026-04-25T11:02:00+02:00,,0.0,0,Østerport,SAM:Line:9011012080400000,Ø Göteborg - Halmstad - Helsingborg - Malmö - Købe,,rail,SAM:ServiceJourney:121120000386161227,False,planned,2026-04-25T11:58:21.163701+02:00
NSR:StopPlace:63194,Mölndal station,2026-04-25T11:40:00+02:00,2026-04-25T11:40:00+02:00,,0.0,0,Malmö C,SNT:Line:15931205-7b69-51de-bac7-18d4acc5c6f5,Malmö C,IC,rail,SNT:ServiceJourney:401b78f9-a27d-5233-98a4-d34a4fa9663c_be6b110d-66b5-51e6-8377-ebc919e6d9d8,False,planned,2026-04-25T11:58:21.163701+02:00
NSR:StopPlace:63194,Mölndal station,2026-04-25T11:57:00+02:00,2026-04-25T11:57:00+02:00,,0.0,0,Göteborg C,SAM:Line:9011012080400000,Ø Göteborg - Halmstad - Helsingborg - Malmö - Købe,,rail,SAM:ServiceJourney:121120000386161692,False,planned,2026-04-25T11:58:21.163701+02:00
NSR:StopPlace:63194,Mölndal station,2026-04-25T12:02:00+02:00,2026-04-25T12:02:00+02:00,,0.0,0,Østerport,SAM:Line:9011012080400000,Ø Göteborg - Halmstad - Helsingborg - Malmö - Købe,,rail,SAM:ServiceJourney:121120000386161257,False,planned,2026-04-25T11:58:21.163701+02:00
NSR:StopPlace:63194,Mölndal station,2026-04-25T12:57:00+02:00,2026-04-25T12:57:00+02:00,,0.0,0,Göteborg C,SAM:Line:9011012080400000,Ø Göteborg - Halmstad - Helsingborg - Malmö - Købe,,rail,SAM:ServiceJourney:121120000386161971,False,planned,2026-04-25T11:58:21.163701+02:00
NSR:StopPlace:63355,Björkliden station,2026-04-25T11:12:00+02:00,2026-04-25T11:12:00+02:00,,0.0,0,Narvik,SJV:Line:0ff9f2b9-fbe5-4761-8a29-8813be35efaa,Stockholm-Narvik (-Luleå),,rail,SJV:ServiceJourney:49e596e3-fc29-4fda-a748-69c20d266c77,False,planned,2026-04-25T11:58:21.163701+02:00
NSR:StopPlace:63395,Vassijaure station,2026-04-25T11:36:00+02:00,2026-04-25T11:36:00+02:00,,0.0,0,Narvik,SJV:Line:0ff9f2b9-fbe5-4761-8a29-8813be35efaa,Stockholm-Narvik (-Luleå),,rail,SJV:ServiceJourney:49e596e3-fc29-4fda-a748-69c20d266c77,False,planned,2026-04-25T11:58:21.163701+02:00
NSR:StopPlace:63699,Arboga station,2026-04-25T11:31:00+02:00,2026-04-25T11:31:00+02:00,,0.0,0,Oslo S,VYG:Line:F1,Oslo S-Kongsvinger--Charlottenberg-Karlstad-Stockholm,F1,rail,VYG:ServiceJourney:8943-STC_480056-R,True,planned,2026-04-25T11:58:21.163701+02:00
NSR:StopPlace:63705,Enköping station,2026-04-25T12:25:00+02:00,2026-04-25T12:25:00+02:00,,0.0,0,Arlanda,VYB:Line:26,850 Oslo - Arlanda - Stockholm,850,coach,VYB:ServiceJourney:ebdf661b7925a570bac576bc838f2a8509e03a69,False,planned,2026-04-25T11:58:21.163701+02:00
NSR:StopPlace:63710,Köping station,2026-04-25T11:16:00+02:00,2026-04-25T11:16:00+02:00,,0.0,0,Oslo S,VYG:Line:F1,Oslo S-Kongsvinger--Charlottenberg-Karlstad-Stockholm,F1,rail,VYG:ServiceJourney:8943-STC_480056-R,True,planned,2026-04-25T11:58:21.163701+02:00
NSR:StopPlace:58211,Oslo lufthavn,2026-04-25T10:43:00+02:00,2026-04-25T10:43:51+02:00,2026-04-25T10:43:51+02:00,51.0,1,Kongsberg,VYG:Line:R12,Kongsberg-Oslo S-Eidsvoll,R12,rail,VYG:ServiceJourney:513_444309-R,True,actual,2026-04-25T11:58:21.163701+02:00
NSR:StopPlace:58211,Oslo lufthavn,2026-04-25T10:45:00+02:00,2026-04-25T10:44:06+02:00,,-54.0,0,Florø,AVI:Line:DX_OSL-FRO,Oslo-Florø,,air,AVI:ServiceJourney:DX574-01-1284169715,True,expected,2026-04-25T11:58:21.163701+02:00
NSR:StopPlace:58211,Oslo lufthavn,2026-04-25T10:45:00+02:00,2026-04-25T10:46:43+02:00,2026-04-25T10:46:43+02:00,103.0,1,Oslo sentrum via Helsfyr-Hasle-Bislett,NBU:Line:a7c15243-8873-4aee-a8b4-8d22e8ad31dc,Oslo sentrum via Helsfyr-Hasle-Bislett,FB5,bus,NBU:ServiceJourney:0fdcb50e-fe87-4ac3-a513-a8376e8335b9,True,actual,2026-04-25T11:58:21.163701+02:00
NSR:StopPlace:58211,Oslo lufthavn,2026-04-25T10:55:00+02:00,2026-04-25T10:49:07+02:00,,-353.0,0,Trondheim,AVI:Line:DY_OSL-TRD,Oslo-Trondheim,,air,AVI:ServiceJourney:DY752-01-523271305,True,expected,2026-04-25T11:58:21.163701+02:00
NSR:StopPlace:58211,Oslo lufthavn,2026-04-25T10:49:00+02:00,2026-04-25T10:49:34+02:00,2026-04-25T10:49:34+02:00,34.0,1,Eidsvoll,VYG:Line:RE11,Eidsvoll-Oslo S-Skien,RE11,rail,VYG:ServiceJourney:810_444390-R,True,actual,2026-04-25T11:58:21.163701+02:00
NSR:StopPlace:58211,Oslo lufthavn,2026-04-25T10:50:00+02:00,2026-04-25T10:50:00+02:00,,0.0,0,OSL-ekspressen,UNI:Line:UE1,Mortensrud - Oslo lufthavn Gardermoen,FB10,bus,UNI:ServiceJourney:UE1-166384-45502920,False,planned,2026-04-25T11:58:21.163701+02:00
NSR:StopPlace:58211,Oslo lufthavn,2026-04-25T10:50:00+02:00,2026-04-25T10:51:02+02:00,2026-04-25T10:51:02+02:00,62.0,1,Drammen,FLT:Line:FLY1,FLY1,FLY1,rail,FLT:ServiceJourney:1-2614-3734-20260425,True,actual,2026-04-25T11:58:21.163701+02:00
NSR:StopPlace:58211,Oslo lufthavn,2026-04-25T10:51:00+02:00,2026-04-25T10:52:31+02:00,2026-04-25T10:52:31+02:00,91.0,1,Oslo bussterminal,RUT:Line:400,Oslo lufthavn - Veståsen - Olavsgaard - Oslo,400,bus,RUT:ServiceJourney:2b7c425a738089f654466978c51443a9,True,actual,2026-04-25T11:58:21.163701+02:00
NSR:StopPlace:58211,Oslo lufthavn,2026-04-25T11:05:00+02:00,2026-04-25T10:54:40+02:00,2026-04-25T10:54:40+02:00,-620.0,0,Årnes,RUT:Line:450,Årnes - Oslo lufthavn,450,bus,RUT:ServiceJourney:1de41894e349f500426d50d40fe5de94,True,actual,2026-04-25T11:58:21.163701+02:00
NSR:StopPlace:58211,Oslo lufthavn,2026-04-25T10:55:00+02:00,2026-04-25T10:55:00+02:00,,0.0,0,Oslo lufthavn,VYX:Line:51,S22 Shuttle Oslo lufthavn,S22,bus,VYX:ServiceJourney:d9609633612e542408bb04e0291e4b8d78551c3e,False,planned,2026-04-25T11:58:21.163701+02:00
NSR:StopPlace:58211,Oslo lufthavn,2026-04-25T10:54:00+02:00,2026-04-25T10:56:08+02:00,2026-04-25T10:56:08+02:00,128.0,1,Kopperud,RUT:Line:420,Maura -  Jessheim,420,bus,RUT:ServiceJourney:351d2635b10df5a3a6dfecba2c28a289,True,actual,2026-04-25T11:58:21.163701+02:00
NSR:StopPlace:58211,Oslo lufthavn,2026-04-25T10:59:00+02:00,2026-04-25T10:59:54+02:00,2026-04-25T10:59:54+02:00,54.0,1,Lillehammer,VYG:Line:RE10,Drammen-Oslo S-Lillehammer,RE10,rail,VYG:ServiceJourney:313-SUD_444163-R,True,actual,2026-04-25T11:58:21.163701+02:00
NSR:StopPlace:58211,Oslo lufthavn,2026-04-25T11:00:00+02:00,2026-04-25T11:00:00+02:00,,0.0,0,Oslo lufthavn,VYX:Line:98,S44 Shuttle Oslo lufthavn,S44,bus,VYX:ServiceJourney:345f995e1e4dcc72d0f8add56ea2a0118d319bfa,False,planned,2026-04-25T11:58:21.163701+02:00
NSR:StopPlace:58211,Oslo lufthavn,2026-04-25T11:03:00+02:00,2026-04-25T11:03:46+02:00,2026-04-25T11:03:46+02:00,46.0,1,Drammen,VYG:Line:RE10,Drammen-Oslo S-Lillehammer,RE10,rail,VYG:ServiceJourney:312-HHS_486388-R,True,actual,2026-04-25T11:58:21.163701+02:00
NSR:StopPlace:58211,Oslo lufthavn,2026-04-25T11:05:00+02:00,2026-04-25T11:05:00+02:00,,0.0,0,Oslo lufthavn,VYX:Line:99,S55 Shuttle Oslo lufthavn,S55,bus,VYX:ServiceJourney:019b8e53c8bc404fabd8b920654fb91695d98b59,False,planned,2026-04-25T11:58:21.163701+02:00
NSR:StopPlace:58211,Oslo lufthavn,2026-04-25T11:10:00+02:00,2026-04-25T11:09:13+02:00,,-47.0,0,Trondheim,AVI:Line:WF_OSL-TRD,Oslo-Trondheim,,air,AVI:ServiceJourney:WF1447-01-19835825,True,expected,2026-04-25T11:58:21.163701+02:00
NSR:StopPlace:58211,Oslo lufthavn,2026-04-25T11:10:00+02:00,2026-04-25T11:10:00+02:00,,0.0,0,Fredrikstad,VYX:Line:56,FB11 Fredrikstad-Oslo Lufthavn (OSL),FB11,bus,VYX:ServiceJourney:2f9ea92c9ff75f86d5cc30b5af9b0211cc3d3675,False,planned,2026-04-25T11:58:21.163701+02:00
NSR:StopPlace:58211,Oslo lufthavn,2026-04-25T11:10:00+02:00,2026-04-25T11:10:52+02:00,2026-04-25T11:10:52+02:00,52.0,1,Drammen,FLT:Line:FLY1,FLY1,FLY1,rail,FLT:ServiceJourney:1-2614-3736-20260425,True,actual,2026-04-25T11:58:21.163701+02:00
NSR:StopPlace:58211,Oslo lufthavn,2026-04-25T11:10:00+02:00,2026-04-25T11:11:37+02:00,2026-04-25T11:11:37+02:00,97.0,1,Nordkisa,RUT:Line:440,Fenstad/Nordkisa - Oslo lufthavn,440,bus,RUT:ServiceJourney:9144f1be8f594e14e11222b8f3d48511,True,actual,2026-04-25T11:58:21.163701+02:00
NSR:StopPlace:58211,Oslo lufthavn,2026-04-25T11:13:00+02:00,2026-04-25T11:13:54+02:00,2026-04-25T11:13:54+02:00,54.0,1,Skien,VYG:Line:RE11,Eidsvoll-Oslo S-Skien,RE11,rail,VYG:ServiceJourney:815_444395-R,True,actual,2026-04-25T11:58:21.163701+02:00
NSR:StopPlace:58211,Oslo lufthavn,2026-04-25T11:15:00+02:00,2026-04-25T11:16:21+02:00,2026-04-25T11:16:21+02:00,81.0,1,Majorstuen via Torshov-Sagene,NBU:Line:a7cafc59-feaf-4e61-9fa1-b7dce4ffe970,Majorstuen via Torshov-Sagene,FB1,bus,NBU:ServiceJourney:eac47eb6-42ee-4ef4-8dbf-e8138fd829e9,True,actual,2026-04-25T11:58:21.163701+02:00
NSR:StopPlace:58211,Oslo lufthavn,2026-04-25T11:19:00+02:00,2026-04-25T11:19:41+02:00,2026-04-25T11:19:41+02:00,41.0,1,Eidsvoll,VYG:Line:R12,Kongsberg-Oslo S-Eidsvoll,R12,rail,VYG:ServiceJourney:512_541888-R,True,actual,2026-04-25T11:58:21.163701+02:00
NSR:StopPlace:58211,Oslo lufthavn,2026-04-25T11:20:00+02:00,2026-04-25T11:20:00+02:00,,0.0,0,Måløy,VYX:Line:7,VY146 Måløy/Ulsteinvik-Stryn-Oslo,VY146,coach,VYX:ServiceJourney:56b6a35eeba9e4c96e52ca679028024f0bbec26e,False,planned,2026-04-25T11:58:21.163701+02:00
NSR:StopPlace:58211,Oslo lufthavn,2026-04-25T11:35:00+02:00,2026-04-25T11:24:37+02:00,2026-04-25T11:24:37+02:00,-623.0,0,Årnes,RUT:Line:450,Årnes - Oslo lufthavn,450,bus,RUT:ServiceJourney:2784144acd9a998aa8934656460f0b9e,True,actual,2026-04-25T11:58:21.163701+02:00
NSR:StopPlace:58211,Oslo lufthavn,2026-04-25T11:25:00+02:00,2026-04-25T11:25:00+02:00,,0.0,0,Oslo lufthavn,VYX:Line:51,S22 Shuttle Oslo lufthavn,S22,bus,VYX:ServiceJourney:b049fe1e84412c8084b76f7f848dddaf8d971ddc,False,planned,2026-04-25T11:58:21.163701+02:00
NSR:StopPlace:58211,Oslo lufthavn,2026-04-25T11:24:00+02:00,2026-04-25T11:25:31+02:00,2026-04-25T11:25:31+02:00,91.0,1,Kopperud,RUT:Line:420,Maura -  Jessheim,420,bus,RUT:ServiceJourney:ce8b3e504ff14e1fab0d334d93db5ed2,True,actual,2026-04-25T11:58:21.163701+02:00
NSR:StopPlace:58211,Oslo lufthavn,2026-04-25T11:25:00+02:00,2026-04-25T11:26:03+02:00,2026-04-25T11:26:03+02:00,63.0,1,Kløfta,RUT:Line:425,Kløfta – Oslo lufthavn,425,bus,RUT:ServiceJourney:618103ea6208c56f206d39777977ade1,True,actual,2026-04-25T11:58:21.163701+02:00
NSR:StopPlace:58211,Oslo lufthavn,2026-04-25T11:30:00+02:00,2026-04-25T11:26:58+02:00,,-182.0,0,Stavanger,AVI:Line:DY_OSL-SVG,Oslo-Stavanger,,air,AVI:ServiceJourney:DY530-02-523272139,True,expected,2026-04-25T11:58:21.163701+02:00
NSR:StopPlace:58211,Oslo lufthavn,2026-04-25T11:30:00+02:00,2026-04-25T11:30:00+02:00,,0.0,0,Oslo lufthavn,VYX:Line:98,S44 Shuttle Oslo lufthavn,S44,bus,VYX:ServiceJourney:08f4349b418faf0301c16060be97d3779ae1a26f,False,planned,2026-04-25T11:58:21.163701+02:00
NSR:StopPlace:58211,Oslo lufthavn,2026-04-25T11:30:00+02:00,2026-04-25T11:30:00+02:00,,0.0,0,Elverum,VYX:Line:2,VY123 Elverum-Oslo,VY123,coach,VYX:ServiceJourney:119f4c6547e90df04b5e5bc4bc7295573f4a0561,False,planned,2026-04-25T11:58:21.163701+02:00
NSR:StopPlace:58211,Oslo lufthavn,2026-04-25T11:30:00+02:00,2026-04-25T11:30:16+02:00,2026-04-25T11:30:16+02:00,16.0,1,Radiumhospitalet via Økern-Storo-Tåsen,NBU:Line:cb7b555c-f96e-42d5-84bf-a5e08c0145c2,Radiumhospitalet via Økern-Storo-Tåsen,FB3,bus,NBU:ServiceJourney:36626911-cc2f-4804-acf1-e1043e50697d,True,actual,2026-04-25T11:58:21.163701+02:00
NSR:StopPlace:58211,Oslo lufthavn,2026-04-25T11:30:00+02:00,2026-04-25T11:30:45+02:00,2026-04-25T11:30:45+02:00,45.0,1,Drammen,FLT:Line:FLY1,FLY1,FLY1,rail,FLT:ServiceJourney:1-2614-3738-20260425,True,actual,2026-04-25T11:58:21.163701+02:00
NSR:StopPlace:58211,Oslo lufthavn,2026-04-25T11:30:00+02:00,2026-04-25T11:32:32+02:00,2026-04-25T11:32:32+02:00,152.0,1,Jessheim,RUT:Line:420,Maura -  Jessheim,420,bus,RUT:ServiceJourney:32e904e4cd9bb1be23d19af88082f580,True,actual,2026-04-25T11:58:21.163701+02:00
NSR:StopPlace:58211,Oslo lufthavn,2026-04-25T11:35:00+02:00,2026-04-25T11:35:00+02:00,,0.0,0,Oslo lufthavn,VYX:Line:99,S55 Shuttle Oslo lufthavn,S55,bus,VYX:ServiceJourney:97a4494837261add0c3e2dc2bb2803149eee46af,False,planned,2026-04-25T11:58:21.163701+02:00
NSR:StopPlace:58211,Oslo lufthavn,2026-04-25T11:40:00+02:00,2026-04-25T11:41:16+02:00,2026-04-25T11:41:16+02:00,76.0,1,Fenstad,RUT:Line:440,Fenstad/Nordkisa - Oslo lufthavn,440,bus,RUT:ServiceJourney:36c8d055e24ae01e0c3afdccc3d5db82,True,actual,2026-04-25T11:58:21.163701+02:00
NSR:StopPlace:58211,Oslo lufthavn,2026-04-25T11:43:00+02:00,2026-04-25T11:43:15+02:00,2026-04-25T11:43:15+02:00,15.0,1,Kongsberg,VYG:Line:R12,Kongsberg-Oslo S-Eidsvoll,R12,rail,VYG:ServiceJourney:515_444313-R,True,actual,2026-04-25T11:58:21.163701+02:00
NSR:StopPlace:58211,Oslo lufthavn,2026-04-25T11:45:00+02:00,2026-04-25T11:43:21+02:00,,-99.0,0,Stavanger,AVI:Line:SK_OSL-SVG,Oslo-Stavanger,,air,AVI:ServiceJourney:SK4023-01-358551288,True,expected,2026-04-25T11:58:21.163701+02:00
NSR:StopPlace:58211,Oslo lufthavn,2026-04-25T11:45:00+02:00,2026-04-25T11:44:18+02:00,,-42.0,0,Kristiansund,AVI:Line:SK_OSL-KSU,Oslo-Kristiansund,,air,AVI:ServiceJourney:SK2301-02-358543521,True,expected,2026-04-25T11:58:21.163701+02:00
NSR:StopPlace:58211,Oslo lufthavn,2026-04-25T11:45:00+02:00,2026-04-25T11:45:06+02:00,2026-04-25T11:45:06+02:00,6.0,1,Oslo sentrum via Helsfyr-Hasle-Bislett,NBU:Line:a7c15243-8873-4aee-a8b4-8d22e8ad31dc,Oslo sentrum via Helsfyr-Hasle-Bislett,FB5,bus,NBU:ServiceJourney:8a45f72f-14e5-4611-b250-14c35517afde,True,actual,2026-04-25T11:58:21.163701+02:00
NSR:StopPlace:58211,Oslo lufthavn,2026-04-25T11:49:00+02:00,2026-04-25T11:49:25+02:00,2026-04-25T11:49:25+02:00,25.0,1,Eidsvoll,VYG:Line:RE11,Eidsvoll-Oslo S-Skien,RE11,rail,VYG:ServiceJourney:812_444392-R,True,actual,2026-04-25T11:58:21.163701+02:00
NSR:StopPlace:58211,Oslo lufthavn,2026-04-25T11:50:00+02:00,2026-04-25T11:50:00+02:00,,0.0,0,OSL-ekspressen,UNI:Line:UE1,Mortensrud - Oslo lufthavn Gardermoen,FB10,bus,UNI:ServiceJourney:UE1-166384-45502924,False,planned,2026-04-25T11:58:21.163701+02:00
NSR:StopPlace:58211,Oslo lufthavn,2026-04-25T11:50:00+02:00,2026-04-25T11:50:47+02:00,2026-04-25T11:50:47+02:00,47.0,1,Drammen,FLT:Line:FLY1,FLY1,FLY1,rail,FLT:ServiceJourney:1-2614-3740-20260425,True,actual,2026-04-25T11:58:21.163701+02:00
NSR:StopPlace:58211,Oslo lufthavn,2026-04-25T11:51:00+02:00,2026-04-25T11:52:29+02:00,2026-04-25T11:52:29+02:00,89.0,1,Oslo bussterminal,RUT:Line:400,Oslo lufthavn - Veståsen - Olavsgaard - Oslo,400,bus,RUT:ServiceJourney:62a5db38ec01dd0cfc7e96c1b9db62e6,True,actual,2026-04-25T11:58:21.163701+02:00
NSR:StopPlace:58211,Oslo lufthavn,2026-04-25T11:54:00+02:00,2026-04-25T11:54:16+02:00,2026-04-25T11:54:16+02:00,16.0,1,Kopperud,RUT:Line:420,Maura -  Jessheim,420,bus,RUT:ServiceJourney:92670b8b3613991428bdb98e68cc7418,True,actual,2026-04-25T11:58:21.163701+02:00
NSR:StopPlace:58211,Oslo lufthavn,2026-04-25T11:55:00+02:00,2026-04-25T11:55:00+02:00,,0.0,0,Oslo lufthavn,VYX:Line:51,S22 Shuttle Oslo lufthavn,S22,bus,VYX:ServiceJourney:a7cb2d59fa8550704d78c6e9262ac94ea82b5c12,False,planned,2026-04-25T11:58:21.163701+02:00
NSR:StopPlace:58211,Oslo lufthavn,2026-04-25T11:59:00+02:00,2026-04-25T11:59:00+02:00,,0.0,0,Lillehammer,VYG:Line:RE10,Drammen-Oslo S-Lillehammer,RE10,rail,VYG:ServiceJourney:315-SUD_444173-R,True,planned,2026-04-25T11:58:21.163701+02:00
NSR:StopPlace:58211,Oslo lufthavn,2026-04-25T12:00:00+02:00,2026-04-25T12:00:00+02:00,,0.0,0,Oslo lufthavn,VYX:Line:98,S44 Shuttle Oslo lufthavn,S44,bus,VYX:ServiceJourney:f62972cc0632d115d06324b9e81786543b70bf67,False,planned,2026-04-25T11:58:21.163701+02:00
NSR:StopPlace:58211,Oslo lufthavn,2026-04-25T12:03:00+02:00,2026-04-25T12:04:03+02:00,,63.0,1,Drammen,VYG:Line:RE10,Drammen-Oslo S-Lillehammer,RE10,rail,VYG:ServiceJourney:314-HVE_488405-R,True,expected,2026-04-25T11:58:21.163701+02:00
NSR:StopPlace:58211,Oslo lufthavn,2026-04-25T12:05:00+02:00,2026-04-25T12:05:00+02:00,,0.0,0,Oslo lufthavn,VYX:Line:99,S55 Shuttle Oslo lufthavn,S55,bus,VYX:ServiceJourney:ff96f6b978c0b2d096254f595f383b7d0ff47ab7,False,planned,2026-04-25T11:58:21.163701+02:00
NSR:StopPlace:58211,Oslo lufthavn,2026-04-25T12:05:00+02:00,2026-04-25T12:05:00+02:00,,0.0,0,Årnes,RUT:Line:450,Årnes - Oslo lufthavn,450,bus,RUT:ServiceJourney:b40467bda8dfc183e70913cb265ea9a3,True,planned,2026-04-25T11:58:21.163701+02:00
NSR:StopPlace:184,Hallsberg station,2026-04-25T11:39:00+02:00,2026-04-25T11:39:00+02:00,,0.0,0,Stockholm,SJV:Line:cfac9102-49ef-476c-8663-a6d468ee4f36,Stockholm-Hallsberg-Karlstad-Oslo,70,rail,SJV:ServiceJourney:6bcdad44-579c-4040-a6ec-639bc3e56953,False,planned,2026-04-25T11:58:21.163701+02:00
NSR:StopPlace:184,Hallsberg station,2026-04-25T11:58:00+02:00,2026-04-25T11:58:00+02:00,,0.0,0,Karlstad-Oslo,SJV:Line:cfac9102-49ef-476c-8663-a6d468ee4f36,Stockholm-Hallsberg-Karlstad-Oslo,70,rail,SJV:ServiceJourney:f2b2b57f-f7b6-4450-a850-86a4a67348f8,False,planned,2026-04-25T11:58:21.163701+02:00
NSR:StopPlace:184,Hallsberg station,2026-04-25T12:43:00+02:00,2026-04-25T12:43:00+02:00,,0.0,0,Oslo S,VYG:Line:F1,Oslo S-Kongsvinger--Charlottenberg-Karlstad-Stockholm,F1,rail,VYG:ServiceJourney:8943-STC_480056-R,True,planned,2026-04-25T11:58:21.163701+02:00
NSR:StopPlace:101,Sagdalen stasjon,2026-04-25T10:43:00+02:00,2026-04-25T10:43:51+02:00,2026-04-25T10:43:51+02:00,51.0,1,Spikkestad,VYG:Line:L1,Spikkestad-Oslo S-Lillestrøm,L1,rail,VYG:ServiceJourney:2225_443623-R,True,actual,2026-04-25T11:58:21.163701+02:00
NSR:StopPlace:101,Sagdalen stasjon,2026-04-25T11:07:00+02:00,2026-04-25T11:12:31+02:00,2026-04-25T11:12:31+02:00,331.0,1,Lillestrøm,VYG:Line:L1,Spikkestad-Oslo S-Lillestrøm,L1,rail,VYG:ServiceJourney:2224_443622-R,True,actual,2026-04-25T11:58:21.163701+02:00
NSR:StopPlace:101,Sagdalen stasjon,2026-04-25T11:13:00+02:00,2026-04-25T11:13:06+02:00,2026-04-25T11:13:06+02:00,6.0,1,Spikkestad,VYG:Line:L1,Spikkestad-Oslo S-Lillestrøm,L1,rail,VYG:ServiceJourney:2227_443627-R,True,actual,2026-04-25T11:58:21.163701+02:00
NSR:StopPlace:101,Sagdalen stasjon,2026-04-25T11:37:00+02:00,2026-04-25T11:41:42+02:00,2026-04-25T11:41:42+02:00,282.0,1,Lillestrøm,VYG:Line:L1,Spikkestad-Oslo S-Lillestrøm,L1,rail,VYG:ServiceJourney:2226_452018-R,True,actual,2026-04-25T11:58:21.163701+02:00
NSR:StopPlace:101,Sagdalen stasjon,2026-04-25T11:43:00+02:00,2026-04-25T11:48:24+02:00,2026-04-25T11:48:24+02:00,324.0,1,Spikkestad,VYG:Line:L1,Spikkestad-Oslo S-Lillestrøm,L1,rail,VYG:ServiceJourney:2229_443629-R,True,actual,2026-04-25T11:58:21.163701+02:00
NSR:StopPlace:101,Sagdalen stasjon,2026-04-25T12:13:00+02:00,2026-04-25T12:13:00+02:00,,0.0,0,Spikkestad,VYG:Line:L1,Spikkestad-Oslo S-Lillestrøm,L1,rail,VYG:ServiceJourney:2231_443635-R,True,planned,2026-04-25T11:58:21.163701+02:00
NSR:StopPlace:101,Sagdalen stasjon,2026-04-25T12:37:00+02:00,2026-04-25T12:37:00+02:00,,0.0,0,Lillestrøm,VYG:Line:L1,Spikkestad-Oslo S-Lillestrøm,L1,rail,VYG:ServiceJourney:2230_443632-R,True,planned,2026-04-25T11:58:21.163701+02:00
NSR:StopPlace:101,Sagdalen stasjon,2026-04-25T12:43:00+02:00,2026-04-25T12:43:00+02:00,,0.0,0,Spikkestad,VYG:Line:L1,Spikkestad-Oslo S-Lillestrøm,L1,rail,VYG:ServiceJourney:2233_443637-R,True,planned,2026-04-25T11:58:21.163701+02:00
NSR:StopPlace:144,Skansen stasjon,2026-04-25T10:47:00+02:00,2026-04-25T10:47:00+02:00,,0.0,0,Melhus skysstasjon,SJN:Line:26,Trønderbanen,R70,rail,SJN:ServiceJourney:428-SKV_50195-R,False,planned,2026-04-25T11:58:21.163701+02:00
NSR:StopPlace:144,Skansen stasjon,2026-04-25T11:11:00+02:00,2026-04-25T11:11:00+02:00,,0.0,0,Skatval,SJN:Line:26,Trønderbanen,R70,rail,SJN:ServiceJourney:433-LMO_50206-R,False,planned,2026-04-25T11:58:21.163701+02:00
NSR:StopPlace:144,Skansen stasjon,2026-04-25T11:47:00+02:00,2026-04-25T11:48:38+02:00,2026-04-25T11:48:38+02:00,98.0,1,Ler,SJN:Line:26,Trønderbanen,R70,rail,SJN:ServiceJourney:430-SKV_50200-R,True,actual,2026-04-25T11:58:21.163701+02:00
NSR:StopPlace:144,Skansen stasjon,2026-04-25T12:11:00+02:00,2026-04-25T12:11:00+02:00,,0.0,0,Skatval,SJN:Line:26,Trønderbanen,R70,rail,SJN:ServiceJourney:435-SOeB_50210-R,False,planned,2026-04-25T11:58:21.163701+02:00
NSR:StopPlace:144,Skansen stasjon,2026-04-25T12:47:00+02:00,2026-04-25T12:47:00+02:00,,0.0,0,Ler,SJN:Line:26,Trønderbanen,R70,rail,SJN:ServiceJourney:432-SKV_50204-R,True,planned,2026-04-25T11:58:21.163701+02:00
NSR:StopPlace:393,Leangen stasjon,2026-04-25T11:24:00+02:00,2026-04-25T11:24:00+02:00,,0.0,0,Skatval,SJN:Line:26,Trønderbanen,R70,rail,SJN:ServiceJourney:433-LMO_50206-R,False,planned,2026-04-25T11:58:21.163701+02:00
NSR:StopPlace:393,Leangen stasjon,2026-04-25T11:35:00+02:00,2026-04-25T11:35:48+02:00,2026-04-25T11:35:48+02:00,48.0,1,Ler,SJN:Line:26,Trønderbanen,R70,rail,SJN:ServiceJourney:430-SKV_50200-R,True,actual,2026-04-25T11:58:21.163701+02:00
NSR:StopPlace:393,Leangen stasjon,2026-04-25T12:23:00+02:00,2026-04-25T12:23:00+02:00,,0.0,0,Skatval,SJN:Line:26,Trønderbanen,R70,rail,SJN:ServiceJourney:435-SOeB_50210-R,False,planned,2026-04-25T11:58:21.163701+02:00
NSR:StopPlace:393,Leangen stasjon,2026-04-25T12:35:00+02:00,2026-04-25T12:35:00+02:00,,0.0,0,Ler,SJN:Line:26,Trønderbanen,R70,rail,SJN:ServiceJourney:432-SKV_50204-R,True,planned,2026-04-25T11:58:21.163701+02:00
NSR:StopPlace:313,Høybråten stasjon,2026-04-25T10:53:00+02:00,2026-04-25T10:54:13+02:00,2026-04-25T10:54:13+02:00,73.0,1,Spikkestad,VYG:Line:L1,Spikkestad-Oslo S-Lillestrøm,L1,rail,VYG:ServiceJourney:2225_443623-R,True,actual,2026-04-25T11:58:21.163701+02:00
NSR:StopPlace:313,Høybråten stasjon,2026-04-25T10:57:00+02:00,2026-04-25T11:01:41+02:00,2026-04-25T11:01:41+02:00,281.0,1,Lillestrøm,VYG:Line:L1,Spikkestad-Oslo S-Lillestrøm,L1,rail,VYG:ServiceJourney:2224_443622-R,True,actual,2026-04-25T11:58:21.163701+02:00
NSR:StopPlace:313,Høybråten stasjon,2026-04-25T11:23:00+02:00,2026-04-25T11:24:04+02:00,2026-04-25T11:24:04+02:00,64.0,1,Spikkestad,VYG:Line:L1,Spikkestad-Oslo S-Lillestrøm,L1,rail,VYG:ServiceJourney:2227_443627-R,True,actual,2026-04-25T11:58:21.163701+02:00
NSR:StopPlace:313,Høybråten stasjon,2026-04-25T11:27:00+02:00,2026-04-25T11:31:11+02:00,2026-04-25T11:31:11+02:00,251.0,1,Lillestrøm,VYG:Line:L1,Spikkestad-Oslo S-Lillestrøm,L1,rail,VYG:ServiceJourney:2226_452018-R,True,actual,2026-04-25T11:58:21.163701+02:00
NSR:StopPlace:313,Høybråten stasjon,2026-04-25T11:53:00+02:00,2026-04-25T11:58:52+02:00,,352.0,1,Spikkestad,VYG:Line:L1,Spikkestad-Oslo S-Lillestrøm,L1,rail,VYG:ServiceJourney:2229_443629-R,True,expected,2026-04-25T11:58:21.163701+02:00
NSR:StopPlace:313,Høybråten stasjon,2026-04-25T12:23:00+02:00,2026-04-25T12:23:00+02:00,,0.0,0,Spikkestad,VYG:Line:L1,Spikkestad-Oslo S-Lillestrøm,L1,rail,VYG:ServiceJourney:2231_443635-R,True,planned,2026-04-25T11:58:21.163701+02:00
NSR:StopPlace:313,Høybråten stasjon,2026-04-25T12:27:00+02:00,2026-04-25T12:27:00+02:00,,0.0,0,Lillestrøm,VYG:Line:L1,Spikkestad-Oslo S-Lillestrøm,L1,rail,VYG:ServiceJourney:2230_443632-R,True,planned,2026-04-25T11:58:21.163701+02:00
NSR:StopPlace:313,Høybråten stasjon,2026-04-25T12:53:00+02:00,2026-04-25T12:53:00+02:00,,0.0,0,Spikkestad,VYG:Line:L1,Spikkestad-Oslo S-Lillestrøm,L1,rail,VYG:ServiceJourney:2233_443637-R,True,planned,2026-04-25T11:58:21.163701+02:00
NSR:StopPlace:313,Høybråten stasjon,2026-04-25T12:57:00+02:00,2026-04-25T12:57:00+02:00,,0.0,0,Lillestrøm,VYG:Line:L1,Spikkestad-Oslo S-Lillestrøm,L1,rail,VYG:ServiceJourney:2232_443636-R,True,planned,2026-04-25T11:58:21.163701+02:00
NSR:StopPlace:331,Glåmos stasjon,2026-04-25T11:58:00+02:00,2026-04-25T11:58:09+02:00,,9.0,1,Hamar,SJN:Line:25,Rørosbanen,R60,rail,SJN:ServiceJourney:2386_44258-R,True,expected,2026-04-25T11:58:21.163701+02:00
NSR:StopPlace:362,Jåttåvågen stasjon,2026-04-25T11:02:00+02:00,2026-04-25T11:02:26+02:00,2026-04-25T11:02:26+02:00,26.0,1,Egersund,GOA:Line:59,Jærbanen,L5,rail,GOA:ServiceJourney:3028_63064-R,True,actual,2026-04-25T11:58:21.163701+02:00
NSR:StopPlace:362,Jåttåvågen stasjon,2026-04-25T11:22:00+02:00,2026-04-25T11:22:09+02:00,2026-04-25T11:22:09+02:00,9.0,1,Stavanger,GOA:Line:59,Jærbanen,L5,rail,GOA:ServiceJourney:3025_63059-R,True,actual,2026-04-25T11:58:21.163701+02:00
NSR:StopPlace:362,Jåttåvågen stasjon,2026-04-25T11:32:00+02:00,2026-04-25T11:32:12+02:00,2026-04-25T11:32:12+02:00,12.0,1,Nærbø,GOA:Line:59,Jærbanen,L5,rail,GOA:ServiceJourney:3030_63066-R,True,actual,2026-04-25T11:58:21.163701+02:00
NSR:StopPlace:362,Jåttåvågen stasjon,2026-04-25T11:52:00+02:00,2026-04-25T11:51:58+02:00,2026-04-25T11:51:58+02:00,-2.0,0,Stavanger,GOA:Line:59,Jærbanen,L5,rail,GOA:ServiceJourney:3027_63062-R,True,actual,2026-04-25T11:58:21.163701+02:00
NSR:StopPlace:362,Jåttåvågen stasjon,2026-04-25T12:02:00+02:00,2026-04-25T12:02:10+02:00,,10.0,1,Egersund,GOA:Line:59,Jærbanen,L5,rail,GOA:ServiceJourney:3032_63069-R,True,expected,2026-04-25T11:58:21.163701+02:00
NSR:StopPlace:362,Jåttåvågen stasjon,2026-04-25T12:22:00+02:00,2026-04-25T12:26:20+02:00,,260.0,1,Stavanger,GOA:Line:59,Jærbanen,L5,rail,GOA:ServiceJourney:3029_63065-R,True,expected,2026-04-25T11:58:21.163701+02:00
NSR:StopPlace:362,Jåttåvågen stasjon,2026-04-25T12:32:00+02:00,2026-04-25T12:32:00+02:00,,0.0,0,Nærbø,GOA:Line:59,Jærbanen,L5,rail,GOA:ServiceJourney:3034_63071-R,False,planned,2026-04-25T11:58:21.163701+02:00
NSR:StopPlace:362,Jåttåvågen stasjon,2026-04-25T12:51:00+02:00,2026-04-25T12:51:00+02:00,,0.0,0,Stavanger,GOA:Line:59,Jærbanen,L5,rail,GOA:ServiceJourney:3031_63068-R,False,planned,2026-04-25T11:58:21.163701+02:00
NSR:StopPlace:369,Kvål stasjon,2026-04-25T10:43:00+02:00,2026-04-25T10:43:00+02:00,,0.0,0,Skatval,SJN:Line:26,Trønderbanen,R70,rail,SJN:ServiceJourney:433-LMO_50206-R,False,planned,2026-04-25T11:58:21.163701+02:00
NSR:StopPlace:369,Kvål stasjon,2026-04-25T12:14:00+02:00,2026-04-25T12:14:00+02:00,,0.0,0,Ler,SJN:Line:26,Trønderbanen,R70,rail,SJN:ServiceJourney:430-SKV_50200-R,True,planned,2026-04-25T11:58:21.163701+02:00
NSR:StopPlace:369,Kvål stasjon,2026-04-25T12:43:00+02:00,2026-04-25T12:43:00+02:00,,0.0,0,Skatval,SJN:Line:26,Trønderbanen,R70,rail,SJN:ServiceJourney:437-LER_50217-R,False,planned,2026-04-25T11:58:21.163701+02:00
NSR:StopPlace:374,Göteborg Centralstation,2026-04-25T10:55:00+02:00,2026-04-25T10:55:00+02:00,,0.0,0,Østerport,SAM:Line:9011012080400000,Ø Göteborg - Halmstad - Helsingborg - Malmö - Købe,,rail,SAM:ServiceJourney:121120000386161227,False,planned,2026-04-25T11:58:21.163701+02:00
NSR:StopPlace:374,Göteborg Centralstation,2026-04-25T11:55:00+02:00,2026-04-25T11:55:00+02:00,,0.0,0,Østerport,SAM:Line:9011012080400000,Ø Göteborg - Halmstad - Helsingborg - Malmö - Købe,,rail,SAM:ServiceJourney:121120000386161257,False,planned,2026-04-25T11:58:21.163701+02:00
NSR:StopPlace:374,Göteborg Centralstation,2026-04-25T12:14:00+02:00,2026-04-25T12:14:00+02:00,,0.0,0,Oslo S,VYG:Line:RE20,Oslo S-Halden-Göteborg-Malmö (X-Border),RE20,rail,VYG:ServiceJourney:388-122_509116-R,True,planned,2026-04-25T11:58:21.163701+02:00
NSR:StopPlace:374,Göteborg Centralstation,2026-04-25T12:55:00+02:00,2026-04-25T12:55:00+02:00,,0.0,0,Østerport,SAM:Line:9011012080400000,Ø Göteborg - Halmstad - Helsingborg - Malmö - Købe,,rail,SAM:ServiceJourney:121120000386161287,False,planned,2026-04-25T11:58:21.163701+02:00
NSR:StopPlace:302,Gjøvik stasjon,2026-04-25T11:34:00+02:00,2026-04-25T11:34:19+02:00,2026-04-25T11:34:19+02:00,19.0,1,Roa,VYG:Line:R31,Skøyen-Jaren-Gjøvik,R31,rail,VYG:ServiceJourney:216-GJOe_510619-R,True,actual,2026-04-25T11:58:21.163701+02:00
NSR:StopPlace:302,Gjøvik stasjon,2026-04-25T12:34:00+02:00,2026-04-25T12:34:00+02:00,,0.0,0,Roa,VYG:Line:R31,Skøyen-Jaren-Gjøvik,R31,rail,VYG:ServiceJourney:218-GJOe_510623-R,True,planned,2026-04-25T11:58:21.163701+02:00
NSR:StopPlace:271,Lademoen stasjon,2026-04-25T11:19:00+02:00,2026-04-25T11:19:00+02:00,,0.0,0,Skatval,SJN:Line:26,Trønderbanen,R70,rail,SJN:ServiceJourney:433-LMO_50206-R,False,planned,2026-04-25T11:58:21.163701+02:00
NSR:StopPlace:271,Lademoen stasjon,2026-04-25T11:39:00+02:00,2026-04-25T11:39:00+02:00,,0.0,0,Ler,SJN:Line:26,Trønderbanen,R70,rail,SJN:ServiceJourney:430-SKV_50200-R,True,planned,2026-04-25T11:58:21.163701+02:00
NSR:StopPlace:271,Lademoen stasjon,2026-04-25T12:18:00+02:00,2026-04-25T12:18:00+02:00,,0.0,0,Skatval,SJN:Line:26,Trønderbanen,R70,rail,SJN:ServiceJourney:435-SOeB_50210-R,False,planned,2026-04-25T11:58:21.163701+02:00
NSR:StopPlace:271,Lademoen stasjon,2026-04-25T12:39:00+02:00,2026-04-25T12:39:00+02:00,,0.0,0,Ler,SJN:Line:26,Trønderbanen,R70,rail,SJN:ServiceJourney:432-SKV_50204-R,True,planned,2026-04-25T11:58:21.163701+02:00
NSR:StopPlace:274,Hunderfossen stasjon,2026-04-25T12:43:00+02:00,2026-04-25T12:43:00+02:00,,0.0,0,Oslo S,SJN:Line:21,Dovrebanen,F6,rail,SJN:ServiceJourney:42-TND_30140-R,True,planned,2026-04-25T11:58:21.163701+02:00
NSR:StopPlace:206,Mariero stasjon,2026-04-25T10:59:00+02:00,2026-04-25T10:59:09+02:00,2026-04-25T10:59:09+02:00,9.0,1,Egersund,GOA:Line:59,Jærbanen,L5,rail,GOA:ServiceJourney:3028_63064-R,True,actual,2026-04-25T11:58:21.163701+02:00
NSR:StopPlace:206,Mariero stasjon,2026-04-25T11:25:00+02:00,2026-04-25T11:25:50+02:00,2026-04-25T11:25:50+02:00,50.0,1,Stavanger,GOA:Line:59,Jærbanen,L5,rail,GOA:ServiceJourney:3025_63059-R,True,actual,2026-04-25T11:58:21.163701+02:00
NSR:StopPlace:206,Mariero stasjon,2026-04-25T11:29:00+02:00,2026-04-25T11:29:09+02:00,2026-04-25T11:29:09+02:00,9.0,1,Nærbø,GOA:Line:59,Jærbanen,L5,rail,GOA:ServiceJourney:3030_63066-R,True,actual,2026-04-25T11:58:21.163701+02:00
NSR:StopPlace:206,Mariero stasjon,2026-04-25T11:55:00+02:00,2026-04-25T11:55:08+02:00,2026-04-25T11:55:08+02:00,8.0,1,Stavanger,GOA:Line:59,Jærbanen,L5,rail,GOA:ServiceJourney:3027_63062-R,True,actual,2026-04-25T11:58:21.163701+02:00
NSR:StopPlace:206,Mariero stasjon,2026-04-25T11:59:00+02:00,2026-04-25T11:59:10+02:00,,10.0,1,Egersund,GOA:Line:59,Jærbanen,L5,rail,GOA:ServiceJourney:3032_63069-R,True,expected,2026-04-25T11:58:21.163701+02:00
NSR:StopPlace:206,Mariero stasjon,2026-04-25T12:29:00+02:00,2026-04-25T12:29:00+02:00,,0.0,0,Nærbø,GOA:Line:59,Jærbanen,L5,rail,GOA:ServiceJourney:3034_63071-R,False,planned,2026-04-25T11:58:21.163701+02:00
NSR:StopPlace:206,Mariero stasjon,2026-04-25T12:25:00+02:00,2026-04-25T12:29:20+02:00,,260.0,1,Stavanger,GOA:Line:59,Jærbanen,L5,rail,GOA:ServiceJourney:3029_63065-R,True,expected,2026-04-25T11:58:21.163701+02:00
NSR:StopPlace:206,Mariero stasjon,2026-04-25T12:55:00+02:00,2026-04-25T12:55:00+02:00,,0.0,0,Stavanger,GOA:Line:59,Jærbanen,L5,rail,GOA:ServiceJourney:3031_63068-R,False,planned,2026-04-25T11:58:21.163701+02:00
NSR:StopPlace:222,Myrdal stasjon,2026-04-25T10:45:00+02:00,2026-04-25T10:45:24+02:00,2026-04-25T10:45:24+02:00,24.0,1,Flåm,VYG:Line:R45,Myrdal-Flåm,R45,rail,VYG:ServiceJourney:1855_465774-R,True,actual,2026-04-25T11:58:21.163701+02:00
NSR:StopPlace:222,Myrdal stasjon,2026-04-25T12:06:00+02:00,2026-04-25T12:06:00+02:00,,0.0,0,Flåm,VYG:Line:R45,Myrdal-Flåm,R45,rail,VYG:ServiceJourney:1857_465776-R,True,planned,2026-04-25T11:58:21.163701+02:00
NSR:StopPlace:234,Mørkved stasjon,2026-04-25T10:43:00+02:00,2026-04-25T10:43:00+02:00,,0.0,0,Bodø,SJN:Line:71,Nordlandsbanen,F7,rail,SJN:ServiceJourney:473_35127-R,True,planned,2026-04-25T11:58:21.163701+02:00
NSR:StopPlace:234,Mørkved stasjon,2026-04-25T12:34:00+02:00,2026-04-25T12:34:00+02:00,,0.0,0,Steinkjer,SJN:Line:71,Nordlandsbanen,F7,rail,SJN:ServiceJourney:472-BO_33062-R,True,planned,2026-04-25T11:58:21.163701+02:00
NSR:StopPlace:261,Ganddal stasjon,2026-04-25T10:45:00+02:00,2026-04-25T10:45:45+02:00,2026-04-25T10:45:45+02:00,45.0,1,Nærbø,GOA:Line:59,Jærbanen,L5,rail,GOA:ServiceJourney:3026_63060-R,True,actual,2026-04-25T11:58:21.163701+02:00
NSR:StopPlace:261,Ganddal stasjon,2026-04-25T11:09:00+02:00,2026-04-25T11:09:36+02:00,2026-04-25T11:09:36+02:00,36.0,1,Stavanger,GOA:Line:59,Jærbanen,L5,rail,GOA:ServiceJourney:3025_63059-R,True,actual,2026-04-25T11:58:21.163701+02:00
NSR:StopPlace:261,Ganddal stasjon,2026-04-25T11:15:00+02:00,2026-04-25T11:15:30+02:00,2026-04-25T11:15:30+02:00,30.0,1,Egersund,GOA:Line:59,Jærbanen,L5,rail,GOA:ServiceJourney:3028_63064-R,True,actual,2026-04-25T11:58:21.163701+02:00
NSR:StopPlace:261,Ganddal stasjon,2026-04-25T11:39:00+02:00,2026-04-25T11:39:06+02:00,2026-04-25T11:39:06+02:00,6.0,1,Stavanger,GOA:Line:59,Jærbanen,L5,rail,GOA:ServiceJourney:3027_63062-R,True,actual,2026-04-25T11:58:21.163701+02:00
NSR:StopPlace:261,Ganddal stasjon,2026-04-25T11:48:00+02:00,2026-04-25T11:48:03+02:00,2026-04-25T11:48:03+02:00,3.0,1,Nærbø,GOA:Line:59,Jærbanen,L5,rail,GOA:ServiceJourney:3030_63066-R,True,actual,2026-04-25T11:58:21.163701+02:00
NSR:StopPlace:261,Ganddal stasjon,2026-04-25T12:09:00+02:00,2026-04-25T12:13:20+02:00,,260.0,1,Stavanger,GOA:Line:59,Jærbanen,L5,rail,GOA:ServiceJourney:3029_63065-R,True,expected,2026-04-25T11:58:21.163701+02:00
NSR:StopPlace:261,Ganddal stasjon,2026-04-25T12:15:00+02:00,2026-04-25T12:15:10+02:00,,10.0,1,Egersund,GOA:Line:59,Jærbanen,L5,rail,GOA:ServiceJourney:3032_63069-R,True,expected,2026-04-25T11:58:21.163701+02:00
NSR:StopPlace:261,Ganddal stasjon,2026-04-25T12:38:00+02:00,2026-04-25T12:38:00+02:00,,0.0,0,Stavanger,GOA:Line:59,Jærbanen,L5,rail,GOA:ServiceJourney:3031_63068-R,False,planned,2026-04-25T11:58:21.163701+02:00
NSR:StopPlace:261,Ganddal stasjon,2026-04-25T12:45:00+02:00,2026-04-25T12:45:00+02:00,,0.0,0,Nærbø,GOA:Line:59,Jærbanen,L5,rail,GOA:ServiceJourney:3034_63071-R,False,planned,2026-04-25T11:58:21.163701+02:00
NSR:StopPlace:500,Bellingmo stasjon,2026-04-25T12:34:00+02:00,2026-04-25T12:34:00+02:00,,0.0,0,Røros,SJN:Line:25,Rørosbanen,R60,rail,SJN:ServiceJourney:2383_47880-R,True,planned,2026-04-25T11:58:21.163701+02:00
NSR:StopPlace:535,Kjosfossen stasjon,2026-04-25T11:03:00+02:00,2026-04-25T11:03:00+02:00,,0.0,0,Flåm,VYG:Line:R45,Myrdal-Flåm,R45,rail,VYG:ServiceJourney:1855_465774-R,True,planned,2026-04-25T11:58:21.163701+02:00
NSR:StopPlace:535,Kjosfossen stasjon,2026-04-25T11:36:00+02:00,2026-04-25T11:36:00+02:00,,0.0,0,Myrdal,VYG:Line:R45,Myrdal-Flåm,R45,rail,VYG:ServiceJourney:1856_465775-R,True,planned,2026-04-25T11:58:21.163701+02:00
NSR:StopPlace:535,Kjosfossen stasjon,2026-04-25T12:24:00+02:00,2026-04-25T12:24:00+02:00,,0.0,0,Flåm,VYG:Line:R45,Myrdal-Flåm,R45,rail,VYG:ServiceJourney:1857_465776-R,True,planned,2026-04-25T11:58:21.163701+02:00
NSR:StopPlace:535,Kjosfossen stasjon,2026-04-25T12:57:00+02:00,2026-04-25T12:57:00+02:00,,0.0,0,Myrdal,VYG:Line:R45,Myrdal-Flåm,R45,rail,VYG:ServiceJourney:1858_465777-R,True,planned,2026-04-25T11:58:21.163701+02:00
NSR:StopPlace:441,Auli stasjon,2026-04-25T10:42:00+02:00,2026-04-25T10:43:14+02:00,2026-04-25T10:43:14+02:00,74.0,1,Kongsvinger,VYG:Line:R14,Asker-Oslo S-Kongsvinger,R14,rail,VYG:ServiceJourney:1011_442916-R,True,actual,2026-04-25T11:58:21.163701+02:00
NSR:StopPlace:441,Auli stasjon,2026-04-25T11:15:00+02:00,2026-04-25T11:16:22+02:00,2026-04-25T11:16:22+02:00,82.0,1,Asker,VYG:Line:R14,Asker-Oslo S-Kongsvinger,R14,rail,VYG:ServiceJourney:1014_442919-R,True,actual,2026-04-25T11:58:21.163701+02:00
NSR:StopPlace:441,Auli stasjon,2026-04-25T11:41:00+02:00,2026-04-25T11:49:00+02:00,2026-04-25T11:49:00+02:00,480.0,1,Kongsvinger,VYG:Line:R14,Asker-Oslo S-Kongsvinger,R14,rail,VYG:ServiceJourney:1013_442918-R,True,actual,2026-04-25T11:58:21.163701+02:00
NSR:StopPlace:441,Auli stasjon,2026-04-25T12:15:00+02:00,2026-04-25T12:15:00+02:00,,0.0,0,Asker,VYG:Line:R14,Asker-Oslo S-Kongsvinger,R14,rail,VYG:ServiceJourney:1016_442922-R,True,planned,2026-04-25T11:58:21.163701+02:00
NSR:StopPlace:441,Auli stasjon,2026-04-25T12:41:00+02:00,2026-04-25T12:41:00+02:00,,0.0,0,Kongsvinger,VYG:Line:R14,Asker-Oslo S-Kongsvinger,R14,rail,VYG:ServiceJourney:1015_442921-R,True,planned,2026-04-25T11:58:21.163701+02:00
NSR:StopPlace:446,Langlete stasjon,2026-04-25T11:13:00+02:00,2026-04-25T11:13:00+02:00,,0.0,0,Hamar,SJN:Line:25,Rørosbanen,R60,rail,SJN:ServiceJourney:2386_44258-R,True,planned,2026-04-25T11:58:21.163701+02:00
NSR:StopPlace:448,Vatnahalsen stasjon,2026-04-25T10:48:00+02:00,2026-04-25T10:48:14+02:00,,14.0,1,Flåm,VYG:Line:R45,Myrdal-Flåm,R45,rail,VYG:ServiceJourney:1855_465774-R,True,expected,2026-04-25T11:58:21.163701+02:00
NSR:StopPlace:448,Vatnahalsen stasjon,2026-04-25T11:43:00+02:00,2026-04-25T11:43:00+02:00,,0.0,0,Myrdal,VYG:Line:R45,Myrdal-Flåm,R45,rail,VYG:ServiceJourney:1856_465775-R,True,planned,2026-04-25T11:58:21.163701+02:00
NSR:StopPlace:448,Vatnahalsen stasjon,2026-04-25T12:09:00+02:00,2026-04-25T12:09:00+02:00,,0.0,0,Flåm,VYG:Line:R45,Myrdal-Flåm,R45,rail,VYG:ServiceJourney:1857_465776-R,True,planned,2026-04-25T11:58:21.163701+02:00
NSR:StopPlace:57778,Abisko östra station,2026-04-25T10:57:00+02:00,2026-04-25T10:57:00+02:00,,0.0,0,Narvik,SJV:Line:0ff9f2b9-fbe5-4761-8a29-8813be35efaa,Stockholm-Narvik (-Luleå),,rail,SJV:ServiceJourney:49e596e3-fc29-4fda-a748-69c20d266c77,False,planned,2026-04-25T11:58:21.163701+02:00
NSR:StopPlace:400,Ler stasjon,2026-04-25T12:38:00+02:00,2026-04-25T12:38:00+02:00,,0.0,0,Skatval,SJN:Line:26,Trønderbanen,R70,rail,SJN:ServiceJourney:437-LER_50217-R,False,planned,2026-04-25T11:58:21.163701+02:00
NSR:StopPlace:420,Lillehammer stasjon,2026-04-25T11:11:00+02:00,2026-04-25T11:11:21+02:00,2026-04-25T11:11:21+02:00,21.0,1,Drammen,VYG:Line:RE10,Drammen-Oslo S-Lillehammer,RE10,rail,VYG:ServiceJourney:316-HVE_488409-R,True,actual,2026-04-25T11:58:21.163701+02:00
NSR:StopPlace:420,Lillehammer stasjon,2026-04-25T12:15:00+02:00,2026-04-25T12:15:00+02:00,,0.0,0,Drammen,VYG:Line:RE10,Drammen-Oslo S-Lillehammer,RE10,rail,VYG:ServiceJourney:318_444186-R,True,planned,2026-04-25T11:58:21.163701+02:00
NSR:StopPlace:420,Lillehammer stasjon,2026-04-25T12:58:00+02:00,2026-04-25T12:58:00+02:00,,0.0,0,Oslo S,SJN:Line:21,Dovrebanen,F6,rail,SJN:ServiceJourney:42-TND_30140-R,True,planned,2026-04-25T11:58:21.163701+02:00
NSR:StopPlace:425,Vinstra stasjon,2026-04-25T11:02:00+02:00,2026-04-25T11:03:09+02:00,2026-04-25T11:03:09+02:00,69.0,1,Trondheim S,SJN:Line:21,Dovrebanen,F6,rail,SJN:ServiceJourney:43-LOD_30155-R,True,actual,2026-04-25T11:58:21.163701+02:00
NSR:StopPlace:425,Vinstra stasjon,2026-04-25T11:55:00+02:00,2026-04-25T11:56:15+02:00,2026-04-25T11:56:15+02:00,75.0,1,Oslo S,SJN:Line:21,Dovrebanen,F6,rail,SJN:ServiceJourney:42-TND_30140-R,True,actual,2026-04-25T11:58:21.163701+02:00
NSR:StopPlace:416,Vikhammer stasjon,2026-04-25T11:21:00+02:00,2026-04-25T11:22:09+02:00,2026-04-25T11:22:09+02:00,69.0,1,Ler,SJN:Line:26,Trønderbanen,R70,rail,SJN:ServiceJourney:430-SKV_50200-R,True,actual,2026-04-25T11:58:21.163701+02:00
NSR:StopPlace:416,Vikhammer stasjon,2026-04-25T11:34:00+02:00,2026-04-25T11:34:00+02:00,,0.0,0,Skatval,SJN:Line:26,Trønderbanen,R70,rail,SJN:ServiceJourney:433-LMO_50206-R,False,planned,2026-04-25T11:58:21.163701+02:00
NSR:StopPlace:416,Vikhammer stasjon,2026-04-25T12:21:00+02:00,2026-04-25T12:21:00+02:00,,0.0,0,Ler,SJN:Line:26,Trønderbanen,R70,rail,SJN:ServiceJourney:432-SKV_50204-R,True,planned,2026-04-25T11:58:21.163701+02:00
NSR:StopPlace:416,Vikhammer stasjon,2026-04-25T12:34:00+02:00,2026-04-25T12:34:00+02:00,,0.0,0,Skatval,SJN:Line:26,Trønderbanen,R70,rail,SJN:ServiceJourney:435-SOeB_50210-R,False,planned,2026-04-25T11:58:21.163701+02:00
NSR:StopPlace:702,Sandnes sentrum stasjon,2026-04-25T11:10:00+02:00,2026-04-25T11:10:37+02:00,2026-04-25T11:10:37+02:00,37.0,1,Egersund,GOA:Line:59,Jærbanen,L5,rail,GOA:ServiceJourney:3028_63064-R,True,actual,2026-04-25T11:58:21.163701+02:00
NSR:StopPlace:702,Sandnes sentrum stasjon,2026-04-25T11:14:00+02:00,2026-04-25T11:14:30+02:00,2026-04-25T11:14:30+02:00,30.0,1,Stavanger,GOA:Line:59,Jærbanen,L5,rail,GOA:ServiceJourney:3025_63059-R,True,actual,2026-04-25T11:58:21.163701+02:00
NSR:StopPlace:702,Sandnes sentrum stasjon,2026-04-25T11:40:00+02:00,2026-04-25T11:40:00+02:00,2026-04-25T11:40:00+02:00,0.0,0,Nærbø,GOA:Line:59,Jærbanen,L5,rail,GOA:ServiceJourney:3030_63066-R,True,actual,2026-04-25T11:58:21.163701+02:00
NSR:StopPlace:702,Sandnes sentrum stasjon,2026-04-25T11:44:00+02:00,2026-04-25T11:44:00+02:00,2026-04-25T11:44:00+02:00,0.0,0,Stavanger,GOA:Line:59,Jærbanen,L5,rail,GOA:ServiceJourney:3027_63062-R,True,actual,2026-04-25T11:58:21.163701+02:00
NSR:StopPlace:702,Sandnes sentrum stasjon,2026-04-25T12:10:00+02:00,2026-04-25T12:10:10+02:00,,10.0,1,Egersund,GOA:Line:59,Jærbanen,L5,rail,GOA:ServiceJourney:3032_63069-R,True,expected,2026-04-25T11:58:21.163701+02:00
NSR:StopPlace:702,Sandnes sentrum stasjon,2026-04-25T12:14:00+02:00,2026-04-25T12:18:20+02:00,,260.0,1,Stavanger,GOA:Line:59,Jærbanen,L5,rail,GOA:ServiceJourney:3029_63065-R,True,expected,2026-04-25T11:58:21.163701+02:00
NSR:StopPlace:702,Sandnes sentrum stasjon,2026-04-25T12:40:00+02:00,2026-04-25T12:40:00+02:00,,0.0,0,Nærbø,GOA:Line:59,Jærbanen,L5,rail,GOA:ServiceJourney:3034_63071-R,False,planned,2026-04-25T11:58:21.163701+02:00
NSR:StopPlace:702,Sandnes sentrum stasjon,2026-04-25T12:43:00+02:00,2026-04-25T12:43:00+02:00,,0.0,0,Stavanger,GOA:Line:59,Jærbanen,L5,rail,GOA:ServiceJourney:3031_63068-R,False,planned,2026-04-25T11:58:21.163701+02:00
NSR:StopPlace:708,Stange stasjon,2026-04-25T11:20:00+02:00,2026-04-25T11:22:46+02:00,2026-04-25T11:22:46+02:00,166.0,1,Drammen,VYG:Line:RE10,Drammen-Oslo S-Lillehammer,RE10,rail,VYG:ServiceJourney:314-HVE_488405-R,True,actual,2026-04-25T11:58:21.163701+02:00
NSR:StopPlace:708,Stange stasjon,2026-04-25T11:34:00+02:00,2026-04-25T11:36:39+02:00,2026-04-25T11:36:39+02:00,159.0,1,Lillehammer,VYG:Line:RE10,Drammen-Oslo S-Lillehammer,RE10,rail,VYG:ServiceJourney:313-SUD_444163-R,True,actual,2026-04-25T11:58:21.163701+02:00
NSR:StopPlace:708,Stange stasjon,2026-04-25T12:20:00+02:00,2026-04-25T12:20:00+02:00,,0.0,0,Drammen,VYG:Line:RE10,Drammen-Oslo S-Lillehammer,RE10,rail,VYG:ServiceJourney:316-HVE_488409-R,True,planned,2026-04-25T11:58:21.163701+02:00
NSR:StopPlace:708,Stange stasjon,2026-04-25T12:34:00+02:00,2026-04-25T12:34:00+02:00,,0.0,0,Lillehammer,VYG:Line:RE10,Drammen-Oslo S-Lillehammer,RE10,rail,VYG:ServiceJourney:315-SUD_444173-R,True,planned,2026-04-25T11:58:21.163701+02:00
NSR:StopPlace:628,Darbu stasjon,2026-04-25T10:48:00+02:00,2026-04-25T10:48:47+02:00,2026-04-25T10:48:47+02:00,47.0,1,Eidsvoll,VYG:Line:R12,Kongsberg-Oslo S-Eidsvoll,R12,rail,VYG:ServiceJourney:514_444311-R,True,actual,2026-04-25T11:58:21.163701+02:00
NSR:StopPlace:628,Darbu stasjon,2026-04-25T11:10:00+02:00,2026-04-25T11:11:36+02:00,2026-04-25T11:11:36+02:00,96.0,1,Kongsberg,VYG:Line:R12,Kongsberg-Oslo S-Eidsvoll,R12,rail,VYG:ServiceJourney:511_444305-R,True,actual,2026-04-25T11:58:21.163701+02:00
NSR:StopPlace:628,Darbu stasjon,2026-04-25T11:47:00+02:00,2026-04-25T11:48:07+02:00,2026-04-25T11:48:07+02:00,67.0,1,Eidsvoll,VYG:Line:R12,Kongsberg-Oslo S-Eidsvoll,R12,rail,VYG:ServiceJourney:516_444315-R,True,actual,2026-04-25T11:58:21.163701+02:00
NSR:StopPlace:628,Darbu stasjon,2026-04-25T12:11:00+02:00,2026-04-25T12:11:00+02:00,,0.0,0,Kongsberg,VYG:Line:R12,Kongsberg-Oslo S-Eidsvoll,R12,rail,VYG:ServiceJourney:513_444309-R,True,planned,2026-04-25T11:58:21.163701+02:00
NSR:StopPlace:628,Darbu stasjon,2026-04-25T12:48:00+02:00,2026-04-25T12:48:00+02:00,,0.0,0,Eidsvoll,VYG:Line:R12,Kongsberg-Oslo S-Eidsvoll,R12,rail,VYG:ServiceJourney:518_444317-R,True,planned,2026-04-25T11:58:21.163701+02:00
NSR:StopPlace:610,Sandvika stasjon,2026-04-25T10:44:00+02:00,2026-04-25T10:44:41+02:00,2026-04-25T10:44:41+02:00,41.0,1,Drammen,VYG:Line:RE10,Drammen-Oslo S-Lillehammer,RE10,rail,VYG:ServiceJourney:310-LHM_444152-R,True,actual,2026-04-25T11:58:21.163701+02:00
NSR:StopPlace:610,Sandvika stasjon,2026-04-25T10:45:00+02:00,2026-04-25T10:45:13+02:00,2026-04-25T10:45:13+02:00,13.0,1,Kongsvinger,VYG:Line:R14,Asker-Oslo S-Kongsvinger,R14,rail,VYG:ServiceJourney:1013_442918-R,True,actual,2026-04-25T11:58:21.163701+02:00
NSR:StopPlace:610,Sandvika stasjon,2026-04-25T10:48:00+02:00,2026-04-25T10:48:52+02:00,2026-04-25T10:48:52+02:00,52.0,1,Lillestrøm,VYG:Line:L1,Spikkestad-Oslo S-Lillestrøm,L1,rail,VYG:ServiceJourney:2226_452018-R,True,actual,2026-04-25T11:58:21.163701+02:00
NSR:StopPlace:610,Sandvika stasjon,2026-04-25T10:54:00+02:00,2026-04-25T10:54:37+02:00,2026-04-25T10:54:37+02:00,37.0,1,Skien,VYG:Line:RE11,Eidsvoll-Oslo S-Skien,RE11,rail,VYG:ServiceJourney:813_444393-R,True,actual,2026-04-25T11:58:21.163701+02:00
NSR:StopPlace:610,Sandvika stasjon,2026-04-25T10:55:00+02:00,2026-04-25T10:55:39+02:00,2026-04-25T10:55:39+02:00,39.0,1,Dal,VYG:Line:R13,Drammen-Oslo S-Dal,R13,rail,VYG:ServiceJourney:1625_481147-R,True,actual,2026-04-25T11:58:21.163701+02:00
NSR:StopPlace:610,Sandvika stasjon,2026-04-25T11:01:00+02:00,2026-04-25T11:01:31+02:00,2026-04-25T11:01:31+02:00,31.0,1,Spikkestad,VYG:Line:L1,Spikkestad-Oslo S-Lillestrøm,L1,rail,VYG:ServiceJourney:2223_443621-R,True,actual,2026-04-25T11:58:21.163701+02:00
NSR:StopPlace:610,Sandvika stasjon,2026-04-25T11:00:00+02:00,2026-04-25T11:01:43+02:00,2026-04-25T11:01:43+02:00,103.0,1,Oslo Lufthavn,FLT:Line:FLY1,FLY1,FLY1,rail,FLT:ServiceJourney:1-2614-3741-20260425,True,actual,2026-04-25T11:58:21.163701+02:00
NSR:StopPlace:610,Sandvika stasjon,2026-04-25T11:04:00+02:00,2026-04-25T11:05:34+02:00,2026-04-25T11:05:34+02:00,94.0,1,Drammen,VYG:Line:R13,Drammen-Oslo S-Dal,R13,rail,VYG:ServiceJourney:1622_443260-R,True,actual,2026-04-25T11:58:21.163701+02:00
NSR:StopPlace:610,Sandvika stasjon,2026-04-25T11:05:00+02:00,2026-04-25T11:05:48+02:00,2026-04-25T11:05:48+02:00,48.0,1,Eidsvoll,VYG:Line:RE11,Eidsvoll-Oslo S-Skien,RE11,rail,VYG:ServiceJourney:812_444392-R,True,actual,2026-04-25T11:58:21.163701+02:00
NSR:StopPlace:610,Sandvika stasjon,2026-04-25T11:14:00+02:00,2026-04-25T11:14:17+02:00,2026-04-25T11:14:17+02:00,17.0,1,Asker,VYG:Line:R14,Asker-Oslo S-Kongsvinger,R14,rail,VYG:ServiceJourney:1012_442917-R,True,actual,2026-04-25T11:58:21.163701+02:00
NSR:StopPlace:610,Sandvika stasjon,2026-04-25T11:15:00+02:00,2026-04-25T11:15:20+02:00,2026-04-25T11:15:20+02:00,20.0,1,Lillehammer,VYG:Line:RE10,Drammen-Oslo S-Lillehammer,RE10,rail,VYG:ServiceJourney:315-SUD_444173-R,True,actual,2026-04-25T11:58:21.163701+02:00
NSR:StopPlace:610,Sandvika stasjon,2026-04-25T11:18:00+02:00,2026-04-25T11:20:03+02:00,2026-04-25T11:20:03+02:00,123.0,1,Lillestrøm,VYG:Line:L1,Spikkestad-Oslo S-Lillestrøm,L1,rail,VYG:ServiceJourney:2228_443628-R,True,actual,2026-04-25T11:58:21.163701+02:00
NSR:StopPlace:610,Sandvika stasjon,2026-04-25T11:20:00+02:00,2026-04-25T11:20:56+02:00,2026-04-25T11:20:56+02:00,56.0,1,Oslo Lufthavn,FLT:Line:FLY1,FLY1,FLY1,rail,FLT:ServiceJourney:1-2614-3743-20260425,True,actual,2026-04-25T11:58:21.163701+02:00
NSR:StopPlace:610,Sandvika stasjon,2026-04-25T11:24:00+02:00,2026-04-25T11:25:48+02:00,2026-04-25T11:25:48+02:00,108.0,1,Kongsberg,VYG:Line:R12,Kongsberg-Oslo S-Eidsvoll,R12,rail,VYG:ServiceJourney:513_444309-R,True,actual,2026-04-25T11:58:21.163701+02:00
NSR:StopPlace:610,Sandvika stasjon,2026-04-25T11:25:00+02:00,2026-04-25T11:26:01+02:00,2026-04-25T11:26:01+02:00,61.0,1,Dal,VYG:Line:R13,Drammen-Oslo S-Dal,R13,rail,VYG:ServiceJourney:1627_443269-R,True,actual,2026-04-25T11:58:21.163701+02:00
NSR:StopPlace:610,Sandvika stasjon,2026-04-25T11:31:00+02:00,2026-04-25T11:31:18+02:00,2026-04-25T11:31:18+02:00,18.0,1,Spikkestad,VYG:Line:L1,Spikkestad-Oslo S-Lillestrøm,L1,rail,VYG:ServiceJourney:2225_443623-R,True,actual,2026-04-25T11:58:21.163701+02:00
NSR:StopPlace:610,Sandvika stasjon,2026-04-25T11:35:00+02:00,2026-04-25T11:35:19+02:00,2026-04-25T11:35:19+02:00,19.0,1,Eidsvoll,VYG:Line:R12,Kongsberg-Oslo S-Eidsvoll,R12,rail,VYG:ServiceJourney:514_444311-R,True,actual,2026-04-25T11:58:21.163701+02:00
NSR:StopPlace:610,Sandvika stasjon,2026-04-25T11:34:00+02:00,2026-04-25T11:36:51+02:00,2026-04-25T11:36:51+02:00,171.0,1,Drammen,VYG:Line:R13,Drammen-Oslo S-Dal,R13,rail,VYG:ServiceJourney:1624_443264-R,True,actual,2026-04-25T11:58:21.163701+02:00
NSR:StopPlace:610,Sandvika stasjon,2026-04-25T11:40:00+02:00,2026-04-25T11:41:19+02:00,2026-04-25T11:41:19+02:00,79.0,1,Oslo Lufthavn,FLT:Line:FLY1,FLY1,FLY1,rail,FLT:ServiceJourney:1-2614-3745-20260425,True,actual,2026-04-25T11:58:21.163701+02:00
NSR:StopPlace:610,Sandvika stasjon,2026-04-25T11:44:00+02:00,2026-04-25T11:44:33+02:00,2026-04-25T11:44:33+02:00,33.0,1,Drammen,VYG:Line:RE10,Drammen-Oslo S-Lillehammer,RE10,rail,VYG:ServiceJourney:312-HHS_486388-R,True,actual,2026-04-25T11:58:21.163701+02:00
NSR:StopPlace:610,Sandvika stasjon,2026-04-25T11:45:00+02:00,2026-04-25T11:45:28+02:00,2026-04-25T11:45:28+02:00,28.0,1,Kongsvinger,VYG:Line:R14,Asker-Oslo S-Kongsvinger,R14,rail,VYG:ServiceJourney:1015_442921-R,True,actual,2026-04-25T11:58:21.163701+02:00
NSR:StopPlace:610,Sandvika stasjon,2026-04-25T11:48:00+02:00,2026-04-25T11:48:38+02:00,2026-04-25T11:48:38+02:00,38.0,1,Lillestrøm,VYG:Line:L1,Spikkestad-Oslo S-Lillestrøm,L1,rail,VYG:ServiceJourney:2230_443632-R,True,actual,2026-04-25T11:58:21.163701+02:00
NSR:StopPlace:610,Sandvika stasjon,2026-04-25T11:54:00+02:00,2026-04-25T11:55:01+02:00,2026-04-25T11:55:01+02:00,61.0,1,Skien,VYG:Line:RE11,Eidsvoll-Oslo S-Skien,RE11,rail,VYG:ServiceJourney:815_444395-R,True,actual,2026-04-25T11:58:21.163701+02:00
NSR:StopPlace:610,Sandvika stasjon,2026-04-25T11:55:00+02:00,2026-04-25T11:55:07+02:00,2026-04-25T11:55:07+02:00,7.0,1,Dal,VYG:Line:R13,Drammen-Oslo S-Dal,R13,rail,VYG:ServiceJourney:1629_443274-R,True,actual,2026-04-25T11:58:21.163701+02:00
NSR:StopPlace:610,Sandvika stasjon,2026-04-25T12:00:00+02:00,2026-04-25T12:00:16+02:00,,16.0,1,Oslo Lufthavn,FLT:Line:FLY1,FLY1,FLY1,rail,FLT:ServiceJourney:1-2614-3747-20260425,True,expected,2026-04-25T11:58:21.163701+02:00
NSR:StopPlace:610,Sandvika stasjon,2026-04-25T12:01:00+02:00,2026-04-25T12:02:20+02:00,,80.0,1,Spikkestad,VYG:Line:L1,Spikkestad-Oslo S-Lillestrøm,L1,rail,VYG:ServiceJourney:2227_443627-R,True,expected,2026-04-25T11:58:21.163701+02:00
NSR:StopPlace:610,Sandvika stasjon,2026-04-25T12:05:00+02:00,2026-04-25T12:05:00+02:00,,0.0,0,Eidsvoll,VYG:Line:RE11,Eidsvoll-Oslo S-Skien,RE11,rail,VYG:ServiceJourney:814_444394-R,True,planned,2026-04-25T11:58:21.163701+02:00
NSR:StopPlace:610,Sandvika stasjon,2026-04-25T12:04:00+02:00,2026-04-25T12:05:47+02:00,,107.0,1,Drammen,VYG:Line:R13,Drammen-Oslo S-Dal,R13,rail,VYG:ServiceJourney:1626_443268-R,True,expected,2026-04-25T11:58:21.163701+02:00
NSR:StopPlace:610,Sandvika stasjon,2026-04-25T12:14:00+02:00,2026-04-25T12:14:00+02:00,,0.0,0,Asker,VYG:Line:R14,Asker-Oslo S-Kongsvinger,R14,rail,VYG:ServiceJourney:1014_442919-R,True,planned,2026-04-25T11:58:21.163701+02:00
NSR:StopPlace:610,Sandvika stasjon,2026-04-25T12:15:00+02:00,2026-04-25T12:15:00+02:00,,0.0,0,Lillehammer,VYG:Line:RE10,Drammen-Oslo S-Lillehammer,RE10,rail,VYG:ServiceJourney:317-SUD_481291-R,True,planned,2026-04-25T11:58:21.163701+02:00
NSR:StopPlace:610,Sandvika stasjon,2026-04-25T12:18:00+02:00,2026-04-25T12:18:00+02:00,,0.0,0,Lillestrøm,VYG:Line:L1,Spikkestad-Oslo S-Lillestrøm,L1,rail,VYG:ServiceJourney:2232_443636-R,True,planned,2026-04-25T11:58:21.163701+02:00
NSR:StopPlace:610,Sandvika stasjon,2026-04-25T12:20:00+02:00,2026-04-25T12:20:00+02:00,,0.0,0,Oslo Lufthavn,FLT:Line:FLY1,FLY1,FLY1,rail,FLT:ServiceJourney:1-2614-3749-20260425,True,planned,2026-04-25T11:58:21.163701+02:00
NSR:StopPlace:610,Sandvika stasjon,2026-04-25T12:24:00+02:00,2026-04-25T12:24:00+02:00,,0.0,0,Kongsberg,VYG:Line:R12,Kongsberg-Oslo S-Eidsvoll,R12,rail,VYG:ServiceJourney:515_444313-R,True,planned,2026-04-25T11:58:21.163701+02:00
NSR:StopPlace:610,Sandvika stasjon,2026-04-25T12:25:00+02:00,2026-04-25T12:25:00+02:00,,0.0,0,Dal,VYG:Line:R13,Drammen-Oslo S-Dal,R13,rail,VYG:ServiceJourney:1631_443278-R,True,planned,2026-04-25T11:58:21.163701+02:00
NSR:StopPlace:610,Sandvika stasjon,2026-04-25T12:31:00+02:00,2026-04-25T12:31:36+02:00,,36.0,1,Spikkestad,VYG:Line:L1,Spikkestad-Oslo S-Lillestrøm,L1,rail,VYG:ServiceJourney:2229_443629-R,True,expected,2026-04-25T11:58:21.163701+02:00
NSR:StopPlace:610,Sandvika stasjon,2026-04-25T12:34:00+02:00,2026-04-25T12:34:00+02:00,,0.0,0,Drammen,VYG:Line:R13,Drammen-Oslo S-Dal,R13,rail,VYG:ServiceJourney:1628_481149-R,True,planned,2026-04-25T11:58:21.163701+02:00
NSR:StopPlace:610,Sandvika stasjon,2026-04-25T12:35:00+02:00,2026-04-25T12:35:00+02:00,,0.0,0,Eidsvoll,VYG:Line:R12,Kongsberg-Oslo S-Eidsvoll,R12,rail,VYG:ServiceJourney:516_444315-R,True,planned,2026-04-25T11:58:21.163701+02:00
NSR:StopPlace:610,Sandvika stasjon,2026-04-25T12:40:00+02:00,2026-04-25T12:40:00+02:00,,0.0,0,Oslo Lufthavn,FLT:Line:FLY1,FLY1,FLY1,rail,FLT:ServiceJourney:1-2614-3751-20260425,True,planned,2026-04-25T11:58:21.163701+02:00
NSR:StopPlace:610,Sandvika stasjon,2026-04-25T12:44:00+02:00,2026-04-25T12:44:00+02:00,,0.0,0,Drammen,VYG:Line:RE10,Drammen-Oslo S-Lillehammer,RE10,rail,VYG:ServiceJourney:314-HVE_488405-R,True,planned,2026-04-25T11:58:21.163701+02:00
NSR:StopPlace:610,Sandvika stasjon,2026-04-25T12:45:00+02:00,2026-04-25T12:45:00+02:00,,0.0,0,Kongsvinger,VYG:Line:R14,Asker-Oslo S-Kongsvinger,R14,rail,VYG:ServiceJourney:1017_442923-R,True,planned,2026-04-25T11:58:21.163701+02:00
NSR:StopPlace:610,Sandvika stasjon,2026-04-25T12:48:00+02:00,2026-04-25T12:48:00+02:00,,0.0,0,Lillestrøm,VYG:Line:L1,Spikkestad-Oslo S-Lillestrøm,L1,rail,VYG:ServiceJourney:2234_443639-R,True,planned,2026-04-25T11:58:21.163701+02:00
NSR:StopPlace:610,Sandvika stasjon,2026-04-25T12:54:00+02:00,2026-04-25T12:54:00+02:00,,0.0,0,Skien,VYG:Line:RE11,Eidsvoll-Oslo S-Skien,RE11,rail,VYG:ServiceJourney:817_444397-R,True,planned,2026-04-25T11:58:21.163701+02:00
NSR:StopPlace:610,Sandvika stasjon,2026-04-25T12:55:00+02:00,2026-04-25T12:55:00+02:00,,0.0,0,Dal,VYG:Line:R13,Drammen-Oslo S-Dal,R13,rail,VYG:ServiceJourney:1633_443282-R,True,planned,2026-04-25T11:58:21.163701+02:00
NSR:StopPlace:62094,Lindeberg stasjon,2026-04-25T10:48:00+02:00,2026-04-25T10:50:00+02:00,2026-04-25T10:50:00+02:00,120.0,1,Drammen,VYG:Line:R13,Drammen-Oslo S-Dal,R13,rail,VYG:ServiceJourney:1624_443264-R,True,actual,2026-04-25T11:58:21.163701+02:00
NSR:StopPlace:62094,Lindeberg stasjon,2026-04-25T11:07:00+02:00,2026-04-25T11:08:31+02:00,2026-04-25T11:08:31+02:00,91.0,1,Dal,VYG:Line:R13,Drammen-Oslo S-Dal,R13,rail,VYG:ServiceJourney:1623_481146-R,True,actual,2026-04-25T11:58:21.163701+02:00
NSR:StopPlace:62094,Lindeberg stasjon,2026-04-25T11:18:00+02:00,2026-04-25T11:18:56+02:00,2026-04-25T11:18:56+02:00,56.0,1,Drammen,VYG:Line:R13,Drammen-Oslo S-Dal,R13,rail,VYG:ServiceJourney:1626_443268-R,True,actual,2026-04-25T11:58:21.163701+02:00
NSR:StopPlace:62094,Lindeberg stasjon,2026-04-25T11:37:00+02:00,2026-04-25T11:37:32+02:00,2026-04-25T11:37:32+02:00,32.0,1,Dal,VYG:Line:R13,Drammen-Oslo S-Dal,R13,rail,VYG:ServiceJourney:1625_481147-R,True,actual,2026-04-25T11:58:21.163701+02:00
NSR:StopPlace:62094,Lindeberg stasjon,2026-04-25T11:48:00+02:00,2026-04-25T11:48:17+02:00,2026-04-25T11:48:17+02:00,17.0,1,Drammen,VYG:Line:R13,Drammen-Oslo S-Dal,R13,rail,VYG:ServiceJourney:1628_481149-R,True,actual,2026-04-25T11:58:21.163701+02:00
NSR:StopPlace:62094,Lindeberg stasjon,2026-04-25T12:07:00+02:00,2026-04-25T12:07:00+02:00,,0.0,0,Dal,VYG:Line:R13,Drammen-Oslo S-Dal,R13,rail,VYG:ServiceJourney:1627_443269-R,True,planned,2026-04-25T11:58:21.163701+02:00
NSR:StopPlace:62094,Lindeberg stasjon,2026-04-25T12:18:00+02:00,2026-04-25T12:18:00+02:00,,0.0,0,Drammen,VYG:Line:R13,Drammen-Oslo S-Dal,R13,rail,VYG:ServiceJourney:1630_481151-R,True,planned,2026-04-25T11:58:21.163701+02:00
NSR:StopPlace:62094,Lindeberg stasjon,2026-04-25T12:37:00+02:00,2026-04-25T12:37:00+02:00,,0.0,0,Dal,VYG:Line:R13,Drammen-Oslo S-Dal,R13,rail,VYG:ServiceJourney:1629_443274-R,True,planned,2026-04-25T11:58:21.163701+02:00
NSR:StopPlace:62094,Lindeberg stasjon,2026-04-25T12:48:00+02:00,2026-04-25T12:48:00+02:00,,0.0,0,Drammen,VYG:Line:R13,Drammen-Oslo S-Dal,R13,rail,VYG:ServiceJourney:1632_443281-R,True,planned,2026-04-25T11:58:21.163701+02:00
NSR:StopPlace:62306,Katterjåkk station,2026-04-25T11:43:00+02:00,2026-04-25T11:43:00+02:00,,0.0,0,Narvik,SJV:Line:0ff9f2b9-fbe5-4761-8a29-8813be35efaa,Stockholm-Narvik (-Luleå),,rail,SJV:ServiceJourney:49e596e3-fc29-4fda-a748-69c20d266c77,False,planned,2026-04-25T11:58:21.163701+02:00
NSR:StopPlace:62309,Ljan stasjon,2026-04-25T10:54:00+02:00,2026-04-25T10:54:01+02:00,2026-04-25T10:54:01+02:00,1.0,1,Ski,VYG:Line:L2,Stabekk-Oslo S-Ski,L2,rail,VYG:ServiceJourney:2723-HVK_443930-R,True,actual,2026-04-25T11:58:21.163701+02:00
NSR:StopPlace:62309,Ljan stasjon,2026-04-25T11:05:00+02:00,2026-04-25T11:05:07+02:00,2026-04-25T11:05:07+02:00,7.0,1,Stabekk,VYG:Line:L2,Stabekk-Oslo S-Ski,L2,rail,VYG:ServiceJourney:2728-SKI_443935-R,True,actual,2026-04-25T11:58:21.163701+02:00
NSR:StopPlace:62309,Ljan stasjon,2026-04-25T11:09:00+02:00,2026-04-25T11:15:13+02:00,2026-04-25T11:15:13+02:00,373.0,1,Ski,VYG:Line:L2,Stabekk-Oslo S-Ski,L2,rail,VYG:ServiceJourney:2823_452039-R,True,actual,2026-04-25T11:58:21.163701+02:00
NSR:StopPlace:62309,Ljan stasjon,2026-04-25T11:20:00+02:00,2026-04-25T11:21:23+02:00,2026-04-25T11:21:23+02:00,83.0,1,Lysaker,VYG:Line:L2,Stabekk-Oslo S-Ski,L2,rail,VYG:ServiceJourney:2828-SKI_452042-R,True,actual,2026-04-25T11:58:21.163701+02:00
NSR:StopPlace:62309,Ljan stasjon,2026-04-25T11:24:00+02:00,2026-04-25T11:24:12+02:00,2026-04-25T11:24:12+02:00,12.0,1,Ski,VYG:Line:L2,Stabekk-Oslo S-Ski,L2,rail,VYG:ServiceJourney:2725-HVK_443932-R,True,actual,2026-04-25T11:58:21.163701+02:00
NSR:StopPlace:62309,Ljan stasjon,2026-04-25T11:39:00+02:00,2026-04-25T11:39:06+02:00,2026-04-25T11:39:06+02:00,6.0,1,Ski,VYG:Line:L2,Stabekk-Oslo S-Ski,L2,rail,VYG:ServiceJourney:2825_452040-R,True,actual,2026-04-25T11:58:21.163701+02:00
NSR:StopPlace:62309,Ljan stasjon,2026-04-25T11:35:00+02:00,2026-04-25T11:41:12+02:00,2026-04-25T11:41:12+02:00,372.0,1,Stabekk,VYG:Line:L2,Stabekk-Oslo S-Ski,L2,rail,VYG:ServiceJourney:2730-SKI_443938-R,True,actual,2026-04-25T11:58:21.163701+02:00
NSR:StopPlace:62309,Ljan stasjon,2026-04-25T11:50:00+02:00,2026-04-25T11:50:06+02:00,2026-04-25T11:50:06+02:00,6.0,1,Lysaker,VYG:Line:L2,Stabekk-Oslo S-Ski,L2,rail,VYG:ServiceJourney:2830-SKI_452044-R,True,actual,2026-04-25T11:58:21.163701+02:00
NSR:StopPlace:62309,Ljan stasjon,2026-04-25T11:54:00+02:00,2026-04-25T11:56:13+02:00,2026-04-25T11:56:13+02:00,133.0,1,Ski,VYG:Line:L2,Stabekk-Oslo S-Ski,L2,rail,VYG:ServiceJourney:2727-HVK_443934-R,True,actual,2026-04-25T11:58:21.163701+02:00
NSR:StopPlace:62309,Ljan stasjon,2026-04-25T12:05:00+02:00,2026-04-25T12:05:00+02:00,,0.0,0,Stabekk,VYG:Line:L2,Stabekk-Oslo S-Ski,L2,rail,VYG:ServiceJourney:2732-SKI_443940-R,True,planned,2026-04-25T11:58:21.163701+02:00
NSR:StopPlace:62309,Ljan stasjon,2026-04-25T12:09:00+02:00,2026-04-25T12:09:48+02:00,,48.0,1,Ski,VYG:Line:L2,Stabekk-Oslo S-Ski,L2,rail,VYG:ServiceJourney:2827-HVK_452041-R,True,expected,2026-04-25T11:58:21.163701+02:00
NSR:StopPlace:62309,Ljan stasjon,2026-04-25T12:20:00+02:00,2026-04-25T12:20:01+02:00,,1.0,1,Lysaker,VYG:Line:L2,Stabekk-Oslo S-Ski,L2,rail,VYG:ServiceJourney:2832-SKI_452046-R,True,expected,2026-04-25T11:58:21.163701+02:00
NSR:StopPlace:62309,Ljan stasjon,2026-04-25T12:24:00+02:00,2026-04-25T12:24:00+02:00,,0.0,0,Ski,VYG:Line:L2,Stabekk-Oslo S-Ski,L2,rail,VYG:ServiceJourney:2729-HVK_443936-R,True,planned,2026-04-25T11:58:21.163701+02:00
NSR:StopPlace:62309,Ljan stasjon,2026-04-25T12:35:00+02:00,2026-04-25T12:35:00+02:00,,0.0,0,Stabekk,VYG:Line:L2,Stabekk-Oslo S-Ski,L2,rail,VYG:ServiceJourney:2734-SKI_443942-R,True,planned,2026-04-25T11:58:21.163701+02:00
NSR:StopPlace:62309,Ljan stasjon,2026-04-25T12:39:00+02:00,2026-04-25T12:39:00+02:00,,0.0,0,Ski,VYG:Line:L2,Stabekk-Oslo S-Ski,L2,rail,VYG:ServiceJourney:2829-HVK_452043-R,True,planned,2026-04-25T11:58:21.163701+02:00
NSR:StopPlace:62309,Ljan stasjon,2026-04-25T12:50:00+02:00,2026-04-25T12:50:00+02:00,,0.0,0,Lysaker,VYG:Line:L2,Stabekk-Oslo S-Ski,L2,rail,VYG:ServiceJourney:2834-SKI_452048-R,True,planned,2026-04-25T11:58:21.163701+02:00
NSR:StopPlace:62309,Ljan stasjon,2026-04-25T12:54:00+02:00,2026-04-25T12:54:00+02:00,,0.0,0,Ski,VYG:Line:L2,Stabekk-Oslo S-Ski,L2,rail,VYG:ServiceJourney:2731-HVK_443939-R,True,planned,2026-04-25T11:58:21.163701+02:00
NSR:StopPlace:62308,Alna stasjon,2026-04-25T10:48:00+02:00,2026-04-25T10:49:28+02:00,2026-04-25T10:49:28+02:00,88.0,1,Lillestrøm,VYG:Line:L1,Spikkestad-Oslo S-Lillestrøm,L1,rail,VYG:ServiceJourney:2224_443622-R,True,actual,2026-04-25T11:58:21.163701+02:00
NSR:StopPlace:62308,Alna stasjon,2026-04-25T11:02:00+02:00,2026-04-25T11:05:26+02:00,2026-04-25T11:05:26+02:00,206.0,1,Spikkestad,VYG:Line:L1,Spikkestad-Oslo S-Lillestrøm,L1,rail,VYG:ServiceJourney:2225_443623-R,True,actual,2026-04-25T11:58:21.163701+02:00
NSR:StopPlace:62308,Alna stasjon,2026-04-25T11:18:00+02:00,2026-04-25T11:19:06+02:00,2026-04-25T11:19:06+02:00,66.0,1,Lillestrøm,VYG:Line:L1,Spikkestad-Oslo S-Lillestrøm,L1,rail,VYG:ServiceJourney:2226_452018-R,True,actual,2026-04-25T11:58:21.163701+02:00
NSR:StopPlace:62308,Alna stasjon,2026-04-25T11:32:00+02:00,2026-04-25T11:35:47+02:00,2026-04-25T11:35:47+02:00,227.0,1,Spikkestad,VYG:Line:L1,Spikkestad-Oslo S-Lillestrøm,L1,rail,VYG:ServiceJourney:2227_443627-R,True,actual,2026-04-25T11:58:21.163701+02:00
NSR:StopPlace:62308,Alna stasjon,2026-04-25T12:02:00+02:00,2026-04-25T12:05:27+02:00,,207.0,1,Spikkestad,VYG:Line:L1,Spikkestad-Oslo S-Lillestrøm,L1,rail,VYG:ServiceJourney:2229_443629-R,True,expected,2026-04-25T11:58:21.163701+02:00
NSR:StopPlace:62308,Alna stasjon,2026-04-25T12:18:00+02:00,2026-04-25T12:18:00+02:00,,0.0,0,Lillestrøm,VYG:Line:L1,Spikkestad-Oslo S-Lillestrøm,L1,rail,VYG:ServiceJourney:2230_443632-R,True,planned,2026-04-25T11:58:21.163701+02:00
NSR:StopPlace:62308,Alna stasjon,2026-04-25T12:32:00+02:00,2026-04-25T12:32:00+02:00,,0.0,0,Spikkestad,VYG:Line:L1,Spikkestad-Oslo S-Lillestrøm,L1,rail,VYG:ServiceJourney:2231_443635-R,True,planned,2026-04-25T11:58:21.163701+02:00
NSR:StopPlace:62308,Alna stasjon,2026-04-25T12:48:00+02:00,2026-04-25T12:48:00+02:00,,0.0,0,Lillestrøm,VYG:Line:L1,Spikkestad-Oslo S-Lillestrøm,L1,rail,VYG:ServiceJourney:2232_443636-R,True,planned,2026-04-25T11:58:21.163701+02:00
NSR:StopPlace:62317,Bjørnfjell stasjon,2026-04-25T12:00:00+02:00,2026-04-25T12:00:00+02:00,,0.0,0,Narvik,SJV:Line:0ff9f2b9-fbe5-4761-8a29-8813be35efaa,Stockholm-Narvik (-Luleå),,rail,SJV:ServiceJourney:49e596e3-fc29-4fda-a748-69c20d266c77,False,planned,2026-04-25T11:58:21.163701+02:00
NSR:StopPlace:62311,Vigrestad stasjon,2026-04-25T10:42:00+02:00,2026-04-25T10:42:29+02:00,2026-04-25T10:42:29+02:00,29.0,1,Stavanger,GOA:Line:59,Jærbanen,L5,rail,GOA:ServiceJourney:3025_63059-R,True,actual,2026-04-25T11:58:21.163701+02:00
NSR:StopPlace:62311,Vigrestad stasjon,2026-04-25T10:42:00+02:00,2026-04-25T10:42:41+02:00,2026-04-25T10:42:41+02:00,41.0,1,Egersund,GOA:Line:59,Jærbanen,L5,rail,GOA:ServiceJourney:3024_63058-R,True,actual,2026-04-25T11:58:21.163701+02:00
NSR:StopPlace:62311,Vigrestad stasjon,2026-04-25T11:44:00+02:00,2026-04-25T11:45:05+02:00,2026-04-25T11:45:05+02:00,65.0,1,Egersund,GOA:Line:59,Jærbanen,L5,rail,GOA:ServiceJourney:3028_63064-R,True,actual,2026-04-25T11:58:21.163701+02:00
NSR:StopPlace:62311,Vigrestad stasjon,2026-04-25T11:44:00+02:00,2026-04-25T11:45:56+02:00,2026-04-25T11:45:56+02:00,116.0,1,Stavanger,GOA:Line:59,Jærbanen,L5,rail,GOA:ServiceJourney:3029_63065-R,True,actual,2026-04-25T11:58:21.163701+02:00
NSR:StopPlace:62311,Vigrestad stasjon,2026-04-25T12:42:00+02:00,2026-04-25T12:42:00+02:00,,0.0,0,Stavanger,GOA:Line:59,Jærbanen,L5,rail,GOA:ServiceJourney:3033_63070-R,False,planned,2026-04-25T11:58:21.163701+02:00
NSR:StopPlace:62311,Vigrestad stasjon,2026-04-25T12:42:00+02:00,2026-04-25T12:42:10+02:00,,10.0,1,Egersund,GOA:Line:59,Jærbanen,L5,rail,GOA:ServiceJourney:3032_63069-R,True,expected,2026-04-25T11:58:21.163701+02:00
NSR:StopPlace:62310,Brusand stasjon,2026-04-25T10:46:00+02:00,2026-04-25T10:46:50+02:00,2026-04-25T10:46:50+02:00,50.0,1,Egersund,GOA:Line:59,Jærbanen,L5,rail,GOA:ServiceJourney:3024_63058-R,True,actual,2026-04-25T11:58:21.163701+02:00
NSR:StopPlace:62310,Brusand stasjon,2026-04-25T11:40:00+02:00,2026-04-25T11:40:24+02:00,2026-04-25T11:40:24+02:00,24.0,1,Stavanger,GOA:Line:59,Jærbanen,L5,rail,GOA:ServiceJourney:3029_63065-R,True,actual,2026-04-25T11:58:21.163701+02:00
NSR:StopPlace:62310,Brusand stasjon,2026-04-25T11:48:00+02:00,2026-04-25T11:49:12+02:00,2026-04-25T11:49:12+02:00,72.0,1,Egersund,GOA:Line:59,Jærbanen,L5,rail,GOA:ServiceJourney:3028_63064-R,True,actual,2026-04-25T11:58:21.163701+02:00
NSR:StopPlace:62310,Brusand stasjon,2026-04-25T12:35:00+02:00,2026-04-25T12:35:00+02:00,,0.0,0,Stavanger,GOA:Line:59,Jærbanen,L5,rail,GOA:ServiceJourney:3033_63070-R,False,planned,2026-04-25T11:58:21.163701+02:00
NSR:StopPlace:62310,Brusand stasjon,2026-04-25T12:46:00+02:00,2026-04-25T12:46:10+02:00,,10.0,1,Egersund,GOA:Line:59,Jærbanen,L5,rail,GOA:ServiceJourney:3032_63069-R,True,expected,2026-04-25T11:58:21.163701+02:00
NSR:StopPlace:62339,Lillestrøm stasjon,2026-04-25T10:45:00+02:00,2026-04-25T10:45:26+02:00,2026-04-25T10:45:26+02:00,26.0,1,Lillehammer,VYG:Line:RE10,Drammen-Oslo S-Lillehammer,RE10,rail,VYG:ServiceJourney:313-SUD_444163-R,True,actual,2026-04-25T11:58:21.163701+02:00
NSR:StopPlace:62339,Lillestrøm stasjon,2026-04-25T10:46:00+02:00,2026-04-25T10:46:25+02:00,2026-04-25T10:46:25+02:00,25.0,1,Asker,VYG:Line:R14,Asker-Oslo S-Kongsvinger,R14,rail,VYG:ServiceJourney:1012_442917-R,True,actual,2026-04-25T11:58:21.163701+02:00
NSR:StopPlace:62339,Lillestrøm stasjon,2026-04-25T10:50:00+02:00,2026-04-25T10:50:26+02:00,2026-04-25T10:50:26+02:00,26.0,1,Oslo Lufthavn,FLT:Line:FLY1,FLY1,FLY1,rail,FLT:ServiceJourney:1-2614-3737-20260425,True,actual,2026-04-25T11:58:21.163701+02:00
NSR:StopPlace:62339,Lillestrøm stasjon,2026-04-25T10:55:00+02:00,2026-04-25T10:55:44+02:00,2026-04-25T10:55:44+02:00,44.0,1,Dal,VYG:Line:R13,Drammen-Oslo S-Dal,R13,rail,VYG:ServiceJourney:1623_481146-R,True,actual,2026-04-25T11:58:21.163701+02:00
NSR:StopPlace:62339,Lillestrøm stasjon,2026-04-25T10:56:00+02:00,2026-04-25T10:57:03+02:00,2026-04-25T10:57:03+02:00,63.0,1,Kongsberg,VYG:Line:R12,Kongsberg-Oslo S-Eidsvoll,R12,rail,VYG:ServiceJourney:513_444309-R,True,actual,2026-04-25T11:58:21.163701+02:00
NSR:StopPlace:62339,Lillestrøm stasjon,2026-04-25T11:03:00+02:00,2026-04-25T11:04:47+02:00,2026-04-25T11:04:47+02:00,107.0,1,Stockholms central,VYG:Line:F1,Oslo S-Kongsvinger--Charlottenberg-Karlstad-Stockholm,F1,rail,VYG:ServiceJourney:8940-LOD_480053-R,True,actual,2026-04-25T11:58:21.163701+02:00
NSR:StopPlace:62339,Lillestrøm stasjon,2026-04-25T11:06:00+02:00,2026-04-25T11:06:21+02:00,2026-04-25T11:06:21+02:00,21.0,1,Drammen,VYG:Line:R13,Drammen-Oslo S-Dal,R13,rail,VYG:ServiceJourney:1624_443264-R,True,actual,2026-04-25T11:58:21.163701+02:00
NSR:StopPlace:62339,Lillestrøm stasjon,2026-04-25T11:05:00+02:00,2026-04-25T11:06:23+02:00,2026-04-25T11:06:23+02:00,83.0,1,Eidsvoll,VYG:Line:R12,Kongsberg-Oslo S-Eidsvoll,R12,rail,VYG:ServiceJourney:512_541888-R,True,actual,2026-04-25T11:58:21.163701+02:00
NSR:StopPlace:62339,Lillestrøm stasjon,2026-04-25T11:10:00+02:00,2026-04-25T11:10:28+02:00,2026-04-25T11:10:28+02:00,28.0,1,Spikkestad,VYG:Line:L1,Spikkestad-Oslo S-Lillestrøm,L1,rail,VYG:ServiceJourney:2227_443627-R,True,actual,2026-04-25T11:58:21.163701+02:00
NSR:StopPlace:62339,Lillestrøm stasjon,2026-04-25T11:10:00+02:00,2026-04-25T11:10:29+02:00,2026-04-25T11:10:29+02:00,29.0,1,Oslo Lufthavn,FLT:Line:FLY1,FLY1,FLY1,rail,FLT:ServiceJourney:1-2614-3739-20260425,True,actual,2026-04-25T11:58:21.163701+02:00
NSR:StopPlace:62339,Lillestrøm stasjon,2026-04-25T11:16:00+02:00,2026-04-25T11:16:24+02:00,2026-04-25T11:16:24+02:00,24.0,1,Drammen,VYG:Line:RE10,Drammen-Oslo S-Lillehammer,RE10,rail,VYG:ServiceJourney:312-HHS_486388-R,True,actual,2026-04-25T11:58:21.163701+02:00
NSR:StopPlace:62339,Lillestrøm stasjon,2026-04-25T11:15:00+02:00,2026-04-25T11:19:09+02:00,2026-04-25T11:19:09+02:00,249.0,1,Kongsvinger,VYG:Line:R14,Asker-Oslo S-Kongsvinger,R14,rail,VYG:ServiceJourney:1013_442918-R,True,actual,2026-04-25T11:58:21.163701+02:00
NSR:StopPlace:62339,Lillestrøm stasjon,2026-04-25T11:25:00+02:00,2026-04-25T11:25:13+02:00,2026-04-25T11:25:13+02:00,13.0,1,Dal,VYG:Line:R13,Drammen-Oslo S-Dal,R13,rail,VYG:ServiceJourney:1625_481147-R,True,actual,2026-04-25T11:58:21.163701+02:00
NSR:StopPlace:62339,Lillestrøm stasjon,2026-04-25T11:26:00+02:00,2026-04-25T11:27:20+02:00,2026-04-25T11:27:20+02:00,80.0,1,Skien,VYG:Line:RE11,Eidsvoll-Oslo S-Skien,RE11,rail,VYG:ServiceJourney:815_444395-R,True,actual,2026-04-25T11:58:21.163701+02:00
NSR:StopPlace:62339,Lillestrøm stasjon,2026-04-25T11:30:00+02:00,2026-04-25T11:30:21+02:00,2026-04-25T11:30:21+02:00,21.0,1,Oslo Lufthavn,FLT:Line:FLY1,FLY1,FLY1,rail,FLT:ServiceJourney:1-2614-3741-20260425,True,actual,2026-04-25T11:58:21.163701+02:00
NSR:StopPlace:62339,Lillestrøm stasjon,2026-04-25T11:35:00+02:00,2026-04-25T11:35:34+02:00,2026-04-25T11:35:34+02:00,34.0,1,Eidsvoll,VYG:Line:RE11,Eidsvoll-Oslo S-Skien,RE11,rail,VYG:ServiceJourney:812_444392-R,True,actual,2026-04-25T11:58:21.163701+02:00
NSR:StopPlace:62339,Lillestrøm stasjon,2026-04-25T11:36:00+02:00,2026-04-25T11:35:57+02:00,2026-04-25T11:35:57+02:00,-3.0,0,Drammen,VYG:Line:R13,Drammen-Oslo S-Dal,R13,rail,VYG:ServiceJourney:1626_443268-R,True,actual,2026-04-25T11:58:21.163701+02:00
NSR:StopPlace:62339,Lillestrøm stasjon,2026-04-25T11:40:00+02:00,2026-04-25T11:44:35+02:00,2026-04-25T11:44:35+02:00,275.0,1,Spikkestad,VYG:Line:L1,Spikkestad-Oslo S-Lillestrøm,L1,rail,VYG:ServiceJourney:2229_443629-R,True,actual,2026-04-25T11:58:21.163701+02:00
NSR:StopPlace:62339,Lillestrøm stasjon,2026-04-25T11:45:00+02:00,2026-04-25T11:45:14+02:00,2026-04-25T11:45:14+02:00,14.0,1,Lillehammer,VYG:Line:RE10,Drammen-Oslo S-Lillehammer,RE10,rail,VYG:ServiceJourney:315-SUD_444173-R,True,actual,2026-04-25T11:58:21.163701+02:00
NSR:StopPlace:62339,Lillestrøm stasjon,2026-04-25T11:46:00+02:00,2026-04-25T11:46:16+02:00,2026-04-25T11:46:16+02:00,16.0,1,Asker,VYG:Line:R14,Asker-Oslo S-Kongsvinger,R14,rail,VYG:ServiceJourney:1014_442919-R,True,actual,2026-04-25T11:58:21.163701+02:00
NSR:StopPlace:62339,Lillestrøm stasjon,2026-04-25T11:50:00+02:00,2026-04-25T11:50:31+02:00,2026-04-25T11:50:31+02:00,31.0,1,Oslo Lufthavn,FLT:Line:FLY1,FLY1,FLY1,rail,FLT:ServiceJourney:1-2614-3743-20260425,True,actual,2026-04-25T11:58:21.163701+02:00
NSR:StopPlace:62339,Lillestrøm stasjon,2026-04-25T11:55:00+02:00,2026-04-25T11:55:09+02:00,2026-04-25T11:55:09+02:00,9.0,1,Dal,VYG:Line:R13,Drammen-Oslo S-Dal,R13,rail,VYG:ServiceJourney:1627_443269-R,True,actual,2026-04-25T11:58:21.163701+02:00
NSR:StopPlace:62339,Lillestrøm stasjon,2026-04-25T11:56:00+02:00,2026-04-25T11:56:09+02:00,2026-04-25T11:56:09+02:00,9.0,1,Kongsberg,VYG:Line:R12,Kongsberg-Oslo S-Eidsvoll,R12,rail,VYG:ServiceJourney:515_444313-R,True,actual,2026-04-25T11:58:21.163701+02:00
NSR:StopPlace:62339,Lillestrøm stasjon,2026-04-25T12:06:00+02:00,2026-04-25T12:06:00+02:00,,0.0,0,Drammen,VYG:Line:R13,Drammen-Oslo S-Dal,R13,rail,VYG:ServiceJourney:1628_481149-R,True,planned,2026-04-25T11:58:21.163701+02:00
NSR:StopPlace:62339,Lillestrøm stasjon,2026-04-25T12:05:00+02:00,2026-04-25T12:06:12+02:00,,72.0,1,Eidsvoll,VYG:Line:R12,Kongsberg-Oslo S-Eidsvoll,R12,rail,VYG:ServiceJourney:514_444311-R,True,expected,2026-04-25T11:58:21.163701+02:00
NSR:StopPlace:62339,Lillestrøm stasjon,2026-04-25T12:10:00+02:00,2026-04-25T12:10:00+02:00,,0.0,0,Oslo Lufthavn,FLT:Line:FLY1,FLY1,FLY1,rail,FLT:ServiceJourney:1-2614-3745-20260425,True,planned,2026-04-25T11:58:21.163701+02:00
NSR:StopPlace:62339,Lillestrøm stasjon,2026-04-25T12:10:00+02:00,2026-04-25T12:10:00+02:00,,0.0,0,Spikkestad,VYG:Line:L1,Spikkestad-Oslo S-Lillestrøm,L1,rail,VYG:ServiceJourney:2231_443635-R,True,planned,2026-04-25T11:58:21.163701+02:00
NSR:StopPlace:62339,Lillestrøm stasjon,2026-04-25T12:15:00+02:00,2026-04-25T12:15:00+02:00,,0.0,0,Kongsvinger,VYG:Line:R14,Asker-Oslo S-Kongsvinger,R14,rail,VYG:ServiceJourney:1015_442921-R,True,planned,2026-04-25T11:58:21.163701+02:00
NSR:StopPlace:62339,Lillestrøm stasjon,2026-04-25T12:16:00+02:00,2026-04-25T12:16:10+02:00,,10.0,1,Drammen,VYG:Line:RE10,Drammen-Oslo S-Lillehammer,RE10,rail,VYG:ServiceJourney:314-HVE_488405-R,True,expected,2026-04-25T11:58:21.163701+02:00
NSR:StopPlace:62339,Lillestrøm stasjon,2026-04-25T12:25:00+02:00,2026-04-25T12:25:00+02:00,,0.0,0,Dal,VYG:Line:R13,Drammen-Oslo S-Dal,R13,rail,VYG:ServiceJourney:1629_443274-R,True,planned,2026-04-25T11:58:21.163701+02:00
NSR:StopPlace:62339,Lillestrøm stasjon,2026-04-25T12:26:00+02:00,2026-04-25T12:26:00+02:00,,0.0,0,Skien,VYG:Line:RE11,Eidsvoll-Oslo S-Skien,RE11,rail,VYG:ServiceJourney:817_444397-R,True,planned,2026-04-25T11:58:21.163701+02:00
NSR:StopPlace:62339,Lillestrøm stasjon,2026-04-25T12:30:00+02:00,2026-04-25T12:30:00+02:00,,0.0,0,Oslo Lufthavn,FLT:Line:FLY1,FLY1,FLY1,rail,FLT:ServiceJourney:1-2614-3747-20260425,True,planned,2026-04-25T11:58:21.163701+02:00
NSR:StopPlace:62339,Lillestrøm stasjon,2026-04-25T12:35:00+02:00,2026-04-25T12:35:00+02:00,,0.0,0,Eidsvoll,VYG:Line:RE11,Eidsvoll-Oslo S-Skien,RE11,rail,VYG:ServiceJourney:814_444394-R,True,planned,2026-04-25T11:58:21.163701+02:00
NSR:StopPlace:62339,Lillestrøm stasjon,2026-04-25T12:36:00+02:00,2026-04-25T12:36:00+02:00,,0.0,0,Drammen,VYG:Line:R13,Drammen-Oslo S-Dal,R13,rail,VYG:ServiceJourney:1630_481151-R,True,planned,2026-04-25T11:58:21.163701+02:00
NSR:StopPlace:62339,Lillestrøm stasjon,2026-04-25T12:40:00+02:00,2026-04-25T12:40:00+02:00,,0.0,0,Spikkestad,VYG:Line:L1,Spikkestad-Oslo S-Lillestrøm,L1,rail,VYG:ServiceJourney:2233_443637-R,True,planned,2026-04-25T11:58:21.163701+02:00
NSR:StopPlace:62339,Lillestrøm stasjon,2026-04-25T12:45:00+02:00,2026-04-25T12:45:00+02:00,,0.0,0,Lillehammer,VYG:Line:RE10,Drammen-Oslo S-Lillehammer,RE10,rail,VYG:ServiceJourney:317-SUD_481291-R,True,planned,2026-04-25T11:58:21.163701+02:00
NSR:StopPlace:62339,Lillestrøm stasjon,2026-04-25T12:46:00+02:00,2026-04-25T12:46:00+02:00,,0.0,0,Asker,VYG:Line:R14,Asker-Oslo S-Kongsvinger,R14,rail,VYG:ServiceJourney:1016_442922-R,True,planned,2026-04-25T11:58:21.163701+02:00
NSR:StopPlace:62339,Lillestrøm stasjon,2026-04-25T12:50:00+02:00,2026-04-25T12:50:00+02:00,,0.0,0,Oslo Lufthavn,FLT:Line:FLY1,FLY1,FLY1,rail,FLT:ServiceJourney:1-2614-3749-20260425,True,planned,2026-04-25T11:58:21.163701+02:00
NSR:StopPlace:62339,Lillestrøm stasjon,2026-04-25T12:55:00+02:00,2026-04-25T12:55:00+02:00,,0.0,0,Dal,VYG:Line:R13,Drammen-Oslo S-Dal,R13,rail,VYG:ServiceJourney:1631_443278-R,True,planned,2026-04-25T11:58:21.163701+02:00
NSR:StopPlace:62339,Lillestrøm stasjon,2026-04-25T12:56:00+02:00,2026-04-25T12:56:00+02:00,,0.0,0,Kongsberg,VYG:Line:R12,Kongsberg-Oslo S-Eidsvoll,R12,rail,VYG:ServiceJourney:517_444316-R,True,planned,2026-04-25T11:58:21.163701+02:00
NSR:StopPlace:62338,Fossum stasjon,2026-04-25T11:54:00+02:00,2026-04-25T11:54:09+02:00,2026-04-25T11:54:09+02:00,9.0,1,Blaker ring,RUT:Line:370,Sørumsand - Blaker - Sørumsand,370A,bus,RUT:ServiceJourney:80f54aad4a272012cd1f78afb16c1194,True,actual,2026-04-25T11:58:21.163701+02:00
NSR:StopPlace:62338,Fossum stasjon,2026-04-25T12:14:00+02:00,2026-04-25T12:15:41+02:00,,101.0,1,Blaker ring,RUT:Line:370,Sørumsand - Blaker - Sørumsand,370A,bus,RUT:ServiceJourney:80f54aad4a272012cd1f78afb16c1194,True,expected,2026-04-25T11:58:21.163701+02:00
NSR:StopPlace:62336,Knapstad stasjon,2026-04-25T11:23:00+02:00,2026-04-25T11:23:06+02:00,,6.0,1,Oslo S,VYG:Line:R22,Skøyen-Oslo S-Mysen-Rakkestad,R22,rail,VYG:ServiceJourney:1916_443458-R,True,expected,2026-04-25T11:58:21.163701+02:00
NSR:StopPlace:62336,Knapstad stasjon,2026-04-25T11:32:00+02:00,2026-04-25T11:32:00+02:00,,0.0,0,Rakkestad,VYG:Line:R22,Skøyen-Oslo S-Mysen-Rakkestad,R22,rail,VYG:ServiceJourney:1913_443452-R,True,planned,2026-04-25T11:58:21.163701+02:00
NSR:StopPlace:62336,Knapstad stasjon,2026-04-25T12:23:00+02:00,2026-04-25T12:23:00+02:00,,0.0,0,Oslo S,VYG:Line:R22,Skøyen-Oslo S-Mysen-Rakkestad,R22,rail,VYG:ServiceJourney:1918_443461-R,True,planned,2026-04-25T11:58:21.163701+02:00
NSR:StopPlace:62336,Knapstad stasjon,2026-04-25T12:32:00+02:00,2026-04-25T12:32:00+02:00,,0.0,0,Rakkestad,VYG:Line:R22,Skøyen-Oslo S-Mysen-Rakkestad,R22,rail,VYG:ServiceJourney:1915_443456-R,True,planned,2026-04-25T11:58:21.163701+02:00
NSR:StopPlace:62335,Eidsberg stasjon,2026-04-25T10:52:00+02:00,2026-04-25T10:52:00+02:00,,0.0,0,Oslo S,VYG:Line:R22,Skøyen-Oslo S-Mysen-Rakkestad,R22,rail,VYG:ServiceJourney:1916_443458-R,True,planned,2026-04-25T11:58:21.163701+02:00
NSR:StopPlace:62335,Eidsberg stasjon,2026-04-25T11:03:00+02:00,2026-04-25T11:03:00+02:00,,0.0,0,Rakkestad,VYG:Line:R22,Skøyen-Oslo S-Mysen-Rakkestad,R22,rail,VYG:ServiceJourney:1911_443449-R,True,planned,2026-04-25T11:58:21.163701+02:00
NSR:StopPlace:62335,Eidsberg stasjon,2026-04-25T11:52:00+02:00,2026-04-25T11:52:00+02:00,,0.0,0,Oslo S,VYG:Line:R22,Skøyen-Oslo S-Mysen-Rakkestad,R22,rail,VYG:ServiceJourney:1918_443461-R,True,planned,2026-04-25T11:58:21.163701+02:00
NSR:StopPlace:62335,Eidsberg stasjon,2026-04-25T12:03:00+02:00,2026-04-25T12:04:11+02:00,,71.0,1,Rakkestad,VYG:Line:R22,Skøyen-Oslo S-Mysen-Rakkestad,R22,rail,VYG:ServiceJourney:1913_443452-R,True,expected,2026-04-25T11:58:21.163701+02:00
NSR:StopPlace:62335,Eidsberg stasjon,2026-04-25T12:52:00+02:00,2026-04-25T12:52:00+02:00,,0.0,0,Oslo S,VYG:Line:R22,Skøyen-Oslo S-Mysen-Rakkestad,R22,rail,VYG:ServiceJourney:1920_443465-R,True,planned,2026-04-25T11:58:21.163701+02:00
NSR:StopPlace:62348,Lesjaverk stasjon,2026-04-25T12:34:00+02:00,2026-04-25T12:34:00+02:00,,0.0,0,Åndalsnes,SJN:Line:22,Raumabanen,R65,rail,SJN:ServiceJourney:2343_30109-R,False,planned,2026-04-25T11:58:21.163701+02:00
NSR:StopPlace:62347,Lesja stasjon,2026-04-25T12:20:00+02:00,2026-04-25T12:20:00+02:00,,0.0,0,Åndalsnes,SJN:Line:22,Raumabanen,R65,rail,SJN:ServiceJourney:2343_30109-R,False,planned,2026-04-25T11:58:21.163701+02:00
NSR:StopPlace:62341,Tangen stasjon,2026-04-25T11:25:00+02:00,2026-04-25T11:27:32+02:00,2026-04-25T11:27:32+02:00,152.0,1,Lillehammer,VYG:Line:RE10,Drammen-Oslo S-Lillehammer,RE10,rail,VYG:ServiceJourney:313-SUD_444163-R,True,actual,2026-04-25T11:58:21.163701+02:00
NSR:StopPlace:62341,Tangen stasjon,2026-04-25T11:34:00+02:00,2026-04-25T11:37:52+02:00,2026-04-25T11:37:52+02:00,232.0,1,Drammen,VYG:Line:RE10,Drammen-Oslo S-Lillehammer,RE10,rail,VYG:ServiceJourney:314-HVE_488405-R,True,actual,2026-04-25T11:58:21.163701+02:00
NSR:StopPlace:62341,Tangen stasjon,2026-04-25T12:25:00+02:00,2026-04-25T12:25:00+02:00,,0.0,0,Lillehammer,VYG:Line:RE10,Drammen-Oslo S-Lillehammer,RE10,rail,VYG:ServiceJourney:315-SUD_444173-R,True,planned,2026-04-25T11:58:21.163701+02:00
NSR:StopPlace:62341,Tangen stasjon,2026-04-25T12:34:00+02:00,2026-04-25T12:34:00+02:00,,0.0,0,Drammen,VYG:Line:RE10,Drammen-Oslo S-Lillehammer,RE10,rail,VYG:ServiceJourney:316-HVE_488409-R,True,planned,2026-04-25T11:58:21.163701+02:00
NSR:StopPlace:62346,Bjorli stasjon,2026-04-25T12:47:00+02:00,2026-04-25T12:47:00+02:00,,0.0,0,Åndalsnes,SJN:Line:22,Raumabanen,R65,rail,SJN:ServiceJourney:2343_30109-R,False,planned,2026-04-25T11:58:21.163701+02:00
NSR:StopPlace:62345,Auma stasjon,2026-04-25T12:53:00+02:00,2026-04-25T12:53:00+02:00,,0.0,0,Røros,SJN:Line:25,Rørosbanen,R60,rail,SJN:ServiceJourney:2383_47880-R,True,planned,2026-04-25T11:58:21.163701+02:00
NSR:StopPlace:62344,Steinvik stasjon,2026-04-25T11:12:00+02:00,2026-04-25T11:12:00+02:00,,0.0,0,Røros,SJN:Line:25,Rørosbanen,R60,rail,SJN:ServiceJourney:2383_47880-R,True,planned,2026-04-25T11:58:21.163701+02:00
NSR:StopPlace:62369,Lilleby stasjon,2026-04-25T11:21:00+02:00,2026-04-25T11:21:00+02:00,,0.0,0,Skatval,SJN:Line:26,Trønderbanen,R70,rail,SJN:ServiceJourney:433-LMO_50206-R,False,planned,2026-04-25T11:58:21.163701+02:00
NSR:StopPlace:62369,Lilleby stasjon,2026-04-25T11:37:00+02:00,2026-04-25T11:37:00+02:00,,0.0,0,Ler,SJN:Line:26,Trønderbanen,R70,rail,SJN:ServiceJourney:430-SKV_50200-R,True,planned,2026-04-25T11:58:21.163701+02:00
NSR:StopPlace:62369,Lilleby stasjon,2026-04-25T12:20:00+02:00,2026-04-25T12:20:00+02:00,,0.0,0,Skatval,SJN:Line:26,Trønderbanen,R70,rail,SJN:ServiceJourney:435-SOeB_50210-R,False,planned,2026-04-25T11:58:21.163701+02:00
NSR:StopPlace:62369,Lilleby stasjon,2026-04-25T12:37:00+02:00,2026-04-25T12:37:00+02:00,,0.0,0,Ler,SJN:Line:26,Trønderbanen,R70,rail,SJN:ServiceJourney:432-SKV_50204-R,True,planned,2026-04-25T11:58:21.163701+02:00
NSR:StopPlace:62361,Reimegrend stasjon,2026-04-25T12:43:00+02:00,2026-04-25T12:43:00+02:00,,0.0,0,Ørneberget,VYG:Line:R40,Bergen-Voss-Myrdal-Ål,R40,rail,VYG:ServiceJourney:BUS-1812_538852-R,False,planned,2026-04-25T11:58:21.163701+02:00
NSR:StopPlace:62360,Kløve stasjon,2026-04-25T12:28:00+02:00,2026-04-25T12:28:00+02:00,,0.0,0,Ørneberget,VYG:Line:R40,Bergen-Voss-Myrdal-Ål,R40,rail,VYG:ServiceJourney:BUS-1812_538852-R,False,planned,2026-04-25T11:58:21.163701+02:00
NSR:StopPlace:62360,Kløve stasjon,2026-04-25T12:40:00+02:00,2026-04-25T12:40:00+02:00,,0.0,0,Voss,VYG:Line:R40,Bergen-Voss-Myrdal-Ål,R40,rail,VYG:ServiceJourney:BUS-1821_538869-R,False,planned,2026-04-25T11:58:21.163701+02:00
NSR:StopPlace:62375,Kotsøy stasjon,2026-04-25T10:48:00+02:00,2026-04-25T10:48:00+02:00,,0.0,0,Hamar,SJN:Line:25,Rørosbanen,R60,rail,SJN:ServiceJourney:2386_44258-R,True,planned,2026-04-25T11:58:21.163701+02:00
NSR:StopPlace:62374,Ålen stasjon,2026-04-25T11:36:00+02:00,2026-04-25T11:36:00+02:00,,0.0,0,Hamar,SJN:Line:25,Rørosbanen,R60,rail,SJN:ServiceJourney:2386_44258-R,True,planned,2026-04-25T11:58:21.163701+02:00
NSR:StopPlace:62379,Bergsgrav stasjon,2026-04-25T10:41:00+02:00,2026-04-25T10:43:15+02:00,2026-04-25T10:43:15+02:00,135.0,1,Levanger,SJN:Line:26,Trønderbanen,R70,rail,SJN:ServiceJourney:90432_34690-R,True,actual,2026-04-25T11:58:21.163701+02:00
NSR:StopPlace:62379,Bergsgrav stasjon,2026-04-25T11:16:00+02:00,2026-04-25T11:16:07+02:00,2026-04-25T11:16:07+02:00,7.0,1,Steinkjer,SJN:Line:26,Trønderbanen,R70,rail,SJN:ServiceJourney:90429_39563-R,True,actual,2026-04-25T11:58:21.163701+02:00
NSR:StopPlace:62379,Bergsgrav stasjon,2026-04-25T11:41:00+02:00,2026-04-25T11:43:17+02:00,2026-04-25T11:43:17+02:00,137.0,1,Levanger,SJN:Line:26,Trønderbanen,R70,rail,SJN:ServiceJourney:90434_33698-R,True,actual,2026-04-25T11:58:21.163701+02:00
NSR:StopPlace:62379,Bergsgrav stasjon,2026-04-25T12:16:00+02:00,2026-04-25T12:16:00+02:00,,0.0,0,Steinkjer,SJN:Line:26,Trønderbanen,R70,rail,SJN:ServiceJourney:90431_36199-R,True,planned,2026-04-25T11:58:21.163701+02:00
NSR:StopPlace:62379,Bergsgrav stasjon,2026-04-25T12:41:00+02:00,2026-04-25T12:41:00+02:00,,0.0,0,Levanger,SJN:Line:26,Trønderbanen,R70,rail,SJN:ServiceJourney:90436_33702-R,True,planned,2026-04-25T11:58:21.163701+02:00
NSR:StopPlace:62378,Røstad stasjon,2026-04-25T10:49:00+02:00,2026-04-25T10:49:00+02:00,,0.0,0,Levanger,SJN:Line:26,Trønderbanen,R70,rail,SJN:ServiceJourney:90432_34690-R,True,planned,2026-04-25T11:58:21.163701+02:00
NSR:StopPlace:62378,Røstad stasjon,2026-04-25T11:08:00+02:00,2026-04-25T11:08:00+02:00,,0.0,0,Steinkjer,SJN:Line:26,Trønderbanen,R70,rail,SJN:ServiceJourney:90429_39563-R,True,planned,2026-04-25T11:58:21.163701+02:00
NSR:StopPlace:62378,Røstad stasjon,2026-04-25T11:49:00+02:00,2026-04-25T11:49:53+02:00,,53.0,1,Melhus,SJN:Line:26,Trønderbanen,R70,rail,SJN:ServiceJourney:90434_33698-R,True,expected,2026-04-25T11:58:21.163701+02:00
NSR:StopPlace:62378,Røstad stasjon,2026-04-25T12:07:00+02:00,2026-04-25T12:08:00+02:00,,60.0,1,Steinkjer,SJN:Line:26,Trønderbanen,R70,rail,SJN:ServiceJourney:90431_36199-R,True,expected,2026-04-25T11:58:21.163701+02:00
NSR:StopPlace:62378,Røstad stasjon,2026-04-25T12:49:00+02:00,2026-04-25T12:49:00+02:00,,0.0,0,Levanger,SJN:Line:26,Trønderbanen,R70,rail,SJN:ServiceJourney:90436_33702-R,True,planned,2026-04-25T11:58:21.163701+02:00
NSR:StopPlace:62371,Sparbu stasjon,2026-04-25T11:24:00+02:00,2026-04-25T11:24:00+02:00,,0.0,0,Levanger,SJN:Line:26,Trønderbanen,R70,rail,SJN:ServiceJourney:90434_33698-R,True,planned,2026-04-25T11:58:21.163701+02:00
NSR:StopPlace:62371,Sparbu stasjon,2026-04-25T11:37:00+02:00,2026-04-25T11:37:00+02:00,,0.0,0,Steinkjer,SJN:Line:26,Trønderbanen,R70,rail,SJN:ServiceJourney:90429_39563-R,True,planned,2026-04-25T11:58:21.163701+02:00
NSR:StopPlace:62371,Sparbu stasjon,2026-04-25T12:24:00+02:00,2026-04-25T12:24:00+02:00,,0.0,0,Levanger,SJN:Line:26,Trønderbanen,R70,rail,SJN:ServiceJourney:90436_33702-R,True,planned,2026-04-25T11:58:21.163701+02:00
NSR:StopPlace:62371,Sparbu stasjon,2026-04-25T12:37:00+02:00,2026-04-25T12:37:00+02:00,,0.0,0,Steinkjer,SJN:Line:26,Trønderbanen,R70,rail,SJN:ServiceJourney:90431_36199-R,True,planned,2026-04-25T11:58:21.163701+02:00
NSR:StopPlace:62380,Røra stasjon,2026-04-25T11:31:00+02:00,2026-04-25T11:31:32+02:00,2026-04-25T11:31:32+02:00,32.0,1,Levanger,SJN:Line:26,Trønderbanen,R70,rail,SJN:ServiceJourney:90434_33698-R,True,actual,2026-04-25T11:58:21.163701+02:00
NSR:StopPlace:62380,Røra stasjon,2026-04-25T12:31:00+02:00,2026-04-25T12:31:00+02:00,,0.0,0,Levanger,SJN:Line:26,Trønderbanen,R70,rail,SJN:ServiceJourney:90436_33702-R,True,planned,2026-04-25T11:58:21.163701+02:00
NSR:StopPlace:62393,Billingstad stasjon,2026-04-25T10:43:00+02:00,2026-04-25T10:43:18+02:00,2026-04-25T10:43:18+02:00,18.0,1,Lillestrøm,VYG:Line:L1,Spikkestad-Oslo S-Lillestrøm,L1,rail,VYG:ServiceJourney:2226_452018-R,True,actual,2026-04-25T11:58:21.163701+02:00
NSR:StopPlace:62393,Billingstad stasjon,2026-04-25T11:06:00+02:00,2026-04-25T11:06:39+02:00,2026-04-25T11:06:39+02:00,39.0,1,Spikkestad,VYG:Line:L1,Spikkestad-Oslo S-Lillestrøm,L1,rail,VYG:ServiceJourney:2223_443621-R,True,actual,2026-04-25T11:58:21.163701+02:00
NSR:StopPlace:62393,Billingstad stasjon,2026-04-25T11:13:00+02:00,2026-04-25T11:14:52+02:00,2026-04-25T11:14:52+02:00,112.0,1,Lillestrøm,VYG:Line:L1,Spikkestad-Oslo S-Lillestrøm,L1,rail,VYG:ServiceJourney:2228_443628-R,True,actual,2026-04-25T11:58:21.163701+02:00
NSR:StopPlace:62393,Billingstad stasjon,2026-04-25T11:36:00+02:00,2026-04-25T11:36:13+02:00,2026-04-25T11:36:13+02:00,13.0,1,Spikkestad,VYG:Line:L1,Spikkestad-Oslo S-Lillestrøm,L1,rail,VYG:ServiceJourney:2225_443623-R,True,actual,2026-04-25T11:58:21.163701+02:00
NSR:StopPlace:62393,Billingstad stasjon,2026-04-25T11:43:00+02:00,2026-04-25T11:43:04+02:00,2026-04-25T11:43:04+02:00,4.0,1,Lillestrøm,VYG:Line:L1,Spikkestad-Oslo S-Lillestrøm,L1,rail,VYG:ServiceJourney:2230_443632-R,True,actual,2026-04-25T11:58:21.163701+02:00
NSR:StopPlace:62393,Billingstad stasjon,2026-04-25T12:06:00+02:00,2026-04-25T12:06:40+02:00,,40.0,1,Spikkestad,VYG:Line:L1,Spikkestad-Oslo S-Lillestrøm,L1,rail,VYG:ServiceJourney:2227_443627-R,True,expected,2026-04-25T11:58:21.163701+02:00
NSR:StopPlace:62393,Billingstad stasjon,2026-04-25T12:13:00+02:00,2026-04-25T12:13:00+02:00,,0.0,0,Lillestrøm,VYG:Line:L1,Spikkestad-Oslo S-Lillestrøm,L1,rail,VYG:ServiceJourney:2232_443636-R,True,planned,2026-04-25T11:58:21.163701+02:00
NSR:StopPlace:62393,Billingstad stasjon,2026-04-25T12:36:00+02:00,2026-04-25T12:36:00+02:00,,0.0,0,Spikkestad,VYG:Line:L1,Spikkestad-Oslo S-Lillestrøm,L1,rail,VYG:ServiceJourney:2229_443629-R,True,planned,2026-04-25T11:58:21.163701+02:00
NSR:StopPlace:62393,Billingstad stasjon,2026-04-25T12:43:00+02:00,2026-04-25T12:43:00+02:00,,0.0,0,Lillestrøm,VYG:Line:L1,Spikkestad-Oslo S-Lillestrøm,L1,rail,VYG:ServiceJourney:2234_443639-R,True,planned,2026-04-25T11:58:21.163701+02:00
NSR:StopPlace:62392,Slependen stasjon,2026-04-25T10:45:00+02:00,2026-04-25T10:45:45+02:00,2026-04-25T10:45:45+02:00,45.0,1,Lillestrøm,VYG:Line:L1,Spikkestad-Oslo S-Lillestrøm,L1,rail,VYG:ServiceJourney:2226_452018-R,True,actual,2026-04-25T11:58:21.163701+02:00
NSR:StopPlace:62392,Slependen stasjon,2026-04-25T11:03:00+02:00,2026-04-25T11:04:00+02:00,2026-04-25T11:04:00+02:00,60.0,1,Spikkestad,VYG:Line:L1,Spikkestad-Oslo S-Lillestrøm,L1,rail,VYG:ServiceJourney:2223_443621-R,True,actual,2026-04-25T11:58:21.163701+02:00
NSR:StopPlace:62392,Slependen stasjon,2026-04-25T11:15:00+02:00,2026-04-25T11:17:08+02:00,2026-04-25T11:17:08+02:00,128.0,1,Lillestrøm,VYG:Line:L1,Spikkestad-Oslo S-Lillestrøm,L1,rail,VYG:ServiceJourney:2228_443628-R,True,actual,2026-04-25T11:58:21.163701+02:00
NSR:StopPlace:62392,Slependen stasjon,2026-04-25T11:33:00+02:00,2026-04-25T11:33:57+02:00,2026-04-25T11:33:57+02:00,57.0,1,Spikkestad,VYG:Line:L1,Spikkestad-Oslo S-Lillestrøm,L1,rail,VYG:ServiceJourney:2225_443623-R,True,actual,2026-04-25T11:58:21.163701+02:00
NSR:StopPlace:62392,Slependen stasjon,2026-04-25T11:45:00+02:00,2026-04-25T11:45:35+02:00,2026-04-25T11:45:35+02:00,35.0,1,Lillestrøm,VYG:Line:L1,Spikkestad-Oslo S-Lillestrøm,L1,rail,VYG:ServiceJourney:2230_443632-R,True,actual,2026-04-25T11:58:21.163701+02:00
NSR:StopPlace:62392,Slependen stasjon,2026-04-25T12:03:00+02:00,2026-04-25T12:04:20+02:00,,80.0,1,Spikkestad,VYG:Line:L1,Spikkestad-Oslo S-Lillestrøm,L1,rail,VYG:ServiceJourney:2227_443627-R,True,expected,2026-04-25T11:58:21.163701+02:00
NSR:StopPlace:62392,Slependen stasjon,2026-04-25T12:15:00+02:00,2026-04-25T12:15:00+02:00,,0.0,0,Lillestrøm,VYG:Line:L1,Spikkestad-Oslo S-Lillestrøm,L1,rail,VYG:ServiceJourney:2232_443636-R,True,planned,2026-04-25T11:58:21.163701+02:00
NSR:StopPlace:62392,Slependen stasjon,2026-04-25T12:33:00+02:00,2026-04-25T12:33:36+02:00,,36.0,1,Spikkestad,VYG:Line:L1,Spikkestad-Oslo S-Lillestrøm,L1,rail,VYG:ServiceJourney:2229_443629-R,True,expected,2026-04-25T11:58:21.163701+02:00
NSR:StopPlace:62392,Slependen stasjon,2026-04-25T12:45:00+02:00,2026-04-25T12:45:00+02:00,,0.0,0,Lillestrøm,VYG:Line:L1,Spikkestad-Oslo S-Lillestrøm,L1,rail,VYG:ServiceJourney:2234_443639-R,True,planned,2026-04-25T11:58:21.163701+02:00
NSR:StopPlace:62287,Åmotfors station,2026-04-25T12:46:00+02:00,2026-04-25T12:46:00+02:00,,0.0,0,Stockholms central,VYG:Line:F1,Oslo S-Kongsvinger--Charlottenberg-Karlstad-Stockholm,F1,rail,VYG:ServiceJourney:8940-LOD_480053-R,True,planned,2026-04-25T11:58:21.163701+02:00
NSR:StopPlace:62456,Kvitfjell stasjon,2026-04-25T12:18:00+02:00,2026-04-25T12:18:00+02:00,,0.0,0,Oslo S,SJN:Line:21,Dovrebanen,F6,rail,SJN:ServiceJourney:42-TND_30140-R,True,planned,2026-04-25T11:58:21.163701+02:00
NSR:StopPlace:61979,Hellvik stasjon,2026-04-25T10:58:00+02:00,2026-04-25T10:58:43+02:00,2026-04-25T10:58:43+02:00,43.0,1,Egersund,GOA:Line:59,Jærbanen,L5,rail,GOA:ServiceJourney:3024_63058-R,True,actual,2026-04-25T11:58:21.163701+02:00
NSR:StopPlace:61979,Hellvik stasjon,2026-04-25T11:26:00+02:00,2026-04-25T11:26:21+02:00,2026-04-25T11:26:21+02:00,21.0,1,Stavanger,GOA:Line:59,Jærbanen,L5,rail,GOA:ServiceJourney:3029_63065-R,True,actual,2026-04-25T11:58:21.163701+02:00
NSR:StopPlace:61979,Hellvik stasjon,2026-04-25T12:00:00+02:00,2026-04-25T12:00:51+02:00,,51.0,1,Egersund,GOA:Line:59,Jærbanen,L5,rail,GOA:ServiceJourney:3028_63064-R,True,expected,2026-04-25T11:58:21.163701+02:00
NSR:StopPlace:61979,Hellvik stasjon,2026-04-25T12:23:00+02:00,2026-04-25T12:23:00+02:00,,0.0,0,Stavanger,GOA:Line:59,Jærbanen,L5,rail,GOA:ServiceJourney:3033_63070-R,False,planned,2026-04-25T11:58:21.163701+02:00
NSR:StopPlace:61979,Hellvik stasjon,2026-04-25T12:58:00+02:00,2026-04-25T12:58:10+02:00,,10.0,1,Egersund,GOA:Line:59,Jærbanen,L5,rail,GOA:ServiceJourney:3032_63069-R,True,expected,2026-04-25T11:58:21.163701+02:00
