stationId,stationName,scheduledDeparture,expectedDeparture,actualDeparture,delaySeconds,isDelayed,destination,lineId,lineName,lineCode,transportMode,serviceJourneyId,realtime,delaySource,cancellation,situationSummary,situationDescription,situationReportType,situationSeverity,scrapedAt
NSR:StopPlace:58859,Nordby stasjon,2026-08-23T08:03:00+02:00,2026-08-23T08:18:26+02:00,2026-08-23T08:18:26+02:00,926.0,1,Drammen,VYG:Line:R13,Drammen-Oslo S-Dal,R13,rail,VYG:ServiceJourney:1614_443243-R,True,actual,False,,,,,2026-08-23T08:19:38.971673+02:00
NSR:StopPlace:58850,Hauerseter stasjon,2026-08-23T08:00:00+02:00,2026-08-23T08:14:50+02:00,2026-08-23T08:14:50+02:00,890.0,1,Drammen,VYG:Line:R13,Drammen-Oslo S-Dal,R13,rail,VYG:ServiceJourney:1614_443243-R,True,actual,False,,,,,2026-08-23T08:19:38.971673+02:00
NSR:StopPlace:610,Sandvika stasjon,2026-08-23T04:20:00+02:00,2026-08-23T04:33:34+02:00,2026-08-23T04:33:34+02:00,814.0,1,Oslo Lufthavn,FLT:Line:FLY1,FLY1,FLY1,rail,FLT:ServiceJourney:1-2614-3701-20260823,True,actual,False,,,,,2026-08-23T04:52:42.669123+02:00
NSR:StopPlace:59651,Skøyen stasjon,2026-08-23T04:29:00+02:00,2026-08-23T04:41:24+02:00,2026-08-23T04:41:24+02:00,744.0,1,Oslo Lufthavn,FLT:Line:FLY1,FLY1,FLY1,rail,FLT:ServiceJourney:1-2614-3701-20260823,True,actual,False,,,,,2026-08-23T04:52:42.669123+02:00
NSR:StopPlace:59647,Dal stasjon,2026-08-23T07:54:00+02:00,2026-08-23T08:05:28+02:00,2026-08-23T08:05:28+02:00,688.0,1,Drammen,VYG:Line:R13,Drammen-Oslo S-Dal,R13,rail,VYG:ServiceJourney:1614_443243-R,True,actual,False,Redusert hastighet: Dal,Dal: Togene kjører saktere. Du må regne med forsinkelser. Dette skyldes en signalfeil.,incident,normal,2026-08-23T08:19:38.971673+02:00
NSR:StopPlace:59616,Asker stasjon,2026-08-23T04:14:00+02:00,2026-08-23T04:24:16+02:00,2026-08-23T04:24:16+02:00,616.0,1,Oslo Lufthavn,FLT:Line:FLY1,FLY1,FLY1,rail,FLT:ServiceJourney:1-2614-3701-20260823,True,actual,False,,,,,2026-08-23T04:52:42.669123+02:00
NSR:StopPlace:59636,Holmlia stasjon,2026-08-23T04:26:00+02:00,2026-08-23T04:35:41+02:00,2026-08-23T04:35:41+02:00,581.0,1,Åsbråten,RUT:Line:3919,Kringsjå - Åsbråten,19N,bus,RUT:ServiceJourney:f932ffb5ff958ce92abd1f666b09cb87,True,actual,False,,,,,2026-08-23T04:52:42.669123+02:00
NSR:StopPlace:58211,Oslo lufthavn,2026-08-23T02:15:00+02:00,2026-08-23T02:24:22+02:00,2026-08-23T02:24:22+02:00,562.0,1,Oslo sentrum via Helsfyr-Hasle-Bislett,NBU:Line:a7c15243-8873-4aee-a8b4-8d22e8ad31dc,Oslo sentrum via Helsfyr-Hasle-Bislett,FB5,bus,NBU:ServiceJourney:06e7211c-88da-48e8-a900-4d069a1d68f4,True,actual,False,,,,,2026-08-23T02:32:00.800137+02:00
NSR:StopPlace:58805,Brumunddal stasjon,2026-08-23T05:40:00+02:00,2026-08-23T05:48:43+02:00,2026-08-23T05:48:43+02:00,523.0,1,Eidsvoll,VYG:Line:RE10,Drammen-Oslo S-Lillehammer,RE10,rail,VYG:ServiceJourney:BUS-304_588871-R,True,actual,False,,,,,2026-08-23T06:25:28.795214+02:00
NSR:StopPlace:59635,Hauketo stasjon,2026-08-23T04:24:00+02:00,2026-08-23T04:32:19+02:00,2026-08-23T04:32:19+02:00,499.0,1,Åsbråten,RUT:Line:3919,Kringsjå - Åsbråten,19N,bus,RUT:ServiceJourney:f932ffb5ff958ce92abd1f666b09cb87,True,actual,False,,,,,2026-08-23T04:52:42.669123+02:00
NSR:StopPlace:59652,Tøyen stasjon,2026-08-23T07:14:00+02:00,2026-08-23T07:22:12+02:00,2026-08-23T07:22:12+02:00,492.0,1,Vippetangen,RUT:Line:60,Vippetangen-Tonsenhagen,60,bus,RUT:ServiceJourney:04cff4447ae38e3ef1d22f167000679b,True,actual,False,,,,,2026-08-23T08:19:38.971673+02:00
NSR:StopPlace:59635,Hauketo stasjon,2026-08-23T02:10:00+02:00,2026-08-23T02:18:09+02:00,2026-08-23T02:18:09+02:00,489.0,1,Ski stasjon,RUT:Line:3981,Nationaltheatret - Ski,81N,bus,RUT:ServiceJourney:7887a5889a2af2641e998f1f20f0104f,True,actual,False,,,,,2026-08-23T02:32:00.800137+02:00
NSR:StopPlace:58811,Moelv stasjon,2026-08-23T05:24:00+02:00,2026-08-23T05:32:02+02:00,2026-08-23T05:32:02+02:00,482.0,1,Eidsvoll,VYG:Line:RE10,Drammen-Oslo S-Lillehammer,RE10,rail,VYG:ServiceJourney:BUS-304_588871-R,True,actual,False,,,,,2026-08-23T06:25:28.795214+02:00
NSR:StopPlace:59635,Hauketo stasjon,2026-08-23T03:40:00+02:00,2026-08-23T03:47:36+02:00,2026-08-23T03:47:36+02:00,456.0,1,Ski stasjon,RUT:Line:3981,Nationaltheatret - Ski,81N,bus,RUT:ServiceJourney:3855349d0893aa4a1d8a9e225f133d38,True,actual,False,,,,,2026-08-23T04:52:42.669123+02:00
NSR:StopPlace:518,Bolstadøyri stasjon,2026-08-23T06:17:00+02:00,2026-08-23T06:24:30+02:00,2026-08-23T06:24:30+02:00,450.0,1,Bergen,VYG:Line:R40,Bergen-Voss-Myrdal-Ål,R40,rail,VYG:ServiceJourney:1807_481187-R,True,actual,False,,,,,2026-08-23T08:19:38.971673+02:00
NSR:StopPlace:151,Evanger stasjon,2026-08-23T06:09:00+02:00,2026-08-23T06:16:29+02:00,2026-08-23T06:16:29+02:00,449.0,1,Bergen,VYG:Line:R40,Bergen-Voss-Myrdal-Ål,R40,rail,VYG:ServiceJourney:1807_481187-R,True,actual,False,,,,,2026-08-23T08:19:38.971673+02:00
NSR:StopPlace:59872,Oslo S,2026-08-23T04:40:00+02:00,2026-08-23T04:47:22+02:00,2026-08-23T04:47:22+02:00,442.0,1,Oslo Lufthavn,FLT:Line:FLY1,FLY1,FLY1,rail,FLT:ServiceJourney:1-2614-3701-20260823,True,actual,False,,,,,2026-08-23T04:52:42.669123+02:00
NSR:StopPlace:610,Sandvika stasjon,2026-08-23T04:40:00+02:00,2026-08-23T04:46:56+02:00,2026-08-23T04:46:56+02:00,416.0,1,Oslo Lufthavn,FLT:Line:FLY1,FLY1,FLY1,rail,FLT:ServiceJourney:1-2614-3703-20260823,True,actual,False,,,,,2026-08-23T04:52:42.669123+02:00
NSR:StopPlace:58868,Årnes stasjon,2026-08-23T08:07:00+02:00,2026-08-23T08:13:50+02:00,2026-08-23T08:13:50+02:00,410.0,1,Asker,VYG:Line:R14,Asker-Oslo S-Kongsvinger,R14,rail,VYG:ServiceJourney:1008_442913-R,True,actual,False,,,,,2026-08-23T08:19:38.971673+02:00
NSR:StopPlace:58859,Nordby stasjon,2026-08-23T07:33:00+02:00,2026-08-23T07:39:42+02:00,2026-08-23T07:39:42+02:00,402.0,1,Drammen,VYG:Line:R13,Drammen-Oslo S-Dal,R13,rail,VYG:ServiceJourney:1612_443236-R,True,actual,False,,,,,2026-08-23T08:19:38.971673+02:00
NSR:StopPlace:58850,Hauerseter stasjon,2026-08-23T07:30:00+02:00,2026-08-23T07:36:33+02:00,2026-08-23T07:36:33+02:00,393.0,1,Drammen,VYG:Line:R13,Drammen-Oslo S-Dal,R13,rail,VYG:ServiceJourney:1612_443236-R,True,actual,False,,,,,2026-08-23T08:19:38.971673+02:00
NSR:StopPlace:58854,Langhus stasjon,2026-08-23T02:08:00+02:00,2026-08-23T02:14:31+02:00,2026-08-23T02:14:31+02:00,391.0,1,Bøleråsen,RUT:Line:510,Bøleråsen - Ski - Ås - Drøbak,510,bus,RUT:ServiceJourney:eb032c9b07ab3a799cd8248d363fe48e,True,actual,False,,,,,2026-08-23T02:32:00.800137+02:00
NSR:StopPlace:59652,Tøyen stasjon,2026-08-23T07:57:00+02:00,2026-08-23T08:03:05+02:00,2026-08-23T08:03:05+02:00,365.0,1,Tonsenhagen,RUT:Line:60,Vippetangen-Tonsenhagen,60,bus,RUT:ServiceJourney:305a24ae788e824bacc722a70af672c8,True,actual,False,,,,,2026-08-23T08:19:38.971673+02:00
NSR:StopPlace:58866,Vevelstad stasjon,2026-08-23T02:13:00+02:00,2026-08-23T02:19:02+02:00,2026-08-23T02:19:02+02:00,362.0,1,Bøleråsen,RUT:Line:510,Bøleråsen - Ski - Ås - Drøbak,510,bus,RUT:ServiceJourney:eb032c9b07ab3a799cd8248d363fe48e,True,actual,False,,,,,2026-08-23T02:32:00.800137+02:00
NSR:StopPlace:58963,Jessheim stasjon,2026-08-23T07:37:00+02:00,2026-08-23T07:43:01+02:00,2026-08-23T07:43:01+02:00,361.0,1,Drammen,VYG:Line:R13,Drammen-Oslo S-Dal,R13,rail,VYG:ServiceJourney:1612_443236-R,True,actual,False,,,,,2026-08-23T08:19:38.971673+02:00
NSR:StopPlace:59651,Skøyen stasjon,2026-08-23T03:47:00+02:00,2026-08-23T03:52:57+02:00,2026-08-23T03:52:57+02:00,357.0,1,Helsfyr T,RUT:Line:20,Skøyen - Galgeberg,20,bus,RUT:ServiceJourney:c1e6641b6f1e1d83d3e6ce9b0a76eb42,True,actual,False,,,,,2026-08-23T04:52:42.669123+02:00
NSR:StopPlace:59635,Hauketo stasjon,2026-08-23T03:43:00+02:00,2026-08-23T03:48:45+02:00,2026-08-23T03:48:45+02:00,345.0,1,Enebakk kirke,RUT:Line:550,Enebakk - Oslo,550,bus,RUT:ServiceJourney:7ce308d03139f062cac3ae976f2f638a,True,actual,False,,,,,2026-08-23T04:52:42.669123+02:00
NSR:StopPlace:59638,Myrvoll stasjon,2026-08-23T04:00:00+02:00,2026-08-23T04:05:36+02:00,2026-08-23T04:05:36+02:00,336.0,1,Ski stasjon,RUT:Line:3981,Nationaltheatret - Ski,81N,bus,RUT:ServiceJourney:3855349d0893aa4a1d8a9e225f133d38,True,actual,False,,,,,2026-08-23T04:52:42.669123+02:00
NSR:StopPlace:62295,Stanghelle stasjon,2026-08-23T06:34:00+02:00,2026-08-23T06:39:35+02:00,2026-08-23T06:39:35+02:00,335.0,1,Bergen,VYG:Line:R40,Bergen-Voss-Myrdal-Ål,R40,rail,VYG:ServiceJourney:1807_481187-R,True,actual,False,,,,,2026-08-23T08:19:38.971673+02:00
NSR:StopPlace:58860,Oppegård stasjon,2026-08-23T07:31:00+02:00,2026-08-23T07:36:28+02:00,2026-08-23T07:36:28+02:00,328.0,1,Oslo S,VYG:Line:L2,Stabekk-Oslo S-Ski,L2,rail,VYG:ServiceJourney:BUS-2714_588866-R,True,actual,False,,,,,2026-08-23T08:19:38.971673+02:00
NSR:StopPlace:58211,Oslo lufthavn,2026-08-23T04:38:00+02:00,2026-08-23T04:43:25+02:00,2026-08-23T04:43:25+02:00,325.0,1,Frogner,RUT:Line:425,Kløfta – Oslo lufthavn,425,bus,RUT:ServiceJourney:f3a6b60116d656029d8ad8add52e9d0e,True,actual,False,,,,,2026-08-23T04:52:42.669123+02:00
NSR:StopPlace:59616,Asker stasjon,2026-08-23T06:46:00+02:00,2026-08-23T06:51:11+02:00,2026-08-23T06:51:11+02:00,311.0,1,Bergen,VYG:Line:F4,Oslo S-Bergen,F4,rail,VYG:ServiceJourney:61-LOD_504304-R,True,actual,False,Åpnet: Asker stasjon,"Asker stasjon er åpen for togtrafikk på alle spor igjen. Togene kjører, men det kan ta litt tid før de er i rute. Du må derfor regne med forsinkelser.",general,normal,2026-08-23T08:19:38.971673+02:00
NSR:StopPlace:59638,Myrvoll stasjon,2026-08-23T02:00:00+02:00,2026-08-23T02:05:08+02:00,2026-08-23T02:05:08+02:00,308.0,1,Ski stasjon,RUT:Line:3981,Nationaltheatret - Ski,81N,bus,RUT:ServiceJourney:77b3a92c91905ac3c0611845f7244d37,True,actual,False,,,,,2026-08-23T02:32:00.800137+02:00
NSR:StopPlace:60944,Ski stasjon,2026-08-23T04:00:00+02:00,2026-08-23T04:05:06+02:00,2026-08-23T04:05:06+02:00,306.0,1,Son via Ås,RUT:Line:2540,Oslo - Ski - Ås - Vestby (nattbuss),540N,bus,RUT:ServiceJourney:e7fe45aa4ebc341b496845416e262f68,True,actual,False,,,,,2026-08-23T04:52:42.669123+02:00
NSR:StopPlace:58853,Kolbotn stasjon,2026-08-23T02:16:00+02:00,2026-08-23T02:21:00+02:00,2026-08-23T02:21:00+02:00,300.0,1,Fløysbonn,RUT:Line:3983,Nationaltheatret - Fløysbonn,83N,bus,RUT:ServiceJourney:776e566a43fff16835d6f088eb9b1556,True,actual,False,,,,,2026-08-23T02:32:00.800137+02:00
NSR:StopPlace:58860,Oppegård stasjon,2026-08-23T02:05:00+02:00,2026-08-23T02:09:59+02:00,2026-08-23T02:09:59+02:00,299.0,1,Ski stasjon,RUT:Line:3981,Nationaltheatret - Ski,81N,bus,RUT:ServiceJourney:77b3a92c91905ac3c0611845f7244d37,True,actual,False,,,,,2026-08-23T02:32:00.800137+02:00
NSR:StopPlace:58964,Kløfta stasjon,2026-08-23T07:44:00+02:00,2026-08-23T07:48:52+02:00,2026-08-23T07:48:52+02:00,292.0,1,Drammen,VYG:Line:R13,Drammen-Oslo S-Dal,R13,rail,VYG:ServiceJourney:1612_443236-R,True,actual,False,,,,,2026-08-23T08:19:38.971673+02:00
NSR:StopPlace:59652,Tøyen stasjon,2026-08-23T08:14:00+02:00,2026-08-23T08:18:48+02:00,2026-08-23T08:18:48+02:00,288.0,1,Vippetangen,RUT:Line:60,Vippetangen-Tonsenhagen,60,bus,RUT:ServiceJourney:faa26c9399edc000ab7c71c501c5ad36,True,actual,False,,,,,2026-08-23T08:19:38.971673+02:00
NSR:StopPlace:58847,Frogner stasjon,2026-08-23T07:51:00+02:00,2026-08-23T07:55:48+02:00,2026-08-23T07:55:48+02:00,288.0,1,Drammen,VYG:Line:R13,Drammen-Oslo S-Dal,R13,rail,VYG:ServiceJourney:1612_443236-R,True,actual,False,,,,,2026-08-23T08:19:38.971673+02:00
NSR:StopPlace:59654,Stabekk stasjon,2026-08-23T02:09:00+02:00,2026-08-23T02:13:40+02:00,2026-08-23T02:13:40+02:00,280.0,1,Gullhaug,RUT:Line:150,Gullhaug - Nationaltheatret,150,bus,RUT:ServiceJourney:84db22735ca18f4db24ed8af5b95fa96,True,actual,False,Holdeplass Stabekk stasjon i retning mot Bekkestua er flyttet ca. 50 meter bakover.,Dette skyldes anleggsarbeid i området.,incident,normal,2026-08-23T02:32:00.800137+02:00
NSR:StopPlace:584,Bulken stasjon,2026-08-23T07:31:00+02:00,2026-08-23T07:35:33+02:00,2026-08-23T07:35:33+02:00,273.0,1,Bergen,VYG:Line:R40,Bergen-Voss-Myrdal-Ål,R40,rail,VYG:ServiceJourney:1811_443397-R,True,actual,False,,,,,2026-08-23T08:19:38.971673+02:00
NSR:StopPlace:58855,Leirsund stasjon,2026-08-23T07:55:00+02:00,2026-08-23T07:59:31+02:00,2026-08-23T07:59:31+02:00,271.0,1,Drammen,VYG:Line:R13,Drammen-Oslo S-Dal,R13,rail,VYG:ServiceJourney:1612_443236-R,True,actual,False,,,,,2026-08-23T08:19:38.971673+02:00
NSR:StopPlace:60049,Hønefoss stasjon,2026-08-23T07:59:00+02:00,2026-08-23T08:03:29+02:00,2026-08-23T08:03:29+02:00,269.0,1,Bergen,VYG:Line:F4,Oslo S-Bergen,F4,rail,VYG:ServiceJourney:61-LOD_504304-R,True,actual,False,,,,,2026-08-23T08:19:38.971673+02:00
NSR:StopPlace:62094,Lindeberg stasjon,2026-08-23T07:48:00+02:00,2026-08-23T07:52:24+02:00,2026-08-23T07:52:24+02:00,264.0,1,Drammen,VYG:Line:R13,Drammen-Oslo S-Dal,R13,rail,VYG:ServiceJourney:1612_443236-R,True,actual,False,,,,,2026-08-23T08:19:38.971673+02:00
NSR:StopPlace:58860,Oppegård stasjon,2026-08-23T08:01:00+02:00,2026-08-23T08:05:22+02:00,2026-08-23T08:05:22+02:00,262.0,1,Kolbotn torg,RUT:Line:580,Kolbotn - Ski,580,bus,RUT:ServiceJourney:97bf387953e6ea080ef29eb27590879b,True,actual,False,,,,,2026-08-23T08:19:38.971673+02:00
NSR:StopPlace:58925,Gausel stasjon,2026-08-23T08:02:00+02:00,2026-08-23T08:06:16+02:00,2026-08-23T08:06:16+02:00,256.0,1,Stavanger,KOL:Line:8_1003,2,2,bus,KOL:ServiceJourney:1003_251008123111049_6001,True,actual,False,,,,,2026-08-23T08:19:38.971673+02:00
NSR:StopPlace:59647,Dal stasjon,2026-08-23T07:24:00+02:00,2026-08-23T07:28:15+02:00,2026-08-23T07:28:15+02:00,255.0,1,Drammen,VYG:Line:R13,Drammen-Oslo S-Dal,R13,rail,VYG:ServiceJourney:1612_443236-R,True,actual,False,Redusert hastighet: Dal,Dal: Togene kjører saktere. Du må regne med forsinkelser. Dette skyldes en signalfeil.,incident,normal,2026-08-23T08:19:38.971673+02:00
NSR:StopPlace:59952,Drammen stasjon,2026-08-23T06:57:00+02:00,2026-08-23T07:01:14+02:00,2026-08-23T07:01:14+02:00,254.0,1,Lillehammer,VYG:Line:RE10,Drammen-Oslo S-Lillehammer,RE10,rail,VYG:ServiceJourney:307-SUD_520953-R,True,actual,False,Åpnet: Asker stasjon,"Asker stasjon er åpen for togtrafikk på alle spor igjen. Togene kjører, men det kan ta litt tid før de er i rute. Du må derfor regne med forsinkelser.",general,normal,2026-08-23T08:19:38.971673+02:00
NSR:StopPlace:59637,Rosenholm stasjon,2026-08-23T02:02:00+02:00,2026-08-23T02:06:07+02:00,2026-08-23T02:06:07+02:00,247.0,1,Fløysbonn,RUT:Line:3983,Nationaltheatret - Fløysbonn,83N,bus,RUT:ServiceJourney:776e566a43fff16835d6f088eb9b1556,True,actual,False,,,,,2026-08-23T02:32:00.800137+02:00
NSR:StopPlace:59616,Asker stasjon,2026-08-23T04:34:00+02:00,2026-08-23T04:38:05+02:00,2026-08-23T04:38:05+02:00,245.0,1,Oslo Lufthavn,FLT:Line:FLY1,FLY1,FLY1,rail,FLT:ServiceJourney:1-2614-3703-20260823,True,actual,False,,,,,2026-08-23T04:52:42.669123+02:00
NSR:StopPlace:59952,Drammen stasjon,2026-08-23T07:00:00+02:00,2026-08-23T07:03:56+02:00,2026-08-23T07:03:56+02:00,236.0,1,Bergen,VYG:Line:F4,Oslo S-Bergen,F4,rail,VYG:ServiceJourney:61-LOD_504304-R,True,actual,False,,,,,2026-08-23T08:19:38.971673+02:00
NSR:StopPlace:59977,Trondheim S,2026-08-23T07:17:00+02:00,2026-08-23T07:20:51+02:00,2026-08-23T07:20:51+02:00,231.0,1,Strindheim via Lade,ATB:Line:2_2,Strindheim- Lade- sentrum- Sau,2,bus,ATB:ServiceJourney:2_251215112550026_7003,True,actual,False,,,,,2026-08-23T08:19:38.971673+02:00
NSR:StopPlace:59651,Skøyen stasjon,2026-08-23T07:26:00+02:00,2026-08-23T07:29:50+02:00,2026-08-23T07:29:50+02:00,230.0,1,Skøyen,RUT:Line:3013,Buss for linje 13,13B,bus,RUT:ServiceJourney:a5d01e5d305c65c5480b214eee87901a,True,actual,False,Linje 13: Buss for trikk mellom Thune og Lilleaker ,Vi kjører buss for trikk (linje 13B) mellom Thune og Lilleaker. Bussen stopper ikke på Sollerud. 13B betjener Thune fra midlertidig holdeplass i Drammensveien,incident,normal,2026-08-23T08:19:38.971673+02:00
NSR:StopPlace:58853,Kolbotn stasjon,2026-08-23T06:19:00+02:00,2026-08-23T06:22:50+02:00,2026-08-23T06:22:50+02:00,230.0,1,Bjørvika,RUT:Line:83,Jernbanetorget - Tårnåsen,83,bus,RUT:ServiceJourney:78e3713a34a03fb0d2e4e7fcd5cf7930,True,actual,False,Linje 80E og 83 får Hausmanns bru som ny endeholdeplass fra 29. juni,"Bussene stopper ikke på Jernbanetorget etter 29. juni, men starter og stopper på Hausmanns bru i Nylandsveien.",incident,normal,2026-08-23T06:25:28.795214+02:00
NSR:StopPlace:59620,Grorud stasjon,2026-08-23T06:24:00+02:00,2026-08-23T06:27:46+02:00,2026-08-23T06:27:46+02:00,226.0,1,Oslo lufthavn,NBU:Line:cb7b555c-f96e-42d5-84bf-a5e08c0145c2,Radiumhospitalet via Økern-Storo-Tåsen,FB3,bus,NBU:ServiceJourney:7e8f1121-38e8-4f93-8f25-4ee6aec74728,True,actual,False,,,,,2026-08-23T08:19:38.971673+02:00
NSR:StopPlace:151,Evanger stasjon,2026-08-23T07:41:00+02:00,2026-08-23T07:44:39+02:00,2026-08-23T07:44:39+02:00,219.0,1,Bergen,VYG:Line:R40,Bergen-Voss-Myrdal-Ål,R40,rail,VYG:ServiceJourney:1811_443397-R,True,actual,False,,,,,2026-08-23T08:19:38.971673+02:00
NSR:StopPlace:58211,Oslo lufthavn,2026-08-23T07:59:00+02:00,2026-08-23T08:02:35+02:00,2026-08-23T08:02:35+02:00,215.0,1,Lillehammer,VYG:Line:RE10,Drammen-Oslo S-Lillehammer,RE10,rail,VYG:ServiceJourney:307-SUD_520953-R,True,actual,False,Forsinket,Toget kjørte 3 minutter forsinket fra Drammen. Dette skyldes en teknisk feil med toget.,incident,normal,2026-08-23T08:19:38.971673+02:00
NSR:StopPlace:59638,Myrvoll stasjon,2026-08-23T08:07:00+02:00,2026-08-23T08:10:34+02:00,2026-08-23T08:10:34+02:00,214.0,1,Kolbotn torg,RUT:Line:580,Kolbotn - Ski,580,bus,RUT:ServiceJourney:97bf387953e6ea080ef29eb27590879b,True,actual,False,,,,,2026-08-23T08:19:38.971673+02:00
NSR:StopPlace:58964,Kløfta stasjon,2026-08-23T04:18:00+02:00,2026-08-23T04:21:34+02:00,2026-08-23T04:21:34+02:00,214.0,1,Oslo lufthavn,RUT:Line:425,Kløfta – Oslo lufthavn,425,bus,RUT:ServiceJourney:bcfc0444b6830fd2eaff343ea1d057ba,True,actual,False,,,,,2026-08-23T04:52:42.669123+02:00
NSR:StopPlace:59647,Dal stasjon,2026-08-23T04:05:00+02:00,2026-08-23T04:08:32+02:00,2026-08-23T04:08:32+02:00,212.0,1,Oslo lufthavn,RUT:Line:430,Eidsvoll - Jessheim,430,bus,RUT:ServiceJourney:f72e8e9caf0960f4a4c1ef686edb8a5a,True,actual,False,,,,,2026-08-23T04:52:42.669123+02:00
NSR:StopPlace:59958,Voss stasjon,2026-08-23T07:25:00+02:00,2026-08-23T07:28:27+02:00,2026-08-23T07:28:27+02:00,207.0,1,Bergen,VYG:Line:R40,Bergen-Voss-Myrdal-Ål,R40,rail,VYG:ServiceJourney:1811_443397-R,True,actual,False,,,,,2026-08-23T08:19:38.971673+02:00
NSR:StopPlace:58861,Solbråtan stasjon,2026-08-23T08:15:00+02:00,2026-08-23T08:18:27+02:00,2026-08-23T08:18:27+02:00,207.0,1,Bjørvika,RUT:Line:83,Jernbanetorget - Tårnåsen,83,bus,RUT:ServiceJourney:f1b6111faae4e795f243cac7ac9117c6,True,actual,False,Linje 80E og 83 får Hausmanns bru som ny endeholdeplass fra 29. juni,"Bussene stopper ikke på Jernbanetorget etter 29. juni, men starter og stopper på Hausmanns bru i Nylandsveien.",incident,normal,2026-08-23T08:19:38.971673+02:00
NSR:StopPlace:58847,Frogner stasjon,2026-08-23T08:10:00+02:00,2026-08-23T08:13:26+02:00,2026-08-23T08:13:26+02:00,206.0,1,Sørumsand,RUT:Line:365,Sørumsand - Frogner - Skedsmokorset,365,bus,RUT:ServiceJourney:d36ebca2d816cd9b98b9660a8d67c52c,True,actual,False,,,,,2026-08-23T08:19:38.971673+02:00
NSR:StopPlace:610,Sandvika stasjon,2026-08-23T08:05:00+02:00,2026-08-23T08:08:26+02:00,2026-08-23T08:08:26+02:00,206.0,1,Eidsvoll,VYG:Line:RE11,Eidsvoll-Oslo S-Skien,RE11,rail,VYG:ServiceJourney:806_444386-R,True,actual,False,,,,,2026-08-23T08:19:38.971673+02:00
NSR:StopPlace:58845,Eidsvoll verk stasjon,2026-08-23T03:55:00+02:00,2026-08-23T03:58:26+02:00,2026-08-23T03:58:26+02:00,206.0,1,Oslo lufthavn,RUT:Line:430,Eidsvoll - Jessheim,430,bus,RUT:ServiceJourney:f72e8e9caf0960f4a4c1ef686edb8a5a,True,actual,False,,,,,2026-08-23T04:52:42.669123+02:00
NSR:StopPlace:59646,Høvik stasjon,2026-08-23T04:03:00+02:00,2026-08-23T04:06:24+02:00,2026-08-23T04:06:24+02:00,204.0,1,Sætre,RUT:Line:3250,Nationaltheatretl - Sandvika- Slemmestad- Sætre,250N,bus,RUT:ServiceJourney:886d7e353298b898689418ed616325d4,True,actual,False,,,,,2026-08-23T04:52:42.669123+02:00
NSR:StopPlace:59636,Holmlia stasjon,2026-08-23T02:15:00+02:00,2026-08-23T02:18:23+02:00,2026-08-23T02:18:23+02:00,203.0,1,Kringsjå,RUT:Line:3919,Kringsjå - Åsbråten,19N,bus,RUT:ServiceJourney:4a22b65674ba214276e0f40c100281a4,True,actual,False,,,,,2026-08-23T02:32:00.800137+02:00
NSR:StopPlace:58861,Solbråtan stasjon,2026-08-23T07:15:00+02:00,2026-08-23T07:18:22+02:00,2026-08-23T07:18:22+02:00,202.0,1,Bjørvika,RUT:Line:83,Jernbanetorget - Tårnåsen,83,bus,RUT:ServiceJourney:45cee852e60264e8514ea0b1199624b7,True,actual,False,Linje 80E og 83 får Hausmanns bru som ny endeholdeplass fra 29. juni,"Bussene stopper ikke på Jernbanetorget etter 29. juni, men starter og stopper på Hausmanns bru i Nylandsveien.",incident,normal,2026-08-23T08:19:38.971673+02:00
NSR:StopPlace:59651,Skøyen stasjon,2026-08-23T06:56:00+02:00,2026-08-23T06:59:20+02:00,2026-08-23T06:59:20+02:00,200.0,1,Skøyen,RUT:Line:3013,Buss for linje 13,13B,bus,RUT:ServiceJourney:04409af3ad5de9c78747b43a6fd351b0,True,actual,False,Linje 13: Buss for trikk mellom Thune og Lilleaker ,Vi kjører buss for trikk (linje 13B) mellom Thune og Lilleaker. Bussen stopper ikke på Sollerud. 13B betjener Thune fra midlertidig holdeplass i Drammensveien,incident,normal,2026-08-23T08:19:38.971673+02:00
NSR:StopPlace:610,Sandvika stasjon,2026-08-23T05:20:00+02:00,2026-08-23T05:23:20+02:00,2026-08-23T05:23:20+02:00,200.0,1,Oslo Lufthavn,FLT:Line:FLY1,FLY1,FLY1,rail,FLT:ServiceJourney:1-2614-3707-20260823,True,actual,False,,,,,2026-08-23T06:25:28.795214+02:00
NSR:StopPlace:58835,Lier stasjon,2026-08-23T07:11:00+02:00,2026-08-23T07:14:18+02:00,2026-08-23T07:14:18+02:00,198.0,1,Dal,VYG:Line:R13,Drammen-Oslo S-Dal,R13,rail,VYG:ServiceJourney:1611_443232-R,True,actual,False,,,,,2026-08-23T08:19:38.971673+02:00
NSR:StopPlace:58404,Nationaltheatret,2026-08-23T06:04:00+02:00,2026-08-23T06:07:18+02:00,2026-08-23T06:07:18+02:00,198.0,1,Helsfyr,RUT:Line:37,Nydalen T - Helsfyr,37,bus,RUT:ServiceJourney:af7f7450b54e74a459e4a954c9a7f9f1,True,actual,False,,,,,2026-08-23T06:25:28.795214+02:00
NSR:StopPlace:58844,Eidsvoll stasjon,2026-08-23T03:41:00+02:00,2026-08-23T03:44:18+02:00,2026-08-23T03:44:18+02:00,198.0,1,Oslo lufthavn,RUT:Line:430,Eidsvoll - Jessheim,430,bus,RUT:ServiceJourney:f72e8e9caf0960f4a4c1ef686edb8a5a,True,actual,False,,,,,2026-08-23T04:52:42.669123+02:00
NSR:StopPlace:60944,Ski stasjon,2026-08-23T07:51:00+02:00,2026-08-23T07:54:16+02:00,2026-08-23T07:54:16+02:00,196.0,1,Kolbotn torg,RUT:Line:580,Kolbotn - Ski,580,bus,RUT:ServiceJourney:97bf387953e6ea080ef29eb27590879b,True,actual,False,,,,,2026-08-23T08:19:38.971673+02:00
NSR:StopPlace:58866,Vevelstad stasjon,2026-08-23T07:28:00+02:00,2026-08-23T07:31:15+02:00,2026-08-23T07:31:15+02:00,195.0,1,Oslo S,VYG:Line:L2,Stabekk-Oslo S-Ski,L2,rail,VYG:ServiceJourney:BUS-2714_588866-R,True,actual,False,,,,,2026-08-23T08:19:38.971673+02:00
NSR:StopPlace:59616,Asker stasjon,2026-08-23T07:59:00+02:00,2026-08-23T08:02:13+02:00,2026-08-23T08:02:13+02:00,193.0,1,Eidsvoll,VYG:Line:RE11,Eidsvoll-Oslo S-Skien,RE11,rail,VYG:ServiceJourney:806_444386-R,True,actual,False,,,,,2026-08-23T08:19:38.971673+02:00
NSR:StopPlace:59651,Skøyen stasjon,2026-08-23T07:41:00+02:00,2026-08-23T07:44:11+02:00,2026-08-23T07:44:11+02:00,191.0,1,Skøyen,RUT:Line:3013,Buss for linje 13,13B,bus,RUT:ServiceJourney:93a79d0cf4cb4204da6253672ac74a2f,True,actual,False,Linje 13: Buss for trikk mellom Thune og Lilleaker ,Vi kjører buss for trikk (linje 13B) mellom Thune og Lilleaker. Bussen stopper ikke på Sollerud. 13B betjener Thune fra midlertidig holdeplass i Drammensveien,incident,normal,2026-08-23T08:19:38.971673+02:00
NSR:StopPlace:58861,Solbråtan stasjon,2026-08-23T06:15:00+02:00,2026-08-23T06:18:10+02:00,2026-08-23T06:18:10+02:00,190.0,1,Bjørvika,RUT:Line:83,Jernbanetorget - Tårnåsen,83,bus,RUT:ServiceJourney:78e3713a34a03fb0d2e4e7fcd5cf7930,True,actual,False,Linje 80E og 83 får Hausmanns bru som ny endeholdeplass fra 29. juni,"Bussene stopper ikke på Jernbanetorget etter 29. juni, men starter og stopper på Hausmanns bru i Nylandsveien.",incident,normal,2026-08-23T08:19:38.971673+02:00
NSR:StopPlace:59616,Asker stasjon,2026-08-23T04:07:00+02:00,2026-08-23T04:10:08+02:00,2026-08-23T04:10:08+02:00,188.0,1,Heggedal,RUT:Line:280,Asker - Dikemark - Heggedal,280,bus,RUT:ServiceJourney:a010d316ba7a80384f54ce0e141b4317,True,actual,False,,,,,2026-08-23T04:52:42.669123+02:00
NSR:StopPlace:58856,Lysaker stasjon,2026-08-23T03:59:00+02:00,2026-08-23T04:02:08+02:00,2026-08-23T04:02:08+02:00,188.0,1,Sætre,RUT:Line:3250,Nationaltheatretl - Sandvika- Slemmestad- Sætre,250N,bus,RUT:ServiceJourney:886d7e353298b898689418ed616325d4,True,actual,False,,,,,2026-08-23T04:52:42.669123+02:00
NSR:StopPlace:58865,Vestby stasjon,2026-08-23T07:10:00+02:00,2026-08-23T07:13:07+02:00,2026-08-23T07:13:07+02:00,187.0,1,Stabekk,VYG:Line:R21,Stabekk-Oslo S-Moss,R21,rail,VYG:ServiceJourney:1112-MOS_498449-R,True,actual,False,,,,,2026-08-23T08:19:38.971673+02:00
NSR:StopPlace:60944,Ski stasjon,2026-08-23T02:03:00+02:00,2026-08-23T02:06:03+02:00,2026-08-23T02:06:03+02:00,183.0,1,Bøleråsen,RUT:Line:510,Bøleråsen - Ski - Ås - Drøbak,510,bus,RUT:ServiceJourney:eb032c9b07ab3a799cd8248d363fe48e,True,actual,False,,,,,2026-08-23T02:32:00.800137+02:00
NSR:StopPlace:61326,Gulskogen stasjon,2026-08-23T07:12:00+02:00,2026-08-23T07:15:02+02:00,2026-08-23T07:15:02+02:00,182.0,1,Eidsvoll,VYG:Line:R12,Kongsberg-Oslo S-Eidsvoll,R12,rail,VYG:ServiceJourney:506_444299-R,True,actual,False,,,,,2026-08-23T08:19:38.971673+02:00
NSR:StopPlace:59650,Nyland stasjon,2026-08-23T07:59:00+02:00,2026-08-23T08:02:01+02:00,2026-08-23T08:02:01+02:00,181.0,1,Spikkestad,VYG:Line:L1,Spikkestad-Oslo S-Lillestrøm,L1,rail,VYG:ServiceJourney:2213_443604-R,True,actual,False,,,,,2026-08-23T08:19:38.971673+02:00
NSR:StopPlace:58952,Bodø stasjon,2026-08-23T07:55:00+02:00,2026-08-23T07:58:01+02:00,2026-08-23T07:58:01+02:00,181.0,1,Løpsmarka,NOR:Line:12_8004,Tverlandet - Bodø sentrum - Løpsmarka,4,bus,NOR:ServiceJourney:8004_251012124900531_6002,True,actual,False,,,,,2026-08-23T08:19:38.971673+02:00
NSR:StopPlace:58856,Lysaker stasjon,2026-08-23T04:06:00+02:00,2026-08-23T04:09:01+02:00,2026-08-23T04:09:01+02:00,181.0,1,Sandvika,RUT:Line:3130,Nationaltheatret - Sandvika,130N,bus,RUT:ServiceJourney:b06bce13d357390b6000bb58a5315c00,True,actual,False,,,,,2026-08-23T04:52:42.669123+02:00
NSR:StopPlace:58211,Oslo lufthavn,2026-08-23T07:54:00+02:00,2026-08-23T07:57:00+02:00,2026-08-23T07:57:00+02:00,180.0,1,Kopperud,RUT:Line:420,Maura -  Jessheim,420,bus,RUT:ServiceJourney:f87588080cd783b1157305914ca518c5,True,actual,False,,,,,2026-08-23T08:19:38.971673+02:00
NSR:StopPlace:364,Vaksdal stasjon,2026-08-23T06:46:00+02:00,2026-08-23T06:48:58+02:00,2026-08-23T06:48:58+02:00,178.0,1,Bergen,VYG:Line:R40,Bergen-Voss-Myrdal-Ål,R40,rail,VYG:ServiceJourney:1807_481187-R,True,actual,False,,,,,2026-08-23T08:19:38.971673+02:00
NSR:StopPlace:59616,Asker stasjon,2026-08-23T07:09:00+02:00,2026-08-23T07:11:57+02:00,2026-08-23T07:11:57+02:00,177.0,1,Lillehammer,VYG:Line:RE10,Drammen-Oslo S-Lillehammer,RE10,rail,VYG:ServiceJourney:307-SUD_520953-R,True,actual,False,Forsinket | Åpnet: Asker stasjon,"Toget kjørte 3 minutter forsinket fra Drammen. Dette skyldes en teknisk feil med toget. | Asker stasjon er åpen for togtrafikk på alle spor igjen. Togene kjører, men det kan ta litt tid før de er i rute. Du må derfor regne med forsinkelser.",incident | general,normal | normal,2026-08-23T08:19:38.971673+02:00
NSR:StopPlace:58860,Oppegård stasjon,2026-08-23T02:13:00+02:00,2026-08-23T02:15:57+02:00,2026-08-23T02:15:57+02:00,177.0,1,Nationaltheatret,RUT:Line:3981,Nationaltheatret - Ski,81N,bus,RUT:ServiceJourney:ae45cdd15a05ec7468e253e7385c3e40,True,actual,False,,,,,2026-08-23T02:32:00.800137+02:00
NSR:StopPlace:60042,Trengereid stasjon,2026-08-23T06:55:00+02:00,2026-08-23T06:57:55+02:00,2026-08-23T06:57:55+02:00,175.0,1,Bergen,VYG:Line:R40,Bergen-Voss-Myrdal-Ål,R40,rail,VYG:ServiceJourney:1807_481187-R,True,actual,False,,,,,2026-08-23T08:19:38.971673+02:00
NSR:StopPlace:58855,Leirsund stasjon,2026-08-23T08:00:00+02:00,2026-08-23T08:02:55+02:00,2026-08-23T08:02:55+02:00,175.0,1,Dal,VYG:Line:R13,Drammen-Oslo S-Dal,R13,rail,VYG:ServiceJourney:1611_443232-R,True,actual,False,,,,,2026-08-23T08:19:38.971673+02:00
NSR:StopPlace:610,Sandvika stasjon,2026-08-23T05:40:00+02:00,2026-08-23T05:42:55+02:00,2026-08-23T05:42:55+02:00,175.0,1,Oslo Lufthavn,FLT:Line:FLY1,FLY1,FLY1,rail,FLT:ServiceJourney:1-2614-3709-20260823,True,actual,False,,,,,2026-08-23T06:25:28.795214+02:00
NSR:StopPlace:58853,Kolbotn stasjon,2026-08-23T07:19:00+02:00,2026-08-23T07:21:53+02:00,2026-08-23T07:21:53+02:00,173.0,1,Bjørvika,RUT:Line:83,Jernbanetorget - Tårnåsen,83,bus,RUT:ServiceJourney:45cee852e60264e8514ea0b1199624b7,True,actual,False,Linje 80E og 83 får Hausmanns bru som ny endeholdeplass fra 29. juni,"Bussene stopper ikke på Jernbanetorget etter 29. juni, men starter og stopper på Hausmanns bru i Nylandsveien.",incident,normal,2026-08-23T08:19:38.971673+02:00
NSR:StopPlace:59651,Skøyen stasjon,2026-08-23T07:41:00+02:00,2026-08-23T07:43:52+02:00,2026-08-23T07:43:52+02:00,172.0,1,Grorud T,RUT:Line:31,Snarøya - Fornebu - Tonsenhagen - Grorud,31,bus,RUT:ServiceJourney:bafe45667c6afbe30d5971fb4c57c235,True,actual,False,,,,,2026-08-23T08:19:38.971673+02:00
NSR:StopPlace:58864,Sørumsand stasjon,2026-08-23T07:51:00+02:00,2026-08-23T07:53:52+02:00,2026-08-23T07:53:52+02:00,172.0,1,Skedsmokorset,RUT:Line:365,Sørumsand - Frogner - Skedsmokorset,365,bus,RUT:ServiceJourney:710da291b14075e46f6e7dc5205c1b23,True,actual,False,,,,,2026-08-23T08:19:38.971673+02:00
NSR:StopPlace:59620,Grorud stasjon,2026-08-23T07:57:00+02:00,2026-08-23T07:59:50+02:00,2026-08-23T07:59:50+02:00,170.0,1,Spikkestad,VYG:Line:L1,Spikkestad-Oslo S-Lillestrøm,L1,rail,VYG:ServiceJourney:2213_443604-R,True,actual,False,,,,,2026-08-23T08:19:38.971673+02:00
NSR:StopPlace:60640,Heimdal stasjon,2026-08-23T06:47:00+02:00,2026-08-23T06:49:49+02:00,2026-08-23T06:49:49+02:00,169.0,1,Strindheim via Kolstad-sentrum,ATB:Line:2_2,Strindheim- Lade- sentrum- Sau,2,bus,ATB:ServiceJourney:2_251215112550026_7003,True,actual,False,,,,,2026-08-23T08:19:38.971673+02:00
NSR:StopPlace:59651,Skøyen stasjon,2026-08-23T06:41:00+02:00,2026-08-23T06:43:49+02:00,2026-08-23T06:43:49+02:00,169.0,1,Skøyen,RUT:Line:3013,Buss for linje 13,13B,bus,RUT:ServiceJourney:e9b7ef1baa4149aa42f872773dbaa971,True,actual,False,Linje 13: Buss for trikk mellom Thune og Lilleaker ,Vi kjører buss for trikk (linje 13B) mellom Thune og Lilleaker. Bussen stopper ikke på Sollerud. 13B betjener Thune fra midlertidig holdeplass i Drammensveien,incident,normal,2026-08-23T08:19:38.971673+02:00
NSR:StopPlace:58926,Dale stasjon,2026-08-23T08:00:00+02:00,2026-08-23T08:02:48+02:00,2026-08-23T08:02:48+02:00,168.0,1,Bergen,VYG:Line:R40,Bergen-Voss-Myrdal-Ål,R40,rail,VYG:ServiceJourney:1811_443397-R,True,actual,False,,,,,2026-08-23T08:19:38.971673+02:00
NSR:StopPlace:441,Auli stasjon,2026-08-23T07:15:00+02:00,2026-08-23T07:17:48+02:00,2026-08-23T07:17:48+02:00,168.0,1,Asker,VYG:Line:R14,Asker-Oslo S-Kongsvinger,R14,rail,VYG:ServiceJourney:1006_442911-R,True,actual,False,,,,,2026-08-23T08:19:38.971673+02:00
NSR:StopPlace:59652,Tøyen stasjon,2026-08-23T07:44:00+02:00,2026-08-23T07:46:47+02:00,2026-08-23T07:46:47+02:00,167.0,1,Vippetangen,RUT:Line:60,Vippetangen-Tonsenhagen,60,bus,RUT:ServiceJourney:c744eb318be6290bbcf977a60bae30cf,True,actual,False,,,,,2026-08-23T08:19:38.971673+02:00
NSR:StopPlace:610,Sandvika stasjon,2026-08-23T07:15:00+02:00,2026-08-23T07:17:47+02:00,2026-08-23T07:17:47+02:00,167.0,1,Lillehammer,VYG:Line:RE10,Drammen-Oslo S-Lillehammer,RE10,rail,VYG:ServiceJourney:307-SUD_520953-R,True,actual,False,Forsinket,Toget kjørte 3 minutter forsinket fra Drammen. Dette skyldes en teknisk feil med toget.,incident,normal,2026-08-23T08:19:38.971673+02:00
NSR:StopPlace:518,Bolstadøyri stasjon,2026-08-23T07:52:00+02:00,2026-08-23T07:54:46+02:00,2026-08-23T07:54:46+02:00,166.0,1,Bergen,VYG:Line:R40,Bergen-Voss-Myrdal-Ål,R40,rail,VYG:ServiceJourney:1811_443397-R,True,actual,False,,,,,2026-08-23T08:19:38.971673+02:00
NSR:StopPlace:59651,Skøyen stasjon,2026-08-23T05:29:00+02:00,2026-08-23T05:31:46+02:00,2026-08-23T05:31:46+02:00,166.0,1,Oslo Lufthavn,FLT:Line:FLY1,FLY1,FLY1,rail,FLT:ServiceJourney:1-2614-3707-20260823,True,actual,False,,,,,2026-08-23T06:25:28.795214+02:00
NSR:StopPlace:62308,Alna stasjon,2026-08-23T08:02:00+02:00,2026-08-23T08:04:44+02:00,2026-08-23T08:04:44+02:00,164.0,1,Spikkestad,VYG:Line:L1,Spikkestad-Oslo S-Lillestrøm,L1,rail,VYG:ServiceJourney:2213_443604-R,True,actual,False,,,,,2026-08-23T08:19:38.971673+02:00
NSR:StopPlace:610,Sandvika stasjon,2026-08-23T07:25:00+02:00,2026-08-23T07:27:41+02:00,2026-08-23T07:27:41+02:00,161.0,1,Dal,VYG:Line:R13,Drammen-Oslo S-Dal,R13,rail,VYG:ServiceJourney:1611_443232-R,True,actual,False,,,,,2026-08-23T08:19:38.971673+02:00
NSR:StopPlace:59635,Hauketo stasjon,2026-08-23T02:19:00+02:00,2026-08-23T02:21:40+02:00,2026-08-23T02:21:40+02:00,160.0,1,Kringsjå,RUT:Line:3919,Kringsjå - Åsbråten,19N,bus,RUT:ServiceJourney:4a22b65674ba214276e0f40c100281a4,True,actual,False,,,,,2026-08-23T02:32:00.800137+02:00
NSR:StopPlace:59651,Skøyen stasjon,2026-08-23T07:29:00+02:00,2026-08-23T07:31:38+02:00,2026-08-23T07:31:38+02:00,158.0,1,Oslo Lufthavn,FLT:Line:FLY1,FLY1,FLY1,rail,FLT:ServiceJourney:1-2614-3719-20260823,True,actual,False,,,,,2026-08-23T08:19:38.971673+02:00
NSR:StopPlace:59651,Skøyen stasjon,2026-08-23T05:41:00+02:00,2026-08-23T05:43:38+02:00,2026-08-23T05:43:38+02:00,158.0,1,Grorud T,RUT:Line:31,Snarøya - Fornebu - Tonsenhagen - Grorud,31,bus,RUT:ServiceJourney:f8e7fbdf95fe115db55040e3d73b7179,True,actual,False,,,,,2026-08-23T06:25:28.795214+02:00
NSR:StopPlace:61169,Marienborg stasjon,2026-08-23T07:41:00+02:00,2026-08-23T07:43:36+02:00,2026-08-23T07:43:36+02:00,156.0,1,Østmarka via Lerkendal-Strindh.,ATB:Line:2_13,Østmarka - Strindheim - Lerkendal - Havstad,13,bus,ATB:ServiceJourney:13_251215112552898_7005,True,actual,False,,,,,2026-08-23T08:19:38.971673+02:00
NSR:StopPlace:58856,Lysaker stasjon,2026-08-23T07:36:00+02:00,2026-08-23T07:38:35+02:00,2026-08-23T07:38:35+02:00,155.0,1,Grorud T,RUT:Line:31,Snarøya - Fornebu - Tonsenhagen - Grorud,31,bus,RUT:ServiceJourney:bafe45667c6afbe30d5971fb4c57c235,True,actual,False,,,,,2026-08-23T08:19:38.971673+02:00
NSR:StopPlace:62094,Lindeberg stasjon,2026-08-23T08:07:00+02:00,2026-08-23T08:09:35+02:00,2026-08-23T08:09:35+02:00,155.0,1,Dal,VYG:Line:R13,Drammen-Oslo S-Dal,R13,rail,VYG:ServiceJourney:1611_443232-R,True,actual,False,,,,,2026-08-23T08:19:38.971673+02:00
NSR:StopPlace:59654,Stabekk stasjon,2026-08-23T07:39:00+02:00,2026-08-23T07:41:34+02:00,2026-08-23T07:41:34+02:00,154.0,1,Gullhaug,RUT:Line:150,Gullhaug - Nationaltheatret,150,bus,RUT:ServiceJourney:d8acb0b9c2074dadc2ea8ababfcddb4f,True,actual,False,Holdeplass Stabekk stasjon i retning mot Bekkestua er flyttet ca. 50 meter bakover.,Dette skyldes anleggsarbeid i området.,incident,normal,2026-08-23T08:19:38.971673+02:00
NSR:StopPlace:59977,Trondheim S,2026-08-23T07:54:00+02:00,2026-08-23T07:56:34+02:00,2026-08-23T07:56:34+02:00,154.0,1,Lund via Kolstad-Heimdal,ATB:Line:2_2,Strindheim- Lade- sentrum- Sau,2,bus,ATB:ServiceJourney:2_251215112550186_7008,True,actual,False,,,,,2026-08-23T08:19:38.971673+02:00
NSR:StopPlace:59616,Asker stasjon,2026-08-23T07:19:00+02:00,2026-08-23T07:21:34+02:00,2026-08-23T07:21:34+02:00,154.0,1,Dal,VYG:Line:R13,Drammen-Oslo S-Dal,R13,rail,VYG:ServiceJourney:1611_443232-R,True,actual,False,Åpnet: Asker stasjon,"Asker stasjon er åpen for togtrafikk på alle spor igjen. Togene kjører, men det kan ta litt tid før de er i rute. Du må derfor regne med forsinkelser.",general,normal,2026-08-23T08:19:38.971673+02:00
NSR:StopPlace:59651,Skøyen stasjon,2026-08-23T07:34:00+02:00,2026-08-23T07:36:33+02:00,2026-08-23T07:36:33+02:00,153.0,1,Dal,VYG:Line:R13,Drammen-Oslo S-Dal,R13,rail,VYG:ServiceJourney:1611_443232-R,True,actual,False,,,,,2026-08-23T08:19:38.971673+02:00
NSR:StopPlace:61897,Bryn stasjon,2026-08-23T08:05:00+02:00,2026-08-23T08:07:32+02:00,2026-08-23T08:07:32+02:00,152.0,1,Spikkestad,VYG:Line:L1,Spikkestad-Oslo S-Lillestrøm,L1,rail,VYG:ServiceJourney:2213_443604-R,True,actual,False,,,,,2026-08-23T08:19:38.971673+02:00
NSR:StopPlace:59651,Skøyen stasjon,2026-08-23T07:11:00+02:00,2026-08-23T07:13:32+02:00,2026-08-23T07:13:32+02:00,152.0,1,Skøyen,RUT:Line:3013,Buss for linje 13,13B,bus,RUT:ServiceJourney:9eeeebc48ad19d80f88d19db0f2344a1,True,actual,False,Linje 13: Buss for trikk mellom Thune og Lilleaker ,Vi kjører buss for trikk (linje 13B) mellom Thune og Lilleaker. Bussen stopper ikke på Sollerud. 13B betjener Thune fra midlertidig holdeplass i Drammensveien,incident,normal,2026-08-23T08:19:38.971673+02:00
NSR:StopPlace:58830,Brakerøya stasjon,2026-08-23T07:08:00+02:00,2026-08-23T07:10:32+02:00,2026-08-23T07:10:32+02:00,152.0,1,Dal,VYG:Line:R13,Drammen-Oslo S-Dal,R13,rail,VYG:ServiceJourney:1611_443232-R,True,actual,False,,,,,2026-08-23T08:19:38.971673+02:00
NSR:StopPlace:59650,Nyland stasjon,2026-08-23T06:22:00+02:00,2026-08-23T06:24:31+02:00,2026-08-23T06:24:31+02:00,151.0,1,Oslo lufthavn,NBU:Line:cb7b555c-f96e-42d5-84bf-a5e08c0145c2,Radiumhospitalet via Økern-Storo-Tåsen,FB3,bus,NBU:ServiceJourney:7e8f1121-38e8-4f93-8f25-4ee6aec74728,True,actual,False,,,,,2026-08-23T08:19:38.971673+02:00
NSR:StopPlace:58842,Blaker stasjon,2026-08-23T07:21:00+02:00,2026-08-23T07:23:31+02:00,2026-08-23T07:23:31+02:00,151.0,1,Asker,VYG:Line:R14,Asker-Oslo S-Kongsvinger,R14,rail,VYG:ServiceJourney:1006_442911-R,True,actual,False,,,,,2026-08-23T08:19:38.971673+02:00
NSR:StopPlace:58856,Lysaker stasjon,2026-08-23T07:36:00+02:00,2026-08-23T07:38:31+02:00,2026-08-23T07:38:31+02:00,151.0,1,Sandvika,RUT:Line:130,Sandvika -Skøyen,130,bus,RUT:ServiceJourney:304d2d0cebb4aeba270fb90f45640275,True,actual,False,,,,,2026-08-23T08:19:38.971673+02:00
NSR:StopPlace:59651,Skøyen stasjon,2026-08-23T06:26:00+02:00,2026-08-23T06:28:30+02:00,2026-08-23T06:28:30+02:00,150.0,1,Skøyen,RUT:Line:3013,Buss for linje 13,13B,bus,RUT:ServiceJourney:9d91e59c8471c3bf5a48b42f30c77157,True,actual,False,Linje 13: Buss for trikk mellom Thune og Lilleaker ,Vi kjører buss for trikk (linje 13B) mellom Thune og Lilleaker. Bussen stopper ikke på Sollerud. 13B betjener Thune fra midlertidig holdeplass i Drammensveien,incident,normal,2026-08-23T08:19:38.971673+02:00
NSR:StopPlace:610,Sandvika stasjon,2026-08-23T07:20:00+02:00,2026-08-23T07:22:29+02:00,2026-08-23T07:22:29+02:00,149.0,1,Oslo Lufthavn,FLT:Line:FLY1,FLY1,FLY1,rail,FLT:ServiceJourney:1-2614-3719-20260823,True,actual,False,,,,,2026-08-23T08:19:38.971673+02:00
NSR:StopPlace:59616,Asker stasjon,2026-08-23T07:14:00+02:00,2026-08-23T07:16:27+02:00,2026-08-23T07:16:27+02:00,147.0,1,Oslo Lufthavn,FLT:Line:FLY1,FLY1,FLY1,rail,FLT:ServiceJourney:1-2614-3719-20260823,True,actual,False,,,,,2026-08-23T08:19:38.971673+02:00
NSR:StopPlace:518,Bolstadøyri stasjon,2026-08-23T07:53:00+02:00,2026-08-23T07:55:27+02:00,2026-08-23T07:55:27+02:00,147.0,1,Myrdal,VYG:Line:R40,Bergen-Voss-Myrdal-Ål,R40,rail,VYG:ServiceJourney:1804_496767-R,True,actual,False,,,,,2026-08-23T08:19:38.971673+02:00
NSR:StopPlace:62379,Bergsgrav stasjon,2026-08-23T08:00:00+02:00,2026-08-23T08:02:27+02:00,2026-08-23T08:02:27+02:00,147.0,1,Lundamo,SJN:Line:26,Trønderbanen,R70,rail,SJN:ServiceJourney:426_56055-R,True,actual,False,,,,,2026-08-23T08:19:38.971673+02:00
NSR:StopPlace:59635,Hauketo stasjon,2026-08-23T04:10:00+02:00,2026-08-23T04:12:27+02:00,2026-08-23T04:12:27+02:00,147.0,1,Ski stasjon,RUT:Line:3981,Nationaltheatret - Ski,81N,bus,RUT:ServiceJourney:94202bf120a1e4e27df3e58996675f16,True,actual,False,,,,,2026-08-23T04:52:42.669123+02:00
NSR:StopPlace:59872,Oslo S,2026-08-23T08:11:00+02:00,2026-08-23T08:13:26+02:00,2026-08-23T08:13:26+02:00,146.0,1,Spikkestad,VYG:Line:L1,Spikkestad-Oslo S-Lillestrøm,L1,rail,VYG:ServiceJourney:2213_443604-R,True,actual,False,,,,,2026-08-23T08:19:38.971673+02:00
NSR:StopPlace:59643,Grefsen stasjon,2026-08-23T07:38:00+02:00,2026-08-23T07:40:26+02:00,2026-08-23T07:40:26+02:00,146.0,1,Oslo lufthavn,NBU:Line:cb7b555c-f96e-42d5-84bf-a5e08c0145c2,Radiumhospitalet via Økern-Storo-Tåsen,FB3,bus,NBU:ServiceJourney:2e128ef1-50b3-4e78-877b-180270addb91,True,actual,False,,,,,2026-08-23T08:19:38.971673+02:00
NSR:StopPlace:58834,Hokksund stasjon,2026-08-23T07:17:00+02:00,2026-08-23T07:19:26+02:00,2026-08-23T07:19:26+02:00,146.0,1,Bergen,VYG:Line:F4,Oslo S-Bergen,F4,rail,VYG:ServiceJourney:61-LOD_504304-R,True,actual,False,,,,,2026-08-23T08:19:38.971673+02:00
NSR:StopPlace:58847,Frogner stasjon,2026-08-23T08:04:00+02:00,2026-08-23T08:06:24+02:00,2026-08-23T08:06:24+02:00,144.0,1,Dal,VYG:Line:R13,Drammen-Oslo S-Dal,R13,rail,VYG:ServiceJourney:1611_443232-R,True,actual,False,,,,,2026-08-23T08:19:38.971673+02:00
NSR:StopPlace:58856,Lysaker stasjon,2026-08-23T07:19:00+02:00,2026-08-23T07:21:24+02:00,2026-08-23T07:21:24+02:00,144.0,1,Rykkinn,RUT:Line:160,Rykkinn -Nationaltheatret,160,bus,RUT:ServiceJourney:b66b976b2d59e6439e00bd253d7fd15a,True,actual,False,,,,,2026-08-23T08:19:38.971673+02:00
NSR:StopPlace:59652,Tøyen stasjon,2026-08-23T07:27:00+02:00,2026-08-23T07:29:23+02:00,2026-08-23T07:29:23+02:00,143.0,1,Tonsenhagen,RUT:Line:60,Vippetangen-Tonsenhagen,60,bus,RUT:ServiceJourney:53d97b793669f8dde598a9517771fd98,True,actual,False,,,,,2026-08-23T08:19:38.971673+02:00
NSR:StopPlace:58790,Verdal stasjon,2026-08-23T07:57:00+02:00,2026-08-23T07:59:23+02:00,2026-08-23T07:59:23+02:00,143.0,1,Lundamo,SJN:Line:26,Trønderbanen,R70,rail,SJN:ServiceJourney:426_56055-R,True,actual,False,,,,,2026-08-23T08:19:38.971673+02:00
NSR:StopPlace:58856,Lysaker stasjon,2026-08-23T07:43:00+02:00,2026-08-23T07:45:23+02:00,2026-08-23T07:45:23+02:00,143.0,1,Bekkestua via Østerås,RUT:Line:140,Bekkestua - Østerås - Skøyen,140,bus,RUT:ServiceJourney:d19cc7ecc5ffb9f76037db1541b87ac3,True,actual,False,,,,,2026-08-23T08:19:38.971673+02:00
NSR:StopPlace:59651,Skøyen stasjon,2026-08-23T07:08:00+02:00,2026-08-23T07:10:22+02:00,2026-08-23T07:10:22+02:00,142.0,1,Galgeberg,RUT:Line:20,Skøyen - Galgeberg,20,bus,RUT:ServiceJourney:f987ed633611e8044205982bdd744765,True,actual,False,,,,,2026-08-23T08:19:38.971673+02:00
NSR:StopPlace:58836,Mjøndalen stasjon,2026-08-23T07:05:00+02:00,2026-08-23T07:07:22+02:00,2026-08-23T07:07:22+02:00,142.0,1,Eidsvoll,VYG:Line:R12,Kongsberg-Oslo S-Eidsvoll,R12,rail,VYG:ServiceJourney:506_444299-R,True,actual,False,,,,,2026-08-23T08:19:38.971673+02:00
NSR:StopPlace:101,Sagdalen stasjon,2026-08-23T07:37:00+02:00,2026-08-23T07:39:22+02:00,2026-08-23T07:39:22+02:00,142.0,1,Lillestrøm,VYG:Line:L1,Spikkestad-Oslo S-Lillestrøm,L1,rail,VYG:ServiceJourney:2210_443600-R,True,actual,False,,,,,2026-08-23T08:19:38.971673+02:00
NSR:StopPlace:62339,Lillestrøm stasjon,2026-08-23T07:40:00+02:00,2026-08-23T07:42:22+02:00,2026-08-23T07:42:22+02:00,142.0,1,Spikkestad,VYG:Line:L1,Spikkestad-Oslo S-Lillestrøm,L1,rail,VYG:ServiceJourney:2213_443604-R,True,actual,False,Heis på Lillestrøm ute av drift,Heisen på Lillestrøm til spor 3 og 4 er ute av drift.,general,normal,2026-08-23T08:19:38.971673+02:00
NSR:StopPlace:58404,Nationaltheatret,2026-08-23T05:52:00+02:00,2026-08-23T05:54:22+02:00,2026-08-23T05:54:22+02:00,142.0,1,Grorud T,RUT:Line:31,Snarøya - Fornebu - Tonsenhagen - Grorud,31,bus,RUT:ServiceJourney:f8e7fbdf95fe115db55040e3d73b7179,True,actual,False,,,,,2026-08-23T06:25:28.795214+02:00
NSR:StopPlace:58925,Gausel stasjon,2026-08-23T07:47:00+02:00,2026-08-23T07:49:21+02:00,2026-08-23T07:49:21+02:00,141.0,1,Stavanger,KOL:Line:8_1001,1,1,bus,KOL:ServiceJourney:1001_251008118392190_6003,True,actual,False,,,,,2026-08-23T08:19:38.971673+02:00
NSR:StopPlace:59654,Stabekk stasjon,2026-08-23T02:22:00+02:00,2026-08-23T02:24:21+02:00,2026-08-23T02:24:21+02:00,141.0,1,Nationaltheatret,RUT:Line:150,Gullhaug - Nationaltheatret,150,bus,RUT:ServiceJourney:65954b2617c2c0b3067a413a47484bb0,True,actual,False,,,,,2026-08-23T02:32:00.800137+02:00
NSR:StopPlace:59616,Asker stasjon,2026-08-23T02:07:00+02:00,2026-08-23T02:09:20+02:00,2026-08-23T02:09:20+02:00,140.0,1,Dikemark,RUT:Line:280,Asker - Dikemark - Heggedal,280,bus,RUT:ServiceJourney:72155dc546410729e1a44e058d085033,True,actual,False,,,,,2026-08-23T02:32:00.800137+02:00
NSR:StopPlace:58935,Levanger stasjon,2026-08-23T08:12:00+02:00,2026-08-23T08:14:18+02:00,2026-08-23T08:14:18+02:00,138.0,1,Lundamo,SJN:Line:26,Trønderbanen,R70,rail,SJN:ServiceJourney:426_56055-R,True,actual,False,,,,,2026-08-23T08:19:38.971673+02:00
NSR:StopPlace:58856,Lysaker stasjon,2026-08-23T05:36:00+02:00,2026-08-23T05:38:18+02:00,2026-08-23T05:38:18+02:00,138.0,1,Grorud T,RUT:Line:31,Snarøya - Fornebu - Tonsenhagen - Grorud,31,bus,RUT:ServiceJourney:f8e7fbdf95fe115db55040e3d73b7179,True,actual,False,,,,,2026-08-23T06:25:28.795214+02:00
NSR:StopPlace:58862,Strømmen stasjon,2026-08-23T06:58:00+02:00,2026-08-23T07:00:16+02:00,2026-08-23T07:00:16+02:00,136.0,1,Lørenskog sentrum,RUT:Line:385,Nittedal stasjon - Olavsgaard - Ahus,385,bus,RUT:ServiceJourney:185bb7191329fee7e2fbef11af150a85,True,actual,False,Ruteendringer,Fra 17.08.26 vil det være endringer på flere linjer. Benytt reiseplanleggeren for oppdaterte avgangstider om din reise.,general,normal,2026-08-23T08:19:38.971673+02:00
NSR:StopPlace:101,Sagdalen stasjon,2026-08-23T07:43:00+02:00,2026-08-23T07:45:15+02:00,2026-08-23T07:45:15+02:00,135.0,1,Spikkestad,VYG:Line:L1,Spikkestad-Oslo S-Lillestrøm,L1,rail,VYG:ServiceJourney:2213_443604-R,True,actual,False,,,,,2026-08-23T08:19:38.971673+02:00
NSR:StopPlace:58404,Nationaltheatret,2026-08-23T06:23:00+02:00,2026-08-23T06:25:15+02:00,2026-08-23T06:25:15+02:00,135.0,1,Lilleaker,RUT:Line:13,Bekkestua - Ljabru,13,tram,RUT:ServiceJourney:95bf62b4a384472e8854b2e729a5ae36,True,actual,False,Linje 13: Buss for trikk direkte mellom Thune og Furulund - Lilleaker ,Vi kjører buss for trikk (linje 13B) direkte mellom Thune og Furulund - Lilleaker. Bussen stopper ikke på Sollerud. 13B betjener Thune fra midlertidig holdeplass i Drammensveien,incident,normal,2026-08-23T06:25:28.795214+02:00
NSR:StopPlace:58839,Steinberg stasjon,2026-08-23T07:02:00+02:00,2026-08-23T07:04:14+02:00,2026-08-23T07:04:14+02:00,134.0,1,Eidsvoll,VYG:Line:R12,Kongsberg-Oslo S-Eidsvoll,R12,rail,VYG:ServiceJourney:506_444299-R,True,actual,False,,,,,2026-08-23T08:19:38.971673+02:00
NSR:StopPlace:62295,Stanghelle stasjon,2026-08-23T08:07:00+02:00,2026-08-23T08:09:14+02:00,2026-08-23T08:09:14+02:00,134.0,1,Bergen,VYG:Line:R40,Bergen-Voss-Myrdal-Ål,R40,rail,VYG:ServiceJourney:1811_443397-R,True,actual,False,,,,,2026-08-23T08:19:38.971673+02:00
NSR:StopPlace:58813,Skarnes stasjon,2026-08-23T06:48:00+02:00,2026-08-23T06:50:13+02:00,2026-08-23T06:50:13+02:00,133.0,1,Asker,VYG:Line:R14,Asker-Oslo S-Kongsvinger,R14,rail,VYG:ServiceJourney:1006_442911-R,True,actual,False,,,,,2026-08-23T08:19:38.971673+02:00
NSR:StopPlace:59649,Nydalen stasjon,2026-08-23T05:33:00+02:00,2026-08-23T05:35:13+02:00,2026-08-23T05:35:13+02:00,133.0,1,Oslo lufthavn,NBU:Line:cb7b555c-f96e-42d5-84bf-a5e08c0145c2,Radiumhospitalet via Økern-Storo-Tåsen,FB3,bus,NBU:ServiceJourney:3121e207-6839-438e-a24e-a659162dd02c,True,actual,False,,,,,2026-08-23T06:25:28.795214+02:00
NSR:StopPlace:59653,Haugenstua stasjon,2026-08-23T07:55:00+02:00,2026-08-23T07:57:12+02:00,2026-08-23T07:57:12+02:00,132.0,1,Spikkestad,VYG:Line:L1,Spikkestad-Oslo S-Lillestrøm,L1,rail,VYG:ServiceJourney:2213_443604-R,True,actual,False,,,,,2026-08-23T08:19:38.971673+02:00
NSR:StopPlace:59650,Nyland stasjon,2026-08-23T04:16:00+02:00,2026-08-23T04:18:12+02:00,2026-08-23T04:18:12+02:00,132.0,1,Vestli,RUT:Line:3905,Jernbanetorget - Vestli T,5N,bus,RUT:ServiceJourney:746b401887c94d4560645dcafbd5a278,True,actual,False,,,,,2026-08-23T04:52:42.669123+02:00
NSR:StopPlace:58404,Nationaltheatret,2026-08-23T06:17:00+02:00,2026-08-23T06:19:11+02:00,2026-08-23T06:19:11+02:00,131.0,1,Kjelsås,RUT:Line:3912,Majorstuen - Kjelsås,12N,bus,RUT:ServiceJourney:666a888a1e3111981ba6a8631bb61e8b,True,actual,False,,,,,2026-08-23T06:25:28.795214+02:00
NSR:StopPlace:59641,Fjellhamar stasjon,2026-08-23T07:47:00+02:00,2026-08-23T07:49:10+02:00,2026-08-23T07:49:10+02:00,130.0,1,Spikkestad,VYG:Line:L1,Spikkestad-Oslo S-Lillestrøm,L1,rail,VYG:ServiceJourney:2213_443604-R,True,actual,False,,,,,2026-08-23T08:19:38.971673+02:00
NSR:StopPlace:59977,Trondheim S,2026-08-23T07:24:00+02:00,2026-08-23T07:26:10+02:00,2026-08-23T07:26:10+02:00,130.0,1,Lund via Kolstad-Heimdal,ATB:Line:2_2,Strindheim- Lade- sentrum- Sau,2,bus,ATB:ServiceJourney:2_251215112550174_7006,True,actual,False,,,,,2026-08-23T08:19:38.971673+02:00
NSR:StopPlace:58930,Larvik stasjon,2026-08-23T06:29:00+02:00,2026-08-23T06:31:10+02:00,2026-08-23T06:31:10+02:00,130.0,1,Eidsvoll,VYG:Line:RE11,Eidsvoll-Oslo S-Skien,RE11,rail,VYG:ServiceJourney:806_444386-R,True,actual,False,,,,,2026-08-23T08:19:38.971673+02:00
NSR:StopPlace:58211,Oslo lufthavn,2026-08-23T06:38:00+02:00,2026-08-23T06:40:10+02:00,2026-08-23T06:40:10+02:00,130.0,1,Frogner,RUT:Line:425,Kløfta – Oslo lufthavn,425,bus,RUT:ServiceJourney:7e99517f9a136135edcb215b4aa57533,True,actual,False,,,,,2026-08-23T08:19:38.971673+02:00
NSR:StopPlace:60053,Halden stasjon,2026-08-23T08:12:00+02:00,2026-08-23T08:14:09+02:00,2026-08-23T08:14:09+02:00,129.0,1,Oslo S,VYG:Line:RE20,Oslo S-Halden-Göteborg (X-Border),RE20,rail,VYG:ServiceJourney:110_442970-R,True,actual,False,,,,,2026-08-23T08:19:38.971673+02:00
NSR:StopPlace:58854,Langhus stasjon,2026-08-23T07:59:00+02:00,2026-08-23T08:01:09+02:00,2026-08-23T08:01:09+02:00,129.0,1,Bøleråsen,RUT:Line:510,Bøleråsen - Ski - Ås - Drøbak,510,bus,RUT:ServiceJourney:570473be259bee7f5e05e813e732d35f,True,actual,False,,,,,2026-08-23T08:19:38.971673+02:00
NSR:StopPlace:58862,Strømmen stasjon,2026-08-23T07:45:00+02:00,2026-08-23T07:47:09+02:00,2026-08-23T07:47:09+02:00,129.0,1,Spikkestad,VYG:Line:L1,Spikkestad-Oslo S-Lillestrøm,L1,rail,VYG:ServiceJourney:2213_443604-R,True,actual,False,,,,,2026-08-23T08:19:38.971673+02:00
NSR:StopPlace:59642,Rånåsfoss stasjon,2026-08-23T07:18:00+02:00,2026-08-23T07:20:08+02:00,2026-08-23T07:20:08+02:00,128.0,1,Asker,VYG:Line:R14,Asker-Oslo S-Kongsvinger,R14,rail,VYG:ServiceJourney:1006_442911-R,True,actual,False,,,,,2026-08-23T08:19:38.971673+02:00
NSR:StopPlace:58886,Arendal stasjon,2026-08-23T02:07:00+02:00,2026-08-23T02:09:06+02:00,2026-08-23T02:09:06+02:00,126.0,1,Grimstad via Arendal sentrum,AKT:Line:9101,Eydehavn-Arendal-Grimstad S/N,N101,bus,AKT:ServiceJourney:71718_845_89_186000_190380_40000971,True,actual,False,,,,,2026-08-23T02:32:00.800137+02:00
NSR:StopPlace:59650,Nyland stasjon,2026-08-23T07:52:00+02:00,2026-08-23T07:54:05+02:00,2026-08-23T07:54:05+02:00,125.0,1,Oslo lufthavn,NBU:Line:cb7b555c-f96e-42d5-84bf-a5e08c0145c2,Radiumhospitalet via Økern-Storo-Tåsen,FB3,bus,NBU:ServiceJourney:2e128ef1-50b3-4e78-877b-180270addb91,True,actual,False,,,,,2026-08-23T08:19:38.971673+02:00
NSR:StopPlace:151,Evanger stasjon,2026-08-23T08:01:00+02:00,2026-08-23T08:03:05+02:00,2026-08-23T08:03:05+02:00,125.0,1,Myrdal,VYG:Line:R40,Bergen-Voss-Myrdal-Ål,R40,rail,VYG:ServiceJourney:1804_496767-R,True,actual,False,,,,,2026-08-23T08:19:38.971673+02:00
NSR:StopPlace:58819,Grua stasjon,2026-08-23T05:41:00+02:00,2026-08-23T05:43:05+02:00,2026-08-23T05:43:05+02:00,125.0,1,Oslo S,VYG:Line:R31,Skøyen-Jaren-Gjøvik,R31,rail,VYG:ServiceJourney:202-JAH_488310-R,True,actual,False,,,,,2026-08-23T06:25:28.795214+02:00
NSR:StopPlace:59616,Asker stasjon,2026-08-23T06:45:00+02:00,2026-08-23T06:47:04+02:00,2026-08-23T06:47:04+02:00,124.0,1,Borgen,RUT:Line:281,Borgen - Asker,281,bus,RUT:ServiceJourney:8caa606e07398dc9339d70d79fce356b,True,actual,False,,,,,2026-08-23T08:19:38.971673+02:00
NSR:StopPlace:59620,Grorud stasjon,2026-08-23T07:24:00+02:00,2026-08-23T07:26:03+02:00,2026-08-23T07:26:03+02:00,123.0,1,Oslo lufthavn,NBU:Line:cb7b555c-f96e-42d5-84bf-a5e08c0145c2,Radiumhospitalet via Økern-Storo-Tåsen,FB3,bus,NBU:ServiceJourney:7b1f4fad-f0d4-444f-93a5-deb16c645ddc,True,actual,False,,,,,2026-08-23T08:19:38.971673+02:00
NSR:StopPlace:313,Høybråten stasjon,2026-08-23T07:27:00+02:00,2026-08-23T07:29:03+02:00,2026-08-23T07:29:03+02:00,123.0,1,Lillestrøm,VYG:Line:L1,Spikkestad-Oslo S-Lillestrøm,L1,rail,VYG:ServiceJourney:2210_443600-R,True,actual,False,,,,,2026-08-23T08:19:38.971673+02:00
NSR:StopPlace:59620,Grorud stasjon,2026-08-23T05:54:00+02:00,2026-08-23T05:56:03+02:00,2026-08-23T05:56:03+02:00,123.0,1,Oslo lufthavn,NBU:Line:cb7b555c-f96e-42d5-84bf-a5e08c0145c2,Radiumhospitalet via Økern-Storo-Tåsen,FB3,bus,NBU:ServiceJourney:3121e207-6839-438e-a24e-a659162dd02c,True,actual,False,,,,,2026-08-23T06:25:28.795214+02:00
NSR:StopPlace:59653,Haugenstua stasjon,2026-08-23T07:25:00+02:00,2026-08-23T07:27:02+02:00,2026-08-23T07:27:02+02:00,122.0,1,Lillestrøm,VYG:Line:L1,Spikkestad-Oslo S-Lillestrøm,L1,rail,VYG:ServiceJourney:2210_443600-R,True,actual,False,,,,,2026-08-23T08:19:38.971673+02:00
NSR:StopPlace:58801,Sarpsborg stasjon,2026-08-23T06:30:00+02:00,2026-08-23T06:32:02+02:00,2026-08-23T06:32:02+02:00,122.0,1,Sarpsborg-Kalnes,OST:Line:1_13,Kalnes - Blessom,13,bus,OST:ServiceJourney:13_260325121470853_801,True,actual,False,,,,,2026-08-23T08:19:38.971673+02:00
NSR:StopPlace:60640,Heimdal stasjon,2026-08-23T06:51:00+02:00,2026-08-23T06:53:00+02:00,2026-08-23T06:53:00+02:00,120.0,1,Ranheim via Tiller-sentrum,ATB:Line:2_1,Ranheim - Strindheim - sentrum - Tiller - Heimdal - Kattem,1,bus,ATB:ServiceJourney:1_251215112545916_7003,True,actual,False,,,,,2026-08-23T08:19:38.971673+02:00
NSR:StopPlace:58874,Stokke stasjon,2026-08-23T06:54:00+02:00,2026-08-23T06:56:00+02:00,2026-08-23T06:56:00+02:00,120.0,1,Eidsvoll,VYG:Line:RE11,Eidsvoll-Oslo S-Skien,RE11,rail,VYG:ServiceJourney:806_444386-R,True,actual,False,,,,,2026-08-23T08:19:38.971673+02:00
NSR:StopPlace:58211,Oslo lufthavn,2026-08-23T06:40:00+02:00,2026-08-23T06:42:00+02:00,2026-08-23T06:42:00+02:00,120.0,1,Nordkisa,RUT:Line:440,Fenstad/Nordkisa - Oslo lufthavn,440,bus,RUT:ServiceJourney:ff889dd2bba4d040ec99ff62b43a1169,True,actual,False,,,,,2026-08-23T08:19:38.971673+02:00
NSR:StopPlace:41,Hanaborg stasjon,2026-08-23T07:49:00+02:00,2026-08-23T07:50:59+02:00,2026-08-23T07:50:59+02:00,119.0,1,Spikkestad,VYG:Line:L1,Spikkestad-Oslo S-Lillestrøm,L1,rail,VYG:ServiceJourney:2213_443604-R,True,actual,False,,,,,2026-08-23T08:19:38.971673+02:00
NSR:StopPlace:58848,Haga stasjon,2026-08-23T07:13:00+02:00,2026-08-23T07:14:59+02:00,2026-08-23T07:14:59+02:00,119.0,1,Asker,VYG:Line:R14,Asker-Oslo S-Kongsvinger,R14,rail,VYG:ServiceJourney:1006_442911-R,True,actual,False,,,,,2026-08-23T08:19:38.971673+02:00
NSR:StopPlace:58856,Lysaker stasjon,2026-08-23T07:26:00+02:00,2026-08-23T07:27:59+02:00,2026-08-23T07:27:59+02:00,119.0,1,Oslo Lufthavn,FLT:Line:FLY1,FLY1,FLY1,rail,FLT:ServiceJourney:1-2614-3719-20260823,True,actual,False,,,,,2026-08-23T08:19:38.971673+02:00
NSR:StopPlace:58856,Lysaker stasjon,2026-08-23T07:31:00+02:00,2026-08-23T07:32:59+02:00,2026-08-23T07:32:59+02:00,119.0,1,Dal,VYG:Line:R13,Drammen-Oslo S-Dal,R13,rail,VYG:ServiceJourney:1611_443232-R,True,actual,False,,,,,2026-08-23T08:19:38.971673+02:00
NSR:StopPlace:313,Høybråten stasjon,2026-08-23T07:57:00+02:00,2026-08-23T07:58:59+02:00,2026-08-23T07:58:59+02:00,119.0,1,Lillestrøm,VYG:Line:L1,Spikkestad-Oslo S-Lillestrøm,L1,rail,VYG:ServiceJourney:2212_443603-R,True,actual,False,,,,,2026-08-23T08:19:38.971673+02:00
NSR:StopPlace:62380,Røra stasjon,2026-08-23T07:49:00+02:00,2026-08-23T07:50:59+02:00,2026-08-23T07:50:59+02:00,119.0,1,Lundamo,SJN:Line:26,Trønderbanen,R70,rail,SJN:ServiceJourney:426_56055-R,True,actual,False,,,,,2026-08-23T08:19:38.971673+02:00
NSR:StopPlace:58849,Hakadal stasjon,2026-08-23T04:48:00+02:00,2026-08-23T04:49:59+02:00,2026-08-23T04:49:59+02:00,119.0,1,Løvstad,RUT:Line:390,Kongskog/Hellerudhaugen - Oslo bussterminal,390,bus,RUT:ServiceJourney:2dbc6803a620a8d9123955a56242643b,True,actual,False,,,,,2026-08-23T04:52:42.669123+02:00
NSR:StopPlace:58794,Fredrikstad stasjon,2026-08-23T06:10:00+02:00,2026-08-23T06:11:58+02:00,2026-08-23T06:11:58+02:00,118.0,1,Kalnes,OST:Line:1_4,Fredrikstad - Kalnes,4,bus,OST:ServiceJourney:4_260325121471366_801,True,actual,False,,,,,2026-08-23T08:19:38.971673+02:00
NSR:StopPlace:58838,Røyken stasjon,2026-08-23T07:15:00+02:00,2026-08-23T07:16:58+02:00,2026-08-23T07:16:58+02:00,118.0,1,Asker,RUT:Line:260,Hyggen - Bråset -Slemmestad (- Asker),260,bus,RUT:ServiceJourney:3c96a85eec716a839a25ac70534b627a,True,actual,False,Ruteendringer,Fra 17. august vil det være endringer på flere linjer. ,general,normal,2026-08-23T08:19:38.971673+02:00
NSR:StopPlace:59637,Rosenholm stasjon,2026-08-23T04:32:00+02:00,2026-08-23T04:33:58+02:00,2026-08-23T04:33:58+02:00,118.0,1,Fløysbonn,RUT:Line:3983,Nationaltheatret - Fløysbonn,83N,bus,RUT:ServiceJourney:b708df38cc51d63c8f528ee06cadd721,True,actual,False,,,,,2026-08-23T04:52:42.669123+02:00
NSR:StopPlace:59647,Dal stasjon,2026-08-23T07:41:00+02:00,2026-08-23T07:42:57+02:00,2026-08-23T07:42:57+02:00,117.0,1,Jessheim,RUT:Line:430,Eidsvoll - Jessheim,430,bus,RUT:ServiceJourney:9edb2c6eac9257947ec597d00c71c550,True,actual,False,,,,,2026-08-23T08:19:38.971673+02:00
NSR:StopPlace:58856,Lysaker stasjon,2026-08-23T07:35:00+02:00,2026-08-23T07:36:57+02:00,2026-08-23T07:36:57+02:00,117.0,1,Gullhaug,RUT:Line:150,Gullhaug - Nationaltheatret,150,bus,RUT:ServiceJourney:d8acb0b9c2074dadc2ea8ababfcddb4f,True,actual,False,,,,,2026-08-23T08:19:38.971673+02:00
NSR:StopPlace:101,Sagdalen stasjon,2026-08-23T08:07:00+02:00,2026-08-23T08:08:57+02:00,2026-08-23T08:08:57+02:00,117.0,1,Lillestrøm,VYG:Line:L1,Spikkestad-Oslo S-Lillestrøm,L1,rail,VYG:ServiceJourney:2212_443603-R,True,actual,False,,,,,2026-08-23T08:19:38.971673+02:00
NSR:StopPlace:60944,Ski stasjon,2026-08-23T07:47:00+02:00,2026-08-23T07:48:56+02:00,2026-08-23T07:48:56+02:00,116.0,1,Ås,VYG:Line:R21,Stabekk-Oslo S-Moss,R21,rail,VYG:ServiceJourney:BUS-1111_588853-R,True,actual,False,,,,,2026-08-23T08:19:38.971673+02:00
NSR:StopPlace:59651,Skøyen stasjon,2026-08-23T07:24:00+02:00,2026-08-23T07:25:55+02:00,2026-08-23T07:25:55+02:00,115.0,1,Lillehammer,VYG:Line:RE10,Drammen-Oslo S-Lillehammer,RE10,rail,VYG:ServiceJourney:307-SUD_520953-R,True,actual,False,Forsinket,Toget kjørte 3 minutter forsinket fra Drammen. Dette skyldes en teknisk feil med toget.,incident,normal,2026-08-23T08:19:38.971673+02:00
NSR:StopPlace:59651,Skøyen stasjon,2026-08-23T06:38:00+02:00,2026-08-23T06:39:54+02:00,2026-08-23T06:39:54+02:00,114.0,1,Galgeberg,RUT:Line:20,Skøyen - Galgeberg,20,bus,RUT:ServiceJourney:053402140ff2a0bba90b90031acb3e0e,True,actual,False,,,,,2026-08-23T08:19:38.971673+02:00
NSR:StopPlace:58849,Hakadal stasjon,2026-08-23T02:18:00+02:00,2026-08-23T02:19:54+02:00,2026-08-23T02:19:54+02:00,114.0,1,Oslo bussterminal,RUT:Line:390,Kongskog/Hellerudhaugen - Oslo bussterminal,390,bus,RUT:ServiceJourney:f29f8b85f453af1ed09829a6cd2b2165,True,actual,False,,,,,2026-08-23T02:32:00.800137+02:00
NSR:StopPlace:59648,Kjelsås stasjon,2026-08-23T08:11:00+02:00,2026-08-23T08:12:53+02:00,2026-08-23T08:12:53+02:00,113.0,1,Haugerud,RUT:Line:25,Majorstuen-Haugerud,25,bus,RUT:ServiceJourney:3816d19644c4b3583e3f914129eee1f4,True,actual,False,,,,,2026-08-23T08:19:38.971673+02:00
NSR:StopPlace:59651,Skøyen stasjon,2026-08-23T07:36:00+02:00,2026-08-23T07:37:53+02:00,2026-08-23T07:37:53+02:00,113.0,1,Ski,VYG:Line:L2,Stabekk-Oslo S-Ski,L2,rail,VYG:ServiceJourney:2711-HVK_699737-R,True,actual,False,,,,,2026-08-23T08:19:38.971673+02:00
NSR:StopPlace:59983,Bergen stasjon,2026-08-23T08:08:00+02:00,2026-08-23T08:09:53+02:00,2026-08-23T08:09:53+02:00,113.0,1,Oslo S,VYG:Line:F4,Oslo S-Bergen,F4,rail,VYG:ServiceJourney:62-BRG_444359-R,True,actual,False,,,,,2026-08-23T08:19:38.971673+02:00
NSR:StopPlace:58886,Arendal stasjon,2026-08-23T02:17:00+02:00,2026-08-23T02:18:53+02:00,2026-08-23T02:18:53+02:00,113.0,1,Eydehavn,AKT:Line:9101,Eydehavn-Arendal-Grimstad S/N,N101,bus,AKT:ServiceJourney:71722_796_32_189000_190380_3911019,True,actual,False,,,,,2026-08-23T02:32:00.800137+02:00
NSR:StopPlace:59652,Tøyen stasjon,2026-08-23T06:44:00+02:00,2026-08-23T06:45:52+02:00,2026-08-23T06:45:52+02:00,112.0,1,Vippetangen,RUT:Line:60,Vippetangen-Tonsenhagen,60,bus,RUT:ServiceJourney:5d266de99f3d589ebc34d56312a89e49,True,actual,False,,,,,2026-08-23T08:19:38.971673+02:00
NSR:StopPlace:58857,Lørenskog stasjon,2026-08-23T07:51:00+02:00,2026-08-23T07:52:52+02:00,2026-08-23T07:52:52+02:00,112.0,1,Spikkestad,VYG:Line:L1,Spikkestad-Oslo S-Lillestrøm,L1,rail,VYG:ServiceJourney:2213_443604-R,True,actual,False,,,,,2026-08-23T08:19:38.971673+02:00
NSR:StopPlace:58856,Lysaker stasjon,2026-08-23T04:11:00+02:00,2026-08-23T04:12:52+02:00,2026-08-23T04:12:52+02:00,112.0,1,Grorud T,RUT:Line:31,Snarøya - Fornebu - Tonsenhagen - Grorud,31,bus,RUT:ServiceJourney:ea8acf1aa4070a0b46de6d0e01119b21,True,actual,False,,,,,2026-08-23T04:52:42.669123+02:00
NSR:StopPlace:58404,Nationaltheatret,2026-08-23T05:34:00+02:00,2026-08-23T05:35:51+02:00,2026-08-23T05:35:51+02:00,111.0,1,Helsfyr,RUT:Line:37,Nydalen T - Helsfyr,37,bus,RUT:ServiceJourney:a6a939cbd9028e817f7532953772816a,True,actual,False,,,,,2026-08-23T06:25:28.795214+02:00
NSR:StopPlace:60640,Heimdal stasjon,2026-08-23T08:17:00+02:00,2026-08-23T08:18:50+02:00,2026-08-23T08:18:50+02:00,110.0,1,Strindheim via Kolstad-sentrum,ATB:Line:2_2,Strindheim- Lade- sentrum- Sau,2,bus,ATB:ServiceJourney:2_251215112550027_7009,True,actual,False,,,,,2026-08-23T08:19:38.971673+02:00
NSR:StopPlace:59651,Skøyen stasjon,2026-08-23T07:21:00+02:00,2026-08-23T07:22:50+02:00,2026-08-23T07:22:50+02:00,110.0,1,Skøyen,RUT:Line:140,Bekkestua - Østerås - Skøyen,140,bus,RUT:ServiceJourney:912147ffe434d24e66829441f43d138c,True,actual,False,,,,,2026-08-23T08:19:38.971673+02:00
NSR:StopPlace:59653,Haugenstua stasjon,2026-08-23T07:55:00+02:00,2026-08-23T07:56:50+02:00,2026-08-23T07:56:50+02:00,110.0,1,Lillestrøm,VYG:Line:L1,Spikkestad-Oslo S-Lillestrøm,L1,rail,VYG:ServiceJourney:2212_443603-R,True,actual,False,,,,,2026-08-23T08:19:38.971673+02:00
NSR:StopPlace:58856,Lysaker stasjon,2026-08-23T06:13:00+02:00,2026-08-23T06:14:50+02:00,2026-08-23T06:14:50+02:00,110.0,1,Nationaltheatret,RUT:Line:250,Sætre - Slemmestad - Nationaltheatret,250,bus,RUT:ServiceJourney:3d3e7f999ffd5bb6d5ebf5a2a50013af,True,actual,False,,,,,2026-08-23T08:19:38.971673+02:00
NSR:StopPlace:58856,Lysaker stasjon,2026-08-23T07:06:00+02:00,2026-08-23T07:07:50+02:00,2026-08-23T07:07:50+02:00,110.0,1,Sandvika,RUT:Line:130,Sandvika -Skøyen,130,bus,RUT:ServiceJourney:6b2c08ce9a81f2cb315054e8099e3c01,True,actual,False,,,,,2026-08-23T08:19:38.971673+02:00
NSR:StopPlace:58862,Strømmen stasjon,2026-08-23T07:35:00+02:00,2026-08-23T07:36:50+02:00,2026-08-23T07:36:50+02:00,110.0,1,Lillestrøm,VYG:Line:L1,Spikkestad-Oslo S-Lillestrøm,L1,rail,VYG:ServiceJourney:2210_443600-R,True,actual,False,,,,,2026-08-23T08:19:38.971673+02:00
NSR:StopPlace:59638,Myrvoll stasjon,2026-08-23T02:19:00+02:00,2026-08-23T02:20:50+02:00,2026-08-23T02:20:50+02:00,110.0,1,Nationaltheatret,RUT:Line:3981,Nationaltheatret - Ski,81N,bus,RUT:ServiceJourney:ae45cdd15a05ec7468e253e7385c3e40,True,actual,False,,,,,2026-08-23T02:32:00.800137+02:00
NSR:StopPlace:59643,Grefsen stasjon,2026-08-23T07:41:00+02:00,2026-08-23T07:42:49+02:00,2026-08-23T07:42:49+02:00,109.0,1,Lysaker,RUT:Line:23,Lysaker - Simensbråten,23,bus,RUT:ServiceJourney:2f8b037ce6406eef992c8014d480e765,True,actual,False,,,,,2026-08-23T08:19:38.971673+02:00
NSR:StopPlace:59952,Drammen stasjon,2026-08-23T07:02:00+02:00,2026-08-23T07:03:49+02:00,2026-08-23T07:03:49+02:00,109.0,1,Oslo Lufthavn,FLT:Line:FLY1,FLY1,FLY1,rail,FLT:ServiceJourney:1-2614-3719-20260823,True,actual,False,,,,,2026-08-23T08:19:38.971673+02:00
NSR:StopPlace:58860,Oppegård stasjon,2026-08-23T07:31:00+02:00,2026-08-23T07:32:49+02:00,2026-08-23T07:32:49+02:00,109.0,1,Ski stasjon,RUT:Line:580,Kolbotn - Ski,580,bus,RUT:ServiceJourney:b1aea4e9c1761e780f121c77ff524857,True,actual,False,,,,,2026-08-23T08:19:38.971673+02:00
NSR:StopPlace:60944,Ski stasjon,2026-08-23T07:52:00+02:00,2026-08-23T07:53:48+02:00,2026-08-23T07:53:48+02:00,108.0,1,Oslo S,VYG:Line:R22,Skøyen-Oslo S-Mysen-Rakkestad,R22,rail,VYG:ServiceJourney:BUS-1908_588863-R,True,actual,False,,,,,2026-08-23T08:19:38.971673+02:00
NSR:StopPlace:60944,Ski stasjon,2026-08-23T08:04:00+02:00,2026-08-23T08:05:48+02:00,2026-08-23T08:05:48+02:00,108.0,1,Kråkstad,RUT:Line:525,Kråkstad - Ski - Kråkstad,525,bus,RUT:ServiceJourney:db77da9990a8a5f9d951a45e37e5f294,True,actual,False,,,,,2026-08-23T08:19:38.971673+02:00
NSR:StopPlace:41,Hanaborg stasjon,2026-08-23T07:31:00+02:00,2026-08-23T07:32:47+02:00,2026-08-23T07:32:47+02:00,107.0,1,Lillestrøm,VYG:Line:L1,Spikkestad-Oslo S-Lillestrøm,L1,rail,VYG:ServiceJourney:2210_443600-R,True,actual,False,,,,,2026-08-23T08:19:38.971673+02:00
NSR:StopPlace:41,Hanaborg stasjon,2026-08-23T08:01:00+02:00,2026-08-23T08:02:47+02:00,2026-08-23T08:02:47+02:00,107.0,1,Lillestrøm,VYG:Line:L1,Spikkestad-Oslo S-Lillestrøm,L1,rail,VYG:ServiceJourney:2212_443603-R,True,actual,False,,,,,2026-08-23T08:19:38.971673+02:00
NSR:StopPlace:58966,Porsgrunn stasjon,2026-08-23T06:15:00+02:00,2026-08-23T06:16:47+02:00,2026-08-23T06:16:47+02:00,107.0,1,Eidsvoll,VYG:Line:RE11,Eidsvoll-Oslo S-Skien,RE11,rail,VYG:ServiceJourney:806_444386-R,True,actual,False,Heis på Porsgrunn ute av drift,Heisen på Porsgrunn til spor 2 er ute av drift.,general,normal,2026-08-23T08:19:38.971673+02:00
NSR:StopPlace:58404,Nationaltheatret,2026-08-23T05:53:00+02:00,2026-08-23T05:54:47+02:00,2026-08-23T05:54:47+02:00,107.0,1,Oslo Lufthavn,FLT:Line:FLY1,FLY1,FLY1,rail,FLT:ServiceJourney:1-2614-3709-20260823,True,actual,False,,,,,2026-08-23T06:25:28.795214+02:00
NSR:StopPlace:59651,Skøyen stasjon,2026-08-23T04:16:00+02:00,2026-08-23T04:17:47+02:00,2026-08-23T04:17:47+02:00,107.0,1,Grorud T,RUT:Line:31,Snarøya - Fornebu - Tonsenhagen - Grorud,31,bus,RUT:ServiceJourney:ea8acf1aa4070a0b46de6d0e01119b21,True,actual,False,,,,,2026-08-23T04:52:42.669123+02:00
NSR:StopPlace:59952,Drammen stasjon,2026-08-23T07:05:00+02:00,2026-08-23T07:06:46+02:00,2026-08-23T07:06:46+02:00,106.0,1,Dal,VYG:Line:R13,Drammen-Oslo S-Dal,R13,rail,VYG:ServiceJourney:1611_443232-R,True,actual,False,,,,,2026-08-23T08:19:38.971673+02:00
NSR:StopPlace:58856,Lysaker stasjon,2026-08-23T07:21:00+02:00,2026-08-23T07:22:46+02:00,2026-08-23T07:22:46+02:00,106.0,1,Lillehammer,VYG:Line:RE10,Drammen-Oslo S-Lillehammer,RE10,rail,VYG:ServiceJourney:307-SUD_520953-R,True,actual,False,Forsinket,Toget kjørte 3 minutter forsinket fra Drammen. Dette skyldes en teknisk feil med toget.,incident,normal,2026-08-23T08:19:38.971673+02:00
NSR:StopPlace:313,Høybråten stasjon,2026-08-23T07:53:00+02:00,2026-08-23T07:54:46+02:00,2026-08-23T07:54:46+02:00,106.0,1,Spikkestad,VYG:Line:L1,Spikkestad-Oslo S-Lillestrøm,L1,rail,VYG:ServiceJourney:2213_443604-R,True,actual,False,,,,,2026-08-23T08:19:38.971673+02:00
NSR:StopPlace:59651,Skøyen stasjon,2026-08-23T05:49:00+02:00,2026-08-23T05:50:46+02:00,2026-08-23T05:50:46+02:00,106.0,1,Oslo Lufthavn,FLT:Line:FLY1,FLY1,FLY1,rail,FLT:ServiceJourney:1-2614-3709-20260823,True,actual,False,,,,,2026-08-23T06:25:28.795214+02:00
NSR:StopPlace:58861,Solbråtan stasjon,2026-08-23T05:45:00+02:00,2026-08-23T05:46:46+02:00,2026-08-23T05:46:46+02:00,106.0,1,Bjørvika,RUT:Line:83,Jernbanetorget - Tårnåsen,83,bus,RUT:ServiceJourney:7a5e90461a6caa7a042950c58e6923ee,True,actual,False,Linje 80E og 83 får Hausmanns bru som ny endeholdeplass fra 29. juni,"Bussene stopper ikke på Jernbanetorget etter 29. juni, men starter og stopper på Hausmanns bru i Nylandsveien.",incident,normal,2026-08-23T06:25:28.795214+02:00
NSR:StopPlace:59620,Grorud stasjon,2026-08-23T07:24:00+02:00,2026-08-23T07:25:45+02:00,2026-08-23T07:25:45+02:00,105.0,1,Grorud T,RUT:Line:79,Grorud T - Åsbråten,79,bus,RUT:ServiceJourney:83d7f2d2588b5afefa47dfcded46b9d1,True,actual,False,,,,,2026-08-23T08:19:38.971673+02:00
NSR:StopPlace:58857,Lørenskog stasjon,2026-08-23T07:29:00+02:00,2026-08-23T07:30:45+02:00,2026-08-23T07:30:45+02:00,105.0,1,Lillestrøm,VYG:Line:L1,Spikkestad-Oslo S-Lillestrøm,L1,rail,VYG:ServiceJourney:2210_443600-R,True,actual,False,,,,,2026-08-23T08:19:38.971673+02:00
NSR:StopPlace:429,Vikersund stasjon,2026-08-23T07:38:00+02:00,2026-08-23T07:39:45+02:00,2026-08-23T07:39:45+02:00,105.0,1,Bergen,VYG:Line:F4,Oslo S-Bergen,F4,rail,VYG:ServiceJourney:61-LOD_504304-R,True,actual,False,,,,,2026-08-23T08:19:38.971673+02:00
NSR:StopPlace:59651,Skøyen stasjon,2026-08-23T06:55:00+02:00,2026-08-23T06:56:43+02:00,2026-08-23T06:56:43+02:00,103.0,1,Lilleaker,RUT:Line:3013,Buss for linje 13,13B,bus,RUT:ServiceJourney:085058e70da148971c3e8fb5ca098ef7,True,actual,False,Linje 13: Buss for trikk mellom Thune og Lilleaker ,Vi kjører buss for trikk (linje 13B) mellom Thune og Lilleaker. Bussen stopper ikke på Sollerud. 13B betjener Thune fra midlertidig holdeplass i Drammensveien,incident,normal,2026-08-23T08:19:38.971673+02:00
NSR:StopPlace:59620,Grorud stasjon,2026-08-23T07:23:00+02:00,2026-08-23T07:24:43+02:00,2026-08-23T07:24:43+02:00,103.0,1,Lillestrøm,VYG:Line:L1,Spikkestad-Oslo S-Lillestrøm,L1,rail,VYG:ServiceJourney:2210_443600-R,True,actual,False,,,,,2026-08-23T08:19:38.971673+02:00
NSR:StopPlace:58796,Moss stasjon,2026-08-23T07:05:00+02:00,2026-08-23T07:06:43+02:00,2026-08-23T07:06:43+02:00,103.0,1,Vestby,VYG:Line:RE20,Oslo S-Halden-Göteborg (X-Border),RE20,rail,VYG:ServiceJourney:106-HLD_504591-R,True,actual,False,,,,,2026-08-23T08:19:38.971673+02:00
NSR:StopPlace:58845,Eidsvoll verk stasjon,2026-08-23T08:05:00+02:00,2026-08-23T08:06:43+02:00,2026-08-23T08:06:43+02:00,103.0,1,Skien,VYG:Line:RE11,Eidsvoll-Oslo S-Skien,RE11,rail,VYG:ServiceJourney:809_444389-R,True,actual,False,,,,,2026-08-23T08:19:38.971673+02:00
NSR:StopPlace:58211,Oslo lufthavn,2026-08-23T04:45:00+02:00,2026-08-23T04:46:43+02:00,2026-08-23T04:46:43+02:00,103.0,1,Oslo sentrum via Helsfyr-Hasle-Bislett,NBU:Line:a7c15243-8873-4aee-a8b4-8d22e8ad31dc,Oslo sentrum via Helsfyr-Hasle-Bislett,FB5,bus,NBU:ServiceJourney:6c9728da-6c9e-4b94-b137-6101104c1330,True,actual,False,,,,,2026-08-23T04:52:42.669123+02:00
NSR:StopPlace:60640,Heimdal stasjon,2026-08-23T07:17:00+02:00,2026-08-23T07:18:42+02:00,2026-08-23T07:18:42+02:00,102.0,1,Strindheim via Kolstad-sentrum,ATB:Line:2_2,Strindheim- Lade- sentrum- Sau,2,bus,ATB:ServiceJourney:2_251215112550036_7005,True,actual,False,,,,,2026-08-23T08:19:38.971673+02:00
NSR:StopPlace:58862,Strømmen stasjon,2026-08-23T08:05:00+02:00,2026-08-23T08:06:42+02:00,2026-08-23T08:06:42+02:00,102.0,1,Lillestrøm,VYG:Line:L1,Spikkestad-Oslo S-Lillestrøm,L1,rail,VYG:ServiceJourney:2212_443603-R,True,actual,False,,,,,2026-08-23T08:19:38.971673+02:00
NSR:StopPlace:58211,Oslo lufthavn,2026-08-23T07:50:00+02:00,2026-08-23T07:51:42+02:00,2026-08-23T07:51:42+02:00,102.0,1,Drammen,FLT:Line:FLY1,FLY1,FLY1,rail,FLT:ServiceJourney:1-2614-3716-20260823,True,actual,False,,,,,2026-08-23T08:19:38.971673+02:00
NSR:StopPlace:58856,Lysaker stasjon,2026-08-23T04:13:00+02:00,2026-08-23T04:14:42+02:00,2026-08-23T04:14:42+02:00,102.0,1,Bekkestua,RUT:Line:3140,Nationaltheatret - Bekkestua,140N,bus,RUT:ServiceJourney:6c0db35a824ef234158af38477374e5c,True,actual,False,,,,,2026-08-23T04:52:42.669123+02:00
NSR:StopPlace:58857,Lørenskog stasjon,2026-08-23T07:59:00+02:00,2026-08-23T08:00:41+02:00,2026-08-23T08:00:41+02:00,101.0,1,Lillestrøm,VYG:Line:L1,Spikkestad-Oslo S-Lillestrøm,L1,rail,VYG:ServiceJourney:2212_443603-R,True,actual,False,,,,,2026-08-23T08:19:38.971673+02:00
NSR:StopPlace:58864,Sørumsand stasjon,2026-08-23T06:51:00+02:00,2026-08-23T06:52:41+02:00,2026-08-23T06:52:41+02:00,101.0,1,Skedsmokorset,RUT:Line:365,Sørumsand - Frogner - Skedsmokorset,365,bus,RUT:ServiceJourney:61defe1f70f9e1faa00655bf94fcb68a,True,actual,False,,,,,2026-08-23T08:19:38.971673+02:00
NSR:StopPlace:628,Darbu stasjon,2026-08-23T06:47:00+02:00,2026-08-23T06:48:41+02:00,2026-08-23T06:48:41+02:00,101.0,1,Eidsvoll,VYG:Line:R12,Kongsberg-Oslo S-Eidsvoll,R12,rail,VYG:ServiceJourney:506_444299-R,True,actual,False,,,,,2026-08-23T08:19:38.971673+02:00
NSR:StopPlace:58404,Nationaltheatret,2026-08-23T06:20:00+02:00,2026-08-23T06:21:41+02:00,2026-08-23T06:21:41+02:00,101.0,1,Majorstuen,RUT:Line:15,Jernbanetorget - Majorstuen via Nat,15,tram,RUT:ServiceJourney:5447f038287b9eb3d6eaf9e5cd2549ba,True,actual,False,,,,,2026-08-23T06:25:28.795214+02:00
NSR:StopPlace:59641,Fjellhamar stasjon,2026-08-23T07:33:00+02:00,2026-08-23T07:34:40+02:00,2026-08-23T07:34:40+02:00,100.0,1,Lillestrøm,VYG:Line:L1,Spikkestad-Oslo S-Lillestrøm,L1,rail,VYG:ServiceJourney:2210_443600-R,True,actual,False,,,,,2026-08-23T08:19:38.971673+02:00
NSR:StopPlace:60640,Heimdal stasjon,2026-08-23T07:21:00+02:00,2026-08-23T07:22:40+02:00,2026-08-23T07:22:40+02:00,100.0,1,Ranheim via Tiller-sentrum,ATB:Line:2_1,Ranheim - Strindheim - sentrum - Tiller - Heimdal - Kattem,1,bus,ATB:ServiceJourney:1_251215112545970_7005,True,actual,False,,,,,2026-08-23T08:19:38.971673+02:00
NSR:StopPlace:58844,Eidsvoll stasjon,2026-08-23T07:15:00+02:00,2026-08-23T07:16:40+02:00,2026-08-23T07:16:40+02:00,100.0,1,Jessheim,RUT:Line:430,Eidsvoll - Jessheim,430,bus,RUT:ServiceJourney:9edb2c6eac9257947ec597d00c71c550,True,actual,False,,,,,2026-08-23T08:19:38.971673+02:00
NSR:StopPlace:59649,Nydalen stasjon,2026-08-23T04:33:00+02:00,2026-08-23T04:34:40+02:00,2026-08-23T04:34:40+02:00,100.0,1,Oslo lufthavn,NBU:Line:cb7b555c-f96e-42d5-84bf-a5e08c0145c2,Radiumhospitalet via Økern-Storo-Tåsen,FB3,bus,NBU:ServiceJourney:0e22b733-a412-4078-987f-4047b44fa091,True,actual,False,,,,,2026-08-23T04:52:42.669123+02:00
NSR:StopPlace:59649,Nydalen stasjon,2026-08-23T04:03:00+02:00,2026-08-23T04:04:39+02:00,2026-08-23T04:04:39+02:00,99.0,1,Oslo lufthavn,NBU:Line:cb7b555c-f96e-42d5-84bf-a5e08c0145c2,Radiumhospitalet via Økern-Storo-Tåsen,FB3,bus,NBU:ServiceJourney:140f97bd-3ebd-470f-b17f-80ea94bc611f,True,actual,False,,,,,2026-08-23T04:52:42.669123+02:00
NSR:StopPlace:59620,Grorud stasjon,2026-08-23T04:18:00+02:00,2026-08-23T04:19:39+02:00,2026-08-23T04:19:39+02:00,99.0,1,Vestli,RUT:Line:3905,Jernbanetorget - Vestli T,5N,bus,RUT:ServiceJourney:746b401887c94d4560645dcafbd5a278,True,actual,False,,,,,2026-08-23T04:52:42.669123+02:00
NSR:StopPlace:59636,Holmlia stasjon,2026-08-23T02:24:00+02:00,2026-08-23T02:25:39+02:00,2026-08-23T02:25:39+02:00,99.0,1,Nationaltheatret,RUT:Line:3983,Nationaltheatret - Fløysbonn,83N,bus,RUT:ServiceJourney:19e6176930a0091939774de01059ae50,True,actual,False,,,,,2026-08-23T02:32:00.800137+02:00
NSR:StopPlace:59952,Drammen stasjon,2026-08-23T07:17:00+02:00,2026-08-23T07:18:38+02:00,2026-08-23T07:18:38+02:00,98.0,1,Eidsvoll,VYG:Line:R12,Kongsberg-Oslo S-Eidsvoll,R12,rail,VYG:ServiceJourney:506_444299-R,True,actual,False,Åpnet: Asker stasjon,"Asker stasjon er åpen for togtrafikk på alle spor igjen. Togene kjører, men det kan ta litt tid før de er i rute. Du må derfor regne med forsinkelser.",general,normal,2026-08-23T08:19:38.971673+02:00
NSR:StopPlace:58853,Kolbotn stasjon,2026-08-23T07:49:00+02:00,2026-08-23T07:50:38+02:00,2026-08-23T07:50:38+02:00,98.0,1,Bjørvika,RUT:Line:83,Jernbanetorget - Tårnåsen,83,bus,RUT:ServiceJourney:5682e1f0a2da3be065bf4eaa367ffaae,True,actual,False,Linje 80E og 83 får Hausmanns bru som ny endeholdeplass fra 29. juni,"Bussene stopper ikke på Jernbanetorget etter 29. juni, men starter og stopper på Hausmanns bru i Nylandsveien.",incident,normal,2026-08-23T08:19:38.971673+02:00
NSR:StopPlace:58211,Oslo lufthavn,2026-08-23T07:51:00+02:00,2026-08-23T07:52:38+02:00,2026-08-23T07:52:38+02:00,98.0,1,Oslo bussterminal,RUT:Line:400,Oslo lufthavn - Veståsen - Olavsgaard - Oslo,400,bus,RUT:ServiceJourney:466b3ac8ed023938d3a8ef33f6a83be5,True,actual,False,,,,,2026-08-23T08:19:38.971673+02:00
NSR:StopPlace:62392,Slependen stasjon,2026-08-23T06:45:00+02:00,2026-08-23T06:46:38+02:00,2026-08-23T06:46:38+02:00,98.0,1,Lillestrøm,VYG:Line:L1,Spikkestad-Oslo S-Lillestrøm,L1,rail,VYG:ServiceJourney:2210_443600-R,True,actual,False,,,,,2026-08-23T08:19:38.971673+02:00
NSR:StopPlace:59641,Fjellhamar stasjon,2026-08-23T08:03:00+02:00,2026-08-23T08:04:37+02:00,2026-08-23T08:04:37+02:00,97.0,1,Lillestrøm,VYG:Line:L1,Spikkestad-Oslo S-Lillestrøm,L1,rail,VYG:ServiceJourney:2212_443603-R,True,actual,False,,,,,2026-08-23T08:19:38.971673+02:00
NSR:StopPlace:59651,Skøyen stasjon,2026-08-23T07:40:00+02:00,2026-08-23T07:41:37+02:00,2026-08-23T07:41:37+02:00,97.0,1,Bekkestua via Østerås,RUT:Line:140,Bekkestua - Østerås - Skøyen,140,bus,RUT:ServiceJourney:d19cc7ecc5ffb9f76037db1541b87ac3,True,actual,False,,,,,2026-08-23T08:19:38.971673+02:00
NSR:StopPlace:60944,Ski stasjon,2026-08-23T07:42:00+02:00,2026-08-23T07:43:36+02:00,2026-08-23T07:43:36+02:00,96.0,1,Vinterbro,RUT:Line:520,Vinterbro - Ski stasjon,520,bus,RUT:ServiceJourney:a67b6718089afab0bc741dd72d4028cd,True,actual,False,,,,,2026-08-23T08:19:38.971673+02:00
NSR:StopPlace:59620,Grorud stasjon,2026-08-23T07:53:00+02:00,2026-08-23T07:54:36+02:00,2026-08-23T07:54:36+02:00,96.0,1,Lillestrøm,VYG:Line:L1,Spikkestad-Oslo S-Lillestrøm,L1,rail,VYG:ServiceJourney:2212_443603-R,True,actual,False,,,,,2026-08-23T08:19:38.971673+02:00
NSR:StopPlace:59650,Nyland stasjon,2026-08-23T02:23:00+02:00,2026-08-23T02:24:36+02:00,2026-08-23T02:24:36+02:00,96.0,1,Jernbanetorget,RUT:Line:3905,Jernbanetorget - Vestli T,5N,bus,RUT:ServiceJourney:3f874a4ed9c10fb4b579c3345383344e,True,actual,False,,,,,2026-08-23T02:32:00.800137+02:00
NSR:StopPlace:59651,Skøyen stasjon,2026-08-23T07:03:00+02:00,2026-08-23T07:04:35+02:00,2026-08-23T07:04:35+02:00,95.0,1,Sandvika,RUT:Line:130,Sandvika -Skøyen,130,bus,RUT:ServiceJourney:6b2c08ce9a81f2cb315054e8099e3c01,True,actual,False,,,,,2026-08-23T08:19:38.971673+02:00
NSR:StopPlace:610,Sandvika stasjon,2026-08-23T06:48:00+02:00,2026-08-23T06:49:35+02:00,2026-08-23T06:49:35+02:00,95.0,1,Lillestrøm,VYG:Line:L1,Spikkestad-Oslo S-Lillestrøm,L1,rail,VYG:ServiceJourney:2210_443600-R,True,actual,False,,,,,2026-08-23T08:19:38.971673+02:00
NSR:StopPlace:59643,Grefsen stasjon,2026-08-23T05:41:00+02:00,2026-08-23T05:42:35+02:00,2026-08-23T05:42:35+02:00,95.0,1,Lysaker,RUT:Line:23,Lysaker - Simensbråten,23,bus,RUT:ServiceJourney:009302e8b4b705168b9c0d27b2a0335f,True,actual,False,,,,,2026-08-23T06:25:28.795214+02:00
NSR:StopPlace:58856,Lysaker stasjon,2026-08-23T05:46:00+02:00,2026-08-23T05:47:35+02:00,2026-08-23T05:47:35+02:00,95.0,1,Oslo Lufthavn,FLT:Line:FLY1,FLY1,FLY1,rail,FLT:ServiceJourney:1-2614-3709-20260823,True,actual,False,,,,,2026-08-23T06:25:28.795214+02:00
NSR:StopPlace:58211,Oslo lufthavn,2026-08-23T04:40:00+02:00,2026-08-23T04:41:35+02:00,2026-08-23T04:41:35+02:00,95.0,1,Jessheim,RUT:Line:440,Fenstad/Nordkisa - Oslo lufthavn,440,bus,RUT:ServiceJourney:0ceb1c166ce86bf3ca67148ce34b9d47,True,actual,False,,,,,2026-08-23T04:52:42.669123+02:00
NSR:StopPlace:58856,Lysaker stasjon,2026-08-23T07:33:00+02:00,2026-08-23T07:34:34+02:00,2026-08-23T07:34:34+02:00,94.0,1,Ski,VYG:Line:L2,Stabekk-Oslo S-Ski,L2,rail,VYG:ServiceJourney:2711-HVK_699737-R,True,actual,False,,,,,2026-08-23T08:19:38.971673+02:00
NSR:StopPlace:59620,Grorud stasjon,2026-08-23T07:57:00+02:00,2026-08-23T07:58:33+02:00,2026-08-23T07:58:33+02:00,93.0,1,Stovner,RUT:Line:65,Furuset T - Stovner T via Smedstua,65,bus,RUT:ServiceJourney:b1231b8b8b8d60aa7b347da3e6848b82,True,actual,False,,,,,2026-08-23T08:19:38.971673+02:00
NSR:StopPlace:58856,Lysaker stasjon,2026-08-23T06:56:00+02:00,2026-08-23T06:57:33+02:00,2026-08-23T06:57:33+02:00,93.0,1,Nationaltheatret,RUT:Line:150,Gullhaug - Nationaltheatret,150,bus,RUT:ServiceJourney:4fe17789300603cc51b75486dafd1501,True,actual,False,,,,,2026-08-23T08:19:38.971673+02:00
NSR:StopPlace:59648,Kjelsås stasjon,2026-08-23T04:40:00+02:00,2026-08-23T04:41:33+02:00,2026-08-23T04:41:33+02:00,93.0,1,Kværnerbyen,RUT:Line:54,Kværnerbyen - Kjelsås stasjon,54,bus,RUT:ServiceJourney:252daf54452e8b4882cc335a57e16864,True,actual,False,,,,,2026-08-23T04:52:42.669123+02:00
NSR:StopPlace:59649,Nydalen stasjon,2026-08-23T07:03:00+02:00,2026-08-23T07:04:32+02:00,2026-08-23T07:04:32+02:00,92.0,1,Oslo lufthavn,NBU:Line:cb7b555c-f96e-42d5-84bf-a5e08c0145c2,Radiumhospitalet via Økern-Storo-Tåsen,FB3,bus,NBU:ServiceJourney:7b1f4fad-f0d4-444f-93a5-deb16c645ddc,True,actual,False,,,,,2026-08-23T08:19:38.971673+02:00
NSR:StopPlace:58853,Kolbotn stasjon,2026-08-23T05:49:00+02:00,2026-08-23T05:50:32+02:00,2026-08-23T05:50:32+02:00,92.0,1,Bjørvika,RUT:Line:83,Jernbanetorget - Tårnåsen,83,bus,RUT:ServiceJourney:7a5e90461a6caa7a042950c58e6923ee,True,actual,False,Linje 80E og 83 får Hausmanns bru som ny endeholdeplass fra 29. juni,"Bussene stopper ikke på Jernbanetorget etter 29. juni, men starter og stopper på Hausmanns bru i Nylandsveien.",incident,normal,2026-08-23T06:25:28.795214+02:00
NSR:StopPlace:60640,Heimdal stasjon,2026-08-23T06:17:00+02:00,2026-08-23T06:18:31+02:00,2026-08-23T06:18:31+02:00,91.0,1,Strindheim via Kolstad-sentrum,ATB:Line:2_2,Strindheim- Lade- sentrum- Sau,2,bus,ATB:ServiceJourney:2_251215112550023_7001,True,actual,False,,,,,2026-08-23T08:19:38.971673+02:00
NSR:StopPlace:59650,Nyland stasjon,2026-08-23T06:59:00+02:00,2026-08-23T07:00:31+02:00,2026-08-23T07:00:31+02:00,91.0,1,Spikkestad,VYG:Line:L1,Spikkestad-Oslo S-Lillestrøm,L1,rail,VYG:ServiceJourney:2209_443598-R,True,actual,False,,,,,2026-08-23T08:19:38.971673+02:00
NSR:StopPlace:58819,Grua stasjon,2026-08-23T07:41:00+02:00,2026-08-23T07:42:31+02:00,2026-08-23T07:42:31+02:00,91.0,1,Oslo S,VYG:Line:R31,Skøyen-Jaren-Gjøvik,R31,rail,VYG:ServiceJourney:206_443504-R,True,actual,False,,,,,2026-08-23T08:19:38.971673+02:00
NSR:StopPlace:61301,Movatn stasjon,2026-08-23T08:16:00+02:00,2026-08-23T08:17:30+02:00,2026-08-23T08:17:30+02:00,90.0,1,Oslo S,VYG:Line:R31,Skøyen-Jaren-Gjøvik,R31,rail,VYG:ServiceJourney:206_443504-R,True,actual,False,,,,,2026-08-23T08:19:38.971673+02:00
NSR:StopPlace:59616,Asker stasjon,2026-08-23T07:37:00+02:00,2026-08-23T07:38:30+02:00,2026-08-23T07:38:30+02:00,90.0,1,Dikemark,RUT:Line:280,Asker - Dikemark - Heggedal,280,bus,RUT:ServiceJourney:40148ff837c98e42c02f56ccb83ca3ae,True,actual,False,,,,,2026-08-23T08:19:38.971673+02:00
NSR:StopPlace:58854,Langhus stasjon,2026-08-23T07:26:00+02:00,2026-08-23T07:27:30+02:00,2026-08-23T07:27:30+02:00,90.0,1,Oslo S,VYG:Line:L2,Stabekk-Oslo S-Ski,L2,rail,VYG:ServiceJourney:BUS-2714_588866-R,True,actual,False,,,,,2026-08-23T08:19:38.971673+02:00
NSR:StopPlace:58856,Lysaker stasjon,2026-08-23T06:33:00+02:00,2026-08-23T06:34:30+02:00,2026-08-23T06:34:30+02:00,90.0,1,Nationaltheatret,RUT:Line:160,Rykkinn -Nationaltheatret,160,bus,RUT:ServiceJourney:755424fc97e2f5939c3c1ac9d35021fc,True,actual,False,,,,,2026-08-23T08:19:38.971673+02:00
NSR:StopPlace:58861,Solbråtan stasjon,2026-08-23T07:45:00+02:00,2026-08-23T07:46:30+02:00,2026-08-23T07:46:30+02:00,90.0,1,Bjørvika,RUT:Line:83,Jernbanetorget - Tårnåsen,83,bus,RUT:ServiceJourney:5682e1f0a2da3be065bf4eaa367ffaae,True,actual,False,Linje 80E og 83 får Hausmanns bru som ny endeholdeplass fra 29. juni,"Bussene stopper ikke på Jernbanetorget etter 29. juni, men starter og stopper på Hausmanns bru i Nylandsveien.",incident,normal,2026-08-23T08:19:38.971673+02:00
NSR:StopPlace:59616,Asker stasjon,2026-08-23T07:15:00+02:00,2026-08-23T07:16:29+02:00,2026-08-23T07:16:29+02:00,89.0,1,Borgen,RUT:Line:281,Borgen - Asker,281,bus,RUT:ServiceJourney:96dc6dac4fca2ac358ff0b1288b497ca,True,actual,False,,,,,2026-08-23T08:19:38.971673+02:00
NSR:StopPlace:58835,Lier stasjon,2026-08-23T07:41:00+02:00,2026-08-23T07:42:29+02:00,2026-08-23T07:42:29+02:00,89.0,1,Dal,VYG:Line:R13,Drammen-Oslo S-Dal,R13,rail,VYG:ServiceJourney:1613_443238-R,True,actual,False,,,,,2026-08-23T08:19:38.971673+02:00
NSR:StopPlace:58860,Oppegård stasjon,2026-08-23T07:01:00+02:00,2026-08-23T07:02:29+02:00,2026-08-23T07:02:29+02:00,89.0,1,Kolbotn torg,RUT:Line:580,Kolbotn - Ski,580,bus,RUT:ServiceJourney:f109c299105e4b095c4a206017df654d,True,actual,False,,,,,2026-08-23T08:19:38.971673+02:00
NSR:StopPlace:58862,Strømmen stasjon,2026-08-23T07:36:00+02:00,2026-08-23T07:37:29+02:00,2026-08-23T07:37:29+02:00,89.0,1,Nittedal,RUT:Line:385,Nittedal stasjon - Olavsgaard - Ahus,385,bus,RUT:ServiceJourney:115db20edc0e8a6c969b79d3bb5979b6,True,actual,False,Ruteendringer,Fra 17.08.26 vil det være endringer på flere linjer. Benytt reiseplanleggeren for oppdaterte avgangstider om din reise.,general,normal,2026-08-23T08:19:38.971673+02:00
NSR:StopPlace:59647,Dal stasjon,2026-08-23T07:46:00+02:00,2026-08-23T07:47:28+02:00,2026-08-23T07:47:28+02:00,88.0,1,Eidsvoll st.,RUT:Line:430,Eidsvoll - Jessheim,430,bus,RUT:ServiceJourney:28dce1808df66e3a56097821e7d3026a,True,actual,False,,,,,2026-08-23T08:19:38.971673+02:00
NSR:StopPlace:59654,Stabekk stasjon,2026-08-23T08:06:00+02:00,2026-08-23T08:07:28+02:00,2026-08-23T08:07:28+02:00,88.0,1,Moss,VYG:Line:R21,Stabekk-Oslo S-Moss,R21,rail,VYG:ServiceJourney:1113-HVK_442988-R,True,actual,False,,,,,2026-08-23T08:19:38.971673+02:00
NSR:StopPlace:58966,Porsgrunn stasjon,2026-08-23T07:17:00+02:00,2026-08-23T07:18:28+02:00,2026-08-23T07:18:28+02:00,88.0,1,Eidsvoll,VYG:Line:RE11,Eidsvoll-Oslo S-Skien,RE11,rail,VYG:ServiceJourney:808_444388-R,True,actual,False,Heis på Porsgrunn ute av drift,Heisen på Porsgrunn til spor 2 er ute av drift.,general,normal,2026-08-23T08:19:38.971673+02:00
NSR:StopPlace:58847,Frogner stasjon,2026-08-23T07:13:00+02:00,2026-08-23T07:14:28+02:00,2026-08-23T07:14:28+02:00,88.0,1,Skedsmokorset,RUT:Line:365,Sørumsand - Frogner - Skedsmokorset,365,bus,RUT:ServiceJourney:61defe1f70f9e1faa00655bf94fcb68a,True,actual,False,,,,,2026-08-23T08:19:38.971673+02:00
NSR:StopPlace:58963,Jessheim stasjon,2026-08-23T06:01:00+02:00,2026-08-23T06:02:28+02:00,2026-08-23T06:02:28+02:00,88.0,1,Oslo lufthavn,RUT:Line:440,Fenstad/Nordkisa - Oslo lufthavn,440,bus,RUT:ServiceJourney:3d6a3f2690e4ff9020279eec195fa805,True,actual,False,,,,,2026-08-23T06:25:28.795214+02:00
NSR:StopPlace:59648,Kjelsås stasjon,2026-08-23T07:55:00+02:00,2026-08-23T07:56:27+02:00,2026-08-23T07:56:27+02:00,87.0,1,Majorstuen,RUT:Line:25,Majorstuen-Haugerud,25,bus,RUT:ServiceJourney:7e6cde2db1e5b96ab1178bd2ce1e7d6d,True,actual,False,,,,,2026-08-23T08:19:38.971673+02:00
NSR:StopPlace:58861,Solbråtan stasjon,2026-08-23T06:45:00+02:00,2026-08-23T06:46:27+02:00,2026-08-23T06:46:27+02:00,87.0,1,Bjørvika,RUT:Line:83,Jernbanetorget - Tårnåsen,83,bus,RUT:ServiceJourney:4cfa6a9f2fc12ac74b6b5fd34482f11a,True,actual,False,Linje 80E og 83 får Hausmanns bru som ny endeholdeplass fra 29. juni,"Bussene stopper ikke på Jernbanetorget etter 29. juni, men starter og stopper på Hausmanns bru i Nylandsveien.",incident,normal,2026-08-23T08:19:38.971673+02:00
NSR:StopPlace:59952,Drammen stasjon,2026-08-23T05:42:00+02:00,2026-08-23T05:43:27+02:00,2026-08-23T05:43:27+02:00,87.0,1,Oslo Lufthavn,FLT:Line:FLY1,FLY1,FLY1,rail,FLT:ServiceJourney:1-2614-3711-20260823,True,actual,False,,,,,2026-08-23T06:25:28.795214+02:00
NSR:StopPlace:60944,Ski stasjon,2026-08-23T02:03:00+02:00,2026-08-23T02:04:27+02:00,2026-08-23T02:04:27+02:00,87.0,1,Nationaltheatret,RUT:Line:3981,Nationaltheatret - Ski,81N,bus,RUT:ServiceJourney:ae45cdd15a05ec7468e253e7385c3e40,True,actual,False,,,,,2026-08-23T02:32:00.800137+02:00
NSR:StopPlace:58966,Porsgrunn stasjon,2026-08-23T08:17:00+02:00,2026-08-23T08:18:26+02:00,2026-08-23T08:18:26+02:00,86.0,1,Eidsvoll,VYG:Line:RE11,Eidsvoll-Oslo S-Skien,RE11,rail,VYG:ServiceJourney:810_444390-R,True,actual,False,Heis på Porsgrunn ute av drift,Heisen på Porsgrunn til spor 2 er ute av drift.,general,normal,2026-08-23T08:19:38.971673+02:00
NSR:StopPlace:58860,Oppegård stasjon,2026-08-23T04:35:00+02:00,2026-08-23T04:36:26+02:00,2026-08-23T04:36:26+02:00,86.0,1,Ski stasjon,RUT:Line:3981,Nationaltheatret - Ski,81N,bus,RUT:ServiceJourney:94202bf120a1e4e27df3e58996675f16,True,actual,False,,,,,2026-08-23T04:52:42.669123+02:00
NSR:StopPlace:58853,Kolbotn stasjon,2026-08-23T02:08:00+02:00,2026-08-23T02:09:26+02:00,2026-08-23T02:09:26+02:00,86.0,1,Nationaltheatret,RUT:Line:3983,Nationaltheatret - Fløysbonn,83N,bus,RUT:ServiceJourney:19e6176930a0091939774de01059ae50,True,actual,False,,,,,2026-08-23T02:32:00.800137+02:00
NSR:StopPlace:59654,Stabekk stasjon,2026-08-23T07:09:00+02:00,2026-08-23T07:10:25+02:00,2026-08-23T07:10:25+02:00,85.0,1,Gullhaug,RUT:Line:150,Gullhaug - Nationaltheatret,150,bus,RUT:ServiceJourney:0f2a4a8ba332b304db0140035dd0f6d2,True,actual,False,Holdeplass Stabekk stasjon i retning mot Bekkestua er flyttet ca. 50 meter bakover.,Dette skyldes anleggsarbeid i området.,incident,normal,2026-08-23T08:19:38.971673+02:00
NSR:StopPlace:59651,Skøyen stasjon,2026-08-23T07:17:00+02:00,2026-08-23T07:18:24+02:00,2026-08-23T07:18:24+02:00,84.0,1,Spikkestad,VYG:Line:L1,Spikkestad-Oslo S-Lillestrøm,L1,rail,VYG:ServiceJourney:2209_443598-R,True,actual,False,,,,,2026-08-23T08:19:38.971673+02:00
NSR:StopPlace:628,Darbu stasjon,2026-08-23T07:47:00+02:00,2026-08-23T07:48:24+02:00,2026-08-23T07:48:24+02:00,84.0,1,Eidsvoll,VYG:Line:R12,Kongsberg-Oslo S-Eidsvoll,R12,rail,VYG:ServiceJourney:508_444301-R,True,actual,False,,,,,2026-08-23T08:19:38.971673+02:00
NSR:StopPlace:62309,Ljan stasjon,2026-08-23T07:54:00+02:00,2026-08-23T07:55:24+02:00,2026-08-23T07:55:24+02:00,84.0,1,Ski,VYG:Line:L2,Stabekk-Oslo S-Ski,L2,rail,VYG:ServiceJourney:2711-HVK_699737-R,True,actual,False,,,,,2026-08-23T08:19:38.971673+02:00
NSR:StopPlace:58856,Lysaker stasjon,2026-08-23T04:19:00+02:00,2026-08-23T04:20:24+02:00,2026-08-23T04:20:24+02:00,84.0,1,Rykkinn,RUT:Line:160,Rykkinn -Nationaltheatret,160,bus,RUT:ServiceJourney:c50a6c214e3f4f4309151140d79ef0ad,True,actual,False,,,,,2026-08-23T04:52:42.669123+02:00
NSR:StopPlace:58834,Hokksund stasjon,2026-08-23T06:59:00+02:00,2026-08-23T07:00:23+02:00,2026-08-23T07:00:23+02:00,83.0,1,Eidsvoll,VYG:Line:R12,Kongsberg-Oslo S-Eidsvoll,R12,rail,VYG:ServiceJourney:506_444299-R,True,actual,False,,,,,2026-08-23T08:19:38.971673+02:00
NSR:StopPlace:58845,Eidsvoll verk stasjon,2026-08-23T07:35:00+02:00,2026-08-23T07:36:23+02:00,2026-08-23T07:36:23+02:00,83.0,1,Kongsberg,VYG:Line:R12,Kongsberg-Oslo S-Eidsvoll,R12,rail,VYG:ServiceJourney:507_444300-R,True,actual,False,,,,,2026-08-23T08:19:38.971673+02:00
NSR:StopPlace:58856,Lysaker stasjon,2026-08-23T06:43:00+02:00,2026-08-23T06:44:23+02:00,2026-08-23T06:44:23+02:00,83.0,1,Bekkestua via Østerås,RUT:Line:140,Bekkestua - Østerås - Skøyen,140,bus,RUT:ServiceJourney:1080f1b331d48b16879dfdecd485ccc1,True,actual,False,,,,,2026-08-23T08:19:38.971673+02:00
NSR:StopPlace:59620,Grorud stasjon,2026-08-23T05:24:00+02:00,2026-08-23T05:25:23+02:00,2026-08-23T05:25:23+02:00,83.0,1,Oslo lufthavn,NBU:Line:cb7b555c-f96e-42d5-84bf-a5e08c0145c2,Radiumhospitalet via Økern-Storo-Tåsen,FB3,bus,NBU:ServiceJourney:f0f7dd2e-b62b-4186-9b42-9757efdb8612,True,actual,False,,,,,2026-08-23T06:25:28.795214+02:00
NSR:StopPlace:59654,Stabekk stasjon,2026-08-23T04:09:00+02:00,2026-08-23T04:10:23+02:00,2026-08-23T04:10:23+02:00,83.0,1,Gullhaug,RUT:Line:150,Gullhaug - Nationaltheatret,150,bus,RUT:ServiceJourney:f3b7f48953316f53a761790d718fb86b,True,actual,False,Holdeplass Stabekk stasjon i retning mot Bekkestua er flyttet ca. 50 meter bakover.,Dette skyldes anleggsarbeid i området.,incident,normal,2026-08-23T04:52:42.669123+02:00
NSR:StopPlace:58856,Lysaker stasjon,2026-08-23T03:41:00+02:00,2026-08-23T03:42:23+02:00,2026-08-23T03:42:23+02:00,83.0,1,Grorud T,RUT:Line:31,Snarøya - Fornebu - Tonsenhagen - Grorud,31,bus,RUT:ServiceJourney:fb6f915f225f090307453b2198db18d6,True,actual,False,,,,,2026-08-23T04:52:42.669123+02:00
NSR:StopPlace:59643,Grefsen stasjon,2026-08-23T06:49:00+02:00,2026-08-23T06:50:22+02:00,2026-08-23T06:50:22+02:00,82.0,1,Simensbråten,RUT:Line:23,Lysaker - Simensbråten,23,bus,RUT:ServiceJourney:23bc542b81cbe6ea9cbe460eab1941b8,True,actual,False,,,,,2026-08-23T08:19:38.971673+02:00
NSR:StopPlace:58855,Leirsund stasjon,2026-08-23T07:26:00+02:00,2026-08-23T07:27:22+02:00,2026-08-23T07:27:22+02:00,82.0,1,Drammen,VYG:Line:R13,Drammen-Oslo S-Dal,R13,rail,VYG:ServiceJourney:1610_443230-R,True,actual,False,,,,,2026-08-23T08:19:38.971673+02:00
NSR:StopPlace:59648,Kjelsås stasjon,2026-08-23T06:11:00+02:00,2026-08-23T06:12:22+02:00,2026-08-23T06:12:22+02:00,82.0,1,Haugerud,RUT:Line:25,Majorstuen-Haugerud,25,bus,RUT:ServiceJourney:2323185022dcf4be4f6592c9b0fcad41,True,actual,False,,,,,2026-08-23T06:25:28.795214+02:00
NSR:StopPlace:59650,Nyland stasjon,2026-08-23T04:22:00+02:00,2026-08-23T04:23:22+02:00,2026-08-23T04:23:22+02:00,82.0,1,Oslo lufthavn,NBU:Line:cb7b555c-f96e-42d5-84bf-a5e08c0145c2,Radiumhospitalet via Økern-Storo-Tåsen,FB3,bus,NBU:ServiceJourney:140f97bd-3ebd-470f-b17f-80ea94bc611f,True,actual,False,,,,,2026-08-23T04:52:42.669123+02:00
NSR:StopPlace:61463,Nordstrand stasjon,2026-08-23T07:52:00+02:00,2026-08-23T07:53:21+02:00,2026-08-23T07:53:21+02:00,81.0,1,Ski,VYG:Line:L2,Stabekk-Oslo S-Ski,L2,rail,VYG:ServiceJourney:2711-HVK_699737-R,True,actual,False,,,,,2026-08-23T08:19:38.971673+02:00
NSR:StopPlace:59620,Grorud stasjon,2026-08-23T06:57:00+02:00,2026-08-23T06:58:21+02:00,2026-08-23T06:58:21+02:00,81.0,1,Spikkestad,VYG:Line:L1,Spikkestad-Oslo S-Lillestrøm,L1,rail,VYG:ServiceJourney:2209_443598-R,True,actual,False,,,,,2026-08-23T08:19:38.971673+02:00
NSR:StopPlace:58856,Lysaker stasjon,2026-08-23T06:36:00+02:00,2026-08-23T06:37:21+02:00,2026-08-23T06:37:21+02:00,81.0,1,Grorud T,RUT:Line:31,Snarøya - Fornebu - Tonsenhagen - Grorud,31,bus,RUT:ServiceJourney:2d7340db344be3df85119db82f8fc753,True,actual,False,,,,,2026-08-23T08:19:38.971673+02:00
NSR:StopPlace:398,Arna stasjon,2026-08-23T07:06:00+02:00,2026-08-23T07:07:21+02:00,2026-08-23T07:07:21+02:00,81.0,1,Bergen,VYG:Line:R40,Bergen-Voss-Myrdal-Ål,R40,rail,VYG:ServiceJourney:1807_481187-R,True,actual,False,,,,,2026-08-23T08:19:38.971673+02:00
NSR:StopPlace:62357,Varingskollen stasjon,2026-08-23T07:38:00+02:00,2026-08-23T07:39:21+02:00,2026-08-23T07:39:21+02:00,81.0,1,Gjøvik,VYG:Line:R31,Skøyen-Jaren-Gjøvik,R31,rail,VYG:ServiceJourney:205_443503-R,True,actual,False,,,,,2026-08-23T08:19:38.971673+02:00
NSR:StopPlace:628,Darbu stasjon,2026-08-23T05:47:00+02:00,2026-08-23T05:48:21+02:00,2026-08-23T05:48:21+02:00,81.0,1,Eidsvoll,VYG:Line:R12,Kongsberg-Oslo S-Eidsvoll,R12,rail,VYG:ServiceJourney:504_444295-R,True,actual,False,,,,,2026-08-23T06:25:28.795214+02:00
NSR:StopPlace:58856,Lysaker stasjon,2026-08-23T04:36:00+02:00,2026-08-23T04:37:21+02:00,2026-08-23T04:37:21+02:00,81.0,1,Grorud T,RUT:Line:31,Snarøya - Fornebu - Tonsenhagen - Grorud,31,bus,RUT:ServiceJourney:1512128a4bbfdf06f1bfc8bf888c11a4,True,actual,False,,,,,2026-08-23T04:52:42.669123+02:00
NSR:StopPlace:59648,Kjelsås stasjon,2026-08-23T07:41:00+02:00,2026-08-23T07:42:20+02:00,2026-08-23T07:42:20+02:00,80.0,1,Haugerud,RUT:Line:25,Majorstuen-Haugerud,25,bus,RUT:ServiceJourney:c571fb9f9117d6265e591c2f328ff265,True,actual,False,,,,,2026-08-23T08:19:38.971673+02:00
NSR:StopPlace:59616,Asker stasjon,2026-08-23T07:07:00+02:00,2026-08-23T07:08:20+02:00,2026-08-23T07:08:20+02:00,80.0,1,Dikemark,RUT:Line:280,Asker - Dikemark - Heggedal,280,bus,RUT:ServiceJourney:30f7e3f311c24aee5d97cab19a723523,True,actual,False,,,,,2026-08-23T08:19:38.971673+02:00
NSR:StopPlace:58840,Vestfossen stasjon,2026-08-23T06:53:00+02:00,2026-08-23T06:54:20+02:00,2026-08-23T06:54:20+02:00,80.0,1,Eidsvoll,VYG:Line:R12,Kongsberg-Oslo S-Eidsvoll,R12,rail,VYG:ServiceJourney:506_444299-R,True,actual,False,,,,,2026-08-23T08:19:38.971673+02:00
NSR:StopPlace:58856,Lysaker stasjon,2026-08-23T07:33:00+02:00,2026-08-23T07:34:20+02:00,2026-08-23T07:34:20+02:00,80.0,1,Nationaltheatret,RUT:Line:160,Rykkinn -Nationaltheatret,160,bus,RUT:ServiceJourney:64536355cca577e28587f708a90e70bb,True,actual,False,,,,,2026-08-23T08:19:38.971673+02:00
NSR:StopPlace:59958,Voss stasjon,2026-08-23T07:28:00+02:00,2026-08-23T07:29:19+02:00,2026-08-23T07:29:19+02:00,79.0,1,Oslo S,VYG:Line:F4,Oslo S-Bergen,F4,rail,VYG:ServiceJourney:60-BRG_444351-R,True,actual,False,,,,,2026-08-23T08:19:38.971673+02:00
NSR:StopPlace:58211,Oslo lufthavn,2026-08-23T06:10:00+02:00,2026-08-23T06:11:19+02:00,2026-08-23T06:11:19+02:00,79.0,1,Drammen,FLT:Line:FLY1,FLY1,FLY1,rail,FLT:ServiceJourney:1-2614-3706-20260823,True,actual,False,,,,,2026-08-23T08:19:38.971673+02:00
NSR:StopPlace:59643,Grefsen stasjon,2026-08-23T05:38:00+02:00,2026-08-23T05:39:19+02:00,2026-08-23T05:39:19+02:00,79.0,1,Oslo lufthavn,NBU:Line:cb7b555c-f96e-42d5-84bf-a5e08c0145c2,Radiumhospitalet via Økern-Storo-Tåsen,FB3,bus,NBU:ServiceJourney:3121e207-6839-438e-a24e-a659162dd02c,True,actual,False,,,,,2026-08-23T06:25:28.795214+02:00
NSR:StopPlace:59650,Nyland stasjon,2026-08-23T05:22:00+02:00,2026-08-23T05:23:19+02:00,2026-08-23T05:23:19+02:00,79.0,1,Oslo lufthavn,NBU:Line:cb7b555c-f96e-42d5-84bf-a5e08c0145c2,Radiumhospitalet via Økern-Storo-Tåsen,FB3,bus,NBU:ServiceJourney:f0f7dd2e-b62b-4186-9b42-9757efdb8612,True,actual,False,,,,,2026-08-23T06:25:28.795214+02:00
NSR:StopPlace:58844,Eidsvoll stasjon,2026-08-23T06:15:00+02:00,2026-08-23T06:16:19+02:00,2026-08-23T06:16:19+02:00,79.0,1,Jessheim,RUT:Line:430,Eidsvoll - Jessheim,430,bus,RUT:ServiceJourney:affd4a8816554aad856f3549fe655601,True,actual,False,,,,,2026-08-23T06:25:28.795214+02:00
NSR:StopPlace:59641,Fjellhamar stasjon,2026-08-23T07:49:00+02:00,2026-08-23T07:50:18+02:00,2026-08-23T07:50:18+02:00,78.0,1,Ahus,RUT:Line:315,Vallerudtoppen - Ahus,315,bus,RUT:ServiceJourney:78c37465b7902a84c4ba88b41d654abf,True,actual,False,,,,,2026-08-23T08:19:38.971673+02:00
NSR:StopPlace:58828,Roa stasjon,2026-08-23T05:36:00+02:00,2026-08-23T05:37:18+02:00,2026-08-23T05:37:18+02:00,78.0,1,Oslo S,VYG:Line:R31,Skøyen-Jaren-Gjøvik,R31,rail,VYG:ServiceJourney:202-JAH_488310-R,True,actual,False,,,,,2026-08-23T06:25:28.795214+02:00
NSR:StopPlace:59620,Grorud stasjon,2026-08-23T07:04:00+02:00,2026-08-23T07:05:17+02:00,2026-08-23T07:05:17+02:00,77.0,1,Åsbråten,RUT:Line:79,Grorud T - Åsbråten,79,bus,RUT:ServiceJourney:0ce0e4ccedaee72131356dc414c22ae1,True,actual,False,,,,,2026-08-23T08:19:38.971673+02:00
NSR:StopPlace:58861,Solbråtan stasjon,2026-08-23T07:41:00+02:00,2026-08-23T07:42:17+02:00,2026-08-23T07:42:17+02:00,77.0,1,Tårnåsen,RUT:Line:83,Jernbanetorget - Tårnåsen,83,bus,RUT:ServiceJourney:ee4f3813bb4c41d2c58921774a3b655b,True,actual,False,Linje 80E og 83 får Hausmanns bru som ny endeholdeplass fra 29. juni,"Bussene stopper ikke på Jernbanetorget etter 29. juni, men starter og stopper på Hausmanns bru i Nylandsveien.",incident,normal,2026-08-23T08:19:38.971673+02:00
NSR:StopPlace:58211,Oslo lufthavn,2026-08-23T06:30:00+02:00,2026-08-23T06:31:17+02:00,2026-08-23T06:31:17+02:00,77.0,1,Radiumhospitalet via Økern-Storo-Tåsen,NBU:Line:cb7b555c-f96e-42d5-84bf-a5e08c0145c2,Radiumhospitalet via Økern-Storo-Tåsen,FB3,bus,NBU:ServiceJourney:80568733-4a80-4ffd-9cc2-b04de8a1fda1,True,actual,False,,,,,2026-08-23T08:19:38.971673+02:00
NSR:StopPlace:59616,Asker stasjon,2026-08-23T08:10:00+02:00,2026-08-23T08:11:16+02:00,2026-08-23T08:11:16+02:00,76.0,1,Sandvika,RUT:Line:270,Asker - Sandvika (- Fornebu),270,bus,RUT:ServiceJourney:994bd1b943aa65eb46f452a3e8314593,True,actual,False,,,,,2026-08-23T08:19:38.971673+02:00
NSR:StopPlace:58211,Oslo lufthavn,2026-08-23T06:45:00+02:00,2026-08-23T06:46:16+02:00,2026-08-23T06:46:16+02:00,76.0,1,Oslo sentrum via Helsfyr-Hasle-Bislett,NBU:Line:a7c15243-8873-4aee-a8b4-8d22e8ad31dc,Oslo sentrum via Helsfyr-Hasle-Bislett,FB5,bus,NBU:ServiceJourney:6bcee3bd-68af-4a53-939f-fe8263e2de02,True,actual,False,,,,,2026-08-23T08:19:38.971673+02:00
NSR:StopPlace:59616,Asker stasjon,2026-08-23T05:54:00+02:00,2026-08-23T05:55:16+02:00,2026-08-23T05:55:16+02:00,76.0,1,Oslo Lufthavn,FLT:Line:FLY1,FLY1,FLY1,rail,FLT:ServiceJourney:1-2614-3711-20260823,True,actual,False,,,,,2026-08-23T06:25:28.795214+02:00
NSR:StopPlace:58404,Nationaltheatret,2026-08-23T06:21:00+02:00,2026-08-23T06:22:16+02:00,2026-08-23T06:22:16+02:00,76.0,1,Filipstad,RUT:Line:81,Fornebu - Myrvoll stasjon,81,bus,RUT:ServiceJourney:bf89b09cf2b420018ad9386fc0b30c6c,True,actual,False,,,,,2026-08-23T06:25:28.795214+02:00
NSR:StopPlace:58963,Jessheim stasjon,2026-08-23T04:18:00+02:00,2026-08-23T04:19:16+02:00,2026-08-23T04:19:16+02:00,76.0,1,Oslo lufthavn,RUT:Line:440,Fenstad/Nordkisa - Oslo lufthavn,440,bus,RUT:ServiceJourney:5fa1834308fe10a0b22e96b2d7be94ff,True,actual,False,,,,,2026-08-23T04:52:42.669123+02:00
NSR:StopPlace:60640,Heimdal stasjon,2026-08-23T07:51:00+02:00,2026-08-23T07:52:15+02:00,2026-08-23T07:52:15+02:00,75.0,1,Ranheim via Tiller-sentrum,ATB:Line:2_1,Ranheim - Strindheim - sentrum - Tiller - Heimdal - Kattem,1,bus,ATB:ServiceJourney:1_251215112545918_7007,True,actual,False,,,,,2026-08-23T08:19:38.971673+02:00
NSR:StopPlace:58835,Lier stasjon,2026-08-23T08:11:00+02:00,2026-08-23T08:12:15+02:00,2026-08-23T08:12:15+02:00,75.0,1,Dal,VYG:Line:R13,Drammen-Oslo S-Dal,R13,rail,VYG:ServiceJourney:1615_443244-R,True,actual,False,,,,,2026-08-23T08:19:38.971673+02:00
NSR:StopPlace:58856,Lysaker stasjon,2026-08-23T07:13:00+02:00,2026-08-23T07:14:15+02:00,2026-08-23T07:14:15+02:00,75.0,1,Bekkestua via Østerås,RUT:Line:140,Bekkestua - Østerås - Skøyen,140,bus,RUT:ServiceJourney:872598e957c98e759f6263bedbc0e0cf,True,actual,False,,,,,2026-08-23T08:19:38.971673+02:00
NSR:StopPlace:59651,Skøyen stasjon,2026-08-23T07:40:00+02:00,2026-08-23T07:41:14+02:00,2026-08-23T07:41:14+02:00,74.0,1,Lilleaker,RUT:Line:3013,Buss for linje 13,13B,bus,RUT:ServiceJourney:865df81b18cbae51d5ba0a08089479b0,True,actual,False,Linje 13: Buss for trikk mellom Thune og Lilleaker ,Vi kjører buss for trikk (linje 13B) mellom Thune og Lilleaker. Bussen stopper ikke på Sollerud. 13B betjener Thune fra midlertidig holdeplass i Drammensveien,incident,normal,2026-08-23T08:19:38.971673+02:00
NSR:StopPlace:59620,Grorud stasjon,2026-08-23T07:54:00+02:00,2026-08-23T07:55:14+02:00,2026-08-23T07:55:14+02:00,74.0,1,Grorud T,RUT:Line:79,Grorud T - Åsbråten,79,bus,RUT:ServiceJourney:06ad62066ee553cc9b483f3f3ab0e381,True,actual,False,,,,,2026-08-23T08:19:38.971673+02:00
NSR:StopPlace:59649,Nydalen stasjon,2026-08-23T06:03:00+02:00,2026-08-23T06:04:14+02:00,2026-08-23T06:04:14+02:00,74.0,1,Oslo lufthavn,NBU:Line:cb7b555c-f96e-42d5-84bf-a5e08c0145c2,Radiumhospitalet via Økern-Storo-Tåsen,FB3,bus,NBU:ServiceJourney:7e8f1121-38e8-4f93-8f25-4ee6aec74728,True,actual,False,,,,,2026-08-23T06:25:28.795214+02:00
NSR:StopPlace:59643,Grefsen stasjon,2026-08-23T06:08:00+02:00,2026-08-23T06:09:14+02:00,2026-08-23T06:09:14+02:00,74.0,1,Oslo lufthavn,NBU:Line:cb7b555c-f96e-42d5-84bf-a5e08c0145c2,Radiumhospitalet via Økern-Storo-Tåsen,FB3,bus,NBU:ServiceJourney:7e8f1121-38e8-4f93-8f25-4ee6aec74728,True,actual,False,,,,,2026-08-23T06:25:28.795214+02:00
NSR:StopPlace:59643,Grefsen stasjon,2026-08-23T04:08:00+02:00,2026-08-23T04:09:14+02:00,2026-08-23T04:09:14+02:00,74.0,1,Oslo lufthavn,NBU:Line:cb7b555c-f96e-42d5-84bf-a5e08c0145c2,Radiumhospitalet via Økern-Storo-Tåsen,FB3,bus,NBU:ServiceJourney:140f97bd-3ebd-470f-b17f-80ea94bc611f,True,actual,False,,,,,2026-08-23T04:52:42.669123+02:00
NSR:StopPlace:58211,Oslo lufthavn,2026-08-23T04:51:00+02:00,2026-08-23T04:52:14+02:00,2026-08-23T04:52:14+02:00,74.0,1,Oslo bussterminal,RUT:Line:400,Oslo lufthavn - Veståsen - Olavsgaard - Oslo,400,bus,RUT:ServiceJourney:bc9118c88e3593b75d3b5d35ed5049c1,True,actual,False,,,,,2026-08-23T04:52:42.669123+02:00
NSR:StopPlace:58856,Lysaker stasjon,2026-08-23T07:05:00+02:00,2026-08-23T07:06:13+02:00,2026-08-23T07:06:13+02:00,73.0,1,Gullhaug,RUT:Line:150,Gullhaug - Nationaltheatret,150,bus,RUT:ServiceJourney:0f2a4a8ba332b304db0140035dd0f6d2,True,actual,False,,,,,2026-08-23T08:19:38.971673+02:00
NSR:StopPlace:59643,Grefsen stasjon,2026-08-23T06:33:00+02:00,2026-08-23T06:34:12+02:00,2026-08-23T06:34:12+02:00,72.0,1,Oslo S,VYG:Line:R31,Skøyen-Jaren-Gjøvik,R31,rail,VYG:ServiceJourney:202-JAH_488310-R,True,actual,False,,,,,2026-08-23T08:19:38.971673+02:00
NSR:StopPlace:59654,Stabekk stasjon,2026-08-23T06:39:00+02:00,2026-08-23T06:40:12+02:00,2026-08-23T06:40:12+02:00,72.0,1,Gullhaug,RUT:Line:150,Gullhaug - Nationaltheatret,150,bus,RUT:ServiceJourney:469ae7aa17af82ce444060e623300d9b,True,actual,False,Holdeplass Stabekk stasjon i retning mot Bekkestua er flyttet ca. 50 meter bakover.,Dette skyldes anleggsarbeid i området.,incident,normal,2026-08-23T08:19:38.971673+02:00
NSR:StopPlace:59654,Stabekk stasjon,2026-08-23T08:09:00+02:00,2026-08-23T08:10:12+02:00,2026-08-23T08:10:12+02:00,72.0,1,Gullhaug,RUT:Line:150,Gullhaug - Nationaltheatret,150,bus,RUT:ServiceJourney:6c6c8e21a573f14c85c6b4de3a4d4f8d,True,actual,False,Holdeplass Stabekk stasjon i retning mot Bekkestua er flyttet ca. 50 meter bakover.,Dette skyldes anleggsarbeid i området.,incident,normal,2026-08-23T08:19:38.971673+02:00
NSR:StopPlace:59616,Asker stasjon,2026-08-23T07:45:00+02:00,2026-08-23T07:46:12+02:00,2026-08-23T07:46:12+02:00,72.0,1,Borgen,RUT:Line:281,Borgen - Asker,281,bus,RUT:ServiceJourney:56d122b0aa43a3e17d853a9e8de96279,True,actual,False,,,,,2026-08-23T08:19:38.971673+02:00
NSR:StopPlace:59616,Asker stasjon,2026-08-23T08:15:00+02:00,2026-08-23T08:16:12+02:00,2026-08-23T08:16:12+02:00,72.0,1,Borgen,RUT:Line:281,Borgen - Asker,281,bus,RUT:ServiceJourney:94cda55cad2c5ccf3d9d3d8869cb3205,True,actual,False,,,,,2026-08-23T08:19:38.971673+02:00
NSR:StopPlace:58847,Frogner stasjon,2026-08-23T08:13:00+02:00,2026-08-23T08:14:12+02:00,2026-08-23T08:14:12+02:00,72.0,1,Skedsmokorset,RUT:Line:365,Sørumsand - Frogner - Skedsmokorset,365,bus,RUT:ServiceJourney:710da291b14075e46f6e7dc5205c1b23,True,actual,False,,,,,2026-08-23T08:19:38.971673+02:00
NSR:StopPlace:58856,Lysaker stasjon,2026-08-23T07:06:00+02:00,2026-08-23T07:07:12+02:00,2026-08-23T07:07:12+02:00,72.0,1,Grorud T,RUT:Line:31,Snarøya - Fornebu - Tonsenhagen - Grorud,31,bus,RUT:ServiceJourney:9f5a033f3e9add5f32db1038e5b2ecd2,True,actual,False,,,,,2026-08-23T08:19:38.971673+02:00
NSR:StopPlace:610,Sandvika stasjon,2026-08-23T06:35:00+02:00,2026-08-23T06:36:12+02:00,2026-08-23T06:36:12+02:00,72.0,1,Eidsvoll,VYG:Line:R12,Kongsberg-Oslo S-Eidsvoll,R12,rail,VYG:ServiceJourney:504_444295-R,True,actual,False,,,,,2026-08-23T08:19:38.971673+02:00
NSR:StopPlace:62357,Varingskollen stasjon,2026-08-23T08:03:00+02:00,2026-08-23T08:04:12+02:00,2026-08-23T08:04:12+02:00,72.0,1,Oslo S,VYG:Line:R31,Skøyen-Jaren-Gjøvik,R31,rail,VYG:ServiceJourney:206_443504-R,True,actual,False,,,,,2026-08-23T08:19:38.971673+02:00
NSR:StopPlace:59650,Nyland stasjon,2026-08-23T02:16:00+02:00,2026-08-23T02:17:12+02:00,2026-08-23T02:17:12+02:00,72.0,1,Vestli,RUT:Line:3905,Jernbanetorget - Vestli T,5N,bus,RUT:ServiceJourney:06db374a5c6261347443730f9dba0da0,True,actual,False,,,,,2026-08-23T02:32:00.800137+02:00
NSR:StopPlace:58860,Oppegård stasjon,2026-08-23T07:31:00+02:00,2026-08-23T07:32:11+02:00,2026-08-23T07:32:11+02:00,71.0,1,Kolbotn torg,RUT:Line:580,Kolbotn - Ski,580,bus,RUT:ServiceJourney:e66dc29c460162a499f0dac0c7912291,True,actual,False,,,,,2026-08-23T08:19:38.971673+02:00
NSR:StopPlace:58211,Oslo lufthavn,2026-08-23T07:30:00+02:00,2026-08-23T07:31:11+02:00,2026-08-23T07:31:11+02:00,71.0,1,Jessheim,RUT:Line:420,Maura -  Jessheim,420,bus,RUT:ServiceJourney:eeee9ea27cfc0425e664cb2b290d958c,True,actual,False,,,,,2026-08-23T08:19:38.971673+02:00
NSR:StopPlace:58932,Hommelvik stasjon,2026-08-23T06:00:00+02:00,2026-08-23T06:01:11+02:00,2026-08-23T06:01:11+02:00,71.0,1,Marienborg via Jakobsli,ATB:Line:2_70,Stjørdal/Hommelvik- Trondheim,70,bus,ATB:ServiceJourney:70_251215112546905_7002,True,actual,False,,,,,2026-08-23T06:25:28.795214+02:00
NSR:StopPlace:59648,Kjelsås stasjon,2026-08-23T02:03:00+02:00,2026-08-23T02:04:11+02:00,2026-08-23T02:04:11+02:00,71.0,1,Majorstuen,RUT:Line:3912,Majorstuen - Kjelsås,12N,bus,RUT:ServiceJourney:28b12ef9884fedd64f26a73812c4155f,True,actual,False,,,,,2026-08-23T02:32:00.800137+02:00
NSR:StopPlace:59872,Oslo S,2026-08-23T07:44:00+02:00,2026-08-23T07:45:10+02:00,2026-08-23T07:45:10+02:00,70.0,1,Dal,VYG:Line:R13,Drammen-Oslo S-Dal,R13,rail,VYG:ServiceJourney:1611_443232-R,True,actual,False,,,,,2026-08-23T08:19:38.971673+02:00
NSR:StopPlace:59650,Nyland stasjon,2026-08-23T07:29:00+02:00,2026-08-23T07:30:10+02:00,2026-08-23T07:30:10+02:00,70.0,1,Spikkestad,VYG:Line:L1,Spikkestad-Oslo S-Lillestrøm,L1,rail,VYG:ServiceJourney:2211_443602-R,True,actual,False,,,,,2026-08-23T08:19:38.971673+02:00
NSR:StopPlace:59616,Asker stasjon,2026-08-23T08:07:00+02:00,2026-08-23T08:08:10+02:00,2026-08-23T08:08:10+02:00,70.0,1,Dikemark,RUT:Line:280,Asker - Dikemark - Heggedal,280,bus,RUT:ServiceJourney:e5b369a4b8e1d62e04d6543b94e6d71f,True,actual,False,,,,,2026-08-23T08:19:38.971673+02:00
NSR:StopPlace:59636,Holmlia stasjon,2026-08-23T04:29:00+02:00,2026-08-23T04:30:10+02:00,2026-08-23T04:30:10+02:00,70.0,1,Fløysbonn,RUT:Line:3983,Nationaltheatret - Fløysbonn,83N,bus,RUT:ServiceJourney:b708df38cc51d63c8f528ee06cadd721,True,actual,False,,,,,2026-08-23T04:52:42.669123+02:00
NSR:StopPlace:59651,Skøyen stasjon,2026-08-23T06:41:00+02:00,2026-08-23T06:42:09+02:00,2026-08-23T06:42:09+02:00,69.0,1,Grorud T,RUT:Line:31,Snarøya - Fornebu - Tonsenhagen - Grorud,31,bus,RUT:ServiceJourney:2d7340db344be3df85119db82f8fc753,True,actual,False,,,,,2026-08-23T08:19:38.971673+02:00
NSR:StopPlace:59643,Grefsen stasjon,2026-08-23T05:08:00+02:00,2026-08-23T05:09:09+02:00,2026-08-23T05:09:09+02:00,69.0,1,Oslo lufthavn,NBU:Line:cb7b555c-f96e-42d5-84bf-a5e08c0145c2,Radiumhospitalet via Økern-Storo-Tåsen,FB3,bus,NBU:ServiceJourney:f0f7dd2e-b62b-4186-9b42-9757efdb8612,True,actual,False,,,,,2026-08-23T06:25:28.795214+02:00
NSR:StopPlace:59616,Asker stasjon,2026-08-23T06:37:00+02:00,2026-08-23T06:38:08+02:00,2026-08-23T06:38:08+02:00,68.0,1,Dikemark,RUT:Line:280,Asker - Dikemark - Heggedal,280,bus,RUT:ServiceJourney:f6fc788c8efca4f740c5bd1c3db4433a,True,actual,False,,,,,2026-08-23T08:19:38.971673+02:00
NSR:StopPlace:59616,Asker stasjon,2026-08-23T07:40:00+02:00,2026-08-23T07:41:08+02:00,2026-08-23T07:41:08+02:00,68.0,1,Sandvika,RUT:Line:270,Asker - Sandvika (- Fornebu),270,bus,RUT:ServiceJourney:3fae9313863c89ceee73ef80949566d7,True,actual,False,,,,,2026-08-23T08:19:38.971673+02:00
NSR:StopPlace:62357,Varingskollen stasjon,2026-08-23T06:03:00+02:00,2026-08-23T06:04:08+02:00,2026-08-23T06:04:08+02:00,68.0,1,Oslo S,VYG:Line:R31,Skøyen-Jaren-Gjøvik,R31,rail,VYG:ServiceJourney:202-JAH_488310-R,True,actual,False,,,,,2026-08-23T06:25:28.795214+02:00
NSR:StopPlace:61301,Movatn stasjon,2026-08-23T06:16:00+02:00,2026-08-23T06:17:07+02:00,2026-08-23T06:17:07+02:00,67.0,1,Oslo S,VYG:Line:R31,Skøyen-Jaren-Gjøvik,R31,rail,VYG:ServiceJourney:202-JAH_488310-R,True,actual,False,,,,,2026-08-23T08:19:38.971673+02:00
NSR:StopPlace:59651,Skøyen stasjon,2026-08-23T06:44:00+02:00,2026-08-23T06:45:07+02:00,2026-08-23T06:45:07+02:00,67.0,1,Eidsvoll,VYG:Line:R12,Kongsberg-Oslo S-Eidsvoll,R12,rail,VYG:ServiceJourney:504_444295-R,True,actual,False,,,,,2026-08-23T08:19:38.971673+02:00
NSR:StopPlace:59651,Skøyen stasjon,2026-08-23T07:32:00+02:00,2026-08-23T07:33:07+02:00,2026-08-23T07:33:07+02:00,67.0,1,Lillestrøm,VYG:Line:L1,Spikkestad-Oslo S-Lillestrøm,L1,rail,VYG:ServiceJourney:2212_443603-R,True,actual,False,,,,,2026-08-23T08:19:38.971673+02:00
NSR:StopPlace:58861,Solbråtan stasjon,2026-08-23T06:41:00+02:00,2026-08-23T06:42:07+02:00,2026-08-23T06:42:07+02:00,67.0,1,Tårnåsen,RUT:Line:83,Jernbanetorget - Tårnåsen,83,bus,RUT:ServiceJourney:43ca6cb959dac16fd73cbb684924c088,True,actual,False,Linje 80E og 83 får Hausmanns bru som ny endeholdeplass fra 29. juni,"Bussene stopper ikke på Jernbanetorget etter 29. juni, men starter og stopper på Hausmanns bru i Nylandsveien.",incident,normal,2026-08-23T08:19:38.971673+02:00
NSR:StopPlace:59651,Skøyen stasjon,2026-08-23T04:41:00+02:00,2026-08-23T04:42:07+02:00,2026-08-23T04:42:07+02:00,67.0,1,Grorud T,RUT:Line:31,Snarøya - Fornebu - Tonsenhagen - Grorud,31,bus,RUT:ServiceJourney:1512128a4bbfdf06f1bfc8bf888c11a4,True,actual,False,,,,,2026-08-23T04:52:42.669123+02:00
NSR:StopPlace:59641,Fjellhamar stasjon,2026-08-23T08:03:00+02:00,2026-08-23T08:04:06+02:00,2026-08-23T08:04:06+02:00,66.0,1,Vallerudtoppen,RUT:Line:315,Vallerudtoppen - Ahus,315,bus,RUT:ServiceJourney:79d70927d1885228011a39fcaf568068,True,actual,False,,,,,2026-08-23T08:19:38.971673+02:00
NSR:StopPlace:58845,Eidsvoll verk stasjon,2026-08-23T07:05:00+02:00,2026-08-23T07:06:06+02:00,2026-08-23T07:06:06+02:00,66.0,1,Skien,VYG:Line:RE11,Eidsvoll-Oslo S-Skien,RE11,rail,VYG:ServiceJourney:807_444387-R,True,actual,False,,,,,2026-08-23T08:19:38.971673+02:00
NSR:StopPlace:58861,Solbråtan stasjon,2026-08-23T07:11:00+02:00,2026-08-23T07:12:06+02:00,2026-08-23T07:12:06+02:00,66.0,1,Tårnåsen,RUT:Line:83,Jernbanetorget - Tårnåsen,83,bus,RUT:ServiceJourney:0ca7836e8e05bd20e80a26e281390eb6,True,actual,False,Linje 80E og 83 får Hausmanns bru som ny endeholdeplass fra 29. juni,"Bussene stopper ikke på Jernbanetorget etter 29. juni, men starter og stopper på Hausmanns bru i Nylandsveien.",incident,normal,2026-08-23T08:19:38.971673+02:00
NSR:StopPlace:59648,Kjelsås stasjon,2026-08-23T04:48:00+02:00,2026-08-23T04:49:06+02:00,2026-08-23T04:49:06+02:00,66.0,1,Majorstuen,RUT:Line:3911,Majorstuen - Kjelsås,11N,bus,RUT:ServiceJourney:1cab75a768068ca7ce59917e831d8eb3,True,actual,False,,,,,2026-08-23T04:52:42.669123+02:00
NSR:StopPlace:59635,Hauketo stasjon,2026-08-23T04:40:00+02:00,2026-08-23T04:41:06+02:00,2026-08-23T04:41:06+02:00,66.0,1,Fløysbonn,RUT:Line:3981,Nationaltheatret - Ski,81N,bus,RUT:ServiceJourney:58fb980bd0198bf4c082d2045f596390,True,actual,False,,,,,2026-08-23T04:52:42.669123+02:00
NSR:StopPlace:59643,Grefsen stasjon,2026-08-23T07:12:00+02:00,2026-08-23T07:13:05+02:00,2026-08-23T07:13:05+02:00,65.0,1,Gjøvik,VYG:Line:R31,Skøyen-Jaren-Gjøvik,R31,rail,VYG:ServiceJourney:205_443503-R,True,actual,False,,,,,2026-08-23T08:19:38.971673+02:00
NSR:StopPlace:59977,Trondheim S,2026-08-23T06:54:00+02:00,2026-08-23T06:55:05+02:00,2026-08-23T06:55:05+02:00,65.0,1,Lund via Kolstad-Heimdal,ATB:Line:2_2,Strindheim- Lade- sentrum- Sau,2,bus,ATB:ServiceJourney:2_251215112550185_7004,True,actual,False,,,,,2026-08-23T08:19:38.971673+02:00
NSR:StopPlace:59616,Asker stasjon,2026-08-23T06:10:00+02:00,2026-08-23T06:11:05+02:00,2026-08-23T06:11:05+02:00,65.0,1,Sandvika,RUT:Line:270,Asker - Sandvika (- Fornebu),270,bus,RUT:ServiceJourney:dea1b2ad802baca823b747e230c59d30,True,actual,False,,,,,2026-08-23T08:19:38.971673+02:00
NSR:StopPlace:62308,Alna stasjon,2026-08-23T07:02:00+02:00,2026-08-23T07:03:05+02:00,2026-08-23T07:03:05+02:00,65.0,1,Spikkestad,VYG:Line:L1,Spikkestad-Oslo S-Lillestrøm,L1,rail,VYG:ServiceJourney:2209_443598-R,True,actual,False,,,,,2026-08-23T08:19:38.971673+02:00
NSR:StopPlace:59638,Myrvoll stasjon,2026-08-23T04:19:00+02:00,2026-08-23T04:20:05+02:00,2026-08-23T04:20:05+02:00,65.0,1,Ødegården,RUT:Line:3981,Nationaltheatret - Ski,81N,bus,RUT:ServiceJourney:7aac6052269df3d5b071e4b705064a0d,True,actual,False,,,,,2026-08-23T04:52:42.669123+02:00
NSR:StopPlace:59872,Oslo S,2026-08-23T08:09:00+02:00,2026-08-23T08:10:04+02:00,2026-08-23T08:10:04+02:00,64.0,1,Kongsberg,VYG:Line:R12,Kongsberg-Oslo S-Eidsvoll,R12,rail,VYG:ServiceJourney:507_444300-R,True,actual,False,,,,,2026-08-23T08:19:38.971673+02:00
NSR:StopPlace:59651,Skøyen stasjon,2026-08-23T07:44:00+02:00,2026-08-23T07:45:04+02:00,2026-08-23T07:45:04+02:00,64.0,1,Eidsvoll,VYG:Line:R12,Kongsberg-Oslo S-Eidsvoll,R12,rail,VYG:ServiceJourney:506_444299-R,True,actual,False,,,,,2026-08-23T08:19:38.971673+02:00
NSR:StopPlace:58843,Blommenholm stasjon,2026-08-23T07:28:00+02:00,2026-08-23T07:29:04+02:00,2026-08-23T07:29:04+02:00,64.0,1,Spikkestad,VYG:Line:L1,Spikkestad-Oslo S-Lillestrøm,L1,rail,VYG:ServiceJourney:2209_443598-R,True,actual,False,,,,,2026-08-23T08:19:38.971673+02:00
NSR:StopPlace:58845,Eidsvoll verk stasjon,2026-08-23T06:35:00+02:00,2026-08-23T06:36:04+02:00,2026-08-23T06:36:04+02:00,64.0,1,Kongsberg,VYG:Line:R12,Kongsberg-Oslo S-Eidsvoll,R12,rail,VYG:ServiceJourney:505_444297-R,True,actual,False,,,,,2026-08-23T08:19:38.971673+02:00
NSR:StopPlace:58856,Lysaker stasjon,2026-08-23T07:13:00+02:00,2026-08-23T07:14:04+02:00,2026-08-23T07:14:04+02:00,64.0,1,Nationaltheatret,RUT:Line:250,Sætre - Slemmestad - Nationaltheatret,250,bus,RUT:ServiceJourney:9f5f3cf926d37c5d55d2f91629f2e38e,True,actual,False,,,,,2026-08-23T08:19:38.971673+02:00
NSR:StopPlace:59648,Kjelsås stasjon,2026-08-23T05:10:00+02:00,2026-08-23T05:11:04+02:00,2026-08-23T05:11:04+02:00,64.0,1,Kværnerbyen,RUT:Line:54,Kværnerbyen - Kjelsås stasjon,54,bus,RUT:ServiceJourney:fbe9fc7ab7e7208bfb7a90321a26217f,True,actual,False,,,,,2026-08-23T06:25:28.795214+02:00
NSR:StopPlace:59872,Oslo S,2026-08-23T06:25:00+02:00,2026-08-23T06:26:03+02:00,2026-08-23T06:26:03+02:00,63.0,1,Bergen,VYG:Line:F4,Oslo S-Bergen,F4,rail,VYG:ServiceJourney:61-LOD_504304-R,True,actual,False,,,,,2026-08-23T08:19:38.971673+02:00
NSR:StopPlace:59616,Asker stasjon,2026-08-23T06:29:00+02:00,2026-08-23T06:30:03+02:00,2026-08-23T06:30:03+02:00,63.0,1,Eidsvoll,VYG:Line:R12,Kongsberg-Oslo S-Eidsvoll,R12,rail,VYG:ServiceJourney:504_444295-R,True,actual,False,Åpnet: Asker stasjon,"Asker stasjon er åpen for togtrafikk på alle spor igjen. Togene kjører, men det kan ta litt tid før de er i rute. Du må derfor regne med forsinkelser.",general,normal,2026-08-23T08:19:38.971673+02:00
NSR:StopPlace:58844,Eidsvoll stasjon,2026-08-23T08:17:00+02:00,2026-08-23T08:18:03+02:00,2026-08-23T08:18:03+02:00,63.0,1,Lillehammer,VYG:Line:RE10,Drammen-Oslo S-Lillehammer,RE10,rail,VYG:ServiceJourney:BUS-307_588882-R,True,actual,False,,,,,2026-08-23T08:19:38.971673+02:00
NSR:StopPlace:58865,Vestby stasjon,2026-08-23T08:15:00+02:00,2026-08-23T08:16:03+02:00,2026-08-23T08:16:03+02:00,63.0,1,Moss,VYG:Line:R21,Stabekk-Oslo S-Moss,R21,rail,VYG:ServiceJourney:1111-AaS_498448-R,True,actual,False,,,,,2026-08-23T08:19:38.971673+02:00
NSR:StopPlace:59648,Kjelsås stasjon,2026-08-23T04:10:00+02:00,2026-08-23T04:11:03+02:00,2026-08-23T04:11:03+02:00,63.0,1,Kværnerbyen,RUT:Line:54,Kværnerbyen - Kjelsås stasjon,54,bus,RUT:ServiceJourney:fb2f85a9629dbed2256b4636243e8e63,True,actual,False,,,,,2026-08-23T04:52:42.669123+02:00
NSR:StopPlace:58856,Lysaker stasjon,2026-08-23T03:49:00+02:00,2026-08-23T03:50:03+02:00,2026-08-23T03:50:03+02:00,63.0,1,Rykkinn,RUT:Line:160,Rykkinn -Nationaltheatret,160,bus,RUT:ServiceJourney:3c17029d7a77123df20af319247d8288,True,actual,False,,,,,2026-08-23T04:52:42.669123+02:00
NSR:StopPlace:58856,Lysaker stasjon,2026-08-23T04:05:00+02:00,2026-08-23T04:06:03+02:00,2026-08-23T04:06:03+02:00,63.0,1,Gullhaug,RUT:Line:150,Gullhaug - Nationaltheatret,150,bus,RUT:ServiceJourney:f3b7f48953316f53a761790d718fb86b,True,actual,False,,,,,2026-08-23T04:52:42.669123+02:00
NSR:StopPlace:59643,Grefsen stasjon,2026-08-23T07:11:00+02:00,2026-08-23T07:12:02+02:00,2026-08-23T07:12:02+02:00,62.0,1,Lysaker,RUT:Line:23,Lysaker - Simensbråten,23,bus,RUT:ServiceJourney:a9835a3dac0b78cf3d86cf9964591705,True,actual,False,,,,,2026-08-23T08:19:38.971673+02:00
NSR:StopPlace:59620,Grorud stasjon,2026-08-23T07:27:00+02:00,2026-08-23T07:28:02+02:00,2026-08-23T07:28:02+02:00,62.0,1,Spikkestad,VYG:Line:L1,Spikkestad-Oslo S-Lillestrøm,L1,rail,VYG:ServiceJourney:2211_443602-R,True,actual,False,,,,,2026-08-23T08:19:38.971673+02:00
NSR:StopPlace:58845,Eidsvoll verk stasjon,2026-08-23T07:31:00+02:00,2026-08-23T07:32:02+02:00,2026-08-23T07:32:02+02:00,62.0,1,Jessheim,RUT:Line:430,Eidsvoll - Jessheim,430,bus,RUT:ServiceJourney:9edb2c6eac9257947ec597d00c71c550,True,actual,False,,,,,2026-08-23T08:19:38.971673+02:00
NSR:StopPlace:58870,Holmestrand stasjon,2026-08-23T07:28:00+02:00,2026-08-23T07:29:02+02:00,2026-08-23T07:29:02+02:00,62.0,1,Eidsvoll,VYG:Line:RE11,Eidsvoll-Oslo S-Skien,RE11,rail,VYG:ServiceJourney:806_444386-R,True,actual,False,,,,,2026-08-23T08:19:38.971673+02:00
NSR:StopPlace:58211,Oslo lufthavn,2026-08-23T07:40:00+02:00,2026-08-23T07:41:02+02:00,2026-08-23T07:41:02+02:00,62.0,1,Fenstad,RUT:Line:440,Fenstad/Nordkisa - Oslo lufthavn,440,bus,RUT:ServiceJourney:311664822a0644e4ef5a9a619396a313,True,actual,False,,,,,2026-08-23T08:19:38.971673+02:00
NSR:StopPlace:628,Darbu stasjon,2026-08-23T08:11:00+02:00,2026-08-23T08:12:02+02:00,2026-08-23T08:12:02+02:00,62.0,1,Kongsberg,VYG:Line:R12,Kongsberg-Oslo S-Eidsvoll,R12,rail,VYG:ServiceJourney:505_444297-R,True,actual,False,,,,,2026-08-23T08:19:38.971673+02:00
NSR:StopPlace:62393,Billingstad stasjon,2026-08-23T06:43:00+02:00,2026-08-23T06:44:02+02:00,2026-08-23T06:44:02+02:00,62.0,1,Lillestrøm,VYG:Line:L1,Spikkestad-Oslo S-Lillestrøm,L1,rail,VYG:ServiceJourney:2210_443600-R,True,actual,False,,,,,2026-08-23T08:19:38.971673+02:00
NSR:StopPlace:62392,Slependen stasjon,2026-08-23T07:33:00+02:00,2026-08-23T07:34:02+02:00,2026-08-23T07:34:02+02:00,62.0,1,Spikkestad,VYG:Line:L1,Spikkestad-Oslo S-Lillestrøm,L1,rail,VYG:ServiceJourney:2209_443598-R,True,actual,False,,,,,2026-08-23T08:19:38.971673+02:00
NSR:StopPlace:59643,Grefsen stasjon,2026-08-23T07:48:00+02:00,2026-08-23T07:49:01+02:00,2026-08-23T07:49:01+02:00,61.0,1,Gaustadalléen,RUT:Line:18,Grefsen st [4311] - Rikshospitalet,18,tram,RUT:ServiceJourney:02946255eeb355d07bb577a8b5370e71,True,actual,False,,,,,2026-08-23T08:19:38.971673+02:00
NSR:StopPlace:60944,Ski stasjon,2026-08-23T08:09:00+02:00,2026-08-23T08:10:01+02:00,2026-08-23T08:10:01+02:00,61.0,1,Kråkstad,RUT:Line:525,Kråkstad - Ski - Kråkstad,525,bus,RUT:ServiceJourney:db77da9990a8a5f9d951a45e37e5f294,True,actual,False,,,,,2026-08-23T08:19:38.971673+02:00
NSR:StopPlace:59616,Asker stasjon,2026-08-23T06:40:00+02:00,2026-08-23T06:41:01+02:00,2026-08-23T06:41:01+02:00,61.0,1,Sandvika,RUT:Line:270,Asker - Sandvika (- Fornebu),270,bus,RUT:ServiceJourney:29b463e74a13aade725199c3be9eaf33,True,actual,False,,,,,2026-08-23T08:19:38.971673+02:00
NSR:StopPlace:59650,Nyland stasjon,2026-08-23T07:21:00+02:00,2026-08-23T07:22:00+02:00,2026-08-23T07:22:00+02:00,60.0,1,Lillestrøm,VYG:Line:L1,Spikkestad-Oslo S-Lillestrøm,L1,rail,VYG:ServiceJourney:2210_443600-R,True,actual,False,,,,,2026-08-23T08:19:38.971673+02:00
NSR:StopPlace:59651,Skøyen stasjon,2026-08-23T07:29:00+02:00,2026-08-23T07:30:00+02:00,2026-08-23T07:30:00+02:00,60.0,1,Skøyen,RUT:Line:130,Sandvika -Skøyen,130,bus,RUT:ServiceJourney:ed9f848cc9dd022e0fb80a6adea8b5e5,True,actual,False,,,,,2026-08-23T08:19:38.971673+02:00
NSR:StopPlace:59651,Skøyen stasjon,2026-08-23T07:33:00+02:00,2026-08-23T07:34:00+02:00,2026-08-23T07:34:00+02:00,60.0,1,Sandvika,RUT:Line:130,Sandvika -Skøyen,130,bus,RUT:ServiceJourney:304d2d0cebb4aeba270fb90f45640275,True,actual,False,,,,,2026-08-23T08:19:38.971673+02:00
NSR:StopPlace:59652,Tøyen stasjon,2026-08-23T06:36:00+02:00,2026-08-23T06:37:00+02:00,2026-08-23T06:37:00+02:00,60.0,1,Oslo S,VYG:Line:R31,Skøyen-Jaren-Gjøvik,R31,rail,VYG:ServiceJourney:202-JAH_488310-R,True,actual,False,,,,,2026-08-23T08:19:38.971673+02:00
NSR:StopPlace:58856,Lysaker stasjon,2026-08-23T07:05:00+02:00,2026-08-23T07:06:00+02:00,2026-08-23T07:06:00+02:00,60.0,1,Sætre,RUT:Line:250,Sætre - Slemmestad - Nationaltheatret,250,bus,RUT:ServiceJourney:957e4b24acdb1e0c70cfef7d0585cc2f,True,actual,False,,,,,2026-08-23T08:19:38.971673+02:00
NSR:StopPlace:58856,Lysaker stasjon,2026-08-23T07:21:00+02:00,2026-08-23T07:22:00+02:00,2026-08-23T07:22:00+02:00,60.0,1,Spikkestad,VYG:Line:L1,Spikkestad-Oslo S-Lillestrøm,L1,rail,VYG:ServiceJourney:2209_443598-R,True,actual,False,,,,,2026-08-23T08:19:38.971673+02:00
NSR:StopPlace:584,Bulken stasjon,2026-08-23T08:12:00+02:00,2026-08-23T08:13:00+02:00,2026-08-23T08:13:00+02:00,60.0,1,Myrdal,VYG:Line:R40,Bergen-Voss-Myrdal-Ål,R40,rail,VYG:ServiceJourney:1804_496767-R,True,actual,False,,,,,2026-08-23T08:19:38.971673+02:00
NSR:StopPlace:62308,Alna stasjon,2026-08-23T07:32:00+02:00,2026-08-23T07:33:00+02:00,2026-08-23T07:33:00+02:00,60.0,1,Spikkestad,VYG:Line:L1,Spikkestad-Oslo S-Lillestrøm,L1,rail,VYG:ServiceJourney:2211_443602-R,True,actual,False,,,,,2026-08-23T08:19:38.971673+02:00
NSR:StopPlace:58211,Oslo lufthavn,2026-08-23T05:30:00+02:00,2026-08-23T05:31:00+02:00,2026-08-23T05:31:00+02:00,60.0,1,Drammen,FLT:Line:FLY1,FLY1,FLY1,rail,FLT:ServiceJourney:1-2614-3702-20260823,True,actual,False,,,,,2026-08-23T06:25:28.795214+02:00
NSR:StopPlace:60640,Heimdal stasjon,2026-08-23T07:24:00+02:00,2026-08-23T07:24:59+02:00,2026-08-23T07:24:59+02:00,59.0,1,Lund,ATB:Line:2_2,Strindheim- Lade- sentrum- Sau,2,bus,ATB:ServiceJourney:2_251215112550185_7004,True,actual,False,,,,,2026-08-23T08:19:38.971673+02:00
NSR:StopPlace:59650,Nyland stasjon,2026-08-23T07:51:00+02:00,2026-08-23T07:51:59+02:00,2026-08-23T07:51:59+02:00,59.0,1,Lillestrøm,VYG:Line:L1,Spikkestad-Oslo S-Lillestrøm,L1,rail,VYG:ServiceJourney:2212_443603-R,True,actual,False,,,,,2026-08-23T08:19:38.971673+02:00
NSR:StopPlace:59651,Skøyen stasjon,2026-08-23T06:59:00+02:00,2026-08-23T06:59:59+02:00,2026-08-23T06:59:59+02:00,59.0,1,Skøyen,RUT:Line:130,Sandvika -Skøyen,130,bus,RUT:ServiceJourney:3a6b1d1d035d6f0abe47bba9d2ac41be,True,actual,False,,,,,2026-08-23T08:19:38.971673+02:00
NSR:StopPlace:59872,Oslo S,2026-08-23T07:40:00+02:00,2026-08-23T07:40:58+02:00,2026-08-23T07:40:58+02:00,58.0,1,Kråkstad,VYG:Line:R22,Skøyen-Oslo S-Mysen-Rakkestad,R22,rail,VYG:ServiceJourney:BUS-1907_588860-R,True,actual,False,,,,,2026-08-23T08:19:38.971673+02:00
NSR:StopPlace:59983,Bergen stasjon,2026-08-23T06:19:00+02:00,2026-08-23T06:19:58+02:00,2026-08-23T06:19:58+02:00,58.0,1,Oslo S,VYG:Line:F4,Oslo S-Bergen,F4,rail,VYG:ServiceJourney:60-BRG_444351-R,True,actual,False,,,,,2026-08-23T08:19:38.971673+02:00
NSR:StopPlace:58404,Nationaltheatret,2026-08-23T06:56:00+02:00,2026-08-23T06:56:58+02:00,2026-08-23T06:56:58+02:00,58.0,1,Sætre,RUT:Line:250,Sætre - Slemmestad - Nationaltheatret,250,bus,RUT:ServiceJourney:957e4b24acdb1e0c70cfef7d0585cc2f,True,actual,False,,,,,2026-08-23T08:19:38.971673+02:00
NSR:StopPlace:58964,Kløfta stasjon,2026-08-23T08:03:00+02:00,2026-08-23T08:03:58+02:00,2026-08-23T08:03:58+02:00,58.0,1,Oslo lufthavn,RUT:Line:425,Kløfta – Oslo lufthavn,425,bus,RUT:ServiceJourney:db304d06438beb393c71b29df23a63da,True,actual,False,,,,,2026-08-23T08:19:38.971673+02:00
NSR:StopPlace:60944,Ski stasjon,2026-08-23T07:46:00+02:00,2026-08-23T07:46:57+02:00,2026-08-23T07:46:57+02:00,57.0,1,Hebekk / Finstad,RUT:Line:525,Kråkstad - Ski - Kråkstad,525,bus,RUT:ServiceJourney:db77da9990a8a5f9d951a45e37e5f294,True,actual,False,,,,,2026-08-23T08:19:38.971673+02:00
NSR:StopPlace:59616,Asker stasjon,2026-08-23T07:29:00+02:00,2026-08-23T07:29:57+02:00,2026-08-23T07:29:57+02:00,57.0,1,Eidsvoll,VYG:Line:R12,Kongsberg-Oslo S-Eidsvoll,R12,rail,VYG:ServiceJourney:506_444299-R,True,actual,False,Åpnet: Asker stasjon,"Asker stasjon er åpen for togtrafikk på alle spor igjen. Togene kjører, men det kan ta litt tid før de er i rute. Du må derfor regne med forsinkelser.",general,normal,2026-08-23T08:19:38.971673+02:00
NSR:StopPlace:58844,Eidsvoll stasjon,2026-08-23T08:15:00+02:00,2026-08-23T08:15:57+02:00,2026-08-23T08:15:57+02:00,57.0,1,Jessheim,RUT:Line:430,Eidsvoll - Jessheim,430,bus,RUT:ServiceJourney:77733674f18d10d9e9630981fcc793ec,True,actual,False,,,,,2026-08-23T08:19:38.971673+02:00
NSR:StopPlace:58862,Strømmen stasjon,2026-08-23T07:58:00+02:00,2026-08-23T07:58:57+02:00,2026-08-23T07:58:57+02:00,57.0,1,Lørenskog sentrum,RUT:Line:385,Nittedal stasjon - Olavsgaard - Ahus,385,bus,RUT:ServiceJourney:974ed3d02444629510b6bb35d866f153,True,actual,False,Ruteendringer,Fra 17.08.26 vil det være endringer på flere linjer. Benytt reiseplanleggeren for oppdaterte avgangstider om din reise.,general,normal,2026-08-23T08:19:38.971673+02:00
NSR:StopPlace:58211,Oslo lufthavn,2026-08-23T06:15:00+02:00,2026-08-23T06:15:57+02:00,2026-08-23T06:15:57+02:00,57.0,1,Majorstuen via Torshov-Sagene,NBU:Line:a7cafc59-feaf-4e61-9fa1-b7dce4ffe970,Majorstuen via Torshov-Sagene,FB1,bus,NBU:ServiceJourney:5f79ca46-a37a-4968-b20b-d68975dc2b60,True,actual,False,,,,,2026-08-23T08:19:38.971673+02:00
NSR:StopPlace:58211,Oslo lufthavn,2026-08-23T07:15:00+02:00,2026-08-23T07:15:57+02:00,2026-08-23T07:15:57+02:00,57.0,1,Majorstuen via Torshov-Sagene,NBU:Line:a7cafc59-feaf-4e61-9fa1-b7dce4ffe970,Majorstuen via Torshov-Sagene,FB1,bus,NBU:ServiceJourney:90deb0c1-4964-4b4b-a241-9894057e927a,True,actual,False,,,,,2026-08-23T08:19:38.971673+02:00
NSR:StopPlace:58211,Oslo lufthavn,2026-08-23T07:30:00+02:00,2026-08-23T07:30:57+02:00,2026-08-23T07:30:57+02:00,57.0,1,Drammen,FLT:Line:FLY1,FLY1,FLY1,rail,FLT:ServiceJourney:1-2614-3714-20260823,True,actual,False,,,,,2026-08-23T08:19:38.971673+02:00
NSR:StopPlace:60944,Ski stasjon,2026-08-23T07:09:00+02:00,2026-08-23T07:09:56+02:00,2026-08-23T07:09:56+02:00,56.0,1,Kråkstad,RUT:Line:525,Kråkstad - Ski - Kråkstad,525,bus,RUT:ServiceJourney:4f4dfbd6e79d085e124008023ca4693b,True,actual,False,,,,,2026-08-23T08:19:38.971673+02:00
NSR:StopPlace:59639,Sonsveien stasjon,2026-08-23T08:09:00+02:00,2026-08-23T08:09:56+02:00,2026-08-23T08:09:56+02:00,56.0,1,Moss,RUT:Line:540,Moss - Son - Vestby stasjon,540,bus,RUT:ServiceJourney:20f9431e83805117afa38e85511f4ebd,True,actual,False,Linje 540 tilbake i ordinær trasé fra mandag 24. august,"Storebro er nå ferdig forsterket. Linje 540 kjører igjen sin vanlige rute gjennom Moss, og traseen mellom Tigerplassen og Kongens gate går tilbake til normal drift.",general,normal,2026-08-23T08:19:38.971673+02:00
NSR:StopPlace:58834,Hokksund stasjon,2026-08-23T07:59:00+02:00,2026-08-23T07:59:56+02:00,2026-08-23T07:59:56+02:00,56.0,1,Eidsvoll,VYG:Line:R12,Kongsberg-Oslo S-Eidsvoll,R12,rail,VYG:ServiceJourney:508_444301-R,True,actual,False,,,,,2026-08-23T08:19:38.971673+02:00
NSR:StopPlace:58801,Sarpsborg stasjon,2026-08-23T07:30:00+02:00,2026-08-23T07:30:56+02:00,2026-08-23T07:30:56+02:00,56.0,1,Sarpsborg-Kalnes,OST:Line:1_13,Kalnes - Blessom,13,bus,OST:ServiceJourney:13_260325121470855_803,True,actual,False,,,,,2026-08-23T08:19:38.971673+02:00
NSR:StopPlace:59635,Hauketo stasjon,2026-08-23T07:54:00+02:00,2026-08-23T07:54:55+02:00,2026-08-23T07:54:55+02:00,55.0,1,Holmlia stasjon,RUT:Line:73,Holmlia stasjon - Brenna,73,bus,RUT:ServiceJourney:a38cf252ccbb9b06de595f867b7e14b1,True,actual,False,,,,,2026-08-23T08:19:38.971673+02:00
NSR:StopPlace:62339,Lillestrøm stasjon,2026-08-23T07:50:00+02:00,2026-08-23T07:50:55+02:00,2026-08-23T07:50:55+02:00,55.0,1,Oslo Lufthavn,FLT:Line:FLY1,FLY1,FLY1,rail,FLT:ServiceJourney:1-2614-3719-20260823,True,actual,False,Heis på Lillestrøm ute av drift,Heisen på Lillestrøm til spor 3 og 4 er ute av drift.,general,normal,2026-08-23T08:19:38.971673+02:00
NSR:StopPlace:58865,Vestby stasjon,2026-08-23T02:20:00+02:00,2026-08-23T02:20:55+02:00,2026-08-23T02:20:55+02:00,55.0,1,Oslo bussterminal,RUT:Line:2540,Oslo - Ski - Ås - Vestby (nattbuss),540N,bus,RUT:ServiceJourney:09fc245ad32d29512d52067882a15043,True,actual,False,,,,,2026-08-23T02:32:00.800137+02:00
NSR:StopPlace:59872,Oslo S,2026-08-23T07:57:00+02:00,2026-08-23T07:57:54+02:00,2026-08-23T07:57:54+02:00,54.0,1,Ås,VYG:Line:R21,Stabekk-Oslo S-Moss,R21,rail,VYG:ServiceJourney:BUS-1113_588856-R,True,actual,False,,,,,2026-08-23T08:19:38.971673+02:00
NSR:StopPlace:59649,Nydalen stasjon,2026-08-23T06:46:00+02:00,2026-08-23T06:46:54+02:00,2026-08-23T06:46:54+02:00,54.0,1,Simensbråten,RUT:Line:23,Lysaker - Simensbråten,23,bus,RUT:ServiceJourney:23bc542b81cbe6ea9cbe460eab1941b8,True,actual,False,,,,,2026-08-23T08:19:38.971673+02:00
NSR:StopPlace:59651,Skøyen stasjon,2026-08-23T06:29:00+02:00,2026-08-23T06:29:54+02:00,2026-08-23T06:29:54+02:00,54.0,1,Skøyen,RUT:Line:130,Sandvika -Skøyen,130,bus,RUT:ServiceJourney:7d9eb061248333f5d40481d947f977ed,True,actual,False,,,,,2026-08-23T08:19:38.971673+02:00
NSR:StopPlace:59977,Trondheim S,2026-08-23T07:47:00+02:00,2026-08-23T07:47:54+02:00,2026-08-23T07:47:54+02:00,54.0,1,Strindheim via Lade,ATB:Line:2_2,Strindheim- Lade- sentrum- Sau,2,bus,ATB:ServiceJourney:2_251215112550036_7005,True,actual,False,,,,,2026-08-23T08:19:38.971673+02:00
NSR:StopPlace:58858,Nittedal stasjon,2026-08-23T08:11:00+02:00,2026-08-23T08:11:54+02:00,2026-08-23T08:11:54+02:00,54.0,1,Oslo S,VYG:Line:R31,Skøyen-Jaren-Gjøvik,R31,rail,VYG:ServiceJourney:206_443504-R,True,actual,False,Venterom stengt grunnet hærverk. Åpnes høsten 2026,Venterom stengt grunnet hærverk. Åpnes høsten 2026,general,normal,2026-08-23T08:19:38.971673+02:00
NSR:StopPlace:59643,Grefsen stasjon,2026-08-23T08:12:00+02:00,2026-08-23T08:12:53+02:00,2026-08-23T08:12:53+02:00,53.0,1,Gjøvik,VYG:Line:R31,Skøyen-Jaren-Gjøvik,R31,rail,VYG:ServiceJourney:207_443505-R,True,actual,False,,,,,2026-08-23T08:19:38.971673+02:00
NSR:StopPlace:60077,Støren stasjon,2026-08-23T08:11:00+02:00,2026-08-23T08:11:53+02:00,2026-08-23T08:11:53+02:00,53.0,1,Steinkjer,SJN:Line:26,Trønderbanen,R70,rail,SJN:ServiceJourney:429_56089-R,True,actual,False,,,,,2026-08-23T08:19:38.971673+02:00
NSR:StopPlace:59620,Grorud stasjon,2026-08-23T07:54:00+02:00,2026-08-23T07:54:53+02:00,2026-08-23T07:54:53+02:00,53.0,1,Oslo lufthavn,NBU:Line:cb7b555c-f96e-42d5-84bf-a5e08c0145c2,Radiumhospitalet via Økern-Storo-Tåsen,FB3,bus,NBU:ServiceJourney:2e128ef1-50b3-4e78-877b-180270addb91,True,actual,False,,,,,2026-08-23T08:19:38.971673+02:00
NSR:StopPlace:58211,Oslo lufthavn,2026-08-23T06:51:00+02:00,2026-08-23T06:51:53+02:00,2026-08-23T06:51:53+02:00,53.0,1,Oslo bussterminal,RUT:Line:400,Oslo lufthavn - Veståsen - Olavsgaard - Oslo,400,bus,RUT:ServiceJourney:c7dd1d06ecf0094bbf7afce6eb95c455,True,actual,False,,,,,2026-08-23T08:19:38.971673+02:00
NSR:StopPlace:58794,Fredrikstad stasjon,2026-08-23T06:37:00+02:00,2026-08-23T06:37:52+02:00,2026-08-23T06:37:52+02:00,52.0,1,Vestby,VYG:Line:RE20,Oslo S-Halden-Göteborg (X-Border),RE20,rail,VYG:ServiceJourney:106-HLD_504591-R,True,actual,False,,,,,2026-08-23T08:19:38.971673+02:00
NSR:StopPlace:59648,Kjelsås stasjon,2026-08-23T02:18:00+02:00,2026-08-23T02:18:52+02:00,2026-08-23T02:18:52+02:00,52.0,1,Majorstuen,RUT:Line:3911,Majorstuen - Kjelsås,11N,bus,RUT:ServiceJourney:9413250fa47e1250a3a1598ba43be7a7,True,actual,False,,,,,2026-08-23T02:32:00.800137+02:00
NSR:StopPlace:59616,Asker stasjon,2026-08-23T02:08:00+02:00,2026-08-23T02:08:52+02:00,2026-08-23T02:08:52+02:00,52.0,1,Blakstad,RUT:Line:290,Asker - Blakstad,290,bus,RUT:ServiceJourney:fbc243940cff2c8d8d9b3227b5b3d9d8,True,actual,False,,,,,2026-08-23T02:32:00.800137+02:00
NSR:StopPlace:61169,Marienborg stasjon,2026-08-23T08:15:00+02:00,2026-08-23T08:15:51+02:00,2026-08-23T08:15:51+02:00,51.0,1,Østmarka via Lerkendal-Strindh.,ATB:Line:2_13,Østmarka - Strindheim - Lerkendal - Havstad,13,bus,ATB:ServiceJourney:13_251215112552897_7007,True,actual,False,,,,,2026-08-23T08:19:38.971673+02:00
NSR:StopPlace:59639,Sonsveien stasjon,2026-08-23T08:12:00+02:00,2026-08-23T08:12:51+02:00,2026-08-23T08:12:51+02:00,51.0,1,Vestby stasjon,RUT:Line:540,Moss - Son - Vestby stasjon,540,bus,RUT:ServiceJourney:d04864c3da6e2578ab4b01366ae3cdac,True,actual,False,Linje 540 tilbake i ordinær trasé fra mandag 24. august,"Storebro er nå ferdig forsterket. Linje 540 kjører igjen sin vanlige rute gjennom Moss, og traseen mellom Tigerplassen og Kongens gate går tilbake til normal drift.",general,normal,2026-08-23T08:19:38.971673+02:00
NSR:StopPlace:58925,Gausel stasjon,2026-08-23T08:17:00+02:00,2026-08-23T08:17:51+02:00,2026-08-23T08:17:51+02:00,51.0,1,Stavanger,KOL:Line:8_1001,1,1,bus,KOL:ServiceJourney:1001_251008118392331_6004,True,actual,False,,,,,2026-08-23T08:19:38.971673+02:00
NSR:StopPlace:58849,Hakadal stasjon,2026-08-23T07:38:00+02:00,2026-08-23T07:38:51+02:00,2026-08-23T07:38:51+02:00,51.0,1,Oslo bussterminal,RUT:Line:390,Kongskog/Hellerudhaugen - Oslo bussterminal,390,bus,RUT:ServiceJourney:2c75eed92cc7b7078aaa275db91ba522,True,actual,False,,,,,2026-08-23T08:19:38.971673+02:00
NSR:StopPlace:58856,Lysaker stasjon,2026-08-23T06:26:00+02:00,2026-08-23T06:26:51+02:00,2026-08-23T06:26:51+02:00,51.0,1,Nationaltheatret,RUT:Line:150,Gullhaug - Nationaltheatret,150,bus,RUT:ServiceJourney:523c1a3c4ce18e909a97894950e34b3e,True,actual,False,,,,,2026-08-23T08:19:38.971673+02:00
NSR:StopPlace:58858,Nittedal stasjon,2026-08-23T06:11:00+02:00,2026-08-23T06:11:51+02:00,2026-08-23T06:11:51+02:00,51.0,1,Oslo S,VYG:Line:R31,Skøyen-Jaren-Gjøvik,R31,rail,VYG:ServiceJourney:202-JAH_488310-R,True,actual,False,Venterom stengt grunnet hærverk. Åpnes høsten 2026,Venterom stengt grunnet hærverk. Åpnes høsten 2026,general,normal,2026-08-23T08:19:38.971673+02:00
NSR:StopPlace:58858,Nittedal stasjon,2026-08-23T07:32:00+02:00,2026-08-23T07:32:51+02:00,2026-08-23T07:32:51+02:00,51.0,1,Gjøvik,VYG:Line:R31,Skøyen-Jaren-Gjøvik,R31,rail,VYG:ServiceJourney:205_443503-R,True,actual,False,Venterom stengt grunnet hærverk. Åpnes høsten 2026,Venterom stengt grunnet hærverk. Åpnes høsten 2026,general,normal,2026-08-23T08:19:38.971673+02:00
NSR:StopPlace:59643,Grefsen stasjon,2026-08-23T06:41:00+02:00,2026-08-23T06:41:50+02:00,2026-08-23T06:41:50+02:00,50.0,1,Lysaker,RUT:Line:23,Lysaker - Simensbråten,23,bus,RUT:ServiceJourney:d664e433f05c78b90f1007737e6bfee3,True,actual,False,,,,,2026-08-23T08:19:38.971673+02:00
NSR:StopPlace:59643,Grefsen stasjon,2026-08-23T08:11:00+02:00,2026-08-23T08:11:50+02:00,2026-08-23T08:11:50+02:00,50.0,1,Lysaker,RUT:Line:23,Lysaker - Simensbråten,23,bus,RUT:ServiceJourney:25884d5effd029821a198fa6e53eeb21,True,actual,False,,,,,2026-08-23T08:19:38.971673+02:00
NSR:StopPlace:60640,Heimdal stasjon,2026-08-23T06:21:00+02:00,2026-08-23T06:21:50+02:00,2026-08-23T06:21:50+02:00,50.0,1,Ranheim via Tiller-sentrum,ATB:Line:2_1,Ranheim - Strindheim - sentrum - Tiller - Heimdal - Kattem,1,bus,ATB:ServiceJourney:1_251215112545914_7001,True,actual,False,,,,,2026-08-23T08:19:38.971673+02:00
NSR:StopPlace:58830,Brakerøya stasjon,2026-08-23T07:38:00+02:00,2026-08-23T07:38:50+02:00,2026-08-23T07:38:50+02:00,50.0,1,Dal,VYG:Line:R13,Drammen-Oslo S-Dal,R13,rail,VYG:ServiceJourney:1613_443238-R,True,actual,False,,,,,2026-08-23T08:19:38.971673+02:00
NSR:StopPlace:59643,Grefsen stasjon,2026-08-23T07:19:00+02:00,2026-08-23T07:19:49+02:00,2026-08-23T07:19:49+02:00,49.0,1,Simensbråten,RUT:Line:23,Lysaker - Simensbråten,23,bus,RUT:ServiceJourney:dca06cf40ca2f170280afc5a3e113d63,True,actual,False,,,,,2026-08-23T08:19:38.971673+02:00
NSR:StopPlace:58857,Lørenskog stasjon,2026-08-23T07:37:00+02:00,2026-08-23T07:37:49+02:00,2026-08-23T07:37:49+02:00,49.0,1,Nesåsen,RUT:Line:120,Nesåsen - Stovner,120,bus,RUT:ServiceJourney:79c2de574f752766a8f91ace6dbc94a0,True,actual,False,,,,,2026-08-23T08:19:38.971673+02:00
NSR:StopPlace:58860,Oppegård stasjon,2026-08-23T04:13:00+02:00,2026-08-23T04:13:49+02:00,2026-08-23T04:13:49+02:00,49.0,1,Ødegården,RUT:Line:3981,Nationaltheatret - Ski,81N,bus,RUT:ServiceJourney:7aac6052269df3d5b071e4b705064a0d,True,actual,False,,,,,2026-08-23T04:52:42.669123+02:00
NSR:StopPlace:60640,Heimdal stasjon,2026-08-23T07:47:00+02:00,2026-08-23T07:47:48+02:00,2026-08-23T07:47:48+02:00,48.0,1,Strindheim via Kolstad-sentrum,ATB:Line:2_2,Strindheim- Lade- sentrum- Sau,2,bus,ATB:ServiceJourney:2_251215112550028_7007,True,actual,False,,,,,2026-08-23T08:19:38.971673+02:00
NSR:StopPlace:59651,Skøyen stasjon,2026-08-23T07:25:00+02:00,2026-08-23T07:25:48+02:00,2026-08-23T07:25:48+02:00,48.0,1,Lilleaker,RUT:Line:3013,Buss for linje 13,13B,bus,RUT:ServiceJourney:3576fc8d65f8a83c79565b14315bf270,True,actual,False,Linje 13: Buss for trikk mellom Thune og Lilleaker ,Vi kjører buss for trikk (linje 13B) mellom Thune og Lilleaker. Bussen stopper ikke på Sollerud. 13B betjener Thune fra midlertidig holdeplass i Drammensveien,incident,normal,2026-08-23T08:19:38.971673+02:00
NSR:StopPlace:58963,Jessheim stasjon,2026-08-23T07:25:00+02:00,2026-08-23T07:25:48+02:00,2026-08-23T07:25:48+02:00,48.0,1,Eidsvoll st.,RUT:Line:430,Eidsvoll - Jessheim,430,bus,RUT:ServiceJourney:28dce1808df66e3a56097821e7d3026a,True,actual,False,,,,,2026-08-23T08:19:38.971673+02:00
NSR:StopPlace:58854,Langhus stasjon,2026-08-23T07:37:00+02:00,2026-08-23T07:37:48+02:00,2026-08-23T07:37:48+02:00,48.0,1,Drøbak - Seiersten,RUT:Line:510,Bøleråsen - Ski - Ås - Drøbak,510,bus,RUT:ServiceJourney:5e08e518667cef221b52606fddb20578,True,actual,False,,,,,2026-08-23T08:19:38.971673+02:00
NSR:StopPlace:58845,Eidsvoll verk stasjon,2026-08-23T05:31:00+02:00,2026-08-23T05:31:48+02:00,2026-08-23T05:31:48+02:00,48.0,1,Jessheim,RUT:Line:430,Eidsvoll - Jessheim,430,bus,RUT:ServiceJourney:ad0045cab63fd6331b639e7b49d58d0f,True,actual,False,,,,,2026-08-23T06:25:28.795214+02:00
NSR:StopPlace:58826,Reinsvoll stasjon,2026-08-23T05:50:00+02:00,2026-08-23T05:50:48+02:00,2026-08-23T05:50:48+02:00,48.0,1,Oslo S,VYG:Line:R31,Skøyen-Jaren-Gjøvik,R31,rail,VYG:ServiceJourney:204_443502-R,True,actual,False,Heis på Reinsvoll ute av drift,Heisen på Reinsvoll til spor 1 og 2 er ute av drift.,general,normal,2026-08-23T06:25:28.795214+02:00
NSR:StopPlace:58211,Oslo lufthavn,2026-08-23T05:54:00+02:00,2026-08-23T05:54:48+02:00,2026-08-23T05:54:48+02:00,48.0,1,Kopperud,RUT:Line:420,Maura -  Jessheim,420,bus,RUT:ServiceJourney:9b7eb9b4380ecaa5ad85dfa7b7e6d2f1,True,actual,False,,,,,2026-08-23T06:25:28.795214+02:00
NSR:StopPlace:59651,Skøyen stasjon,2026-08-23T06:29:00+02:00,2026-08-23T06:29:47+02:00,2026-08-23T06:29:47+02:00,47.0,1,Oslo Lufthavn,FLT:Line:FLY1,FLY1,FLY1,rail,FLT:ServiceJourney:1-2614-3713-20260823,True,actual,False,,,,,2026-08-23T08:19:38.971673+02:00
NSR:StopPlace:59651,Skøyen stasjon,2026-08-23T06:40:00+02:00,2026-08-23T06:40:47+02:00,2026-08-23T06:40:47+02:00,47.0,1,Lilleaker,RUT:Line:3013,Buss for linje 13,13B,bus,RUT:ServiceJourney:04832059325b32bcea7953db75d26917,True,actual,False,Linje 13: Buss for trikk mellom Thune og Lilleaker ,Vi kjører buss for trikk (linje 13B) mellom Thune og Lilleaker. Bussen stopper ikke på Sollerud. 13B betjener Thune fra midlertidig holdeplass i Drammensveien,incident,normal,2026-08-23T08:19:38.971673+02:00
NSR:StopPlace:59651,Skøyen stasjon,2026-08-23T06:51:00+02:00,2026-08-23T06:51:47+02:00,2026-08-23T06:51:47+02:00,47.0,1,Skøyen,RUT:Line:140,Bekkestua - Østerås - Skøyen,140,bus,RUT:ServiceJourney:bd589277cae182c513dc5fa108def1cf,True,actual,False,,,,,2026-08-23T08:19:38.971673+02:00
NSR:StopPlace:59616,Asker stasjon,2026-08-23T07:34:00+02:00,2026-08-23T07:34:47+02:00,2026-08-23T07:34:47+02:00,47.0,1,Oslo Lufthavn,FLT:Line:FLY1,FLY1,FLY1,rail,FLT:ServiceJourney:1-2614-3721-20260823,True,actual,False,,,,,2026-08-23T08:19:38.971673+02:00
NSR:StopPlace:58844,Eidsvoll stasjon,2026-08-23T08:17:00+02:00,2026-08-23T08:17:47+02:00,2026-08-23T08:17:47+02:00,47.0,1,Hamar,VYG:Line:RE10,Drammen-Oslo S-Lillehammer,RE10,rail,VYG:ServiceJourney:BUS-307_588881-R,True,actual,False,,,,,2026-08-23T08:19:38.971673+02:00
NSR:StopPlace:58865,Vestby stasjon,2026-08-23T07:50:00+02:00,2026-08-23T07:50:47+02:00,2026-08-23T07:50:47+02:00,47.0,1,Moss,RUT:Line:540,Moss - Son - Vestby stasjon,540,bus,RUT:ServiceJourney:20f9431e83805117afa38e85511f4ebd,True,actual,False,Linje 540 tilbake i ordinær trasé fra mandag 24. august,"Storebro er nå ferdig forsterket. Linje 540 kjører igjen sin vanlige rute gjennom Moss, og traseen mellom Tigerplassen og Kongens gate går tilbake til normal drift.",general,normal,2026-08-23T08:19:38.971673+02:00
NSR:StopPlace:58874,Stokke stasjon,2026-08-23T07:56:00+02:00,2026-08-23T07:56:47+02:00,2026-08-23T07:56:47+02:00,47.0,1,Eidsvoll,VYG:Line:RE11,Eidsvoll-Oslo S-Skien,RE11,rail,VYG:ServiceJourney:808_444388-R,True,actual,False,,,,,2026-08-23T08:19:38.971673+02:00
NSR:StopPlace:59648,Kjelsås stasjon,2026-08-23T04:18:00+02:00,2026-08-23T04:18:47+02:00,2026-08-23T04:18:47+02:00,47.0,1,Majorstuen,RUT:Line:3911,Majorstuen - Kjelsås,11N,bus,RUT:ServiceJourney:0c58df7d9ee081d8345a33f660a4917b,True,actual,False,,,,,2026-08-23T04:52:42.669123+02:00
NSR:StopPlace:59643,Grefsen stasjon,2026-08-23T06:11:00+02:00,2026-08-23T06:11:46+02:00,2026-08-23T06:11:46+02:00,46.0,1,Lysaker,RUT:Line:23,Lysaker - Simensbråten,23,bus,RUT:ServiceJourney:f418486791550acf4a951833d09badcb,True,actual,False,,,,,2026-08-23T08:19:38.971673+02:00
NSR:StopPlace:59620,Grorud stasjon,2026-08-23T06:54:00+02:00,2026-08-23T06:54:46+02:00,2026-08-23T06:54:46+02:00,46.0,1,Grorud T,RUT:Line:79,Grorud T - Åsbråten,79,bus,RUT:ServiceJourney:f8650f7d42a1d9e4d0fb0ae7e644aa1e,True,actual,False,,,,,2026-08-23T08:19:38.971673+02:00
NSR:StopPlace:59636,Holmlia stasjon,2026-08-23T07:59:00+02:00,2026-08-23T07:59:46+02:00,2026-08-23T07:59:46+02:00,46.0,1,Ski,VYG:Line:L2,Stabekk-Oslo S-Ski,L2,rail,VYG:ServiceJourney:2711-HVK_699737-R,True,actual,False,,,,,2026-08-23T08:19:38.971673+02:00
NSR:StopPlace:58840,Vestfossen stasjon,2026-08-23T07:53:00+02:00,2026-08-23T07:53:46+02:00,2026-08-23T07:53:46+02:00,46.0,1,Eidsvoll,VYG:Line:R12,Kongsberg-Oslo S-Eidsvoll,R12,rail,VYG:ServiceJourney:508_444301-R,True,actual,False,,,,,2026-08-23T08:19:38.971673+02:00
NSR:StopPlace:58856,Lysaker stasjon,2026-08-23T07:18:00+02:00,2026-08-23T07:18:46+02:00,2026-08-23T07:18:46+02:00,46.0,1,Skøyen,RUT:Line:140,Bekkestua - Østerås - Skøyen,140,bus,RUT:ServiceJourney:912147ffe434d24e66829441f43d138c,True,actual,False,,,,,2026-08-23T08:19:38.971673+02:00
NSR:StopPlace:58800,Råde stasjon,2026-08-23T07:53:00+02:00,2026-08-23T07:53:46+02:00,2026-08-23T07:53:46+02:00,46.0,1,Oslo S,VYG:Line:RE20,Oslo S-Halden-Göteborg (X-Border),RE20,rail,VYG:ServiceJourney:108_442966-R,True,actual,False,,,,,2026-08-23T08:19:38.971673+02:00
NSR:StopPlace:58811,Moelv stasjon,2026-08-23T07:17:00+02:00,2026-08-23T07:17:46+02:00,2026-08-23T07:17:46+02:00,46.0,1,Eidsvoll,VYG:Line:RE10,Drammen-Oslo S-Lillehammer,RE10,rail,VYG:ServiceJourney:BUS-308_589715-R,True,actual,False,,,,,2026-08-23T08:19:38.971673+02:00
NSR:StopPlace:58211,Oslo lufthavn,2026-08-23T06:50:00+02:00,2026-08-23T06:50:46+02:00,2026-08-23T06:50:46+02:00,46.0,1,Drammen,FLT:Line:FLY1,FLY1,FLY1,rail,FLT:ServiceJourney:1-2614-3710-20260823,True,actual,False,,,,,2026-08-23T08:19:38.971673+02:00
NSR:StopPlace:610,Sandvika stasjon,2026-08-23T07:48:00+02:00,2026-08-23T07:48:46+02:00,2026-08-23T07:48:46+02:00,46.0,1,Lillestrøm,VYG:Line:L1,Spikkestad-Oslo S-Lillestrøm,L1,rail,VYG:ServiceJourney:2214_443606-R,True,actual,False,,,,,2026-08-23T08:19:38.971673+02:00
NSR:StopPlace:62392,Slependen stasjon,2026-08-23T07:45:00+02:00,2026-08-23T07:45:46+02:00,2026-08-23T07:45:46+02:00,46.0,1,Lillestrøm,VYG:Line:L1,Spikkestad-Oslo S-Lillestrøm,L1,rail,VYG:ServiceJourney:2214_443606-R,True,actual,False,,,,,2026-08-23T08:19:38.971673+02:00
NSR:StopPlace:59637,Rosenholm stasjon,2026-08-23T02:21:00+02:00,2026-08-23T02:21:46+02:00,2026-08-23T02:21:46+02:00,46.0,1,Nationaltheatret,RUT:Line:3983,Nationaltheatret - Fløysbonn,83N,bus,RUT:ServiceJourney:19e6176930a0091939774de01059ae50,True,actual,False,,,,,2026-08-23T02:32:00.800137+02:00
NSR:StopPlace:59616,Asker stasjon,2026-08-23T07:10:00+02:00,2026-08-23T07:10:45+02:00,2026-08-23T07:10:45+02:00,45.0,1,Sandvika,RUT:Line:270,Asker - Sandvika (- Fornebu),270,bus,RUT:ServiceJourney:b1888cf37268bfd67f522f75c24ba2db,True,actual,False,,,,,2026-08-23T08:19:38.971673+02:00
NSR:StopPlace:58800,Råde stasjon,2026-08-23T06:49:00+02:00,2026-08-23T06:49:45+02:00,2026-08-23T06:49:45+02:00,45.0,1,Vestby,VYG:Line:RE20,Oslo S-Halden-Göteborg (X-Border),RE20,rail,VYG:ServiceJourney:106-HLD_504591-R,True,actual,False,,,,,2026-08-23T08:19:38.971673+02:00
NSR:StopPlace:58828,Roa stasjon,2026-08-23T07:36:00+02:00,2026-08-23T07:36:45+02:00,2026-08-23T07:36:45+02:00,45.0,1,Oslo S,VYG:Line:R31,Skøyen-Jaren-Gjøvik,R31,rail,VYG:ServiceJourney:206_443504-R,True,actual,False,,,,,2026-08-23T08:19:38.971673+02:00
NSR:StopPlace:58840,Vestfossen stasjon,2026-08-23T05:53:00+02:00,2026-08-23T05:53:45+02:00,2026-08-23T05:53:45+02:00,45.0,1,Eidsvoll,VYG:Line:R12,Kongsberg-Oslo S-Eidsvoll,R12,rail,VYG:ServiceJourney:504_444295-R,True,actual,False,,,,,2026-08-23T06:25:28.795214+02:00
NSR:StopPlace:59872,Oslo S,2026-08-23T07:04:00+02:00,2026-08-23T07:04:44+02:00,2026-08-23T07:04:44+02:00,44.0,1,Gjøvik,VYG:Line:R31,Skøyen-Jaren-Gjøvik,R31,rail,VYG:ServiceJourney:205_443503-R,True,actual,False,,,,,2026-08-23T08:19:38.971673+02:00
NSR:StopPlace:59872,Oslo S,2026-08-23T07:54:00+02:00,2026-08-23T07:54:44+02:00,2026-08-23T07:54:44+02:00,44.0,1,Eidsvoll,VYG:Line:R12,Kongsberg-Oslo S-Eidsvoll,R12,rail,VYG:ServiceJourney:506_444299-R,True,actual,False,,,,,2026-08-23T08:19:38.971673+02:00
NSR:StopPlace:59651,Skøyen stasjon,2026-08-23T06:49:00+02:00,2026-08-23T06:49:44+02:00,2026-08-23T06:49:44+02:00,44.0,1,Oslo Lufthavn,FLT:Line:FLY1,FLY1,FLY1,rail,FLT:ServiceJourney:1-2614-3715-20260823,True,actual,False,,,,,2026-08-23T08:19:38.971673+02:00
NSR:StopPlace:58856,Lysaker stasjon,2026-08-23T06:35:00+02:00,2026-08-23T06:35:44+02:00,2026-08-23T06:35:44+02:00,44.0,1,Gullhaug,RUT:Line:150,Gullhaug - Nationaltheatret,150,bus,RUT:ServiceJourney:469ae7aa17af82ce444060e623300d9b,True,actual,False,,,,,2026-08-23T08:19:38.971673+02:00
NSR:StopPlace:58856,Lysaker stasjon,2026-08-23T06:56:00+02:00,2026-08-23T06:56:44+02:00,2026-08-23T06:56:44+02:00,44.0,1,Skøyen,RUT:Line:130,Sandvika -Skøyen,130,bus,RUT:ServiceJourney:3a6b1d1d035d6f0abe47bba9d2ac41be,True,actual,False,,,,,2026-08-23T08:19:38.971673+02:00
NSR:StopPlace:58860,Oppegård stasjon,2026-08-23T06:31:00+02:00,2026-08-23T06:31:44+02:00,2026-08-23T06:31:44+02:00,44.0,1,Kolbotn torg,RUT:Line:580,Kolbotn - Ski,580,bus,RUT:ServiceJourney:865f530168ad65ab5a9fd847a14251e8,True,actual,False,,,,,2026-08-23T08:19:38.971673+02:00
NSR:StopPlace:222,Myrdal stasjon,2026-08-23T08:12:00+02:00,2026-08-23T08:12:44+02:00,2026-08-23T08:12:44+02:00,44.0,1,Oslo S,VYG:Line:F4,Oslo S-Bergen,F4,rail,VYG:ServiceJourney:60-BRG_444351-R,True,actual,False,,,,,2026-08-23T08:19:38.971673+02:00
NSR:StopPlace:58404,Nationaltheatret,2026-08-23T03:15:00+02:00,2026-08-23T03:15:44+02:00,2026-08-23T03:15:44+02:00,44.0,1,Ski stasjon,RUT:Line:3981,Nationaltheatret - Ski,81N,bus,RUT:ServiceJourney:3855349d0893aa4a1d8a9e225f133d38,True,actual,False,,,,,2026-08-23T04:52:42.669123+02:00
NSR:StopPlace:59648,Kjelsås stasjon,2026-08-23T02:10:00+02:00,2026-08-23T02:10:44+02:00,2026-08-23T02:10:44+02:00,44.0,1,Kværnerbyen,RUT:Line:54,Kværnerbyen - Kjelsås stasjon,54,bus,RUT:ServiceJourney:5f8ee437b808d7a295decf18247dc578,True,actual,False,,,,,2026-08-23T02:32:00.800137+02:00
NSR:StopPlace:59653,Haugenstua stasjon,2026-08-23T06:55:00+02:00,2026-08-23T06:55:43+02:00,2026-08-23T06:55:43+02:00,43.0,1,Spikkestad,VYG:Line:L1,Spikkestad-Oslo S-Lillestrøm,L1,rail,VYG:ServiceJourney:2209_443598-R,True,actual,False,,,,,2026-08-23T08:19:38.971673+02:00
NSR:StopPlace:59620,Grorud stasjon,2026-08-23T07:34:00+02:00,2026-08-23T07:34:43+02:00,2026-08-23T07:34:43+02:00,43.0,1,Åsbråten,RUT:Line:79,Grorud T - Åsbråten,79,bus,RUT:ServiceJourney:01a6ac5a451d144772beedaee1a4262d,True,actual,False,,,,,2026-08-23T08:19:38.971673+02:00
NSR:StopPlace:59635,Hauketo stasjon,2026-08-23T08:03:00+02:00,2026-08-23T08:03:43+02:00,2026-08-23T08:03:43+02:00,43.0,1,Brenna,RUT:Line:73,Holmlia stasjon - Brenna,73,bus,RUT:ServiceJourney:4c4dc6380da120076c484730643fc313,True,actual,False,,,,,2026-08-23T08:19:38.971673+02:00
NSR:StopPlace:59635,Hauketo stasjon,2026-08-23T08:07:00+02:00,2026-08-23T08:07:43+02:00,2026-08-23T08:07:43+02:00,43.0,1,Kolbotn,RUT:Line:87,Hauketo stasjon - Kolbotn,87,bus,RUT:ServiceJourney:3001c6422fb731bece2ee1c5d1c17efb,True,actual,False,,,,,2026-08-23T08:19:38.971673+02:00
NSR:StopPlace:58926,Dale stasjon,2026-08-23T07:46:00+02:00,2026-08-23T07:46:43+02:00,2026-08-23T07:46:43+02:00,43.0,1,Myrdal,VYG:Line:R40,Bergen-Voss-Myrdal-Ål,R40,rail,VYG:ServiceJourney:1804_496767-R,True,actual,False,,,,,2026-08-23T08:19:38.971673+02:00
NSR:StopPlace:58856,Lysaker stasjon,2026-08-23T06:41:00+02:00,2026-08-23T06:41:43+02:00,2026-08-23T06:41:43+02:00,43.0,1,Fornebu,RUT:Line:31,Snarøya - Fornebu - Tonsenhagen - Grorud,31,bus,RUT:ServiceJourney:3a258e11b953c77d46e4fd7d413218ef,True,actual,False,,,,,2026-08-23T08:19:38.971673+02:00
NSR:StopPlace:58851,Heggedal stasjon,2026-08-23T06:59:00+02:00,2026-08-23T06:59:43+02:00,2026-08-23T06:59:43+02:00,43.0,1,Rustadgrenda,RUT:Line:286,Rustadgrenda-Heggedal,286,bus,RUT:ServiceJourney:a4f6f75e09f732812e78ec77b2cec95c,True,actual,False,,,,,2026-08-23T08:19:38.971673+02:00
NSR:StopPlace:58851,Heggedal stasjon,2026-08-23T07:24:00+02:00,2026-08-23T07:24:43+02:00,2026-08-23T07:24:43+02:00,43.0,1,Lillestrøm,VYG:Line:L1,Spikkestad-Oslo S-Lillestrøm,L1,rail,VYG:ServiceJourney:2214_443606-R,True,actual,False,,,,,2026-08-23T08:19:38.971673+02:00
NSR:StopPlace:58872,Sandefjord stasjon,2026-08-23T06:45:00+02:00,2026-08-23T06:45:43+02:00,2026-08-23T06:45:43+02:00,43.0,1,Eidsvoll,VYG:Line:RE11,Eidsvoll-Oslo S-Skien,RE11,rail,VYG:ServiceJourney:806_444386-R,True,actual,False,,,,,2026-08-23T08:19:38.971673+02:00
NSR:StopPlace:58211,Oslo lufthavn,2026-08-23T08:10:00+02:00,2026-08-23T08:10:43+02:00,2026-08-23T08:10:43+02:00,43.0,1,Drammen,FLT:Line:FLY1,FLY1,FLY1,rail,FLT:ServiceJourney:1-2614-3718-20260823,True,actual,False,,,,,2026-08-23T08:19:38.971673+02:00
NSR:StopPlace:62392,Slependen stasjon,2026-08-23T07:15:00+02:00,2026-08-23T07:15:43+02:00,2026-08-23T07:15:43+02:00,43.0,1,Lillestrøm,VYG:Line:L1,Spikkestad-Oslo S-Lillestrøm,L1,rail,VYG:ServiceJourney:2212_443603-R,True,actual,False,,,,,2026-08-23T08:19:38.971673+02:00
NSR:StopPlace:59872,Oslo S,2026-08-23T08:04:00+02:00,2026-08-23T08:04:42+02:00,2026-08-23T08:04:42+02:00,42.0,1,Gjøvik,VYG:Line:R31,Skøyen-Jaren-Gjøvik,R31,rail,VYG:ServiceJourney:207_443505-R,True,actual,False,,,,,2026-08-23T08:19:38.971673+02:00
NSR:StopPlace:59648,Kjelsås stasjon,2026-08-23T08:10:00+02:00,2026-08-23T08:10:42+02:00,2026-08-23T08:10:42+02:00,42.0,1,Kværnerbyen,RUT:Line:54,Kværnerbyen - Kjelsås stasjon,54,bus,RUT:ServiceJourney:f37e702225264686ed8583fcbcf5165c,True,actual,False,,,,,2026-08-23T08:19:38.971673+02:00
NSR:StopPlace:59651,Skøyen stasjon,2026-08-23T07:35:00+02:00,2026-08-23T07:35:42+02:00,2026-08-23T07:35:42+02:00,42.0,1,Drammen,VYG:Line:RE10,Drammen-Oslo S-Lillehammer,RE10,rail,VYG:ServiceJourney:304-EVL_520943-R,True,actual,False,,,,,2026-08-23T08:19:38.971673+02:00
NSR:StopPlace:59652,Tøyen stasjon,2026-08-23T08:09:00+02:00,2026-08-23T08:09:42+02:00,2026-08-23T08:09:42+02:00,42.0,1,Gjøvik,VYG:Line:R31,Skøyen-Jaren-Gjøvik,R31,rail,VYG:ServiceJourney:207_443505-R,True,actual,False,,,,,2026-08-23T08:19:38.971673+02:00
NSR:StopPlace:60736,Spikkestad stasjon,2026-08-23T06:16:00+02:00,2026-08-23T06:16:42+02:00,2026-08-23T06:16:42+02:00,42.0,1,Lillestrøm,VYG:Line:L1,Spikkestad-Oslo S-Lillestrøm,L1,rail,VYG:ServiceJourney:2210_443600-R,True,actual,False,,,,,2026-08-23T08:19:38.971673+02:00
NSR:StopPlace:60944,Ski stasjon,2026-08-23T07:19:00+02:00,2026-08-23T07:19:42+02:00,2026-08-23T07:19:42+02:00,42.0,1,Oslo S,VYG:Line:L2,Stabekk-Oslo S-Ski,L2,rail,VYG:ServiceJourney:BUS-2714_588866-R,True,actual,False,,,,,2026-08-23T08:19:38.971673+02:00
NSR:StopPlace:58869,Ås stasjon,2026-08-23T08:10:00+02:00,2026-08-23T08:10:42+02:00,2026-08-23T08:10:42+02:00,42.0,1,Moss,VYG:Line:R21,Stabekk-Oslo S-Moss,R21,rail,VYG:ServiceJourney:1111-AaS_498448-R,True,actual,False,,,,,2026-08-23T08:19:38.971673+02:00
NSR:StopPlace:58869,Ås stasjon,2026-08-23T08:15:00+02:00,2026-08-23T08:15:42+02:00,2026-08-23T08:15:42+02:00,42.0,1,Stabekk,VYG:Line:R21,Stabekk-Oslo S-Moss,R21,rail,VYG:ServiceJourney:1116-MOS_442991-R,True,actual,False,,,,,2026-08-23T08:19:38.971673+02:00
NSR:StopPlace:59650,Nyland stasjon,2026-08-23T05:52:00+02:00,2026-08-23T05:52:42+02:00,2026-08-23T05:52:42+02:00,42.0,1,Oslo lufthavn,NBU:Line:cb7b555c-f96e-42d5-84bf-a5e08c0145c2,Radiumhospitalet via Økern-Storo-Tåsen,FB3,bus,NBU:ServiceJourney:3121e207-6839-438e-a24e-a659162dd02c,True,actual,False,,,,,2026-08-23T06:25:28.795214+02:00
NSR:StopPlace:59616,Asker stasjon,2026-08-23T05:34:00+02:00,2026-08-23T05:34:42+02:00,2026-08-23T05:34:42+02:00,42.0,1,Oslo Lufthavn,FLT:Line:FLY1,FLY1,FLY1,rail,FLT:ServiceJourney:1-2614-3709-20260823,True,actual,False,,,,,2026-08-23T06:25:28.795214+02:00
NSR:StopPlace:58844,Eidsvoll stasjon,2026-08-23T05:15:00+02:00,2026-08-23T05:15:42+02:00,2026-08-23T05:15:42+02:00,42.0,1,Jessheim,RUT:Line:430,Eidsvoll - Jessheim,430,bus,RUT:ServiceJourney:ad0045cab63fd6331b639e7b49d58d0f,True,actual,False,,,,,2026-08-23T06:25:28.795214+02:00
NSR:StopPlace:59651,Skøyen stasjon,2026-08-23T06:40:00+02:00,2026-08-23T06:40:41+02:00,2026-08-23T06:40:41+02:00,41.0,1,Bekkestua via Østerås,RUT:Line:140,Bekkestua - Østerås - Skøyen,140,bus,RUT:ServiceJourney:1080f1b331d48b16879dfdecd485ccc1,True,actual,False,,,,,2026-08-23T08:19:38.971673+02:00
NSR:StopPlace:59651,Skøyen stasjon,2026-08-23T07:02:00+02:00,2026-08-23T07:02:41+02:00,2026-08-23T07:02:41+02:00,41.0,1,Lillestrøm,VYG:Line:L1,Spikkestad-Oslo S-Lillestrøm,L1,rail,VYG:ServiceJourney:2210_443600-R,True,actual,False,,,,,2026-08-23T08:19:38.971673+02:00
NSR:StopPlace:58211,Oslo lufthavn,2026-08-23T07:10:00+02:00,2026-08-23T07:10:41+02:00,2026-08-23T07:10:41+02:00,41.0,1,Drammen,FLT:Line:FLY1,FLY1,FLY1,rail,FLT:ServiceJourney:1-2614-3712-20260823,True,actual,False,,,,,2026-08-23T08:19:38.971673+02:00
NSR:StopPlace:59635,Hauketo stasjon,2026-08-23T06:24:00+02:00,2026-08-23T06:24:41+02:00,2026-08-23T06:24:41+02:00,41.0,1,Holmlia stasjon,RUT:Line:73,Holmlia stasjon - Brenna,73,bus,RUT:ServiceJourney:c7c1c2758dd5847aa65ca9bfed9bbef3,True,actual,False,,,,,2026-08-23T06:25:28.795214+02:00
NSR:StopPlace:58404,Nationaltheatret,2026-08-23T05:55:00+02:00,2026-08-23T05:55:41+02:00,2026-08-23T05:55:41+02:00,41.0,1,Fornebu,RUT:Line:31,Snarøya - Fornebu - Tonsenhagen - Grorud,31,bus,RUT:ServiceJourney:9a1be19d93e6074a751234dda78f5d08,True,actual,False,,,,,2026-08-23T06:25:28.795214+02:00
NSR:StopPlace:58811,Moelv stasjon,2026-08-23T05:17:00+02:00,2026-08-23T05:17:41+02:00,2026-08-23T05:17:41+02:00,41.0,1,Eidsvoll,VYG:Line:RE10,Drammen-Oslo S-Lillehammer,RE10,rail,VYG:ServiceJourney:BUS-304_588872-R,True,actual,False,,,,,2026-08-23T06:25:28.795214+02:00
NSR:StopPlace:59872,Oslo S,2026-08-23T08:04:00+02:00,2026-08-23T08:04:40+02:00,2026-08-23T08:04:40+02:00,40.0,1,Kongsvinger,VYG:Line:R14,Asker-Oslo S-Kongsvinger,R14,rail,VYG:ServiceJourney:1007_442912-R,True,actual,False,,,,,2026-08-23T08:19:38.971673+02:00
NSR:StopPlace:58849,Hakadal stasjon,2026-08-23T07:41:00+02:00,2026-08-23T07:41:40+02:00,2026-08-23T07:41:40+02:00,40.0,1,Gjøvik,VYG:Line:R31,Skøyen-Jaren-Gjøvik,R31,rail,VYG:ServiceJourney:205_443503-R,True,actual,False,,,,,2026-08-23T08:19:38.971673+02:00
NSR:StopPlace:58853,Kolbotn stasjon,2026-08-23T07:37:00+02:00,2026-08-23T07:37:40+02:00,2026-08-23T07:37:40+02:00,40.0,1,Tårnåsen,RUT:Line:83,Jernbanetorget - Tårnåsen,83,bus,RUT:ServiceJourney:ee4f3813bb4c41d2c58921774a3b655b,True,actual,False,Linje 80E og 83 får Hausmanns bru som ny endeholdeplass fra 29. juni,"Bussene stopper ikke på Jernbanetorget etter 29. juni, men starter og stopper på Hausmanns bru i Nylandsveien.",incident,normal,2026-08-23T08:19:38.971673+02:00
NSR:StopPlace:58884,Skien stasjon,2026-08-23T08:09:00+02:00,2026-08-23T08:09:40+02:00,2026-08-23T08:09:40+02:00,40.0,1,Eidsvoll,VYG:Line:RE11,Eidsvoll-Oslo S-Skien,RE11,rail,VYG:ServiceJourney:810_444390-R,True,actual,False,,,,,2026-08-23T08:19:38.971673+02:00
NSR:StopPlace:58211,Oslo lufthavn,2026-08-23T06:30:00+02:00,2026-08-23T06:30:40+02:00,2026-08-23T06:30:40+02:00,40.0,1,Drammen,FLT:Line:FLY1,FLY1,FLY1,rail,FLT:ServiceJourney:1-2614-3708-20260823,True,actual,False,,,,,2026-08-23T08:19:38.971673+02:00
NSR:StopPlace:62339,Lillestrøm stasjon,2026-08-23T07:10:00+02:00,2026-08-23T07:10:40+02:00,2026-08-23T07:10:40+02:00,40.0,1,Oslo Lufthavn,FLT:Line:FLY1,FLY1,FLY1,rail,FLT:ServiceJourney:1-2614-3715-20260823,True,actual,False,Heis på Lillestrøm ute av drift,Heisen på Lillestrøm til spor 3 og 4 er ute av drift.,general,normal,2026-08-23T08:19:38.971673+02:00
NSR:StopPlace:59648,Kjelsås stasjon,2026-08-23T04:03:00+02:00,2026-08-23T04:03:40+02:00,2026-08-23T04:03:40+02:00,40.0,1,Majorstuen,RUT:Line:3912,Majorstuen - Kjelsås,12N,bus,RUT:ServiceJourney:084de45d990da35a420489b3ae81fec5,True,actual,False,,,,,2026-08-23T04:52:42.669123+02:00
NSR:StopPlace:59651,Skøyen stasjon,2026-08-23T03:46:00+02:00,2026-08-23T03:46:40+02:00,2026-08-23T03:46:40+02:00,40.0,1,Grorud T,RUT:Line:31,Snarøya - Fornebu - Tonsenhagen - Grorud,31,bus,RUT:ServiceJourney:fb6f915f225f090307453b2198db18d6,True,actual,False,,,,,2026-08-23T04:52:42.669123+02:00
NSR:StopPlace:59651,Skøyen stasjon,2026-08-23T04:17:00+02:00,2026-08-23T04:17:40+02:00,2026-08-23T04:17:40+02:00,40.0,1,Helsfyr T,RUT:Line:20,Skøyen - Galgeberg,20,bus,RUT:ServiceJourney:2b56e82c4c40041c59a6e537c0d173d5,True,actual,False,,,,,2026-08-23T04:52:42.669123+02:00
NSR:StopPlace:59872,Oslo S,2026-08-23T07:34:00+02:00,2026-08-23T07:34:39+02:00,2026-08-23T07:34:39+02:00,39.0,1,Lillehammer,VYG:Line:RE10,Drammen-Oslo S-Lillehammer,RE10,rail,VYG:ServiceJourney:307-SUD_520953-R,True,actual,False,Forsinket,Toget kjørte 3 minutter forsinket fra Drammen. Dette skyldes en teknisk feil med toget.,incident,normal,2026-08-23T08:19:38.971673+02:00
NSR:StopPlace:59872,Oslo S,2026-08-23T08:00:00+02:00,2026-08-23T08:00:39+02:00,2026-08-23T08:00:39+02:00,39.0,1,Oslo Lufthavn,FLT:Line:FLY1,FLY1,FLY1,rail,FLT:ServiceJourney:1-2614-3721-20260823,True,actual,False,,,,,2026-08-23T08:19:38.971673+02:00
NSR:StopPlace:59651,Skøyen stasjon,2026-08-23T07:11:00+02:00,2026-08-23T07:11:39+02:00,2026-08-23T07:11:39+02:00,39.0,1,Grorud T,RUT:Line:31,Snarøya - Fornebu - Tonsenhagen - Grorud,31,bus,RUT:ServiceJourney:9f5a033f3e9add5f32db1038e5b2ecd2,True,actual,False,,,,,2026-08-23T08:19:38.971673+02:00
NSR:StopPlace:59616,Asker stasjon,2026-08-23T06:14:00+02:00,2026-08-23T06:14:39+02:00,2026-08-23T06:14:39+02:00,39.0,1,Oslo Lufthavn,FLT:Line:FLY1,FLY1,FLY1,rail,FLT:ServiceJourney:1-2614-3713-20260823,True,actual,False,,,,,2026-08-23T08:19:38.971673+02:00
NSR:StopPlace:59616,Asker stasjon,2026-08-23T06:34:00+02:00,2026-08-23T06:34:39+02:00,2026-08-23T06:34:39+02:00,39.0,1,Lillestrøm,VYG:Line:L1,Spikkestad-Oslo S-Lillestrøm,L1,rail,VYG:ServiceJourney:2210_443600-R,True,actual,False,Åpnet: Asker stasjon,"Asker stasjon er åpen for togtrafikk på alle spor igjen. Togene kjører, men det kan ta litt tid før de er i rute. Du må derfor regne med forsinkelser.",general,normal,2026-08-23T08:19:38.971673+02:00
NSR:StopPlace:59635,Hauketo stasjon,2026-08-23T07:57:00+02:00,2026-08-23T07:57:39+02:00,2026-08-23T07:57:39+02:00,39.0,1,Ski,VYG:Line:L2,Stabekk-Oslo S-Ski,L2,rail,VYG:ServiceJourney:2711-HVK_699737-R,True,actual,False,,,,,2026-08-23T08:19:38.971673+02:00
NSR:StopPlace:58794,Fredrikstad stasjon,2026-08-23T07:41:00+02:00,2026-08-23T07:41:39+02:00,2026-08-23T07:41:39+02:00,39.0,1,Oslo S,VYG:Line:RE20,Oslo S-Halden-Göteborg (X-Border),RE20,rail,VYG:ServiceJourney:108_442966-R,True,actual,False,,,,,2026-08-23T08:19:38.971673+02:00
NSR:StopPlace:610,Sandvika stasjon,2026-08-23T07:18:00+02:00,2026-08-23T07:18:39+02:00,2026-08-23T07:18:39+02:00,39.0,1,Lillestrøm,VYG:Line:L1,Spikkestad-Oslo S-Lillestrøm,L1,rail,VYG:ServiceJourney:2212_443603-R,True,actual,False,,,,,2026-08-23T08:19:38.971673+02:00
NSR:StopPlace:610,Sandvika stasjon,2026-08-23T08:18:00+02:00,2026-08-23T08:18:39+02:00,2026-08-23T08:18:39+02:00,39.0,1,Lillestrøm,VYG:Line:L1,Spikkestad-Oslo S-Lillestrøm,L1,rail,VYG:ServiceJourney:2216_443609-R,True,actual,False,,,,,2026-08-23T08:19:38.971673+02:00
NSR:StopPlace:60944,Ski stasjon,2026-08-23T02:18:00+02:00,2026-08-23T02:18:39+02:00,2026-08-23T02:18:39+02:00,39.0,1,Enebakk kirke,RUT:Line:350,Lillestrøm - Ski,350,bus,RUT:ServiceJourney:98ae256012ddae99b13c0e7d01a8690b,True,actual,False,Ruteendringer,Fra 17. august vil det være endringer på flere linjer. Benytt reiseplanleggeren for oppdaterte avgangstider om din reise.,general,normal,2026-08-23T02:32:00.800137+02:00
NSR:StopPlace:59872,Oslo S,2026-08-23T07:41:00+02:00,2026-08-23T07:41:38+02:00,2026-08-23T07:41:38+02:00,38.0,1,Lillestrøm,VYG:Line:L1,Spikkestad-Oslo S-Lillestrøm,L1,rail,VYG:ServiceJourney:2212_443603-R,True,actual,False,,,,,2026-08-23T08:19:38.971673+02:00
NSR:StopPlace:59872,Oslo S,2026-08-23T08:14:00+02:00,2026-08-23T08:14:38+02:00,2026-08-23T08:14:38+02:00,38.0,1,Dal,VYG:Line:R13,Drammen-Oslo S-Dal,R13,rail,VYG:ServiceJourney:1613_443238-R,True,actual,False,,,,,2026-08-23T08:19:38.971673+02:00
NSR:StopPlace:59651,Skøyen stasjon,2026-08-23T07:06:00+02:00,2026-08-23T07:06:38+02:00,2026-08-23T07:06:38+02:00,38.0,1,Fornebu,RUT:Line:31,Snarøya - Fornebu - Tonsenhagen - Grorud,31,bus,RUT:ServiceJourney:3f5cde0da0335b60da2bddc0e9f8718b,True,actual,False,,,,,2026-08-23T08:19:38.971673+02:00
NSR:StopPlace:58793,Askim stasjon,2026-08-23T07:05:00+02:00,2026-08-23T07:05:38+02:00,2026-08-23T07:05:38+02:00,38.0,1,Kråkstad,VYG:Line:R22,Skøyen-Oslo S-Mysen-Rakkestad,R22,rail,VYG:ServiceJourney:1908-RST_500824-R,True,actual,False,,,,,2026-08-23T08:19:38.971673+02:00
NSR:StopPlace:58852,Høn stasjon,2026-08-23T07:36:00+02:00,2026-08-23T07:36:38+02:00,2026-08-23T07:36:38+02:00,38.0,1,Lillestrøm,VYG:Line:L1,Spikkestad-Oslo S-Lillestrøm,L1,rail,VYG:ServiceJourney:2214_443606-R,True,actual,False,,,,,2026-08-23T08:19:38.971673+02:00
NSR:StopPlace:58865,Vestby stasjon,2026-08-23T06:50:00+02:00,2026-08-23T06:50:38+02:00,2026-08-23T06:50:38+02:00,38.0,1,Randem,RUT:Line:533,Randem - Vestby stasjon,533,bus,RUT:ServiceJourney:f2505e1434e746e1f7769037af12d280,True,actual,False,,,,,2026-08-23T08:19:38.971673+02:00
NSR:StopPlace:58865,Vestby stasjon,2026-08-23T07:50:00+02:00,2026-08-23T07:50:38+02:00,2026-08-23T07:50:38+02:00,38.0,1,Randem,RUT:Line:533,Randem - Vestby stasjon,533,bus,RUT:ServiceJourney:5cfef533989203ae70cecada606c48e8,True,actual,False,,,,,2026-08-23T08:19:38.971673+02:00
NSR:StopPlace:58869,Ås stasjon,2026-08-23T07:20:00+02:00,2026-08-23T07:20:38+02:00,2026-08-23T07:20:38+02:00,38.0,1,Ski,VYG:Line:R21,Stabekk-Oslo S-Moss,R21,rail,VYG:ServiceJourney:BUS-1112_588854-R,True,actual,False,,,,,2026-08-23T08:19:38.971673+02:00
NSR:StopPlace:610,Sandvika stasjon,2026-08-23T07:35:00+02:00,2026-08-23T07:35:38+02:00,2026-08-23T07:35:38+02:00,38.0,1,Eidsvoll,VYG:Line:R12,Kongsberg-Oslo S-Eidsvoll,R12,rail,VYG:ServiceJourney:506_444299-R,True,actual,False,,,,,2026-08-23T08:19:38.971673+02:00
NSR:StopPlace:60053,Halden stasjon,2026-08-23T06:02:00+02:00,2026-08-23T06:02:38+02:00,2026-08-23T06:02:38+02:00,38.0,1,Vestby,VYG:Line:RE20,Oslo S-Halden-Göteborg (X-Border),RE20,rail,VYG:ServiceJourney:106-HLD_504591-R,True,actual,False,,,,,2026-08-23T06:25:28.795214+02:00
NSR:StopPlace:59638,Myrvoll stasjon,2026-08-23T06:05:00+02:00,2026-08-23T06:05:38+02:00,2026-08-23T06:05:38+02:00,38.0,1,Filipstad,RUT:Line:81,Fornebu - Myrvoll stasjon,81,bus,RUT:ServiceJourney:0e01edfd4e1ce3a2bd86b49c2b333070,True,actual,False,,,,,2026-08-23T06:25:28.795214+02:00
NSR:StopPlace:59872,Oslo S,2026-08-23T08:11:00+02:00,2026-08-23T08:11:37+02:00,2026-08-23T08:11:37+02:00,37.0,1,Lillestrøm,VYG:Line:L1,Spikkestad-Oslo S-Lillestrøm,L1,rail,VYG:ServiceJourney:2214_443606-R,True,actual,False,,,,,2026-08-23T08:19:38.971673+02:00
NSR:StopPlace:59650,Nyland stasjon,2026-08-23T06:52:00+02:00,2026-08-23T06:52:37+02:00,2026-08-23T06:52:37+02:00,37.0,1,Oslo lufthavn,NBU:Line:cb7b555c-f96e-42d5-84bf-a5e08c0145c2,Radiumhospitalet via Økern-Storo-Tåsen,FB3,bus,NBU:ServiceJourney:9d7c5d7e-fd86-44cd-8efe-6d4c69eeceeb,True,actual,False,,,,,2026-08-23T08:19:38.971673+02:00
NSR:StopPlace:59654,Stabekk stasjon,2026-08-23T06:22:00+02:00,2026-08-23T06:22:37+02:00,2026-08-23T06:22:37+02:00,37.0,1,Nationaltheatret,RUT:Line:150,Gullhaug - Nationaltheatret,150,bus,RUT:ServiceJourney:523c1a3c4ce18e909a97894950e34b3e,True,actual,False,,,,,2026-08-23T08:19:38.971673+02:00
NSR:StopPlace:59616,Asker stasjon,2026-08-23T07:50:00+02:00,2026-08-23T07:50:37+02:00,2026-08-23T07:50:37+02:00,37.0,1,Drammen,VYG:Line:RE10,Drammen-Oslo S-Lillehammer,RE10,rail,VYG:ServiceJourney:304-EVL_520943-R,True,actual,False,,,,,2026-08-23T08:19:38.971673+02:00
NSR:StopPlace:58798,Rakkestad stasjon,2026-08-23T06:40:00+02:00,2026-08-23T06:40:37+02:00,2026-08-23T06:40:37+02:00,37.0,1,Kråkstad,VYG:Line:R22,Skøyen-Oslo S-Mysen-Rakkestad,R22,rail,VYG:ServiceJourney:1908-RST_500824-R,True,actual,False,,,,,2026-08-23T08:19:38.971673+02:00
NSR:StopPlace:58798,Rakkestad stasjon,2026-08-23T07:45:00+02:00,2026-08-23T07:45:37+02:00,2026-08-23T07:45:37+02:00,37.0,1,Oslo S,VYG:Line:R22,Skøyen-Oslo S-Mysen-Rakkestad,R22,rail,VYG:ServiceJourney:1910_443447-R,True,actual,False,,,,,2026-08-23T08:19:38.971673+02:00
NSR:StopPlace:58843,Blommenholm stasjon,2026-08-23T07:50:00+02:00,2026-08-23T07:50:37+02:00,2026-08-23T07:50:37+02:00,37.0,1,Lillestrøm,VYG:Line:L1,Spikkestad-Oslo S-Lillestrøm,L1,rail,VYG:ServiceJourney:2214_443606-R,True,actual,False,,,,,2026-08-23T08:19:38.971673+02:00
NSR:StopPlace:58852,Høn stasjon,2026-08-23T07:06:00+02:00,2026-08-23T07:06:37+02:00,2026-08-23T07:06:37+02:00,37.0,1,Lillestrøm,VYG:Line:L1,Spikkestad-Oslo S-Lillestrøm,L1,rail,VYG:ServiceJourney:2212_443603-R,True,actual,False,,,,,2026-08-23T08:19:38.971673+02:00
NSR:StopPlace:58856,Lysaker stasjon,2026-08-23T06:41:00+02:00,2026-08-23T06:41:37+02:00,2026-08-23T06:41:37+02:00,37.0,1,Eidsvoll,VYG:Line:R12,Kongsberg-Oslo S-Eidsvoll,R12,rail,VYG:ServiceJourney:504_444295-R,True,actual,False,,,,,2026-08-23T08:19:38.971673+02:00
NSR:StopPlace:58856,Lysaker stasjon,2026-08-23T07:29:00+02:00,2026-08-23T07:29:37+02:00,2026-08-23T07:29:37+02:00,37.0,1,Lillestrøm,VYG:Line:L1,Spikkestad-Oslo S-Lillestrøm,L1,rail,VYG:ServiceJourney:2212_443603-R,True,actual,False,,,,,2026-08-23T08:19:38.971673+02:00
NSR:StopPlace:398,Arna stasjon,2026-08-23T06:28:00+02:00,2026-08-23T06:28:37+02:00,2026-08-23T06:28:37+02:00,37.0,1,Oslo S,VYG:Line:F4,Oslo S-Bergen,F4,rail,VYG:ServiceJourney:60-BRG_444351-R,True,actual,False,,,,,2026-08-23T08:19:38.971673+02:00
NSR:StopPlace:62339,Lillestrøm stasjon,2026-08-23T07:16:00+02:00,2026-08-23T07:16:37+02:00,2026-08-23T07:16:37+02:00,37.0,1,Drammen,VYG:Line:RE10,Drammen-Oslo S-Lillehammer,RE10,rail,VYG:ServiceJourney:304-EVL_520943-R,True,actual,False,Heis på Lillestrøm ute av drift,Heisen på Lillestrøm til spor 3 og 4 er ute av drift.,general,normal,2026-08-23T08:19:38.971673+02:00
NSR:StopPlace:59651,Skøyen stasjon,2026-08-23T06:06:00+02:00,2026-08-23T06:06:37+02:00,2026-08-23T06:06:37+02:00,37.0,1,Fornebu,RUT:Line:31,Snarøya - Fornebu - Tonsenhagen - Grorud,31,bus,RUT:ServiceJourney:9a1be19d93e6074a751234dda78f5d08,True,actual,False,,,,,2026-08-23T06:25:28.795214+02:00
NSR:StopPlace:610,Sandvika stasjon,2026-08-23T06:20:00+02:00,2026-08-23T06:20:37+02:00,2026-08-23T06:20:37+02:00,37.0,1,Oslo Lufthavn,FLT:Line:FLY1,FLY1,FLY1,rail,FLT:ServiceJourney:1-2614-3713-20260823,True,actual,False,,,,,2026-08-23T06:25:28.795214+02:00
NSR:StopPlace:666,Snippen stasjon,2026-08-23T06:19:00+02:00,2026-08-23T06:19:37+02:00,2026-08-23T06:19:37+02:00,37.0,1,Oslo S,VYG:Line:R31,Skøyen-Jaren-Gjøvik,R31,rail,VYG:ServiceJourney:202-JAH_488310-R,True,actual,False,,,,,2026-08-23T06:25:28.795214+02:00
NSR:StopPlace:61326,Gulskogen stasjon,2026-08-23T07:47:00+02:00,2026-08-23T07:47:36+02:00,2026-08-23T07:47:36+02:00,36.0,1,Kongsberg,VYG:Line:R12,Kongsberg-Oslo S-Eidsvoll,R12,rail,VYG:ServiceJourney:505_444297-R,True,actual,False,,,,,2026-08-23T08:19:38.971673+02:00
NSR:StopPlace:60944,Ski stasjon,2026-08-23T07:44:00+02:00,2026-08-23T07:44:36+02:00,2026-08-23T07:44:36+02:00,36.0,1,Ski næringspark,RUT:Line:520,Vinterbro - Ski stasjon,520,bus,RUT:ServiceJourney:487169d92dacbade87f8782c15f8d8a4,True,actual,False,,,,,2026-08-23T08:19:38.971673+02:00
NSR:StopPlace:59636,Holmlia stasjon,2026-08-23T07:59:00+02:00,2026-08-23T07:59:36+02:00,2026-08-23T07:59:36+02:00,36.0,1,Brenna,RUT:Line:73,Holmlia stasjon - Brenna,73,bus,RUT:ServiceJourney:4c4dc6380da120076c484730643fc313,True,actual,False,,,,,2026-08-23T08:19:38.971673+02:00
NSR:StopPlace:59638,Myrvoll stasjon,2026-08-23T07:56:00+02:00,2026-08-23T07:56:36+02:00,2026-08-23T07:56:36+02:00,36.0,1,Ski stasjon,RUT:Line:580,Kolbotn - Ski,580,bus,RUT:ServiceJourney:acbdad92bf9e1962a6eb7eb2e8c20745,True,actual,False,,,,,2026-08-23T08:19:38.971673+02:00
NSR:StopPlace:58799,Rygge stasjon,2026-08-23T07:59:00+02:00,2026-08-23T07:59:36+02:00,2026-08-23T07:59:36+02:00,36.0,1,Oslo S,VYG:Line:RE20,Oslo S-Halden-Göteborg (X-Border),RE20,rail,VYG:ServiceJourney:108_442966-R,True,actual,False,,,,,2026-08-23T08:19:38.971673+02:00
NSR:StopPlace:58853,Kolbotn stasjon,2026-08-23T08:13:00+02:00,2026-08-23T08:13:36+02:00,2026-08-23T08:13:36+02:00,36.0,1,Ski stasjon,RUT:Line:580,Kolbotn - Ski,580,bus,RUT:ServiceJourney:62128bc81b374f82e5f8ca1cd2ab9654,True,actual,False,,,,,2026-08-23T08:19:38.971673+02:00
NSR:StopPlace:58211,Oslo lufthavn,2026-08-23T07:30:00+02:00,2026-08-23T07:30:36+02:00,2026-08-23T07:30:36+02:00,36.0,1,Radiumhospitalet via Økern-Storo-Tåsen,NBU:Line:cb7b555c-f96e-42d5-84bf-a5e08c0145c2,Radiumhospitalet via Økern-Storo-Tåsen,FB3,bus,NBU:ServiceJourney:a3f0fbd5-03a7-4fb7-acdd-b69de8165f6f,True,actual,False,,,,,2026-08-23T08:19:38.971673+02:00
NSR:StopPlace:62339,Lillestrøm stasjon,2026-08-23T08:05:00+02:00,2026-08-23T08:05:36+02:00,2026-08-23T08:05:36+02:00,36.0,1,Eidsvoll,VYG:Line:R12,Kongsberg-Oslo S-Eidsvoll,R12,rail,VYG:ServiceJourney:506_444299-R,True,actual,False,Heis på Lillestrøm ute av drift,Heisen på Lillestrøm til spor 3 og 4 er ute av drift.,general,normal,2026-08-23T08:19:38.971673+02:00
NSR:StopPlace:59648,Kjelsås stasjon,2026-08-23T04:33:00+02:00,2026-08-23T04:33:36+02:00,2026-08-23T04:33:36+02:00,36.0,1,Majorstuen,RUT:Line:3912,Majorstuen - Kjelsås,12N,bus,RUT:ServiceJourney:6bbfcff7583c1984d206237e5d43f419,True,actual,False,,,,,2026-08-23T04:52:42.669123+02:00
NSR:StopPlace:58856,Lysaker stasjon,2026-08-23T04:36:00+02:00,2026-08-23T04:36:36+02:00,2026-08-23T04:36:36+02:00,36.0,1,Sandvika,RUT:Line:3130,Nationaltheatret - Sandvika,130N,bus,RUT:ServiceJourney:641ae13d592891fe522b0ee6180b3c79,True,actual,False,,,,,2026-08-23T04:52:42.669123+02:00
NSR:StopPlace:59872,Oslo S,2026-08-23T07:41:00+02:00,2026-08-23T07:41:35+02:00,2026-08-23T07:41:35+02:00,35.0,1,Spikkestad,VYG:Line:L1,Spikkestad-Oslo S-Lillestrøm,L1,rail,VYG:ServiceJourney:2211_443602-R,True,actual,False,,,,,2026-08-23T08:19:38.971673+02:00
NSR:StopPlace:59649,Nydalen stasjon,2026-08-23T07:33:00+02:00,2026-08-23T07:33:35+02:00,2026-08-23T07:33:35+02:00,35.0,1,Oslo lufthavn,NBU:Line:cb7b555c-f96e-42d5-84bf-a5e08c0145c2,Radiumhospitalet via Økern-Storo-Tåsen,FB3,bus,NBU:ServiceJourney:2e128ef1-50b3-4e78-877b-180270addb91,True,actual,False,,,,,2026-08-23T08:19:38.971673+02:00
NSR:StopPlace:59643,Grefsen stasjon,2026-08-23T08:05:00+02:00,2026-08-23T08:05:35+02:00,2026-08-23T08:05:35+02:00,35.0,1,Gaustadalléen,RUT:Line:17,Rikshospitalet - Sinsen o/ Carl Berner,17,tram,RUT:ServiceJourney:e54a744efc53e66abe89146aa98c4d61,True,actual,False,,,,,2026-08-23T08:19:38.971673+02:00
NSR:StopPlace:59635,Hauketo stasjon,2026-08-23T08:05:00+02:00,2026-08-23T08:05:35+02:00,2026-08-23T08:05:35+02:00,35.0,1,Bjørndal,RUT:Line:77,Holmlia stasjon - Bjørndal,77,bus,RUT:ServiceJourney:b6d12c41ba55c11801e683961d2c8828,True,actual,False,,,,,2026-08-23T08:19:38.971673+02:00
NSR:StopPlace:59636,Holmlia stasjon,2026-08-23T08:06:00+02:00,2026-08-23T08:06:35+02:00,2026-08-23T08:06:35+02:00,35.0,1,Krummedike,RUT:Line:2077,Holmlia stasjon - Asperudåsen,77B,bus,RUT:ServiceJourney:a5f2118a5008830e29b5dd7e041de1df,True,actual,False,,,,,2026-08-23T08:19:38.971673+02:00
NSR:StopPlace:58799,Rygge stasjon,2026-08-23T06:55:00+02:00,2026-08-23T06:55:35+02:00,2026-08-23T06:55:35+02:00,35.0,1,Vestby,VYG:Line:RE20,Oslo S-Halden-Göteborg (X-Border),RE20,rail,VYG:ServiceJourney:106-HLD_504591-R,True,actual,False,,,,,2026-08-23T08:19:38.971673+02:00
NSR:StopPlace:610,Sandvika stasjon,2026-08-23T07:31:00+02:00,2026-08-23T07:31:35+02:00,2026-08-23T07:31:35+02:00,35.0,1,Spikkestad,VYG:Line:L1,Spikkestad-Oslo S-Lillestrøm,L1,rail,VYG:ServiceJourney:2209_443598-R,True,actual,False,,,,,2026-08-23T08:19:38.971673+02:00
NSR:StopPlace:62308,Alna stasjon,2026-08-23T07:48:00+02:00,2026-08-23T07:48:35+02:00,2026-08-23T07:48:35+02:00,35.0,1,Lillestrøm,VYG:Line:L1,Spikkestad-Oslo S-Lillestrøm,L1,rail,VYG:ServiceJourney:2212_443603-R,True,actual,False,,,,,2026-08-23T08:19:38.971673+02:00
NSR:StopPlace:59648,Kjelsås stasjon,2026-08-23T03:48:00+02:00,2026-08-23T03:48:35+02:00,2026-08-23T03:48:35+02:00,35.0,1,Majorstuen,RUT:Line:3911,Majorstuen - Kjelsås,11N,bus,RUT:ServiceJourney:3b4bb6e2944f61328150726c666fa527,True,actual,False,,,,,2026-08-23T04:52:42.669123+02:00
NSR:StopPlace:59620,Grorud stasjon,2026-08-23T04:24:00+02:00,2026-08-23T04:24:35+02:00,2026-08-23T04:24:35+02:00,35.0,1,Oslo lufthavn,NBU:Line:cb7b555c-f96e-42d5-84bf-a5e08c0145c2,Radiumhospitalet via Økern-Storo-Tåsen,FB3,bus,NBU:ServiceJourney:140f97bd-3ebd-470f-b17f-80ea94bc611f,True,actual,False,,,,,2026-08-23T04:52:42.669123+02:00
NSR:StopPlace:59872,Oslo S,2026-08-23T07:49:00+02:00,2026-08-23T07:49:34+02:00,2026-08-23T07:49:34+02:00,34.0,1,Drammen,VYG:Line:R13,Drammen-Oslo S-Dal,R13,rail,VYG:ServiceJourney:1610_443230-R,True,actual,False,,,,,2026-08-23T08:19:38.971673+02:00
NSR:StopPlace:60640,Heimdal stasjon,2026-08-23T07:54:00+02:00,2026-08-23T07:54:34+02:00,2026-08-23T07:54:34+02:00,34.0,1,Lund,ATB:Line:2_2,Strindheim- Lade- sentrum- Sau,2,bus,ATB:ServiceJourney:2_251215112550174_7006,True,actual,False,,,,,2026-08-23T08:19:38.971673+02:00
NSR:StopPlace:59651,Skøyen stasjon,2026-08-23T06:36:00+02:00,2026-08-23T06:36:34+02:00,2026-08-23T06:36:34+02:00,34.0,1,Fornebu,RUT:Line:31,Snarøya - Fornebu - Tonsenhagen - Grorud,31,bus,RUT:ServiceJourney:3a258e11b953c77d46e4fd7d413218ef,True,actual,False,,,,,2026-08-23T08:19:38.971673+02:00
NSR:StopPlace:59654,Stabekk stasjon,2026-08-23T07:24:00+02:00,2026-08-23T07:24:34+02:00,2026-08-23T07:24:34+02:00,34.0,1,Spikkestad,VYG:Line:L1,Spikkestad-Oslo S-Lillestrøm,L1,rail,VYG:ServiceJourney:2209_443598-R,True,actual,False,,,,,2026-08-23T08:19:38.971673+02:00
NSR:StopPlace:59654,Stabekk stasjon,2026-08-23T07:56:00+02:00,2026-08-23T07:56:34+02:00,2026-08-23T07:56:34+02:00,34.0,1,Lillestrøm,VYG:Line:L1,Spikkestad-Oslo S-Lillestrøm,L1,rail,VYG:ServiceJourney:2214_443606-R,True,actual,False,,,,,2026-08-23T08:19:38.971673+02:00
NSR:StopPlace:59952,Drammen stasjon,2026-08-23T07:47:00+02:00,2026-08-23T07:47:34+02:00,2026-08-23T07:47:34+02:00,34.0,1,Eidsvoll,VYG:Line:RE11,Eidsvoll-Oslo S-Skien,RE11,rail,VYG:ServiceJourney:806_444386-R,True,actual,False,Åpnet: Asker stasjon,"Asker stasjon er åpen for togtrafikk på alle spor igjen. Togene kjører, men det kan ta litt tid før de er i rute. Du må derfor regne med forsinkelser.",general,normal,2026-08-23T08:19:38.971673+02:00
NSR:StopPlace:60944,Ski stasjon,2026-08-23T06:46:00+02:00,2026-08-23T06:46:34+02:00,2026-08-23T06:46:34+02:00,34.0,1,Hebekk / Finstad,RUT:Line:525,Kråkstad - Ski - Kråkstad,525,bus,RUT:ServiceJourney:4f4dfbd6e79d085e124008023ca4693b,True,actual,False,,,,,2026-08-23T08:19:38.971673+02:00
NSR:StopPlace:59616,Asker stasjon,2026-08-23T07:49:00+02:00,2026-08-23T07:49:34+02:00,2026-08-23T07:49:34+02:00,34.0,1,Dal,VYG:Line:R13,Drammen-Oslo S-Dal,R13,rail,VYG:ServiceJourney:1613_443238-R,True,actual,False,Åpnet: Asker stasjon,"Asker stasjon er åpen for togtrafikk på alle spor igjen. Togene kjører, men det kan ta litt tid før de er i rute. Du må derfor regne med forsinkelser.",general,normal,2026-08-23T08:19:38.971673+02:00
NSR:StopPlace:59620,Grorud stasjon,2026-08-23T08:04:00+02:00,2026-08-23T08:04:34+02:00,2026-08-23T08:04:34+02:00,34.0,1,Åsbråten,RUT:Line:79,Grorud T - Åsbråten,79,bus,RUT:ServiceJourney:b1f6d2f497c8e6799acc1dd9d3d6b77f,True,actual,False,,,,,2026-08-23T08:19:38.971673+02:00
NSR:StopPlace:58947,Steinkjer stasjon,2026-08-23T07:34:00+02:00,2026-08-23T07:34:34+02:00,2026-08-23T07:34:34+02:00,34.0,1,Lundamo,SJN:Line:26,Trønderbanen,R70,rail,SJN:ServiceJourney:426_56055-R,True,actual,False,,,,,2026-08-23T08:19:38.971673+02:00
NSR:StopPlace:58795,Kambo stasjon,2026-08-23T08:00:00+02:00,2026-08-23T08:00:34+02:00,2026-08-23T08:00:34+02:00,34.0,1,Stabekk,VYG:Line:R21,Stabekk-Oslo S-Moss,R21,rail,VYG:ServiceJourney:1116-MOS_442991-R,True,actual,False,,,,,2026-08-23T08:19:38.971673+02:00
NSR:StopPlace:58853,Kolbotn stasjon,2026-08-23T08:07:00+02:00,2026-08-23T08:07:34+02:00,2026-08-23T08:07:34+02:00,34.0,1,Tårnåsen,RUT:Line:83,Jernbanetorget - Tårnåsen,83,bus,RUT:ServiceJourney:57f9c6299726284582d4407a353a4b27,True,actual,False,Linje 80E og 83 får Hausmanns bru som ny endeholdeplass fra 29. juni,"Bussene stopper ikke på Jernbanetorget etter 29. juni, men starter og stopper på Hausmanns bru i Nylandsveien.",incident,normal,2026-08-23T08:19:38.971673+02:00
NSR:StopPlace:62094,Lindeberg stasjon,2026-08-23T07:18:00+02:00,2026-08-23T07:18:34+02:00,2026-08-23T07:18:34+02:00,34.0,1,Drammen,VYG:Line:R13,Drammen-Oslo S-Dal,R13,rail,VYG:ServiceJourney:1610_443230-R,True,actual,False,,,,,2026-08-23T08:19:38.971673+02:00
NSR:StopPlace:59651,Skøyen stasjon,2026-08-23T05:17:00+02:00,2026-08-23T05:17:34+02:00,2026-08-23T05:17:34+02:00,34.0,1,Helsfyr T,RUT:Line:20,Skøyen - Galgeberg,20,bus,RUT:ServiceJourney:9a08d70be5e7b9e5638c8064633dff8f,True,actual,False,,,,,2026-08-23T06:25:28.795214+02:00
NSR:StopPlace:58796,Moss stasjon,2026-08-23T08:08:00+02:00,2026-08-23T08:08:33+02:00,2026-08-23T08:08:33+02:00,33.0,1,Oslo S,VYG:Line:RE20,Oslo S-Halden-Göteborg (X-Border),RE20,rail,VYG:ServiceJourney:108_442966-R,True,actual,False,,,,,2026-08-23T08:19:38.971673+02:00
NSR:StopPlace:58849,Hakadal stasjon,2026-08-23T08:01:00+02:00,2026-08-23T08:01:33+02:00,2026-08-23T08:01:33+02:00,33.0,1,Oslo S,VYG:Line:R31,Skøyen-Jaren-Gjøvik,R31,rail,VYG:ServiceJourney:206_443504-R,True,actual,False,,,,,2026-08-23T08:19:38.971673+02:00
NSR:StopPlace:58859,Nordby stasjon,2026-08-23T07:03:00+02:00,2026-08-23T07:03:33+02:00,2026-08-23T07:03:33+02:00,33.0,1,Drammen,VYG:Line:R13,Drammen-Oslo S-Dal,R13,rail,VYG:ServiceJourney:1610_443230-R,True,actual,False,,,,,2026-08-23T08:19:38.971673+02:00
NSR:StopPlace:58817,Eina stasjon,2026-08-23T06:56:00+02:00,2026-08-23T06:56:33+02:00,2026-08-23T06:56:33+02:00,33.0,1,Oslo S,VYG:Line:R31,Skøyen-Jaren-Gjøvik,R31,rail,VYG:ServiceJourney:206_443504-R,True,actual,False,,,,,2026-08-23T08:19:38.971673+02:00
NSR:StopPlace:59651,Skøyen stasjon,2026-08-23T05:11:00+02:00,2026-08-23T05:11:33+02:00,2026-08-23T05:11:33+02:00,33.0,1,Grorud T,RUT:Line:31,Snarøya - Fornebu - Tonsenhagen - Grorud,31,bus,RUT:ServiceJourney:9d5703f58b87fa4e255c8407cfb512ba,True,actual,False,,,,,2026-08-23T06:25:28.795214+02:00
NSR:StopPlace:58964,Kløfta stasjon,2026-08-23T06:18:00+02:00,2026-08-23T06:18:33+02:00,2026-08-23T06:18:33+02:00,33.0,1,Oslo lufthavn,RUT:Line:425,Kløfta – Oslo lufthavn,425,bus,RUT:ServiceJourney:d8f3b3b38e2cbb97eaaf745ade1fa7f7,True,actual,False,,,,,2026-08-23T06:25:28.795214+02:00
NSR:StopPlace:59649,Nydalen stasjon,2026-08-23T07:15:00+02:00,2026-08-23T07:15:32+02:00,2026-08-23T07:15:32+02:00,32.0,1,Gjøvik,VYG:Line:R31,Skøyen-Jaren-Gjøvik,R31,rail,VYG:ServiceJourney:205_443503-R,True,actual,False,,,,,2026-08-23T08:19:38.971673+02:00
NSR:StopPlace:59651,Skøyen stasjon,2026-08-23T07:10:00+02:00,2026-08-23T07:10:32+02:00,2026-08-23T07:10:32+02:00,32.0,1,Bekkestua via Østerås,RUT:Line:140,Bekkestua - Østerås - Skøyen,140,bus,RUT:ServiceJourney:872598e957c98e759f6263bedbc0e0cf,True,actual,False,,,,,2026-08-23T08:19:38.971673+02:00
NSR:StopPlace:60944,Ski stasjon,2026-08-23T08:02:00+02:00,2026-08-23T08:02:32+02:00,2026-08-23T08:02:32+02:00,32.0,1,Kråkstad,VYG:Line:R22,Skøyen-Oslo S-Mysen-Rakkestad,R22,rail,VYG:ServiceJourney:BUS-1907_588861-R,True,actual,False,,,,,2026-08-23T08:19:38.971673+02:00
NSR:StopPlace:59635,Hauketo stasjon,2026-08-23T08:13:00+02:00,2026-08-23T08:13:32+02:00,2026-08-23T08:13:32+02:00,32.0,1,Ski stasjon,RUT:Line:515,Ski - Oslo,515,bus,RUT:ServiceJourney:62d8a07273fcc7111aeed22277cc8f10,True,actual,False,,,,,2026-08-23T08:19:38.971673+02:00
NSR:StopPlace:58847,Frogner stasjon,2026-08-23T07:23:00+02:00,2026-08-23T07:23:32+02:00,2026-08-23T07:23:32+02:00,32.0,1,Drammen,VYG:Line:R13,Drammen-Oslo S-Dal,R13,rail,VYG:ServiceJourney:1610_443230-R,True,actual,False,,,,,2026-08-23T08:19:38.971673+02:00
NSR:StopPlace:58856,Lysaker stasjon,2026-08-23T07:41:00+02:00,2026-08-23T07:41:32+02:00,2026-08-23T07:41:32+02:00,32.0,1,Eidsvoll,VYG:Line:R12,Kongsberg-Oslo S-Eidsvoll,R12,rail,VYG:ServiceJourney:506_444299-R,True,actual,False,,,,,2026-08-23T08:19:38.971673+02:00
NSR:StopPlace:58851,Heggedal stasjon,2026-08-23T07:29:00+02:00,2026-08-23T07:29:32+02:00,2026-08-23T07:29:32+02:00,32.0,1,Rustadgrenda,RUT:Line:286,Rustadgrenda-Heggedal,286,bus,RUT:ServiceJourney:79856ad5e41b7354be05458e5d63a0e2,True,actual,False,,,,,2026-08-23T08:19:38.971673+02:00
NSR:StopPlace:58851,Heggedal stasjon,2026-08-23T07:59:00+02:00,2026-08-23T07:59:32+02:00,2026-08-23T07:59:32+02:00,32.0,1,Rustadgrenda,RUT:Line:286,Rustadgrenda-Heggedal,286,bus,RUT:ServiceJourney:02a1c82437a892d855f7a031db8d815a,True,actual,False,,,,,2026-08-23T08:19:38.971673+02:00
NSR:StopPlace:58867,Åneby stasjon,2026-08-23T08:07:00+02:00,2026-08-23T08:07:32+02:00,2026-08-23T08:07:32+02:00,32.0,1,Oslo S,VYG:Line:R31,Skøyen-Jaren-Gjøvik,R31,rail,VYG:ServiceJourney:206_443504-R,True,actual,False,,,,,2026-08-23T08:19:38.971673+02:00
NSR:StopPlace:58811,Moelv stasjon,2026-08-23T08:17:00+02:00,2026-08-23T08:17:32+02:00,2026-08-23T08:17:32+02:00,32.0,1,Eidsvoll,VYG:Line:RE10,Drammen-Oslo S-Lillehammer,RE10,rail,VYG:ServiceJourney:BUS-310_588896-R,True,actual,False,,,,,2026-08-23T08:19:38.971673+02:00
NSR:StopPlace:58828,Roa stasjon,2026-08-23T08:05:00+02:00,2026-08-23T08:05:32+02:00,2026-08-23T08:05:32+02:00,32.0,1,Gjøvik,VYG:Line:R31,Skøyen-Jaren-Gjøvik,R31,rail,VYG:ServiceJourney:205_443503-R,True,actual,False,,,,,2026-08-23T08:19:38.971673+02:00
NSR:StopPlace:398,Arna stasjon,2026-08-23T08:17:00+02:00,2026-08-23T08:17:32+02:00,2026-08-23T08:17:32+02:00,32.0,1,Oslo S,VYG:Line:F4,Oslo S-Bergen,F4,rail,VYG:ServiceJourney:62-BRG_444359-R,True,actual,False,,,,,2026-08-23T08:19:38.971673+02:00
NSR:StopPlace:62308,Alna stasjon,2026-08-23T07:18:00+02:00,2026-08-23T07:18:32+02:00,2026-08-23T07:18:32+02:00,32.0,1,Lillestrøm,VYG:Line:L1,Spikkestad-Oslo S-Lillestrøm,L1,rail,VYG:ServiceJourney:2210_443600-R,True,actual,False,,,,,2026-08-23T08:19:38.971673+02:00
NSR:StopPlace:59648,Kjelsås stasjon,2026-08-23T06:10:00+02:00,2026-08-23T06:10:32+02:00,2026-08-23T06:10:32+02:00,32.0,1,Kværnerbyen,RUT:Line:54,Kværnerbyen - Kjelsås stasjon,54,bus,RUT:ServiceJourney:f26e987d71f6493c568d7d662b8edbcc,True,actual,False,,,,,2026-08-23T06:25:28.795214+02:00
NSR:StopPlace:58817,Eina stasjon,2026-08-23T05:56:00+02:00,2026-08-23T05:56:32+02:00,2026-08-23T05:56:32+02:00,32.0,1,Oslo S,VYG:Line:R31,Skøyen-Jaren-Gjøvik,R31,rail,VYG:ServiceJourney:204_443502-R,True,actual,False,,,,,2026-08-23T06:25:28.795214+02:00
NSR:StopPlace:610,Sandvika stasjon,2026-08-23T06:00:00+02:00,2026-08-23T06:00:32+02:00,2026-08-23T06:00:32+02:00,32.0,1,Oslo Lufthavn,FLT:Line:FLY1,FLY1,FLY1,rail,FLT:ServiceJourney:1-2614-3711-20260823,True,actual,False,,,,,2026-08-23T06:25:28.795214+02:00
NSR:StopPlace:61315,Nerdrum stasjon,2026-08-23T07:38:00+02:00,2026-08-23T07:38:31+02:00,2026-08-23T07:38:31+02:00,31.0,1,Asker,VYG:Line:R14,Asker-Oslo S-Kongsvinger,R14,rail,VYG:ServiceJourney:1006_442911-R,True,actual,False,,,,,2026-08-23T08:19:38.971673+02:00
NSR:StopPlace:61897,Bryn stasjon,2026-08-23T08:15:00+02:00,2026-08-23T08:15:31+02:00,2026-08-23T08:15:31+02:00,31.0,1,Lillestrøm,VYG:Line:L1,Spikkestad-Oslo S-Lillestrøm,L1,rail,VYG:ServiceJourney:2214_443606-R,True,actual,False,,,,,2026-08-23T08:19:38.971673+02:00
NSR:StopPlace:59872,Oslo S,2026-08-23T08:16:00+02:00,2026-08-23T08:16:31+02:00,2026-08-23T08:16:31+02:00,31.0,1,Ski,VYG:Line:L2,Stabekk-Oslo S-Ski,L2,rail,VYG:ServiceJourney:2713-HVK_699742-R,True,actual,False,,,,,2026-08-23T08:19:38.971673+02:00
NSR:StopPlace:59649,Nydalen stasjon,2026-08-23T07:46:00+02:00,2026-08-23T07:46:31+02:00,2026-08-23T07:46:31+02:00,31.0,1,Lysaker,RUT:Line:23,Lysaker - Simensbråten,23,bus,RUT:ServiceJourney:2f8b037ce6406eef992c8014d480e765,True,actual,False,,,,,2026-08-23T08:19:38.971673+02:00
NSR:StopPlace:59643,Grefsen stasjon,2026-08-23T06:35:00+02:00,2026-08-23T06:35:31+02:00,2026-08-23T06:35:31+02:00,31.0,1,Gaustadalléen,RUT:Line:17,Rikshospitalet - Sinsen o/ Carl Berner,17,tram,RUT:ServiceJourney:c077b0ded2f5a35156edeeb5bef86ed6,True,actual,False,,,,,2026-08-23T08:19:38.971673+02:00
NSR:StopPlace:59643,Grefsen stasjon,2026-08-23T08:18:00+02:00,2026-08-23T08:18:31+02:00,2026-08-23T08:18:31+02:00,31.0,1,Gaustadalléen,RUT:Line:18,Grefsen st [4311] - Rikshospitalet,18,tram,RUT:ServiceJourney:639f96b18d1de64faad8279ba8f9651a,True,actual,False,,,,,2026-08-23T08:19:38.971673+02:00
NSR:StopPlace:59652,Tøyen stasjon,2026-08-23T07:09:00+02:00,2026-08-23T07:09:31+02:00,2026-08-23T07:09:31+02:00,31.0,1,Gjøvik,VYG:Line:R31,Skøyen-Jaren-Gjøvik,R31,rail,VYG:ServiceJourney:205_443503-R,True,actual,False,,,,,2026-08-23T08:19:38.971673+02:00
NSR:StopPlace:59654,Stabekk stasjon,2026-08-23T06:52:00+02:00,2026-08-23T06:52:31+02:00,2026-08-23T06:52:31+02:00,31.0,1,Nationaltheatret,RUT:Line:150,Gullhaug - Nationaltheatret,150,bus,RUT:ServiceJourney:4fe17789300603cc51b75486dafd1501,True,actual,False,,,,,2026-08-23T08:19:38.971673+02:00
NSR:StopPlace:58963,Jessheim stasjon,2026-08-23T07:07:00+02:00,2026-08-23T07:07:31+02:00,2026-08-23T07:07:31+02:00,31.0,1,Drammen,VYG:Line:R13,Drammen-Oslo S-Dal,R13,rail,VYG:ServiceJourney:1610_443230-R,True,actual,False,,,,,2026-08-23T08:19:38.971673+02:00
NSR:StopPlace:58844,Eidsvoll stasjon,2026-08-23T08:17:00+02:00,2026-08-23T08:17:31+02:00,2026-08-23T08:17:31+02:00,31.0,1,Lillehammer,VYG:Line:RE10,Drammen-Oslo S-Lillehammer,RE10,rail,VYG:ServiceJourney:BUS-307_588885-R,True,actual,False,,,,,2026-08-23T08:19:38.971673+02:00
NSR:StopPlace:58852,Høn stasjon,2026-08-23T08:06:00+02:00,2026-08-23T08:06:31+02:00,2026-08-23T08:06:31+02:00,31.0,1,Lillestrøm,VYG:Line:L1,Spikkestad-Oslo S-Lillestrøm,L1,rail,VYG:ServiceJourney:2216_443609-R,True,actual,False,,,,,2026-08-23T08:19:38.971673+02:00
NSR:StopPlace:58857,Lørenskog stasjon,2026-08-23T06:43:00+02:00,2026-08-23T06:43:31+02:00,2026-08-23T06:43:31+02:00,31.0,1,Stovner,RUT:Line:120,Nesåsen - Stovner,120,bus,RUT:ServiceJourney:bf4d48b9b1ea67707c2248474852bd90,True,actual,False,,,,,2026-08-23T08:19:38.971673+02:00
NSR:StopPlace:58851,Heggedal stasjon,2026-08-23T06:29:00+02:00,2026-08-23T06:29:31+02:00,2026-08-23T06:29:31+02:00,31.0,1,Rustadgrenda,RUT:Line:286,Rustadgrenda-Heggedal,286,bus,RUT:ServiceJourney:6a790eb4b4fe96eb92c43e4cd8e72ee0,True,actual,False,,,,,2026-08-23T08:19:38.971673+02:00
NSR:StopPlace:58866,Vevelstad stasjon,2026-08-23T08:04:00+02:00,2026-08-23T08:04:31+02:00,2026-08-23T08:04:31+02:00,31.0,1,Bøleråsen,RUT:Line:510,Bøleråsen - Ski - Ås - Drøbak,510,bus,RUT:ServiceJourney:570473be259bee7f5e05e813e732d35f,True,actual,False,,,,,2026-08-23T08:19:38.971673+02:00
NSR:StopPlace:398,Arna stasjon,2026-08-23T08:12:00+02:00,2026-08-23T08:12:31+02:00,2026-08-23T08:12:31+02:00,31.0,1,Bergen,VYG:Line:L4,Bergen-Arna,L4,rail,VYG:ServiceJourney:2613_443828-R,True,actual,False,,,,,2026-08-23T08:19:38.971673+02:00
NSR:StopPlace:62392,Slependen stasjon,2026-08-23T08:15:00+02:00,2026-08-23T08:15:31+02:00,2026-08-23T08:15:31+02:00,31.0,1,Lillestrøm,VYG:Line:L1,Spikkestad-Oslo S-Lillestrøm,L1,rail,VYG:ServiceJourney:2216_443609-R,True,actual,False,,,,,2026-08-23T08:19:38.971673+02:00
NSR:StopPlace:58211,Oslo lufthavn,2026-08-23T05:50:00+02:00,2026-08-23T05:50:31+02:00,2026-08-23T05:50:31+02:00,31.0,1,Drammen,FLT:Line:FLY1,FLY1,FLY1,rail,FLT:ServiceJourney:1-2614-3704-20260823,True,actual,False,,,,,2026-08-23T06:25:28.795214+02:00
NSR:StopPlace:59641,Fjellhamar stasjon,2026-08-23T07:03:00+02:00,2026-08-23T07:03:30+02:00,2026-08-23T07:03:30+02:00,30.0,1,Vallerudtoppen,RUT:Line:315,Vallerudtoppen - Ahus,315,bus,RUT:ServiceJourney:b17bec58812110e8eb7a48950df9bd85,True,actual,False,,,,,2026-08-23T08:19:38.971673+02:00
NSR:StopPlace:59654,Stabekk stasjon,2026-08-23T08:00:00+02:00,2026-08-23T08:00:30+02:00,2026-08-23T08:00:30+02:00,30.0,1,Ski,VYG:Line:L2,Stabekk-Oslo S-Ski,L2,rail,VYG:ServiceJourney:2713-HVK_699742-R,True,actual,False,,,,,2026-08-23T08:19:38.971673+02:00
NSR:StopPlace:59983,Bergen stasjon,2026-08-23T07:04:00+02:00,2026-08-23T07:04:30+02:00,2026-08-23T07:04:30+02:00,30.0,1,Myrdal,VYG:Line:R40,Bergen-Voss-Myrdal-Ål,R40,rail,VYG:ServiceJourney:1804_496767-R,True,actual,False,,,,,2026-08-23T08:19:38.971673+02:00
NSR:StopPlace:59635,Hauketo stasjon,2026-08-23T07:57:00+02:00,2026-08-23T07:57:30+02:00,2026-08-23T07:57:30+02:00,30.0,1,Åsbråten,RUT:Line:79,Grorud T - Åsbråten,79,bus,RUT:ServiceJourney:0ce0e4ccedaee72131356dc414c22ae1,True,actual,False,,,,,2026-08-23T08:19:38.971673+02:00
NSR:StopPlace:58830,Brakerøya stasjon,2026-08-23T08:08:00+02:00,2026-08-23T08:08:30+02:00,2026-08-23T08:08:30+02:00,30.0,1,Dal,VYG:Line:R13,Drammen-Oslo S-Dal,R13,rail,VYG:ServiceJourney:1615_443244-R,True,actual,False,,,,,2026-08-23T08:19:38.971673+02:00
NSR:StopPlace:58843,Blommenholm stasjon,2026-08-23T07:20:00+02:00,2026-08-23T07:20:30+02:00,2026-08-23T07:20:30+02:00,30.0,1,Lillestrøm,VYG:Line:L1,Spikkestad-Oslo S-Lillestrøm,L1,rail,VYG:ServiceJourney:2212_443603-R,True,actual,False,,,,,2026-08-23T08:19:38.971673+02:00
NSR:StopPlace:62339,Lillestrøm stasjon,2026-08-23T06:40:00+02:00,2026-08-23T06:40:30+02:00,2026-08-23T06:40:30+02:00,30.0,1,Spikkestad,VYG:Line:L1,Spikkestad-Oslo S-Lillestrøm,L1,rail,VYG:ServiceJourney:2209_443598-R,True,actual,False,Heis på Lillestrøm ute av drift,Heisen på Lillestrøm til spor 3 og 4 er ute av drift.,general,normal,2026-08-23T08:19:38.971673+02:00
NSR:StopPlace:59648,Kjelsås stasjon,2026-08-23T05:40:00+02:00,2026-08-23T05:40:30+02:00,2026-08-23T05:40:30+02:00,30.0,1,Kværnerbyen,RUT:Line:54,Kværnerbyen - Kjelsås stasjon,54,bus,RUT:ServiceJourney:d2c24595dcbcc2b304240d0d6f11295b,True,actual,False,,,,,2026-08-23T06:25:28.795214+02:00
NSR:StopPlace:58404,Nationaltheatret,2026-08-23T06:22:00+02:00,2026-08-23T06:22:30+02:00,2026-08-23T06:22:30+02:00,30.0,1,Grorud T,RUT:Line:31,Snarøya - Fornebu - Tonsenhagen - Grorud,31,bus,RUT:ServiceJourney:cc068a29c0810d0c9fb59fa71b682600,True,actual,False,,,,,2026-08-23T06:25:28.795214+02:00
NSR:StopPlace:58856,Lysaker stasjon,2026-08-23T06:06:00+02:00,2026-08-23T06:06:30+02:00,2026-08-23T06:06:30+02:00,30.0,1,Grorud T,RUT:Line:31,Snarøya - Fornebu - Tonsenhagen - Grorud,31,bus,RUT:ServiceJourney:cc068a29c0810d0c9fb59fa71b682600,True,actual,False,,,,,2026-08-23T06:25:28.795214+02:00
NSR:StopPlace:61897,Bryn stasjon,2026-08-23T07:45:00+02:00,2026-08-23T07:45:29+02:00,2026-08-23T07:45:29+02:00,29.0,1,Lillestrøm,VYG:Line:L1,Spikkestad-Oslo S-Lillestrøm,L1,rail,VYG:ServiceJourney:2212_443603-R,True,actual,False,,,,,2026-08-23T08:19:38.971673+02:00
NSR:StopPlace:61735,Hell stasjon,2026-08-23T07:34:00+02:00,2026-08-23T07:34:29+02:00,2026-08-23T07:34:29+02:00,29.0,1,Storlien,SJN:Line:72,Meråkerbanen,R71,rail,SJN:ServiceJourney:1303_53534-R,True,actual,False,,,,,2026-08-23T08:19:38.971673+02:00
NSR:StopPlace:60944,Ski stasjon,2026-08-23T07:54:00+02:00,2026-08-23T07:54:29+02:00,2026-08-23T07:54:29+02:00,29.0,1,Bøleråsen,RUT:Line:510,Bøleråsen - Ski - Ås - Drøbak,510,bus,RUT:ServiceJourney:570473be259bee7f5e05e813e732d35f,True,actual,False,,,,,2026-08-23T08:19:38.971673+02:00
NSR:StopPlace:58796,Moss stasjon,2026-08-23T07:54:00+02:00,2026-08-23T07:54:29+02:00,2026-08-23T07:54:29+02:00,29.0,1,Stabekk,VYG:Line:R21,Stabekk-Oslo S-Moss,R21,rail,VYG:ServiceJourney:1116-MOS_442991-R,True,actual,False,,,,,2026-08-23T08:19:38.971673+02:00
NSR:StopPlace:58865,Vestby stasjon,2026-08-23T07:24:00+02:00,2026-08-23T07:24:29+02:00,2026-08-23T07:24:29+02:00,29.0,1,Ski,VYG:Line:RE20,Oslo S-Halden-Göteborg (X-Border),RE20,rail,VYG:ServiceJourney:BUS-106_588846-R,True,actual,False,,,,,2026-08-23T08:19:38.971673+02:00
NSR:StopPlace:58873,Skoppum stasjon,2026-08-23T07:20:00+02:00,2026-08-23T07:20:29+02:00,2026-08-23T07:20:29+02:00,29.0,1,Eidsvoll,VYG:Line:RE11,Eidsvoll-Oslo S-Skien,RE11,rail,VYG:ServiceJourney:806_444386-R,True,actual,False,,,,,2026-08-23T08:19:38.971673+02:00
NSR:StopPlace:58826,Reinsvoll stasjon,2026-08-23T06:50:00+02:00,2026-08-23T06:50:29+02:00,2026-08-23T06:50:29+02:00,29.0,1,Oslo S,VYG:Line:R31,Skøyen-Jaren-Gjøvik,R31,rail,VYG:ServiceJourney:206_443504-R,True,actual,False,Heis på Reinsvoll ute av drift,Heisen på Reinsvoll til spor 1 og 2 er ute av drift.,general,normal,2026-08-23T08:19:38.971673+02:00
NSR:StopPlace:58211,Oslo lufthavn,2026-08-23T07:03:00+02:00,2026-08-23T07:03:29+02:00,2026-08-23T07:03:29+02:00,29.0,1,Drammen,VYG:Line:RE10,Drammen-Oslo S-Lillehammer,RE10,rail,VYG:ServiceJourney:304-EVL_520943-R,True,actual,False,,,,,2026-08-23T08:19:38.971673+02:00
NSR:StopPlace:364,Vaksdal stasjon,2026-08-23T08:16:00+02:00,2026-08-23T08:16:29+02:00,2026-08-23T08:16:29+02:00,29.0,1,Bergen,VYG:Line:R40,Bergen-Voss-Myrdal-Ål,R40,rail,VYG:ServiceJourney:1811_443397-R,True,actual,False,,,,,2026-08-23T08:19:38.971673+02:00
NSR:StopPlace:610,Sandvika stasjon,2026-08-23T06:39:00+02:00,2026-08-23T06:39:29+02:00,2026-08-23T06:39:29+02:00,29.0,1,Bergen,VYG:Line:F4,Oslo S-Bergen,F4,rail,VYG:ServiceJourney:61-LOD_504304-R,True,actual,False,Åpnet: Asker stasjon,"Asker stasjon er åpen for togtrafikk på alle spor igjen. Togene kjører, men det kan ta litt tid før de er i rute. Du må derfor regne med forsinkelser.",general,normal,2026-08-23T08:19:38.971673+02:00
NSR:StopPlace:59872,Oslo S,2026-08-23T06:00:00+02:00,2026-08-23T06:00:29+02:00,2026-08-23T06:00:29+02:00,29.0,1,Oslo Lufthavn,FLT:Line:FLY1,FLY1,FLY1,rail,FLT:ServiceJourney:1-2614-3709-20260823,True,actual,False,,,,,2026-08-23T06:25:28.795214+02:00
NSR:StopPlace:59872,Oslo S,2026-08-23T06:20:00+02:00,2026-08-23T06:20:29+02:00,2026-08-23T06:20:29+02:00,29.0,1,Oslo Lufthavn,FLT:Line:FLY1,FLY1,FLY1,rail,FLT:ServiceJourney:1-2614-3711-20260823,True,actual,False,,,,,2026-08-23T06:25:28.795214+02:00
NSR:StopPlace:59651,Skøyen stasjon,2026-08-23T06:09:00+02:00,2026-08-23T06:09:29+02:00,2026-08-23T06:09:29+02:00,29.0,1,Oslo Lufthavn,FLT:Line:FLY1,FLY1,FLY1,rail,FLT:ServiceJourney:1-2614-3711-20260823,True,actual,False,,,,,2026-08-23T06:25:28.795214+02:00
NSR:StopPlace:59649,Nydalen stasjon,2026-08-23T08:15:00+02:00,2026-08-23T08:15:28+02:00,2026-08-23T08:15:28+02:00,28.0,1,Gjøvik,VYG:Line:R31,Skøyen-Jaren-Gjøvik,R31,rail,VYG:ServiceJourney:207_443505-R,True,actual,False,,,,,2026-08-23T08:19:38.971673+02:00
NSR:StopPlace:59643,Grefsen stasjon,2026-08-23T06:38:00+02:00,2026-08-23T06:38:28+02:00,2026-08-23T06:38:28+02:00,28.0,1,Oslo lufthavn,NBU:Line:cb7b555c-f96e-42d5-84bf-a5e08c0145c2,Radiumhospitalet via Økern-Storo-Tåsen,FB3,bus,NBU:ServiceJourney:9d7c5d7e-fd86-44cd-8efe-6d4c69eeceeb,True,actual,False,,,,,2026-08-23T08:19:38.971673+02:00
NSR:StopPlace:59651,Skøyen stasjon,2026-08-23T07:09:00+02:00,2026-08-23T07:09:28+02:00,2026-08-23T07:09:28+02:00,28.0,1,Oslo Lufthavn,FLT:Line:FLY1,FLY1,FLY1,rail,FLT:ServiceJourney:1-2614-3717-20260823,True,actual,False,,,,,2026-08-23T08:19:38.971673+02:00
NSR:StopPlace:60944,Ski stasjon,2026-08-23T06:51:00+02:00,2026-08-23T06:51:28+02:00,2026-08-23T06:51:28+02:00,28.0,1,Kolbotn torg,RUT:Line:580,Kolbotn - Ski,580,bus,RUT:ServiceJourney:f109c299105e4b095c4a206017df654d,True,actual,False,,,,,2026-08-23T08:19:38.971673+02:00
NSR:StopPlace:60944,Ski stasjon,2026-08-23T07:12:00+02:00,2026-08-23T07:12:28+02:00,2026-08-23T07:12:28+02:00,28.0,1,Vinterbro,RUT:Line:520,Vinterbro - Ski stasjon,520,bus,RUT:ServiceJourney:c443c21373adcc7e3ae78d3ebca69344,True,actual,False,,,,,2026-08-23T08:19:38.971673+02:00
NSR:StopPlace:60944,Ski stasjon,2026-08-23T08:17:00+02:00,2026-08-23T08:17:28+02:00,2026-08-23T08:17:28+02:00,28.0,1,Ås,VYG:Line:R21,Stabekk-Oslo S-Moss,R21,rail,VYG:ServiceJourney:BUS-1113_588857-R,True,actual,False,,,,,2026-08-23T08:19:38.971673+02:00
NSR:StopPlace:58851,Heggedal stasjon,2026-08-23T06:24:00+02:00,2026-08-23T06:24:28+02:00,2026-08-23T06:24:28+02:00,28.0,1,Lillestrøm,VYG:Line:L1,Spikkestad-Oslo S-Lillestrøm,L1,rail,VYG:ServiceJourney:2210_443600-R,True,actual,False,,,,,2026-08-23T08:19:38.971673+02:00
NSR:StopPlace:58865,Vestby stasjon,2026-08-23T08:10:00+02:00,2026-08-23T08:10:28+02:00,2026-08-23T08:10:28+02:00,28.0,1,Stabekk,VYG:Line:R21,Stabekk-Oslo S-Moss,R21,rail,VYG:ServiceJourney:1116-MOS_442991-R,True,actual,False,,,,,2026-08-23T08:19:38.971673+02:00
NSR:StopPlace:58862,Strømmen stasjon,2026-08-23T06:45:00+02:00,2026-08-23T06:45:28+02:00,2026-08-23T06:45:28+02:00,28.0,1,Spikkestad,VYG:Line:L1,Spikkestad-Oslo S-Lillestrøm,L1,rail,VYG:ServiceJourney:2209_443598-R,True,actual,False,,,,,2026-08-23T08:19:38.971673+02:00
NSR:StopPlace:62339,Lillestrøm stasjon,2026-08-23T07:45:00+02:00,2026-08-23T07:45:28+02:00,2026-08-23T07:45:28+02:00,28.0,1,Lillehammer,VYG:Line:RE10,Drammen-Oslo S-Lillehammer,RE10,rail,VYG:ServiceJourney:307-SUD_520953-R,True,actual,False,Heis på Lillestrøm ute av drift | Forsinket,Heisen på Lillestrøm til spor 3 og 4 er ute av drift. | Toget kjørte 3 minutter forsinket fra Drammen. Dette skyldes en teknisk feil med toget.,general | incident,normal | normal,2026-08-23T08:19:38.971673+02:00
NSR:StopPlace:58839,Steinberg stasjon,2026-08-23T06:02:00+02:00,2026-08-23T06:02:28+02:00,2026-08-23T06:02:28+02:00,28.0,1,Eidsvoll,VYG:Line:R12,Kongsberg-Oslo S-Eidsvoll,R12,rail,VYG:ServiceJourney:504_444295-R,True,actual,False,,,,,2026-08-23T06:25:28.795214+02:00
NSR:StopPlace:62339,Lillestrøm stasjon,2026-08-23T05:50:00+02:00,2026-08-23T05:50:28+02:00,2026-08-23T05:50:28+02:00,28.0,1,Oslo Lufthavn,FLT:Line:FLY1,FLY1,FLY1,rail,FLT:ServiceJourney:1-2614-3707-20260823,True,actual,False,Heis på Lillestrøm ute av drift,Heisen på Lillestrøm til spor 3 og 4 er ute av drift.,general,normal,2026-08-23T06:25:28.795214+02:00
NSR:StopPlace:58853,Kolbotn stasjon,2026-08-23T04:46:00+02:00,2026-08-23T04:46:28+02:00,2026-08-23T04:46:28+02:00,28.0,1,Fløysbonn,RUT:Line:3983,Nationaltheatret - Fløysbonn,83N,bus,RUT:ServiceJourney:b708df38cc51d63c8f528ee06cadd721,True,actual,False,,,,,2026-08-23T04:52:42.669123+02:00
NSR:StopPlace:61326,Gulskogen stasjon,2026-08-23T08:12:00+02:00,2026-08-23T08:12:27+02:00,2026-08-23T08:12:27+02:00,27.0,1,Eidsvoll,VYG:Line:R12,Kongsberg-Oslo S-Eidsvoll,R12,rail,VYG:ServiceJourney:508_444301-R,True,actual,False,,,,,2026-08-23T08:19:38.971673+02:00
NSR:StopPlace:61897,Bryn stasjon,2026-08-23T07:35:00+02:00,2026-08-23T07:35:27+02:00,2026-08-23T07:35:27+02:00,27.0,1,Spikkestad,VYG:Line:L1,Spikkestad-Oslo S-Lillestrøm,L1,rail,VYG:ServiceJourney:2211_443602-R,True,actual,False,,,,,2026-08-23T08:19:38.971673+02:00
NSR:StopPlace:59872,Oslo S,2026-08-23T07:59:00+02:00,2026-08-23T07:59:27+02:00,2026-08-23T07:59:27+02:00,27.0,1,Asker,VYG:Line:R14,Asker-Oslo S-Kongsvinger,R14,rail,VYG:ServiceJourney:1006_442911-R,True,actual,False,,,,,2026-08-23T08:19:38.971673+02:00
NSR:StopPlace:59643,Grefsen stasjon,2026-08-23T07:35:00+02:00,2026-08-23T07:35:27+02:00,2026-08-23T07:35:27+02:00,27.0,1,Gaustadalléen,RUT:Line:17,Rikshospitalet - Sinsen o/ Carl Berner,17,tram,RUT:ServiceJourney:bdd3bcc119fb893c90c5fcde09baf71b,True,actual,False,,,,,2026-08-23T08:19:38.971673+02:00
NSR:StopPlace:60944,Ski stasjon,2026-08-23T07:45:00+02:00,2026-08-23T07:45:27+02:00,2026-08-23T07:45:27+02:00,27.0,1,Drøbak - Seiersten,RUT:Line:510,Bøleråsen - Ski - Ås - Drøbak,510,bus,RUT:ServiceJourney:5e08e518667cef221b52606fddb20578,True,actual,False,,,,,2026-08-23T08:19:38.971673+02:00
NSR:StopPlace:59639,Sonsveien stasjon,2026-08-23T08:04:00+02:00,2026-08-23T08:04:27+02:00,2026-08-23T08:04:27+02:00,27.0,1,Stabekk,VYG:Line:R21,Stabekk-Oslo S-Moss,R21,rail,VYG:ServiceJourney:1116-MOS_442991-R,True,actual,False,,,,,2026-08-23T08:19:38.971673+02:00
NSR:StopPlace:58840,Vestfossen stasjon,2026-08-23T08:06:00+02:00,2026-08-23T08:06:27+02:00,2026-08-23T08:06:27+02:00,27.0,1,Kongsberg,VYG:Line:R12,Kongsberg-Oslo S-Eidsvoll,R12,rail,VYG:ServiceJourney:505_444297-R,True,actual,False,,,,,2026-08-23T08:19:38.971673+02:00
NSR:StopPlace:62392,Slependen stasjon,2026-08-23T08:03:00+02:00,2026-08-23T08:03:27+02:00,2026-08-23T08:03:27+02:00,27.0,1,Spikkestad,VYG:Line:L1,Spikkestad-Oslo S-Lillestrøm,L1,rail,VYG:ServiceJourney:2211_443602-R,True,actual,False,,,,,2026-08-23T08:19:38.971673+02:00
NSR:StopPlace:59872,Oslo S,2026-08-23T07:29:00+02:00,2026-08-23T07:29:26+02:00,2026-08-23T07:29:26+02:00,26.0,1,Drammen,VYG:Line:RE10,Drammen-Oslo S-Lillehammer,RE10,rail,VYG:ServiceJourney:304-EVL_520943-R,True,actual,False,,,,,2026-08-23T08:19:38.971673+02:00
NSR:StopPlace:60736,Spikkestad stasjon,2026-08-23T07:16:00+02:00,2026-08-23T07:16:26+02:00,2026-08-23T07:16:26+02:00,26.0,1,Lillestrøm,VYG:Line:L1,Spikkestad-Oslo S-Lillestrøm,L1,rail,VYG:ServiceJourney:2214_443606-R,True,actual,False,,,,,2026-08-23T08:19:38.971673+02:00
NSR:StopPlace:59952,Drammen stasjon,2026-08-23T06:17:00+02:00,2026-08-23T06:17:26+02:00,2026-08-23T06:17:26+02:00,26.0,1,Eidsvoll,VYG:Line:R12,Kongsberg-Oslo S-Eidsvoll,R12,rail,VYG:ServiceJourney:504_444295-R,True,actual,False,Åpnet: Asker stasjon,"Asker stasjon er åpen for togtrafikk på alle spor igjen. Togene kjører, men det kan ta litt tid før de er i rute. Du må derfor regne med forsinkelser.",general,normal,2026-08-23T08:19:38.971673+02:00
NSR:StopPlace:60944,Ski stasjon,2026-08-23T06:42:00+02:00,2026-08-23T06:42:26+02:00,2026-08-23T06:42:26+02:00,26.0,1,Vinterbro,RUT:Line:520,Vinterbro - Ski stasjon,520,bus,RUT:ServiceJourney:c7ec89bb97bc7d773de4a16a0463667f,True,actual,False,,,,,2026-08-23T08:19:38.971673+02:00
NSR:StopPlace:59616,Asker stasjon,2026-08-23T07:39:00+02:00,2026-08-23T07:39:26+02:00,2026-08-23T07:39:26+02:00,26.0,1,Kongsvinger,VYG:Line:R14,Asker-Oslo S-Kongsvinger,R14,rail,VYG:ServiceJourney:1007_442912-R,True,actual,False,Åpnet: Asker stasjon,"Asker stasjon er åpen for togtrafikk på alle spor igjen. Togene kjører, men det kan ta litt tid før de er i rute. Du må derfor regne med forsinkelser.",general,normal,2026-08-23T08:19:38.971673+02:00
NSR:StopPlace:59635,Hauketo stasjon,2026-08-23T07:55:00+02:00,2026-08-23T07:55:26+02:00,2026-08-23T07:55:26+02:00,26.0,1,Holmlia stasjon,RUT:Line:77,Holmlia stasjon - Bjørndal,77,bus,RUT:ServiceJourney:82a08f1c463d1065009b6a3a64ca7ed2,True,actual,False,,,,,2026-08-23T08:19:38.971673+02:00
NSR:StopPlace:58857,Lørenskog stasjon,2026-08-23T07:43:00+02:00,2026-08-23T07:43:26+02:00,2026-08-23T07:43:26+02:00,26.0,1,Stovner,RUT:Line:120,Nesåsen - Stovner,120,bus,RUT:ServiceJourney:4b0acfb784dc96a772b6563b9db478e5,True,actual,False,,,,,2026-08-23T08:19:38.971673+02:00
NSR:StopPlace:58857,Lørenskog stasjon,2026-08-23T08:07:00+02:00,2026-08-23T08:07:26+02:00,2026-08-23T08:07:26+02:00,26.0,1,Nesåsen,RUT:Line:120,Nesåsen - Stovner,120,bus,RUT:ServiceJourney:d241b670d9dd64ab1da230ee734f4be3,True,actual,False,,,,,2026-08-23T08:19:38.971673+02:00
NSR:StopPlace:58865,Vestby stasjon,2026-08-23T06:40:00+02:00,2026-08-23T06:40:26+02:00,2026-08-23T06:40:26+02:00,26.0,1,Stabekk,VYG:Line:R21,Stabekk-Oslo S-Moss,R21,rail,VYG:ServiceJourney:1110-MOS_498445-R,True,actual,False,,,,,2026-08-23T08:19:38.971673+02:00
NSR:StopPlace:58866,Vevelstad stasjon,2026-08-23T07:34:00+02:00,2026-08-23T07:34:26+02:00,2026-08-23T07:34:26+02:00,26.0,1,Drøbak - Seiersten,RUT:Line:510,Bøleråsen - Ski - Ås - Drøbak,510,bus,RUT:ServiceJourney:5e08e518667cef221b52606fddb20578,True,actual,False,,,,,2026-08-23T08:19:38.971673+02:00
NSR:StopPlace:58876,Tønsberg stasjon,2026-08-23T07:09:00+02:00,2026-08-23T07:09:26+02:00,2026-08-23T07:09:26+02:00,26.0,1,Eidsvoll,VYG:Line:RE11,Eidsvoll-Oslo S-Skien,RE11,rail,VYG:ServiceJourney:806_444386-R,True,actual,False,,,,,2026-08-23T08:19:38.971673+02:00
NSR:StopPlace:58801,Sarpsborg stasjon,2026-08-23T07:27:00+02:00,2026-08-23T07:27:26+02:00,2026-08-23T07:27:26+02:00,26.0,1,Oslo S,VYG:Line:RE20,Oslo S-Halden-Göteborg (X-Border),RE20,rail,VYG:ServiceJourney:108_442966-R,True,actual,False,,,,,2026-08-23T08:19:38.971673+02:00
NSR:StopPlace:58817,Eina stasjon,2026-08-23T07:56:00+02:00,2026-08-23T07:56:26+02:00,2026-08-23T07:56:26+02:00,26.0,1,Oslo S,VYG:Line:R31,Skøyen-Jaren-Gjøvik,R31,rail,VYG:ServiceJourney:208_443506-R,True,actual,False,,,,,2026-08-23T08:19:38.971673+02:00
NSR:StopPlace:58826,Reinsvoll stasjon,2026-08-23T07:50:00+02:00,2026-08-23T07:50:26+02:00,2026-08-23T07:50:26+02:00,26.0,1,Oslo S,VYG:Line:R31,Skøyen-Jaren-Gjøvik,R31,rail,VYG:ServiceJourney:208_443506-R,True,actual,False,Heis på Reinsvoll ute av drift,Heisen på Reinsvoll til spor 1 og 2 er ute av drift.,general,normal,2026-08-23T08:19:38.971673+02:00
NSR:StopPlace:58211,Oslo lufthavn,2026-08-23T07:19:00+02:00,2026-08-23T07:19:26+02:00,2026-08-23T07:19:26+02:00,26.0,1,Eidsvoll,VYG:Line:R12,Kongsberg-Oslo S-Eidsvoll,R12,rail,VYG:ServiceJourney:504_444295-R,True,actual,False,,,,,2026-08-23T08:19:38.971673+02:00
NSR:StopPlace:101,Sagdalen stasjon,2026-08-23T06:43:00+02:00,2026-08-23T06:43:26+02:00,2026-08-23T06:43:26+02:00,26.0,1,Spikkestad,VYG:Line:L1,Spikkestad-Oslo S-Lillestrøm,L1,rail,VYG:ServiceJourney:2209_443598-R,True,actual,False,,,,,2026-08-23T08:19:38.971673+02:00
NSR:StopPlace:416,Vikhammer stasjon,2026-08-23T07:19:00+02:00,2026-08-23T07:19:26+02:00,2026-08-23T07:19:26+02:00,26.0,1,Storlien,SJN:Line:72,Meråkerbanen,R71,rail,SJN:ServiceJourney:1303_53534-R,True,actual,False,,,,,2026-08-23T08:19:38.971673+02:00
NSR:StopPlace:58404,Nationaltheatret,2026-08-23T06:13:00+02:00,2026-08-23T06:13:26+02:00,2026-08-23T06:13:26+02:00,26.0,1,Oslo Lufthavn,FLT:Line:FLY1,FLY1,FLY1,rail,FLT:ServiceJourney:1-2614-3711-20260823,True,actual,False,,,,,2026-08-23T06:25:28.795214+02:00
NSR:StopPlace:59651,Skøyen stasjon,2026-08-23T04:36:00+02:00,2026-08-23T04:36:26+02:00,2026-08-23T04:36:26+02:00,26.0,1,Fornebu,RUT:Line:31,Snarøya - Fornebu - Tonsenhagen - Grorud,31,bus,RUT:ServiceJourney:54f88cdc01cdedb48e4739a7ca67c1be,True,actual,False,,,,,2026-08-23T04:52:42.669123+02:00
NSR:StopPlace:58847,Frogner stasjon,2026-08-23T04:08:00+02:00,2026-08-23T04:08:26+02:00,2026-08-23T04:08:26+02:00,26.0,1,Oslo lufthavn,RUT:Line:425,Kløfta – Oslo lufthavn,425,bus,RUT:ServiceJourney:bcfc0444b6830fd2eaff343ea1d057ba,True,actual,False,,,,,2026-08-23T04:52:42.669123+02:00
NSR:StopPlace:59620,Grorud stasjon,2026-08-23T02:18:00+02:00,2026-08-23T02:18:26+02:00,2026-08-23T02:18:26+02:00,26.0,1,Vestli,RUT:Line:3905,Jernbanetorget - Vestli T,5N,bus,RUT:ServiceJourney:06db374a5c6261347443730f9dba0da0,True,actual,False,,,,,2026-08-23T02:32:00.800137+02:00
NSR:StopPlace:59635,Hauketo stasjon,2026-08-23T02:12:00+02:00,2026-08-23T02:12:26+02:00,2026-08-23T02:12:26+02:00,26.0,1,Nationaltheatret,RUT:Line:3981,Nationaltheatret - Ski,81N,bus,RUT:ServiceJourney:7cfa6f29dff61f12cad5905a2d02dec3,True,actual,False,,,,,2026-08-23T02:32:00.800137+02:00
NSR:StopPlace:59648,Kjelsås stasjon,2026-08-23T07:10:00+02:00,2026-08-23T07:10:25+02:00,2026-08-23T07:10:25+02:00,25.0,1,Kværnerbyen,RUT:Line:54,Kværnerbyen - Kjelsås stasjon,54,bus,RUT:ServiceJourney:24095e078b818e57e4623a3e00f1f5f2,True,actual,False,,,,,2026-08-23T08:19:38.971673+02:00
NSR:StopPlace:59641,Fjellhamar stasjon,2026-08-23T06:47:00+02:00,2026-08-23T06:47:25+02:00,2026-08-23T06:47:25+02:00,25.0,1,Spikkestad,VYG:Line:L1,Spikkestad-Oslo S-Lillestrøm,L1,rail,VYG:ServiceJourney:2209_443598-R,True,actual,False,,,,,2026-08-23T08:19:38.971673+02:00
NSR:StopPlace:59651,Skøyen stasjon,2026-08-23T07:38:00+02:00,2026-08-23T07:38:25+02:00,2026-08-23T07:38:25+02:00,25.0,1,Galgeberg,RUT:Line:20,Skøyen - Galgeberg,20,bus,RUT:ServiceJourney:6165b31a1f33ac33958c5fc820526129,True,actual,False,,,,,2026-08-23T08:19:38.971673+02:00
NSR:StopPlace:59983,Bergen stasjon,2026-08-23T07:57:00+02:00,2026-08-23T07:57:25+02:00,2026-08-23T07:57:25+02:00,25.0,1,Arna,VYG:Line:L4,Bergen-Arna,L4,rail,VYG:ServiceJourney:2612_443827-R,True,actual,False,,,,,2026-08-23T08:19:38.971673+02:00
NSR:StopPlace:60603,Kongsberg stasjon,2026-08-23T07:34:00+02:00,2026-08-23T07:34:25+02:00,2026-08-23T07:34:25+02:00,25.0,1,Eidsvoll,VYG:Line:R12,Kongsberg-Oslo S-Eidsvoll,R12,rail,VYG:ServiceJourney:508_444301-R,True,actual,False,,,,,2026-08-23T08:19:38.971673+02:00
NSR:StopPlace:59638,Myrvoll stasjon,2026-08-23T07:05:00+02:00,2026-08-23T07:05:25+02:00,2026-08-23T07:05:25+02:00,25.0,1,Filipstad,RUT:Line:81,Fornebu - Myrvoll stasjon,81,bus,RUT:ServiceJourney:cf7ed14dc1684673911c09bad660ec7e,True,actual,False,,,,,2026-08-23T08:19:38.971673+02:00
NSR:StopPlace:58813,Skarnes stasjon,2026-08-23T07:54:00+02:00,2026-08-23T07:54:25+02:00,2026-08-23T07:54:25+02:00,25.0,1,Asker,VYG:Line:R14,Asker-Oslo S-Kongsvinger,R14,rail,VYG:ServiceJourney:1008_442913-R,True,actual,False,,,,,2026-08-23T08:19:38.971673+02:00
NSR:StopPlace:58211,Oslo lufthavn,2026-08-23T08:13:00+02:00,2026-08-23T08:13:25+02:00,2026-08-23T08:13:25+02:00,25.0,1,Skien,VYG:Line:RE11,Eidsvoll-Oslo S-Skien,RE11,rail,VYG:ServiceJourney:809_444389-R,True,actual,False,,,,,2026-08-23T08:19:38.971673+02:00
NSR:StopPlace:62339,Lillestrøm stasjon,2026-08-23T08:15:00+02:00,2026-08-23T08:15:25+02:00,2026-08-23T08:15:25+02:00,25.0,1,Kongsvinger,VYG:Line:R14,Asker-Oslo S-Kongsvinger,R14,rail,VYG:ServiceJourney:1007_442912-R,True,actual,False,Heis på Lillestrøm ute av drift,Heisen på Lillestrøm til spor 3 og 4 er ute av drift.,general,normal,2026-08-23T08:19:38.971673+02:00
NSR:StopPlace:58884,Skien stasjon,2026-08-23T06:07:00+02:00,2026-08-23T06:07:25+02:00,2026-08-23T06:07:25+02:00,25.0,1,Eidsvoll,VYG:Line:RE11,Eidsvoll-Oslo S-Skien,RE11,rail,VYG:ServiceJourney:806_444386-R,True,actual,False,,,,,2026-08-23T06:25:28.795214+02:00
NSR:StopPlace:398,Arna stasjon,2026-08-23T02:12:00+02:00,2026-08-23T02:12:25+02:00,2026-08-23T02:12:25+02:00,25.0,1,Bergen,VYG:Line:L4,Bergen-Arna,L4,rail,VYG:ServiceJourney:2685_443904-R,True,actual,False,,,,,2026-08-23T02:32:00.800137+02:00
NSR:StopPlace:59648,Kjelsås stasjon,2026-08-23T07:40:00+02:00,2026-08-23T07:40:24+02:00,2026-08-23T07:40:24+02:00,24.0,1,Kværnerbyen,RUT:Line:54,Kværnerbyen - Kjelsås stasjon,54,bus,RUT:ServiceJourney:43fe3a439fb24189b46f6681c6ef8c30,True,actual,False,,,,,2026-08-23T08:19:38.971673+02:00
NSR:StopPlace:59651,Skøyen stasjon,2026-08-23T06:53:00+02:00,2026-08-23T06:53:24+02:00,2026-08-23T06:53:24+02:00,24.0,1,Galgeberg,RUT:Line:20,Skøyen - Galgeberg,20,bus,RUT:ServiceJourney:a983bdaacfabf491e712fc3154196be1,True,actual,False,,,,,2026-08-23T08:19:38.971673+02:00
NSR:StopPlace:59651,Skøyen stasjon,2026-08-23T07:10:00+02:00,2026-08-23T07:10:24+02:00,2026-08-23T07:10:24+02:00,24.0,1,Lilleaker,RUT:Line:3013,Buss for linje 13,13B,bus,RUT:ServiceJourney:3d75692e62c7c5f2e9e83d70800053be,True,actual,False,Linje 13: Buss for trikk mellom Thune og Lilleaker ,Vi kjører buss for trikk (linje 13B) mellom Thune og Lilleaker. Bussen stopper ikke på Sollerud. 13B betjener Thune fra midlertidig holdeplass i Drammensveien,incident,normal,2026-08-23T08:19:38.971673+02:00
NSR:StopPlace:59653,Haugenstua stasjon,2026-08-23T07:25:00+02:00,2026-08-23T07:25:24+02:00,2026-08-23T07:25:24+02:00,24.0,1,Spikkestad,VYG:Line:L1,Spikkestad-Oslo S-Lillestrøm,L1,rail,VYG:ServiceJourney:2211_443602-R,True,actual,False,,,,,2026-08-23T08:19:38.971673+02:00
NSR:StopPlace:60944,Ski stasjon,2026-08-23T06:45:00+02:00,2026-08-23T06:45:24+02:00,2026-08-23T06:45:24+02:00,24.0,1,Drøbak - Seiersten,RUT:Line:510,Bøleråsen - Ski - Ås - Drøbak,510,bus,RUT:ServiceJourney:a575c4290a869c56a6c0d37199e7dc87,True,actual,False,,,,,2026-08-23T08:19:38.971673+02:00
NSR:StopPlace:60053,Halden stasjon,2026-08-23T07:06:00+02:00,2026-08-23T07:06:24+02:00,2026-08-23T07:06:24+02:00,24.0,1,Oslo S,VYG:Line:RE20,Oslo S-Halden-Göteborg (X-Border),RE20,rail,VYG:ServiceJourney:108_442966-R,True,actual,False,,,,,2026-08-23T08:19:38.971673+02:00
NSR:StopPlace:59635,Hauketo stasjon,2026-08-23T07:35:00+02:00,2026-08-23T07:35:24+02:00,2026-08-23T07:35:24+02:00,24.0,1,Bjørndal,RUT:Line:77,Holmlia stasjon - Bjørndal,77,bus,RUT:ServiceJourney:28dd8e74182c50d16ec6b6b179e5bc15,True,actual,False,,,,,2026-08-23T08:19:38.971673+02:00
NSR:StopPlace:59638,Myrvoll stasjon,2026-08-23T08:05:00+02:00,2026-08-23T08:05:24+02:00,2026-08-23T08:05:24+02:00,24.0,1,Filipstad,RUT:Line:81,Fornebu - Myrvoll stasjon,81,bus,RUT:ServiceJourney:4b0f2fa629aaf46dd61b8fbcd15be762,True,actual,False,,,,,2026-08-23T08:19:38.971673+02:00
NSR:StopPlace:58952,Bodø stasjon,2026-08-23T07:32:00+02:00,2026-08-23T07:32:24+02:00,2026-08-23T07:32:24+02:00,24.0,1,Tverlandet,NOR:Line:12_8004,Tverlandet - Bodø sentrum - Løpsmarka,4,bus,NOR:ServiceJourney:8004_251012124900495_5002,True,actual,False,,,,,2026-08-23T08:19:38.971673+02:00
NSR:StopPlace:58856,Lysaker stasjon,2026-08-23T06:46:00+02:00,2026-08-23T06:46:24+02:00,2026-08-23T06:46:24+02:00,24.0,1,Oslo Lufthavn,FLT:Line:FLY1,FLY1,FLY1,rail,FLT:ServiceJourney:1-2614-3715-20260823,True,actual,False,,,,,2026-08-23T08:19:38.971673+02:00
NSR:StopPlace:58856,Lysaker stasjon,2026-08-23T06:48:00+02:00,2026-08-23T06:48:24+02:00,2026-08-23T06:48:24+02:00,24.0,1,Skøyen,RUT:Line:140,Bekkestua - Østerås - Skøyen,140,bus,RUT:ServiceJourney:bd589277cae182c513dc5fa108def1cf,True,actual,False,,,,,2026-08-23T08:19:38.971673+02:00
NSR:StopPlace:58872,Sandefjord stasjon,2026-08-23T07:47:00+02:00,2026-08-23T07:47:24+02:00,2026-08-23T07:47:24+02:00,24.0,1,Eidsvoll,VYG:Line:RE11,Eidsvoll-Oslo S-Skien,RE11,rail,VYG:ServiceJourney:808_444388-R,True,actual,False,,,,,2026-08-23T08:19:38.971673+02:00
NSR:StopPlace:62339,Lillestrøm stasjon,2026-08-23T07:10:00+02:00,2026-08-23T07:10:24+02:00,2026-08-23T07:10:24+02:00,24.0,1,Spikkestad,VYG:Line:L1,Spikkestad-Oslo S-Lillestrøm,L1,rail,VYG:ServiceJourney:2211_443602-R,True,actual,False,Heis på Lillestrøm ute av drift,Heisen på Lillestrøm til spor 3 og 4 er ute av drift.,general,normal,2026-08-23T08:19:38.971673+02:00
NSR:StopPlace:62339,Lillestrøm stasjon,2026-08-23T08:10:00+02:00,2026-08-23T08:10:24+02:00,2026-08-23T08:10:24+02:00,24.0,1,Spikkestad,VYG:Line:L1,Spikkestad-Oslo S-Lillestrøm,L1,rail,VYG:ServiceJourney:2215_443608-R,True,actual,False,Heis på Lillestrøm ute av drift,Heisen på Lillestrøm til spor 3 og 4 er ute av drift.,general,normal,2026-08-23T08:19:38.971673+02:00
NSR:StopPlace:59649,Nydalen stasjon,2026-08-23T05:46:00+02:00,2026-08-23T05:46:24+02:00,2026-08-23T05:46:24+02:00,24.0,1,Lysaker,RUT:Line:23,Lysaker - Simensbråten,23,bus,RUT:ServiceJourney:009302e8b4b705168b9c0d27b2a0335f,True,actual,False,,,,,2026-08-23T06:25:28.795214+02:00
NSR:StopPlace:58849,Hakadal stasjon,2026-08-23T06:01:00+02:00,2026-08-23T06:01:24+02:00,2026-08-23T06:01:24+02:00,24.0,1,Oslo S,VYG:Line:R31,Skøyen-Jaren-Gjøvik,R31,rail,VYG:ServiceJourney:202-JAH_488310-R,True,actual,False,,,,,2026-08-23T06:25:28.795214+02:00
NSR:StopPlace:59643,Grefsen stasjon,2026-08-23T04:38:00+02:00,2026-08-23T04:38:24+02:00,2026-08-23T04:38:24+02:00,24.0,1,Oslo lufthavn,NBU:Line:cb7b555c-f96e-42d5-84bf-a5e08c0145c2,Radiumhospitalet via Økern-Storo-Tåsen,FB3,bus,NBU:ServiceJourney:0e22b733-a412-4078-987f-4047b44fa091,True,actual,False,,,,,2026-08-23T04:52:42.669123+02:00
NSR:StopPlace:59651,Skøyen stasjon,2026-08-23T06:11:00+02:00,2026-08-23T06:11:23+02:00,2026-08-23T06:11:23+02:00,23.0,1,Grorud T,RUT:Line:31,Snarøya - Fornebu - Tonsenhagen - Grorud,31,bus,RUT:ServiceJourney:cc068a29c0810d0c9fb59fa71b682600,True,actual,False,,,,,2026-08-23T08:19:38.971673+02:00
NSR:StopPlace:59651,Skøyen stasjon,2026-08-23T07:23:00+02:00,2026-08-23T07:23:23+02:00,2026-08-23T07:23:23+02:00,23.0,1,Galgeberg,RUT:Line:20,Skøyen - Galgeberg,20,bus,RUT:ServiceJourney:ff20b4452862449e2b3ba4252e99ae14,True,actual,False,,,,,2026-08-23T08:19:38.971673+02:00
NSR:StopPlace:60944,Ski stasjon,2026-08-23T06:21:00+02:00,2026-08-23T06:21:23+02:00,2026-08-23T06:21:23+02:00,23.0,1,Kolbotn torg,RUT:Line:580,Kolbotn - Ski,580,bus,RUT:ServiceJourney:865f530168ad65ab5a9fd847a14251e8,True,actual,False,,,,,2026-08-23T08:19:38.971673+02:00
NSR:StopPlace:60944,Ski stasjon,2026-08-23T08:03:00+02:00,2026-08-23T08:03:23+02:00,2026-08-23T08:03:23+02:00,23.0,1,Vestby,VYG:Line:RE20,Oslo S-Halden-Göteborg (X-Border),RE20,rail,VYG:ServiceJourney:BUS-107_588849-R,True,actual,False,,,,,2026-08-23T08:19:38.971673+02:00
NSR:StopPlace:59636,Holmlia stasjon,2026-08-23T07:57:00+02:00,2026-08-23T07:57:23+02:00,2026-08-23T07:57:23+02:00,23.0,1,Bjørndal,RUT:Line:77,Holmlia stasjon - Bjørndal,77,bus,RUT:ServiceJourney:b6d12c41ba55c11801e683961d2c8828,True,actual,False,,,,,2026-08-23T08:19:38.971673+02:00
NSR:StopPlace:59636,Holmlia stasjon,2026-08-23T08:04:00+02:00,2026-08-23T08:04:23+02:00,2026-08-23T08:04:23+02:00,23.0,1,Åsbråten,RUT:Line:79,Grorud T - Åsbråten,79,bus,RUT:ServiceJourney:0ce0e4ccedaee72131356dc414c22ae1,True,actual,False,,,,,2026-08-23T08:19:38.971673+02:00
NSR:StopPlace:58963,Jessheim stasjon,2026-08-23T08:01:00+02:00,2026-08-23T08:01:23+02:00,2026-08-23T08:01:23+02:00,23.0,1,Oslo lufthavn,RUT:Line:440,Fenstad/Nordkisa - Oslo lufthavn,440,bus,RUT:ServiceJourney:e5331a34ca13b436246468ee18d286ba,True,actual,False,,,,,2026-08-23T08:19:38.971673+02:00
NSR:StopPlace:58964,Kløfta stasjon,2026-08-23T07:14:00+02:00,2026-08-23T07:14:23+02:00,2026-08-23T07:14:23+02:00,23.0,1,Drammen,VYG:Line:R13,Drammen-Oslo S-Dal,R13,rail,VYG:ServiceJourney:1610_443230-R,True,actual,False,,,,,2026-08-23T08:19:38.971673+02:00
NSR:StopPlace:58797,Mysen stasjon,2026-08-23T08:00:00+02:00,2026-08-23T08:00:23+02:00,2026-08-23T08:00:23+02:00,23.0,1,Oslo S,VYG:Line:R22,Skøyen-Oslo S-Mysen-Rakkestad,R22,rail,VYG:ServiceJourney:1910_443447-R,True,actual,False,,,,,2026-08-23T08:19:38.971673+02:00
NSR:StopPlace:58884,Skien stasjon,2026-08-23T07:09:00+02:00,2026-08-23T07:09:23+02:00,2026-08-23T07:09:23+02:00,23.0,1,Eidsvoll,VYG:Line:RE11,Eidsvoll-Oslo S-Skien,RE11,rail,VYG:ServiceJourney:808_444388-R,True,actual,False,,,,,2026-08-23T08:19:38.971673+02:00
NSR:StopPlace:58801,Sarpsborg stasjon,2026-08-23T07:13:00+02:00,2026-08-23T07:13:23+02:00,2026-08-23T07:13:23+02:00,23.0,1,Blessom,OST:Line:1_13,Kalnes - Blessom,13,bus,OST:ServiceJourney:13_260325121470854_802,True,actual,False,,,,,2026-08-23T08:19:38.971673+02:00
NSR:StopPlace:58211,Oslo lufthavn,2026-08-23T07:43:00+02:00,2026-08-23T07:43:23+02:00,2026-08-23T07:43:23+02:00,23.0,1,Kongsberg,VYG:Line:R12,Kongsberg-Oslo S-Eidsvoll,R12,rail,VYG:ServiceJourney:507_444300-R,True,actual,False,,,,,2026-08-23T08:19:38.971673+02:00
NSR:StopPlace:59958,Voss stasjon,2026-08-23T05:52:00+02:00,2026-08-23T05:52:23+02:00,2026-08-23T05:52:23+02:00,23.0,1,Bergen,VYG:Line:R40,Bergen-Voss-Myrdal-Ål,R40,rail,VYG:ServiceJourney:1807_481187-R,True,actual,False,,,,,2026-08-23T06:25:28.795214+02:00
NSR:StopPlace:58811,Moelv stasjon,2026-08-23T06:24:00+02:00,2026-08-23T06:24:23+02:00,2026-08-23T06:24:23+02:00,23.0,1,Eidsvoll,VYG:Line:RE10,Drammen-Oslo S-Lillehammer,RE10,rail,VYG:ServiceJourney:BUS-306_588877-R,True,actual,False,,,,,2026-08-23T06:25:28.795214+02:00
NSR:StopPlace:61326,Gulskogen stasjon,2026-08-23T06:12:00+02:00,2026-08-23T06:12:22+02:00,2026-08-23T06:12:22+02:00,22.0,1,Eidsvoll,VYG:Line:R12,Kongsberg-Oslo S-Eidsvoll,R12,rail,VYG:ServiceJourney:504_444295-R,True,actual,False,,,,,2026-08-23T08:19:38.971673+02:00
NSR:StopPlace:59641,Fjellhamar stasjon,2026-08-23T06:49:00+02:00,2026-08-23T06:49:22+02:00,2026-08-23T06:49:22+02:00,22.0,1,Ahus,RUT:Line:315,Vallerudtoppen - Ahus,315,bus,RUT:ServiceJourney:3e3d07203b0c7c3b176cfa6377dfe949,True,actual,False,,,,,2026-08-23T08:19:38.971673+02:00
NSR:StopPlace:59952,Drammen stasjon,2026-08-23T08:17:00+02:00,2026-08-23T08:17:22+02:00,2026-08-23T08:17:22+02:00,22.0,1,Eidsvoll,VYG:Line:R12,Kongsberg-Oslo S-Eidsvoll,R12,rail,VYG:ServiceJourney:508_444301-R,True,actual,False,,,,,2026-08-23T08:19:38.971673+02:00
NSR:StopPlace:59616,Asker stasjon,2026-08-23T06:35:00+02:00,2026-08-23T06:35:22+02:00,2026-08-23T06:35:22+02:00,22.0,1,Blakstad,RUT:Line:290,Asker - Blakstad,290,bus,RUT:ServiceJourney:6c565e052a251548f5f8a1b88984878d,True,actual,False,,,,,2026-08-23T08:19:38.971673+02:00
NSR:StopPlace:59616,Asker stasjon,2026-08-23T07:35:00+02:00,2026-08-23T07:35:22+02:00,2026-08-23T07:35:22+02:00,22.0,1,Blakstad,RUT:Line:290,Asker - Blakstad,290,bus,RUT:ServiceJourney:240e4e336855877737f1b08e65325c73,True,actual,False,,,,,2026-08-23T08:19:38.971673+02:00
NSR:StopPlace:58795,Kambo stasjon,2026-08-23T06:30:00+02:00,2026-08-23T06:30:22+02:00,2026-08-23T06:30:22+02:00,22.0,1,Stabekk,VYG:Line:R21,Stabekk-Oslo S-Moss,R21,rail,VYG:ServiceJourney:1110-MOS_498445-R,True,actual,False,,,,,2026-08-23T08:19:38.971673+02:00
NSR:StopPlace:58796,Moss stasjon,2026-08-23T06:53:00+02:00,2026-08-23T06:53:22+02:00,2026-08-23T06:53:22+02:00,22.0,1,Stabekk,VYG:Line:R21,Stabekk-Oslo S-Moss,R21,rail,VYG:ServiceJourney:1112-MOS_498449-R,True,actual,False,,,,,2026-08-23T08:19:38.971673+02:00
NSR:StopPlace:58853,Kolbotn stasjon,2026-08-23T07:43:00+02:00,2026-08-23T07:43:22+02:00,2026-08-23T07:43:22+02:00,22.0,1,Ski stasjon,RUT:Line:580,Kolbotn - Ski,580,bus,RUT:ServiceJourney:acbdad92bf9e1962a6eb7eb2e8c20745,True,actual,False,,,,,2026-08-23T08:19:38.971673+02:00
NSR:StopPlace:58864,Sørumsand stasjon,2026-08-23T07:29:00+02:00,2026-08-23T07:29:22+02:00,2026-08-23T07:29:22+02:00,22.0,1,Asker,VYG:Line:R14,Asker-Oslo S-Kongsvinger,R14,rail,VYG:ServiceJourney:1006_442911-R,True,actual,False,,,,,2026-08-23T08:19:38.971673+02:00
NSR:StopPlace:58876,Tønsberg stasjon,2026-08-23T08:09:00+02:00,2026-08-23T08:09:22+02:00,2026-08-23T08:09:22+02:00,22.0,1,Eidsvoll,VYG:Line:RE11,Eidsvoll-Oslo S-Skien,RE11,rail,VYG:ServiceJourney:808_444388-R,True,actual,False,,,,,2026-08-23T08:19:38.971673+02:00
NSR:StopPlace:398,Arna stasjon,2026-08-23T07:42:00+02:00,2026-08-23T07:42:22+02:00,2026-08-23T07:42:22+02:00,22.0,1,Bergen,VYG:Line:L4,Bergen-Arna,L4,rail,VYG:ServiceJourney:2611_443826-R,True,actual,False,,,,,2026-08-23T08:19:38.971673+02:00
NSR:StopPlace:59952,Drammen stasjon,2026-08-23T05:22:00+02:00,2026-08-23T05:22:22+02:00,2026-08-23T05:22:22+02:00,22.0,1,Oslo Lufthavn,FLT:Line:FLY1,FLY1,FLY1,rail,FLT:ServiceJourney:1-2614-3709-20260823,True,actual,False,,,,,2026-08-23T06:25:28.795214+02:00
NSR:StopPlace:60603,Kongsberg stasjon,2026-08-23T05:34:00+02:00,2026-08-23T05:34:22+02:00,2026-08-23T05:34:22+02:00,22.0,1,Eidsvoll,VYG:Line:R12,Kongsberg-Oslo S-Eidsvoll,R12,rail,VYG:ServiceJourney:504_444295-R,True,actual,False,,,,,2026-08-23T06:25:28.795214+02:00
NSR:StopPlace:58823,Jaren stasjon,2026-08-23T05:20:00+02:00,2026-08-23T05:20:22+02:00,2026-08-23T05:20:22+02:00,22.0,1,Oslo S,VYG:Line:R31,Skøyen-Jaren-Gjøvik,R31,rail,VYG:ServiceJourney:202-JAH_488310-R,True,actual,False,,,,,2026-08-23T06:25:28.795214+02:00
NSR:StopPlace:59648,Kjelsås stasjon,2026-08-23T07:18:00+02:00,2026-08-23T07:18:21+02:00,2026-08-23T07:18:21+02:00,21.0,1,Gjøvik,VYG:Line:R31,Skøyen-Jaren-Gjøvik,R31,rail,VYG:ServiceJourney:205_443503-R,True,actual,False,,,,,2026-08-23T08:19:38.971673+02:00
NSR:StopPlace:59652,Tøyen stasjon,2026-08-23T06:57:00+02:00,2026-08-23T06:57:21+02:00,2026-08-23T06:57:21+02:00,21.0,1,Tonsenhagen,RUT:Line:60,Vippetangen-Tonsenhagen,60,bus,RUT:ServiceJourney:936d3d1e551c19b096e62811cdb060e0,True,actual,False,,,,,2026-08-23T08:19:38.971673+02:00
NSR:StopPlace:60944,Ski stasjon,2026-08-23T08:18:00+02:00,2026-08-23T08:18:21+02:00,2026-08-23T08:18:21+02:00,21.0,1,Lillestrøm,RUT:Line:350,Lillestrøm - Ski,350,bus,RUT:ServiceJourney:1452770bc734365b789971f7644bc4d4,True,actual,False,Ruteendringer,Fra 17. august vil det være endringer på flere linjer. Benytt reiseplanleggeren for oppdaterte avgangstider om din reise.,general,normal,2026-08-23T08:19:38.971673+02:00
NSR:StopPlace:59983,Bergen stasjon,2026-08-23T07:27:00+02:00,2026-08-23T07:27:21+02:00,2026-08-23T07:27:21+02:00,21.0,1,Arna,VYG:Line:L4,Bergen-Arna,L4,rail,VYG:ServiceJourney:2610_443825-R,True,actual,False,,,,,2026-08-23T08:19:38.971673+02:00
NSR:StopPlace:59616,Asker stasjon,2026-08-23T08:05:00+02:00,2026-08-23T08:05:21+02:00,2026-08-23T08:05:21+02:00,21.0,1,Blakstad,RUT:Line:290,Asker - Blakstad,290,bus,RUT:ServiceJourney:ea3b968a667519f4ea764b235fb11083,True,actual,False,,,,,2026-08-23T08:19:38.971673+02:00
NSR:StopPlace:58850,Hauerseter stasjon,2026-08-23T07:00:00+02:00,2026-08-23T07:00:21+02:00,2026-08-23T07:00:21+02:00,21.0,1,Drammen,VYG:Line:R13,Drammen-Oslo S-Dal,R13,rail,VYG:ServiceJourney:1610_443230-R,True,actual,False,,,,,2026-08-23T08:19:38.971673+02:00
NSR:StopPlace:58860,Oppegård stasjon,2026-08-23T08:01:00+02:00,2026-08-23T08:01:21+02:00,2026-08-23T08:01:21+02:00,21.0,1,Ski stasjon,RUT:Line:580,Kolbotn - Ski,580,bus,RUT:ServiceJourney:acbdad92bf9e1962a6eb7eb2e8c20745,True,actual,False,,,,,2026-08-23T08:19:38.971673+02:00
NSR:StopPlace:58801,Sarpsborg stasjon,2026-08-23T08:13:00+02:00,2026-08-23T08:13:21+02:00,2026-08-23T08:13:21+02:00,21.0,1,Blessom,OST:Line:1_13,Kalnes - Blessom,13,bus,OST:ServiceJourney:13_260325121470856_804,True,actual,False,,,,,2026-08-23T08:19:38.971673+02:00
NSR:StopPlace:610,Sandvika stasjon,2026-08-23T07:40:00+02:00,2026-08-23T07:40:21+02:00,2026-08-23T07:40:21+02:00,21.0,1,Oslo Lufthavn,FLT:Line:FLY1,FLY1,FLY1,rail,FLT:ServiceJourney:1-2614-3721-20260823,True,actual,False,,,,,2026-08-23T08:19:38.971673+02:00
NSR:StopPlace:62339,Lillestrøm stasjon,2026-08-23T07:05:00+02:00,2026-08-23T07:05:21+02:00,2026-08-23T07:05:21+02:00,21.0,1,Eidsvoll,VYG:Line:R12,Kongsberg-Oslo S-Eidsvoll,R12,rail,VYG:ServiceJourney:504_444295-R,True,actual,False,Heis på Lillestrøm ute av drift,Heisen på Lillestrøm til spor 3 og 4 er ute av drift.,general,normal,2026-08-23T08:19:38.971673+02:00
NSR:StopPlace:59651,Skøyen stasjon,2026-08-23T05:47:00+02:00,2026-08-23T05:47:21+02:00,2026-08-23T05:47:21+02:00,21.0,1,Galgeberg,RUT:Line:20,Skøyen - Galgeberg,20,bus,RUT:ServiceJourney:a7c1a25f228899bf046ffdda2db7dba7,True,actual,False,,,,,2026-08-23T06:25:28.795214+02:00
NSR:StopPlace:58867,Åneby stasjon,2026-08-23T06:07:00+02:00,2026-08-23T06:07:21+02:00,2026-08-23T06:07:21+02:00,21.0,1,Oslo S,VYG:Line:R31,Skøyen-Jaren-Gjøvik,R31,rail,VYG:ServiceJourney:202-JAH_488310-R,True,actual,False,,,,,2026-08-23T06:25:28.795214+02:00
NSR:StopPlace:59649,Nydalen stasjon,2026-08-23T06:46:00+02:00,2026-08-23T06:46:20+02:00,2026-08-23T06:46:20+02:00,20.0,1,Lysaker,RUT:Line:23,Lysaker - Simensbråten,23,bus,RUT:ServiceJourney:d664e433f05c78b90f1007737e6bfee3,True,actual,False,,,,,2026-08-23T08:19:38.971673+02:00
NSR:StopPlace:59643,Grefsen stasjon,2026-08-23T07:49:00+02:00,2026-08-23T07:49:20+02:00,2026-08-23T07:49:20+02:00,20.0,1,Simensbråten,RUT:Line:23,Lysaker - Simensbråten,23,bus,RUT:ServiceJourney:96828aa95ab3455f19f904787ab7e688,True,actual,False,,,,,2026-08-23T08:19:38.971673+02:00
NSR:StopPlace:60944,Ski stasjon,2026-08-23T06:32:00+02:00,2026-08-23T06:32:20+02:00,2026-08-23T06:32:20+02:00,20.0,1,Oslo bussterminal,RUT:Line:515,Ski - Oslo,515,bus,RUT:ServiceJourney:4194d3ddc0d9157f17357baa4badde20,True,actual,False,,,,,2026-08-23T08:19:38.971673+02:00
NSR:StopPlace:59635,Hauketo stasjon,2026-08-23T07:33:00+02:00,2026-08-23T07:33:20+02:00,2026-08-23T07:33:20+02:00,20.0,1,Myrvoll stasjon,RUT:Line:81,Fornebu - Myrvoll stasjon,81,bus,RUT:ServiceJourney:dc0ace8fb038e78f6f80fcf3f27af34b,True,actual,False,,,,,2026-08-23T08:19:38.971673+02:00
NSR:StopPlace:59638,Myrvoll stasjon,2026-08-23T07:35:00+02:00,2026-08-23T07:35:20+02:00,2026-08-23T07:35:20+02:00,20.0,1,Filipstad,RUT:Line:81,Fornebu - Myrvoll stasjon,81,bus,RUT:ServiceJourney:bf8ae85384c1ca25f1071a2b977c74e1,True,actual,False,,,,,2026-08-23T08:19:38.971673+02:00
NSR:StopPlace:58964,Kløfta stasjon,2026-08-23T08:14:00+02:00,2026-08-23T08:14:20+02:00,2026-08-23T08:14:20+02:00,20.0,1,Dal,VYG:Line:R13,Drammen-Oslo S-Dal,R13,rail,VYG:ServiceJourney:1611_443232-R,True,actual,False,,,,,2026-08-23T08:19:38.971673+02:00
NSR:StopPlace:58856,Lysaker stasjon,2026-08-23T07:11:00+02:00,2026-08-23T07:11:20+02:00,2026-08-23T07:11:20+02:00,20.0,1,Fornebu,RUT:Line:31,Snarøya - Fornebu - Tonsenhagen - Grorud,31,bus,RUT:ServiceJourney:3f5cde0da0335b60da2bddc0e9f8718b,True,actual,False,,,,,2026-08-23T08:19:38.971673+02:00
NSR:StopPlace:58856,Lysaker stasjon,2026-08-23T07:26:00+02:00,2026-08-23T07:26:20+02:00,2026-08-23T07:26:20+02:00,20.0,1,Nationaltheatret,RUT:Line:150,Gullhaug - Nationaltheatret,150,bus,RUT:ServiceJourney:32fc28ee2c97e5fbd5617155e3b860d3,True,actual,False,,,,,2026-08-23T08:19:38.971673+02:00
NSR:StopPlace:58856,Lysaker stasjon,2026-08-23T07:39:00+02:00,2026-08-23T07:39:20+02:00,2026-08-23T07:39:20+02:00,20.0,1,Drammen,VYG:Line:RE10,Drammen-Oslo S-Lillehammer,RE10,rail,VYG:ServiceJourney:304-EVL_520943-R,True,actual,False,,,,,2026-08-23T08:19:38.971673+02:00
NSR:StopPlace:58862,Strømmen stasjon,2026-08-23T08:15:00+02:00,2026-08-23T08:15:20+02:00,2026-08-23T08:15:20+02:00,20.0,1,Spikkestad,VYG:Line:L1,Spikkestad-Oslo S-Lillestrøm,L1,rail,VYG:ServiceJourney:2215_443608-R,True,actual,False,,,,,2026-08-23T08:19:38.971673+02:00
NSR:StopPlace:59654,Stabekk stasjon,2026-08-23T06:56:00+02:00,2026-08-23T06:56:19+02:00,2026-08-23T06:56:19+02:00,19.0,1,Lillestrøm,VYG:Line:L1,Spikkestad-Oslo S-Lillestrøm,L1,rail,VYG:ServiceJourney:2210_443600-R,True,actual,False,,,,,2026-08-23T08:19:38.971673+02:00
NSR:StopPlace:60944,Ski stasjon,2026-08-23T07:32:00+02:00,2026-08-23T07:32:19+02:00,2026-08-23T07:32:19+02:00,19.0,1,Oslo bussterminal,RUT:Line:515,Ski - Oslo,515,bus,RUT:ServiceJourney:69c95e866601b85e29f219aa11b9ce8c,True,actual,False,,,,,2026-08-23T08:19:38.971673+02:00
NSR:StopPlace:58795,Kambo stasjon,2026-08-23T07:00:00+02:00,2026-08-23T07:00:19+02:00,2026-08-23T07:00:19+02:00,19.0,1,Stabekk,VYG:Line:R21,Stabekk-Oslo S-Moss,R21,rail,VYG:ServiceJourney:1112-MOS_498449-R,True,actual,False,,,,,2026-08-23T08:19:38.971673+02:00
NSR:StopPlace:58836,Mjøndalen stasjon,2026-08-23T07:53:00+02:00,2026-08-23T07:53:19+02:00,2026-08-23T07:53:19+02:00,19.0,1,Kongsberg,VYG:Line:R12,Kongsberg-Oslo S-Eidsvoll,R12,rail,VYG:ServiceJourney:505_444297-R,True,actual,False,,,,,2026-08-23T08:19:38.971673+02:00
NSR:StopPlace:58857,Lørenskog stasjon,2026-08-23T06:51:00+02:00,2026-08-23T06:51:19+02:00,2026-08-23T06:51:19+02:00,19.0,1,Spikkestad,VYG:Line:L1,Spikkestad-Oslo S-Lillestrøm,L1,rail,VYG:ServiceJourney:2209_443598-R,True,actual,False,,,,,2026-08-23T08:19:38.971673+02:00
NSR:StopPlace:58865,Vestby stasjon,2026-08-23T07:40:00+02:00,2026-08-23T07:40:19+02:00,2026-08-23T07:40:19+02:00,19.0,1,Stabekk,VYG:Line:R21,Stabekk-Oslo S-Moss,R21,rail,VYG:ServiceJourney:1114-MOS_498453-R,True,actual,False,,,,,2026-08-23T08:19:38.971673+02:00
NSR:StopPlace:58801,Sarpsborg stasjon,2026-08-23T06:23:00+02:00,2026-08-23T06:23:19+02:00,2026-08-23T06:23:19+02:00,19.0,1,Vestby,VYG:Line:RE20,Oslo S-Halden-Göteborg (X-Border),RE20,rail,VYG:ServiceJourney:106-HLD_504591-R,True,actual,False,,,,,2026-08-23T08:19:38.971673+02:00
NSR:StopPlace:58211,Oslo lufthavn,2026-08-23T07:13:00+02:00,2026-08-23T07:13:19+02:00,2026-08-23T07:13:19+02:00,19.0,1,Skien,VYG:Line:RE11,Eidsvoll-Oslo S-Skien,RE11,rail,VYG:ServiceJourney:807_444387-R,True,actual,False,,,,,2026-08-23T08:19:38.971673+02:00
NSR:StopPlace:610,Sandvika stasjon,2026-08-23T07:44:00+02:00,2026-08-23T07:44:19+02:00,2026-08-23T07:44:19+02:00,19.0,1,Drammen,VYG:Line:RE10,Drammen-Oslo S-Lillehammer,RE10,rail,VYG:ServiceJourney:304-EVL_520943-R,True,actual,False,Åpnet: Asker stasjon,"Asker stasjon er åpen for togtrafikk på alle spor igjen. Togene kjører, men det kan ta litt tid før de er i rute. Du må derfor regne med forsinkelser.",general,normal,2026-08-23T08:19:38.971673+02:00
NSR:StopPlace:610,Sandvika stasjon,2026-08-23T07:55:00+02:00,2026-08-23T07:55:19+02:00,2026-08-23T07:55:19+02:00,19.0,1,Dal,VYG:Line:R13,Drammen-Oslo S-Dal,R13,rail,VYG:ServiceJourney:1613_443238-R,True,actual,False,,,,,2026-08-23T08:19:38.971673+02:00
NSR:StopPlace:62339,Lillestrøm stasjon,2026-08-23T06:56:00+02:00,2026-08-23T06:56:19+02:00,2026-08-23T06:56:19+02:00,19.0,1,Kongsberg,VYG:Line:R12,Kongsberg-Oslo S-Eidsvoll,R12,rail,VYG:ServiceJourney:505_444297-R,True,actual,False,Heis på Lillestrøm ute av drift,Heisen på Lillestrøm til spor 3 og 4 er ute av drift.,general,normal,2026-08-23T08:19:38.971673+02:00
NSR:StopPlace:59952,Drammen stasjon,2026-08-23T04:42:00+02:00,2026-08-23T04:42:19+02:00,2026-08-23T04:42:19+02:00,19.0,1,Oslo Lufthavn,FLT:Line:FLY1,FLY1,FLY1,rail,FLT:ServiceJourney:1-2614-3705-20260823,True,actual,False,,,,,2026-08-23T04:52:42.669123+02:00
NSR:StopPlace:61464,Hvalstad stasjon,2026-08-23T07:40:00+02:00,2026-08-23T07:40:18+02:00,2026-08-23T07:40:18+02:00,18.0,1,Lillestrøm,VYG:Line:L1,Spikkestad-Oslo S-Lillestrøm,L1,rail,VYG:ServiceJourney:2214_443606-R,True,actual,False,,,,,2026-08-23T08:19:38.971673+02:00
NSR:StopPlace:41,Hanaborg stasjon,2026-08-23T06:49:00+02:00,2026-08-23T06:49:18+02:00,2026-08-23T06:49:18+02:00,18.0,1,Spikkestad,VYG:Line:L1,Spikkestad-Oslo S-Lillestrøm,L1,rail,VYG:ServiceJourney:2209_443598-R,True,actual,False,,,,,2026-08-23T08:19:38.971673+02:00
NSR:StopPlace:59872,Oslo S,2026-08-23T07:09:00+02:00,2026-08-23T07:09:18+02:00,2026-08-23T07:09:18+02:00,18.0,1,Kongsberg,VYG:Line:R12,Kongsberg-Oslo S-Eidsvoll,R12,rail,VYG:ServiceJourney:505_444297-R,True,actual,False,,,,,2026-08-23T08:19:38.971673+02:00
NSR:StopPlace:59647,Dal stasjon,2026-08-23T06:54:00+02:00,2026-08-23T06:54:18+02:00,2026-08-23T06:54:18+02:00,18.0,1,Drammen,VYG:Line:R13,Drammen-Oslo S-Dal,R13,rail,VYG:ServiceJourney:1610_443230-R,True,actual,False,,,,,2026-08-23T08:19:38.971673+02:00
NSR:StopPlace:59650,Nyland stasjon,2026-08-23T07:22:00+02:00,2026-08-23T07:22:18+02:00,2026-08-23T07:22:18+02:00,18.0,1,Oslo lufthavn,NBU:Line:cb7b555c-f96e-42d5-84bf-a5e08c0145c2,Radiumhospitalet via Økern-Storo-Tåsen,FB3,bus,NBU:ServiceJourney:7b1f4fad-f0d4-444f-93a5-deb16c645ddc,True,actual,False,,,,,2026-08-23T08:19:38.971673+02:00
NSR:StopPlace:59651,Skøyen stasjon,2026-08-23T06:46:00+02:00,2026-08-23T06:46:18+02:00,2026-08-23T06:46:18+02:00,18.0,1,Øvre Sogn,RUT:Line:40,Øvre Sogn - Skøyen,40,bus,RUT:ServiceJourney:e9de7f82a8cde54865812c78f07bfc6e,True,actual,False,,,,,2026-08-23T08:19:38.971673+02:00
NSR:StopPlace:60736,Spikkestad stasjon,2026-08-23T08:16:00+02:00,2026-08-23T08:16:18+02:00,2026-08-23T08:16:18+02:00,18.0,1,Lillestrøm,VYG:Line:L1,Spikkestad-Oslo S-Lillestrøm,L1,rail,VYG:ServiceJourney:2218_443612-R,True,actual,False,,,,,2026-08-23T08:19:38.971673+02:00
NSR:StopPlace:59952,Drammen stasjon,2026-08-23T08:02:00+02:00,2026-08-23T08:02:18+02:00,2026-08-23T08:02:18+02:00,18.0,1,Oslo Lufthavn,FLT:Line:FLY1,FLY1,FLY1,rail,FLT:ServiceJourney:1-2614-3725-20260823,True,actual,False,,,,,2026-08-23T08:19:38.971673+02:00
NSR:StopPlace:58795,Kambo stasjon,2026-08-23T07:30:00+02:00,2026-08-23T07:30:18+02:00,2026-08-23T07:30:18+02:00,18.0,1,Stabekk,VYG:Line:R21,Stabekk-Oslo S-Moss,R21,rail,VYG:ServiceJourney:1114-MOS_498453-R,True,actual,False,,,,,2026-08-23T08:19:38.971673+02:00
NSR:StopPlace:58843,Blommenholm stasjon,2026-08-23T07:58:00+02:00,2026-08-23T07:58:18+02:00,2026-08-23T07:58:18+02:00,18.0,1,Spikkestad,VYG:Line:L1,Spikkestad-Oslo S-Lillestrøm,L1,rail,VYG:ServiceJourney:2211_443602-R,True,actual,False,,,,,2026-08-23T08:19:38.971673+02:00
NSR:StopPlace:58845,Eidsvoll verk stasjon,2026-08-23T08:00:00+02:00,2026-08-23T08:00:18+02:00,2026-08-23T08:00:18+02:00,18.0,1,Eidsvoll st.,RUT:Line:430,Eidsvoll - Jessheim,430,bus,RUT:ServiceJourney:28dce1808df66e3a56097821e7d3026a,True,actual,False,,,,,2026-08-23T08:19:38.971673+02:00
NSR:StopPlace:610,Sandvika stasjon,2026-08-23T07:45:00+02:00,2026-08-23T07:45:18+02:00,2026-08-23T07:45:18+02:00,18.0,1,Kongsvinger,VYG:Line:R14,Asker-Oslo S-Kongsvinger,R14,rail,VYG:ServiceJourney:1007_442912-R,True,actual,False,,,,,2026-08-23T08:19:38.971673+02:00
NSR:StopPlace:666,Snippen stasjon,2026-08-23T07:25:00+02:00,2026-08-23T07:25:18+02:00,2026-08-23T07:25:18+02:00,18.0,1,Gjøvik,VYG:Line:R31,Skøyen-Jaren-Gjøvik,R31,rail,VYG:ServiceJourney:205_443503-R,True,actual,False,,,,,2026-08-23T08:19:38.971673+02:00
NSR:StopPlace:59649,Nydalen stasjon,2026-08-23T05:03:00+02:00,2026-08-23T05:03:18+02:00,2026-08-23T05:03:18+02:00,18.0,1,Oslo lufthavn,NBU:Line:cb7b555c-f96e-42d5-84bf-a5e08c0145c2,Radiumhospitalet via Økern-Storo-Tåsen,FB3,bus,NBU:ServiceJourney:f0f7dd2e-b62b-4186-9b42-9757efdb8612,True,actual,False,,,,,2026-08-23T06:25:28.795214+02:00
NSR:StopPlace:59638,Myrvoll stasjon,2026-08-23T05:35:00+02:00,2026-08-23T05:35:18+02:00,2026-08-23T05:35:18+02:00,18.0,1,Filipstad,RUT:Line:81,Fornebu - Myrvoll stasjon,81,bus,RUT:ServiceJourney:bf89b09cf2b420018ad9386fc0b30c6c,True,actual,False,,,,,2026-08-23T06:25:28.795214+02:00
NSR:StopPlace:58847,Frogner stasjon,2026-08-23T06:08:00+02:00,2026-08-23T06:08:18+02:00,2026-08-23T06:08:18+02:00,18.0,1,Oslo lufthavn,RUT:Line:425,Kløfta – Oslo lufthavn,425,bus,RUT:ServiceJourney:d8f3b3b38e2cbb97eaaf745ade1fa7f7,True,actual,False,,,,,2026-08-23T06:25:28.795214+02:00
NSR:StopPlace:58211,Oslo lufthavn,2026-08-23T05:30:00+02:00,2026-08-23T05:30:18+02:00,2026-08-23T05:30:18+02:00,18.0,1,Radiumhospitalet via Økern-Storo-Tåsen,NBU:Line:cb7b555c-f96e-42d5-84bf-a5e08c0145c2,Radiumhospitalet via Økern-Storo-Tåsen,FB3,bus,NBU:ServiceJourney:f807e8c9-0419-4952-a9bb-70d09ffd95cc,True,actual,False,,,,,2026-08-23T06:25:28.795214+02:00
NSR:StopPlace:59651,Skøyen stasjon,2026-08-23T04:47:00+02:00,2026-08-23T04:47:18+02:00,2026-08-23T04:47:18+02:00,18.0,1,Helsfyr T,RUT:Line:20,Skøyen - Galgeberg,20,bus,RUT:ServiceJourney:fc7009332db722cbd66b263c88cea37c,True,actual,False,,,,,2026-08-23T04:52:42.669123+02:00
NSR:StopPlace:59872,Oslo S,2026-08-23T07:39:00+02:00,2026-08-23T07:39:17+02:00,2026-08-23T07:39:17+02:00,17.0,1,Skien,VYG:Line:RE11,Eidsvoll-Oslo S-Skien,RE11,rail,VYG:ServiceJourney:807_444387-R,True,actual,False,,,,,2026-08-23T08:19:38.971673+02:00
NSR:StopPlace:59648,Kjelsås stasjon,2026-08-23T08:18:00+02:00,2026-08-23T08:18:17+02:00,2026-08-23T08:18:17+02:00,17.0,1,Gjøvik,VYG:Line:R31,Skøyen-Jaren-Gjøvik,R31,rail,VYG:ServiceJourney:207_443505-R,True,actual,False,,,,,2026-08-23T08:19:38.971673+02:00
NSR:StopPlace:60736,Spikkestad stasjon,2026-08-23T07:46:00+02:00,2026-08-23T07:46:17+02:00,2026-08-23T07:46:17+02:00,17.0,1,Lillestrøm,VYG:Line:L1,Spikkestad-Oslo S-Lillestrøm,L1,rail,VYG:ServiceJourney:2216_443609-R,True,actual,False,,,,,2026-08-23T08:19:38.971673+02:00
NSR:StopPlace:60944,Ski stasjon,2026-08-23T07:21:00+02:00,2026-08-23T07:21:17+02:00,2026-08-23T07:21:17+02:00,17.0,1,Kolbotn torg,RUT:Line:580,Kolbotn - Ski,580,bus,RUT:ServiceJourney:e66dc29c460162a499f0dac0c7912291,True,actual,False,,,,,2026-08-23T08:19:38.971673+02:00
NSR:StopPlace:59616,Asker stasjon,2026-08-23T07:34:00+02:00,2026-08-23T07:34:17+02:00,2026-08-23T07:34:17+02:00,17.0,1,Lillestrøm,VYG:Line:L1,Spikkestad-Oslo S-Lillestrøm,L1,rail,VYG:ServiceJourney:2214_443606-R,True,actual,False,Åpnet: Asker stasjon,"Asker stasjon er åpen for togtrafikk på alle spor igjen. Togene kjører, men det kan ta litt tid før de er i rute. Du må derfor regne med forsinkelser.",general,normal,2026-08-23T08:19:38.971673+02:00
NSR:StopPlace:59616,Asker stasjon,2026-08-23T08:14:00+02:00,2026-08-23T08:14:17+02:00,2026-08-23T08:14:17+02:00,17.0,1,Oslo Lufthavn,FLT:Line:FLY1,FLY1,FLY1,rail,FLT:ServiceJourney:1-2614-3725-20260823,True,actual,False,,,,,2026-08-23T08:19:38.971673+02:00
NSR:StopPlace:59635,Hauketo stasjon,2026-08-23T07:28:00+02:00,2026-08-23T07:28:17+02:00,2026-08-23T07:28:17+02:00,17.0,1,Filipstad,RUT:Line:81,Fornebu - Myrvoll stasjon,81,bus,RUT:ServiceJourney:cf7ed14dc1684673911c09bad660ec7e,True,actual,False,,,,,2026-08-23T08:19:38.971673+02:00
NSR:StopPlace:59635,Hauketo stasjon,2026-08-23T07:58:00+02:00,2026-08-23T07:58:17+02:00,2026-08-23T07:58:17+02:00,17.0,1,Filipstad,RUT:Line:81,Fornebu - Myrvoll stasjon,81,bus,RUT:ServiceJourney:bf8ae85384c1ca25f1071a2b977c74e1,True,actual,False,,,,,2026-08-23T08:19:38.971673+02:00
NSR:StopPlace:59636,Holmlia stasjon,2026-08-23T06:55:00+02:00,2026-08-23T06:55:17+02:00,2026-08-23T06:55:17+02:00,17.0,1,Grorud T,RUT:Line:79,Grorud T - Åsbråten,79,bus,RUT:ServiceJourney:06ad62066ee553cc9b483f3f3ab0e381,True,actual,False,,,,,2026-08-23T08:19:38.971673+02:00
NSR:StopPlace:58856,Lysaker stasjon,2026-08-23T06:26:00+02:00,2026-08-23T06:26:17+02:00,2026-08-23T06:26:17+02:00,17.0,1,Skøyen,RUT:Line:130,Sandvika -Skøyen,130,bus,RUT:ServiceJourney:7d9eb061248333f5d40481d947f977ed,True,actual,False,,,,,2026-08-23T08:19:38.971673+02:00
NSR:StopPlace:58867,Åneby stasjon,2026-08-23T07:36:00+02:00,2026-08-23T07:36:17+02:00,2026-08-23T07:36:17+02:00,17.0,1,Gjøvik,VYG:Line:R31,Skøyen-Jaren-Gjøvik,R31,rail,VYG:ServiceJourney:205_443503-R,True,actual,False,,,,,2026-08-23T08:19:38.971673+02:00
NSR:StopPlace:62393,Billingstad stasjon,2026-08-23T07:43:00+02:00,2026-08-23T07:43:17+02:00,2026-08-23T07:43:17+02:00,17.0,1,Lillestrøm,VYG:Line:L1,Spikkestad-Oslo S-Lillestrøm,L1,rail,VYG:ServiceJourney:2214_443606-R,True,actual,False,,,,,2026-08-23T08:19:38.971673+02:00
NSR:StopPlace:59651,Skøyen stasjon,2026-08-23T06:08:00+02:00,2026-08-23T06:08:17+02:00,2026-08-23T06:08:17+02:00,17.0,1,Galgeberg,RUT:Line:20,Skøyen - Galgeberg,20,bus,RUT:ServiceJourney:6b892dac987044f14fcc2baaea41d5a1,True,actual,False,,,,,2026-08-23T06:25:28.795214+02:00
NSR:StopPlace:59616,Asker stasjon,2026-08-23T05:14:00+02:00,2026-08-23T05:14:17+02:00,2026-08-23T05:14:17+02:00,17.0,1,Oslo Lufthavn,FLT:Line:FLY1,FLY1,FLY1,rail,FLT:ServiceJourney:1-2614-3707-20260823,True,actual,False,,,,,2026-08-23T06:25:28.795214+02:00
NSR:StopPlace:59616,Asker stasjon,2026-08-23T06:05:00+02:00,2026-08-23T06:05:17+02:00,2026-08-23T06:05:17+02:00,17.0,1,Blakstad,RUT:Line:290,Asker - Blakstad,290,bus,RUT:ServiceJourney:5c98aa53b500fe75f3e2ae95b678ee8c,True,actual,False,,,,,2026-08-23T06:25:28.795214+02:00
NSR:StopPlace:59636,Holmlia stasjon,2026-08-23T06:25:00+02:00,2026-08-23T06:25:17+02:00,2026-08-23T06:25:17+02:00,17.0,1,Grorud T,RUT:Line:79,Grorud T - Åsbråten,79,bus,RUT:ServiceJourney:83d7f2d2588b5afefa47dfcded46b9d1,True,actual,False,,,,,2026-08-23T06:25:28.795214+02:00
NSR:StopPlace:62339,Lillestrøm stasjon,2026-08-23T06:10:00+02:00,2026-08-23T06:10:17+02:00,2026-08-23T06:10:17+02:00,17.0,1,Oslo Lufthavn,FLT:Line:FLY1,FLY1,FLY1,rail,FLT:ServiceJourney:1-2614-3709-20260823,True,actual,False,Heis på Lillestrøm ute av drift,Heisen på Lillestrøm til spor 3 og 4 er ute av drift.,general,normal,2026-08-23T06:25:28.795214+02:00
NSR:StopPlace:59952,Drammen stasjon,2026-08-23T04:02:00+02:00,2026-08-23T04:02:17+02:00,2026-08-23T04:02:17+02:00,17.0,1,Oslo Lufthavn,FLT:Line:FLY1,FLY1,FLY1,rail,FLT:ServiceJourney:1-2614-3701-20260823,True,actual,False,,,,,2026-08-23T04:52:42.669123+02:00
NSR:StopPlace:61464,Hvalstad stasjon,2026-08-23T07:10:00+02:00,2026-08-23T07:10:16+02:00,2026-08-23T07:10:16+02:00,16.0,1,Lillestrøm,VYG:Line:L1,Spikkestad-Oslo S-Lillestrøm,L1,rail,VYG:ServiceJourney:2212_443603-R,True,actual,False,,,,,2026-08-23T08:19:38.971673+02:00
NSR:StopPlace:59649,Nydalen stasjon,2026-08-23T08:16:00+02:00,2026-08-23T08:16:16+02:00,2026-08-23T08:16:16+02:00,16.0,1,Simensbråten,RUT:Line:23,Lysaker - Simensbråten,23,bus,RUT:ServiceJourney:b921d30977b091523c9383c36d601155,True,actual,False,,,,,2026-08-23T08:19:38.971673+02:00
NSR:StopPlace:59641,Fjellhamar stasjon,2026-08-23T08:17:00+02:00,2026-08-23T08:17:16+02:00,2026-08-23T08:17:16+02:00,16.0,1,Spikkestad,VYG:Line:L1,Spikkestad-Oslo S-Lillestrøm,L1,rail,VYG:ServiceJourney:2215_443608-R,True,actual,False,,,,,2026-08-23T08:19:38.971673+02:00
NSR:StopPlace:59643,Grefsen stasjon,2026-08-23T07:08:00+02:00,2026-08-23T07:08:16+02:00,2026-08-23T07:08:16+02:00,16.0,1,Oslo lufthavn,NBU:Line:cb7b555c-f96e-42d5-84bf-a5e08c0145c2,Radiumhospitalet via Økern-Storo-Tåsen,FB3,bus,NBU:ServiceJourney:7b1f4fad-f0d4-444f-93a5-deb16c645ddc,True,actual,False,,,,,2026-08-23T08:19:38.971673+02:00
NSR:StopPlace:59952,Drammen stasjon,2026-08-23T07:42:00+02:00,2026-08-23T07:42:16+02:00,2026-08-23T07:42:16+02:00,16.0,1,Oslo Lufthavn,FLT:Line:FLY1,FLY1,FLY1,rail,FLT:ServiceJourney:1-2614-3723-20260823,True,actual,False,,,,,2026-08-23T08:19:38.971673+02:00
NSR:StopPlace:59616,Asker stasjon,2026-08-23T07:05:00+02:00,2026-08-23T07:05:16+02:00,2026-08-23T07:05:16+02:00,16.0,1,Blakstad,RUT:Line:290,Asker - Blakstad,290,bus,RUT:ServiceJourney:adc477459fd1b4d42d78227210c2f873,True,actual,False,,,,,2026-08-23T08:19:38.971673+02:00
NSR:StopPlace:59616,Asker stasjon,2026-08-23T08:10:00+02:00,2026-08-23T08:10:16+02:00,2026-08-23T08:10:16+02:00,16.0,1,Drammen,VYG:Line:R13,Drammen-Oslo S-Dal,R13,rail,VYG:ServiceJourney:1610_443230-R,True,actual,False,,,,,2026-08-23T08:19:38.971673+02:00
NSR:StopPlace:59636,Holmlia stasjon,2026-08-23T07:27:00+02:00,2026-08-23T07:27:16+02:00,2026-08-23T07:27:16+02:00,16.0,1,Bjørndal,RUT:Line:77,Holmlia stasjon - Bjørndal,77,bus,RUT:ServiceJourney:28dd8e74182c50d16ec6b6b179e5bc15,True,actual,False,,,,,2026-08-23T08:19:38.971673+02:00
NSR:StopPlace:58963,Jessheim stasjon,2026-08-23T07:58:00+02:00,2026-08-23T07:58:16+02:00,2026-08-23T07:58:16+02:00,16.0,1,Fenstad,RUT:Line:440,Fenstad/Nordkisa - Oslo lufthavn,440,bus,RUT:ServiceJourney:311664822a0644e4ef5a9a619396a313,True,actual,False,,,,,2026-08-23T08:19:38.971673+02:00
NSR:StopPlace:58796,Moss stasjon,2026-08-23T07:24:00+02:00,2026-08-23T07:24:16+02:00,2026-08-23T07:24:16+02:00,16.0,1,Stabekk,VYG:Line:R21,Stabekk-Oslo S-Moss,R21,rail,VYG:ServiceJourney:1114-MOS_498453-R,True,actual,False,,,,,2026-08-23T08:19:38.971673+02:00
NSR:StopPlace:58836,Mjøndalen stasjon,2026-08-23T08:05:00+02:00,2026-08-23T08:05:16+02:00,2026-08-23T08:05:16+02:00,16.0,1,Eidsvoll,VYG:Line:R12,Kongsberg-Oslo S-Eidsvoll,R12,rail,VYG:ServiceJourney:508_444301-R,True,actual,False,,,,,2026-08-23T08:19:38.971673+02:00
NSR:StopPlace:58839,Steinberg stasjon,2026-08-23T07:56:00+02:00,2026-08-23T07:56:16+02:00,2026-08-23T07:56:16+02:00,16.0,1,Kongsberg,VYG:Line:R12,Kongsberg-Oslo S-Eidsvoll,R12,rail,VYG:ServiceJourney:505_444297-R,True,actual,False,,,,,2026-08-23T08:19:38.971673+02:00
NSR:StopPlace:58856,Lysaker stasjon,2026-08-23T06:26:00+02:00,2026-08-23T06:26:16+02:00,2026-08-23T06:26:16+02:00,16.0,1,Oslo Lufthavn,FLT:Line:FLY1,FLY1,FLY1,rail,FLT:ServiceJourney:1-2614-3713-20260823,True,actual,False,,,,,2026-08-23T08:19:38.971673+02:00
NSR:StopPlace:58856,Lysaker stasjon,2026-08-23T07:06:00+02:00,2026-08-23T07:06:16+02:00,2026-08-23T07:06:16+02:00,16.0,1,Oslo Lufthavn,FLT:Line:FLY1,FLY1,FLY1,rail,FLT:ServiceJourney:1-2614-3717-20260823,True,actual,False,,,,,2026-08-23T08:19:38.971673+02:00
NSR:StopPlace:58865,Vestby stasjon,2026-08-23T07:24:00+02:00,2026-08-23T07:24:16+02:00,2026-08-23T07:24:16+02:00,16.0,1,Oslo S,VYG:Line:RE20,Oslo S-Halden-Göteborg (X-Border),RE20,rail,VYG:ServiceJourney:BUS-106_588847-R,True,actual,False,,,,,2026-08-23T08:19:38.971673+02:00
NSR:StopPlace:58211,Oslo lufthavn,2026-08-23T06:43:00+02:00,2026-08-23T06:43:16+02:00,2026-08-23T06:43:16+02:00,16.0,1,Kongsberg,VYG:Line:R12,Kongsberg-Oslo S-Eidsvoll,R12,rail,VYG:ServiceJourney:505_444297-R,True,actual,False,,,,,2026-08-23T08:19:38.971673+02:00
NSR:StopPlace:610,Sandvika stasjon,2026-08-23T08:00:00+02:00,2026-08-23T08:00:16+02:00,2026-08-23T08:00:16+02:00,16.0,1,Oslo Lufthavn,FLT:Line:FLY1,FLY1,FLY1,rail,FLT:ServiceJourney:1-2614-3723-20260823,True,actual,False,,,,,2026-08-23T08:19:38.971673+02:00
NSR:StopPlace:610,Sandvika stasjon,2026-08-23T08:15:00+02:00,2026-08-23T08:15:16+02:00,2026-08-23T08:15:16+02:00,16.0,1,Lillehammer,VYG:Line:RE10,Drammen-Oslo S-Lillehammer,RE10,rail,VYG:ServiceJourney:309-SUD_520964-R,True,actual,False,,,,,2026-08-23T08:19:38.971673+02:00
NSR:StopPlace:59952,Drammen stasjon,2026-08-23T06:02:00+02:00,2026-08-23T06:02:16+02:00,2026-08-23T06:02:16+02:00,16.0,1,Oslo Lufthavn,FLT:Line:FLY1,FLY1,FLY1,rail,FLT:ServiceJourney:1-2614-3713-20260823,True,actual,False,,,,,2026-08-23T06:25:28.795214+02:00
NSR:StopPlace:58836,Mjøndalen stasjon,2026-08-23T06:05:00+02:00,2026-08-23T06:05:16+02:00,2026-08-23T06:05:16+02:00,16.0,1,Eidsvoll,VYG:Line:R12,Kongsberg-Oslo S-Eidsvoll,R12,rail,VYG:ServiceJourney:504_444295-R,True,actual,False,,,,,2026-08-23T06:25:28.795214+02:00
NSR:StopPlace:58856,Lysaker stasjon,2026-08-23T06:06:00+02:00,2026-08-23T06:06:16+02:00,2026-08-23T06:06:16+02:00,16.0,1,Oslo Lufthavn,FLT:Line:FLY1,FLY1,FLY1,rail,FLT:ServiceJourney:1-2614-3711-20260823,True,actual,False,,,,,2026-08-23T06:25:28.795214+02:00
NSR:StopPlace:60944,Ski stasjon,2026-08-23T04:03:00+02:00,2026-08-23T04:03:16+02:00,2026-08-23T04:03:16+02:00,16.0,1,Ødegården,RUT:Line:3981,Nationaltheatret - Ski,81N,bus,RUT:ServiceJourney:7aac6052269df3d5b071e4b705064a0d,True,actual,False,,,,,2026-08-23T04:52:42.669123+02:00
NSR:StopPlace:59952,Drammen stasjon,2026-08-23T07:35:00+02:00,2026-08-23T07:35:15+02:00,2026-08-23T07:35:15+02:00,15.0,1,Dal,VYG:Line:R13,Drammen-Oslo S-Dal,R13,rail,VYG:ServiceJourney:1613_443238-R,True,actual,False,,,,,2026-08-23T08:19:38.971673+02:00
NSR:StopPlace:59616,Asker stasjon,2026-08-23T06:34:00+02:00,2026-08-23T06:34:15+02:00,2026-08-23T06:34:15+02:00,15.0,1,Oslo Lufthavn,FLT:Line:FLY1,FLY1,FLY1,rail,FLT:ServiceJourney:1-2614-3715-20260823,True,actual,False,,,,,2026-08-23T08:19:38.971673+02:00
NSR:StopPlace:59616,Asker stasjon,2026-08-23T07:54:00+02:00,2026-08-23T07:54:15+02:00,2026-08-23T07:54:15+02:00,15.0,1,Oslo Lufthavn,FLT:Line:FLY1,FLY1,FLY1,rail,FLT:ServiceJourney:1-2614-3723-20260823,True,actual,False,,,,,2026-08-23T08:19:38.971673+02:00
NSR:StopPlace:58856,Lysaker stasjon,2026-08-23T07:15:00+02:00,2026-08-23T07:15:15+02:00,2026-08-23T07:15:15+02:00,15.0,1,Tjuvholmen,RUT:Line:42,Voksen skog - Tjuvholmen,42,bus,RUT:ServiceJourney:485dd46c52c91cdfc02dac87ad5512f3,True,actual,False,,,,,2026-08-23T08:19:38.971673+02:00
NSR:StopPlace:58856,Lysaker stasjon,2026-08-23T07:45:00+02:00,2026-08-23T07:45:15+02:00,2026-08-23T07:45:15+02:00,15.0,1,Tjuvholmen,RUT:Line:42,Voksen skog - Tjuvholmen,42,bus,RUT:ServiceJourney:51337475e08222242a6d4f15dbcbb4ee,True,actual,False,,,,,2026-08-23T08:19:38.971673+02:00
NSR:StopPlace:58861,Solbråtan stasjon,2026-08-23T08:11:00+02:00,2026-08-23T08:11:15+02:00,2026-08-23T08:11:15+02:00,15.0,1,Tårnåsen,RUT:Line:83,Jernbanetorget - Tårnåsen,83,bus,RUT:ServiceJourney:57f9c6299726284582d4407a353a4b27,True,actual,False,Linje 80E og 83 får Hausmanns bru som ny endeholdeplass fra 29. juni,"Bussene stopper ikke på Jernbanetorget etter 29. juni, men starter og stopper på Hausmanns bru i Nylandsveien.",incident,normal,2026-08-23T08:19:38.971673+02:00
NSR:StopPlace:58823,Jaren stasjon,2026-08-23T07:20:00+02:00,2026-08-23T07:20:15+02:00,2026-08-23T07:20:15+02:00,15.0,1,Oslo S,VYG:Line:R31,Skøyen-Jaren-Gjøvik,R31,rail,VYG:ServiceJourney:206_443504-R,True,actual,False,,,,,2026-08-23T08:19:38.971673+02:00
NSR:StopPlace:58211,Oslo lufthavn,2026-08-23T06:54:00+02:00,2026-08-23T06:54:15+02:00,2026-08-23T06:54:15+02:00,15.0,1,Kopperud,RUT:Line:420,Maura -  Jessheim,420,bus,RUT:ServiceJourney:4e753b43acb4d11853facebd75cb1dc1,True,actual,False,,,,,2026-08-23T08:19:38.971673+02:00
NSR:StopPlace:58211,Oslo lufthavn,2026-08-23T08:03:00+02:00,2026-08-23T08:03:15+02:00,2026-08-23T08:03:15+02:00,15.0,1,Drammen,VYG:Line:RE10,Drammen-Oslo S-Lillehammer,RE10,rail,VYG:ServiceJourney:306-EVL_520950-R,True,actual,False,,,,,2026-08-23T08:19:38.971673+02:00
NSR:StopPlace:101,Sagdalen stasjon,2026-08-23T08:13:00+02:00,2026-08-23T08:13:15+02:00,2026-08-23T08:13:15+02:00,15.0,1,Spikkestad,VYG:Line:L1,Spikkestad-Oslo S-Lillestrøm,L1,rail,VYG:ServiceJourney:2215_443608-R,True,actual,False,,,,,2026-08-23T08:19:38.971673+02:00
NSR:StopPlace:610,Sandvika stasjon,2026-08-23T08:14:00+02:00,2026-08-23T08:14:15+02:00,2026-08-23T08:14:15+02:00,15.0,1,Asker,VYG:Line:R14,Asker-Oslo S-Kongsvinger,R14,rail,VYG:ServiceJourney:1006_442911-R,True,actual,False,,,,,2026-08-23T08:19:38.971673+02:00
NSR:StopPlace:62339,Lillestrøm stasjon,2026-08-23T07:30:00+02:00,2026-08-23T07:30:15+02:00,2026-08-23T07:30:15+02:00,15.0,1,Oslo Lufthavn,FLT:Line:FLY1,FLY1,FLY1,rail,FLT:ServiceJourney:1-2614-3717-20260823,True,actual,False,Heis på Lillestrøm ute av drift,Heisen på Lillestrøm til spor 3 og 4 er ute av drift.,general,normal,2026-08-23T08:19:38.971673+02:00
NSR:StopPlace:62339,Lillestrøm stasjon,2026-08-23T07:55:00+02:00,2026-08-23T07:55:15+02:00,2026-08-23T07:55:15+02:00,15.0,1,Dal,VYG:Line:R13,Drammen-Oslo S-Dal,R13,rail,VYG:ServiceJourney:1611_443232-R,True,actual,False,Heis på Lillestrøm ute av drift,Heisen på Lillestrøm til spor 3 og 4 er ute av drift.,general,normal,2026-08-23T08:19:38.971673+02:00
NSR:StopPlace:61466,Vakås stasjon,2026-08-23T07:38:00+02:00,2026-08-23T07:38:14+02:00,2026-08-23T07:38:14+02:00,14.0,1,Lillestrøm,VYG:Line:L1,Spikkestad-Oslo S-Lillestrøm,L1,rail,VYG:ServiceJourney:2214_443606-R,True,actual,False,,,,,2026-08-23T08:19:38.971673+02:00
NSR:StopPlace:59649,Nydalen stasjon,2026-08-23T07:16:00+02:00,2026-08-23T07:16:14+02:00,2026-08-23T07:16:14+02:00,14.0,1,Simensbråten,RUT:Line:23,Lysaker - Simensbråten,23,bus,RUT:ServiceJourney:dca06cf40ca2f170280afc5a3e113d63,True,actual,False,,,,,2026-08-23T08:19:38.971673+02:00
NSR:StopPlace:60640,Heimdal stasjon,2026-08-23T06:54:00+02:00,2026-08-23T06:54:14+02:00,2026-08-23T06:54:14+02:00,14.0,1,Lund,ATB:Line:2_2,Strindheim- Lade- sentrum- Sau,2,bus,ATB:ServiceJourney:2_251215112550173_7002,True,actual,False,,,,,2026-08-23T08:19:38.971673+02:00
NSR:StopPlace:59654,Stabekk stasjon,2026-08-23T07:22:00+02:00,2026-08-23T07:22:14+02:00,2026-08-23T07:22:14+02:00,14.0,1,Nationaltheatret,RUT:Line:150,Gullhaug - Nationaltheatret,150,bus,RUT:ServiceJourney:32fc28ee2c97e5fbd5617155e3b860d3,True,actual,False,,,,,2026-08-23T08:19:38.971673+02:00
NSR:StopPlace:60736,Spikkestad stasjon,2026-08-23T06:46:00+02:00,2026-08-23T06:46:14+02:00,2026-08-23T06:46:14+02:00,14.0,1,Lillestrøm,VYG:Line:L1,Spikkestad-Oslo S-Lillestrøm,L1,rail,VYG:ServiceJourney:2212_443603-R,True,actual,False,,,,,2026-08-23T08:19:38.971673+02:00
NSR:StopPlace:60944,Ski stasjon,2026-08-23T06:44:00+02:00,2026-08-23T06:44:14+02:00,2026-08-23T06:44:14+02:00,14.0,1,Ski næringspark,RUT:Line:520,Vinterbro - Ski stasjon,520,bus,RUT:ServiceJourney:b4a4619e46e6761ef360e790e0362f96,True,actual,False,,,,,2026-08-23T08:19:38.971673+02:00
NSR:StopPlace:60944,Ski stasjon,2026-08-23T07:14:00+02:00,2026-08-23T07:14:14+02:00,2026-08-23T07:14:14+02:00,14.0,1,Ski næringspark,RUT:Line:520,Vinterbro - Ski stasjon,520,bus,RUT:ServiceJourney:24a35df5cec9cc018d83e16dc473675d,True,actual,False,,,,,2026-08-23T08:19:38.971673+02:00
NSR:StopPlace:59616,Asker stasjon,2026-08-23T06:54:00+02:00,2026-08-23T06:54:14+02:00,2026-08-23T06:54:14+02:00,14.0,1,Oslo Lufthavn,FLT:Line:FLY1,FLY1,FLY1,rail,FLT:ServiceJourney:1-2614-3717-20260823,True,actual,False,,,,,2026-08-23T08:19:38.971673+02:00
NSR:StopPlace:59616,Asker stasjon,2026-08-23T07:30:00+02:00,2026-08-23T07:30:14+02:00,2026-08-23T07:30:14+02:00,14.0,1,Kongsberg,VYG:Line:R12,Kongsberg-Oslo S-Eidsvoll,R12,rail,VYG:ServiceJourney:505_444297-R,True,actual,False,Åpnet: Asker stasjon,"Asker stasjon er åpen for togtrafikk på alle spor igjen. Togene kjører, men det kan ta litt tid før de er i rute. Du må derfor regne med forsinkelser.",general,normal,2026-08-23T08:19:38.971673+02:00
NSR:StopPlace:58797,Mysen stasjon,2026-08-23T06:55:00+02:00,2026-08-23T06:55:14+02:00,2026-08-23T06:55:14+02:00,14.0,1,Kråkstad,VYG:Line:R22,Skøyen-Oslo S-Mysen-Rakkestad,R22,rail,VYG:ServiceJourney:1908-RST_500824-R,True,actual,False,,,,,2026-08-23T08:19:38.971673+02:00
NSR:StopPlace:58796,Moss stasjon,2026-08-23T06:23:00+02:00,2026-08-23T06:23:14+02:00,2026-08-23T06:23:14+02:00,14.0,1,Stabekk,VYG:Line:R21,Stabekk-Oslo S-Moss,R21,rail,VYG:ServiceJourney:1110-MOS_498445-R,True,actual,False,,,,,2026-08-23T08:19:38.971673+02:00
NSR:StopPlace:58819,Grua stasjon,2026-08-23T08:00:00+02:00,2026-08-23T08:00:14+02:00,2026-08-23T08:00:14+02:00,14.0,1,Gjøvik,VYG:Line:R31,Skøyen-Jaren-Gjøvik,R31,rail,VYG:ServiceJourney:205_443503-R,True,actual,False,,,,,2026-08-23T08:19:38.971673+02:00
NSR:StopPlace:610,Sandvika stasjon,2026-08-23T07:54:00+02:00,2026-08-23T07:54:14+02:00,2026-08-23T07:54:14+02:00,14.0,1,Skien,VYG:Line:RE11,Eidsvoll-Oslo S-Skien,RE11,rail,VYG:ServiceJourney:807_444387-R,True,actual,False,,,,,2026-08-23T08:19:38.971673+02:00
NSR:StopPlace:610,Sandvika stasjon,2026-08-23T08:04:00+02:00,2026-08-23T08:04:14+02:00,2026-08-23T08:04:14+02:00,14.0,1,Drammen,VYG:Line:R13,Drammen-Oslo S-Dal,R13,rail,VYG:ServiceJourney:1610_443230-R,True,actual,False,,,,,2026-08-23T08:19:38.971673+02:00
NSR:StopPlace:62339,Lillestrøm stasjon,2026-08-23T07:26:00+02:00,2026-08-23T07:26:14+02:00,2026-08-23T07:26:14+02:00,14.0,1,Skien,VYG:Line:RE11,Eidsvoll-Oslo S-Skien,RE11,rail,VYG:ServiceJourney:807_444387-R,True,actual,False,Heis på Lillestrøm ute av drift,Heisen på Lillestrøm til spor 3 og 4 er ute av drift.,general,normal,2026-08-23T08:19:38.971673+02:00
NSR:StopPlace:59952,Drammen stasjon,2026-08-23T05:02:00+02:00,2026-08-23T05:02:14+02:00,2026-08-23T05:02:14+02:00,14.0,1,Oslo Lufthavn,FLT:Line:FLY1,FLY1,FLY1,rail,FLT:ServiceJourney:1-2614-3707-20260823,True,actual,False,,,,,2026-08-23T06:25:28.795214+02:00
NSR:StopPlace:302,Gjøvik stasjon,2026-08-23T05:34:00+02:00,2026-08-23T05:34:14+02:00,2026-08-23T05:34:14+02:00,14.0,1,Oslo S,VYG:Line:R31,Skøyen-Jaren-Gjøvik,R31,rail,VYG:ServiceJourney:204_443502-R,True,actual,False,,,,,2026-08-23T06:25:28.795214+02:00
NSR:StopPlace:59983,Bergen stasjon,2026-08-23T02:27:00+02:00,2026-08-23T02:27:14+02:00,2026-08-23T02:27:14+02:00,14.0,1,Arna,VYG:Line:L4,Bergen-Arna,L4,rail,VYG:ServiceJourney:2686_443906-R,True,actual,False,,,,,2026-08-23T02:32:00.800137+02:00
NSR:StopPlace:59649,Nydalen stasjon,2026-08-23T06:30:00+02:00,2026-08-23T06:30:13+02:00,2026-08-23T06:30:13+02:00,13.0,1,Oslo S,VYG:Line:R31,Skøyen-Jaren-Gjøvik,R31,rail,VYG:ServiceJourney:202-JAH_488310-R,True,actual,False,,,,,2026-08-23T08:19:38.971673+02:00
NSR:StopPlace:60944,Ski stasjon,2026-08-23T08:12:00+02:00,2026-08-23T08:12:13+02:00,2026-08-23T08:12:13+02:00,13.0,1,Vinterbro,RUT:Line:520,Vinterbro - Ski stasjon,520,bus,RUT:ServiceJourney:881fedd58760fac94f50ba732f665830,True,actual,False,,,,,2026-08-23T08:19:38.971673+02:00
NSR:StopPlace:398,Arna stasjon,2026-08-23T07:12:00+02:00,2026-08-23T07:12:13+02:00,2026-08-23T07:12:13+02:00,13.0,1,Myrdal,VYG:Line:R40,Bergen-Voss-Myrdal-Ål,R40,rail,VYG:ServiceJourney:1804_496767-R,True,actual,False,,,,,2026-08-23T08:19:38.971673+02:00
NSR:StopPlace:313,Høybråten stasjon,2026-08-23T06:53:00+02:00,2026-08-23T06:53:13+02:00,2026-08-23T06:53:13+02:00,13.0,1,Spikkestad,VYG:Line:L1,Spikkestad-Oslo S-Lillestrøm,L1,rail,VYG:ServiceJourney:2209_443598-R,True,actual,False,,,,,2026-08-23T08:19:38.971673+02:00
NSR:StopPlace:62339,Lillestrøm stasjon,2026-08-23T07:46:00+02:00,2026-08-23T07:46:13+02:00,2026-08-23T07:46:13+02:00,13.0,1,Asker,VYG:Line:R14,Asker-Oslo S-Kongsvinger,R14,rail,VYG:ServiceJourney:1006_442911-R,True,actual,False,Heis på Lillestrøm ute av drift,Heisen på Lillestrøm til spor 3 og 4 er ute av drift.,general,normal,2026-08-23T08:19:38.971673+02:00
NSR:StopPlace:58845,Eidsvoll verk stasjon,2026-08-23T06:00:00+02:00,2026-08-23T06:00:13+02:00,2026-08-23T06:00:13+02:00,13.0,1,Eidsvoll st.,RUT:Line:430,Eidsvoll - Jessheim,430,bus,RUT:ServiceJourney:e79e798825795634a8b65680b9987d14,True,actual,False,,,,,2026-08-23T06:25:28.795214+02:00
NSR:StopPlace:61169,Marienborg stasjon,2026-08-23T07:49:00+02:00,2026-08-23T07:49:12+02:00,2026-08-23T07:49:12+02:00,12.0,1,Havstad,ATB:Line:2_13,Østmarka - Strindheim - Lerkendal - Havstad,13,bus,ATB:ServiceJourney:13_251215112552805_7006,True,actual,False,,,,,2026-08-23T08:19:38.971673+02:00
NSR:StopPlace:61466,Vakås stasjon,2026-08-23T07:08:00+02:00,2026-08-23T07:08:12+02:00,2026-08-23T07:08:12+02:00,12.0,1,Lillestrøm,VYG:Line:L1,Spikkestad-Oslo S-Lillestrøm,L1,rail,VYG:ServiceJourney:2212_443603-R,True,actual,False,,,,,2026-08-23T08:19:38.971673+02:00
NSR:StopPlace:59646,Høvik stasjon,2026-08-23T07:53:00+02:00,2026-08-23T07:53:12+02:00,2026-08-23T07:53:12+02:00,12.0,1,Lillestrøm,VYG:Line:L1,Spikkestad-Oslo S-Lillestrøm,L1,rail,VYG:ServiceJourney:2214_443606-R,True,actual,False,,,,,2026-08-23T08:19:38.971673+02:00
NSR:StopPlace:59649,Nydalen stasjon,2026-08-23T07:16:00+02:00,2026-08-23T07:16:12+02:00,2026-08-23T07:16:12+02:00,12.0,1,Lysaker,RUT:Line:23,Lysaker - Simensbråten,23,bus,RUT:ServiceJourney:a9835a3dac0b78cf3d86cf9964591705,True,actual,False,,,,,2026-08-23T08:19:38.971673+02:00
NSR:StopPlace:59643,Grefsen stasjon,2026-08-23T07:18:00+02:00,2026-08-23T07:18:12+02:00,2026-08-23T07:18:12+02:00,12.0,1,Gaustadalléen,RUT:Line:18,Grefsen st [4311] - Rikshospitalet,18,tram,RUT:ServiceJourney:105160816a30c4192ed92838256728f0,True,actual,False,,,,,2026-08-23T08:19:38.971673+02:00
NSR:StopPlace:59651,Skøyen stasjon,2026-08-23T07:45:00+02:00,2026-08-23T07:45:12+02:00,2026-08-23T07:45:12+02:00,12.0,1,Skien,VYG:Line:RE11,Eidsvoll-Oslo S-Skien,RE11,rail,VYG:ServiceJourney:807_444387-R,True,actual,False,,,,,2026-08-23T08:19:38.971673+02:00
NSR:StopPlace:59952,Drammen stasjon,2026-08-23T06:22:00+02:00,2026-08-23T06:22:12+02:00,2026-08-23T06:22:12+02:00,12.0,1,Oslo Lufthavn,FLT:Line:FLY1,FLY1,FLY1,rail,FLT:ServiceJourney:1-2614-3715-20260823,True,actual,False,,,,,2026-08-23T08:19:38.971673+02:00
NSR:StopPlace:59952,Drammen stasjon,2026-08-23T06:42:00+02:00,2026-08-23T06:42:12+02:00,2026-08-23T06:42:12+02:00,12.0,1,Oslo Lufthavn,FLT:Line:FLY1,FLY1,FLY1,rail,FLT:ServiceJourney:1-2614-3717-20260823,True,actual,False,,,,,2026-08-23T08:19:38.971673+02:00
NSR:StopPlace:59952,Drammen stasjon,2026-08-23T07:43:00+02:00,2026-08-23T07:43:12+02:00,2026-08-23T07:43:12+02:00,12.0,1,Kongsberg,VYG:Line:R12,Kongsberg-Oslo S-Eidsvoll,R12,rail,VYG:ServiceJourney:505_444297-R,True,actual,False,,,,,2026-08-23T08:19:38.971673+02:00
NSR:StopPlace:59977,Trondheim S,2026-08-23T08:17:00+02:00,2026-08-23T08:17:12+02:00,2026-08-23T08:17:12+02:00,12.0,1,Strindheim via Lade,ATB:Line:2_2,Strindheim- Lade- sentrum- Sau,2,bus,ATB:ServiceJourney:2_251215112550028_7007,True,actual,False,,,,,2026-08-23T08:19:38.971673+02:00
NSR:StopPlace:60603,Kongsberg stasjon,2026-08-23T06:34:00+02:00,2026-08-23T06:34:12+02:00,2026-08-23T06:34:12+02:00,12.0,1,Eidsvoll,VYG:Line:R12,Kongsberg-Oslo S-Eidsvoll,R12,rail,VYG:ServiceJourney:506_444299-R,True,actual,False,,,,,2026-08-23T08:19:38.971673+02:00
NSR:StopPlace:59636,Holmlia stasjon,2026-08-23T08:12:00+02:00,2026-08-23T08:12:12+02:00,2026-08-23T08:12:12+02:00,12.0,1,Krummedike,RUT:Line:2077,Holmlia stasjon - Asperudåsen,77B,bus,RUT:ServiceJourney:a5f2118a5008830e29b5dd7e041de1df,True,actual,False,,,,,2026-08-23T08:19:38.971673+02:00
NSR:StopPlace:58856,Lysaker stasjon,2026-08-23T06:59:00+02:00,2026-08-23T06:59:12+02:00,2026-08-23T06:59:12+02:00,12.0,1,Lillestrøm,VYG:Line:L1,Spikkestad-Oslo S-Lillestrøm,L1,rail,VYG:ServiceJourney:2210_443600-R,True,actual,False,,,,,2026-08-23T08:19:38.971673+02:00
NSR:StopPlace:58856,Lysaker stasjon,2026-08-23T07:26:00+02:00,2026-08-23T07:26:12+02:00,2026-08-23T07:26:12+02:00,12.0,1,Skøyen,RUT:Line:130,Sandvika -Skøyen,130,bus,RUT:ServiceJourney:ed9f848cc9dd022e0fb80a6adea8b5e5,True,actual,False,,,,,2026-08-23T08:19:38.971673+02:00
NSR:StopPlace:58866,Vevelstad stasjon,2026-08-23T06:34:00+02:00,2026-08-23T06:34:12+02:00,2026-08-23T06:34:12+02:00,12.0,1,Drøbak - Seiersten,RUT:Line:510,Bøleråsen - Ski - Ås - Drøbak,510,bus,RUT:ServiceJourney:a575c4290a869c56a6c0d37199e7dc87,True,actual,False,,,,,2026-08-23T08:19:38.971673+02:00
NSR:StopPlace:58862,Strømmen stasjon,2026-08-23T07:15:00+02:00,2026-08-23T07:15:12+02:00,2026-08-23T07:15:12+02:00,12.0,1,Spikkestad,VYG:Line:L1,Spikkestad-Oslo S-Lillestrøm,L1,rail,VYG:ServiceJourney:2211_443602-R,True,actual,False,,,,,2026-08-23T08:19:38.971673+02:00
NSR:StopPlace:610,Sandvika stasjon,2026-08-23T07:00:00+02:00,2026-08-23T07:00:12+02:00,2026-08-23T07:00:12+02:00,12.0,1,Oslo Lufthavn,FLT:Line:FLY1,FLY1,FLY1,rail,FLT:ServiceJourney:1-2614-3717-20260823,True,actual,False,,,,,2026-08-23T08:19:38.971673+02:00
NSR:StopPlace:610,Sandvika stasjon,2026-08-23T07:24:00+02:00,2026-08-23T07:24:12+02:00,2026-08-23T07:24:12+02:00,12.0,1,Kongsberg,VYG:Line:R12,Kongsberg-Oslo S-Eidsvoll,R12,rail,VYG:ServiceJourney:505_444297-R,True,actual,False,Åpnet: Asker stasjon,"Asker stasjon er åpen for togtrafikk på alle spor igjen. Togene kjører, men det kan ta litt tid før de er i rute. Du må derfor regne med forsinkelser.",general,normal,2026-08-23T08:19:38.971673+02:00
NSR:StopPlace:59643,Grefsen stasjon,2026-08-23T05:45:00+02:00,2026-08-23T05:45:12+02:00,2026-08-23T05:45:12+02:00,12.0,1,Gaustadalléen,RUT:Line:17,Rikshospitalet - Sinsen o/ Carl Berner,17,tram,RUT:ServiceJourney:c5b4f77b3251d2ee64aa5ab6d29b488d,True,actual,False,,,,,2026-08-23T06:25:28.795214+02:00
NSR:StopPlace:59636,Holmlia stasjon,2026-08-23T05:55:00+02:00,2026-08-23T05:55:12+02:00,2026-08-23T05:55:12+02:00,12.0,1,Grorud T,RUT:Line:79,Grorud T - Åsbråten,79,bus,RUT:ServiceJourney:f8650f7d42a1d9e4d0fb0ae7e644aa1e,True,actual,False,,,,,2026-08-23T06:25:28.795214+02:00
NSR:StopPlace:59635,Hauketo stasjon,2026-08-23T04:49:00+02:00,2026-08-23T04:49:12+02:00,2026-08-23T04:49:12+02:00,12.0,1,Jernbanetorget,RUT:Line:3919,Kringsjå - Åsbråten,19N,bus,RUT:ServiceJourney:9bfef451e459badf3a490794502abe91,True,actual,False,,,,,2026-08-23T04:52:42.669123+02:00
NSR:StopPlace:61464,Hvalstad stasjon,2026-08-23T08:09:00+02:00,2026-08-23T08:09:11+02:00,2026-08-23T08:09:11+02:00,11.0,1,Spikkestad,VYG:Line:L1,Spikkestad-Oslo S-Lillestrøm,L1,rail,VYG:ServiceJourney:2211_443602-R,True,actual,False,,,,,2026-08-23T08:19:38.971673+02:00
NSR:StopPlace:59649,Nydalen stasjon,2026-08-23T08:16:00+02:00,2026-08-23T08:16:11+02:00,2026-08-23T08:16:11+02:00,11.0,1,Lysaker,RUT:Line:23,Lysaker - Simensbråten,23,bus,RUT:ServiceJourney:25884d5effd029821a198fa6e53eeb21,True,actual,False,,,,,2026-08-23T08:19:38.971673+02:00
NSR:StopPlace:59643,Grefsen stasjon,2026-08-23T08:08:00+02:00,2026-08-23T08:08:11+02:00,2026-08-23T08:08:11+02:00,11.0,1,Oslo lufthavn,NBU:Line:cb7b555c-f96e-42d5-84bf-a5e08c0145c2,Radiumhospitalet via Økern-Storo-Tåsen,FB3,bus,NBU:ServiceJourney:f97e170a-8e1a-4da7-8fbb-f9e52d727e11,True,actual,False,,,,,2026-08-23T08:19:38.971673+02:00
NSR:StopPlace:59654,Stabekk stasjon,2026-08-23T07:26:00+02:00,2026-08-23T07:26:11+02:00,2026-08-23T07:26:11+02:00,11.0,1,Lillestrøm,VYG:Line:L1,Spikkestad-Oslo S-Lillestrøm,L1,rail,VYG:ServiceJourney:2212_443603-R,True,actual,False,,,,,2026-08-23T08:19:38.971673+02:00
NSR:StopPlace:59654,Stabekk stasjon,2026-08-23T07:30:00+02:00,2026-08-23T07:30:11+02:00,2026-08-23T07:30:11+02:00,11.0,1,Ski,VYG:Line:L2,Stabekk-Oslo S-Ski,L2,rail,VYG:ServiceJourney:2711-HVK_699737-R,True,actual,False,,,,,2026-08-23T08:19:38.971673+02:00
NSR:StopPlace:59616,Asker stasjon,2026-08-23T07:46:00+02:00,2026-08-23T07:46:11+02:00,2026-08-23T07:46:11+02:00,11.0,1,Spikkestad,VYG:Line:L1,Spikkestad-Oslo S-Lillestrøm,L1,rail,VYG:ServiceJourney:2209_443598-R,True,actual,False,Åpnet: Asker stasjon,"Asker stasjon er åpen for togtrafikk på alle spor igjen. Togene kjører, men det kan ta litt tid før de er i rute. Du må derfor regne med forsinkelser.",general,normal,2026-08-23T08:19:38.971673+02:00
NSR:StopPlace:59616,Asker stasjon,2026-08-23T08:16:00+02:00,2026-08-23T08:16:11+02:00,2026-08-23T08:16:11+02:00,11.0,1,Spikkestad,VYG:Line:L1,Spikkestad-Oslo S-Lillestrøm,L1,rail,VYG:ServiceJourney:2211_443602-R,True,actual,False,,,,,2026-08-23T08:19:38.971673+02:00
NSR:StopPlace:610,Sandvika stasjon,2026-08-23T06:40:00+02:00,2026-08-23T06:40:11+02:00,2026-08-23T06:40:11+02:00,11.0,1,Oslo Lufthavn,FLT:Line:FLY1,FLY1,FLY1,rail,FLT:ServiceJourney:1-2614-3715-20260823,True,actual,False,,,,,2026-08-23T08:19:38.971673+02:00
NSR:StopPlace:62339,Lillestrøm stasjon,2026-08-23T07:56:00+02:00,2026-08-23T07:56:11+02:00,2026-08-23T07:56:11+02:00,11.0,1,Kongsberg,VYG:Line:R12,Kongsberg-Oslo S-Eidsvoll,R12,rail,VYG:ServiceJourney:507_444300-R,True,actual,False,Heis på Lillestrøm ute av drift,Heisen på Lillestrøm til spor 3 og 4 er ute av drift.,general,normal,2026-08-23T08:19:38.971673+02:00
NSR:StopPlace:62393,Billingstad stasjon,2026-08-23T07:36:00+02:00,2026-08-23T07:36:11+02:00,2026-08-23T07:36:11+02:00,11.0,1,Spikkestad,VYG:Line:L1,Spikkestad-Oslo S-Lillestrøm,L1,rail,VYG:ServiceJourney:2209_443598-R,True,actual,False,,,,,2026-08-23T08:19:38.971673+02:00
NSR:StopPlace:61314,Hovin stasjon,2026-08-23T08:17:00+02:00,2026-08-23T08:17:10+02:00,2026-08-23T08:17:10+02:00,10.0,1,Steinkjer,SJN:Line:26,Trønderbanen,R70,rail,SJN:ServiceJourney:429_56089-R,True,actual,False,,,,,2026-08-23T08:19:38.971673+02:00
NSR:StopPlace:59646,Høvik stasjon,2026-08-23T07:56:00+02:00,2026-08-23T07:56:10+02:00,2026-08-23T07:56:10+02:00,10.0,1,Spikkestad,VYG:Line:L1,Spikkestad-Oslo S-Lillestrøm,L1,rail,VYG:ServiceJourney:2211_443602-R,True,actual,False,,,,,2026-08-23T08:19:38.971673+02:00
NSR:StopPlace:59651,Skøyen stasjon,2026-08-23T06:23:00+02:00,2026-08-23T06:23:10+02:00,2026-08-23T06:23:10+02:00,10.0,1,Galgeberg,RUT:Line:20,Skøyen - Galgeberg,20,bus,RUT:ServiceJourney:87a4e2d30b82cb86cce28c890a68e238,True,actual,False,,,,,2026-08-23T08:19:38.971673+02:00
NSR:StopPlace:59651,Skøyen stasjon,2026-08-23T07:15:00+02:00,2026-08-23T07:15:10+02:00,2026-08-23T07:15:10+02:00,10.0,1,Kongsberg,VYG:Line:R12,Kongsberg-Oslo S-Eidsvoll,R12,rail,VYG:ServiceJourney:505_444297-R,True,actual,False,,,,,2026-08-23T08:19:38.971673+02:00
NSR:StopPlace:59952,Drammen stasjon,2026-08-23T08:14:00+02:00,2026-08-23T08:14:10+02:00,2026-08-23T08:14:10+02:00,10.0,1,Skien,VYG:Line:RE11,Eidsvoll-Oslo S-Skien,RE11,rail,VYG:ServiceJourney:807_444387-R,True,actual,False,,,,,2026-08-23T08:19:38.971673+02:00
NSR:StopPlace:59616,Asker stasjon,2026-08-23T07:04:00+02:00,2026-08-23T07:04:10+02:00,2026-08-23T07:04:10+02:00,10.0,1,Lillestrøm,VYG:Line:L1,Spikkestad-Oslo S-Lillestrøm,L1,rail,VYG:ServiceJourney:2212_443603-R,True,actual,False,Åpnet: Asker stasjon,"Asker stasjon er åpen for togtrafikk på alle spor igjen. Togene kjører, men det kan ta litt tid før de er i rute. Du må derfor regne med forsinkelser.",general,normal,2026-08-23T08:19:38.971673+02:00
NSR:StopPlace:59616,Asker stasjon,2026-08-23T08:00:00+02:00,2026-08-23T08:00:10+02:00,2026-08-23T08:00:10+02:00,10.0,1,Skien,VYG:Line:RE11,Eidsvoll-Oslo S-Skien,RE11,rail,VYG:ServiceJourney:807_444387-R,True,actual,False,,,,,2026-08-23T08:19:38.971673+02:00
NSR:StopPlace:59616,Asker stasjon,2026-08-23T08:04:00+02:00,2026-08-23T08:04:10+02:00,2026-08-23T08:04:10+02:00,10.0,1,Lillestrøm,VYG:Line:L1,Spikkestad-Oslo S-Lillestrøm,L1,rail,VYG:ServiceJourney:2216_443609-R,True,actual,False,,,,,2026-08-23T08:19:38.971673+02:00
NSR:StopPlace:58856,Lysaker stasjon,2026-08-23T07:03:00+02:00,2026-08-23T07:03:10+02:00,2026-08-23T07:03:10+02:00,10.0,1,Nationaltheatret,RUT:Line:160,Rykkinn -Nationaltheatret,160,bus,RUT:ServiceJourney:c4bb694f7b6c9ccadca653056fcef93f,True,actual,False,,,,,2026-08-23T08:19:38.971673+02:00
NSR:StopPlace:58856,Lysaker stasjon,2026-08-23T07:19:00+02:00,2026-08-23T07:19:10+02:00,2026-08-23T07:19:10+02:00,10.0,1,Kongsberg,VYG:Line:R12,Kongsberg-Oslo S-Eidsvoll,R12,rail,VYG:ServiceJourney:505_444297-R,True,actual,False,,,,,2026-08-23T08:19:38.971673+02:00
NSR:StopPlace:58851,Heggedal stasjon,2026-08-23T07:55:00+02:00,2026-08-23T07:55:10+02:00,2026-08-23T07:55:10+02:00,10.0,1,Spikkestad,VYG:Line:L1,Spikkestad-Oslo S-Lillestrøm,L1,rail,VYG:ServiceJourney:2209_443598-R,True,actual,False,,,,,2026-08-23T08:19:38.971673+02:00
NSR:StopPlace:62339,Lillestrøm stasjon,2026-08-23T08:06:00+02:00,2026-08-23T08:06:10+02:00,2026-08-23T08:06:10+02:00,10.0,1,Drammen,VYG:Line:R13,Drammen-Oslo S-Dal,R13,rail,VYG:ServiceJourney:1612_443236-R,True,actual,False,Heis på Lillestrøm ute av drift,Heisen på Lillestrøm til spor 3 og 4 er ute av drift.,general,normal,2026-08-23T08:19:38.971673+02:00
NSR:StopPlace:62295,Stanghelle stasjon,2026-08-23T07:39:00+02:00,2026-08-23T07:39:10+02:00,2026-08-23T07:39:10+02:00,10.0,1,Myrdal,VYG:Line:R40,Bergen-Voss-Myrdal-Ål,R40,rail,VYG:ServiceJourney:1804_496767-R,True,actual,False,,,,,2026-08-23T08:19:38.971673+02:00
NSR:StopPlace:59635,Hauketo stasjon,2026-08-23T05:58:00+02:00,2026-08-23T05:58:10+02:00,2026-08-23T05:58:10+02:00,10.0,1,Filipstad,RUT:Line:81,Fornebu - Myrvoll stasjon,81,bus,RUT:ServiceJourney:bf89b09cf2b420018ad9386fc0b30c6c,True,actual,False,,,,,2026-08-23T06:25:28.795214+02:00
NSR:StopPlace:58404,Nationaltheatret,2026-08-23T06:21:00+02:00,2026-08-23T06:21:10+02:00,2026-08-23T06:21:10+02:00,10.0,1,Nydalen T,RUT:Line:37,Nydalen T - Helsfyr,37,bus,RUT:ServiceJourney:defd468bb8cf9ae653ea93de35cf3a94,True,actual,False,,,,,2026-08-23T06:25:28.795214+02:00
NSR:StopPlace:61466,Vakås stasjon,2026-08-23T07:41:00+02:00,2026-08-23T07:41:09+02:00,2026-08-23T07:41:09+02:00,9.0,1,Spikkestad,VYG:Line:L1,Spikkestad-Oslo S-Lillestrøm,L1,rail,VYG:ServiceJourney:2209_443598-R,True,actual,False,,,,,2026-08-23T08:19:38.971673+02:00
NSR:StopPlace:61466,Vakås stasjon,2026-08-23T08:08:00+02:00,2026-08-23T08:08:09+02:00,2026-08-23T08:08:09+02:00,9.0,1,Lillestrøm,VYG:Line:L1,Spikkestad-Oslo S-Lillestrøm,L1,rail,VYG:ServiceJourney:2216_443609-R,True,actual,False,,,,,2026-08-23T08:19:38.971673+02:00
NSR:StopPlace:61466,Vakås stasjon,2026-08-23T08:11:00+02:00,2026-08-23T08:11:09+02:00,2026-08-23T08:11:09+02:00,9.0,1,Spikkestad,VYG:Line:L1,Spikkestad-Oslo S-Lillestrøm,L1,rail,VYG:ServiceJourney:2211_443602-R,True,actual,False,,,,,2026-08-23T08:19:38.971673+02:00
NSR:StopPlace:61464,Hvalstad stasjon,2026-08-23T07:39:00+02:00,2026-08-23T07:39:09+02:00,2026-08-23T07:39:09+02:00,9.0,1,Spikkestad,VYG:Line:L1,Spikkestad-Oslo S-Lillestrøm,L1,rail,VYG:ServiceJourney:2209_443598-R,True,actual,False,,,,,2026-08-23T08:19:38.971673+02:00
NSR:StopPlace:61464,Hvalstad stasjon,2026-08-23T08:10:00+02:00,2026-08-23T08:10:09+02:00,2026-08-23T08:10:09+02:00,9.0,1,Lillestrøm,VYG:Line:L1,Spikkestad-Oslo S-Lillestrøm,L1,rail,VYG:ServiceJourney:2216_443609-R,True,actual,False,,,,,2026-08-23T08:19:38.971673+02:00
NSR:StopPlace:41,Hanaborg stasjon,2026-08-23T07:19:00+02:00,2026-08-23T07:19:09+02:00,2026-08-23T07:19:09+02:00,9.0,1,Spikkestad,VYG:Line:L1,Spikkestad-Oslo S-Lillestrøm,L1,rail,VYG:ServiceJourney:2211_443602-R,True,actual,False,,,,,2026-08-23T08:19:38.971673+02:00
NSR:StopPlace:59620,Grorud stasjon,2026-08-23T06:34:00+02:00,2026-08-23T06:34:09+02:00,2026-08-23T06:34:09+02:00,9.0,1,Åsbråten,RUT:Line:79,Grorud T - Åsbråten,79,bus,RUT:ServiceJourney:2df0b86453f75e4e5041a8586fa19327,True,actual,False,,,,,2026-08-23T08:19:38.971673+02:00
NSR:StopPlace:59636,Holmlia stasjon,2026-08-23T07:55:00+02:00,2026-08-23T07:55:09+02:00,2026-08-23T07:55:09+02:00,9.0,1,Grorud T,RUT:Line:79,Grorud T - Åsbråten,79,bus,RUT:ServiceJourney:d5af482968f192bf72d3a0760889755d,True,actual,False,,,,,2026-08-23T08:19:38.971673+02:00
NSR:StopPlace:58930,Larvik stasjon,2026-08-23T07:32:00+02:00,2026-08-23T07:32:09+02:00,2026-08-23T07:32:09+02:00,9.0,1,Eidsvoll,VYG:Line:RE11,Eidsvoll-Oslo S-Skien,RE11,rail,VYG:ServiceJourney:808_444388-R,True,actual,False,,,,,2026-08-23T08:19:38.971673+02:00
NSR:StopPlace:58834,Hokksund stasjon,2026-08-23T08:01:00+02:00,2026-08-23T08:01:09+02:00,2026-08-23T08:01:09+02:00,9.0,1,Kongsberg,VYG:Line:R12,Kongsberg-Oslo S-Eidsvoll,R12,rail,VYG:ServiceJourney:505_444297-R,True,actual,False,,,,,2026-08-23T08:19:38.971673+02:00
NSR:StopPlace:58852,Høn stasjon,2026-08-23T07:43:00+02:00,2026-08-23T07:43:09+02:00,2026-08-23T07:43:09+02:00,9.0,1,Spikkestad,VYG:Line:L1,Spikkestad-Oslo S-Lillestrøm,L1,rail,VYG:ServiceJourney:2209_443598-R,True,actual,False,,,,,2026-08-23T08:19:38.971673+02:00
NSR:StopPlace:101,Sagdalen stasjon,2026-08-23T07:13:00+02:00,2026-08-23T07:13:09+02:00,2026-08-23T07:13:09+02:00,9.0,1,Spikkestad,VYG:Line:L1,Spikkestad-Oslo S-Lillestrøm,L1,rail,VYG:ServiceJourney:2211_443602-R,True,actual,False,,,,,2026-08-23T08:19:38.971673+02:00
NSR:StopPlace:62339,Lillestrøm stasjon,2026-08-23T08:16:00+02:00,2026-08-23T08:16:09+02:00,2026-08-23T08:16:09+02:00,9.0,1,Drammen,VYG:Line:RE10,Drammen-Oslo S-Lillehammer,RE10,rail,VYG:ServiceJourney:306-EVL_520950-R,True,actual,False,Heis på Lillestrøm ute av drift,Heisen på Lillestrøm til spor 3 og 4 er ute av drift.,general,normal,2026-08-23T08:19:38.971673+02:00
NSR:StopPlace:62393,Billingstad stasjon,2026-08-23T07:13:00+02:00,2026-08-23T07:13:09+02:00,2026-08-23T07:13:09+02:00,9.0,1,Lillestrøm,VYG:Line:L1,Spikkestad-Oslo S-Lillestrøm,L1,rail,VYG:ServiceJourney:2212_443603-R,True,actual,False,,,,,2026-08-23T08:19:38.971673+02:00
NSR:StopPlace:59703,Åndalsnes stasjon,2026-08-23T06:05:00+02:00,2026-08-23T06:05:09+02:00,2026-08-23T06:05:09+02:00,9.0,1,Molde,MOR:Line:420,Fram Ekspress Molde-Åndalsnes,420,bus,MOR:ServiceJourney:420_701_9150000047250143,True,actual,False,,,,,2026-08-23T06:25:28.795214+02:00
NSR:StopPlace:59952,Drammen stasjon,2026-08-23T04:22:00+02:00,2026-08-23T04:22:09+02:00,2026-08-23T04:22:09+02:00,9.0,1,Oslo Lufthavn,FLT:Line:FLY1,FLY1,FLY1,rail,FLT:ServiceJourney:1-2614-3703-20260823,True,actual,False,,,,,2026-08-23T04:52:42.669123+02:00
NSR:StopPlace:59616,Asker stasjon,2026-08-23T08:09:00+02:00,2026-08-23T08:09:08+02:00,2026-08-23T08:09:08+02:00,8.0,1,Lillehammer,VYG:Line:RE10,Drammen-Oslo S-Lillehammer,RE10,rail,VYG:ServiceJourney:309-SUD_520964-R,True,actual,False,,,,,2026-08-23T08:19:38.971673+02:00
NSR:StopPlace:59635,Hauketo stasjon,2026-08-23T07:03:00+02:00,2026-08-23T07:03:08+02:00,2026-08-23T07:03:08+02:00,8.0,1,Grorud T,RUT:Line:79,Grorud T - Åsbråten,79,bus,RUT:ServiceJourney:06ad62066ee553cc9b483f3f3ab0e381,True,actual,False,,,,,2026-08-23T08:19:38.971673+02:00
NSR:StopPlace:59635,Hauketo stasjon,2026-08-23T08:03:00+02:00,2026-08-23T08:03:08+02:00,2026-08-23T08:03:08+02:00,8.0,1,Grorud T,RUT:Line:79,Grorud T - Åsbråten,79,bus,RUT:ServiceJourney:d5af482968f192bf72d3a0760889755d,True,actual,False,,,,,2026-08-23T08:19:38.971673+02:00
NSR:StopPlace:58793,Askim stasjon,2026-08-23T08:11:00+02:00,2026-08-23T08:11:08+02:00,2026-08-23T08:11:08+02:00,8.0,1,Oslo S,VYG:Line:R22,Skøyen-Oslo S-Mysen-Rakkestad,R22,rail,VYG:ServiceJourney:1910_443447-R,True,actual,False,,,,,2026-08-23T08:19:38.971673+02:00
NSR:StopPlace:58853,Kolbotn stasjon,2026-08-23T07:41:00+02:00,2026-08-23T07:41:08+02:00,2026-08-23T07:41:08+02:00,8.0,1,Hauketo stasjon,RUT:Line:87,Hauketo stasjon - Kolbotn,87,bus,RUT:ServiceJourney:4d4935bea405ffbced3432d67a7fa6b9,True,actual,False,,,,,2026-08-23T08:19:38.971673+02:00
NSR:StopPlace:59635,Hauketo stasjon,2026-08-23T06:03:00+02:00,2026-08-23T06:03:08+02:00,2026-08-23T06:03:08+02:00,8.0,1,Grorud T,RUT:Line:79,Grorud T - Åsbråten,79,bus,RUT:ServiceJourney:f8650f7d42a1d9e4d0fb0ae7e644aa1e,True,actual,False,,,,,2026-08-23T06:25:28.795214+02:00
NSR:StopPlace:58834,Hokksund stasjon,2026-08-23T05:59:00+02:00,2026-08-23T05:59:08+02:00,2026-08-23T05:59:08+02:00,8.0,1,Eidsvoll,VYG:Line:R12,Kongsberg-Oslo S-Eidsvoll,R12,rail,VYG:ServiceJourney:504_444295-R,True,actual,False,,,,,2026-08-23T06:25:28.795214+02:00
NSR:StopPlace:58211,Oslo lufthavn,2026-08-23T05:45:00+02:00,2026-08-23T05:45:08+02:00,2026-08-23T05:45:08+02:00,8.0,1,Oslo sentrum via Helsfyr-Hasle-Bislett,NBU:Line:a7c15243-8873-4aee-a8b4-8d22e8ad31dc,Oslo sentrum via Helsfyr-Hasle-Bislett,FB5,bus,NBU:ServiceJourney:c595eb43-57ef-4a9c-884f-162db629127d,True,actual,False,,,,,2026-08-23T06:25:28.795214+02:00
NSR:StopPlace:59636,Holmlia stasjon,2026-08-23T04:45:00+02:00,2026-08-23T04:45:08+02:00,2026-08-23T04:45:08+02:00,8.0,1,Jernbanetorget,RUT:Line:3919,Kringsjå - Åsbråten,19N,bus,RUT:ServiceJourney:9bfef451e459badf3a490794502abe91,True,actual,False,,,,,2026-08-23T04:52:42.669123+02:00
NSR:StopPlace:59638,Myrvoll stasjon,2026-08-23T04:30:00+02:00,2026-08-23T04:30:08+02:00,2026-08-23T04:30:08+02:00,8.0,1,Ski stasjon,RUT:Line:3981,Nationaltheatret - Ski,81N,bus,RUT:ServiceJourney:94202bf120a1e4e27df3e58996675f16,True,actual,False,,,,,2026-08-23T04:52:42.669123+02:00
NSR:StopPlace:59649,Nydalen stasjon,2026-08-23T06:33:00+02:00,2026-08-23T06:33:07+02:00,2026-08-23T06:33:07+02:00,7.0,1,Oslo lufthavn,NBU:Line:cb7b555c-f96e-42d5-84bf-a5e08c0145c2,Radiumhospitalet via Økern-Storo-Tåsen,FB3,bus,NBU:ServiceJourney:9d7c5d7e-fd86-44cd-8efe-6d4c69eeceeb,True,actual,False,,,,,2026-08-23T08:19:38.971673+02:00
NSR:StopPlace:59651,Skøyen stasjon,2026-08-23T07:36:00+02:00,2026-08-23T07:36:07+02:00,2026-08-23T07:36:07+02:00,7.0,1,Snarøya,RUT:Line:31,Snarøya - Fornebu - Tonsenhagen - Grorud,31,bus,RUT:ServiceJourney:130eb756dfa24a11d9ac62cf1276215e,True,actual,False,,,,,2026-08-23T08:19:38.971673+02:00
NSR:StopPlace:59635,Hauketo stasjon,2026-08-23T08:03:00+02:00,2026-08-23T08:03:07+02:00,2026-08-23T08:03:07+02:00,7.0,1,Myrvoll stasjon,RUT:Line:81,Fornebu - Myrvoll stasjon,81,bus,RUT:ServiceJourney:73a53b044906dc873aca58d1d49ef99f,True,actual,False,,,,,2026-08-23T08:19:38.971673+02:00
NSR:StopPlace:58856,Lysaker stasjon,2026-08-23T06:11:00+02:00,2026-08-23T06:11:07+02:00,2026-08-23T06:11:07+02:00,7.0,1,Fornebu,RUT:Line:31,Snarøya - Fornebu - Tonsenhagen - Grorud,31,bus,RUT:ServiceJourney:9a1be19d93e6074a751234dda78f5d08,True,actual,False,,,,,2026-08-23T08:19:38.971673+02:00
NSR:StopPlace:58856,Lysaker stasjon,2026-08-23T07:41:00+02:00,2026-08-23T07:41:07+02:00,2026-08-23T07:41:07+02:00,7.0,1,Snarøya,RUT:Line:31,Snarøya - Fornebu - Tonsenhagen - Grorud,31,bus,RUT:ServiceJourney:130eb756dfa24a11d9ac62cf1276215e,True,actual,False,,,,,2026-08-23T08:19:38.971673+02:00
NSR:StopPlace:58851,Heggedal stasjon,2026-08-23T06:54:00+02:00,2026-08-23T06:54:07+02:00,2026-08-23T06:54:07+02:00,7.0,1,Lillestrøm,VYG:Line:L1,Spikkestad-Oslo S-Lillestrøm,L1,rail,VYG:ServiceJourney:2212_443603-R,True,actual,False,,,,,2026-08-23T08:19:38.971673+02:00
NSR:StopPlace:58808,Kongsvinger stasjon,2026-08-23T07:38:00+02:00,2026-08-23T07:38:07+02:00,2026-08-23T07:38:07+02:00,7.0,1,Asker,VYG:Line:R14,Asker-Oslo S-Kongsvinger,R14,rail,VYG:ServiceJourney:1008_442913-R,True,actual,False,,,,,2026-08-23T08:19:38.971673+02:00
NSR:StopPlace:58823,Jaren stasjon,2026-08-23T06:20:00+02:00,2026-08-23T06:20:07+02:00,2026-08-23T06:20:07+02:00,7.0,1,Oslo S,VYG:Line:R31,Skøyen-Jaren-Gjøvik,R31,rail,VYG:ServiceJourney:204_443502-R,True,actual,False,,,,,2026-08-23T08:19:38.971673+02:00
NSR:StopPlace:58211,Oslo lufthavn,2026-08-23T07:45:00+02:00,2026-08-23T07:45:07+02:00,2026-08-23T07:45:07+02:00,7.0,1,Oslo sentrum via Helsfyr-Hasle-Bislett,NBU:Line:a7c15243-8873-4aee-a8b4-8d22e8ad31dc,Oslo sentrum via Helsfyr-Hasle-Bislett,FB5,bus,NBU:ServiceJourney:e7040242-348d-4f98-a396-2524ea188f95,True,actual,False,,,,,2026-08-23T08:19:38.971673+02:00
NSR:StopPlace:58211,Oslo lufthavn,2026-08-23T08:15:00+02:00,2026-08-23T08:15:07+02:00,2026-08-23T08:15:07+02:00,7.0,1,Majorstuen via Torshov-Sagene,NBU:Line:a7cafc59-feaf-4e61-9fa1-b7dce4ffe970,Majorstuen via Torshov-Sagene,FB1,bus,NBU:ServiceJourney:b86bd66e-bd56-4ad1-9c9c-6cf1fc682610,True,actual,False,,,,,2026-08-23T08:19:38.971673+02:00
NSR:StopPlace:302,Gjøvik stasjon,2026-08-23T06:34:00+02:00,2026-08-23T06:34:07+02:00,2026-08-23T06:34:07+02:00,7.0,1,Oslo S,VYG:Line:R31,Skøyen-Jaren-Gjøvik,R31,rail,VYG:ServiceJourney:206_443504-R,True,actual,False,,,,,2026-08-23T08:19:38.971673+02:00
NSR:StopPlace:62339,Lillestrøm stasjon,2026-08-23T07:36:00+02:00,2026-08-23T07:36:07+02:00,2026-08-23T07:36:07+02:00,7.0,1,Drammen,VYG:Line:R13,Drammen-Oslo S-Dal,R13,rail,VYG:ServiceJourney:1610_443230-R,True,actual,False,Heis på Lillestrøm ute av drift,Heisen på Lillestrøm til spor 3 og 4 er ute av drift.,general,normal,2026-08-23T08:19:38.971673+02:00
NSR:StopPlace:62339,Lillestrøm stasjon,2026-08-23T08:10:00+02:00,2026-08-23T08:10:07+02:00,2026-08-23T08:10:07+02:00,7.0,1,Oslo Lufthavn,FLT:Line:FLY1,FLY1,FLY1,rail,FLT:ServiceJourney:1-2614-3721-20260823,True,actual,False,Heis på Lillestrøm ute av drift,Heisen på Lillestrøm til spor 3 og 4 er ute av drift.,general,normal,2026-08-23T08:19:38.971673+02:00
NSR:StopPlace:59635,Hauketo stasjon,2026-08-23T06:03:00+02:00,2026-08-23T06:03:07+02:00,2026-08-23T06:03:07+02:00,7.0,1,Brenna,RUT:Line:73,Holmlia stasjon - Brenna,73,bus,RUT:ServiceJourney:3ed89c1f7694c452bddbcc3b9d88ebc2,True,actual,False,,,,,2026-08-23T06:25:28.795214+02:00
NSR:StopPlace:59643,Grefsen stasjon,2026-08-23T07:05:00+02:00,2026-08-23T07:05:06+02:00,2026-08-23T07:05:06+02:00,6.0,1,Gaustadalléen,RUT:Line:17,Rikshospitalet - Sinsen o/ Carl Berner,17,tram,RUT:ServiceJourney:cb20276932566a7c739e9f43703314d2,True,actual,False,,,,,2026-08-23T08:19:38.971673+02:00
NSR:StopPlace:58846,Fetsund stasjon,2026-08-23T07:36:00+02:00,2026-08-23T07:36:06+02:00,2026-08-23T07:36:06+02:00,6.0,1,Asker,VYG:Line:R14,Asker-Oslo S-Kongsvinger,R14,rail,VYG:ServiceJourney:1006_442911-R,True,actual,False,,,,,2026-08-23T08:19:38.971673+02:00
NSR:StopPlace:58851,Heggedal stasjon,2026-08-23T07:55:00+02:00,2026-08-23T07:55:06+02:00,2026-08-23T07:55:06+02:00,6.0,1,Lillestrøm,VYG:Line:L1,Spikkestad-Oslo S-Lillestrøm,L1,rail,VYG:ServiceJourney:2216_443609-R,True,actual,False,,,,,2026-08-23T08:19:38.971673+02:00
NSR:StopPlace:58868,Årnes stasjon,2026-08-23T07:07:00+02:00,2026-08-23T07:07:06+02:00,2026-08-23T07:07:06+02:00,6.0,1,Asker,VYG:Line:R14,Asker-Oslo S-Kongsvinger,R14,rail,VYG:ServiceJourney:1006_442911-R,True,actual,False,,,,,2026-08-23T08:19:38.971673+02:00
NSR:StopPlace:62393,Billingstad stasjon,2026-08-23T08:13:00+02:00,2026-08-23T08:13:06+02:00,2026-08-23T08:13:06+02:00,6.0,1,Lillestrøm,VYG:Line:L1,Spikkestad-Oslo S-Lillestrøm,L1,rail,VYG:ServiceJourney:2216_443609-R,True,actual,False,,,,,2026-08-23T08:19:38.971673+02:00
NSR:StopPlace:58404,Nationaltheatret,2026-08-23T05:47:00+02:00,2026-08-23T05:47:06+02:00,2026-08-23T05:47:06+02:00,6.0,1,Kjelsås,RUT:Line:3912,Majorstuen - Kjelsås,12N,bus,RUT:ServiceJourney:aacd9de8892a5c25fcd4acf997eb9528,True,actual,False,,,,,2026-08-23T06:25:28.795214+02:00
NSR:StopPlace:59649,Nydalen stasjon,2026-08-23T06:16:00+02:00,2026-08-23T06:16:05+02:00,2026-08-23T06:16:05+02:00,5.0,1,Lysaker,RUT:Line:23,Lysaker - Simensbråten,23,bus,RUT:ServiceJourney:f418486791550acf4a951833d09badcb,True,actual,False,,,,,2026-08-23T08:19:38.971673+02:00
NSR:StopPlace:59641,Fjellhamar stasjon,2026-08-23T07:17:00+02:00,2026-08-23T07:17:05+02:00,2026-08-23T07:17:05+02:00,5.0,1,Spikkestad,VYG:Line:L1,Spikkestad-Oslo S-Lillestrøm,L1,rail,VYG:ServiceJourney:2211_443602-R,True,actual,False,,,,,2026-08-23T08:19:38.971673+02:00
NSR:StopPlace:59635,Hauketo stasjon,2026-08-23T07:33:00+02:00,2026-08-23T07:33:05+02:00,2026-08-23T07:33:05+02:00,5.0,1,Grorud T,RUT:Line:79,Grorud T - Åsbråten,79,bus,RUT:ServiceJourney:51a331b3535dd26034239740bce6379a,True,actual,False,,,,,2026-08-23T08:19:38.971673+02:00
NSR:StopPlace:58925,Gausel stasjon,2026-08-23T08:10:00+02:00,2026-08-23T08:10:05+02:00,2026-08-23T08:10:05+02:00,5.0,1,Sandnes,KOL:Line:8_1001,1,1,bus,KOL:ServiceJourney:1001_251008118370281_5003,True,actual,False,,,,,2026-08-23T08:19:38.971673+02:00
NSR:StopPlace:58844,Eidsvoll stasjon,2026-08-23T06:53:00+02:00,2026-08-23T06:53:05+02:00,2026-08-23T06:53:05+02:00,5.0,1,Drammen,VYG:Line:RE10,Drammen-Oslo S-Lillehammer,RE10,rail,VYG:ServiceJourney:304-EVL_520943-R,True,actual,False,,,,,2026-08-23T08:19:38.971673+02:00
NSR:StopPlace:58857,Lørenskog stasjon,2026-08-23T08:13:00+02:00,2026-08-23T08:13:05+02:00,2026-08-23T08:13:05+02:00,5.0,1,Stovner,RUT:Line:120,Nesåsen - Stovner,120,bus,RUT:ServiceJourney:99f8c557717da64f1a130a2142cb1b2c,True,actual,False,,,,,2026-08-23T08:19:38.971673+02:00
NSR:StopPlace:60640,Heimdal stasjon,2026-08-23T07:39:00+02:00,2026-08-23T07:39:04+02:00,2026-08-23T07:39:04+02:00,4.0,1,Kattem,ATB:Line:2_1,Ranheim - Strindheim - sentrum - Tiller - Heimdal - Kattem,1,bus,ATB:ServiceJourney:1_251215112546392_7004,True,actual,False,,,,,2026-08-23T08:19:38.971673+02:00
NSR:StopPlace:59952,Drammen stasjon,2026-08-23T07:22:00+02:00,2026-08-23T07:22:04+02:00,2026-08-23T07:22:04+02:00,4.0,1,Oslo Lufthavn,FLT:Line:FLY1,FLY1,FLY1,rail,FLT:ServiceJourney:1-2614-3721-20260823,True,actual,False,,,,,2026-08-23T08:19:38.971673+02:00
NSR:StopPlace:59952,Drammen stasjon,2026-08-23T08:05:00+02:00,2026-08-23T08:05:04+02:00,2026-08-23T08:05:04+02:00,4.0,1,Dal,VYG:Line:R13,Drammen-Oslo S-Dal,R13,rail,VYG:ServiceJourney:1615_443244-R,True,actual,False,,,,,2026-08-23T08:19:38.971673+02:00
NSR:StopPlace:59636,Holmlia stasjon,2026-08-23T07:25:00+02:00,2026-08-23T07:25:04+02:00,2026-08-23T07:25:04+02:00,4.0,1,Grorud T,RUT:Line:79,Grorud T - Åsbråten,79,bus,RUT:ServiceJourney:51a331b3535dd26034239740bce6379a,True,actual,False,,,,,2026-08-23T08:19:38.971673+02:00
NSR:StopPlace:58932,Hommelvik stasjon,2026-08-23T07:27:00+02:00,2026-08-23T07:27:04+02:00,2026-08-23T07:27:04+02:00,4.0,1,Storlien,SJN:Line:72,Meråkerbanen,R71,rail,SJN:ServiceJourney:1303_53534-R,True,actual,False,,,,,2026-08-23T08:19:38.971673+02:00
NSR:StopPlace:302,Gjøvik stasjon,2026-08-23T07:34:00+02:00,2026-08-23T07:34:04+02:00,2026-08-23T07:34:04+02:00,4.0,1,Oslo S,VYG:Line:R31,Skøyen-Jaren-Gjøvik,R31,rail,VYG:ServiceJourney:208_443506-R,True,actual,False,,,,,2026-08-23T08:19:38.971673+02:00
NSR:StopPlace:59646,Høvik stasjon,2026-08-23T07:23:00+02:00,2026-08-23T07:23:03+02:00,2026-08-23T07:23:03+02:00,3.0,1,Lillestrøm,VYG:Line:L1,Spikkestad-Oslo S-Lillestrøm,L1,rail,VYG:ServiceJourney:2212_443603-R,True,actual,False,,,,,2026-08-23T08:19:38.971673+02:00
NSR:StopPlace:59654,Stabekk stasjon,2026-08-23T07:54:00+02:00,2026-08-23T07:54:03+02:00,2026-08-23T07:54:03+02:00,3.0,1,Spikkestad,VYG:Line:L1,Spikkestad-Oslo S-Lillestrøm,L1,rail,VYG:ServiceJourney:2211_443602-R,True,actual,False,,,,,2026-08-23T08:19:38.971673+02:00
NSR:StopPlace:58857,Lørenskog stasjon,2026-08-23T07:13:00+02:00,2026-08-23T07:13:03+02:00,2026-08-23T07:13:03+02:00,3.0,1,Stovner,RUT:Line:120,Nesåsen - Stovner,120,bus,RUT:ServiceJourney:39520135f76ca5b65086ed28a3bb100e,True,actual,False,,,,,2026-08-23T08:19:38.971673+02:00
NSR:StopPlace:58808,Kongsvinger stasjon,2026-08-23T06:35:00+02:00,2026-08-23T06:35:03+02:00,2026-08-23T06:35:03+02:00,3.0,1,Asker,VYG:Line:R14,Asker-Oslo S-Kongsvinger,R14,rail,VYG:ServiceJourney:1006_442911-R,True,actual,False,,,,,2026-08-23T08:19:38.971673+02:00
NSR:StopPlace:58829,Stryken stasjon,2026-08-23T07:48:00+02:00,2026-08-23T07:48:03+02:00,2026-08-23T07:48:03+02:00,3.0,1,Gjøvik,VYG:Line:R31,Skøyen-Jaren-Gjøvik,R31,rail,VYG:ServiceJourney:205_443503-R,True,actual,False,,,,,2026-08-23T08:19:38.971673+02:00
NSR:StopPlace:59649,Nydalen stasjon,2026-08-23T08:03:00+02:00,2026-08-23T08:03:02+02:00,2026-08-23T08:03:02+02:00,2.0,1,Oslo lufthavn,NBU:Line:cb7b555c-f96e-42d5-84bf-a5e08c0145c2,Radiumhospitalet via Økern-Storo-Tåsen,FB3,bus,NBU:ServiceJourney:f97e170a-8e1a-4da7-8fbb-f9e52d727e11,True,actual,False,,,,,2026-08-23T08:19:38.971673+02:00
NSR:StopPlace:60944,Ski stasjon,2026-08-23T07:04:00+02:00,2026-08-23T07:04:02+02:00,2026-08-23T07:04:02+02:00,2.0,1,Kråkstad,RUT:Line:525,Kråkstad - Ski - Kråkstad,525,bus,RUT:ServiceJourney:4f4dfbd6e79d085e124008023ca4693b,True,actual,False,,,,,2026-08-23T08:19:38.971673+02:00
NSR:StopPlace:60042,Trengereid stasjon,2026-08-23T07:22:00+02:00,2026-08-23T07:22:02+02:00,2026-08-23T07:22:02+02:00,2.0,1,Myrdal,VYG:Line:R40,Bergen-Voss-Myrdal-Ål,R40,rail,VYG:ServiceJourney:1804_496767-R,True,actual,False,,,,,2026-08-23T08:19:38.971673+02:00
NSR:StopPlace:610,Sandvika stasjon,2026-08-23T08:01:00+02:00,2026-08-23T08:01:02+02:00,2026-08-23T08:01:02+02:00,2.0,1,Spikkestad,VYG:Line:L1,Spikkestad-Oslo S-Lillestrøm,L1,rail,VYG:ServiceJourney:2211_443602-R,True,actual,False,,,,,2026-08-23T08:19:38.971673+02:00
NSR:StopPlace:62393,Billingstad stasjon,2026-08-23T08:06:00+02:00,2026-08-23T08:06:02+02:00,2026-08-23T08:06:02+02:00,2.0,1,Spikkestad,VYG:Line:L1,Spikkestad-Oslo S-Lillestrøm,L1,rail,VYG:ServiceJourney:2211_443602-R,True,actual,False,,,,,2026-08-23T08:19:38.971673+02:00
NSR:StopPlace:58857,Lørenskog stasjon,2026-08-23T07:21:00+02:00,2026-08-23T07:21:01+02:00,2026-08-23T07:21:01+02:00,1.0,1,Spikkestad,VYG:Line:L1,Spikkestad-Oslo S-Lillestrøm,L1,rail,VYG:ServiceJourney:2211_443602-R,True,actual,False,,,,,2026-08-23T08:19:38.971673+02:00
NSR:StopPlace:59649,Nydalen stasjon,2026-08-23T07:46:00+02:00,2026-08-23T07:45:55+02:00,2026-08-23T07:45:55+02:00,0.0,0,Simensbråten,RUT:Line:23,Lysaker - Simensbråten,23,bus,RUT:ServiceJourney:96828aa95ab3455f19f904787ab7e688,True,actual,False,,,,,2026-08-23T08:19:38.971673+02:00
NSR:StopPlace:59654,Stabekk stasjon,2026-08-23T07:52:00+02:00,2026-08-23T07:51:54+02:00,2026-08-23T07:51:54+02:00,0.0,0,Nationaltheatret,RUT:Line:150,Gullhaug - Nationaltheatret,150,bus,RUT:ServiceJourney:221926a6ca1b3d8fad25b836f8f595e5,True,actual,False,,,,,2026-08-23T08:19:38.971673+02:00
NSR:StopPlace:59952,Drammen stasjon,2026-08-23T07:57:00+02:00,2026-08-23T07:56:58+02:00,2026-08-23T07:56:58+02:00,0.0,0,Lillehammer,VYG:Line:RE10,Drammen-Oslo S-Lillehammer,RE10,rail,VYG:ServiceJourney:309-SUD_520964-R,True,actual,False,,,,,2026-08-23T08:19:38.971673+02:00
NSR:StopPlace:60944,Ski stasjon,2026-08-23T08:14:00+02:00,2026-08-23T08:12:38+02:00,2026-08-23T08:12:38+02:00,0.0,0,Ski næringspark,RUT:Line:520,Vinterbro - Ski stasjon,520,bus,RUT:ServiceJourney:59a81a04ec1a3fbfc5a7b037c6a64a42,True,actual,False,,,,,2026-08-23T08:19:38.971673+02:00
NSR:StopPlace:59977,Trondheim S,2026-08-23T06:24:00+02:00,2026-08-23T06:23:46+02:00,2026-08-23T06:23:46+02:00,0.0,0,Lund via Kolstad-Heimdal,ATB:Line:2_2,Strindheim- Lade- sentrum- Sau,2,bus,ATB:ServiceJourney:2_251215112550173_7002,True,actual,False,,,,,2026-08-23T08:19:38.971673+02:00
NSR:StopPlace:59977,Trondheim S,2026-08-23T07:04:00+02:00,2026-08-23T07:03:53+02:00,2026-08-23T07:03:53+02:00,0.0,0,Storlien,SJN:Line:72,Meråkerbanen,R71,rail,SJN:ServiceJourney:1303_53534-R,True,actual,False,,,,,2026-08-23T08:19:38.971673+02:00
NSR:StopPlace:60016,Kråkstad stasjon,2026-08-23T07:40:00+02:00,2026-08-23T07:37:10+02:00,2026-08-23T07:37:10+02:00,0.0,0,Oslo S,VYG:Line:R22,Skøyen-Oslo S-Mysen-Rakkestad,R22,rail,VYG:ServiceJourney:BUS-1908_588863-R,True,actual,False,,,,,2026-08-23T08:19:38.971673+02:00
NSR:StopPlace:59243,Mo i Rana stasjon,2026-08-23T08:11:00+02:00,2026-08-23T08:11:00+02:00,2026-08-23T08:11:00+02:00,0.0,0,Trondheim S,SJN:Line:71,Nordlandsbanen,F7,rail,SJN:ServiceJourney:478_42792-R,True,actual,False,,,,,2026-08-23T08:19:38.971673+02:00
NSR:StopPlace:59620,Grorud stasjon,2026-08-23T06:54:00+02:00,2026-08-23T06:53:36+02:00,2026-08-23T06:53:36+02:00,0.0,0,Oslo lufthavn,NBU:Line:cb7b555c-f96e-42d5-84bf-a5e08c0145c2,Radiumhospitalet via Økern-Storo-Tåsen,FB3,bus,NBU:ServiceJourney:9d7c5d7e-fd86-44cd-8efe-6d4c69eeceeb,True,actual,False,,,,,2026-08-23T08:19:38.971673+02:00
NSR:StopPlace:58844,Eidsvoll stasjon,2026-08-23T06:31:00+02:00,2026-08-23T06:30:51+02:00,2026-08-23T06:30:51+02:00,0.0,0,Kongsberg,VYG:Line:R12,Kongsberg-Oslo S-Eidsvoll,R12,rail,VYG:ServiceJourney:505_444297-R,True,actual,False,,,,,2026-08-23T08:19:38.971673+02:00
NSR:StopPlace:58844,Eidsvoll stasjon,2026-08-23T07:01:00+02:00,2026-08-23T07:00:59+02:00,2026-08-23T07:00:59+02:00,0.0,0,Skien,VYG:Line:RE11,Eidsvoll-Oslo S-Skien,RE11,rail,VYG:ServiceJourney:807_444387-R,True,actual,False,,,,,2026-08-23T08:19:38.971673+02:00
NSR:StopPlace:58844,Eidsvoll stasjon,2026-08-23T07:31:00+02:00,2026-08-23T07:30:55+02:00,2026-08-23T07:30:55+02:00,0.0,0,Kongsberg,VYG:Line:R12,Kongsberg-Oslo S-Eidsvoll,R12,rail,VYG:ServiceJourney:507_444300-R,True,actual,False,,,,,2026-08-23T08:19:38.971673+02:00
NSR:StopPlace:58844,Eidsvoll stasjon,2026-08-23T07:53:00+02:00,2026-08-23T07:52:58+02:00,2026-08-23T07:52:58+02:00,0.0,0,Drammen,VYG:Line:RE10,Drammen-Oslo S-Lillehammer,RE10,rail,VYG:ServiceJourney:306-EVL_520950-R,True,actual,False,,,,,2026-08-23T08:19:38.971673+02:00
NSR:StopPlace:58844,Eidsvoll stasjon,2026-08-23T08:01:00+02:00,2026-08-23T08:00:55+02:00,2026-08-23T08:00:55+02:00,0.0,0,Skien,VYG:Line:RE11,Eidsvoll-Oslo S-Skien,RE11,rail,VYG:ServiceJourney:809_444389-R,True,actual,False,,,,,2026-08-23T08:19:38.971673+02:00
NSR:StopPlace:58852,Høn stasjon,2026-08-23T08:13:00+02:00,2026-08-23T08:12:58+02:00,2026-08-23T08:12:58+02:00,0.0,0,Spikkestad,VYG:Line:L1,Spikkestad-Oslo S-Lillestrøm,L1,rail,VYG:ServiceJourney:2211_443602-R,True,actual,False,,,,,2026-08-23T08:19:38.971673+02:00
NSR:StopPlace:58856,Lysaker stasjon,2026-08-23T06:45:00+02:00,2026-08-23T06:45:00+02:00,2026-08-23T06:45:00+02:00,0.0,0,Tjuvholmen,RUT:Line:42,Voksen skog - Tjuvholmen,42,bus,RUT:ServiceJourney:731d891b9b453f9d681409da83b8969f,True,actual,False,,,,,2026-08-23T08:19:38.971673+02:00
NSR:StopPlace:58869,Ås stasjon,2026-08-23T07:50:00+02:00,2026-08-23T07:49:07+02:00,2026-08-23T07:49:07+02:00,0.0,0,Oslo S,VYG:Line:R21,Stabekk-Oslo S-Moss,R21,rail,VYG:ServiceJourney:BUS-1114_588859-R,True,actual,False,,,,,2026-08-23T08:19:38.971673+02:00
NSR:StopPlace:313,Høybråten stasjon,2026-08-23T07:23:00+02:00,2026-08-23T07:23:00+02:00,2026-08-23T07:23:00+02:00,0.0,0,Spikkestad,VYG:Line:L1,Spikkestad-Oslo S-Lillestrøm,L1,rail,VYG:ServiceJourney:2211_443602-R,True,actual,False,,,,,2026-08-23T08:19:38.971673+02:00
NSR:StopPlace:364,Vaksdal stasjon,2026-08-23T07:31:00+02:00,2026-08-23T07:30:49+02:00,2026-08-23T07:30:49+02:00,0.0,0,Myrdal,VYG:Line:R40,Bergen-Voss-Myrdal-Ål,R40,rail,VYG:ServiceJourney:1804_496767-R,True,actual,False,,,,,2026-08-23T08:19:38.971673+02:00
NSR:StopPlace:59636,Holmlia stasjon,2026-08-23T05:59:00+02:00,2026-08-23T05:57:05+02:00,2026-08-23T05:57:05+02:00,0.0,0,Brenna,RUT:Line:73,Holmlia stasjon - Brenna,73,bus,RUT:ServiceJourney:3ed89c1f7694c452bddbcc3b9d88ebc2,True,actual,False,,,,,2026-08-23T06:25:28.795214+02:00
NSR:StopPlace:58925,Gausel stasjon,2026-08-23T06:10:00+02:00,2026-08-23T06:05:38+02:00,2026-08-23T06:05:38+02:00,0.0,0,Sandnes,KOL:Line:8_1001,1,1,bus,KOL:ServiceJourney:1001_251008118370006_5001,True,actual,False,,,,,2026-08-23T06:25:28.795214+02:00
NSR:StopPlace:58971,Mosjøen stasjon,2026-08-23T04:50:00+02:00,2026-08-23T04:49:27+02:00,2026-08-23T04:49:27+02:00,0.0,0,Sandnessjøen bussterminal,NOR:Line:12_3705,Mosjøen-Sandnessjøen,705,bus,NOR:ServiceJourney:3705_260505080732459_6001,True,actual,False,,,,,2026-08-23T04:52:42.669123+02:00
NSR:StopPlace:58952,Bodø stasjon,2026-08-23T02:32:00+02:00,2026-08-23T02:31:46+02:00,2026-08-23T02:31:46+02:00,0.0,0,Tverlandet,NOR:Line:12_8044,Tverlandet - Bodø sentrum - Løpsmarka Nattbuss,4 N,bus,NOR:ServiceJourney:8044_251012124900678_3003,True,actual,False,,,,,2026-08-23T02:32:00.800137+02:00
NSR:StopPlace:59977,Trondheim S,2026-08-23T07:49:00+02:00,2026-08-23T08:25:00+02:00,,2160.0,1,Bodø,SJN:Line:71,Nordlandsbanen,F7,rail,SJN:ServiceJourney:471_46158-R,True,expected,False,,,,,2026-08-23T08:19:38.971673+02:00
NSR:StopPlace:59261,Trondheim lufthavn,2026-08-23T08:24:00+02:00,2026-08-23T08:50:18+02:00,,1578.0,1,Bodø,SJN:Line:71,Nordlandsbanen,F7,rail,SJN:ServiceJourney:471_46158-R,True,expected,False,,,,,2026-08-23T08:19:38.971673+02:00
NSR:StopPlace:58948,Stjørdal stasjon,2026-08-23T08:28:00+02:00,2026-08-23T08:53:50+02:00,,1550.0,1,Bodø,SJN:Line:71,Nordlandsbanen,F7,rail,SJN:ServiceJourney:471_46158-R,True,expected,False,,,,,2026-08-23T08:19:38.971673+02:00
NSR:StopPlace:59261,Trondheim lufthavn,2026-08-23T02:19:00+02:00,2026-08-23T02:33:44+02:00,,884.0,1,Stjørdal,ATB:Line:2_116,Trondheim- Hommelvik- Stjørdal,116,bus,ATB:ServiceJourney:116_251217091073826_6002,True,expected,False,,,,,2026-08-23T02:32:00.800137+02:00
NSR:StopPlace:58932,Hommelvik stasjon,2026-08-23T02:07:00+02:00,2026-08-23T02:21:04+02:00,,844.0,1,Stjørdal,ATB:Line:2_116,Trondheim- Hommelvik- Stjørdal,116,bus,ATB:ServiceJourney:116_251217091073826_6002,True,expected,False,,,,,2026-08-23T02:32:00.800137+02:00
NSR:StopPlace:58963,Jessheim stasjon,2026-08-23T08:07:00+02:00,2026-08-23T08:19:52+02:00,,772.0,1,Drammen,VYG:Line:R13,Drammen-Oslo S-Dal,R13,rail,VYG:ServiceJourney:1614_443243-R,True,expected,False,,,,,2026-08-23T08:19:38.971673+02:00
NSR:StopPlace:58964,Kløfta stasjon,2026-08-23T08:14:00+02:00,2026-08-23T08:25:11+02:00,,671.0,1,Drammen,VYG:Line:R13,Drammen-Oslo S-Dal,R13,rail,VYG:ServiceJourney:1614_443243-R,True,expected,False,,,,,2026-08-23T08:19:38.971673+02:00
NSR:StopPlace:62094,Lindeberg stasjon,2026-08-23T08:18:00+02:00,2026-08-23T08:28:17+02:00,,617.0,1,Drammen,VYG:Line:R13,Drammen-Oslo S-Dal,R13,rail,VYG:ServiceJourney:1614_443243-R,True,expected,False,,,,,2026-08-23T08:19:38.971673+02:00
NSR:StopPlace:58847,Frogner stasjon,2026-08-23T08:21:00+02:00,2026-08-23T08:31:02+02:00,,602.0,1,Drammen,VYG:Line:R13,Drammen-Oslo S-Dal,R13,rail,VYG:ServiceJourney:1614_443243-R,True,expected,False,,,,,2026-08-23T08:19:38.971673+02:00
NSR:StopPlace:59635,Hauketo stasjon,2026-08-23T02:24:00+02:00,2026-08-23T02:33:58+02:00,,598.0,1,Åsbråten,RUT:Line:3919,Kringsjå - Åsbråten,19N,bus,RUT:ServiceJourney:b2b06563e29319c483d239b60f872494,True,expected,False,,,,,2026-08-23T02:32:00.800137+02:00
NSR:StopPlace:59636,Holmlia stasjon,2026-08-23T02:26:00+02:00,2026-08-23T02:35:58+02:00,,598.0,1,Åsbråten,RUT:Line:3919,Kringsjå - Åsbråten,19N,bus,RUT:ServiceJourney:b2b06563e29319c483d239b60f872494,True,expected,False,,,,,2026-08-23T02:32:00.800137+02:00
NSR:StopPlace:59638,Myrvoll stasjon,2026-08-23T02:30:00+02:00,2026-08-23T02:39:12+02:00,,552.0,1,Ski stasjon,RUT:Line:3981,Nationaltheatret - Ski,81N,bus,RUT:ServiceJourney:7887a5889a2af2641e998f1f20f0104f,True,expected,False,,,,,2026-08-23T02:32:00.800137+02:00
NSR:StopPlace:58860,Oppegård stasjon,2026-08-23T02:35:00+02:00,2026-08-23T02:44:12+02:00,,552.0,1,Ski stasjon,RUT:Line:3981,Nationaltheatret - Ski,81N,bus,RUT:ServiceJourney:7887a5889a2af2641e998f1f20f0104f,True,expected,False,,,,,2026-08-23T02:32:00.800137+02:00
NSR:StopPlace:58855,Leirsund stasjon,2026-08-23T08:25:00+02:00,2026-08-23T08:34:07+02:00,,547.0,1,Drammen,VYG:Line:R13,Drammen-Oslo S-Dal,R13,rail,VYG:ServiceJourney:1614_443243-R,True,expected,False,,,,,2026-08-23T08:19:38.971673+02:00
NSR:StopPlace:58853,Kolbotn stasjon,2026-08-23T08:37:00+02:00,2026-08-23T08:45:00+02:00,,480.0,1,Tårnåsen,RUT:Line:83,Jernbanetorget - Tårnåsen,83,bus,RUT:ServiceJourney:d427ab45422f782da9d87e670fa10d90,True,expected,False,Linje 80E og 83 får Hausmanns bru som ny endeholdeplass fra 29. juni,"Bussene stopper ikke på Jernbanetorget etter 29. juni, men starter og stopper på Hausmanns bru i Nylandsveien.",incident,normal,2026-08-23T08:19:38.971673+02:00
NSR:StopPlace:58861,Solbråtan stasjon,2026-08-23T08:41:00+02:00,2026-08-23T08:49:00+02:00,,480.0,1,Tårnåsen,RUT:Line:83,Jernbanetorget - Tårnåsen,83,bus,RUT:ServiceJourney:d427ab45422f782da9d87e670fa10d90,True,expected,False,Linje 80E og 83 får Hausmanns bru som ny endeholdeplass fra 29. juni,"Bussene stopper ikke på Jernbanetorget etter 29. juni, men starter og stopper på Hausmanns bru i Nylandsveien.",incident,normal,2026-08-23T08:19:38.971673+02:00
NSR:StopPlace:58848,Haga stasjon,2026-08-23T08:13:00+02:00,2026-08-23T08:20:08+02:00,,428.0,1,Asker,VYG:Line:R14,Asker-Oslo S-Kongsvinger,R14,rail,VYG:ServiceJourney:1008_442913-R,True,expected,False,,,,,2026-08-23T08:19:38.971673+02:00
NSR:StopPlace:441,Auli stasjon,2026-08-23T08:15:00+02:00,2026-08-23T08:22:08+02:00,,428.0,1,Asker,VYG:Line:R14,Asker-Oslo S-Kongsvinger,R14,rail,VYG:ServiceJourney:1008_442913-R,True,expected,False,,,,,2026-08-23T08:19:38.971673+02:00
NSR:StopPlace:59642,Rånåsfoss stasjon,2026-08-23T08:18:00+02:00,2026-08-23T08:24:33+02:00,,393.0,1,Asker,VYG:Line:R14,Asker-Oslo S-Kongsvinger,R14,rail,VYG:ServiceJourney:1008_442913-R,True,expected,False,,,,,2026-08-23T08:19:38.971673+02:00
NSR:StopPlace:58842,Blaker stasjon,2026-08-23T08:21:00+02:00,2026-08-23T08:27:10+02:00,,370.0,1,Asker,VYG:Line:R14,Asker-Oslo S-Kongsvinger,R14,rail,VYG:ServiceJourney:1008_442913-R,True,expected,False,,,,,2026-08-23T08:19:38.971673+02:00
NSR:StopPlace:59651,Skøyen stasjon,2026-08-23T04:49:00+02:00,2026-08-23T04:55:10+02:00,,370.0,1,Oslo Lufthavn,FLT:Line:FLY1,FLY1,FLY1,rail,FLT:ServiceJourney:1-2614-3703-20260823,True,expected,False,,,,,2026-08-23T04:52:42.669123+02:00
NSR:StopPlace:59977,Trondheim S,2026-08-23T06:47:00+02:00,2026-08-23T06:53:03+02:00,,363.0,1,Strindheim via Lade,ATB:Line:2_2,Strindheim- Lade- sentrum- Sau,2,bus,ATB:ServiceJourney:2_251215112550023_7001,True,expected,False,,,,,2026-08-23T08:19:38.971673+02:00
NSR:StopPlace:62339,Lillestrøm stasjon,2026-08-23T04:50:00+02:00,2026-08-23T04:55:56+02:00,,356.0,1,Oslo Lufthavn,FLT:Line:FLY1,FLY1,FLY1,rail,FLT:ServiceJourney:1-2614-3701-20260823,True,expected,False,Heis på Lillestrøm ute av drift,Heisen på Lillestrøm til spor 3 og 4 er ute av drift.,general,normal,2026-08-23T04:52:42.669123+02:00
NSR:StopPlace:58964,Kløfta stasjon,2026-08-23T04:53:00+02:00,2026-08-23T04:58:43+02:00,,343.0,1,Frogner,RUT:Line:425,Kløfta – Oslo lufthavn,425,bus,RUT:ServiceJourney:f3a6b60116d656029d8ad8add52e9d0e,True,expected,False,,,,,2026-08-23T04:52:42.669123+02:00
NSR:StopPlace:58921,Vennesla stasjon,2026-08-23T02:41:00+02:00,2026-08-23T02:46:04+02:00,,304.0,1,Vennesla - Grovane st. via Moseidmoen,AKT:Line:9030,Kristiansand-Mosby-Vennesla,N30,bus,AKT:ServiceJourney:75055_6941_49_189000_191400_40001566,True,expected,False,,,,,2026-08-23T02:32:00.800137+02:00
NSR:StopPlace:59636,Holmlia stasjon,2026-08-23T02:29:00+02:00,2026-08-23T02:33:59+02:00,,299.0,1,Fløysbonn,RUT:Line:3983,Nationaltheatret - Fløysbonn,83N,bus,RUT:ServiceJourney:5c28c4194eb00575a0b4652eaf93a033,True,expected,False,,,,,2026-08-23T02:32:00.800137+02:00
NSR:StopPlace:59637,Rosenholm stasjon,2026-08-23T02:32:00+02:00,2026-08-23T02:36:59+02:00,,299.0,1,Fløysbonn,RUT:Line:3983,Nationaltheatret - Fløysbonn,83N,bus,RUT:ServiceJourney:5c28c4194eb00575a0b4652eaf93a033,True,expected,False,,,,,2026-08-23T02:32:00.800137+02:00
NSR:StopPlace:59635,Hauketo stasjon,2026-08-23T02:49:00+02:00,2026-08-23T02:53:53+02:00,,293.0,1,Kringsjå,RUT:Line:3919,Kringsjå - Åsbråten,19N,bus,RUT:ServiceJourney:fbb222b5ecce0c82b0fd87712ffa8d1d,True,expected,False,,,,,2026-08-23T02:32:00.800137+02:00
NSR:StopPlace:59636,Holmlia stasjon,2026-08-23T02:45:00+02:00,2026-08-23T02:49:53+02:00,,293.0,1,Kringsjå,RUT:Line:3919,Kringsjå - Åsbråten,19N,bus,RUT:ServiceJourney:fbb222b5ecce0c82b0fd87712ffa8d1d,True,expected,False,,,,,2026-08-23T02:32:00.800137+02:00
NSR:StopPlace:58926,Dale stasjon,2026-08-23T06:27:00+02:00,2026-08-23T06:31:46+02:00,,286.0,1,Bergen,VYG:Line:R40,Bergen-Voss-Myrdal-Ål,R40,rail,VYG:ServiceJourney:1807_481187-R,True,expected,False,,,,,2026-08-23T06:25:28.795214+02:00
NSR:StopPlace:58853,Kolbotn stasjon,2026-08-23T02:46:00+02:00,2026-08-23T02:50:43+02:00,,283.0,1,Fløysbonn,RUT:Line:3983,Nationaltheatret - Fløysbonn,83N,bus,RUT:ServiceJourney:5c28c4194eb00575a0b4652eaf93a033,True,expected,False,,,,,2026-08-23T02:32:00.800137+02:00
NSR:StopPlace:62339,Lillestrøm stasjon,2026-08-23T08:36:00+02:00,2026-08-23T08:40:08+02:00,,248.0,1,Drammen,VYG:Line:R13,Drammen-Oslo S-Dal,R13,rail,VYG:ServiceJourney:1614_443243-R,True,expected,False,Heis på Lillestrøm ute av drift,Heisen på Lillestrøm til spor 3 og 4 er ute av drift.,general,normal,2026-08-23T08:19:38.971673+02:00
NSR:StopPlace:59635,Hauketo stasjon,2026-08-23T02:40:00+02:00,2026-08-23T02:44:01+02:00,,241.0,1,Ski stasjon,RUT:Line:3981,Nationaltheatret - Ski,81N,bus,RUT:ServiceJourney:2d14132c7c22b3524425e84b9d3f2b80,True,expected,False,,,,,2026-08-23T02:32:00.800137+02:00
NSR:StopPlace:59638,Myrvoll stasjon,2026-08-23T03:00:00+02:00,2026-08-23T03:04:01+02:00,,241.0,1,Ski stasjon,RUT:Line:3981,Nationaltheatret - Ski,81N,bus,RUT:ServiceJourney:2d14132c7c22b3524425e84b9d3f2b80,True,expected,False,,,,,2026-08-23T02:32:00.800137+02:00
NSR:StopPlace:58860,Oppegård stasjon,2026-08-23T03:05:00+02:00,2026-08-23T03:09:01+02:00,,241.0,1,Ski stasjon,RUT:Line:3981,Nationaltheatret - Ski,81N,bus,RUT:ServiceJourney:2d14132c7c22b3524425e84b9d3f2b80,True,expected,False,,,,,2026-08-23T02:32:00.800137+02:00
NSR:StopPlace:58811,Moelv stasjon,2026-08-23T08:26:00+02:00,2026-08-23T08:29:58+02:00,,238.0,1,Hamar,INN:Line:100,Hamar - Gjøvik,100,bus,INN:ServiceJourney:83528,True,expected,False,,,,,2026-08-23T08:19:38.971673+02:00
NSR:StopPlace:61169,Marienborg stasjon,2026-08-23T06:42:00+02:00,2026-08-23T06:45:52+02:00,,232.0,1,St. Olavs hospital,ATB:Line:2_52,Lundåsen- Kattem - Heimdal - Flatåsen - Byåsen - St. Olavs Hospital,52,bus,ATB:ServiceJourney:52_251215112546783_7002,True,expected,False,,,,,2026-08-23T06:25:28.795214+02:00
NSR:StopPlace:58849,Hakadal stasjon,2026-08-23T06:38:00+02:00,2026-08-23T06:41:27+02:00,,207.0,1,Oslo bussterminal,RUT:Line:390,Kongskog/Hellerudhaugen - Oslo bussterminal,390,bus,RUT:ServiceJourney:5f0df13c1b3221dabd939b402d5922d5,True,expected,False,,,,,2026-08-23T06:25:28.795214+02:00
NSR:StopPlace:60944,Ski stasjon,2026-08-23T02:42:00+02:00,2026-08-23T02:45:24+02:00,,204.0,1,Oslo bussterminal,RUT:Line:2540,Oslo - Ski - Ås - Vestby (nattbuss),540N,bus,RUT:ServiceJourney:09fc245ad32d29512d52067882a15043,True,expected,False,,,,,2026-08-23T02:32:00.800137+02:00
NSR:StopPlace:58820,Harestua stasjon,2026-08-23T05:47:00+02:00,2026-08-23T05:50:16+02:00,,196.0,1,Oslo S,VYG:Line:R31,Skøyen-Jaren-Gjøvik,R31,rail,VYG:ServiceJourney:202-JAH_488310-R,True,expected,False,,,,,2026-08-23T06:25:28.795214+02:00
NSR:StopPlace:59646,Høvik stasjon,2026-08-23T02:33:00+02:00,2026-08-23T02:36:15+02:00,,195.0,1,Sandvika,RUT:Line:3250,Nationaltheatretl - Sandvika- Slemmestad- Sætre,250N,bus,RUT:ServiceJourney:127007a2dec890a9510c5e932bb9a407,True,expected,False,,,,,2026-08-23T02:32:00.800137+02:00
NSR:StopPlace:58820,Harestua stasjon,2026-08-23T07:47:00+02:00,2026-08-23T07:50:14+02:00,,194.0,1,Oslo S,VYG:Line:R31,Skøyen-Jaren-Gjøvik,R31,rail,VYG:ServiceJourney:206_443504-R,True,expected,False,,,,,2026-08-23T08:19:38.971673+02:00
NSR:StopPlace:59635,Hauketo stasjon,2026-08-23T08:33:00+02:00,2026-08-23T08:35:48+02:00,,168.0,1,Myrvoll stasjon,RUT:Line:81,Fornebu - Myrvoll stasjon,81,bus,RUT:ServiceJourney:06d3efe1e4fd43b01e70b80532983df2,True,expected,False,,,,,2026-08-23T08:19:38.971673+02:00
NSR:StopPlace:59651,Skøyen stasjon,2026-08-23T05:36:00+02:00,2026-08-23T05:38:45+02:00,,165.0,1,Fornebu,RUT:Line:31,Snarøya - Fornebu - Tonsenhagen - Grorud,31,bus,RUT:ServiceJourney:3fc0d1c8dca423ac1e8edc6a76cec650,True,expected,False,,,,,2026-08-23T04:52:42.669123+02:00
NSR:StopPlace:58853,Kolbotn stasjon,2026-08-23T08:19:00+02:00,2026-08-23T08:21:36+02:00,,156.0,1,Bjørvika,RUT:Line:83,Jernbanetorget - Tårnåsen,83,bus,RUT:ServiceJourney:f1b6111faae4e795f243cac7ac9117c6,True,expected,False,Linje 80E og 83 får Hausmanns bru som ny endeholdeplass fra 29. juni,"Bussene stopper ikke på Jernbanetorget etter 29. juni, men starter og stopper på Hausmanns bru i Nylandsveien.",incident,normal,2026-08-23T08:19:38.971673+02:00
NSR:StopPlace:58864,Sørumsand stasjon,2026-08-23T08:29:00+02:00,2026-08-23T08:31:27+02:00,,147.0,1,Asker,VYG:Line:R14,Asker-Oslo S-Kongsvinger,R14,rail,VYG:ServiceJourney:1008_442913-R,True,expected,False,,,,,2026-08-23T08:19:38.971673+02:00
NSR:StopPlace:60944,Ski stasjon,2026-08-23T02:45:00+02:00,2026-08-23T02:47:26+02:00,,146.0,1,Korsegården,RUT:Line:510,Bøleråsen - Ski - Ås - Drøbak,510,bus,RUT:ServiceJourney:be83df6064624b7cc3590997ff2d3bfd,True,expected,False,,,,,2026-08-23T02:32:00.800137+02:00
NSR:StopPlace:58854,Langhus stasjon,2026-08-23T02:37:00+02:00,2026-08-23T02:39:26+02:00,,146.0,1,Korsegården,RUT:Line:510,Bøleråsen - Ski - Ås - Drøbak,510,bus,RUT:ServiceJourney:be83df6064624b7cc3590997ff2d3bfd,True,expected,False,,,,,2026-08-23T02:32:00.800137+02:00
NSR:StopPlace:58866,Vevelstad stasjon,2026-08-23T02:34:00+02:00,2026-08-23T02:36:26+02:00,,146.0,1,Korsegården,RUT:Line:510,Bøleråsen - Ski - Ås - Drøbak,510,bus,RUT:ServiceJourney:be83df6064624b7cc3590997ff2d3bfd,True,expected,False,,,,,2026-08-23T02:32:00.800137+02:00
NSR:StopPlace:58853,Kolbotn stasjon,2026-08-23T08:20:00+02:00,2026-08-23T08:22:20+02:00,,140.0,1,Kolbotn,RUT:Line:87,Hauketo stasjon - Kolbotn,87,bus,RUT:ServiceJourney:3001c6422fb731bece2ee1c5d1c17efb,True,expected,False,,,,,2026-08-23T08:19:38.971673+02:00
NSR:StopPlace:59872,Oslo S,2026-08-23T08:49:00+02:00,2026-08-23T08:51:07+02:00,,127.0,1,Drammen,VYG:Line:R13,Drammen-Oslo S-Dal,R13,rail,VYG:ServiceJourney:1614_443243-R,True,expected,False,,,,,2026-08-23T08:19:38.971673+02:00
NSR:StopPlace:58404,Nationaltheatret,2026-08-23T06:41:00+02:00,2026-08-23T06:43:06+02:00,,126.0,1,Nationaltheatret,RUT:Line:160,Rykkinn -Nationaltheatret,160,bus,RUT:ServiceJourney:755424fc97e2f5939c3c1ac9d35021fc,True,expected,False,,,,,2026-08-23T06:25:28.795214+02:00
NSR:StopPlace:61169,Marienborg stasjon,2026-08-23T08:49:00+02:00,2026-08-23T08:51:05+02:00,,125.0,1,Havstad,ATB:Line:2_13,Østmarka - Strindheim - Lerkendal - Havstad,13,bus,ATB:ServiceJourney:13_251215112552803_7010,True,expected,False,,,,,2026-08-23T08:19:38.971673+02:00
NSR:StopPlace:59635,Hauketo stasjon,2026-08-23T08:57:00+02:00,2026-08-23T08:59:05+02:00,,125.0,1,Åsbråten,RUT:Line:79,Grorud T - Åsbråten,79,bus,RUT:ServiceJourney:b1f6d2f497c8e6799acc1dd9d3d6b77f,True,expected,False,,,,,2026-08-23T08:19:38.971673+02:00
NSR:StopPlace:59636,Holmlia stasjon,2026-08-23T09:04:00+02:00,2026-08-23T09:06:05+02:00,,125.0,1,Åsbråten,RUT:Line:79,Grorud T - Åsbråten,79,bus,RUT:ServiceJourney:b1f6d2f497c8e6799acc1dd9d3d6b77f,True,expected,False,,,,,2026-08-23T08:19:38.971673+02:00
NSR:StopPlace:60640,Heimdal stasjon,2026-08-23T02:18:00+02:00,2026-08-23T02:20:03+02:00,,123.0,1,Lundåsen,ATB:Line:2_109,Nattbuss Bjørndalen/Kattem/Lun,109,bus,ATB:ServiceJourney:109_251215112543889_6006,True,expected,False,,,,,2026-08-23T02:32:00.800137+02:00
NSR:StopPlace:60640,Heimdal stasjon,2026-08-23T03:18:00+02:00,2026-08-23T03:20:02+02:00,,122.0,1,Lundåsen,ATB:Line:2_109,Nattbuss Bjørndalen/Kattem/Lun,109,bus,ATB:ServiceJourney:109_251215112543890_6010,True,expected,False,,,,,2026-08-23T02:32:00.800137+02:00
NSR:StopPlace:59650,Nyland stasjon,2026-08-23T02:46:00+02:00,2026-08-23T02:48:02+02:00,,122.0,1,Vestli,RUT:Line:3905,Jernbanetorget - Vestli T,5N,bus,RUT:ServiceJourney:8b1e589017715cbe02a1f9930427c92b,True,expected,False,,,,,2026-08-23T02:32:00.800137+02:00
NSR:StopPlace:59620,Grorud stasjon,2026-08-23T02:48:00+02:00,2026-08-23T02:50:02+02:00,,122.0,1,Vestli,RUT:Line:3905,Jernbanetorget - Vestli T,5N,bus,RUT:ServiceJourney:8b1e589017715cbe02a1f9930427c92b,True,expected,False,,,,,2026-08-23T02:32:00.800137+02:00
NSR:StopPlace:58837,Nesbyen stasjon,2026-08-23T09:07:00+02:00,2026-08-23T09:09:00+02:00,,120.0,1,Bergen,VYG:Line:F4,Oslo S-Bergen,F4,rail,VYG:ServiceJourney:61-LOD_504304-R,True,expected,False,,,,,2026-08-23T08:19:38.971673+02:00
NSR:StopPlace:58811,Moelv stasjon,2026-08-23T08:24:00+02:00,2026-08-23T08:25:58+02:00,,118.0,1,Eidsvoll,VYG:Line:RE10,Drammen-Oslo S-Lillehammer,RE10,rail,VYG:ServiceJourney:BUS-310_588895-R,True,expected,False,,,,,2026-08-23T08:19:38.971673+02:00
NSR:StopPlace:58871,Sande stasjon,2026-08-23T07:34:00+02:00,2026-08-23T07:35:56+02:00,,116.0,1,Eidsvoll,VYG:Line:RE11,Eidsvoll-Oslo S-Skien,RE11,rail,VYG:ServiceJourney:806_444386-R,True,expected,False,,,,,2026-08-23T08:19:38.971673+02:00
NSR:StopPlace:61169,Marienborg stasjon,2026-08-23T02:35:00+02:00,2026-08-23T02:36:53+02:00,,113.0,1,Flatåsen via Byåsen,ATB:Line:2_101,Nattbuss Byåsen/Flatåsen,101,bus,ATB:ServiceJourney:101_251215112544850_6008,True,expected,False,,,,,2026-08-23T02:32:00.800137+02:00
NSR:StopPlace:58971,Mosjøen stasjon,2026-08-23T08:31:00+02:00,2026-08-23T08:32:52+02:00,,112.0,1,Mosjøen,NOR:Line:12_3705,Mosjøen-Sandnessjøen,705,bus,NOR:ServiceJourney:3705_251012124859840_5002,True,expected,False,,,,,2026-08-23T08:19:38.971673+02:00
NSR:StopPlace:58805,Brumunddal stasjon,2026-08-23T08:40:00+02:00,2026-08-23T08:41:52+02:00,,112.0,1,Eidsvoll,VYG:Line:RE10,Drammen-Oslo S-Lillehammer,RE10,rail,VYG:ServiceJourney:BUS-310_588895-R,True,expected,False,,,,,2026-08-23T08:19:38.971673+02:00
NSR:StopPlace:61169,Marienborg stasjon,2026-08-23T03:05:00+02:00,2026-08-23T03:06:52+02:00,,112.0,1,Flatåsen via Byåsen,ATB:Line:2_101,Nattbuss Byåsen/Flatåsen,101,bus,ATB:ServiceJourney:101_251215112544848_6010,True,expected,False,,,,,2026-08-23T02:32:00.800137+02:00
NSR:StopPlace:58853,Kolbotn stasjon,2026-08-23T08:19:00+02:00,2026-08-23T08:20:51+02:00,,111.0,1,Kolbotn torg,RUT:Line:580,Kolbotn - Ski,580,bus,RUT:ServiceJourney:97bf387953e6ea080ef29eb27590879b,True,expected,False,,,,,2026-08-23T08:19:38.971673+02:00
NSR:StopPlace:61169,Marienborg stasjon,2026-08-23T08:19:00+02:00,2026-08-23T08:20:49+02:00,,109.0,1,Havstad,ATB:Line:2_13,Østmarka - Strindheim - Lerkendal - Havstad,13,bus,ATB:ServiceJourney:13_251215112552804_7008,True,expected,False,,,,,2026-08-23T08:19:38.971673+02:00
NSR:StopPlace:58964,Kløfta stasjon,2026-08-23T06:53:00+02:00,2026-08-23T06:54:49+02:00,,109.0,1,Frogner,RUT:Line:425,Kløfta – Oslo lufthavn,425,bus,RUT:ServiceJourney:7e99517f9a136135edcb215b4aa57533,True,expected,False,,,,,2026-08-23T06:25:28.795214+02:00
NSR:StopPlace:59872,Oslo S,2026-08-23T05:00:00+02:00,2026-08-23T05:01:49+02:00,,109.0,1,Oslo Lufthavn,FLT:Line:FLY1,FLY1,FLY1,rail,FLT:ServiceJourney:1-2614-3703-20260823,True,expected,False,,,,,2026-08-23T04:52:42.669123+02:00
NSR:StopPlace:59650,Nyland stasjon,2026-08-23T04:52:00+02:00,2026-08-23T04:53:49+02:00,,109.0,1,Oslo lufthavn,NBU:Line:cb7b555c-f96e-42d5-84bf-a5e08c0145c2,Radiumhospitalet via Økern-Storo-Tåsen,FB3,bus,NBU:ServiceJourney:0e22b733-a412-4078-987f-4047b44fa091,True,expected,False,,,,,2026-08-23T04:52:42.669123+02:00
NSR:StopPlace:61169,Marienborg stasjon,2026-08-23T09:15:00+02:00,2026-08-23T09:16:46+02:00,,106.0,1,Østmarka via Lerkendal-Strindh.,ATB:Line:2_13,Østmarka - Strindheim - Lerkendal - Havstad,13,bus,ATB:ServiceJourney:13_251215112552854_7011,True,expected,False,,,,,2026-08-23T08:19:38.971673+02:00
NSR:StopPlace:58951,Bjerka stasjon,2026-08-23T08:31:00+02:00,2026-08-23T08:32:46+02:00,,106.0,1,Trondheim S,SJN:Line:71,Nordlandsbanen,F7,rail,SJN:ServiceJourney:478_42792-R,True,expected,False,,,,,2026-08-23T08:19:38.971673+02:00
NSR:StopPlace:61169,Marienborg stasjon,2026-08-23T08:45:00+02:00,2026-08-23T08:46:44+02:00,,104.0,1,Østmarka via Lerkendal-Strindh.,ATB:Line:2_13,Østmarka - Strindheim - Lerkendal - Havstad,13,bus,ATB:ServiceJourney:13_251215112552896_7009,True,expected,False,,,,,2026-08-23T08:19:38.971673+02:00
NSR:StopPlace:60640,Heimdal stasjon,2026-08-23T02:48:00+02:00,2026-08-23T02:49:43+02:00,,103.0,1,Lundåsen,ATB:Line:2_109,Nattbuss Bjørndalen/Kattem/Lun,109,bus,ATB:ServiceJourney:109_251215112543887_6008,True,expected,False,,,,,2026-08-23T02:32:00.800137+02:00
NSR:StopPlace:58853,Kolbotn stasjon,2026-08-23T03:16:00+02:00,2026-08-23T03:17:42+02:00,,102.0,1,Fløysbonn,RUT:Line:3983,Nationaltheatret - Fløysbonn,83N,bus,RUT:ServiceJourney:4550841336d35aae9bb2f2b337757a72,True,expected,False,,,,,2026-08-23T02:32:00.800137+02:00
NSR:StopPlace:59638,Myrvoll stasjon,2026-08-23T08:26:00+02:00,2026-08-23T08:27:38+02:00,,98.0,1,Ski stasjon,RUT:Line:580,Kolbotn - Ski,580,bus,RUT:ServiceJourney:62128bc81b374f82e5f8ca1cd2ab9654,True,expected,False,,,,,2026-08-23T08:19:38.971673+02:00
NSR:StopPlace:58860,Oppegård stasjon,2026-08-23T08:31:00+02:00,2026-08-23T08:32:38+02:00,,98.0,1,Ski stasjon,RUT:Line:580,Kolbotn - Ski,580,bus,RUT:ServiceJourney:62128bc81b374f82e5f8ca1cd2ab9654,True,expected,False,,,,,2026-08-23T08:19:38.971673+02:00
NSR:StopPlace:59650,Nyland stasjon,2026-08-23T04:53:00+02:00,2026-08-23T04:54:34+02:00,,94.0,1,Jernbanetorget,RUT:Line:3905,Jernbanetorget - Vestli T,5N,bus,RUT:ServiceJourney:c206f9a42c7c6e48db4adb55b781ca29,True,expected,False,,,,,2026-08-23T04:52:42.669123+02:00
NSR:StopPlace:59636,Holmlia stasjon,2026-08-23T02:56:00+02:00,2026-08-23T02:57:33+02:00,,93.0,1,Åsbråten,RUT:Line:3919,Kringsjå - Åsbråten,19N,bus,RUT:ServiceJourney:25b7516cce8ca894da340dbde53a8b29,True,expected,False,,,,,2026-08-23T02:32:00.800137+02:00
NSR:StopPlace:58824,Lunner stasjon,2026-08-23T05:31:00+02:00,2026-08-23T05:32:32+02:00,,92.0,1,Oslo S,VYG:Line:R31,Skøyen-Jaren-Gjøvik,R31,rail,VYG:ServiceJourney:202-JAH_488310-R,True,expected,False,,,,,2026-08-23T06:25:28.795214+02:00
NSR:StopPlace:58404,Nationaltheatret,2026-08-23T06:25:00+02:00,2026-08-23T06:26:31+02:00,,91.0,1,Fornebu,RUT:Line:31,Snarøya - Fornebu - Tonsenhagen - Grorud,31,bus,RUT:ServiceJourney:3a258e11b953c77d46e4fd7d413218ef,True,expected,False,,,,,2026-08-23T06:25:28.795214+02:00
NSR:StopPlace:58211,Oslo lufthavn,2026-08-23T08:25:00+02:00,2026-08-23T08:26:30+02:00,,90.0,1,Kløfta,RUT:Line:425,Kløfta – Oslo lufthavn,425,bus,RUT:ServiceJourney:f9087a281645533c5f09a34789b52284,True,expected,False,,,,,2026-08-23T08:19:38.971673+02:00
NSR:StopPlace:59635,Hauketo stasjon,2026-08-23T02:43:00+02:00,2026-08-23T02:44:30+02:00,,90.0,1,Ski stasjon,RUT:Line:515,Ski - Oslo,515,bus,RUT:ServiceJourney:76752b18b801c007256e82d52fa9d288,True,expected,False,,,,,2026-08-23T02:32:00.800137+02:00
NSR:StopPlace:59635,Hauketo stasjon,2026-08-23T08:28:00+02:00,2026-08-23T08:29:28+02:00,,88.0,1,Filipstad,RUT:Line:81,Fornebu - Myrvoll stasjon,81,bus,RUT:ServiceJourney:4b0f2fa629aaf46dd61b8fbcd15be762,True,expected,False,,,,,2026-08-23T08:19:38.971673+02:00
NSR:StopPlace:58818,Gran stasjon,2026-08-23T05:25:00+02:00,2026-08-23T05:26:28+02:00,,88.0,1,Oslo S,VYG:Line:R31,Skøyen-Jaren-Gjøvik,R31,rail,VYG:ServiceJourney:202-JAH_488310-R,True,expected,False,,,,,2026-08-23T06:25:28.795214+02:00
NSR:StopPlace:59636,Holmlia stasjon,2026-08-23T02:59:00+02:00,2026-08-23T03:00:27+02:00,,87.0,1,Fløysbonn,RUT:Line:3983,Nationaltheatret - Fløysbonn,83N,bus,RUT:ServiceJourney:4550841336d35aae9bb2f2b337757a72,True,expected,False,,,,,2026-08-23T02:32:00.800137+02:00
NSR:StopPlace:59637,Rosenholm stasjon,2026-08-23T03:02:00+02:00,2026-08-23T03:03:27+02:00,,87.0,1,Fløysbonn,RUT:Line:3983,Nationaltheatret - Fløysbonn,83N,bus,RUT:ServiceJourney:4550841336d35aae9bb2f2b337757a72,True,expected,False,,,,,2026-08-23T02:32:00.800137+02:00
NSR:StopPlace:59638,Myrvoll stasjon,2026-08-23T06:37:00+02:00,2026-08-23T06:38:26+02:00,,86.0,1,Kolbotn torg,RUT:Line:580,Kolbotn - Ski,580,bus,RUT:ServiceJourney:865f530168ad65ab5a9fd847a14251e8,True,expected,False,,,,,2026-08-23T06:25:28.795214+02:00
NSR:StopPlace:58853,Kolbotn stasjon,2026-08-23T06:49:00+02:00,2026-08-23T06:50:26+02:00,,86.0,1,Kolbotn torg,RUT:Line:580,Kolbotn - Ski,580,bus,RUT:ServiceJourney:865f530168ad65ab5a9fd847a14251e8,True,expected,False,,,,,2026-08-23T06:25:28.795214+02:00
NSR:StopPlace:61169,Marienborg stasjon,2026-08-23T02:05:00+02:00,2026-08-23T02:06:24+02:00,,84.0,1,Flatåsen via Byåsen,ATB:Line:2_101,Nattbuss Byåsen/Flatåsen,101,bus,ATB:ServiceJourney:101_251215112544847_6006,True,expected,False,,,,,2026-08-23T02:32:00.800137+02:00
NSR:StopPlace:59648,Kjelsås stasjon,2026-08-23T08:41:00+02:00,2026-08-23T08:42:22+02:00,,82.0,1,Haugerud,RUT:Line:25,Majorstuen-Haugerud,25,bus,RUT:ServiceJourney:21bbf8d614c81edbe7ada6e71a14df5d,True,expected,False,,,,,2026-08-23T08:19:38.971673+02:00
NSR:StopPlace:58846,Fetsund stasjon,2026-08-23T08:36:00+02:00,2026-08-23T08:37:21+02:00,,81.0,1,Asker,VYG:Line:R14,Asker-Oslo S-Kongsvinger,R14,rail,VYG:ServiceJourney:1008_442913-R,True,expected,False,,,,,2026-08-23T08:19:38.971673+02:00
NSR:StopPlace:58952,Bodø stasjon,2026-08-23T06:55:00+02:00,2026-08-23T06:56:21+02:00,,81.0,1,Løpsmarka,NOR:Line:12_8004,Tverlandet - Bodø sentrum - Løpsmarka,4,bus,NOR:ServiceJourney:8004_251012124900530_6001,True,expected,False,,,,,2026-08-23T06:25:28.795214+02:00
NSR:StopPlace:59643,Grefsen stasjon,2026-08-23T08:19:00+02:00,2026-08-23T08:20:19+02:00,,79.0,1,Simensbråten,RUT:Line:23,Lysaker - Simensbråten,23,bus,RUT:ServiceJourney:b921d30977b091523c9383c36d601155,True,expected,False,,,,,2026-08-23T08:19:38.971673+02:00
NSR:StopPlace:60640,Heimdal stasjon,2026-08-23T08:24:00+02:00,2026-08-23T08:25:18+02:00,,78.0,1,Lund,ATB:Line:2_2,Strindheim- Lade- sentrum- Sau,2,bus,ATB:ServiceJourney:2_251215112550186_7008,True,expected,False,,,,,2026-08-23T08:19:38.971673+02:00
NSR:StopPlace:59652,Tøyen stasjon,2026-08-23T08:27:00+02:00,2026-08-23T08:28:16+02:00,,76.0,1,Tonsenhagen,RUT:Line:60,Vippetangen-Tonsenhagen,60,bus,RUT:ServiceJourney:c2cb5464698bc4571cecc09ba31554a2,True,expected,False,,,,,2026-08-23T08:19:38.971673+02:00
NSR:StopPlace:60640,Heimdal stasjon,2026-08-23T08:54:00+02:00,2026-08-23T08:55:15+02:00,,75.0,1,Lund,ATB:Line:2_2,Strindheim- Lade- sentrum- Sau,2,bus,ATB:ServiceJourney:2_251215112550176_7010,True,expected,False,,,,,2026-08-23T08:19:38.971673+02:00
NSR:StopPlace:59646,Høvik stasjon,2026-08-23T08:26:00+02:00,2026-08-23T08:27:13+02:00,,73.0,1,Spikkestad,VYG:Line:L1,Spikkestad-Oslo S-Lillestrøm,L1,rail,VYG:ServiceJourney:2213_443604-R,True,expected,False,,,,,2026-08-23T08:19:38.971673+02:00
NSR:StopPlace:59654,Stabekk stasjon,2026-08-23T08:24:00+02:00,2026-08-23T08:25:13+02:00,,73.0,1,Spikkestad,VYG:Line:L1,Spikkestad-Oslo S-Lillestrøm,L1,rail,VYG:ServiceJourney:2213_443604-R,True,expected,False,,,,,2026-08-23T08:19:38.971673+02:00
NSR:StopPlace:58843,Blommenholm stasjon,2026-08-23T08:28:00+02:00,2026-08-23T08:29:13+02:00,,73.0,1,Spikkestad,VYG:Line:L1,Spikkestad-Oslo S-Lillestrøm,L1,rail,VYG:ServiceJourney:2213_443604-R,True,expected,False,,,,,2026-08-23T08:19:38.971673+02:00
NSR:StopPlace:58820,Harestua stasjon,2026-08-23T07:53:00+02:00,2026-08-23T07:54:13+02:00,,73.0,1,Gjøvik,VYG:Line:R31,Skøyen-Jaren-Gjøvik,R31,rail,VYG:ServiceJourney:205_443503-R,True,expected,False,,,,,2026-08-23T08:19:38.971673+02:00
NSR:StopPlace:114,Seimsgrend stasjon,2026-08-23T08:08:00+02:00,2026-08-23T08:09:12+02:00,,72.0,1,Myrdal,VYG:Line:R40,Bergen-Voss-Myrdal-Ål,R40,rail,VYG:ServiceJourney:1804_496767-R,True,expected,False,,,,,2026-08-23T08:19:38.971673+02:00
NSR:StopPlace:58795,Kambo stasjon,2026-08-23T08:25:00+02:00,2026-08-23T08:26:10+02:00,,70.0,1,Moss,VYG:Line:R21,Stabekk-Oslo S-Moss,R21,rail,VYG:ServiceJourney:1111-AaS_498448-R,True,expected,False,,,,,2026-08-23T08:19:38.971673+02:00
NSR:StopPlace:58404,Nationaltheatret,2026-08-23T06:34:00+02:00,2026-08-23T06:35:09+02:00,,69.0,1,Nationaltheatret,RUT:Line:150,Gullhaug - Nationaltheatret,150,bus,RUT:ServiceJourney:523c1a3c4ce18e909a97894950e34b3e,True,expected,False,,,,,2026-08-23T06:25:28.795214+02:00
NSR:StopPlace:61315,Nerdrum stasjon,2026-08-23T08:38:00+02:00,2026-08-23T08:39:08+02:00,,68.0,1,Asker,VYG:Line:R14,Asker-Oslo S-Kongsvinger,R14,rail,VYG:ServiceJourney:1008_442913-R,True,expected,False,,,,,2026-08-23T08:19:38.971673+02:00
NSR:StopPlace:59635,Hauketo stasjon,2026-08-23T08:27:00+02:00,2026-08-23T08:28:06+02:00,,66.0,1,Åsbråten,RUT:Line:79,Grorud T - Åsbråten,79,bus,RUT:ServiceJourney:01a6ac5a451d144772beedaee1a4262d,True,expected,False,,,,,2026-08-23T08:19:38.971673+02:00
NSR:StopPlace:59636,Holmlia stasjon,2026-08-23T08:34:00+02:00,2026-08-23T08:35:06+02:00,,66.0,1,Åsbråten,RUT:Line:79,Grorud T - Åsbråten,79,bus,RUT:ServiceJourney:01a6ac5a451d144772beedaee1a4262d,True,expected,False,,,,,2026-08-23T08:19:38.971673+02:00
NSR:StopPlace:62339,Lillestrøm stasjon,2026-08-23T08:25:00+02:00,2026-08-23T08:26:04+02:00,,64.0,1,Dal,VYG:Line:R13,Drammen-Oslo S-Dal,R13,rail,VYG:ServiceJourney:1613_443238-R,True,expected,False,Heis på Lillestrøm ute av drift,Heisen på Lillestrøm til spor 3 og 4 er ute av drift.,general,normal,2026-08-23T08:19:38.971673+02:00
NSR:StopPlace:59651,Skøyen stasjon,2026-08-23T05:06:00+02:00,2026-08-23T05:07:04+02:00,,64.0,1,Fornebu,RUT:Line:31,Snarøya - Fornebu - Tonsenhagen - Grorud,31,bus,RUT:ServiceJourney:f36401ce0584224c68b5b001c23848ab,True,expected,False,,,,,2026-08-23T04:52:42.669123+02:00
NSR:StopPlace:61787,Gudå stasjon,2026-08-23T08:16:00+02:00,2026-08-23T08:17:01+02:00,,61.0,1,Storlien,SJN:Line:72,Meråkerbanen,R71,rail,SJN:ServiceJourney:1303_53534-R,True,expected,False,,,,,2026-08-23T08:19:38.971673+02:00
NSR:StopPlace:60016,Kråkstad stasjon,2026-08-23T08:18:00+02:00,2026-08-23T08:19:01+02:00,,61.0,1,Rakkestad,VYG:Line:R22,Skøyen-Oslo S-Mysen-Rakkestad,R22,rail,VYG:ServiceJourney:1907-KRAa_500822-R,True,expected,False,,,,,2026-08-23T08:19:38.971673+02:00
NSR:StopPlace:59637,Rosenholm stasjon,2026-08-23T08:01:00+02:00,2026-08-23T08:02:01+02:00,,61.0,1,Ski,VYG:Line:L2,Stabekk-Oslo S-Ski,L2,rail,VYG:ServiceJourney:2711-HVK_699737-R,True,expected,False,,,,,2026-08-23T08:19:38.971673+02:00
NSR:StopPlace:58838,Røyken stasjon,2026-08-23T07:19:00+02:00,2026-08-23T07:20:01+02:00,,61.0,1,Lillestrøm,VYG:Line:L1,Spikkestad-Oslo S-Lillestrøm,L1,rail,VYG:ServiceJourney:2214_443606-R,True,expected,False,,,,,2026-08-23T08:19:38.971673+02:00
NSR:StopPlace:62308,Alna stasjon,2026-08-23T08:18:00+02:00,2026-08-23T08:19:01+02:00,,61.0,1,Lillestrøm,VYG:Line:L1,Spikkestad-Oslo S-Lillestrøm,L1,rail,VYG:ServiceJourney:2214_443606-R,True,expected,False,,,,,2026-08-23T08:19:38.971673+02:00
NSR:StopPlace:58801,Sarpsborg stasjon,2026-08-23T08:30:00+02:00,2026-08-23T08:31:00+02:00,,60.0,1,Sarpsborg-Kalnes,OST:Line:1_13,Kalnes - Blessom,13,bus,OST:ServiceJourney:13_260325121470857_805,True,expected,False,,,,,2026-08-23T08:19:38.971673+02:00
NSR:StopPlace:58818,Gran stasjon,2026-08-23T07:25:00+02:00,2026-08-23T07:25:59+02:00,,59.0,1,Oslo S,VYG:Line:R31,Skøyen-Jaren-Gjøvik,R31,rail,VYG:ServiceJourney:206_443504-R,True,expected,False,,,,,2026-08-23T08:19:38.971673+02:00
NSR:StopPlace:60735,Gullhella stasjon,2026-08-23T07:27:00+02:00,2026-08-23T07:27:58+02:00,,58.0,1,Lillestrøm,VYG:Line:L1,Spikkestad-Oslo S-Lillestrøm,L1,rail,VYG:ServiceJourney:2214_443606-R,True,expected,False,,,,,2026-08-23T08:19:38.971673+02:00
NSR:StopPlace:58818,Gran stasjon,2026-08-23T06:25:00+02:00,2026-08-23T06:25:58+02:00,,58.0,1,Oslo S,VYG:Line:R31,Skøyen-Jaren-Gjøvik,R31,rail,VYG:ServiceJourney:204_443502-R,True,expected,False,,,,,2026-08-23T06:25:28.795214+02:00
NSR:StopPlace:58824,Lunner stasjon,2026-08-23T07:31:00+02:00,2026-08-23T07:31:57+02:00,,57.0,1,Oslo S,VYG:Line:R31,Skøyen-Jaren-Gjøvik,R31,rail,VYG:ServiceJourney:206_443504-R,True,expected,False,,,,,2026-08-23T08:19:38.971673+02:00
NSR:StopPlace:610,Sandvika stasjon,2026-08-23T08:31:00+02:00,2026-08-23T08:31:57+02:00,,57.0,1,Spikkestad,VYG:Line:L1,Spikkestad-Oslo S-Lillestrøm,L1,rail,VYG:ServiceJourney:2213_443604-R,True,expected,False,,,,,2026-08-23T08:19:38.971673+02:00
NSR:StopPlace:62392,Slependen stasjon,2026-08-23T08:33:00+02:00,2026-08-23T08:33:57+02:00,,57.0,1,Spikkestad,VYG:Line:L1,Spikkestad-Oslo S-Lillestrøm,L1,rail,VYG:ServiceJourney:2213_443604-R,True,expected,False,,,,,2026-08-23T08:19:38.971673+02:00
NSR:StopPlace:58925,Gausel stasjon,2026-08-23T06:47:00+02:00,2026-08-23T06:47:56+02:00,,56.0,1,Stavanger,KOL:Line:8_1001,1,1,bus,KOL:ServiceJourney:1001_251008118398183_6002,True,expected,False,,,,,2026-08-23T06:25:28.795214+02:00
NSR:StopPlace:58825,Raufoss stasjon,2026-08-23T05:45:00+02:00,2026-08-23T05:45:56+02:00,,56.0,1,Oslo S,VYG:Line:R31,Skøyen-Jaren-Gjøvik,R31,rail,VYG:ServiceJourney:204_443502-R,True,expected,False,,,,,2026-08-23T06:25:28.795214+02:00
NSR:StopPlace:61457,Meråker stasjon,2026-08-23T08:25:00+02:00,2026-08-23T08:25:55+02:00,,55.0,1,Storlien,SJN:Line:72,Meråkerbanen,R71,rail,SJN:ServiceJourney:1303_53534-R,True,expected,False,,,,,2026-08-23T08:19:38.971673+02:00
NSR:StopPlace:61341,Drevvatn stasjon,2026-08-23T08:51:00+02:00,2026-08-23T08:51:54+02:00,,54.0,1,Trondheim S,SJN:Line:71,Nordlandsbanen,F7,rail,SJN:ServiceJourney:478_42792-R,True,expected,False,,,,,2026-08-23T08:19:38.971673+02:00
NSR:StopPlace:58824,Lunner stasjon,2026-08-23T06:31:00+02:00,2026-08-23T06:31:54+02:00,,54.0,1,Oslo S,VYG:Line:R31,Skøyen-Jaren-Gjøvik,R31,rail,VYG:ServiceJourney:204_443502-R,True,expected,False,,,,,2026-08-23T06:25:28.795214+02:00
NSR:StopPlace:59654,Stabekk stasjon,2026-08-23T02:39:00+02:00,2026-08-23T02:39:54+02:00,,54.0,1,Gullhaug,RUT:Line:150,Gullhaug - Nationaltheatret,150,bus,RUT:ServiceJourney:74b54a48d72077999a7234d451704408,True,expected,False,Holdeplass Stabekk stasjon i retning mot Bekkestua er flyttet ca. 50 meter bakover.,Dette skyldes anleggsarbeid i området.,incident,normal,2026-08-23T02:32:00.800137+02:00
NSR:StopPlace:58849,Hakadal stasjon,2026-08-23T08:20:00+02:00,2026-08-23T08:20:52+02:00,,52.0,1,Kongskog,RUT:Line:390,Kongskog/Hellerudhaugen - Oslo bussterminal,390,bus,RUT:ServiceJourney:73bd5e51a43c7d3ce1a5fc48177bc619,True,expected,False,,,,,2026-08-23T08:19:38.971673+02:00
NSR:StopPlace:59977,Trondheim S,2026-08-23T09:18:00+02:00,2026-08-23T09:18:51+02:00,,51.0,1,Strindheim via Lade,ATB:Line:2_2,Strindheim- Lade- sentrum- Sau,2,bus,ATB:ServiceJourney:2_251215112550024_7011,True,expected,False,,,,,2026-08-23T08:19:38.971673+02:00
NSR:StopPlace:60944,Ski stasjon,2026-08-23T08:44:00+02:00,2026-08-23T08:44:50+02:00,,50.0,1,Ski næringspark,RUT:Line:520,Vinterbro - Ski stasjon,520,bus,RUT:ServiceJourney:72915d9221a3950250dc89ee34f4359b,True,expected,False,,,,,2026-08-23T08:19:38.971673+02:00
NSR:StopPlace:59977,Trondheim S,2026-08-23T08:47:00+02:00,2026-08-23T08:47:50+02:00,,50.0,1,Strindheim via Lade,ATB:Line:2_2,Strindheim- Lade- sentrum- Sau,2,bus,ATB:ServiceJourney:2_251215112550027_7009,True,expected,False,,,,,2026-08-23T08:19:38.971673+02:00
NSR:StopPlace:60640,Heimdal stasjon,2026-08-23T08:09:00+02:00,2026-08-23T08:09:49+02:00,,49.0,1,Kattem,ATB:Line:2_1,Ranheim - Strindheim - sentrum - Tiller - Heimdal - Kattem,1,bus,ATB:ServiceJourney:1_251215112546345_7006,True,expected,False,,,,,2026-08-23T08:19:38.971673+02:00
NSR:StopPlace:59620,Grorud stasjon,2026-08-23T04:54:00+02:00,2026-08-23T04:54:49+02:00,,49.0,1,Oslo lufthavn,NBU:Line:cb7b555c-f96e-42d5-84bf-a5e08c0145c2,Radiumhospitalet via Økern-Storo-Tåsen,FB3,bus,NBU:ServiceJourney:0e22b733-a412-4078-987f-4047b44fa091,True,expected,False,,,,,2026-08-23T04:52:42.669123+02:00
NSR:StopPlace:59639,Sonsveien stasjon,2026-08-23T08:21:00+02:00,2026-08-23T08:21:46+02:00,,46.0,1,Moss,VYG:Line:R21,Stabekk-Oslo S-Moss,R21,rail,VYG:ServiceJourney:1111-AaS_498448-R,True,expected,False,,,,,2026-08-23T08:19:38.971673+02:00
NSR:StopPlace:59648,Kjelsås stasjon,2026-08-23T06:41:00+02:00,2026-08-23T06:41:45+02:00,,45.0,1,Haugerud,RUT:Line:25,Majorstuen-Haugerud,25,bus,RUT:ServiceJourney:617711681cc9b503587cbb3611dcd760,True,expected,False,,,,,2026-08-23T06:25:28.795214+02:00
NSR:StopPlace:58801,Sarpsborg stasjon,2026-08-23T08:32:00+02:00,2026-08-23T08:32:44+02:00,,44.0,1,Oslo S,VYG:Line:RE20,Oslo S-Halden-Göteborg (X-Border),RE20,rail,VYG:ServiceJourney:110_442970-R,True,expected,False,,,,,2026-08-23T08:19:38.971673+02:00
NSR:StopPlace:60640,Heimdal stasjon,2026-08-23T08:21:00+02:00,2026-08-23T08:21:42+02:00,,42.0,1,Ranheim via Tiller-sentrum,ATB:Line:2_1,Ranheim - Strindheim - sentrum - Tiller - Heimdal - Kattem,1,bus,ATB:ServiceJourney:1_251215112545971_7009,True,expected,False,,,,,2026-08-23T08:19:38.971673+02:00
NSR:StopPlace:60735,Gullhella stasjon,2026-08-23T06:27:00+02:00,2026-08-23T06:27:42+02:00,,42.0,1,Lillestrøm,VYG:Line:L1,Spikkestad-Oslo S-Lillestrøm,L1,rail,VYG:ServiceJourney:2210_443600-R,True,expected,False,,,,,2026-08-23T08:19:38.971673+02:00
NSR:StopPlace:58925,Gausel stasjon,2026-08-23T08:32:00+02:00,2026-08-23T08:32:42+02:00,,42.0,1,Stavanger,KOL:Line:8_1003,2,2,bus,KOL:ServiceJourney:1003_251008123111191_6002,True,expected,False,,,,,2026-08-23T08:19:38.971673+02:00
NSR:StopPlace:58404,Nationaltheatret,2026-08-23T06:39:00+02:00,2026-08-23T06:39:42+02:00,,42.0,1,Bygdøy,RUT:Line:30,Bygdøy - Nydalen,30,bus,RUT:ServiceJourney:7cacdda38d98fb1b561e1b11d9476a08,True,expected,False,,,,,2026-08-23T06:25:28.795214+02:00
NSR:StopPlace:59654,Stabekk stasjon,2026-08-23T08:22:00+02:00,2026-08-23T08:22:40+02:00,,40.0,1,Nationaltheatret,RUT:Line:150,Gullhaug - Nationaltheatret,150,bus,RUT:ServiceJourney:ca77e55658230bc0c697f55fb435463a,True,expected,False,,,,,2026-08-23T08:19:38.971673+02:00
NSR:StopPlace:62393,Billingstad stasjon,2026-08-23T08:36:00+02:00,2026-08-23T08:36:40+02:00,,40.0,1,Spikkestad,VYG:Line:L1,Spikkestad-Oslo S-Lillestrøm,L1,rail,VYG:ServiceJourney:2213_443604-R,True,expected,False,,,,,2026-08-23T08:19:38.971673+02:00
NSR:StopPlace:59647,Dal stasjon,2026-08-23T06:46:00+02:00,2026-08-23T06:46:40+02:00,,40.0,1,Eidsvoll st.,RUT:Line:430,Eidsvoll - Jessheim,430,bus,RUT:ServiceJourney:83b62c9b42beadeb33140d9c93da093d,True,expected,False,,,,,2026-08-23T06:25:28.795214+02:00
NSR:StopPlace:59635,Hauketo stasjon,2026-08-23T06:25:00+02:00,2026-08-23T06:25:40+02:00,,40.0,1,Holmlia stasjon,RUT:Line:77,Holmlia stasjon - Bjørndal,77,bus,RUT:ServiceJourney:98053784c170af71cf75fa64dbbe5377,True,expected,False,,,,,2026-08-23T06:25:28.795214+02:00
NSR:StopPlace:58963,Jessheim stasjon,2026-08-23T06:25:00+02:00,2026-08-23T06:25:40+02:00,,40.0,1,Eidsvoll st.,RUT:Line:430,Eidsvoll - Jessheim,430,bus,RUT:ServiceJourney:83b62c9b42beadeb33140d9c93da093d,True,expected,False,,,,,2026-08-23T06:25:28.795214+02:00
NSR:StopPlace:58854,Langhus stasjon,2026-08-23T06:37:00+02:00,2026-08-23T06:37:40+02:00,,40.0,1,Drøbak - Seiersten,RUT:Line:510,Bøleråsen - Ski - Ås - Drøbak,510,bus,RUT:ServiceJourney:a575c4290a869c56a6c0d37199e7dc87,True,expected,False,,,,,2026-08-23T06:25:28.795214+02:00
NSR:StopPlace:58875,Torp stasjon,2026-08-23T06:49:00+02:00,2026-08-23T06:49:39+02:00,,39.0,1,Eidsvoll,VYG:Line:RE11,Eidsvoll-Oslo S-Skien,RE11,rail,VYG:ServiceJourney:806_444386-R,True,expected,False,,,,,2026-08-23T08:19:38.971673+02:00
NSR:StopPlace:59635,Hauketo stasjon,2026-08-23T02:42:00+02:00,2026-08-23T02:42:39+02:00,,39.0,1,Nationaltheatret,RUT:Line:3981,Nationaltheatret - Ski,81N,bus,RUT:ServiceJourney:ae45cdd15a05ec7468e253e7385c3e40,True,expected,False,,,,,2026-08-23T02:32:00.800137+02:00
NSR:StopPlace:61413,Heia stasjon,2026-08-23T07:48:00+02:00,2026-08-23T07:48:37+02:00,,37.0,1,Oslo S,VYG:Line:R22,Skøyen-Oslo S-Mysen-Rakkestad,R22,rail,VYG:ServiceJourney:1910_443447-R,True,expected,False,,,,,2026-08-23T08:19:38.971673+02:00
NSR:StopPlace:59649,Nydalen stasjon,2026-08-23T08:46:00+02:00,2026-08-23T08:46:37+02:00,,37.0,1,Simensbråten,RUT:Line:23,Lysaker - Simensbråten,23,bus,RUT:ServiceJourney:b5c4ea099a6ed739bb2735eb9ad98b36,True,expected,False,,,,,2026-08-23T08:19:38.971673+02:00
NSR:StopPlace:59643,Grefsen stasjon,2026-08-23T08:49:00+02:00,2026-08-23T08:49:37+02:00,,37.0,1,Simensbråten,RUT:Line:23,Lysaker - Simensbråten,23,bus,RUT:ServiceJourney:b5c4ea099a6ed739bb2735eb9ad98b36,True,expected,False,,,,,2026-08-23T08:19:38.971673+02:00
NSR:StopPlace:59977,Trondheim S,2026-08-23T08:54:00+02:00,2026-08-23T08:54:37+02:00,,37.0,1,Lund via Kolstad-Heimdal,ATB:Line:2_2,Strindheim- Lade- sentrum- Sau,2,bus,ATB:ServiceJourney:2_251215112550177_7012,True,expected,False,,,,,2026-08-23T08:19:38.971673+02:00
NSR:StopPlace:59635,Hauketo stasjon,2026-08-23T08:33:00+02:00,2026-08-23T08:33:37+02:00,,37.0,1,Grorud T,RUT:Line:79,Grorud T - Åsbråten,79,bus,RUT:ServiceJourney:7f1d45fd9b4cb4cc438f2c77be08e340,True,expected,False,,,,,2026-08-23T08:19:38.971673+02:00
NSR:StopPlace:59636,Holmlia stasjon,2026-08-23T08:25:00+02:00,2026-08-23T08:25:37+02:00,,37.0,1,Grorud T,RUT:Line:79,Grorud T - Åsbråten,79,bus,RUT:ServiceJourney:7f1d45fd9b4cb4cc438f2c77be08e340,True,expected,False,,,,,2026-08-23T08:19:38.971673+02:00
NSR:StopPlace:59977,Trondheim S,2026-08-23T08:24:00+02:00,2026-08-23T08:24:34+02:00,,34.0,1,Lund via Kolstad-Heimdal,ATB:Line:2_2,Strindheim- Lade- sentrum- Sau,2,bus,ATB:ServiceJourney:2_251215112550176_7010,True,expected,False,,,,,2026-08-23T08:19:38.971673+02:00
NSR:StopPlace:61463,Nordstrand stasjon,2026-08-23T08:22:00+02:00,2026-08-23T08:22:31+02:00,,31.0,1,Ski,VYG:Line:L2,Stabekk-Oslo S-Ski,L2,rail,VYG:ServiceJourney:2713-HVK_699742-R,True,expected,False,,,,,2026-08-23T08:19:38.971673+02:00
NSR:StopPlace:59789,Skotbu stasjon,2026-08-23T08:22:00+02:00,2026-08-23T08:22:31+02:00,,31.0,1,Rakkestad,VYG:Line:R22,Skøyen-Oslo S-Mysen-Rakkestad,R22,rail,VYG:ServiceJourney:1907-KRAa_500822-R,True,expected,False,,,,,2026-08-23T08:19:38.971673+02:00
NSR:StopPlace:60735,Gullhella stasjon,2026-08-23T06:57:00+02:00,2026-08-23T06:57:31+02:00,,31.0,1,Lillestrøm,VYG:Line:L1,Spikkestad-Oslo S-Lillestrøm,L1,rail,VYG:ServiceJourney:2212_443603-R,True,expected,False,,,,,2026-08-23T08:19:38.971673+02:00
NSR:StopPlace:62309,Ljan stasjon,2026-08-23T08:24:00+02:00,2026-08-23T08:24:31+02:00,,31.0,1,Ski,VYG:Line:L2,Stabekk-Oslo S-Ski,L2,rail,VYG:ServiceJourney:2713-HVK_699742-R,True,expected,False,,,,,2026-08-23T08:19:38.971673+02:00
NSR:StopPlace:58925,Gausel stasjon,2026-08-23T08:47:00+02:00,2026-08-23T08:47:30+02:00,,30.0,1,Stavanger,KOL:Line:8_1001,1,1,bus,KOL:ServiceJourney:1001_251008118392481_6005,True,expected,False,,,,,2026-08-23T08:19:38.971673+02:00
NSR:StopPlace:60640,Heimdal stasjon,2026-08-23T08:40:00+02:00,2026-08-23T08:40:29+02:00,,29.0,1,Ranheim via Tiller-sentrum,ATB:Line:2_1,Ranheim - Strindheim - sentrum - Tiller - Heimdal - Kattem,1,bus,ATB:ServiceJourney:1_251215112545917_7011,True,expected,False,,,,,2026-08-23T08:19:38.971673+02:00
NSR:StopPlace:60640,Heimdal stasjon,2026-08-23T09:00:00+02:00,2026-08-23T09:00:29+02:00,,29.0,1,Ranheim via Tiller-sentrum,ATB:Line:2_1,Ranheim - Strindheim - sentrum - Tiller - Heimdal - Kattem,1,bus,ATB:ServiceJourney:1_251215112545924_7013,True,expected,False,,,,,2026-08-23T08:19:38.971673+02:00
NSR:StopPlace:59635,Hauketo stasjon,2026-08-23T06:33:00+02:00,2026-08-23T06:33:29+02:00,,29.0,1,Grorud T,RUT:Line:79,Grorud T - Åsbråten,79,bus,RUT:ServiceJourney:83d7f2d2588b5afefa47dfcded46b9d1,True,expected,False,,,,,2026-08-23T06:25:28.795214+02:00
NSR:StopPlace:60640,Heimdal stasjon,2026-08-23T08:48:00+02:00,2026-08-23T08:48:28+02:00,,28.0,1,Strindheim via Kolstad-sentrum,ATB:Line:2_2,Strindheim- Lade- sentrum- Sau,2,bus,ATB:ServiceJourney:2_251215112550024_7011,True,expected,False,,,,,2026-08-23T08:19:38.971673+02:00
NSR:StopPlace:60640,Heimdal stasjon,2026-08-23T09:08:00+02:00,2026-08-23T09:08:28+02:00,,28.0,1,Strindheim via Kolstad-sentrum,ATB:Line:2_2,Strindheim- Lade- sentrum- Sau,2,bus,ATB:ServiceJourney:2_251215112550039_7013,True,expected,False,,,,,2026-08-23T08:19:38.971673+02:00
NSR:StopPlace:58952,Bodø stasjon,2026-08-23T06:32:00+02:00,2026-08-23T06:32:28+02:00,,28.0,1,Tverlandet,NOR:Line:12_8004,Tverlandet - Bodø sentrum - Løpsmarka,4,bus,NOR:ServiceJourney:8004_251012124900494_5001,True,expected,False,,,,,2026-08-23T06:25:28.795214+02:00
NSR:StopPlace:59650,Nyland stasjon,2026-08-23T08:21:00+02:00,2026-08-23T08:21:27+02:00,,27.0,1,Lillestrøm,VYG:Line:L1,Spikkestad-Oslo S-Lillestrøm,L1,rail,VYG:ServiceJourney:2214_443606-R,True,expected,False,,,,,2026-08-23T08:19:38.971673+02:00
NSR:StopPlace:59653,Haugenstua stasjon,2026-08-23T08:25:00+02:00,2026-08-23T08:25:27+02:00,,27.0,1,Lillestrøm,VYG:Line:L1,Spikkestad-Oslo S-Lillestrøm,L1,rail,VYG:ServiceJourney:2214_443606-R,True,expected,False,,,,,2026-08-23T08:19:38.971673+02:00
NSR:StopPlace:59620,Grorud stasjon,2026-08-23T08:23:00+02:00,2026-08-23T08:23:27+02:00,,27.0,1,Lillestrøm,VYG:Line:L1,Spikkestad-Oslo S-Lillestrøm,L1,rail,VYG:ServiceJourney:2214_443606-R,True,expected,False,,,,,2026-08-23T08:19:38.971673+02:00
NSR:StopPlace:59616,Asker stasjon,2026-08-23T08:19:00+02:00,2026-08-23T08:19:26+02:00,,26.0,1,Dal,VYG:Line:R13,Drammen-Oslo S-Dal,R13,rail,VYG:ServiceJourney:1615_443244-R,True,expected,False,,,,,2026-08-23T08:19:38.971673+02:00
NSR:StopPlace:62335,Eidsberg stasjon,2026-08-23T06:47:00+02:00,2026-08-23T06:47:26+02:00,,26.0,1,Kråkstad,VYG:Line:R22,Skøyen-Oslo S-Mysen-Rakkestad,R22,rail,VYG:ServiceJourney:1908-RST_500824-R,True,expected,False,,,,,2026-08-23T08:19:38.971673+02:00
NSR:StopPlace:62335,Eidsberg stasjon,2026-08-23T07:52:00+02:00,2026-08-23T07:52:26+02:00,,26.0,1,Oslo S,VYG:Line:R22,Skøyen-Oslo S-Mysen-Rakkestad,R22,rail,VYG:ServiceJourney:1910_443447-R,True,expected,False,,,,,2026-08-23T08:19:38.971673+02:00
NSR:StopPlace:58855,Leirsund stasjon,2026-08-23T08:30:00+02:00,2026-08-23T08:30:25+02:00,,25.0,1,Dal,VYG:Line:R13,Drammen-Oslo S-Dal,R13,rail,VYG:ServiceJourney:1613_443238-R,True,expected,False,,,,,2026-08-23T08:19:38.971673+02:00
NSR:StopPlace:313,Høybråten stasjon,2026-08-23T08:27:00+02:00,2026-08-23T08:27:25+02:00,,25.0,1,Lillestrøm,VYG:Line:L1,Spikkestad-Oslo S-Lillestrøm,L1,rail,VYG:ServiceJourney:2214_443606-R,True,expected,False,,,,,2026-08-23T08:19:38.971673+02:00
NSR:StopPlace:58211,Oslo lufthavn,2026-08-23T08:19:00+02:00,2026-08-23T08:19:24+02:00,,24.0,1,Eidsvoll,VYG:Line:R12,Kongsberg-Oslo S-Eidsvoll,R12,rail,VYG:ServiceJourney:506_444299-R,True,expected,False,,,,,2026-08-23T08:19:38.971673+02:00
NSR:StopPlace:58853,Kolbotn stasjon,2026-08-23T06:37:00+02:00,2026-08-23T06:37:24+02:00,,24.0,1,Tårnåsen,RUT:Line:83,Jernbanetorget - Tårnåsen,83,bus,RUT:ServiceJourney:43ca6cb959dac16fd73cbb684924c088,True,expected,False,Linje 80E og 83 får Hausmanns bru som ny endeholdeplass fra 29. juni,"Bussene stopper ikke på Jernbanetorget etter 29. juni, men starter og stopper på Hausmanns bru i Nylandsveien.",incident,normal,2026-08-23T06:25:28.795214+02:00
NSR:StopPlace:60017,Slitu stasjon,2026-08-23T08:04:00+02:00,2026-08-23T08:04:23+02:00,,23.0,1,Oslo S,VYG:Line:R22,Skøyen-Oslo S-Mysen-Rakkestad,R22,rail,VYG:ServiceJourney:1910_443447-R,True,expected,False,,,,,2026-08-23T08:19:38.971673+02:00
NSR:StopPlace:59620,Grorud stasjon,2026-08-23T08:24:00+02:00,2026-08-23T08:24:23+02:00,,23.0,1,Grorud T,RUT:Line:79,Grorud T - Åsbråten,79,bus,RUT:ServiceJourney:51a331b3535dd26034239740bce6379a,True,expected,False,,,,,2026-08-23T08:19:38.971673+02:00
NSR:StopPlace:58835,Lier stasjon,2026-08-23T08:17:00+02:00,2026-08-23T08:17:23+02:00,,23.0,1,Drammen,VYG:Line:R13,Drammen-Oslo S-Dal,R13,rail,VYG:ServiceJourney:1610_443230-R,True,expected,False,,,,,2026-08-23T08:19:38.971673+02:00
NSR:StopPlace:58925,Gausel stasjon,2026-08-23T09:10:00+02:00,2026-08-23T09:10:22+02:00,,22.0,1,Sandnes,KOL:Line:8_1001,1,1,bus,KOL:ServiceJourney:1001_251008118364797_5005,True,expected,False,,,,,2026-08-23T08:19:38.971673+02:00
NSR:StopPlace:58925,Gausel stasjon,2026-08-23T09:17:00+02:00,2026-08-23T09:17:22+02:00,,22.0,1,Stavanger,KOL:Line:8_1001,1,1,bus,KOL:ServiceJourney:1001_251008118392624_6006,True,expected,False,,,,,2026-08-23T08:19:38.971673+02:00
NSR:StopPlace:461,Lundamo stasjon,2026-08-23T08:23:00+02:00,2026-08-23T08:23:21+02:00,,21.0,1,Steinkjer,SJN:Line:26,Trønderbanen,R70,rail,SJN:ServiceJourney:429_56089-R,True,expected,False,,,,,2026-08-23T08:19:38.971673+02:00
NSR:StopPlace:58875,Torp stasjon,2026-08-23T07:51:00+02:00,2026-08-23T07:51:20+02:00,,20.0,1,Eidsvoll,VYG:Line:RE11,Eidsvoll-Oslo S-Skien,RE11,rail,VYG:ServiceJourney:808_444388-R,True,expected,False,,,,,2026-08-23T08:19:38.971673+02:00
NSR:StopPlace:58853,Kolbotn stasjon,2026-08-23T08:03:00+02:00,2026-08-23T08:03:19+02:00,,19.0,1,Ski,VYG:Line:L2,Stabekk-Oslo S-Ski,L2,rail,VYG:ServiceJourney:2711-HVK_699737-R,True,expected,False,,,,,2026-08-23T08:19:38.971673+02:00
NSR:StopPlace:58843,Blommenholm stasjon,2026-08-23T08:20:00+02:00,2026-08-23T08:20:18+02:00,,18.0,1,Lillestrøm,VYG:Line:L1,Spikkestad-Oslo S-Lillestrøm,L1,rail,VYG:ServiceJourney:2216_443609-R,True,expected,False,,,,,2026-08-23T08:19:38.971673+02:00
NSR:StopPlace:58825,Raufoss stasjon,2026-08-23T06:45:00+02:00,2026-08-23T06:45:18+02:00,,18.0,1,Oslo S,VYG:Line:R31,Skøyen-Jaren-Gjøvik,R31,rail,VYG:ServiceJourney:206_443504-R,True,expected,False,,,,,2026-08-23T08:19:38.971673+02:00
NSR:StopPlace:60944,Ski stasjon,2026-08-23T02:33:00+02:00,2026-08-23T02:33:18+02:00,,18.0,1,Nationaltheatret,RUT:Line:3981,Nationaltheatret - Ski,81N,bus,RUT:ServiceJourney:cba8167722ca698401bcf9a488b24dff,True,expected,False,,,,,2026-08-23T02:32:00.800137+02:00
NSR:StopPlace:59638,Myrvoll stasjon,2026-08-23T02:49:00+02:00,2026-08-23T02:49:18+02:00,,18.0,1,Nationaltheatret,RUT:Line:3981,Nationaltheatret - Ski,81N,bus,RUT:ServiceJourney:cba8167722ca698401bcf9a488b24dff,True,expected,False,,,,,2026-08-23T02:32:00.800137+02:00
NSR:StopPlace:58860,Oppegård stasjon,2026-08-23T02:43:00+02:00,2026-08-23T02:43:18+02:00,,18.0,1,Nationaltheatret,RUT:Line:3981,Nationaltheatret - Ski,81N,bus,RUT:ServiceJourney:cba8167722ca698401bcf9a488b24dff,True,expected,False,,,,,2026-08-23T02:32:00.800137+02:00
NSR:StopPlace:59616,Asker stasjon,2026-08-23T08:20:00+02:00,2026-08-23T08:20:17+02:00,,17.0,1,Blakstad,RUT:Line:290,Asker - Blakstad,290,bus,RUT:ServiceJourney:36d328a553f6b06974e0f7b6bd2e88c3,True,expected,False,,,,,2026-08-23T08:19:38.971673+02:00
NSR:StopPlace:58925,Gausel stasjon,2026-08-23T08:40:00+02:00,2026-08-23T08:40:17+02:00,,17.0,1,Sandnes,KOL:Line:8_1001,1,1,bus,KOL:ServiceJourney:1001_251008118364650_5004,True,expected,False,,,,,2026-08-23T08:19:38.971673+02:00
NSR:StopPlace:62339,Lillestrøm stasjon,2026-08-23T05:10:00+02:00,2026-08-23T05:10:16+02:00,,16.0,1,Oslo Lufthavn,FLT:Line:FLY1,FLY1,FLY1,rail,FLT:ServiceJourney:1-2614-3703-20260823,True,expected,False,Heis på Lillestrøm ute av drift,Heisen på Lillestrøm til spor 3 og 4 er ute av drift.,general,normal,2026-08-23T04:52:42.669123+02:00
NSR:StopPlace:60640,Heimdal stasjon,2026-08-23T09:12:00+02:00,2026-08-23T09:12:15+02:00,,15.0,1,Kattem,ATB:Line:2_1,Ranheim - Strindheim - sentrum - Tiller - Heimdal - Kattem,1,bus,ATB:ServiceJourney:1_251215112546346_7010,True,expected,False,,,,,2026-08-23T08:19:38.971673+02:00
NSR:StopPlace:59652,Tøyen stasjon,2026-08-23T08:57:00+02:00,2026-08-23T08:57:15+02:00,,15.0,1,Tonsenhagen,RUT:Line:60,Vippetangen-Tonsenhagen,60,bus,RUT:ServiceJourney:849af24e5d4ab3b44ffae61194755e1a,True,expected,False,,,,,2026-08-23T08:19:38.971673+02:00
NSR:StopPlace:59648,Kjelsås stasjon,2026-08-23T06:55:00+02:00,2026-08-23T06:55:15+02:00,,15.0,1,Majorstuen,RUT:Line:25,Majorstuen-Haugerud,25,bus,RUT:ServiceJourney:b2d26f35eff909d600280d19216043f8,True,expected,False,,,,,2026-08-23T06:25:28.795214+02:00
NSR:StopPlace:60944,Ski stasjon,2026-08-23T03:03:00+02:00,2026-08-23T03:03:15+02:00,,15.0,1,Bøleråsen,RUT:Line:510,Bøleråsen - Ski - Ås - Drøbak,510,bus,RUT:ServiceJourney:f44b6861e4a47587a29d1c8e9b4c83d5,True,expected,False,,,,,2026-08-23T02:32:00.800137+02:00
NSR:StopPlace:60640,Heimdal stasjon,2026-08-23T08:39:00+02:00,2026-08-23T08:39:14+02:00,,14.0,1,Kattem,ATB:Line:2_1,Ranheim - Strindheim - sentrum - Tiller - Heimdal - Kattem,1,bus,ATB:ServiceJourney:1_251215112546393_7008,True,expected,False,,,,,2026-08-23T08:19:38.971673+02:00
NSR:StopPlace:58861,Solbråtan stasjon,2026-08-23T08:05:00+02:00,2026-08-23T08:05:14+02:00,,14.0,1,Ski,VYG:Line:L2,Stabekk-Oslo S-Ski,L2,rail,VYG:ServiceJourney:2711-HVK_699737-R,True,expected,False,,,,,2026-08-23T08:19:38.971673+02:00
NSR:StopPlace:60640,Heimdal stasjon,2026-08-23T09:05:00+02:00,2026-08-23T09:05:13+02:00,,13.0,1,Torgård,ATB:Line:2_46,Torgård- Lundåsen,46,bus,ATB:ServiceJourney:46_251215112544233_7001,True,expected,False,,,,,2026-08-23T08:19:38.971673+02:00
NSR:StopPlace:610,Sandvika stasjon,2026-08-23T09:04:00+02:00,2026-08-23T09:04:13+02:00,,13.0,1,Drammen,VYG:Line:R13,Drammen-Oslo S-Dal,R13,rail,VYG:ServiceJourney:1614_443243-R,True,expected,False,,,,,2026-08-23T08:19:38.971673+02:00
NSR:StopPlace:59648,Kjelsås stasjon,2026-08-23T08:25:00+02:00,2026-08-23T08:25:12+02:00,,12.0,1,Majorstuen,RUT:Line:25,Majorstuen-Haugerud,25,bus,RUT:ServiceJourney:9a07e44ab3d6a98b429ca8fc5dbc2ecd,True,expected,False,,,,,2026-08-23T08:19:38.971673+02:00
NSR:StopPlace:59650,Nyland stasjon,2026-08-23T08:22:00+02:00,2026-08-23T08:22:12+02:00,,12.0,1,Oslo lufthavn,NBU:Line:cb7b555c-f96e-42d5-84bf-a5e08c0145c2,Radiumhospitalet via Økern-Storo-Tåsen,FB3,bus,NBU:ServiceJourney:f97e170a-8e1a-4da7-8fbb-f9e52d727e11,True,expected,False,,,,,2026-08-23T08:19:38.971673+02:00
NSR:StopPlace:59620,Grorud stasjon,2026-08-23T08:24:00+02:00,2026-08-23T08:24:12+02:00,,12.0,1,Oslo lufthavn,NBU:Line:cb7b555c-f96e-42d5-84bf-a5e08c0145c2,Radiumhospitalet via Økern-Storo-Tåsen,FB3,bus,NBU:ServiceJourney:f97e170a-8e1a-4da7-8fbb-f9e52d727e11,True,expected,False,,,,,2026-08-23T08:19:38.971673+02:00
NSR:StopPlace:59635,Hauketo stasjon,2026-08-23T08:24:00+02:00,2026-08-23T08:24:12+02:00,,12.0,1,Holmlia stasjon,RUT:Line:73,Holmlia stasjon - Brenna,73,bus,RUT:ServiceJourney:02e852ec0f922b2ae31541db1110ef24,True,expected,False,,,,,2026-08-23T08:19:38.971673+02:00
NSR:StopPlace:58857,Lørenskog stasjon,2026-08-23T08:29:00+02:00,2026-08-23T08:29:12+02:00,,12.0,1,Lillestrøm,VYG:Line:L1,Spikkestad-Oslo S-Lillestrøm,L1,rail,VYG:ServiceJourney:2214_443606-R,True,expected,False,,,,,2026-08-23T08:19:38.971673+02:00
NSR:StopPlace:60944,Ski stasjon,2026-08-23T03:00:00+02:00,2026-08-23T03:00:12+02:00,,12.0,1,Son via Ås,RUT:Line:2540,Oslo - Ski - Ås - Vestby (nattbuss),540N,bus,RUT:ServiceJourney:b926c9fbac742d2dde67338f89b9fe29,True,expected,False,,,,,2026-08-23T02:32:00.800137+02:00
NSR:StopPlace:59620,Grorud stasjon,2026-08-23T08:54:00+02:00,2026-08-23T08:54:10+02:00,,10.0,1,Grorud T,RUT:Line:79,Grorud T - Åsbråten,79,bus,RUT:ServiceJourney:d5af482968f192bf72d3a0760889755d,True,expected,False,,,,,2026-08-23T08:19:38.971673+02:00
NSR:StopPlace:58795,Kambo stasjon,2026-08-23T08:26:00+02:00,2026-08-23T08:26:10+02:00,,10.0,1,Moss,RUT:Line:540,Moss - Son - Vestby stasjon,540,bus,RUT:ServiceJourney:20f9431e83805117afa38e85511f4ebd,True,expected,False,Linje 540 tilbake i ordinær trasé fra mandag 24. august,"Storebro er nå ferdig forsterket. Linje 540 kjører igjen sin vanlige rute gjennom Moss, og traseen mellom Tigerplassen og Kongens gate går tilbake til normal drift.",general,normal,2026-08-23T08:19:38.971673+02:00
NSR:StopPlace:58824,Lunner stasjon,2026-08-23T08:09:00+02:00,2026-08-23T08:09:10+02:00,,10.0,1,Gjøvik,VYG:Line:R31,Skøyen-Jaren-Gjøvik,R31,rail,VYG:ServiceJourney:205_443503-R,True,expected,False,,,,,2026-08-23T08:19:38.971673+02:00
NSR:StopPlace:58828,Roa stasjon,2026-08-23T06:36:00+02:00,2026-08-23T06:36:10+02:00,,10.0,1,Oslo S,VYG:Line:R31,Skøyen-Jaren-Gjøvik,R31,rail,VYG:ServiceJourney:204_443502-R,True,expected,False,,,,,2026-08-23T08:19:38.971673+02:00
NSR:StopPlace:58925,Gausel stasjon,2026-08-23T07:10:00+02:00,2026-08-23T07:10:10+02:00,,10.0,1,Sandnes,KOL:Line:8_1001,1,1,bus,KOL:ServiceJourney:1001_251008118370143_5002,True,expected,False,,,,,2026-08-23T06:25:28.795214+02:00
NSR:StopPlace:59635,Hauketo stasjon,2026-08-23T08:25:00+02:00,2026-08-23T08:25:08+02:00,,8.0,1,Holmlia stasjon,RUT:Line:77,Holmlia stasjon - Bjørndal,77,bus,RUT:ServiceJourney:adcd02053db39077418000ae519792e8,True,expected,False,,,,,2026-08-23T08:19:38.971673+02:00
NSR:StopPlace:58925,Gausel stasjon,2026-08-23T08:55:00+02:00,2026-08-23T08:55:08+02:00,,8.0,1,Forus,KOL:Line:8_1003,2,2,bus,KOL:ServiceJourney:1003_251008123085860_5001,True,expected,False,,,,,2026-08-23T08:19:38.971673+02:00
NSR:StopPlace:61301,Movatn stasjon,2026-08-23T08:27:00+02:00,2026-08-23T08:27:07+02:00,,7.0,1,Gjøvik,VYG:Line:R31,Skøyen-Jaren-Gjøvik,R31,rail,VYG:ServiceJourney:207_443505-R,True,expected,False,,,,,2026-08-23T08:19:38.971673+02:00
NSR:StopPlace:59635,Hauketo stasjon,2026-08-23T08:27:00+02:00,2026-08-23T08:27:07+02:00,,7.0,1,Ski,VYG:Line:L2,Stabekk-Oslo S-Ski,L2,rail,VYG:ServiceJourney:2713-HVK_699742-R,True,expected,False,,,,,2026-08-23T08:19:38.971673+02:00
NSR:StopPlace:59636,Holmlia stasjon,2026-08-23T08:29:00+02:00,2026-08-23T08:29:07+02:00,,7.0,1,Ski,VYG:Line:L2,Stabekk-Oslo S-Ski,L2,rail,VYG:ServiceJourney:2713-HVK_699742-R,True,expected,False,,,,,2026-08-23T08:19:38.971673+02:00
NSR:StopPlace:59637,Rosenholm stasjon,2026-08-23T08:31:00+02:00,2026-08-23T08:31:07+02:00,,7.0,1,Ski,VYG:Line:L2,Stabekk-Oslo S-Ski,L2,rail,VYG:ServiceJourney:2713-HVK_699742-R,True,expected,False,,,,,2026-08-23T08:19:38.971673+02:00
NSR:StopPlace:58853,Kolbotn stasjon,2026-08-23T08:33:00+02:00,2026-08-23T08:33:07+02:00,,7.0,1,Ski,VYG:Line:L2,Stabekk-Oslo S-Ski,L2,rail,VYG:ServiceJourney:2713-HVK_699742-R,True,expected,False,,,,,2026-08-23T08:19:38.971673+02:00
NSR:StopPlace:60640,Heimdal stasjon,2026-08-23T07:09:00+02:00,2026-08-23T07:09:07+02:00,,7.0,1,Kattem,ATB:Line:2_1,Ranheim - Strindheim - sentrum - Tiller - Heimdal - Kattem,1,bus,ATB:ServiceJourney:1_251215112546343_7002,True,expected,False,,,,,2026-08-23T06:25:28.795214+02:00
NSR:StopPlace:58825,Raufoss stasjon,2026-08-23T07:45:00+02:00,2026-08-23T07:45:06+02:00,,6.0,1,Oslo S,VYG:Line:R31,Skøyen-Jaren-Gjøvik,R31,rail,VYG:ServiceJourney:208_443506-R,True,expected,False,,,,,2026-08-23T08:19:38.971673+02:00
NSR:StopPlace:58854,Langhus stasjon,2026-08-23T03:08:00+02:00,2026-08-23T03:08:06+02:00,,6.0,1,Bøleråsen,RUT:Line:510,Bøleråsen - Ski - Ås - Drøbak,510,bus,RUT:ServiceJourney:f44b6861e4a47587a29d1c8e9b4c83d5,True,expected,False,,,,,2026-08-23T02:32:00.800137+02:00
NSR:StopPlace:58866,Vevelstad stasjon,2026-08-23T03:13:00+02:00,2026-08-23T03:13:06+02:00,,6.0,1,Bøleråsen,RUT:Line:510,Bøleråsen - Ski - Ås - Drøbak,510,bus,RUT:ServiceJourney:f44b6861e4a47587a29d1c8e9b4c83d5,True,expected,False,,,,,2026-08-23T02:32:00.800137+02:00
NSR:StopPlace:41,Hanaborg stasjon,2026-08-23T08:31:00+02:00,2026-08-23T08:31:03+02:00,,3.0,1,Lillestrøm,VYG:Line:L1,Spikkestad-Oslo S-Lillestrøm,L1,rail,VYG:ServiceJourney:2214_443606-R,True,expected,False,,,,,2026-08-23T08:19:38.971673+02:00
NSR:StopPlace:58858,Nittedal stasjon,2026-08-23T08:32:00+02:00,2026-08-23T08:32:01+02:00,,1.0,1,Gjøvik,VYG:Line:R31,Skøyen-Jaren-Gjøvik,R31,rail,VYG:ServiceJourney:207_443505-R,True,expected,False,Venterom stengt grunnet hærverk. Åpnes høsten 2026,Venterom stengt grunnet hærverk. Åpnes høsten 2026,general,normal,2026-08-23T08:19:38.971673+02:00
NSR:StopPlace:610,Sandvika stasjon,2026-08-23T08:20:00+02:00,2026-08-23T08:20:01+02:00,,1.0,1,Oslo Lufthavn,FLT:Line:FLY1,FLY1,FLY1,rail,FLT:ServiceJourney:1-2614-3725-20260823,True,expected,False,,,,,2026-08-23T08:19:38.971673+02:00
NSR:StopPlace:59635,Hauketo stasjon,2026-08-23T06:55:00+02:00,2026-08-23T06:55:01+02:00,,1.0,1,Holmlia stasjon,RUT:Line:77,Holmlia stasjon - Bjørndal,77,bus,RUT:ServiceJourney:075e829023771c037e7cea63e1e8e061,True,expected,False,,,,,2026-08-23T06:25:28.795214+02:00
NSR:StopPlace:6,Greverud stasjon,2026-08-23T08:10:00+02:00,2026-08-23T08:10:00+02:00,,0.0,0,Ski,VYG:Line:L2,Stabekk-Oslo S-Ski,L2,rail,VYG:ServiceJourney:2711-HVK_699737-R,True,planned,False,,,,,2026-08-23T08:19:38.971673+02:00
NSR:StopPlace:6,Greverud stasjon,2026-08-23T08:40:00+02:00,2026-08-23T08:40:00+02:00,,0.0,0,Ski,VYG:Line:L2,Stabekk-Oslo S-Ski,L2,rail,VYG:ServiceJourney:2713-HVK_699742-R,True,planned,False,,,,,2026-08-23T08:19:38.971673+02:00
NSR:StopPlace:6,Greverud stasjon,2026-08-23T08:48:00+02:00,2026-08-23T08:48:00+02:00,,0.0,0,Stabekk,VYG:Line:L2,Stabekk-Oslo S-Ski,L2,rail,VYG:ServiceJourney:2720-SKI_443927-R,True,planned,False,,,,,2026-08-23T08:19:38.971673+02:00
NSR:StopPlace:6,Greverud stasjon,2026-08-23T09:10:00+02:00,2026-08-23T09:10:00+02:00,,0.0,0,Ski,VYG:Line:L2,Stabekk-Oslo S-Ski,L2,rail,VYG:ServiceJourney:2715-HVK_699747-R,True,planned,False,,,,,2026-08-23T08:19:38.971673+02:00
NSR:StopPlace:6,Greverud stasjon,2026-08-23T09:18:00+02:00,2026-08-23T09:18:00+02:00,,0.0,0,Stabekk,VYG:Line:L2,Stabekk-Oslo S-Ski,L2,rail,VYG:ServiceJourney:2722-SKI_443929-R,True,planned,False,,,,,2026-08-23T08:19:38.971673+02:00
NSR:StopPlace:61169,Marienborg stasjon,2026-08-23T09:08:00+02:00,2026-08-23T09:08:00+02:00,,0.0,0,Steinkjer,SJN:Line:26,Trønderbanen,R70,rail,SJN:ServiceJourney:429_56089-R,True,planned,False,,,,,2026-08-23T08:19:38.971673+02:00
NSR:StopPlace:61458,Mjølfjell stasjon,2026-08-23T08:59:00+02:00,2026-08-23T08:59:00+02:00,,0.0,0,Myrdal,VYG:Line:R40,Bergen-Voss-Myrdal-Ål,R40,rail,VYG:ServiceJourney:1804_496767-R,True,planned,False,,,,,2026-08-23T08:19:38.971673+02:00
NSR:StopPlace:61466,Vakås stasjon,2026-08-23T08:38:00+02:00,2026-08-23T08:38:00+02:00,,0.0,0,Lillestrøm,VYG:Line:L1,Spikkestad-Oslo S-Lillestrøm,L1,rail,VYG:ServiceJourney:2218_443612-R,True,planned,False,,,,,2026-08-23T08:19:38.971673+02:00
NSR:StopPlace:61466,Vakås stasjon,2026-08-23T08:41:00+02:00,2026-08-23T08:41:00+02:00,,0.0,0,Spikkestad,VYG:Line:L1,Spikkestad-Oslo S-Lillestrøm,L1,rail,VYG:ServiceJourney:2213_443604-R,True,planned,False,,,,,2026-08-23T08:19:38.971673+02:00
NSR:StopPlace:61466,Vakås stasjon,2026-08-23T09:08:00+02:00,2026-08-23T09:08:00+02:00,,0.0,0,Lillestrøm,VYG:Line:L1,Spikkestad-Oslo S-Lillestrøm,L1,rail,VYG:ServiceJourney:2220_443616-R,True,planned,False,,,,,2026-08-23T08:19:38.971673+02:00
NSR:StopPlace:61466,Vakås stasjon,2026-08-23T09:11:00+02:00,2026-08-23T09:11:00+02:00,,0.0,0,Spikkestad,VYG:Line:L1,Spikkestad-Oslo S-Lillestrøm,L1,rail,VYG:ServiceJourney:2215_443608-R,True,planned,False,,,,,2026-08-23T08:19:38.971673+02:00
NSR:StopPlace:61463,Nordstrand stasjon,2026-08-23T08:52:00+02:00,2026-08-23T08:52:00+02:00,,0.0,0,Ski,VYG:Line:L2,Stabekk-Oslo S-Ski,L2,rail,VYG:ServiceJourney:2715-HVK_699747-R,True,planned,False,,,,,2026-08-23T08:19:38.971673+02:00
NSR:StopPlace:61463,Nordstrand stasjon,2026-08-23T09:07:00+02:00,2026-08-23T09:07:00+02:00,,0.0,0,Stabekk,VYG:Line:L2,Stabekk-Oslo S-Ski,L2,rail,VYG:ServiceJourney:2720-SKI_443927-R,True,planned,False,,,,,2026-08-23T08:19:38.971673+02:00
NSR:StopPlace:61464,Hvalstad stasjon,2026-08-23T08:39:00+02:00,2026-08-23T08:39:00+02:00,,0.0,0,Spikkestad,VYG:Line:L1,Spikkestad-Oslo S-Lillestrøm,L1,rail,VYG:ServiceJourney:2213_443604-R,True,planned,False,,,,,2026-08-23T08:19:38.971673+02:00
NSR:StopPlace:61464,Hvalstad stasjon,2026-08-23T08:40:00+02:00,2026-08-23T08:40:00+02:00,,0.0,0,Lillestrøm,VYG:Line:L1,Spikkestad-Oslo S-Lillestrøm,L1,rail,VYG:ServiceJourney:2218_443612-R,True,planned,False,,,,,2026-08-23T08:19:38.971673+02:00
NSR:StopPlace:61464,Hvalstad stasjon,2026-08-23T09:09:00+02:00,2026-08-23T09:09:00+02:00,,0.0,0,Spikkestad,VYG:Line:L1,Spikkestad-Oslo S-Lillestrøm,L1,rail,VYG:ServiceJourney:2215_443608-R,True,planned,False,,,,,2026-08-23T08:19:38.971673+02:00
NSR:StopPlace:61464,Hvalstad stasjon,2026-08-23T09:10:00+02:00,2026-08-23T09:10:00+02:00,,0.0,0,Lillestrøm,VYG:Line:L1,Spikkestad-Oslo S-Lillestrøm,L1,rail,VYG:ServiceJourney:2220_443616-R,True,planned,False,,,,,2026-08-23T08:19:38.971673+02:00
NSR:StopPlace:61413,Heia stasjon,2026-08-23T08:48:00+02:00,2026-08-23T08:48:00+02:00,,0.0,0,Oslo S,VYG:Line:R22,Skøyen-Oslo S-Mysen-Rakkestad,R22,rail,VYG:ServiceJourney:1912_443451-R,True,planned,False,,,,,2026-08-23T08:19:38.971673+02:00
NSR:StopPlace:61413,Heia stasjon,2026-08-23T09:07:00+02:00,2026-08-23T09:07:00+02:00,,0.0,0,Rakkestad,VYG:Line:R22,Skøyen-Oslo S-Mysen-Rakkestad,R22,rail,VYG:ServiceJourney:1907-KRAa_500822-R,True,planned,False,,,,,2026-08-23T08:19:38.971673+02:00
NSR:StopPlace:61326,Gulskogen stasjon,2026-08-23T08:47:00+02:00,2026-08-23T08:47:00+02:00,,0.0,0,Kongsberg,VYG:Line:R12,Kongsberg-Oslo S-Eidsvoll,R12,rail,VYG:ServiceJourney:507_444300-R,True,planned,False,,,,,2026-08-23T08:19:38.971673+02:00
NSR:StopPlace:61326,Gulskogen stasjon,2026-08-23T09:12:00+02:00,2026-08-23T09:12:00+02:00,,0.0,0,Eidsvoll,VYG:Line:R12,Kongsberg-Oslo S-Eidsvoll,R12,rail,VYG:ServiceJourney:510_444303-R,True,planned,False,,,,,2026-08-23T08:19:38.971673+02:00
NSR:StopPlace:61368,Välsviken station,2026-08-23T08:58:00+02:00,2026-08-23T08:58:00+02:00,,0.0,0,Oslo S,VYG:Line:F1,Oslo S-Kongsvinger--Charlottenberg-Karlstad,F1,rail,VYG:ServiceJourney:8945_466057-R,True,planned,False,,,,,2026-08-23T08:19:38.971673+02:00
NSR:StopPlace:61383,Urdland stasjon,2026-08-23T08:41:00+02:00,2026-08-23T08:41:00+02:00,,0.0,0,Myrdal,VYG:Line:R40,Bergen-Voss-Myrdal-Ål,R40,rail,VYG:ServiceJourney:1804_496767-R,True,planned,False,,,,,2026-08-23T08:19:38.971673+02:00
NSR:StopPlace:61387,Skogn stasjon,2026-08-23T08:20:00+02:00,2026-08-23T08:20:00+02:00,,0.0,0,Lundamo,SJN:Line:26,Trønderbanen,R70,rail,SJN:ServiceJourney:426_56055-R,True,planned,False,,,,,2026-08-23T08:19:38.971673+02:00
NSR:StopPlace:61315,Nerdrum stasjon,2026-08-23T08:20:00+02:00,2026-08-23T08:20:00+02:00,,0.0,0,Kongsvinger,VYG:Line:R14,Asker-Oslo S-Kongsvinger,R14,rail,VYG:ServiceJourney:1007_442912-R,True,planned,False,,,,,2026-08-23T08:19:38.971673+02:00
NSR:StopPlace:61696,Lunden stasjon,2026-08-23T08:23:00+02:00,2026-08-23T08:23:00+02:00,,0.0,0,Myrdal,VYG:Line:R45,Myrdal-Flåm,R45,rail,VYG:ServiceJourney:1852_465770-R,True,planned,False,,,,,2026-08-23T08:19:38.971673+02:00
NSR:StopPlace:45,Reinunga stasjon,2026-08-23T09:10:00+02:00,2026-08-23T09:10:00+02:00,,0.0,0,Myrdal,VYG:Line:R45,Myrdal-Flåm,R45,rail,VYG:ServiceJourney:1852_465770-R,True,planned,False,,,,,2026-08-23T08:19:38.971673+02:00
NSR:StopPlace:41,Hanaborg stasjon,2026-08-23T08:19:00+02:00,2026-08-23T08:19:00+02:00,,0.0,0,Spikkestad,VYG:Line:L1,Spikkestad-Oslo S-Lillestrøm,L1,rail,VYG:ServiceJourney:2215_443608-R,True,planned,False,,,,,2026-08-23T08:19:38.971673+02:00
NSR:StopPlace:41,Hanaborg stasjon,2026-08-23T08:49:00+02:00,2026-08-23T08:49:00+02:00,,0.0,0,Spikkestad,VYG:Line:L1,Spikkestad-Oslo S-Lillestrøm,L1,rail,VYG:ServiceJourney:2217_443610-R,True,planned,False,,,,,2026-08-23T08:19:38.971673+02:00
NSR:StopPlace:41,Hanaborg stasjon,2026-08-23T09:01:00+02:00,2026-08-23T09:01:00+02:00,,0.0,0,Lillestrøm,VYG:Line:L1,Spikkestad-Oslo S-Lillestrøm,L1,rail,VYG:ServiceJourney:2216_443609-R,True,planned,False,,,,,2026-08-23T08:19:38.971673+02:00
NSR:StopPlace:41,Hanaborg stasjon,2026-08-23T09:19:00+02:00,2026-08-23T09:19:00+02:00,,0.0,0,Spikkestad,VYG:Line:L1,Spikkestad-Oslo S-Lillestrøm,L1,rail,VYG:ServiceJourney:2219_443614-R,True,planned,False,,,,,2026-08-23T08:19:38.971673+02:00
NSR:StopPlace:61897,Bryn stasjon,2026-08-23T08:35:00+02:00,2026-08-23T08:35:00+02:00,,0.0,0,Spikkestad,VYG:Line:L1,Spikkestad-Oslo S-Lillestrøm,L1,rail,VYG:ServiceJourney:2215_443608-R,True,planned,False,,,,,2026-08-23T08:19:38.971673+02:00
NSR:StopPlace:61897,Bryn stasjon,2026-08-23T08:45:00+02:00,2026-08-23T08:45:00+02:00,,0.0,0,Lillestrøm,VYG:Line:L1,Spikkestad-Oslo S-Lillestrøm,L1,rail,VYG:ServiceJourney:2216_443609-R,True,planned,False,,,,,2026-08-23T08:19:38.971673+02:00
NSR:StopPlace:61897,Bryn stasjon,2026-08-23T09:05:00+02:00,2026-08-23T09:05:00+02:00,,0.0,0,Spikkestad,VYG:Line:L1,Spikkestad-Oslo S-Lillestrøm,L1,rail,VYG:ServiceJourney:2217_443610-R,True,planned,False,,,,,2026-08-23T08:19:38.971673+02:00
NSR:StopPlace:61897,Bryn stasjon,2026-08-23T09:15:00+02:00,2026-08-23T09:15:00+02:00,,0.0,0,Lillestrøm,VYG:Line:L1,Spikkestad-Oslo S-Lillestrøm,L1,rail,VYG:ServiceJourney:2218_443612-R,True,planned,False,,,,,2026-08-23T08:19:38.971673+02:00
NSR:StopPlace:61891,Väse station,2026-08-23T08:47:00+02:00,2026-08-23T08:47:00+02:00,,0.0,0,Oslo S,VYG:Line:F1,Oslo S-Kongsvinger--Charlottenberg-Karlstad,F1,rail,VYG:ServiceJourney:8945_466057-R,True,planned,False,,,,,2026-08-23T08:19:38.971673+02:00
NSR:StopPlace:61928,Blomheller stasjon,2026-08-23T08:52:00+02:00,2026-08-23T08:52:00+02:00,,0.0,0,Myrdal,VYG:Line:R45,Myrdal-Flåm,R45,rail,VYG:ServiceJourney:1852_465770-R,True,planned,False,,,,,2026-08-23T08:19:38.971673+02:00
NSR:StopPlace:61926,Håreina stasjon,2026-08-23T08:26:00+02:00,2026-08-23T08:26:00+02:00,,0.0,0,Myrdal,VYG:Line:R45,Myrdal-Flåm,R45,rail,VYG:ServiceJourney:1852_465770-R,True,planned,False,,,,,2026-08-23T08:19:38.971673+02:00
NSR:StopPlace:61927,Berekvam stasjon,2026-08-23T08:48:00+02:00,2026-08-23T08:48:00+02:00,,0.0,0,Myrdal,VYG:Line:R45,Myrdal-Flåm,R45,rail,VYG:ServiceJourney:1852_465770-R,True,planned,False,,,,,2026-08-23T08:19:38.971673+02:00
NSR:StopPlace:61735,Hell stasjon,2026-08-23T09:06:00+02:00,2026-08-23T09:06:00+02:00,,0.0,0,Lundamo,SJN:Line:26,Trønderbanen,R70,rail,SJN:ServiceJourney:426_56055-R,True,planned,False,,,,,2026-08-23T08:19:38.971673+02:00
NSR:StopPlace:59789,Skotbu stasjon,2026-08-23T08:32:00+02:00,2026-08-23T08:32:00+02:00,,0.0,0,Oslo S,VYG:Line:R22,Skøyen-Oslo S-Mysen-Rakkestad,R22,rail,VYG:ServiceJourney:1910_443447-R,True,planned,False,,,,,2026-08-23T08:19:38.971673+02:00
NSR:StopPlace:59872,Oslo S,2026-08-23T08:19:00+02:00,2026-08-23T08:19:00+02:00,,0.0,0,Drammen,VYG:Line:R13,Drammen-Oslo S-Dal,R13,rail,VYG:ServiceJourney:1612_443236-R,True,planned,False,,,,,2026-08-23T08:19:38.971673+02:00
NSR:StopPlace:59872,Oslo S,2026-08-23T08:20:00+02:00,2026-08-23T08:20:00+02:00,,0.0,0,Oslo Lufthavn,FLT:Line:FLY1,FLY1,FLY1,rail,FLT:ServiceJourney:1-2614-3723-20260823,True,planned,False,,,,,2026-08-23T08:19:38.971673+02:00
NSR:StopPlace:59872,Oslo S,2026-08-23T08:22:00+02:00,2026-08-23T08:22:00+02:00,,0.0,0,Moss,VYG:Line:R21,Stabekk-Oslo S-Moss,R21,rail,VYG:ServiceJourney:1113-HVK_442988-R,True,planned,False,,,,,2026-08-23T08:19:38.971673+02:00
NSR:StopPlace:59872,Oslo S,2026-08-23T08:24:00+02:00,2026-08-23T08:24:00+02:00,,0.0,0,Eidsvoll,VYG:Line:RE11,Eidsvoll-Oslo S-Skien,RE11,rail,VYG:ServiceJourney:806_444386-R,True,planned,False,,,,,2026-08-23T08:19:38.971673+02:00
NSR:StopPlace:59872,Oslo S,2026-08-23T08:25:00+02:00,2026-08-23T08:25:00+02:00,,0.0,0,Bergen,VYG:Line:F4,Oslo S-Bergen,F4,rail,VYG:ServiceJourney:63-LOD_580500-R,True,planned,False,,,,,2026-08-23T08:19:38.971673+02:00
NSR:StopPlace:59872,Oslo S,2026-08-23T08:29:00+02:00,2026-08-23T08:29:00+02:00,,0.0,0,Drammen,VYG:Line:RE10,Drammen-Oslo S-Lillehammer,RE10,rail,VYG:ServiceJourney:306-EVL_520950-R,True,planned,False,,,,,2026-08-23T08:19:38.971673+02:00
NSR:StopPlace:59872,Oslo S,2026-08-23T08:34:00+02:00,2026-08-23T08:34:00+02:00,,0.0,0,Lillehammer,VYG:Line:RE10,Drammen-Oslo S-Lillehammer,RE10,rail,VYG:ServiceJourney:309-SUD_520964-R,True,planned,False,,,,,2026-08-23T08:19:38.971673+02:00
NSR:StopPlace:59872,Oslo S,2026-08-23T08:37:00+02:00,2026-08-23T08:37:00+02:00,,0.0,0,Stabekk,VYG:Line:R21,Stabekk-Oslo S-Moss,R21,rail,VYG:ServiceJourney:1116-MOS_442991-R,True,planned,False,,,,,2026-08-23T08:19:38.971673+02:00
NSR:StopPlace:59872,Oslo S,2026-08-23T08:39:00+02:00,2026-08-23T08:39:00+02:00,,0.0,0,Skien,VYG:Line:RE11,Eidsvoll-Oslo S-Skien,RE11,rail,VYG:ServiceJourney:809_444389-R,True,planned,False,,,,,2026-08-23T08:19:38.971673+02:00
NSR:StopPlace:59872,Oslo S,2026-08-23T08:40:00+02:00,2026-08-23T08:40:00+02:00,,0.0,0,Oslo Lufthavn,FLT:Line:FLY1,FLY1,FLY1,rail,FLT:ServiceJourney:1-2614-3725-20260823,True,planned,False,,,,,2026-08-23T08:19:38.971673+02:00
NSR:StopPlace:59872,Oslo S,2026-08-23T08:41:00+02:00,2026-08-23T08:41:00+02:00,,0.0,0,Lillestrøm,VYG:Line:L1,Spikkestad-Oslo S-Lillestrøm,L1,rail,VYG:ServiceJourney:2216_443609-R,True,planned,False,,,,,2026-08-23T08:19:38.971673+02:00
NSR:StopPlace:59872,Oslo S,2026-08-23T08:41:00+02:00,2026-08-23T08:41:00+02:00,,0.0,0,Spikkestad,VYG:Line:L1,Spikkestad-Oslo S-Lillestrøm,L1,rail,VYG:ServiceJourney:2215_443608-R,True,planned,False,,,,,2026-08-23T08:19:38.971673+02:00
NSR:StopPlace:59872,Oslo S,2026-08-23T08:44:00+02:00,2026-08-23T08:44:00+02:00,,0.0,0,Dal,VYG:Line:R13,Drammen-Oslo S-Dal,R13,rail,VYG:ServiceJourney:1615_443244-R,True,planned,False,,,,,2026-08-23T08:19:38.971673+02:00
NSR:StopPlace:59872,Oslo S,2026-08-23T08:46:00+02:00,2026-08-23T08:46:00+02:00,,0.0,0,Ski,VYG:Line:L2,Stabekk-Oslo S-Ski,L2,rail,VYG:ServiceJourney:2715-HVK_699747-R,True,planned,False,,,,,2026-08-23T08:19:38.971673+02:00
NSR:StopPlace:59872,Oslo S,2026-08-23T08:52:00+02:00,2026-08-23T08:52:00+02:00,,0.0,0,Moss,VYG:Line:R21,Stabekk-Oslo S-Moss,R21,rail,VYG:ServiceJourney:1115-HVK_442990-R,True,planned,False,,,,,2026-08-23T08:19:38.971673+02:00
NSR:StopPlace:59646,Høvik stasjon,2026-08-23T08:23:00+02:00,2026-08-23T08:23:00+02:00,,0.0,0,Lillestrøm,VYG:Line:L1,Spikkestad-Oslo S-Lillestrøm,L1,rail,VYG:ServiceJourney:2216_443609-R,True,planned,False,,,,,2026-08-23T08:19:38.971673+02:00
NSR:StopPlace:59646,Høvik stasjon,2026-08-23T08:53:00+02:00,2026-08-23T08:53:00+02:00,,0.0,0,Lillestrøm,VYG:Line:L1,Spikkestad-Oslo S-Lillestrøm,L1,rail,VYG:ServiceJourney:2218_443612-R,True,planned,False,,,,,2026-08-23T08:19:38.971673+02:00
NSR:StopPlace:59646,Høvik stasjon,2026-08-23T08:56:00+02:00,2026-08-23T08:56:00+02:00,,0.0,0,Spikkestad,VYG:Line:L1,Spikkestad-Oslo S-Lillestrøm,L1,rail,VYG:ServiceJourney:2215_443608-R,True,planned,False,,,,,2026-08-23T08:19:38.971673+02:00
NSR:StopPlace:59647,Dal stasjon,2026-08-23T08:24:00+02:00,2026-08-23T08:24:00+02:00,,0.0,0,Drammen,VYG:Line:R13,Drammen-Oslo S-Dal,R13,rail,VYG:ServiceJourney:1616_443247-R,True,planned,False,Redusert hastighet: Dal,Dal: Togene kjører saktere. Du må regne med forsinkelser. Dette skyldes en signalfeil.,incident,normal,2026-08-23T08:19:38.971673+02:00
NSR:StopPlace:59647,Dal stasjon,2026-08-23T08:41:00+02:00,2026-08-23T08:41:00+02:00,,0.0,0,Jessheim,RUT:Line:430,Eidsvoll - Jessheim,430,bus,RUT:ServiceJourney:77733674f18d10d9e9630981fcc793ec,True,planned,False,,,,,2026-08-23T08:19:38.971673+02:00
NSR:StopPlace:59647,Dal stasjon,2026-08-23T08:46:00+02:00,2026-08-23T08:46:00+02:00,,0.0,0,Eidsvoll st.,RUT:Line:430,Eidsvoll - Jessheim,430,bus,RUT:ServiceJourney:95d113498ee68da7c3cbe47b2ea1f195,True,planned,False,,,,,2026-08-23T08:19:38.971673+02:00
NSR:StopPlace:59647,Dal stasjon,2026-08-23T08:54:00+02:00,2026-08-23T08:54:00+02:00,,0.0,0,Drammen,VYG:Line:R13,Drammen-Oslo S-Dal,R13,rail,VYG:ServiceJourney:1618_443252-R,True,planned,False,Redusert hastighet: Dal,Dal: Togene kjører saktere. Du må regne med forsinkelser. Dette skyldes en signalfeil.,incident,normal,2026-08-23T08:19:38.971673+02:00
NSR:StopPlace:59648,Kjelsås stasjon,2026-08-23T08:31:00+02:00,2026-08-23T08:31:00+02:00,,0.0,0,Oslo S,VYG:Line:R31,Skøyen-Jaren-Gjøvik,R31,rail,VYG:ServiceJourney:206_443504-R,True,planned,False,,,,,2026-08-23T08:19:38.971673+02:00
NSR:StopPlace:59648,Kjelsås stasjon,2026-08-23T08:40:00+02:00,2026-08-23T08:40:00+02:00,,0.0,0,Kværnerbyen,RUT:Line:54,Kværnerbyen - Kjelsås stasjon,54,bus,RUT:ServiceJourney:59e81f51c61577effb25914abd6b5324,True,planned,False,,,,,2026-08-23T08:19:38.971673+02:00
NSR:StopPlace:59648,Kjelsås stasjon,2026-08-23T08:55:00+02:00,2026-08-23T08:55:00+02:00,,0.0,0,Majorstuen,RUT:Line:25,Majorstuen-Haugerud,25,bus,RUT:ServiceJourney:ce3d657e27958656a5a9b57cad112be2,True,planned,False,,,,,2026-08-23T08:19:38.971673+02:00
NSR:StopPlace:59648,Kjelsås stasjon,2026-08-23T09:11:00+02:00,2026-08-23T09:11:00+02:00,,0.0,0,Haugerud,RUT:Line:25,Majorstuen-Haugerud,25,bus,RUT:ServiceJourney:5000df1741ee838ac417234894cb1890,True,planned,False,,,,,2026-08-23T08:19:38.971673+02:00
NSR:StopPlace:59648,Kjelsås stasjon,2026-08-23T09:18:00+02:00,2026-08-23T09:18:00+02:00,,0.0,0,Gjøvik,VYG:Line:R31,Skøyen-Jaren-Gjøvik,R31,rail,VYG:ServiceJourney:209_443507-R,True,planned,False,,,,,2026-08-23T08:19:38.971673+02:00
NSR:StopPlace:59649,Nydalen stasjon,2026-08-23T07:34:00+02:00,2026-08-23T07:34:00+02:00,,0.0,0,Oslo S,VYG:Line:R31,Skøyen-Jaren-Gjøvik,R31,rail,VYG:ServiceJourney:204_443502-R,True,planned,False,,,,,2026-08-23T08:19:38.971673+02:00
NSR:StopPlace:59649,Nydalen stasjon,2026-08-23T08:34:00+02:00,2026-08-23T08:34:00+02:00,,0.0,0,Oslo S,VYG:Line:R31,Skøyen-Jaren-Gjøvik,R31,rail,VYG:ServiceJourney:206_443504-R,True,planned,False,,,,,2026-08-23T08:19:38.971673+02:00
NSR:StopPlace:59649,Nydalen stasjon,2026-08-23T08:46:00+02:00,2026-08-23T08:46:00+02:00,,0.0,0,Lysaker,RUT:Line:23,Lysaker - Simensbråten,23,bus,RUT:ServiceJourney:3b7f333cfdd514cfd687695edbaa9d3c,True,planned,False,,,,,2026-08-23T08:19:38.971673+02:00
NSR:StopPlace:59649,Nydalen stasjon,2026-08-23T09:03:00+02:00,2026-08-23T09:03:00+02:00,,0.0,0,Oslo lufthavn,NBU:Line:cb7b555c-f96e-42d5-84bf-a5e08c0145c2,Radiumhospitalet via Økern-Storo-Tåsen,FB3,bus,NBU:ServiceJourney:80ade2bb-3a30-4b2b-872e-b6b05f110897,True,planned,False,,,,,2026-08-23T08:19:38.971673+02:00
NSR:StopPlace:59649,Nydalen stasjon,2026-08-23T09:15:00+02:00,2026-08-23T09:15:00+02:00,,0.0,0,Gjøvik,VYG:Line:R31,Skøyen-Jaren-Gjøvik,R31,rail,VYG:ServiceJourney:209_443507-R,True,planned,False,,,,,2026-08-23T08:19:38.971673+02:00
NSR:StopPlace:59649,Nydalen stasjon,2026-08-23T09:16:00+02:00,2026-08-23T09:16:00+02:00,,0.0,0,Simensbråten,RUT:Line:23,Lysaker - Simensbråten,23,bus,RUT:ServiceJourney:60bce168a721078ab6f31c3d91736be7,True,planned,False,,,,,2026-08-23T08:19:38.971673+02:00
NSR:StopPlace:59641,Fjellhamar stasjon,2026-08-23T08:33:00+02:00,2026-08-23T08:33:00+02:00,,0.0,0,Lillestrøm,VYG:Line:L1,Spikkestad-Oslo S-Lillestrøm,L1,rail,VYG:ServiceJourney:2214_443606-R,True,planned,False,,,,,2026-08-23T08:19:38.971673+02:00
NSR:StopPlace:59641,Fjellhamar stasjon,2026-08-23T08:47:00+02:00,2026-08-23T08:47:00+02:00,,0.0,0,Spikkestad,VYG:Line:L1,Spikkestad-Oslo S-Lillestrøm,L1,rail,VYG:ServiceJourney:2217_443610-R,True,planned,False,,,,,2026-08-23T08:19:38.971673+02:00
NSR:StopPlace:59641,Fjellhamar stasjon,2026-08-23T08:49:00+02:00,2026-08-23T08:49:00+02:00,,0.0,0,Ahus,RUT:Line:315,Vallerudtoppen - Ahus,315,bus,RUT:ServiceJourney:19df8b8b27d77325ba290410d3f016bd,True,planned,False,,,,,2026-08-23T08:19:38.971673+02:00
NSR:StopPlace:59641,Fjellhamar stasjon,2026-08-23T09:03:00+02:00,2026-08-23T09:03:00+02:00,,0.0,0,Lillestrøm,VYG:Line:L1,Spikkestad-Oslo S-Lillestrøm,L1,rail,VYG:ServiceJourney:2216_443609-R,True,planned,False,,,,,2026-08-23T08:19:38.971673+02:00
NSR:StopPlace:59641,Fjellhamar stasjon,2026-08-23T09:17:00+02:00,2026-08-23T09:17:00+02:00,,0.0,0,Spikkestad,VYG:Line:L1,Spikkestad-Oslo S-Lillestrøm,L1,rail,VYG:ServiceJourney:2219_443614-R,True,planned,False,,,,,2026-08-23T08:19:38.971673+02:00
NSR:StopPlace:59642,Rånåsfoss stasjon,2026-08-23T08:38:00+02:00,2026-08-23T08:38:00+02:00,,0.0,0,Kongsvinger,VYG:Line:R14,Asker-Oslo S-Kongsvinger,R14,rail,VYG:ServiceJourney:1007_442912-R,True,planned,False,,,,,2026-08-23T08:19:38.971673+02:00
NSR:StopPlace:59642,Rånåsfoss stasjon,2026-08-23T09:18:00+02:00,2026-08-23T09:18:00+02:00,,0.0,0,Asker,VYG:Line:R14,Asker-Oslo S-Kongsvinger,R14,rail,VYG:ServiceJourney:1010_442915-R,True,planned,False,,,,,2026-08-23T08:19:38.971673+02:00
NSR:StopPlace:59643,Grefsen stasjon,2026-08-23T07:37:00+02:00,2026-08-23T07:37:00+02:00,,0.0,0,Oslo S,VYG:Line:R31,Skøyen-Jaren-Gjøvik,R31,rail,VYG:ServiceJourney:204_443502-R,True,planned,False,,,,,2026-08-23T08:19:38.971673+02:00
NSR:StopPlace:59643,Grefsen stasjon,2026-08-23T08:35:00+02:00,2026-08-23T08:35:00+02:00,,0.0,0,Gaustadalléen,RUT:Line:17,Rikshospitalet - Sinsen o/ Carl Berner,17,tram,RUT:ServiceJourney:13d3336ced9aabd4d215449703a6865e,True,planned,False,,,,,2026-08-23T08:19:38.971673+02:00
NSR:StopPlace:59643,Grefsen stasjon,2026-08-23T08:37:00+02:00,2026-08-23T08:37:00+02:00,,0.0,0,Oslo S,VYG:Line:R31,Skøyen-Jaren-Gjøvik,R31,rail,VYG:ServiceJourney:206_443504-R,True,planned,False,,,,,2026-08-23T08:19:38.971673+02:00
NSR:StopPlace:59643,Grefsen stasjon,2026-08-23T08:41:00+02:00,2026-08-23T08:41:00+02:00,,0.0,0,Lysaker,RUT:Line:23,Lysaker - Simensbråten,23,bus,RUT:ServiceJourney:3b7f333cfdd514cfd687695edbaa9d3c,True,planned,False,,,,,2026-08-23T08:19:38.971673+02:00
NSR:StopPlace:59643,Grefsen stasjon,2026-08-23T09:08:00+02:00,2026-08-23T09:08:00+02:00,,0.0,0,Oslo lufthavn,NBU:Line:cb7b555c-f96e-42d5-84bf-a5e08c0145c2,Radiumhospitalet via Økern-Storo-Tåsen,FB3,bus,NBU:ServiceJourney:80ade2bb-3a30-4b2b-872e-b6b05f110897,True,planned,False,,,,,2026-08-23T08:19:38.971673+02:00
NSR:StopPlace:59643,Grefsen stasjon,2026-08-23T09:12:00+02:00,2026-08-23T09:12:00+02:00,,0.0,0,Gjøvik,VYG:Line:R31,Skøyen-Jaren-Gjøvik,R31,rail,VYG:ServiceJourney:209_443507-R,True,planned,False,,,,,2026-08-23T08:19:38.971673+02:00
NSR:StopPlace:59643,Grefsen stasjon,2026-08-23T09:19:00+02:00,2026-08-23T09:19:00+02:00,,0.0,0,Simensbråten,RUT:Line:23,Lysaker - Simensbråten,23,bus,RUT:ServiceJourney:60bce168a721078ab6f31c3d91736be7,True,planned,False,,,,,2026-08-23T08:19:38.971673+02:00
NSR:StopPlace:60640,Heimdal stasjon,2026-08-23T08:59:00+02:00,2026-08-23T08:59:00+02:00,,0.0,0,Steinkjer,SJN:Line:26,Trønderbanen,R70,rail,SJN:ServiceJourney:429_56089-R,True,planned,False,,,,,2026-08-23T08:19:38.971673+02:00
NSR:StopPlace:59650,Nyland stasjon,2026-08-23T08:29:00+02:00,2026-08-23T08:29:00+02:00,,0.0,0,Spikkestad,VYG:Line:L1,Spikkestad-Oslo S-Lillestrøm,L1,rail,VYG:ServiceJourney:2215_443608-R,True,planned,False,,,,,2026-08-23T08:19:38.971673+02:00
NSR:StopPlace:59650,Nyland stasjon,2026-08-23T08:51:00+02:00,2026-08-23T08:51:00+02:00,,0.0,0,Lillestrøm,VYG:Line:L1,Spikkestad-Oslo S-Lillestrøm,L1,rail,VYG:ServiceJourney:2216_443609-R,True,planned,False,,,,,2026-08-23T08:19:38.971673+02:00
NSR:StopPlace:59650,Nyland stasjon,2026-08-23T08:59:00+02:00,2026-08-23T08:59:00+02:00,,0.0,0,Spikkestad,VYG:Line:L1,Spikkestad-Oslo S-Lillestrøm,L1,rail,VYG:ServiceJourney:2217_443610-R,True,planned,False,,,,,2026-08-23T08:19:38.971673+02:00
NSR:StopPlace:59652,Tøyen stasjon,2026-08-23T07:40:00+02:00,2026-08-23T07:40:00+02:00,,0.0,0,Oslo S,VYG:Line:R31,Skøyen-Jaren-Gjøvik,R31,rail,VYG:ServiceJourney:204_443502-R,True,planned,False,,,,,2026-08-23T08:19:38.971673+02:00
NSR:StopPlace:59652,Tøyen stasjon,2026-08-23T08:40:00+02:00,2026-08-23T08:40:00+02:00,,0.0,0,Oslo S,VYG:Line:R31,Skøyen-Jaren-Gjøvik,R31,rail,VYG:ServiceJourney:206_443504-R,True,planned,False,,,,,2026-08-23T08:19:38.971673+02:00
NSR:StopPlace:59652,Tøyen stasjon,2026-08-23T08:44:00+02:00,2026-08-23T08:44:00+02:00,,0.0,0,Vippetangen,RUT:Line:60,Vippetangen-Tonsenhagen,60,bus,RUT:ServiceJourney:04b5279d35b39ce0e74a2e0ce428a058,True,planned,False,,,,,2026-08-23T08:19:38.971673+02:00
NSR:StopPlace:59652,Tøyen stasjon,2026-08-23T09:09:00+02:00,2026-08-23T09:09:00+02:00,,0.0,0,Gjøvik,VYG:Line:R31,Skøyen-Jaren-Gjøvik,R31,rail,VYG:ServiceJourney:209_443507-R,True,planned,False,,,,,2026-08-23T08:19:38.971673+02:00
NSR:StopPlace:59653,Haugenstua stasjon,2026-08-23T08:25:00+02:00,2026-08-23T08:25:00+02:00,,0.0,0,Spikkestad,VYG:Line:L1,Spikkestad-Oslo S-Lillestrøm,L1,rail,VYG:ServiceJourney:2215_443608-R,True,planned,False,,,,,2026-08-23T08:19:38.971673+02:00
NSR:StopPlace:59653,Haugenstua stasjon,2026-08-23T08:55:00+02:00,2026-08-23T08:55:00+02:00,,0.0,0,Lillestrøm,VYG:Line:L1,Spikkestad-Oslo S-Lillestrøm,L1,rail,VYG:ServiceJourney:2216_443609-R,True,planned,False,,,,,2026-08-23T08:19:38.971673+02:00
NSR:StopPlace:59653,Haugenstua stasjon,2026-08-23T08:55:00+02:00,2026-08-23T08:55:00+02:00,,0.0,0,Spikkestad,VYG:Line:L1,Spikkestad-Oslo S-Lillestrøm,L1,rail,VYG:ServiceJourney:2217_443610-R,True,planned,False,,,,,2026-08-23T08:19:38.971673+02:00
NSR:StopPlace:59654,Stabekk stasjon,2026-08-23T08:26:00+02:00,2026-08-23T08:26:00+02:00,,0.0,0,Lillestrøm,VYG:Line:L1,Spikkestad-Oslo S-Lillestrøm,L1,rail,VYG:ServiceJourney:2216_443609-R,True,planned,False,,,,,2026-08-23T08:19:38.971673+02:00
NSR:StopPlace:59654,Stabekk stasjon,2026-08-23T08:30:00+02:00,2026-08-23T08:30:00+02:00,,0.0,0,Ski,VYG:Line:L2,Stabekk-Oslo S-Ski,L2,rail,VYG:ServiceJourney:2715-HVK_699747-R,True,planned,False,,,,,2026-08-23T08:19:38.971673+02:00
NSR:StopPlace:59654,Stabekk stasjon,2026-08-23T08:36:00+02:00,2026-08-23T08:36:00+02:00,,0.0,0,Moss,VYG:Line:R21,Stabekk-Oslo S-Moss,R21,rail,VYG:ServiceJourney:1115-HVK_442990-R,True,planned,False,,,,,2026-08-23T08:19:38.971673+02:00
NSR:StopPlace:59654,Stabekk stasjon,2026-08-23T08:39:00+02:00,2026-08-23T08:39:00+02:00,,0.0,0,Gullhaug,RUT:Line:150,Gullhaug - Nationaltheatret,150,bus,RUT:ServiceJourney:f38a18b238a4fcc8980ee4d9ce25c368,True,planned,False,Holdeplass Stabekk stasjon i retning mot Bekkestua er flyttet ca. 50 meter bakover.,Dette skyldes anleggsarbeid i området.,incident,normal,2026-08-23T08:19:38.971673+02:00
NSR:StopPlace:59654,Stabekk stasjon,2026-08-23T08:52:00+02:00,2026-08-23T08:52:00+02:00,,0.0,0,Nationaltheatret,RUT:Line:150,Gullhaug - Nationaltheatret,150,bus,RUT:ServiceJourney:9a00035dc1d03fb9d091c9342b70e288,True,planned,False,,,,,2026-08-23T08:19:38.971673+02:00
NSR:StopPlace:59654,Stabekk stasjon,2026-08-23T08:54:00+02:00,2026-08-23T08:54:00+02:00,,0.0,0,Spikkestad,VYG:Line:L1,Spikkestad-Oslo S-Lillestrøm,L1,rail,VYG:ServiceJourney:2215_443608-R,True,planned,False,,,,,2026-08-23T08:19:38.971673+02:00
NSR:StopPlace:59654,Stabekk stasjon,2026-08-23T08:56:00+02:00,2026-08-23T08:56:00+02:00,,0.0,0,Lillestrøm,VYG:Line:L1,Spikkestad-Oslo S-Lillestrøm,L1,rail,VYG:ServiceJourney:2218_443612-R,True,planned,False,,,,,2026-08-23T08:19:38.971673+02:00
NSR:StopPlace:59654,Stabekk stasjon,2026-08-23T09:00:00+02:00,2026-08-23T09:00:00+02:00,,0.0,0,Ski,VYG:Line:L2,Stabekk-Oslo S-Ski,L2,rail,VYG:ServiceJourney:2717-HVK_699752-R,True,planned,False,,,,,2026-08-23T08:19:38.971673+02:00
NSR:StopPlace:59654,Stabekk stasjon,2026-08-23T09:06:00+02:00,2026-08-23T09:06:00+02:00,,0.0,0,Moss,VYG:Line:R21,Stabekk-Oslo S-Moss,R21,rail,VYG:ServiceJourney:1117-HVK_442992-R,True,planned,False,,,,,2026-08-23T08:19:38.971673+02:00
NSR:StopPlace:59703,Åndalsnes stasjon,2026-08-23T09:17:00+02:00,2026-08-23T09:17:00+02:00,,0.0,0,Åndalsnes,MOR:Line:420,Fram Ekspress Molde-Åndalsnes,420,bus,MOR:ServiceJourney:420_702_9150000047246558,True,planned,False,,,,,2026-08-23T08:19:38.971673+02:00
NSR:StopPlace:60736,Spikkestad stasjon,2026-08-23T08:46:00+02:00,2026-08-23T08:46:00+02:00,,0.0,0,Lillestrøm,VYG:Line:L1,Spikkestad-Oslo S-Lillestrøm,L1,rail,VYG:ServiceJourney:2220_443616-R,True,planned,False,,,,,2026-08-23T08:19:38.971673+02:00
NSR:StopPlace:60736,Spikkestad stasjon,2026-08-23T09:16:00+02:00,2026-08-23T09:16:00+02:00,,0.0,0,Lillestrøm,VYG:Line:L1,Spikkestad-Oslo S-Lillestrøm,L1,rail,VYG:ServiceJourney:2222_443619-R,True,planned,False,,,,,2026-08-23T08:19:38.971673+02:00
NSR:StopPlace:60737,Bondivann stasjon,2026-08-23T06:30:00+02:00,2026-08-23T06:30:00+02:00,,0.0,0,Lillestrøm,VYG:Line:L1,Spikkestad-Oslo S-Lillestrøm,L1,rail,VYG:ServiceJourney:2210_443600-R,True,planned,False,Åpnet: Asker stasjon,"Asker stasjon er åpen for togtrafikk på alle spor igjen. Togene kjører, men det kan ta litt tid før de er i rute. Du må derfor regne med forsinkelser.",general,normal,2026-08-23T08:19:38.971673+02:00
NSR:StopPlace:60737,Bondivann stasjon,2026-08-23T07:00:00+02:00,2026-08-23T07:00:00+02:00,,0.0,0,Lillestrøm,VYG:Line:L1,Spikkestad-Oslo S-Lillestrøm,L1,rail,VYG:ServiceJourney:2212_443603-R,True,planned,False,Åpnet: Asker stasjon,"Asker stasjon er åpen for togtrafikk på alle spor igjen. Togene kjører, men det kan ta litt tid før de er i rute. Du må derfor regne med forsinkelser.",general,normal,2026-08-23T08:19:38.971673+02:00
NSR:StopPlace:60737,Bondivann stasjon,2026-08-23T07:30:00+02:00,2026-08-23T07:30:00+02:00,,0.0,0,Lillestrøm,VYG:Line:L1,Spikkestad-Oslo S-Lillestrøm,L1,rail,VYG:ServiceJourney:2214_443606-R,True,planned,False,Åpnet: Asker stasjon,"Asker stasjon er åpen for togtrafikk på alle spor igjen. Togene kjører, men det kan ta litt tid før de er i rute. Du må derfor regne med forsinkelser.",general,normal,2026-08-23T08:19:38.971673+02:00
NSR:StopPlace:60737,Bondivann stasjon,2026-08-23T07:49:00+02:00,2026-08-23T07:49:00+02:00,,0.0,0,Spikkestad,VYG:Line:L1,Spikkestad-Oslo S-Lillestrøm,L1,rail,VYG:ServiceJourney:2209_443598-R,True,planned,False,,,,,2026-08-23T08:19:38.971673+02:00
NSR:StopPlace:60737,Bondivann stasjon,2026-08-23T08:00:00+02:00,2026-08-23T08:00:00+02:00,,0.0,0,Lillestrøm,VYG:Line:L1,Spikkestad-Oslo S-Lillestrøm,L1,rail,VYG:ServiceJourney:2216_443609-R,True,planned,False,,,,,2026-08-23T08:19:38.971673+02:00
NSR:StopPlace:60737,Bondivann stasjon,2026-08-23T08:19:00+02:00,2026-08-23T08:19:00+02:00,,0.0,0,Spikkestad,VYG:Line:L1,Spikkestad-Oslo S-Lillestrøm,L1,rail,VYG:ServiceJourney:2211_443602-R,True,planned,False,,,,,2026-08-23T08:19:38.971673+02:00
NSR:StopPlace:60737,Bondivann stasjon,2026-08-23T08:30:00+02:00,2026-08-23T08:30:00+02:00,,0.0,0,Lillestrøm,VYG:Line:L1,Spikkestad-Oslo S-Lillestrøm,L1,rail,VYG:ServiceJourney:2218_443612-R,True,planned,False,,,,,2026-08-23T08:19:38.971673+02:00
NSR:StopPlace:60737,Bondivann stasjon,2026-08-23T08:49:00+02:00,2026-08-23T08:49:00+02:00,,0.0,0,Spikkestad,VYG:Line:L1,Spikkestad-Oslo S-Lillestrøm,L1,rail,VYG:ServiceJourney:2213_443604-R,True,planned,False,,,,,2026-08-23T08:19:38.971673+02:00
NSR:StopPlace:60737,Bondivann stasjon,2026-08-23T09:00:00+02:00,2026-08-23T09:00:00+02:00,,0.0,0,Lillestrøm,VYG:Line:L1,Spikkestad-Oslo S-Lillestrøm,L1,rail,VYG:ServiceJourney:2220_443616-R,True,planned,False,,,,,2026-08-23T08:19:38.971673+02:00
NSR:StopPlace:60737,Bondivann stasjon,2026-08-23T09:19:00+02:00,2026-08-23T09:19:00+02:00,,0.0,0,Spikkestad,VYG:Line:L1,Spikkestad-Oslo S-Lillestrøm,L1,rail,VYG:ServiceJourney:2215_443608-R,True,planned,False,,,,,2026-08-23T08:19:38.971673+02:00
NSR:StopPlace:60735,Gullhella stasjon,2026-08-23T07:51:00+02:00,2026-08-23T07:51:00+02:00,,0.0,0,Spikkestad,VYG:Line:L1,Spikkestad-Oslo S-Lillestrøm,L1,rail,VYG:ServiceJourney:2209_443598-R,True,planned,False,,,,,2026-08-23T08:19:38.971673+02:00
NSR:StopPlace:60735,Gullhella stasjon,2026-08-23T07:58:00+02:00,2026-08-23T07:58:00+02:00,,0.0,0,Lillestrøm,VYG:Line:L1,Spikkestad-Oslo S-Lillestrøm,L1,rail,VYG:ServiceJourney:2216_443609-R,True,planned,False,,,,,2026-08-23T08:19:38.971673+02:00
NSR:StopPlace:60735,Gullhella stasjon,2026-08-23T08:21:00+02:00,2026-08-23T08:21:00+02:00,,0.0,0,Spikkestad,VYG:Line:L1,Spikkestad-Oslo S-Lillestrøm,L1,rail,VYG:ServiceJourney:2211_443602-R,True,planned,False,,,,,2026-08-23T08:19:38.971673+02:00
NSR:StopPlace:60735,Gullhella stasjon,2026-08-23T08:27:00+02:00,2026-08-23T08:27:00+02:00,,0.0,0,Lillestrøm,VYG:Line:L1,Spikkestad-Oslo S-Lillestrøm,L1,rail,VYG:ServiceJourney:2218_443612-R,True,planned,False,,,,,2026-08-23T08:19:38.971673+02:00
NSR:StopPlace:60735,Gullhella stasjon,2026-08-23T08:51:00+02:00,2026-08-23T08:51:00+02:00,,0.0,0,Spikkestad,VYG:Line:L1,Spikkestad-Oslo S-Lillestrøm,L1,rail,VYG:ServiceJourney:2213_443604-R,True,planned,False,,,,,2026-08-23T08:19:38.971673+02:00
NSR:StopPlace:60735,Gullhella stasjon,2026-08-23T08:58:00+02:00,2026-08-23T08:58:00+02:00,,0.0,0,Lillestrøm,VYG:Line:L1,Spikkestad-Oslo S-Lillestrøm,L1,rail,VYG:ServiceJourney:2220_443616-R,True,planned,False,,,,,2026-08-23T08:19:38.971673+02:00
NSR:StopPlace:59952,Drammen stasjon,2026-08-23T08:22:00+02:00,2026-08-23T08:22:00+02:00,,0.0,0,Oslo Lufthavn,FLT:Line:FLY1,FLY1,FLY1,rail,FLT:ServiceJourney:1-2614-3727-20260823,True,planned,False,,,,,2026-08-23T08:19:38.971673+02:00
NSR:StopPlace:59952,Drammen stasjon,2026-08-23T08:35:00+02:00,2026-08-23T08:35:00+02:00,,0.0,0,Dal,VYG:Line:R13,Drammen-Oslo S-Dal,R13,rail,VYG:ServiceJourney:1617_443249-R,True,planned,False,,,,,2026-08-23T08:19:38.971673+02:00
NSR:StopPlace:59952,Drammen stasjon,2026-08-23T08:42:00+02:00,2026-08-23T08:42:00+02:00,,0.0,0,Oslo Lufthavn,FLT:Line:FLY1,FLY1,FLY1,rail,FLT:ServiceJourney:1-2614-3729-20260823,True,planned,False,,,,,2026-08-23T08:19:38.971673+02:00
NSR:StopPlace:59952,Drammen stasjon,2026-08-23T08:43:00+02:00,2026-08-23T08:43:00+02:00,,0.0,0,Kongsberg,VYG:Line:R12,Kongsberg-Oslo S-Eidsvoll,R12,rail,VYG:ServiceJourney:507_444300-R,True,planned,False,,,,,2026-08-23T08:19:38.971673+02:00
NSR:StopPlace:59952,Drammen stasjon,2026-08-23T08:47:00+02:00,2026-08-23T08:47:00+02:00,,0.0,0,Eidsvoll,VYG:Line:RE11,Eidsvoll-Oslo S-Skien,RE11,rail,VYG:ServiceJourney:808_444388-R,True,planned,False,,,,,2026-08-23T08:19:38.971673+02:00
NSR:StopPlace:59952,Drammen stasjon,2026-08-23T08:57:00+02:00,2026-08-23T08:57:00+02:00,,0.0,0,Lillehammer,VYG:Line:RE10,Drammen-Oslo S-Lillehammer,RE10,rail,VYG:ServiceJourney:311-SUD_520980-R,True,planned,False,,,,,2026-08-23T08:19:38.971673+02:00
NSR:StopPlace:59952,Drammen stasjon,2026-08-23T09:00:00+02:00,2026-08-23T09:00:00+02:00,,0.0,0,Bergen,VYG:Line:F4,Oslo S-Bergen,F4,rail,VYG:ServiceJourney:63-LOD_580500-R,True,planned,False,,,,,2026-08-23T08:19:38.971673+02:00
NSR:StopPlace:59952,Drammen stasjon,2026-08-23T09:02:00+02:00,2026-08-23T09:02:00+02:00,,0.0,0,Oslo Lufthavn,FLT:Line:FLY1,FLY1,FLY1,rail,FLT:ServiceJourney:1-2614-3731-20260823,True,planned,False,,,,,2026-08-23T08:19:38.971673+02:00
NSR:StopPlace:59952,Drammen stasjon,2026-08-23T09:05:00+02:00,2026-08-23T09:05:00+02:00,,0.0,0,Dal,VYG:Line:R13,Drammen-Oslo S-Dal,R13,rail,VYG:ServiceJourney:1619_443253-R,True,planned,False,,,,,2026-08-23T08:19:38.971673+02:00
NSR:StopPlace:59952,Drammen stasjon,2026-08-23T09:14:00+02:00,2026-08-23T09:14:00+02:00,,0.0,0,Skien,VYG:Line:RE11,Eidsvoll-Oslo S-Skien,RE11,rail,VYG:ServiceJourney:809_444389-R,True,planned,False,,,,,2026-08-23T08:19:38.971673+02:00
NSR:StopPlace:59952,Drammen stasjon,2026-08-23T09:17:00+02:00,2026-08-23T09:17:00+02:00,,0.0,0,Eidsvoll,VYG:Line:R12,Kongsberg-Oslo S-Eidsvoll,R12,rail,VYG:ServiceJourney:510_444303-R,True,planned,False,,,,,2026-08-23T08:19:38.971673+02:00
NSR:StopPlace:59958,Voss stasjon,2026-08-23T08:25:00+02:00,2026-08-23T08:25:00+02:00,,0.0,0,Myrdal,VYG:Line:R40,Bergen-Voss-Myrdal-Ål,R40,rail,VYG:ServiceJourney:1804_496767-R,True,planned,False,,,,,2026-08-23T08:19:38.971673+02:00
NSR:StopPlace:59958,Voss stasjon,2026-08-23T08:30:00+02:00,2026-08-23T08:30:00+02:00,,0.0,0,Stalheim hotell,SKY:Line:950,Bergen-Voss-Gudvangen,950,bus,SKY:ServiceJourney:950-204714-20948242,True,planned,False,,,,,2026-08-23T08:19:38.971673+02:00
NSR:StopPlace:60944,Ski stasjon,2026-08-23T08:21:00+02:00,2026-08-23T08:21:00+02:00,,0.0,0,Kolbotn torg,RUT:Line:580,Kolbotn - Ski,580,bus,RUT:ServiceJourney:527209e0559c832ccad38a97051f9b2d,True,planned,False,,,,,2026-08-23T08:19:38.971673+02:00
NSR:StopPlace:60944,Ski stasjon,2026-08-23T08:22:00+02:00,2026-08-23T08:22:00+02:00,,0.0,0,Stabekk,VYG:Line:R21,Stabekk-Oslo S-Moss,R21,rail,VYG:ServiceJourney:1116-MOS_442991-R,True,planned,False,Heis på Ski ute av drift,Heisen på Ski til spor 1 er ute av drift.,general,normal,2026-08-23T08:19:38.971673+02:00
NSR:StopPlace:60944,Ski stasjon,2026-08-23T08:28:00+02:00,2026-08-23T08:28:00+02:00,,0.0,0,Oslo S,VYG:Line:RE20,Oslo S-Halden-Göteborg (X-Border),RE20,rail,VYG:ServiceJourney:108_442966-R,True,planned,False,Heis på Ski ute av drift,Heisen på Ski til spor 1 er ute av drift.,general,normal,2026-08-23T08:19:38.971673+02:00
NSR:StopPlace:60944,Ski stasjon,2026-08-23T08:32:00+02:00,2026-08-23T08:32:00+02:00,,0.0,0,Oslo bussterminal,RUT:Line:515,Ski - Oslo,515,bus,RUT:ServiceJourney:da539ca6a53064ea70d4f6008c4e4326,True,planned,False,,,,,2026-08-23T08:19:38.971673+02:00
NSR:StopPlace:60944,Ski stasjon,2026-08-23T08:35:00+02:00,2026-08-23T08:35:00+02:00,,0.0,0,Moss,VYG:Line:R21,Stabekk-Oslo S-Moss,R21,rail,VYG:ServiceJourney:1113-HVK_442988-R,True,planned,False,Heis på Ski ute av drift,Heisen på Ski til spor 1 er ute av drift.,general,normal,2026-08-23T08:19:38.971673+02:00
NSR:StopPlace:60944,Ski stasjon,2026-08-23T08:39:00+02:00,2026-08-23T08:39:00+02:00,,0.0,0,Stabekk,VYG:Line:L2,Stabekk-Oslo S-Ski,L2,rail,VYG:ServiceJourney:2720-SKI_443927-R,True,planned,False,Heis på Ski ute av drift,Heisen på Ski til spor 1 er ute av drift.,general,normal,2026-08-23T08:19:38.971673+02:00
NSR:StopPlace:60944,Ski stasjon,2026-08-23T08:44:00+02:00,2026-08-23T08:44:00+02:00,,0.0,0,Oslo S,VYG:Line:R22,Skøyen-Oslo S-Mysen-Rakkestad,R22,rail,VYG:ServiceJourney:1910_443447-R,True,planned,False,Heis på Ski ute av drift,Heisen på Ski til spor 1 er ute av drift.,general,normal,2026-08-23T08:19:38.971673+02:00
NSR:StopPlace:60944,Ski stasjon,2026-08-23T08:45:00+02:00,2026-08-23T08:45:00+02:00,,0.0,0,Drøbak - Seiersten,RUT:Line:510,Bøleråsen - Ski - Ås - Drøbak,510,bus,RUT:ServiceJourney:81f7a31799a04e9d8d9ab59cd546cef5,True,planned,False,,,,,2026-08-23T08:19:38.971673+02:00
NSR:StopPlace:60944,Ski stasjon,2026-08-23T08:46:00+02:00,2026-08-23T08:46:00+02:00,,0.0,0,Hebekk / Finstad,RUT:Line:525,Kråkstad - Ski - Kråkstad,525,bus,RUT:ServiceJourney:061b2135f0ecb20f5e5a031978d6fad7,True,planned,False,,,,,2026-08-23T08:19:38.971673+02:00
NSR:StopPlace:60944,Ski stasjon,2026-08-23T08:52:00+02:00,2026-08-23T08:52:00+02:00,,0.0,0,Stabekk,VYG:Line:R21,Stabekk-Oslo S-Moss,R21,rail,VYG:ServiceJourney:1118-MOS_442993-R,True,planned,False,Heis på Ski ute av drift,Heisen på Ski til spor 1 er ute av drift.,general,normal,2026-08-23T08:19:38.971673+02:00
NSR:StopPlace:60944,Ski stasjon,2026-08-23T08:54:00+02:00,2026-08-23T08:54:00+02:00,,0.0,0,Bøleråsen,RUT:Line:510,Bøleråsen - Ski - Ås - Drøbak,510,bus,RUT:ServiceJourney:a4bd0e94a9748f88f226d5612db415e6,True,planned,False,,,,,2026-08-23T08:19:38.971673+02:00
NSR:StopPlace:59977,Trondheim S,2026-08-23T09:16:00+02:00,2026-08-23T09:16:00+02:00,,0.0,0,Steinkjer,SJN:Line:26,Trønderbanen,R70,rail,SJN:ServiceJourney:429_56089-R,True,planned,False,,,,,2026-08-23T08:19:38.971673+02:00
NSR:StopPlace:59983,Bergen stasjon,2026-08-23T08:27:00+02:00,2026-08-23T08:27:00+02:00,,0.0,0,Arna,VYG:Line:L4,Bergen-Arna,L4,rail,VYG:ServiceJourney:2614_443829-R,True,planned,False,,,,,2026-08-23T08:19:38.971673+02:00
NSR:StopPlace:59983,Bergen stasjon,2026-08-23T08:29:00+02:00,2026-08-23T08:29:00+02:00,,0.0,0,Finse,VYG:Line:R40,Bergen-Voss-Myrdal-Ål,R40,rail,VYG:ServiceJourney:1848_465767-R,True,planned,False,,,,,2026-08-23T08:19:38.971673+02:00
NSR:StopPlace:59983,Bergen stasjon,2026-08-23T08:57:00+02:00,2026-08-23T08:57:00+02:00,,0.0,0,Arna,VYG:Line:L4,Bergen-Arna,L4,rail,VYG:ServiceJourney:2616_443831-R,True,planned,False,,,,,2026-08-23T08:19:38.971673+02:00
NSR:StopPlace:59180,Karlstad Centralstation,2026-08-23T09:03:00+02:00,2026-08-23T09:03:00+02:00,,0.0,0,Oslo S,VYG:Line:F1,Oslo S-Kongsvinger--Charlottenberg-Karlstad,F1,rail,VYG:ServiceJourney:8945_466057-R,True,planned,False,,,,,2026-08-23T08:19:38.971673+02:00
NSR:StopPlace:59181,Kristinehamn station,2026-08-23T08:33:00+02:00,2026-08-23T08:33:00+02:00,,0.0,0,Oslo S,VYG:Line:F1,Oslo S-Kongsvinger--Charlottenberg-Karlstad,F1,rail,VYG:ServiceJourney:8945_466057-R,True,planned,False,,,,,2026-08-23T08:19:38.971673+02:00
NSR:StopPlace:60017,Slitu stasjon,2026-08-23T06:59:00+02:00,2026-08-23T06:59:00+02:00,,0.0,0,Kråkstad,VYG:Line:R22,Skøyen-Oslo S-Mysen-Rakkestad,R22,rail,VYG:ServiceJourney:1908-RST_500824-R,True,planned,False,,,,,2026-08-23T08:19:38.971673+02:00
NSR:StopPlace:60017,Slitu stasjon,2026-08-23T08:50:00+02:00,2026-08-23T08:50:00+02:00,,0.0,0,Rakkestad,VYG:Line:R22,Skøyen-Oslo S-Mysen-Rakkestad,R22,rail,VYG:ServiceJourney:1907-KRAa_500822-R,True,planned,False,,,,,2026-08-23T08:19:38.971673+02:00
NSR:StopPlace:60017,Slitu stasjon,2026-08-23T09:04:00+02:00,2026-08-23T09:04:00+02:00,,0.0,0,Oslo S,VYG:Line:R22,Skøyen-Oslo S-Mysen-Rakkestad,R22,rail,VYG:ServiceJourney:1912_443451-R,True,planned,False,,,,,2026-08-23T08:19:38.971673+02:00
NSR:StopPlace:60016,Kråkstad stasjon,2026-08-23T08:36:00+02:00,2026-08-23T08:36:00+02:00,,0.0,0,Oslo S,VYG:Line:R22,Skøyen-Oslo S-Mysen-Rakkestad,R22,rail,VYG:ServiceJourney:1910_443447-R,True,planned,False,,,,,2026-08-23T08:19:38.971673+02:00
NSR:StopPlace:60016,Kråkstad stasjon,2026-08-23T09:18:00+02:00,2026-08-23T09:18:00+02:00,,0.0,0,Rakkestad,VYG:Line:R22,Skøyen-Oslo S-Mysen-Rakkestad,R22,rail,VYG:ServiceJourney:1909_443446-R,True,planned,False,,,,,2026-08-23T08:19:38.971673+02:00
NSR:StopPlace:60042,Trengereid stasjon,2026-08-23T08:27:00+02:00,2026-08-23T08:27:00+02:00,,0.0,0,Bergen,VYG:Line:R40,Bergen-Voss-Myrdal-Ål,R40,rail,VYG:ServiceJourney:1811_443397-R,True,planned,False,,,,,2026-08-23T08:19:38.971673+02:00
NSR:StopPlace:60042,Trengereid stasjon,2026-08-23T08:47:00+02:00,2026-08-23T08:47:00+02:00,,0.0,0,Finse,VYG:Line:R40,Bergen-Voss-Myrdal-Ål,R40,rail,VYG:ServiceJourney:1848_465767-R,True,planned,False,,,,,2026-08-23T08:19:38.971673+02:00
NSR:StopPlace:60047,Melhus skysstasjon,2026-08-23T08:46:00+02:00,2026-08-23T08:46:00+02:00,,0.0,0,Steinkjer,SJN:Line:26,Trønderbanen,R70,rail,SJN:ServiceJourney:429_56089-R,True,planned,False,,,,,2026-08-23T08:19:38.971673+02:00
NSR:StopPlace:60053,Halden stasjon,2026-08-23T09:03:00+02:00,2026-08-23T09:03:00+02:00,,0.0,0,Oslo S,VYG:Line:RE20,Oslo S-Halden-Göteborg (X-Border),RE20,rail,VYG:ServiceJourney:112_442995-R,True,planned,False,,,,,2026-08-23T08:19:38.971673+02:00
NSR:StopPlace:59261,Trondheim lufthavn,2026-08-23T09:03:00+02:00,2026-08-23T09:03:00+02:00,,0.0,0,Lundamo,SJN:Line:26,Trønderbanen,R70,rail,SJN:ServiceJourney:426_56055-R,True,planned,False,,,,,2026-08-23T08:19:38.971673+02:00
NSR:StopPlace:59261,Trondheim lufthavn,2026-08-23T09:10:00+02:00,2026-08-23T09:10:00+02:00,,0.0,0,Bodø,AVI:Line:WF_BGO-BOO,Bergen-Bodø,,air,AVI:ServiceJourney:WF1303-02-411841208,True,planned,False,,,,,2026-08-23T08:19:38.971673+02:00
NSR:StopPlace:59616,Asker stasjon,2026-08-23T08:20:00+02:00,2026-08-23T08:20:00+02:00,,0.0,0,Bråset,RUT:Line:260,Hyggen - Bråset -Slemmestad (- Asker),260,bus,RUT:ServiceJourney:7d54e401f8220a4394c69f91fe615b77,True,planned,False,Ruteendringer,Fra 17. august vil det være endringer på flere linjer. ,general,normal,2026-08-23T08:19:38.971673+02:00
NSR:StopPlace:59616,Asker stasjon,2026-08-23T08:29:00+02:00,2026-08-23T08:29:00+02:00,,0.0,0,Eidsvoll,VYG:Line:R12,Kongsberg-Oslo S-Eidsvoll,R12,rail,VYG:ServiceJourney:508_444301-R,True,planned,False,,,,,2026-08-23T08:19:38.971673+02:00
NSR:StopPlace:59616,Asker stasjon,2026-08-23T08:30:00+02:00,2026-08-23T08:30:00+02:00,,0.0,0,Kongsberg,VYG:Line:R12,Kongsberg-Oslo S-Eidsvoll,R12,rail,VYG:ServiceJourney:507_444300-R,True,planned,False,,,,,2026-08-23T08:19:38.971673+02:00
NSR:StopPlace:59616,Asker stasjon,2026-08-23T08:34:00+02:00,2026-08-23T08:34:00+02:00,,0.0,0,Oslo Lufthavn,FLT:Line:FLY1,FLY1,FLY1,rail,FLT:ServiceJourney:1-2614-3727-20260823,True,planned,False,,,,,2026-08-23T08:19:38.971673+02:00
NSR:StopPlace:60603,Kongsberg stasjon,2026-08-23T08:35:00+02:00,2026-08-23T08:35:00+02:00,,0.0,0,Eidsvoll,VYG:Line:R12,Kongsberg-Oslo S-Eidsvoll,R12,rail,VYG:ServiceJourney:510_444303-R,True,planned,False,,,,,2026-08-23T08:19:38.971673+02:00
NSR:StopPlace:59620,Grorud stasjon,2026-08-23T08:27:00+02:00,2026-08-23T08:27:00+02:00,,0.0,0,Spikkestad,VYG:Line:L1,Spikkestad-Oslo S-Lillestrøm,L1,rail,VYG:ServiceJourney:2215_443608-R,True,planned,False,,,,,2026-08-23T08:19:38.971673+02:00
NSR:StopPlace:59620,Grorud stasjon,2026-08-23T08:27:00+02:00,2026-08-23T08:27:00+02:00,,0.0,0,Stovner,RUT:Line:65,Furuset T - Stovner T via Smedstua,65,bus,RUT:ServiceJourney:ddd900f1cada86ea961cf13c89bfdcba,True,planned,False,,,,,2026-08-23T08:19:38.971673+02:00
NSR:StopPlace:59620,Grorud stasjon,2026-08-23T08:34:00+02:00,2026-08-23T08:34:00+02:00,,0.0,0,Åsbråten,RUT:Line:79,Grorud T - Åsbråten,79,bus,RUT:ServiceJourney:e68b42698656b0bbcaabb817a11e9a3b,True,planned,False,,,,,2026-08-23T08:19:38.971673+02:00
NSR:StopPlace:59620,Grorud stasjon,2026-08-23T08:35:00+02:00,2026-08-23T08:35:00+02:00,,0.0,0,Helsfyr,RUT:Line:66,Helsfyr T - Grorud T,66,bus,RUT:ServiceJourney:209c06de7e8e69f0c118783516214517,True,planned,False,,,,,2026-08-23T08:19:38.971673+02:00
NSR:StopPlace:59620,Grorud stasjon,2026-08-23T08:45:00+02:00,2026-08-23T08:45:00+02:00,,0.0,0,Furuset,RUT:Line:65,Furuset T - Stovner T via Smedstua,65,bus,RUT:ServiceJourney:bd373340a2895748d4f31a14303a848c,True,planned,False,,,,,2026-08-23T08:19:38.971673+02:00
NSR:StopPlace:59620,Grorud stasjon,2026-08-23T08:53:00+02:00,2026-08-23T08:53:00+02:00,,0.0,0,Lillestrøm,VYG:Line:L1,Spikkestad-Oslo S-Lillestrøm,L1,rail,VYG:ServiceJourney:2216_443609-R,True,planned,False,,,,,2026-08-23T08:19:38.971673+02:00
NSR:StopPlace:59620,Grorud stasjon,2026-08-23T08:57:00+02:00,2026-08-23T08:57:00+02:00,,0.0,0,Spikkestad,VYG:Line:L1,Spikkestad-Oslo S-Lillestrøm,L1,rail,VYG:ServiceJourney:2217_443610-R,True,planned,False,,,,,2026-08-23T08:19:38.971673+02:00
NSR:StopPlace:59635,Hauketo stasjon,2026-08-23T08:33:00+02:00,2026-08-23T08:33:00+02:00,,0.0,0,Brenna,RUT:Line:73,Holmlia stasjon - Brenna,73,bus,RUT:ServiceJourney:2e81781e762abbb73cde416f1087f8a3,True,planned,False,,,,,2026-08-23T08:19:38.971673+02:00
NSR:StopPlace:59635,Hauketo stasjon,2026-08-23T08:43:00+02:00,2026-08-23T08:43:00+02:00,,0.0,0,Enebakk kirke,RUT:Line:550,Enebakk - Oslo,550,bus,RUT:ServiceJourney:6071a3907925a380da4a1b01fe21dd9e,True,planned,False,,,,,2026-08-23T08:19:38.971673+02:00
NSR:StopPlace:59635,Hauketo stasjon,2026-08-23T08:54:00+02:00,2026-08-23T08:54:00+02:00,,0.0,0,Holmlia stasjon,RUT:Line:73,Holmlia stasjon - Brenna,73,bus,RUT:ServiceJourney:7ebefb8ed0481210e6b808de3019ae00,True,planned,False,,,,,2026-08-23T08:19:38.971673+02:00
NSR:StopPlace:59635,Hauketo stasjon,2026-08-23T08:55:00+02:00,2026-08-23T08:55:00+02:00,,0.0,0,Holmlia stasjon,RUT:Line:77,Holmlia stasjon - Bjørndal,77,bus,RUT:ServiceJourney:cb0db940450d7ea122a7b1b1d504df07,True,planned,False,,,,,2026-08-23T08:19:38.971673+02:00
NSR:StopPlace:59635,Hauketo stasjon,2026-08-23T08:57:00+02:00,2026-08-23T08:57:00+02:00,,0.0,0,Ski,VYG:Line:L2,Stabekk-Oslo S-Ski,L2,rail,VYG:ServiceJourney:2715-HVK_699747-R,True,planned,False,,,,,2026-08-23T08:19:38.971673+02:00
NSR:StopPlace:59635,Hauketo stasjon,2026-08-23T09:02:00+02:00,2026-08-23T09:02:00+02:00,,0.0,0,Stabekk,VYG:Line:L2,Stabekk-Oslo S-Ski,L2,rail,VYG:ServiceJourney:2720-SKI_443927-R,True,planned,False,,,,,2026-08-23T08:19:38.971673+02:00
NSR:StopPlace:59636,Holmlia stasjon,2026-08-23T08:29:00+02:00,2026-08-23T08:29:00+02:00,,0.0,0,Brenna,RUT:Line:73,Holmlia stasjon - Brenna,73,bus,RUT:ServiceJourney:2e81781e762abbb73cde416f1087f8a3,True,planned,False,,,,,2026-08-23T08:19:38.971673+02:00
NSR:StopPlace:59636,Holmlia stasjon,2026-08-23T08:59:00+02:00,2026-08-23T08:59:00+02:00,,0.0,0,Ski,VYG:Line:L2,Stabekk-Oslo S-Ski,L2,rail,VYG:ServiceJourney:2715-HVK_699747-R,True,planned,False,,,,,2026-08-23T08:19:38.971673+02:00
NSR:StopPlace:59636,Holmlia stasjon,2026-08-23T09:00:00+02:00,2026-08-23T09:00:00+02:00,,0.0,0,Stabekk,VYG:Line:L2,Stabekk-Oslo S-Ski,L2,rail,VYG:ServiceJourney:2720-SKI_443927-R,True,planned,False,,,,,2026-08-23T08:19:38.971673+02:00
NSR:StopPlace:59637,Rosenholm stasjon,2026-08-23T08:58:00+02:00,2026-08-23T08:58:00+02:00,,0.0,0,Stabekk,VYG:Line:L2,Stabekk-Oslo S-Ski,L2,rail,VYG:ServiceJourney:2720-SKI_443927-R,True,planned,False,,,,,2026-08-23T08:19:38.971673+02:00
NSR:StopPlace:59637,Rosenholm stasjon,2026-08-23T09:01:00+02:00,2026-08-23T09:01:00+02:00,,0.0,0,Ski,VYG:Line:L2,Stabekk-Oslo S-Ski,L2,rail,VYG:ServiceJourney:2715-HVK_699747-R,True,planned,False,,,,,2026-08-23T08:19:38.971673+02:00
NSR:StopPlace:59638,Myrvoll stasjon,2026-08-23T08:08:00+02:00,2026-08-23T08:08:00+02:00,,0.0,0,Ski,VYG:Line:L2,Stabekk-Oslo S-Ski,L2,rail,VYG:ServiceJourney:2711-HVK_699737-R,True,planned,False,,,,,2026-08-23T08:19:38.971673+02:00
NSR:StopPlace:59638,Myrvoll stasjon,2026-08-23T08:37:00+02:00,2026-08-23T08:37:00+02:00,,0.0,0,Kolbotn torg,RUT:Line:580,Kolbotn - Ski,580,bus,RUT:ServiceJourney:527209e0559c832ccad38a97051f9b2d,True,planned,False,,,,,2026-08-23T08:19:38.971673+02:00
NSR:StopPlace:59638,Myrvoll stasjon,2026-08-23T08:38:00+02:00,2026-08-23T08:38:00+02:00,,0.0,0,Ski,VYG:Line:L2,Stabekk-Oslo S-Ski,L2,rail,VYG:ServiceJourney:2713-HVK_699742-R,True,planned,False,,,,,2026-08-23T08:19:38.971673+02:00
NSR:StopPlace:59638,Myrvoll stasjon,2026-08-23T08:51:00+02:00,2026-08-23T08:51:00+02:00,,0.0,0,Stabekk,VYG:Line:L2,Stabekk-Oslo S-Ski,L2,rail,VYG:ServiceJourney:2720-SKI_443927-R,True,planned,False,,,,,2026-08-23T08:19:38.971673+02:00
NSR:StopPlace:59638,Myrvoll stasjon,2026-08-23T09:08:00+02:00,2026-08-23T09:08:00+02:00,,0.0,0,Ski,VYG:Line:L2,Stabekk-Oslo S-Ski,L2,rail,VYG:ServiceJourney:2715-HVK_699747-R,True,planned,False,,,,,2026-08-23T08:19:38.971673+02:00
NSR:StopPlace:59639,Sonsveien stasjon,2026-08-23T08:25:00+02:00,2026-08-23T08:25:00+02:00,,0.0,0,Store Brevik - Son - Deør,RUT:Line:2545,Son med klokka,545A,bus,RUT:ServiceJourney:ab1cf2ae0e1b0709b220c84dc9e1384a,True,planned,False,,,,,2026-08-23T08:19:38.971673+02:00
NSR:StopPlace:59639,Sonsveien stasjon,2026-08-23T08:34:00+02:00,2026-08-23T08:34:00+02:00,,0.0,0,Stabekk,VYG:Line:R21,Stabekk-Oslo S-Moss,R21,rail,VYG:ServiceJourney:1118-MOS_442993-R,True,planned,False,,,,,2026-08-23T08:19:38.971673+02:00
NSR:StopPlace:59639,Sonsveien stasjon,2026-08-23T08:51:00+02:00,2026-08-23T08:51:00+02:00,,0.0,0,Moss,VYG:Line:R21,Stabekk-Oslo S-Moss,R21,rail,VYG:ServiceJourney:1113-HVK_442988-R,True,planned,False,,,,,2026-08-23T08:19:38.971673+02:00
NSR:StopPlace:59639,Sonsveien stasjon,2026-08-23T09:04:00+02:00,2026-08-23T09:04:00+02:00,,0.0,0,Stabekk,VYG:Line:R21,Stabekk-Oslo S-Moss,R21,rail,VYG:ServiceJourney:1120-MOS_442996-R,True,planned,False,,,,,2026-08-23T08:19:38.971673+02:00
NSR:StopPlace:59639,Sonsveien stasjon,2026-08-23T09:12:00+02:00,2026-08-23T09:12:00+02:00,,0.0,0,Vestby stasjon,RUT:Line:540,Moss - Son - Vestby stasjon,540,bus,RUT:ServiceJourney:eeb8b6f68e72a2e35d8df91235f28204,True,planned,False,Linje 540 tilbake i ordinær trasé fra mandag 24. august,"Storebro er nå ferdig forsterket. Linje 540 kjører igjen sin vanlige rute gjennom Moss, og traseen mellom Tigerplassen og Kongens gate går tilbake til normal drift.",general,normal,2026-08-23T08:19:38.971673+02:00
NSR:StopPlace:58404,Nationaltheatret,2026-08-23T07:03:00+02:00,2026-08-23T07:03:00+02:00,,0.0,0,Ringen via Tøyen,RUT:Line:5,Sognsvann - Vestli,5,metro,RUT:ServiceJourney:d2e5519e1b4dfea47ff262a6166cb36e,True,planned,False,Buss for T-bane Nydalen–Sognsvann,Erstatningsbuss kjører mellom Nydalen og Sognsvann. Avgangene vises i reiseplanleggeren. Overgang til T-bane på Nydalen. ,incident,normal,2026-08-23T08:19:38.971673+02:00
NSR:StopPlace:58952,Bodø stasjon,2026-08-23T08:32:00+02:00,2026-08-23T08:32:00+02:00,,0.0,0,Tverlandet,NOR:Line:12_8004,Tverlandet - Bodø sentrum - Løpsmarka,4,bus,NOR:ServiceJourney:8004_251012124900496_5003,True,planned,False,,,,,2026-08-23T08:19:38.971673+02:00
NSR:StopPlace:58952,Bodø stasjon,2026-08-23T08:55:00+02:00,2026-08-23T08:55:00+02:00,,0.0,0,Løpsmarka,NOR:Line:12_8004,Tverlandet - Bodø sentrum - Løpsmarka,4,bus,NOR:ServiceJourney:8004_251012124900532_6003,True,planned,False,,,,,2026-08-23T08:19:38.971673+02:00
NSR:StopPlace:58954,Fauske stasjon,2026-08-23T08:35:00+02:00,2026-08-23T08:35:00+02:00,,0.0,0,Narvik - Sortland,NOR:Line:12_8100,Bodø - Fauske - Narvik/Sortland,100,bus,NOR:ServiceJourney:8100_260126119370521_5020,True,planned,False,,,,,2026-08-23T08:19:38.971673+02:00
NSR:StopPlace:58950,Åsen stasjon,2026-08-23T08:36:00+02:00,2026-08-23T08:36:00+02:00,,0.0,0,Lundamo,SJN:Line:26,Trønderbanen,R70,rail,SJN:ServiceJourney:426_56055-R,True,planned,False,,,,,2026-08-23T08:19:38.971673+02:00
NSR:StopPlace:58963,Jessheim stasjon,2026-08-23T08:21:00+02:00,2026-08-23T08:21:00+02:00,,0.0,0,Dal,VYG:Line:R13,Drammen-Oslo S-Dal,R13,rail,VYG:ServiceJourney:1611_443232-R,True,planned,False,,,,,2026-08-23T08:19:38.971673+02:00
NSR:StopPlace:58963,Jessheim stasjon,2026-08-23T08:25:00+02:00,2026-08-23T08:25:00+02:00,,0.0,0,Eidsvoll st.,RUT:Line:430,Eidsvoll - Jessheim,430,bus,RUT:ServiceJourney:95d113498ee68da7c3cbe47b2ea1f195,True,planned,False,,,,,2026-08-23T08:19:38.971673+02:00
NSR:StopPlace:58963,Jessheim stasjon,2026-08-23T08:33:00+02:00,2026-08-23T08:33:00+02:00,,0.0,0,Kopperud,RUT:Line:420,Maura -  Jessheim,420,bus,RUT:ServiceJourney:7097e06522cf3b063c0c796fd79c1453,True,planned,False,,,,,2026-08-23T08:19:38.971673+02:00
NSR:StopPlace:58963,Jessheim stasjon,2026-08-23T08:37:00+02:00,2026-08-23T08:37:00+02:00,,0.0,0,Drammen,VYG:Line:R13,Drammen-Oslo S-Dal,R13,rail,VYG:ServiceJourney:1616_443247-R,True,planned,False,,,,,2026-08-23T08:19:38.971673+02:00
NSR:StopPlace:58963,Jessheim stasjon,2026-08-23T08:51:00+02:00,2026-08-23T08:51:00+02:00,,0.0,0,Dal,VYG:Line:R13,Drammen-Oslo S-Dal,R13,rail,VYG:ServiceJourney:1613_443238-R,True,planned,False,,,,,2026-08-23T08:19:38.971673+02:00
NSR:StopPlace:58963,Jessheim stasjon,2026-08-23T08:58:00+02:00,2026-08-23T08:58:00+02:00,,0.0,0,Nordkisa,RUT:Line:440,Fenstad/Nordkisa - Oslo lufthavn,440,bus,RUT:ServiceJourney:48ee0934a81b7857f08c741e16dc443f,True,planned,False,,,,,2026-08-23T08:19:38.971673+02:00
NSR:StopPlace:58963,Jessheim stasjon,2026-08-23T09:01:00+02:00,2026-08-23T09:01:00+02:00,,0.0,0,Oslo lufthavn,RUT:Line:440,Fenstad/Nordkisa - Oslo lufthavn,440,bus,RUT:ServiceJourney:c9c4d7ac3a4954f17068b47988522772,True,planned,False,,,,,2026-08-23T08:19:38.971673+02:00
NSR:StopPlace:58963,Jessheim stasjon,2026-08-23T09:07:00+02:00,2026-08-23T09:07:00+02:00,,0.0,0,Drammen,VYG:Line:R13,Drammen-Oslo S-Dal,R13,rail,VYG:ServiceJourney:1618_443252-R,True,planned,False,,,,,2026-08-23T08:19:38.971673+02:00
NSR:StopPlace:58964,Kløfta stasjon,2026-08-23T08:44:00+02:00,2026-08-23T08:44:00+02:00,,0.0,0,Drammen,VYG:Line:R13,Drammen-Oslo S-Dal,R13,rail,VYG:ServiceJourney:1616_443247-R,True,planned,False,,,,,2026-08-23T08:19:38.971673+02:00
NSR:StopPlace:58964,Kløfta stasjon,2026-08-23T08:44:00+02:00,2026-08-23T08:44:00+02:00,,0.0,0,Dal,VYG:Line:R13,Drammen-Oslo S-Dal,R13,rail,VYG:ServiceJourney:1613_443238-R,True,planned,False,,,,,2026-08-23T08:19:38.971673+02:00
NSR:StopPlace:58964,Kløfta stasjon,2026-08-23T08:51:00+02:00,2026-08-23T08:51:00+02:00,,0.0,0,Kløfta,RUT:Line:425,Kløfta – Oslo lufthavn,425,bus,RUT:ServiceJourney:f9087a281645533c5f09a34789b52284,True,planned,False,,,,,2026-08-23T08:19:38.971673+02:00
NSR:StopPlace:58964,Kløfta stasjon,2026-08-23T09:14:00+02:00,2026-08-23T09:14:00+02:00,,0.0,0,Drammen,VYG:Line:R13,Drammen-Oslo S-Dal,R13,rail,VYG:ServiceJourney:1618_443252-R,True,planned,False,,,,,2026-08-23T08:19:38.971673+02:00
NSR:StopPlace:58964,Kløfta stasjon,2026-08-23T09:14:00+02:00,2026-08-23T09:14:00+02:00,,0.0,0,Dal,VYG:Line:R13,Drammen-Oslo S-Dal,R13,rail,VYG:ServiceJourney:1615_443244-R,True,planned,False,,,,,2026-08-23T08:19:38.971673+02:00
NSR:StopPlace:58966,Porsgrunn stasjon,2026-08-23T09:17:00+02:00,2026-08-23T09:17:00+02:00,,0.0,0,Eidsvoll,VYG:Line:RE11,Eidsvoll-Oslo S-Skien,RE11,rail,VYG:ServiceJourney:812_444392-R,True,planned,False,Heis på Porsgrunn ute av drift,Heisen på Porsgrunn til spor 2 er ute av drift.,general,normal,2026-08-23T08:19:38.971673+02:00
NSR:StopPlace:58971,Mosjøen stasjon,2026-08-23T09:16:00+02:00,2026-08-23T09:16:00+02:00,,0.0,0,Trondheim S,SJN:Line:71,Nordlandsbanen,F7,rail,SJN:ServiceJourney:478_42792-R,True,planned,False,,,,,2026-08-23T08:19:38.971673+02:00
NSR:StopPlace:58918,Nodeland stasjon,2026-08-23T08:51:00+02:00,2026-08-23T08:51:00+02:00,,0.0,0,Høllen,AKT:Line:1048,Høllen - Nodelandsheia,48,bus,AKT:ServiceJourney:77013_7112_22_63240_64560_1099022,True,planned,False,,,,,2026-08-23T08:19:38.971673+02:00
NSR:StopPlace:58926,Dale stasjon,2026-08-23T09:10:00+02:00,2026-08-23T09:10:00+02:00,,0.0,0,Finse,VYG:Line:R40,Bergen-Voss-Myrdal-Ål,R40,rail,VYG:ServiceJourney:1848_465767-R,True,planned,False,,,,,2026-08-23T08:19:38.971673+02:00
NSR:StopPlace:58927,Flåm stasjon,2026-08-23T08:20:00+02:00,2026-08-23T08:20:00+02:00,,0.0,0,Myrdal,VYG:Line:R45,Myrdal-Flåm,R45,rail,VYG:ServiceJourney:1852_465770-R,True,planned,False,,,,,2026-08-23T08:19:38.971673+02:00
NSR:StopPlace:58930,Larvik stasjon,2026-08-23T08:32:00+02:00,2026-08-23T08:32:00+02:00,,0.0,0,Eidsvoll,VYG:Line:RE11,Eidsvoll-Oslo S-Skien,RE11,rail,VYG:ServiceJourney:810_444390-R,True,planned,False,,,,,2026-08-23T08:19:38.971673+02:00
NSR:StopPlace:58932,Hommelvik stasjon,2026-08-23T09:12:00+02:00,2026-08-23T09:12:00+02:00,,0.0,0,Lundamo,SJN:Line:26,Trønderbanen,R70,rail,SJN:ServiceJourney:426_56055-R,True,planned,False,,,,,2026-08-23T08:19:38.971673+02:00
NSR:StopPlace:58933,Hegra stasjon,2026-08-23T07:43:00+02:00,2026-08-23T07:43:00+02:00,,0.0,0,Storlien,SJN:Line:72,Meråkerbanen,R71,rail,SJN:ServiceJourney:1303_53534-R,True,planned,False,,,,,2026-08-23T08:19:38.971673+02:00
NSR:StopPlace:58936,Skatval stasjon,2026-08-23T08:52:00+02:00,2026-08-23T08:52:00+02:00,,0.0,0,Lundamo,SJN:Line:26,Trønderbanen,R70,rail,SJN:ServiceJourney:426_56055-R,True,planned,False,,,,,2026-08-23T08:19:38.971673+02:00
NSR:StopPlace:58948,Stjørdal stasjon,2026-08-23T09:00:00+02:00,2026-08-23T09:00:00+02:00,,0.0,0,Lundamo,SJN:Line:26,Trønderbanen,R70,rail,SJN:ServiceJourney:426_56055-R,True,planned,False,,,,,2026-08-23T08:19:38.971673+02:00
NSR:StopPlace:58797,Mysen stasjon,2026-08-23T08:59:00+02:00,2026-08-23T08:59:00+02:00,,0.0,0,Rakkestad,VYG:Line:R22,Skøyen-Oslo S-Mysen-Rakkestad,R22,rail,VYG:ServiceJourney:1907-KRAa_500822-R,True,planned,False,,,,,2026-08-23T08:19:38.971673+02:00
NSR:StopPlace:58797,Mysen stasjon,2026-08-23T09:00:00+02:00,2026-08-23T09:00:00+02:00,,0.0,0,Oslo S,VYG:Line:R22,Skøyen-Oslo S-Mysen-Rakkestad,R22,rail,VYG:ServiceJourney:1912_443451-R,True,planned,False,,,,,2026-08-23T08:19:38.971673+02:00
NSR:StopPlace:58798,Rakkestad stasjon,2026-08-23T08:45:00+02:00,2026-08-23T08:45:00+02:00,,0.0,0,Oslo S,VYG:Line:R22,Skøyen-Oslo S-Mysen-Rakkestad,R22,rail,VYG:ServiceJourney:1912_443451-R,True,planned,False,,,,,2026-08-23T08:19:38.971673+02:00
NSR:StopPlace:58799,Rygge stasjon,2026-08-23T08:54:00+02:00,2026-08-23T08:54:00+02:00,,0.0,0,Göteborg C,VYG:Line:RE20,Oslo S-Halden-Göteborg (X-Border),RE20,rail,VYG:ServiceJourney:107-385-VBY_504594-R,True,planned,False,,,,,2026-08-23T08:19:38.971673+02:00
NSR:StopPlace:58799,Rygge stasjon,2026-08-23T09:05:00+02:00,2026-08-23T09:05:00+02:00,,0.0,0,Oslo S,VYG:Line:RE20,Oslo S-Halden-Göteborg (X-Border),RE20,rail,VYG:ServiceJourney:110_442970-R,True,planned,False,,,,,2026-08-23T08:19:38.971673+02:00
NSR:StopPlace:58793,Askim stasjon,2026-08-23T08:45:00+02:00,2026-08-23T08:45:00+02:00,,0.0,0,Rakkestad,VYG:Line:R22,Skøyen-Oslo S-Mysen-Rakkestad,R22,rail,VYG:ServiceJourney:1907-KRAa_500822-R,True,planned,False,,,,,2026-08-23T08:19:38.971673+02:00
NSR:StopPlace:58793,Askim stasjon,2026-08-23T09:10:00+02:00,2026-08-23T09:10:00+02:00,,0.0,0,Oslo S,VYG:Line:R22,Skøyen-Oslo S-Mysen-Rakkestad,R22,rail,VYG:ServiceJourney:1912_443451-R,True,planned,False,,,,,2026-08-23T08:19:38.971673+02:00
NSR:StopPlace:58794,Fredrikstad stasjon,2026-08-23T08:45:00+02:00,2026-08-23T08:45:00+02:00,,0.0,0,Oslo S,VYG:Line:RE20,Oslo S-Halden-Göteborg (X-Border),RE20,rail,VYG:ServiceJourney:110_442970-R,True,planned,False,,,,,2026-08-23T08:19:38.971673+02:00
NSR:StopPlace:58794,Fredrikstad stasjon,2026-08-23T09:14:00+02:00,2026-08-23T09:14:00+02:00,,0.0,0,Göteborg C,VYG:Line:RE20,Oslo S-Halden-Göteborg (X-Border),RE20,rail,VYG:ServiceJourney:107-385-VBY_504594-R,True,planned,False,,,,,2026-08-23T08:19:38.971673+02:00
NSR:StopPlace:58795,Kambo stasjon,2026-08-23T08:30:00+02:00,2026-08-23T08:30:00+02:00,,0.0,0,Stabekk,VYG:Line:R21,Stabekk-Oslo S-Moss,R21,rail,VYG:ServiceJourney:1118-MOS_442993-R,True,planned,False,,,,,2026-08-23T08:19:38.971673+02:00
NSR:StopPlace:58795,Kambo stasjon,2026-08-23T08:54:00+02:00,2026-08-23T08:54:00+02:00,,0.0,0,Vestby stasjon,RUT:Line:540,Moss - Son - Vestby stasjon,540,bus,RUT:ServiceJourney:eeb8b6f68e72a2e35d8df91235f28204,True,planned,False,Linje 540 tilbake i ordinær trasé fra mandag 24. august,"Storebro er nå ferdig forsterket. Linje 540 kjører igjen sin vanlige rute gjennom Moss, og traseen mellom Tigerplassen og Kongens gate går tilbake til normal drift.",general,normal,2026-08-23T08:19:38.971673+02:00
NSR:StopPlace:58795,Kambo stasjon,2026-08-23T08:55:00+02:00,2026-08-23T08:55:00+02:00,,0.0,0,Moss,VYG:Line:R21,Stabekk-Oslo S-Moss,R21,rail,VYG:ServiceJourney:1113-HVK_442988-R,True,planned,False,,,,,2026-08-23T08:19:38.971673+02:00
NSR:StopPlace:58795,Kambo stasjon,2026-08-23T09:00:00+02:00,2026-08-23T09:00:00+02:00,,0.0,0,Stabekk,VYG:Line:R21,Stabekk-Oslo S-Moss,R21,rail,VYG:ServiceJourney:1120-MOS_442996-R,True,planned,False,,,,,2026-08-23T08:19:38.971673+02:00
NSR:StopPlace:58796,Moss stasjon,2026-08-23T08:24:00+02:00,2026-08-23T08:24:00+02:00,,0.0,0,Stabekk,VYG:Line:R21,Stabekk-Oslo S-Moss,R21,rail,VYG:ServiceJourney:1118-MOS_442993-R,True,planned,False,,,,,2026-08-23T08:19:38.971673+02:00
NSR:StopPlace:58796,Moss stasjon,2026-08-23T08:46:00+02:00,2026-08-23T08:46:00+02:00,,0.0,0,Göteborg C,VYG:Line:RE20,Oslo S-Halden-Göteborg (X-Border),RE20,rail,VYG:ServiceJourney:107-385-VBY_504594-R,True,planned,False,,,,,2026-08-23T08:19:38.971673+02:00
NSR:StopPlace:58796,Moss stasjon,2026-08-23T08:54:00+02:00,2026-08-23T08:54:00+02:00,,0.0,0,Stabekk,VYG:Line:R21,Stabekk-Oslo S-Moss,R21,rail,VYG:ServiceJourney:1120-MOS_442996-R,True,planned,False,,,,,2026-08-23T08:19:38.971673+02:00
NSR:StopPlace:58796,Moss stasjon,2026-08-23T09:13:00+02:00,2026-08-23T09:13:00+02:00,,0.0,0,Oslo S,VYG:Line:RE20,Oslo S-Halden-Göteborg (X-Border),RE20,rail,VYG:ServiceJourney:110_442970-R,True,planned,False,,,,,2026-08-23T08:19:38.971673+02:00
NSR:StopPlace:58830,Brakerøya stasjon,2026-08-23T08:21:00+02:00,2026-08-23T08:21:00+02:00,,0.0,0,Drammen,VYG:Line:R13,Drammen-Oslo S-Dal,R13,rail,VYG:ServiceJourney:1610_443230-R,True,planned,False,,,,,2026-08-23T08:19:38.971673+02:00
NSR:StopPlace:58830,Brakerøya stasjon,2026-08-23T08:38:00+02:00,2026-08-23T08:38:00+02:00,,0.0,0,Dal,VYG:Line:R13,Drammen-Oslo S-Dal,R13,rail,VYG:ServiceJourney:1617_443249-R,True,planned,False,,,,,2026-08-23T08:19:38.971673+02:00
NSR:StopPlace:58830,Brakerøya stasjon,2026-08-23T08:51:00+02:00,2026-08-23T08:51:00+02:00,,0.0,0,Drammen,VYG:Line:R13,Drammen-Oslo S-Dal,R13,rail,VYG:ServiceJourney:1612_443236-R,True,planned,False,,,,,2026-08-23T08:19:38.971673+02:00
NSR:StopPlace:58830,Brakerøya stasjon,2026-08-23T09:08:00+02:00,2026-08-23T09:08:00+02:00,,0.0,0,Dal,VYG:Line:R13,Drammen-Oslo S-Dal,R13,rail,VYG:ServiceJourney:1619_443253-R,True,planned,False,,,,,2026-08-23T08:19:38.971673+02:00
NSR:StopPlace:58832,Geilo stasjon,2026-08-23T09:16:00+02:00,2026-08-23T09:16:00+02:00,,0.0,0,Oslo S,VYG:Line:F4,Oslo S-Bergen,F4,rail,VYG:ServiceJourney:60-BRG_444351-R,True,planned,False,,,,,2026-08-23T08:19:38.971673+02:00
NSR:StopPlace:58834,Hokksund stasjon,2026-08-23T08:59:00+02:00,2026-08-23T08:59:00+02:00,,0.0,0,Eidsvoll,VYG:Line:R12,Kongsberg-Oslo S-Eidsvoll,R12,rail,VYG:ServiceJourney:510_444303-R,True,planned,False,,,,,2026-08-23T08:19:38.971673+02:00
NSR:StopPlace:58834,Hokksund stasjon,2026-08-23T09:01:00+02:00,2026-08-23T09:01:00+02:00,,0.0,0,Kongsberg,VYG:Line:R12,Kongsberg-Oslo S-Eidsvoll,R12,rail,VYG:ServiceJourney:507_444300-R,True,planned,False,,,,,2026-08-23T08:19:38.971673+02:00
NSR:StopPlace:58835,Lier stasjon,2026-08-23T08:41:00+02:00,2026-08-23T08:41:00+02:00,,0.0,0,Dal,VYG:Line:R13,Drammen-Oslo S-Dal,R13,rail,VYG:ServiceJourney:1617_443249-R,True,planned,False,,,,,2026-08-23T08:19:38.971673+02:00
NSR:StopPlace:58835,Lier stasjon,2026-08-23T08:47:00+02:00,2026-08-23T08:47:00+02:00,,0.0,0,Drammen,VYG:Line:R13,Drammen-Oslo S-Dal,R13,rail,VYG:ServiceJourney:1612_443236-R,True,planned,False,,,,,2026-08-23T08:19:38.971673+02:00
NSR:StopPlace:58835,Lier stasjon,2026-08-23T09:11:00+02:00,2026-08-23T09:11:00+02:00,,0.0,0,Dal,VYG:Line:R13,Drammen-Oslo S-Dal,R13,rail,VYG:ServiceJourney:1619_443253-R,True,planned,False,,,,,2026-08-23T08:19:38.971673+02:00
NSR:StopPlace:58835,Lier stasjon,2026-08-23T09:17:00+02:00,2026-08-23T09:17:00+02:00,,0.0,0,Drammen,VYG:Line:R13,Drammen-Oslo S-Dal,R13,rail,VYG:ServiceJourney:1614_443243-R,True,planned,False,,,,,2026-08-23T08:19:38.971673+02:00
NSR:StopPlace:58836,Mjøndalen stasjon,2026-08-23T08:53:00+02:00,2026-08-23T08:53:00+02:00,,0.0,0,Kongsberg,VYG:Line:R12,Kongsberg-Oslo S-Eidsvoll,R12,rail,VYG:ServiceJourney:507_444300-R,True,planned,False,,,,,2026-08-23T08:19:38.971673+02:00
NSR:StopPlace:58836,Mjøndalen stasjon,2026-08-23T09:05:00+02:00,2026-08-23T09:05:00+02:00,,0.0,0,Eidsvoll,VYG:Line:R12,Kongsberg-Oslo S-Eidsvoll,R12,rail,VYG:ServiceJourney:510_444303-R,True,planned,False,,,,,2026-08-23T08:19:38.971673+02:00
NSR:StopPlace:58838,Røyken stasjon,2026-08-23T06:49:00+02:00,2026-08-23T06:49:00+02:00,,0.0,0,Lillestrøm,VYG:Line:L1,Spikkestad-Oslo S-Lillestrøm,L1,rail,VYG:ServiceJourney:2212_443603-R,True,planned,False,,,,,2026-08-23T08:19:38.971673+02:00
NSR:StopPlace:58838,Røyken stasjon,2026-08-23T07:49:00+02:00,2026-08-23T07:49:00+02:00,,0.0,0,Lillestrøm,VYG:Line:L1,Spikkestad-Oslo S-Lillestrøm,L1,rail,VYG:ServiceJourney:2216_443609-R,True,planned,False,,,,,2026-08-23T08:19:38.971673+02:00
NSR:StopPlace:58838,Røyken stasjon,2026-08-23T07:59:00+02:00,2026-08-23T07:59:00+02:00,,0.0,0,Spikkestad,VYG:Line:L1,Spikkestad-Oslo S-Lillestrøm,L1,rail,VYG:ServiceJourney:2209_443598-R,True,planned,False,,,,,2026-08-23T08:19:38.971673+02:00
NSR:StopPlace:58838,Røyken stasjon,2026-08-23T08:19:00+02:00,2026-08-23T08:19:00+02:00,,0.0,0,Lillestrøm,VYG:Line:L1,Spikkestad-Oslo S-Lillestrøm,L1,rail,VYG:ServiceJourney:2218_443612-R,True,planned,False,,,,,2026-08-23T08:19:38.971673+02:00
NSR:StopPlace:58838,Røyken stasjon,2026-08-23T08:29:00+02:00,2026-08-23T08:29:00+02:00,,0.0,0,Spikkestad,VYG:Line:L1,Spikkestad-Oslo S-Lillestrøm,L1,rail,VYG:ServiceJourney:2211_443602-R,True,planned,False,,,,,2026-08-23T08:19:38.971673+02:00
NSR:StopPlace:58838,Røyken stasjon,2026-08-23T08:49:00+02:00,2026-08-23T08:49:00+02:00,,0.0,0,Lillestrøm,VYG:Line:L1,Spikkestad-Oslo S-Lillestrøm,L1,rail,VYG:ServiceJourney:2220_443616-R,True,planned,False,,,,,2026-08-23T08:19:38.971673+02:00
NSR:StopPlace:58838,Røyken stasjon,2026-08-23T08:59:00+02:00,2026-08-23T08:59:00+02:00,,0.0,0,Spikkestad,VYG:Line:L1,Spikkestad-Oslo S-Lillestrøm,L1,rail,VYG:ServiceJourney:2213_443604-R,True,planned,False,,,,,2026-08-23T08:19:38.971673+02:00
NSR:StopPlace:58838,Røyken stasjon,2026-08-23T09:03:00+02:00,2026-08-23T09:03:00+02:00,,0.0,0,Bråset,RUT:Line:260,Hyggen - Bråset -Slemmestad (- Asker),260,bus,RUT:ServiceJourney:7d54e401f8220a4394c69f91fe615b77,True,planned,False,Ruteendringer,Fra 17. august vil det være endringer på flere linjer. ,general,normal,2026-08-23T08:19:38.971673+02:00
NSR:StopPlace:58838,Røyken stasjon,2026-08-23T09:19:00+02:00,2026-08-23T09:19:00+02:00,,0.0,0,Lillestrøm,VYG:Line:L1,Spikkestad-Oslo S-Lillestrøm,L1,rail,VYG:ServiceJourney:2222_443619-R,True,planned,False,,,,,2026-08-23T08:19:38.971673+02:00
NSR:StopPlace:58839,Steinberg stasjon,2026-08-23T09:02:00+02:00,2026-08-23T09:02:00+02:00,,0.0,0,Eidsvoll,VYG:Line:R12,Kongsberg-Oslo S-Eidsvoll,R12,rail,VYG:ServiceJourney:510_444303-R,True,planned,False,,,,,2026-08-23T08:19:38.971673+02:00
NSR:StopPlace:58842,Blaker stasjon,2026-08-23T08:34:00+02:00,2026-08-23T08:34:00+02:00,,0.0,0,Kongsvinger,VYG:Line:R14,Asker-Oslo S-Kongsvinger,R14,rail,VYG:ServiceJourney:1007_442912-R,True,planned,False,,,,,2026-08-23T08:19:38.971673+02:00
NSR:StopPlace:58843,Blommenholm stasjon,2026-08-23T08:50:00+02:00,2026-08-23T08:50:00+02:00,,0.0,0,Lillestrøm,VYG:Line:L1,Spikkestad-Oslo S-Lillestrøm,L1,rail,VYG:ServiceJourney:2218_443612-R,True,planned,False,,,,,2026-08-23T08:19:38.971673+02:00
NSR:StopPlace:58843,Blommenholm stasjon,2026-08-23T08:58:00+02:00,2026-08-23T08:58:00+02:00,,0.0,0,Spikkestad,VYG:Line:L1,Spikkestad-Oslo S-Lillestrøm,L1,rail,VYG:ServiceJourney:2215_443608-R,True,planned,False,,,,,2026-08-23T08:19:38.971673+02:00
NSR:StopPlace:58844,Eidsvoll stasjon,2026-08-23T08:31:00+02:00,2026-08-23T08:31:00+02:00,,0.0,0,Kongsberg,VYG:Line:R12,Kongsberg-Oslo S-Eidsvoll,R12,rail,VYG:ServiceJourney:509_444302-R,True,planned,False,,,,,2026-08-23T08:19:38.971673+02:00
NSR:StopPlace:58844,Eidsvoll stasjon,2026-08-23T08:53:00+02:00,2026-08-23T08:53:00+02:00,,0.0,0,Drammen,VYG:Line:RE10,Drammen-Oslo S-Lillehammer,RE10,rail,VYG:ServiceJourney:308-EVL_520958-R,True,planned,False,,,,,2026-08-23T08:19:38.971673+02:00
NSR:StopPlace:58844,Eidsvoll stasjon,2026-08-23T09:01:00+02:00,2026-08-23T09:01:00+02:00,,0.0,0,Skien,VYG:Line:RE11,Eidsvoll-Oslo S-Skien,RE11,rail,VYG:ServiceJourney:811_444391-R,True,planned,False,,,,,2026-08-23T08:19:38.971673+02:00
NSR:StopPlace:58845,Eidsvoll verk stasjon,2026-08-23T08:25:00+02:00,2026-08-23T08:25:00+02:00,,0.0,0,Eidsvoll,VYG:Line:R12,Kongsberg-Oslo S-Eidsvoll,R12,rail,VYG:ServiceJourney:506_444299-R,True,planned,False,,,,,2026-08-23T08:19:38.971673+02:00
NSR:StopPlace:58845,Eidsvoll verk stasjon,2026-08-23T08:31:00+02:00,2026-08-23T08:31:00+02:00,,0.0,0,Jessheim,RUT:Line:430,Eidsvoll - Jessheim,430,bus,RUT:ServiceJourney:77733674f18d10d9e9630981fcc793ec,True,planned,False,,,,,2026-08-23T08:19:38.971673+02:00
NSR:StopPlace:58845,Eidsvoll verk stasjon,2026-08-23T08:35:00+02:00,2026-08-23T08:35:00+02:00,,0.0,0,Kongsberg,VYG:Line:R12,Kongsberg-Oslo S-Eidsvoll,R12,rail,VYG:ServiceJourney:509_444302-R,True,planned,False,,,,,2026-08-23T08:19:38.971673+02:00
NSR:StopPlace:58845,Eidsvoll verk stasjon,2026-08-23T08:55:00+02:00,2026-08-23T08:55:00+02:00,,0.0,0,Eidsvoll,VYG:Line:RE11,Eidsvoll-Oslo S-Skien,RE11,rail,VYG:ServiceJourney:806_444386-R,True,planned,False,,,,,2026-08-23T08:19:38.971673+02:00
NSR:StopPlace:58845,Eidsvoll verk stasjon,2026-08-23T09:00:00+02:00,2026-08-23T09:00:00+02:00,,0.0,0,Eidsvoll st.,RUT:Line:430,Eidsvoll - Jessheim,430,bus,RUT:ServiceJourney:95d113498ee68da7c3cbe47b2ea1f195,True,planned,False,,,,,2026-08-23T08:19:38.971673+02:00
NSR:StopPlace:58845,Eidsvoll verk stasjon,2026-08-23T09:05:00+02:00,2026-08-23T09:05:00+02:00,,0.0,0,Skien,VYG:Line:RE11,Eidsvoll-Oslo S-Skien,RE11,rail,VYG:ServiceJourney:811_444391-R,True,planned,False,,,,,2026-08-23T08:19:38.971673+02:00
NSR:StopPlace:58846,Fetsund stasjon,2026-08-23T08:22:00+02:00,2026-08-23T08:22:00+02:00,,0.0,0,Kongsvinger,VYG:Line:R14,Asker-Oslo S-Kongsvinger,R14,rail,VYG:ServiceJourney:1007_442912-R,True,planned,False,,,,,2026-08-23T08:19:38.971673+02:00
NSR:StopPlace:58847,Frogner stasjon,2026-08-23T08:34:00+02:00,2026-08-23T08:34:00+02:00,,0.0,0,Dal,VYG:Line:R13,Drammen-Oslo S-Dal,R13,rail,VYG:ServiceJourney:1613_443238-R,True,planned,False,,,,,2026-08-23T08:19:38.971673+02:00
NSR:StopPlace:58847,Frogner stasjon,2026-08-23T08:51:00+02:00,2026-08-23T08:51:00+02:00,,0.0,0,Drammen,VYG:Line:R13,Drammen-Oslo S-Dal,R13,rail,VYG:ServiceJourney:1616_443247-R,True,planned,False,,,,,2026-08-23T08:19:38.971673+02:00
NSR:StopPlace:58847,Frogner stasjon,2026-08-23T09:04:00+02:00,2026-08-23T09:04:00+02:00,,0.0,0,Dal,VYG:Line:R13,Drammen-Oslo S-Dal,R13,rail,VYG:ServiceJourney:1615_443244-R,True,planned,False,,,,,2026-08-23T08:19:38.971673+02:00
NSR:StopPlace:58848,Haga stasjon,2026-08-23T08:44:00+02:00,2026-08-23T08:44:00+02:00,,0.0,0,Kongsvinger,VYG:Line:R14,Asker-Oslo S-Kongsvinger,R14,rail,VYG:ServiceJourney:1007_442912-R,True,planned,False,,,,,2026-08-23T08:19:38.971673+02:00
NSR:StopPlace:58848,Haga stasjon,2026-08-23T09:13:00+02:00,2026-08-23T09:13:00+02:00,,0.0,0,Asker,VYG:Line:R14,Asker-Oslo S-Kongsvinger,R14,rail,VYG:ServiceJourney:1010_442915-R,True,planned,False,,,,,2026-08-23T08:19:38.971673+02:00
NSR:StopPlace:58849,Hakadal stasjon,2026-08-23T08:41:00+02:00,2026-08-23T08:41:00+02:00,,0.0,0,Gjøvik,VYG:Line:R31,Skøyen-Jaren-Gjøvik,R31,rail,VYG:ServiceJourney:207_443505-R,True,planned,False,,,,,2026-08-23T08:19:38.971673+02:00
NSR:StopPlace:58849,Hakadal stasjon,2026-08-23T09:01:00+02:00,2026-08-23T09:01:00+02:00,,0.0,0,Oslo S,VYG:Line:R31,Skøyen-Jaren-Gjøvik,R31,rail,VYG:ServiceJourney:208_443506-R,True,planned,False,,,,,2026-08-23T08:19:38.971673+02:00
NSR:StopPlace:58840,Vestfossen stasjon,2026-08-23T08:53:00+02:00,2026-08-23T08:53:00+02:00,,0.0,0,Eidsvoll,VYG:Line:R12,Kongsberg-Oslo S-Eidsvoll,R12,rail,VYG:ServiceJourney:510_444303-R,True,planned,False,,,,,2026-08-23T08:19:38.971673+02:00
NSR:StopPlace:58840,Vestfossen stasjon,2026-08-23T09:06:00+02:00,2026-08-23T09:06:00+02:00,,0.0,0,Kongsberg,VYG:Line:R12,Kongsberg-Oslo S-Eidsvoll,R12,rail,VYG:ServiceJourney:507_444300-R,True,planned,False,,,,,2026-08-23T08:19:38.971673+02:00
NSR:StopPlace:58852,Høn stasjon,2026-08-23T08:36:00+02:00,2026-08-23T08:36:00+02:00,,0.0,0,Lillestrøm,VYG:Line:L1,Spikkestad-Oslo S-Lillestrøm,L1,rail,VYG:ServiceJourney:2218_443612-R,True,planned,False,,,,,2026-08-23T08:19:38.971673+02:00
NSR:StopPlace:58852,Høn stasjon,2026-08-23T08:43:00+02:00,2026-08-23T08:43:00+02:00,,0.0,0,Spikkestad,VYG:Line:L1,Spikkestad-Oslo S-Lillestrøm,L1,rail,VYG:ServiceJourney:2213_443604-R,True,planned,False,,,,,2026-08-23T08:19:38.971673+02:00
NSR:StopPlace:58852,Høn stasjon,2026-08-23T09:06:00+02:00,2026-08-23T09:06:00+02:00,,0.0,0,Lillestrøm,VYG:Line:L1,Spikkestad-Oslo S-Lillestrøm,L1,rail,VYG:ServiceJourney:2220_443616-R,True,planned,False,,,,,2026-08-23T08:19:38.971673+02:00
NSR:StopPlace:58852,Høn stasjon,2026-08-23T09:13:00+02:00,2026-08-23T09:13:00+02:00,,0.0,0,Spikkestad,VYG:Line:L1,Spikkestad-Oslo S-Lillestrøm,L1,rail,VYG:ServiceJourney:2215_443608-R,True,planned,False,,,,,2026-08-23T08:19:38.971673+02:00
NSR:StopPlace:58853,Kolbotn stasjon,2026-08-23T08:49:00+02:00,2026-08-23T08:49:00+02:00,,0.0,0,Kolbotn torg,RUT:Line:580,Kolbotn - Ski,580,bus,RUT:ServiceJourney:527209e0559c832ccad38a97051f9b2d,True,planned,False,,,,,2026-08-23T08:19:38.971673+02:00
NSR:StopPlace:58853,Kolbotn stasjon,2026-08-23T08:55:00+02:00,2026-08-23T08:55:00+02:00,,0.0,0,Stabekk,VYG:Line:L2,Stabekk-Oslo S-Ski,L2,rail,VYG:ServiceJourney:2720-SKI_443927-R,True,planned,False,,,,,2026-08-23T08:19:38.971673+02:00
NSR:StopPlace:58853,Kolbotn stasjon,2026-08-23T09:03:00+02:00,2026-08-23T09:03:00+02:00,,0.0,0,Ski,VYG:Line:L2,Stabekk-Oslo S-Ski,L2,rail,VYG:ServiceJourney:2715-HVK_699747-R,True,planned,False,,,,,2026-08-23T08:19:38.971673+02:00
NSR:StopPlace:58853,Kolbotn stasjon,2026-08-23T09:07:00+02:00,2026-08-23T09:07:00+02:00,,0.0,0,Tårnåsen,RUT:Line:83,Jernbanetorget - Tårnåsen,83,bus,RUT:ServiceJourney:b4900335604a136ce1e52cb78d3ff1c9,True,planned,False,Linje 80E og 83 får Hausmanns bru som ny endeholdeplass fra 29. juni,"Bussene stopper ikke på Jernbanetorget etter 29. juni, men starter og stopper på Hausmanns bru i Nylandsveien.",incident,normal,2026-08-23T08:19:38.971673+02:00
NSR:StopPlace:58854,Langhus stasjon,2026-08-23T08:16:00+02:00,2026-08-23T08:16:00+02:00,,0.0,0,Ski,VYG:Line:L2,Stabekk-Oslo S-Ski,L2,rail,VYG:ServiceJourney:2711-HVK_699737-R,True,planned,False,,,,,2026-08-23T08:19:38.971673+02:00
NSR:StopPlace:58854,Langhus stasjon,2026-08-23T08:37:00+02:00,2026-08-23T08:37:00+02:00,,0.0,0,Drøbak - Seiersten,RUT:Line:510,Bøleråsen - Ski - Ås - Drøbak,510,bus,RUT:ServiceJourney:81f7a31799a04e9d8d9ab59cd546cef5,True,planned,False,,,,,2026-08-23T08:19:38.971673+02:00
NSR:StopPlace:58854,Langhus stasjon,2026-08-23T08:42:00+02:00,2026-08-23T08:42:00+02:00,,0.0,0,Stabekk,VYG:Line:L2,Stabekk-Oslo S-Ski,L2,rail,VYG:ServiceJourney:2720-SKI_443927-R,True,planned,False,,,,,2026-08-23T08:19:38.971673+02:00
NSR:StopPlace:58854,Langhus stasjon,2026-08-23T08:46:00+02:00,2026-08-23T08:46:00+02:00,,0.0,0,Ski,VYG:Line:L2,Stabekk-Oslo S-Ski,L2,rail,VYG:ServiceJourney:2713-HVK_699742-R,True,planned,False,,,,,2026-08-23T08:19:38.971673+02:00
NSR:StopPlace:58854,Langhus stasjon,2026-08-23T08:59:00+02:00,2026-08-23T08:59:00+02:00,,0.0,0,Bøleråsen,RUT:Line:510,Bøleråsen - Ski - Ås - Drøbak,510,bus,RUT:ServiceJourney:a4bd0e94a9748f88f226d5612db415e6,True,planned,False,,,,,2026-08-23T08:19:38.971673+02:00
NSR:StopPlace:58854,Langhus stasjon,2026-08-23T09:12:00+02:00,2026-08-23T09:12:00+02:00,,0.0,0,Stabekk,VYG:Line:L2,Stabekk-Oslo S-Ski,L2,rail,VYG:ServiceJourney:2722-SKI_443929-R,True,planned,False,,,,,2026-08-23T08:19:38.971673+02:00
NSR:StopPlace:58854,Langhus stasjon,2026-08-23T09:16:00+02:00,2026-08-23T09:16:00+02:00,,0.0,0,Ski,VYG:Line:L2,Stabekk-Oslo S-Ski,L2,rail,VYG:ServiceJourney:2715-HVK_699747-R,True,planned,False,,,,,2026-08-23T08:19:38.971673+02:00
NSR:StopPlace:58855,Leirsund stasjon,2026-08-23T08:55:00+02:00,2026-08-23T08:55:00+02:00,,0.0,0,Drammen,VYG:Line:R13,Drammen-Oslo S-Dal,R13,rail,VYG:ServiceJourney:1616_443247-R,True,planned,False,,,,,2026-08-23T08:19:38.971673+02:00
NSR:StopPlace:58855,Leirsund stasjon,2026-08-23T09:00:00+02:00,2026-08-23T09:00:00+02:00,,0.0,0,Dal,VYG:Line:R13,Drammen-Oslo S-Dal,R13,rail,VYG:ServiceJourney:1615_443244-R,True,planned,False,,,,,2026-08-23T08:19:38.971673+02:00
NSR:StopPlace:58856,Lysaker stasjon,2026-08-23T07:32:00+02:00,2026-08-23T07:32:00+02:00,,0.0,0,Bergen,FLI:Line:0a73c829-ebbd-40e3-923e-393c512bf1e9,Oslo - Stavanger - Bergen,FX650,coach,FLI:ServiceJourney:b6de4381-284a-492e-9702-ae7a8a33f77c,True,planned,False,,,,,2026-08-23T08:19:38.971673+02:00
NSR:StopPlace:58857,Lørenskog stasjon,2026-08-23T08:21:00+02:00,2026-08-23T08:21:00+02:00,,0.0,0,Spikkestad,VYG:Line:L1,Spikkestad-Oslo S-Lillestrøm,L1,rail,VYG:ServiceJourney:2215_443608-R,True,planned,False,,,,,2026-08-23T08:19:38.971673+02:00
NSR:StopPlace:58857,Lørenskog stasjon,2026-08-23T08:43:00+02:00,2026-08-23T08:43:00+02:00,,0.0,0,Stovner,RUT:Line:120,Nesåsen - Stovner,120,bus,RUT:ServiceJourney:73126739207656e98d43bd8864260542,True,planned,False,,,,,2026-08-23T08:19:38.971673+02:00
NSR:StopPlace:58857,Lørenskog stasjon,2026-08-23T08:51:00+02:00,2026-08-23T08:51:00+02:00,,0.0,0,Spikkestad,VYG:Line:L1,Spikkestad-Oslo S-Lillestrøm,L1,rail,VYG:ServiceJourney:2217_443610-R,True,planned,False,,,,,2026-08-23T08:19:38.971673+02:00
NSR:StopPlace:58857,Lørenskog stasjon,2026-08-23T08:59:00+02:00,2026-08-23T08:59:00+02:00,,0.0,0,Lillestrøm,VYG:Line:L1,Spikkestad-Oslo S-Lillestrøm,L1,rail,VYG:ServiceJourney:2216_443609-R,True,planned,False,,,,,2026-08-23T08:19:38.971673+02:00
NSR:StopPlace:58858,Nittedal stasjon,2026-08-23T07:11:00+02:00,2026-08-23T07:11:00+02:00,,0.0,0,Oslo S,VYG:Line:R31,Skøyen-Jaren-Gjøvik,R31,rail,VYG:ServiceJourney:204_443502-R,True,planned,False,Venterom stengt grunnet hærverk. Åpnes høsten 2026,Venterom stengt grunnet hærverk. Åpnes høsten 2026,general,normal,2026-08-23T08:19:38.971673+02:00
NSR:StopPlace:58858,Nittedal stasjon,2026-08-23T09:11:00+02:00,2026-08-23T09:11:00+02:00,,0.0,0,Oslo S,VYG:Line:R31,Skøyen-Jaren-Gjøvik,R31,rail,VYG:ServiceJourney:208_443506-R,True,planned,False,Venterom stengt grunnet hærverk. Åpnes høsten 2026,Venterom stengt grunnet hærverk. Åpnes høsten 2026,general,normal,2026-08-23T08:19:38.971673+02:00
NSR:StopPlace:58859,Nordby stasjon,2026-08-23T08:23:00+02:00,2026-08-23T08:23:00+02:00,,0.0,0,Dal,VYG:Line:R13,Drammen-Oslo S-Dal,R13,rail,VYG:ServiceJourney:1611_443232-R,True,planned,False,,,,,2026-08-23T08:19:38.971673+02:00
NSR:StopPlace:58859,Nordby stasjon,2026-08-23T08:33:00+02:00,2026-08-23T08:33:00+02:00,,0.0,0,Drammen,VYG:Line:R13,Drammen-Oslo S-Dal,R13,rail,VYG:ServiceJourney:1616_443247-R,True,planned,False,,,,,2026-08-23T08:19:38.971673+02:00
NSR:StopPlace:58859,Nordby stasjon,2026-08-23T08:53:00+02:00,2026-08-23T08:53:00+02:00,,0.0,0,Dal,VYG:Line:R13,Drammen-Oslo S-Dal,R13,rail,VYG:ServiceJourney:1613_443238-R,True,planned,False,,,,,2026-08-23T08:19:38.971673+02:00
NSR:StopPlace:58859,Nordby stasjon,2026-08-23T09:03:00+02:00,2026-08-23T09:03:00+02:00,,0.0,0,Drammen,VYG:Line:R13,Drammen-Oslo S-Dal,R13,rail,VYG:ServiceJourney:1618_443252-R,True,planned,False,,,,,2026-08-23T08:19:38.971673+02:00
NSR:StopPlace:58850,Hauerseter stasjon,2026-08-23T08:30:00+02:00,2026-08-23T08:30:00+02:00,,0.0,0,Drammen,VYG:Line:R13,Drammen-Oslo S-Dal,R13,rail,VYG:ServiceJourney:1616_443247-R,True,planned,False,,,,,2026-08-23T08:19:38.971673+02:00
NSR:StopPlace:58850,Hauerseter stasjon,2026-08-23T08:30:00+02:00,2026-08-23T08:30:00+02:00,,0.0,0,Dal,VYG:Line:R13,Drammen-Oslo S-Dal,R13,rail,VYG:ServiceJourney:1611_443232-R,True,planned,False,,,,,2026-08-23T08:19:38.971673+02:00
NSR:StopPlace:58850,Hauerseter stasjon,2026-08-23T09:00:00+02:00,2026-08-23T09:00:00+02:00,,0.0,0,Drammen,VYG:Line:R13,Drammen-Oslo S-Dal,R13,rail,VYG:ServiceJourney:1618_443252-R,True,planned,False,,,,,2026-08-23T08:19:38.971673+02:00
NSR:StopPlace:58850,Hauerseter stasjon,2026-08-23T09:00:00+02:00,2026-08-23T09:00:00+02:00,,0.0,0,Dal,VYG:Line:R13,Drammen-Oslo S-Dal,R13,rail,VYG:ServiceJourney:1613_443238-R,True,planned,False,,,,,2026-08-23T08:19:38.971673+02:00
NSR:StopPlace:58851,Heggedal stasjon,2026-08-23T08:24:00+02:00,2026-08-23T08:24:00+02:00,,0.0,0,Lillestrøm,VYG:Line:L1,Spikkestad-Oslo S-Lillestrøm,L1,rail,VYG:ServiceJourney:2218_443612-R,True,planned,False,,,,,2026-08-23T08:19:38.971673+02:00
NSR:StopPlace:58851,Heggedal stasjon,2026-08-23T08:25:00+02:00,2026-08-23T08:25:00+02:00,,0.0,0,Spikkestad,VYG:Line:L1,Spikkestad-Oslo S-Lillestrøm,L1,rail,VYG:ServiceJourney:2211_443602-R,True,planned,False,,,,,2026-08-23T08:19:38.971673+02:00
NSR:StopPlace:58851,Heggedal stasjon,2026-08-23T08:29:00+02:00,2026-08-23T08:29:00+02:00,,0.0,0,Rustadgrenda,RUT:Line:286,Rustadgrenda-Heggedal,286,bus,RUT:ServiceJourney:b7318037fc17fcfd56d0f42efffea8e7,True,planned,False,,,,,2026-08-23T08:19:38.971673+02:00
NSR:StopPlace:58851,Heggedal stasjon,2026-08-23T08:55:00+02:00,2026-08-23T08:55:00+02:00,,0.0,0,Spikkestad,VYG:Line:L1,Spikkestad-Oslo S-Lillestrøm,L1,rail,VYG:ServiceJourney:2213_443604-R,True,planned,False,,,,,2026-08-23T08:19:38.971673+02:00
NSR:StopPlace:58851,Heggedal stasjon,2026-08-23T08:55:00+02:00,2026-08-23T08:55:00+02:00,,0.0,0,Lillestrøm,VYG:Line:L1,Spikkestad-Oslo S-Lillestrøm,L1,rail,VYG:ServiceJourney:2220_443616-R,True,planned,False,,,,,2026-08-23T08:19:38.971673+02:00
NSR:StopPlace:58864,Sørumsand stasjon,2026-08-23T08:30:00+02:00,2026-08-23T08:30:00+02:00,,0.0,0,Kongsvinger,VYG:Line:R14,Asker-Oslo S-Kongsvinger,R14,rail,VYG:ServiceJourney:1007_442912-R,True,planned,False,,,,,2026-08-23T08:19:38.971673+02:00
NSR:StopPlace:58865,Vestby stasjon,2026-08-23T08:20:00+02:00,2026-08-23T08:20:00+02:00,,0.0,0,Randem,RUT:Line:533,Randem - Vestby stasjon,533,bus,RUT:ServiceJourney:19b987d4f40bda313078d09140756e4b,True,planned,False,,,,,2026-08-23T08:19:38.971673+02:00
NSR:StopPlace:58865,Vestby stasjon,2026-08-23T08:20:00+02:00,2026-08-23T08:20:00+02:00,,0.0,0,Grønberg,RUT:Line:530,Pepperstad - Vestby stasjon,530,bus,RUT:ServiceJourney:ca7d76dbdf4479a93079a8edbd4dd939,True,planned,False,,,,,2026-08-23T08:19:38.971673+02:00
NSR:StopPlace:58865,Vestby stasjon,2026-08-23T08:32:00+02:00,2026-08-23T08:32:00+02:00,,0.0,0,Göteborg C,VYG:Line:RE20,Oslo S-Halden-Göteborg (X-Border),RE20,rail,VYG:ServiceJourney:107-385-VBY_504594-R,True,planned,False,,,,,2026-08-23T08:19:38.971673+02:00
NSR:StopPlace:58865,Vestby stasjon,2026-08-23T08:40:00+02:00,2026-08-23T08:40:00+02:00,,0.0,0,Stabekk,VYG:Line:R21,Stabekk-Oslo S-Moss,R21,rail,VYG:ServiceJourney:1118-MOS_442993-R,True,planned,False,,,,,2026-08-23T08:19:38.971673+02:00
NSR:StopPlace:58865,Vestby stasjon,2026-08-23T08:45:00+02:00,2026-08-23T08:45:00+02:00,,0.0,0,Moss,VYG:Line:R21,Stabekk-Oslo S-Moss,R21,rail,VYG:ServiceJourney:1113-HVK_442988-R,True,planned,False,,,,,2026-08-23T08:19:38.971673+02:00
NSR:StopPlace:58865,Vestby stasjon,2026-08-23T09:10:00+02:00,2026-08-23T09:10:00+02:00,,0.0,0,Stabekk,VYG:Line:R21,Stabekk-Oslo S-Moss,R21,rail,VYG:ServiceJourney:1120-MOS_442996-R,True,planned,False,,,,,2026-08-23T08:19:38.971673+02:00
NSR:StopPlace:58865,Vestby stasjon,2026-08-23T09:15:00+02:00,2026-08-23T09:15:00+02:00,,0.0,0,Moss,VYG:Line:R21,Stabekk-Oslo S-Moss,R21,rail,VYG:ServiceJourney:1115-HVK_442990-R,True,planned,False,,,,,2026-08-23T08:19:38.971673+02:00
NSR:StopPlace:58866,Vevelstad stasjon,2026-08-23T08:14:00+02:00,2026-08-23T08:14:00+02:00,,0.0,0,Ski,VYG:Line:L2,Stabekk-Oslo S-Ski,L2,rail,VYG:ServiceJourney:2711-HVK_699737-R,True,planned,False,,,,,2026-08-23T08:19:38.971673+02:00
NSR:StopPlace:58866,Vevelstad stasjon,2026-08-23T08:34:00+02:00,2026-08-23T08:34:00+02:00,,0.0,0,Drøbak - Seiersten,RUT:Line:510,Bøleråsen - Ski - Ås - Drøbak,510,bus,RUT:ServiceJourney:81f7a31799a04e9d8d9ab59cd546cef5,True,planned,False,,,,,2026-08-23T08:19:38.971673+02:00
NSR:StopPlace:58866,Vevelstad stasjon,2026-08-23T08:44:00+02:00,2026-08-23T08:44:00+02:00,,0.0,0,Stabekk,VYG:Line:L2,Stabekk-Oslo S-Ski,L2,rail,VYG:ServiceJourney:2720-SKI_443927-R,True,planned,False,,,,,2026-08-23T08:19:38.971673+02:00
NSR:StopPlace:58866,Vevelstad stasjon,2026-08-23T08:44:00+02:00,2026-08-23T08:44:00+02:00,,0.0,0,Ski,VYG:Line:L2,Stabekk-Oslo S-Ski,L2,rail,VYG:ServiceJourney:2713-HVK_699742-R,True,planned,False,,,,,2026-08-23T08:19:38.971673+02:00
NSR:StopPlace:58866,Vevelstad stasjon,2026-08-23T09:04:00+02:00,2026-08-23T09:04:00+02:00,,0.0,0,Bøleråsen,RUT:Line:510,Bøleråsen - Ski - Ås - Drøbak,510,bus,RUT:ServiceJourney:a4bd0e94a9748f88f226d5612db415e6,True,planned,False,,,,,2026-08-23T08:19:38.971673+02:00
NSR:StopPlace:58866,Vevelstad stasjon,2026-08-23T09:14:00+02:00,2026-08-23T09:14:00+02:00,,0.0,0,Stabekk,VYG:Line:L2,Stabekk-Oslo S-Ski,L2,rail,VYG:ServiceJourney:2722-SKI_443929-R,True,planned,False,,,,,2026-08-23T08:19:38.971673+02:00
NSR:StopPlace:58866,Vevelstad stasjon,2026-08-23T09:14:00+02:00,2026-08-23T09:14:00+02:00,,0.0,0,Ski,VYG:Line:L2,Stabekk-Oslo S-Ski,L2,rail,VYG:ServiceJourney:2715-HVK_699747-R,True,planned,False,,,,,2026-08-23T08:19:38.971673+02:00
NSR:StopPlace:58867,Åneby stasjon,2026-08-23T07:07:00+02:00,2026-08-23T07:07:00+02:00,,0.0,0,Oslo S,VYG:Line:R31,Skøyen-Jaren-Gjøvik,R31,rail,VYG:ServiceJourney:204_443502-R,True,planned,False,,,,,2026-08-23T08:19:38.971673+02:00
NSR:StopPlace:58867,Åneby stasjon,2026-08-23T08:36:00+02:00,2026-08-23T08:36:00+02:00,,0.0,0,Gjøvik,VYG:Line:R31,Skøyen-Jaren-Gjøvik,R31,rail,VYG:ServiceJourney:207_443505-R,True,planned,False,,,,,2026-08-23T08:19:38.971673+02:00
NSR:StopPlace:58867,Åneby stasjon,2026-08-23T09:07:00+02:00,2026-08-23T09:07:00+02:00,,0.0,0,Oslo S,VYG:Line:R31,Skøyen-Jaren-Gjøvik,R31,rail,VYG:ServiceJourney:208_443506-R,True,planned,False,,,,,2026-08-23T08:19:38.971673+02:00
NSR:StopPlace:58868,Årnes stasjon,2026-08-23T08:51:00+02:00,2026-08-23T08:51:00+02:00,,0.0,0,Kongsvinger,VYG:Line:R14,Asker-Oslo S-Kongsvinger,R14,rail,VYG:ServiceJourney:1007_442912-R,True,planned,False,,,,,2026-08-23T08:19:38.971673+02:00
NSR:StopPlace:58868,Årnes stasjon,2026-08-23T09:07:00+02:00,2026-08-23T09:07:00+02:00,,0.0,0,Asker,VYG:Line:R14,Asker-Oslo S-Kongsvinger,R14,rail,VYG:ServiceJourney:1010_442915-R,True,planned,False,,,,,2026-08-23T08:19:38.971673+02:00
NSR:StopPlace:58869,Ås stasjon,2026-08-23T06:50:00+02:00,2026-08-23T06:50:00+02:00,,0.0,0,Ski,VYG:Line:R21,Stabekk-Oslo S-Moss,R21,rail,VYG:ServiceJourney:BUS-1110_588850-R,True,planned,False,,,,,2026-08-23T08:19:38.971673+02:00
NSR:StopPlace:58869,Ås stasjon,2026-08-23T07:20:00+02:00,2026-08-23T07:20:00+02:00,,0.0,0,Oslo S,VYG:Line:R21,Stabekk-Oslo S-Moss,R21,rail,VYG:ServiceJourney:BUS-1112_588855-R,True,planned,False,,,,,2026-08-23T08:19:38.971673+02:00
NSR:StopPlace:58869,Ås stasjon,2026-08-23T08:40:00+02:00,2026-08-23T08:40:00+02:00,,0.0,0,Moss,VYG:Line:R21,Stabekk-Oslo S-Moss,R21,rail,VYG:ServiceJourney:1113-HVK_442988-R,True,planned,False,,,,,2026-08-23T08:19:38.971673+02:00
NSR:StopPlace:58869,Ås stasjon,2026-08-23T08:45:00+02:00,2026-08-23T08:45:00+02:00,,0.0,0,Stabekk,VYG:Line:R21,Stabekk-Oslo S-Moss,R21,rail,VYG:ServiceJourney:1118-MOS_442993-R,True,planned,False,,,,,2026-08-23T08:19:38.971673+02:00
NSR:StopPlace:58869,Ås stasjon,2026-08-23T09:10:00+02:00,2026-08-23T09:10:00+02:00,,0.0,0,Moss,VYG:Line:R21,Stabekk-Oslo S-Moss,R21,rail,VYG:ServiceJourney:1115-HVK_442990-R,True,planned,False,,,,,2026-08-23T08:19:38.971673+02:00
NSR:StopPlace:58869,Ås stasjon,2026-08-23T09:15:00+02:00,2026-08-23T09:15:00+02:00,,0.0,0,Stabekk,VYG:Line:R21,Stabekk-Oslo S-Moss,R21,rail,VYG:ServiceJourney:1120-MOS_442996-R,True,planned,False,,,,,2026-08-23T08:19:38.971673+02:00
NSR:StopPlace:58860,Oppegård stasjon,2026-08-23T08:12:00+02:00,2026-08-23T08:12:00+02:00,,0.0,0,Ski,VYG:Line:L2,Stabekk-Oslo S-Ski,L2,rail,VYG:ServiceJourney:2711-HVK_699737-R,True,planned,False,,,,,2026-08-23T08:19:38.971673+02:00
NSR:StopPlace:58860,Oppegård stasjon,2026-08-23T08:31:00+02:00,2026-08-23T08:31:00+02:00,,0.0,0,Kolbotn torg,RUT:Line:580,Kolbotn - Ski,580,bus,RUT:ServiceJourney:527209e0559c832ccad38a97051f9b2d,True,planned,False,,,,,2026-08-23T08:19:38.971673+02:00
NSR:StopPlace:58860,Oppegård stasjon,2026-08-23T08:42:00+02:00,2026-08-23T08:42:00+02:00,,0.0,0,Ski,VYG:Line:L2,Stabekk-Oslo S-Ski,L2,rail,VYG:ServiceJourney:2713-HVK_699742-R,True,planned,False,,,,,2026-08-23T08:19:38.971673+02:00
NSR:StopPlace:58860,Oppegård stasjon,2026-08-23T08:46:00+02:00,2026-08-23T08:46:00+02:00,,0.0,0,Stabekk,VYG:Line:L2,Stabekk-Oslo S-Ski,L2,rail,VYG:ServiceJourney:2720-SKI_443927-R,True,planned,False,,,,,2026-08-23T08:19:38.971673+02:00
NSR:StopPlace:58860,Oppegård stasjon,2026-08-23T09:12:00+02:00,2026-08-23T09:12:00+02:00,,0.0,0,Ski,VYG:Line:L2,Stabekk-Oslo S-Ski,L2,rail,VYG:ServiceJourney:2715-HVK_699747-R,True,planned,False,,,,,2026-08-23T08:19:38.971673+02:00
NSR:StopPlace:58860,Oppegård stasjon,2026-08-23T09:16:00+02:00,2026-08-23T09:16:00+02:00,,0.0,0,Stabekk,VYG:Line:L2,Stabekk-Oslo S-Ski,L2,rail,VYG:ServiceJourney:2722-SKI_443929-R,True,planned,False,,,,,2026-08-23T08:19:38.971673+02:00
NSR:StopPlace:58861,Solbråtan stasjon,2026-08-23T08:35:00+02:00,2026-08-23T08:35:00+02:00,,0.0,0,Ski,VYG:Line:L2,Stabekk-Oslo S-Ski,L2,rail,VYG:ServiceJourney:2713-HVK_699742-R,True,planned,False,,,,,2026-08-23T08:19:38.971673+02:00
NSR:StopPlace:58861,Solbråtan stasjon,2026-08-23T08:53:00+02:00,2026-08-23T08:53:00+02:00,,0.0,0,Stabekk,VYG:Line:L2,Stabekk-Oslo S-Ski,L2,rail,VYG:ServiceJourney:2720-SKI_443927-R,True,planned,False,,,,,2026-08-23T08:19:38.971673+02:00
NSR:StopPlace:58861,Solbråtan stasjon,2026-08-23T09:05:00+02:00,2026-08-23T09:05:00+02:00,,0.0,0,Ski,VYG:Line:L2,Stabekk-Oslo S-Ski,L2,rail,VYG:ServiceJourney:2715-HVK_699747-R,True,planned,False,,,,,2026-08-23T08:19:38.971673+02:00
NSR:StopPlace:58861,Solbråtan stasjon,2026-08-23T09:11:00+02:00,2026-08-23T09:11:00+02:00,,0.0,0,Tårnåsen,RUT:Line:83,Jernbanetorget - Tårnåsen,83,bus,RUT:ServiceJourney:b4900335604a136ce1e52cb78d3ff1c9,True,planned,False,Linje 80E og 83 får Hausmanns bru som ny endeholdeplass fra 29. juni,"Bussene stopper ikke på Jernbanetorget etter 29. juni, men starter og stopper på Hausmanns bru i Nylandsveien.",incident,normal,2026-08-23T08:19:38.971673+02:00
NSR:StopPlace:58862,Strømmen stasjon,2026-08-23T08:35:00+02:00,2026-08-23T08:35:00+02:00,,0.0,0,Lillestrøm,VYG:Line:L1,Spikkestad-Oslo S-Lillestrøm,L1,rail,VYG:ServiceJourney:2214_443606-R,True,planned,False,,,,,2026-08-23T08:19:38.971673+02:00
NSR:StopPlace:58862,Strømmen stasjon,2026-08-23T08:36:00+02:00,2026-08-23T08:36:00+02:00,,0.0,0,Nittedal,RUT:Line:385,Nittedal stasjon - Olavsgaard - Ahus,385,bus,RUT:ServiceJourney:eee1909f1aa7267a82185201e8e81378,True,planned,False,Ruteendringer,Fra 17.08.26 vil det være endringer på flere linjer. Benytt reiseplanleggeren for oppdaterte avgangstider om din reise.,general,normal,2026-08-23T08:19:38.971673+02:00
NSR:StopPlace:58862,Strømmen stasjon,2026-08-23T08:45:00+02:00,2026-08-23T08:45:00+02:00,,0.0,0,Spikkestad,VYG:Line:L1,Spikkestad-Oslo S-Lillestrøm,L1,rail,VYG:ServiceJourney:2217_443610-R,True,planned,False,,,,,2026-08-23T08:19:38.971673+02:00
NSR:StopPlace:58862,Strømmen stasjon,2026-08-23T08:58:00+02:00,2026-08-23T08:58:00+02:00,,0.0,0,Lørenskog sentrum,RUT:Line:385,Nittedal stasjon - Olavsgaard - Ahus,385,bus,RUT:ServiceJourney:edba0161a64fe9642d02255179b0a67d,True,planned,False,Ruteendringer,Fra 17.08.26 vil det være endringer på flere linjer. Benytt reiseplanleggeren for oppdaterte avgangstider om din reise.,general,normal,2026-08-23T08:19:38.971673+02:00
NSR:StopPlace:58862,Strømmen stasjon,2026-08-23T09:05:00+02:00,2026-08-23T09:05:00+02:00,,0.0,0,Lillestrøm,VYG:Line:L1,Spikkestad-Oslo S-Lillestrøm,L1,rail,VYG:ServiceJourney:2216_443609-R,True,planned,False,,,,,2026-08-23T08:19:38.971673+02:00
NSR:StopPlace:58862,Strømmen stasjon,2026-08-23T09:15:00+02:00,2026-08-23T09:15:00+02:00,,0.0,0,Spikkestad,VYG:Line:L1,Spikkestad-Oslo S-Lillestrøm,L1,rail,VYG:ServiceJourney:2219_443614-R,True,planned,False,,,,,2026-08-23T08:19:38.971673+02:00
NSR:StopPlace:58874,Stokke stasjon,2026-08-23T08:56:00+02:00,2026-08-23T08:56:00+02:00,,0.0,0,Eidsvoll,VYG:Line:RE11,Eidsvoll-Oslo S-Skien,RE11,rail,VYG:ServiceJourney:810_444390-R,True,planned,False,,,,,2026-08-23T08:19:38.971673+02:00
NSR:StopPlace:58874,Stokke stasjon,2026-08-23T09:07:00+02:00,2026-08-23T09:07:00+02:00,,0.0,0,Skien,VYG:Line:RE11,Eidsvoll-Oslo S-Skien,RE11,rail,VYG:ServiceJourney:807_444387-R,True,planned,False,,,,,2026-08-23T08:19:38.971673+02:00
NSR:StopPlace:58875,Torp stasjon,2026-08-23T08:51:00+02:00,2026-08-23T08:51:00+02:00,,0.0,0,Eidsvoll,VYG:Line:RE11,Eidsvoll-Oslo S-Skien,RE11,rail,VYG:ServiceJourney:810_444390-R,True,planned,False,,,,,2026-08-23T08:19:38.971673+02:00
NSR:StopPlace:58875,Torp stasjon,2026-08-23T09:12:00+02:00,2026-08-23T09:12:00+02:00,,0.0,0,Skien,VYG:Line:RE11,Eidsvoll-Oslo S-Skien,RE11,rail,VYG:ServiceJourney:807_444387-R,True,planned,False,,,,,2026-08-23T08:19:38.971673+02:00
NSR:StopPlace:58876,Tønsberg stasjon,2026-08-23T08:52:00+02:00,2026-08-23T08:52:00+02:00,,0.0,0,Skien,VYG:Line:RE11,Eidsvoll-Oslo S-Skien,RE11,rail,VYG:ServiceJourney:807_444387-R,True,planned,False,,,,,2026-08-23T08:19:38.971673+02:00
NSR:StopPlace:58876,Tønsberg stasjon,2026-08-23T09:09:00+02:00,2026-08-23T09:09:00+02:00,,0.0,0,Eidsvoll,VYG:Line:RE11,Eidsvoll-Oslo S-Skien,RE11,rail,VYG:ServiceJourney:810_444390-R,True,planned,False,,,,,2026-08-23T08:19:38.971673+02:00
NSR:StopPlace:58870,Holmestrand stasjon,2026-08-23T08:28:00+02:00,2026-08-23T08:28:00+02:00,,0.0,0,Eidsvoll,VYG:Line:RE11,Eidsvoll-Oslo S-Skien,RE11,rail,VYG:ServiceJourney:808_444388-R,True,planned,False,,,,,2026-08-23T08:19:38.971673+02:00
NSR:StopPlace:58870,Holmestrand stasjon,2026-08-23T08:31:00+02:00,2026-08-23T08:31:00+02:00,,0.0,0,Skien,VYG:Line:RE11,Eidsvoll-Oslo S-Skien,RE11,rail,VYG:ServiceJourney:807_444387-R,True,planned,False,,,,,2026-08-23T08:19:38.971673+02:00
NSR:StopPlace:58871,Sande stasjon,2026-08-23T08:24:00+02:00,2026-08-23T08:24:00+02:00,,0.0,0,Skien,VYG:Line:RE11,Eidsvoll-Oslo S-Skien,RE11,rail,VYG:ServiceJourney:807_444387-R,True,planned,False,,,,,2026-08-23T08:19:38.971673+02:00
NSR:StopPlace:58871,Sande stasjon,2026-08-23T08:34:00+02:00,2026-08-23T08:34:00+02:00,,0.0,0,Eidsvoll,VYG:Line:RE11,Eidsvoll-Oslo S-Skien,RE11,rail,VYG:ServiceJourney:808_444388-R,True,planned,False,,,,,2026-08-23T08:19:38.971673+02:00
NSR:StopPlace:58872,Sandefjord stasjon,2026-08-23T08:47:00+02:00,2026-08-23T08:47:00+02:00,,0.0,0,Eidsvoll,VYG:Line:RE11,Eidsvoll-Oslo S-Skien,RE11,rail,VYG:ServiceJourney:810_444390-R,True,planned,False,,,,,2026-08-23T08:19:38.971673+02:00
NSR:StopPlace:58872,Sandefjord stasjon,2026-08-23T09:18:00+02:00,2026-08-23T09:18:00+02:00,,0.0,0,Skien,VYG:Line:RE11,Eidsvoll-Oslo S-Skien,RE11,rail,VYG:ServiceJourney:807_444387-R,True,planned,False,,,,,2026-08-23T08:19:38.971673+02:00
NSR:StopPlace:58873,Skoppum stasjon,2026-08-23T08:20:00+02:00,2026-08-23T08:20:00+02:00,,0.0,0,Eidsvoll,VYG:Line:RE11,Eidsvoll-Oslo S-Skien,RE11,rail,VYG:ServiceJourney:808_444388-R,True,planned,False,,,,,2026-08-23T08:19:38.971673+02:00
NSR:StopPlace:58873,Skoppum stasjon,2026-08-23T08:40:00+02:00,2026-08-23T08:40:00+02:00,,0.0,0,Skien,VYG:Line:RE11,Eidsvoll-Oslo S-Skien,RE11,rail,VYG:ServiceJourney:807_444387-R,True,planned,False,,,,,2026-08-23T08:19:38.971673+02:00
NSR:StopPlace:58884,Skien stasjon,2026-08-23T09:09:00+02:00,2026-08-23T09:09:00+02:00,,0.0,0,Eidsvoll,VYG:Line:RE11,Eidsvoll-Oslo S-Skien,RE11,rail,VYG:ServiceJourney:812_444392-R,True,planned,False,,,,,2026-08-23T08:19:38.971673+02:00
NSR:StopPlace:58800,Råde stasjon,2026-08-23T08:59:00+02:00,2026-08-23T08:59:00+02:00,,0.0,0,Oslo S,VYG:Line:RE20,Oslo S-Halden-Göteborg (X-Border),RE20,rail,VYG:ServiceJourney:110_442970-R,True,planned,False,,,,,2026-08-23T08:19:38.971673+02:00
NSR:StopPlace:58800,Råde stasjon,2026-08-23T09:00:00+02:00,2026-08-23T09:00:00+02:00,,0.0,0,Göteborg C,VYG:Line:RE20,Oslo S-Halden-Göteborg (X-Border),RE20,rail,VYG:ServiceJourney:107-385-VBY_504594-R,True,planned,False,,,,,2026-08-23T08:19:38.971673+02:00
NSR:StopPlace:58802,Spydeberg stasjon,2026-08-23T07:20:00+02:00,2026-08-23T07:20:00+02:00,,0.0,0,Oslo S,VYG:Line:R22,Skøyen-Oslo S-Mysen-Rakkestad,R22,rail,VYG:ServiceJourney:BUS-1908_588862-R,True,planned,False,,,,,2026-08-23T08:19:38.971673+02:00
NSR:StopPlace:58802,Spydeberg stasjon,2026-08-23T08:21:00+02:00,2026-08-23T08:21:00+02:00,,0.0,0,Oslo S,VYG:Line:R22,Skøyen-Oslo S-Mysen-Rakkestad,R22,rail,VYG:ServiceJourney:1910_443447-R,True,planned,False,,,,,2026-08-23T08:19:38.971673+02:00
NSR:StopPlace:58802,Spydeberg stasjon,2026-08-23T08:36:00+02:00,2026-08-23T08:36:00+02:00,,0.0,0,Rakkestad,VYG:Line:R22,Skøyen-Oslo S-Mysen-Rakkestad,R22,rail,VYG:ServiceJourney:1907-KRAa_500822-R,True,planned,False,,,,,2026-08-23T08:19:38.971673+02:00
NSR:StopPlace:58803,Tomter stasjon,2026-08-23T08:28:00+02:00,2026-08-23T08:28:00+02:00,,0.0,0,Rakkestad,VYG:Line:R22,Skøyen-Oslo S-Mysen-Rakkestad,R22,rail,VYG:ServiceJourney:1907-KRAa_500822-R,True,planned,False,,,,,2026-08-23T08:19:38.971673+02:00
NSR:StopPlace:58803,Tomter stasjon,2026-08-23T08:29:00+02:00,2026-08-23T08:29:00+02:00,,0.0,0,Oslo S,VYG:Line:R22,Skøyen-Oslo S-Mysen-Rakkestad,R22,rail,VYG:ServiceJourney:1910_443447-R,True,planned,False,,,,,2026-08-23T08:19:38.971673+02:00
NSR:StopPlace:58805,Brumunddal stasjon,2026-08-23T07:33:00+02:00,2026-08-23T07:33:00+02:00,,0.0,0,Eidsvoll,VYG:Line:RE10,Drammen-Oslo S-Lillehammer,RE10,rail,VYG:ServiceJourney:BUS-308_589715-R,True,planned,False,,,,,2026-08-23T08:19:38.971673+02:00
NSR:StopPlace:58805,Brumunddal stasjon,2026-08-23T08:33:00+02:00,2026-08-23T08:33:00+02:00,,0.0,0,Eidsvoll,VYG:Line:RE10,Drammen-Oslo S-Lillehammer,RE10,rail,VYG:ServiceJourney:BUS-310_588896-R,True,planned,False,,,,,2026-08-23T08:19:38.971673+02:00
NSR:StopPlace:58808,Kongsvinger stasjon,2026-08-23T08:35:00+02:00,2026-08-23T08:35:00+02:00,,0.0,0,Asker,VYG:Line:R14,Asker-Oslo S-Kongsvinger,R14,rail,VYG:ServiceJourney:1010_442915-R,True,planned,False,,,,,2026-08-23T08:19:38.971673+02:00
NSR:StopPlace:58813,Skarnes stasjon,2026-08-23T08:48:00+02:00,2026-08-23T08:48:00+02:00,,0.0,0,Asker,VYG:Line:R14,Asker-Oslo S-Kongsvinger,R14,rail,VYG:ServiceJourney:1010_442915-R,True,planned,False,,,,,2026-08-23T08:19:38.971673+02:00
NSR:StopPlace:58813,Skarnes stasjon,2026-08-23T09:07:00+02:00,2026-08-23T09:07:00+02:00,,0.0,0,Kongsvinger,VYG:Line:R14,Asker-Oslo S-Kongsvinger,R14,rail,VYG:ServiceJourney:1007_442912-R,True,planned,False,,,,,2026-08-23T08:19:38.971673+02:00
NSR:StopPlace:58815,Bleiken stasjon,2026-08-23T07:11:00+02:00,2026-08-23T07:11:00+02:00,,0.0,0,Oslo S,VYG:Line:R31,Skøyen-Jaren-Gjøvik,R31,rail,VYG:ServiceJourney:206_443504-R,True,planned,False,,,,,2026-08-23T08:19:38.971673+02:00
NSR:StopPlace:58815,Bleiken stasjon,2026-08-23T08:11:00+02:00,2026-08-23T08:11:00+02:00,,0.0,0,Oslo S,VYG:Line:R31,Skøyen-Jaren-Gjøvik,R31,rail,VYG:ServiceJourney:208_443506-R,True,planned,False,,,,,2026-08-23T08:19:38.971673+02:00
NSR:StopPlace:58815,Bleiken stasjon,2026-08-23T08:28:00+02:00,2026-08-23T08:28:00+02:00,,0.0,0,Gjøvik,VYG:Line:R31,Skøyen-Jaren-Gjøvik,R31,rail,VYG:ServiceJourney:205_443503-R,True,planned,False,,,,,2026-08-23T08:19:38.971673+02:00
NSR:StopPlace:58815,Bleiken stasjon,2026-08-23T09:11:00+02:00,2026-08-23T09:11:00+02:00,,0.0,0,Oslo S,VYG:Line:R31,Skøyen-Jaren-Gjøvik,R31,rail,VYG:ServiceJourney:210_443508-R,True,planned,False,,,,,2026-08-23T08:19:38.971673+02:00
NSR:StopPlace:58817,Eina stasjon,2026-08-23T08:44:00+02:00,2026-08-23T08:44:00+02:00,,0.0,0,Gjøvik,VYG:Line:R31,Skøyen-Jaren-Gjøvik,R31,rail,VYG:ServiceJourney:205_443503-R,True,planned,False,,,,,2026-08-23T08:19:38.971673+02:00
NSR:StopPlace:58817,Eina stasjon,2026-08-23T08:56:00+02:00,2026-08-23T08:56:00+02:00,,0.0,0,Oslo S,VYG:Line:R31,Skøyen-Jaren-Gjøvik,R31,rail,VYG:ServiceJourney:210_443508-R,True,planned,False,,,,,2026-08-23T08:19:38.971673+02:00
NSR:StopPlace:58818,Gran stasjon,2026-08-23T08:15:00+02:00,2026-08-23T08:15:00+02:00,,0.0,0,Gjøvik,VYG:Line:R31,Skøyen-Jaren-Gjøvik,R31,rail,VYG:ServiceJourney:205_443503-R,True,planned,False,,,,,2026-08-23T08:19:38.971673+02:00
NSR:StopPlace:58818,Gran stasjon,2026-08-23T08:25:00+02:00,2026-08-23T08:25:00+02:00,,0.0,0,Oslo S,VYG:Line:R31,Skøyen-Jaren-Gjøvik,R31,rail,VYG:ServiceJourney:208_443506-R,True,planned,False,,,,,2026-08-23T08:19:38.971673+02:00
NSR:StopPlace:58818,Gran stasjon,2026-08-23T09:15:00+02:00,2026-08-23T09:15:00+02:00,,0.0,0,Gjøvik,VYG:Line:R31,Skøyen-Jaren-Gjøvik,R31,rail,VYG:ServiceJourney:207_443505-R,True,planned,False,,,,,2026-08-23T08:19:38.971673+02:00
NSR:StopPlace:58819,Grua stasjon,2026-08-23T08:41:00+02:00,2026-08-23T08:41:00+02:00,,0.0,0,Oslo S,VYG:Line:R31,Skøyen-Jaren-Gjøvik,R31,rail,VYG:ServiceJourney:208_443506-R,True,planned,False,,,,,2026-08-23T08:19:38.971673+02:00
NSR:StopPlace:58819,Grua stasjon,2026-08-23T09:00:00+02:00,2026-08-23T09:00:00+02:00,,0.0,0,Gjøvik,VYG:Line:R31,Skøyen-Jaren-Gjøvik,R31,rail,VYG:ServiceJourney:207_443505-R,True,planned,False,,,,,2026-08-23T08:19:38.971673+02:00
NSR:StopPlace:58820,Harestua stasjon,2026-08-23T08:47:00+02:00,2026-08-23T08:47:00+02:00,,0.0,0,Oslo S,VYG:Line:R31,Skøyen-Jaren-Gjøvik,R31,rail,VYG:ServiceJourney:208_443506-R,True,planned,False,,,,,2026-08-23T08:19:38.971673+02:00
NSR:StopPlace:58820,Harestua stasjon,2026-08-23T08:53:00+02:00,2026-08-23T08:53:00+02:00,,0.0,0,Gjøvik,VYG:Line:R31,Skøyen-Jaren-Gjøvik,R31,rail,VYG:ServiceJourney:207_443505-R,True,planned,False,,,,,2026-08-23T08:19:38.971673+02:00
NSR:StopPlace:58823,Jaren stasjon,2026-08-23T08:20:00+02:00,2026-08-23T08:20:00+02:00,,0.0,0,Oslo S,VYG:Line:R31,Skøyen-Jaren-Gjøvik,R31,rail,VYG:ServiceJourney:208_443506-R,True,planned,False,,,,,2026-08-23T08:19:38.971673+02:00
NSR:StopPlace:58823,Jaren stasjon,2026-08-23T08:21:00+02:00,2026-08-23T08:21:00+02:00,,0.0,0,Gjøvik,VYG:Line:R31,Skøyen-Jaren-Gjøvik,R31,rail,VYG:ServiceJourney:205_443503-R,True,planned,False,,,,,2026-08-23T08:19:38.971673+02:00
NSR:StopPlace:58824,Lunner stasjon,2026-08-23T08:31:00+02:00,2026-08-23T08:31:00+02:00,,0.0,0,Oslo S,VYG:Line:R31,Skøyen-Jaren-Gjøvik,R31,rail,VYG:ServiceJourney:208_443506-R,True,planned,False,,,,,2026-08-23T08:19:38.971673+02:00
NSR:StopPlace:58824,Lunner stasjon,2026-08-23T09:09:00+02:00,2026-08-23T09:09:00+02:00,,0.0,0,Gjøvik,VYG:Line:R31,Skøyen-Jaren-Gjøvik,R31,rail,VYG:ServiceJourney:207_443505-R,True,planned,False,,,,,2026-08-23T08:19:38.971673+02:00
NSR:StopPlace:58825,Raufoss stasjon,2026-08-23T08:45:00+02:00,2026-08-23T08:45:00+02:00,,0.0,0,Oslo S,VYG:Line:R31,Skøyen-Jaren-Gjøvik,R31,rail,VYG:ServiceJourney:210_443508-R,True,planned,False,,,,,2026-08-23T08:19:38.971673+02:00
NSR:StopPlace:58825,Raufoss stasjon,2026-08-23T08:56:00+02:00,2026-08-23T08:56:00+02:00,,0.0,0,Gjøvik,VYG:Line:R31,Skøyen-Jaren-Gjøvik,R31,rail,VYG:ServiceJourney:205_443503-R,True,planned,False,,,,,2026-08-23T08:19:38.971673+02:00
NSR:StopPlace:58826,Reinsvoll stasjon,2026-08-23T08:50:00+02:00,2026-08-23T08:50:00+02:00,,0.0,0,Oslo S,VYG:Line:R31,Skøyen-Jaren-Gjøvik,R31,rail,VYG:ServiceJourney:210_443508-R,True,planned,False,Heis på Reinsvoll ute av drift,Heisen på Reinsvoll til spor 1 og 2 er ute av drift.,general,normal,2026-08-23T08:19:38.971673+02:00
NSR:StopPlace:58826,Reinsvoll stasjon,2026-08-23T08:51:00+02:00,2026-08-23T08:51:00+02:00,,0.0,0,Gjøvik,VYG:Line:R31,Skøyen-Jaren-Gjøvik,R31,rail,VYG:ServiceJourney:205_443503-R,True,planned,False,Heis på Reinsvoll ute av drift,Heisen på Reinsvoll til spor 1 og 2 er ute av drift.,general,normal,2026-08-23T08:19:38.971673+02:00
NSR:StopPlace:58828,Roa stasjon,2026-08-23T08:36:00+02:00,2026-08-23T08:36:00+02:00,,0.0,0,Oslo S,VYG:Line:R31,Skøyen-Jaren-Gjøvik,R31,rail,VYG:ServiceJourney:208_443506-R,True,planned,False,,,,,2026-08-23T08:19:38.971673+02:00
NSR:StopPlace:58828,Roa stasjon,2026-08-23T09:05:00+02:00,2026-08-23T09:05:00+02:00,,0.0,0,Gjøvik,VYG:Line:R31,Skøyen-Jaren-Gjøvik,R31,rail,VYG:ServiceJourney:207_443505-R,True,planned,False,,,,,2026-08-23T08:19:38.971673+02:00
NSR:StopPlace:58829,Stryken stasjon,2026-08-23T08:48:00+02:00,2026-08-23T08:48:00+02:00,,0.0,0,Gjøvik,VYG:Line:R31,Skøyen-Jaren-Gjøvik,R31,rail,VYG:ServiceJourney:207_443505-R,True,planned,False,,,,,2026-08-23T08:19:38.971673+02:00
NSR:StopPlace:58211,Oslo lufthavn,2026-08-23T08:30:00+02:00,2026-08-23T08:30:00+02:00,,0.0,0,Radiumhospitalet via Økern-Storo-Tåsen,NBU:Line:cb7b555c-f96e-42d5-84bf-a5e08c0145c2,Radiumhospitalet via Økern-Storo-Tåsen,FB3,bus,NBU:ServiceJourney:ca94bd4a-55e3-4b2f-96c5-a98a1acc45f7,True,planned,False,,,,,2026-08-23T08:19:38.971673+02:00
NSR:StopPlace:58211,Oslo lufthavn,2026-08-23T08:30:00+02:00,2026-08-23T08:30:00+02:00,,0.0,0,Drammen,FLT:Line:FLY1,FLY1,FLY1,rail,FLT:ServiceJourney:1-2614-3720-20260823,True,planned,False,,,,,2026-08-23T08:19:38.971673+02:00
NSR:StopPlace:101,Sagdalen stasjon,2026-08-23T08:37:00+02:00,2026-08-23T08:37:00+02:00,,0.0,0,Lillestrøm,VYG:Line:L1,Spikkestad-Oslo S-Lillestrøm,L1,rail,VYG:ServiceJourney:2214_443606-R,True,planned,False,,,,,2026-08-23T08:19:38.971673+02:00
NSR:StopPlace:101,Sagdalen stasjon,2026-08-23T08:43:00+02:00,2026-08-23T08:43:00+02:00,,0.0,0,Spikkestad,VYG:Line:L1,Spikkestad-Oslo S-Lillestrøm,L1,rail,VYG:ServiceJourney:2217_443610-R,True,planned,False,,,,,2026-08-23T08:19:38.971673+02:00
NSR:StopPlace:101,Sagdalen stasjon,2026-08-23T09:07:00+02:00,2026-08-23T09:07:00+02:00,,0.0,0,Lillestrøm,VYG:Line:L1,Spikkestad-Oslo S-Lillestrøm,L1,rail,VYG:ServiceJourney:2216_443609-R,True,planned,False,,,,,2026-08-23T08:19:38.971673+02:00
NSR:StopPlace:101,Sagdalen stasjon,2026-08-23T09:13:00+02:00,2026-08-23T09:13:00+02:00,,0.0,0,Spikkestad,VYG:Line:L1,Spikkestad-Oslo S-Lillestrøm,L1,rail,VYG:ServiceJourney:2219_443614-R,True,planned,False,,,,,2026-08-23T08:19:38.971673+02:00
NSR:StopPlace:144,Skansen stasjon,2026-08-23T09:11:00+02:00,2026-08-23T09:11:00+02:00,,0.0,0,Steinkjer,SJN:Line:26,Trønderbanen,R70,rail,SJN:ServiceJourney:429_56089-R,True,planned,False,,,,,2026-08-23T08:19:38.971673+02:00
NSR:StopPlace:398,Arna stasjon,2026-08-23T08:37:00+02:00,2026-08-23T08:37:00+02:00,,0.0,0,Finse,VYG:Line:R40,Bergen-Voss-Myrdal-Ål,R40,rail,VYG:ServiceJourney:1848_465767-R,True,planned,False,,,,,2026-08-23T08:19:38.971673+02:00
NSR:StopPlace:398,Arna stasjon,2026-08-23T08:38:00+02:00,2026-08-23T08:38:00+02:00,,0.0,0,Bergen,VYG:Line:R40,Bergen-Voss-Myrdal-Ål,R40,rail,VYG:ServiceJourney:1811_443397-R,True,planned,False,,,,,2026-08-23T08:19:38.971673+02:00
NSR:StopPlace:398,Arna stasjon,2026-08-23T08:42:00+02:00,2026-08-23T08:42:00+02:00,,0.0,0,Bergen,VYG:Line:L4,Bergen-Arna,L4,rail,VYG:ServiceJourney:2615_443830-R,True,planned,False,,,,,2026-08-23T08:19:38.971673+02:00
NSR:StopPlace:398,Arna stasjon,2026-08-23T09:12:00+02:00,2026-08-23T09:12:00+02:00,,0.0,0,Bergen,VYG:Line:L4,Bergen-Arna,L4,rail,VYG:ServiceJourney:2617_443832-R,True,planned,False,,,,,2026-08-23T08:19:38.971673+02:00
NSR:StopPlace:311,Gjerdåker stasjon,2026-08-23T08:28:00+02:00,2026-08-23T08:28:00+02:00,,0.0,0,Myrdal,VYG:Line:R40,Bergen-Voss-Myrdal-Ål,R40,rail,VYG:ServiceJourney:1804_496767-R,True,planned,False,,,,,2026-08-23T08:19:38.971673+02:00
NSR:StopPlace:313,Høybråten stasjon,2026-08-23T08:23:00+02:00,2026-08-23T08:23:00+02:00,,0.0,0,Spikkestad,VYG:Line:L1,Spikkestad-Oslo S-Lillestrøm,L1,rail,VYG:ServiceJourney:2215_443608-R,True,planned,False,,,,,2026-08-23T08:19:38.971673+02:00
NSR:StopPlace:313,Høybråten stasjon,2026-08-23T08:53:00+02:00,2026-08-23T08:53:00+02:00,,0.0,0,Spikkestad,VYG:Line:L1,Spikkestad-Oslo S-Lillestrøm,L1,rail,VYG:ServiceJourney:2217_443610-R,True,planned,False,,,,,2026-08-23T08:19:38.971673+02:00
NSR:StopPlace:313,Høybråten stasjon,2026-08-23T08:57:00+02:00,2026-08-23T08:57:00+02:00,,0.0,0,Lillestrøm,VYG:Line:L1,Spikkestad-Oslo S-Lillestrøm,L1,rail,VYG:ServiceJourney:2216_443609-R,True,planned,False,,,,,2026-08-23T08:19:38.971673+02:00
NSR:StopPlace:349,Upsete stasjon,2026-08-23T09:12:00+02:00,2026-08-23T09:12:00+02:00,,0.0,0,Myrdal,VYG:Line:R40,Bergen-Voss-Myrdal-Ål,R40,rail,VYG:ServiceJourney:1804_496767-R,True,planned,False,,,,,2026-08-23T08:19:38.971673+02:00
NSR:StopPlace:364,Vaksdal stasjon,2026-08-23T08:55:00+02:00,2026-08-23T08:55:00+02:00,,0.0,0,Finse,VYG:Line:R40,Bergen-Voss-Myrdal-Ål,R40,rail,VYG:ServiceJourney:1848_465767-R,True,planned,False,,,,,2026-08-23T08:19:38.971673+02:00
NSR:StopPlace:369,Kvål stasjon,2026-08-23T08:34:00+02:00,2026-08-23T08:34:00+02:00,,0.0,0,Steinkjer,SJN:Line:26,Trønderbanen,R70,rail,SJN:ServiceJourney:429_56089-R,True,planned,False,,,,,2026-08-23T08:19:38.971673+02:00
NSR:StopPlace:358,Ustaoset stasjon,2026-08-23T09:03:00+02:00,2026-08-23T09:03:00+02:00,,0.0,0,Oslo S,VYG:Line:F4,Oslo S-Bergen,F4,rail,VYG:ServiceJourney:60-BRG_444351-R,True,planned,False,,,,,2026-08-23T08:19:38.971673+02:00
NSR:StopPlace:302,Gjøvik stasjon,2026-08-23T08:34:00+02:00,2026-08-23T08:34:00+02:00,,0.0,0,Oslo S,VYG:Line:R31,Skøyen-Jaren-Gjøvik,R31,rail,VYG:ServiceJourney:210_443508-R,True,planned,False,,,,,2026-08-23T08:19:38.971673+02:00
NSR:StopPlace:271,Lademoen stasjon,2026-08-23T09:18:00+02:00,2026-08-23T09:18:00+02:00,,0.0,0,Steinkjer,SJN:Line:26,Trønderbanen,R70,rail,SJN:ServiceJourney:429_56089-R,True,planned,False,,,,,2026-08-23T08:19:38.971673+02:00
NSR:StopPlace:200,Finse stasjon,2026-08-23T08:38:00+02:00,2026-08-23T08:38:00+02:00,,0.0,0,Oslo S,VYG:Line:F4,Oslo S-Bergen,F4,rail,VYG:ServiceJourney:60-BRG_444351-R,True,planned,False,,,,,2026-08-23T08:19:38.971673+02:00
NSR:StopPlace:518,Bolstadøyri stasjon,2026-08-23T09:17:00+02:00,2026-08-23T09:17:00+02:00,,0.0,0,Finse,VYG:Line:R40,Bergen-Voss-Myrdal-Ål,R40,rail,VYG:ServiceJourney:1848_465767-R,True,planned,False,,,,,2026-08-23T08:19:38.971673+02:00
NSR:StopPlace:535,Kjosfossen stasjon,2026-08-23T09:06:00+02:00,2026-08-23T09:06:00+02:00,,0.0,0,Myrdal,VYG:Line:R45,Myrdal-Flåm,R45,rail,VYG:ServiceJourney:1852_465770-R,True,planned,False,,,,,2026-08-23T08:19:38.971673+02:00
NSR:StopPlace:441,Auli stasjon,2026-08-23T08:41:00+02:00,2026-08-23T08:41:00+02:00,,0.0,0,Kongsvinger,VYG:Line:R14,Asker-Oslo S-Kongsvinger,R14,rail,VYG:ServiceJourney:1007_442912-R,True,planned,False,,,,,2026-08-23T08:19:38.971673+02:00
NSR:StopPlace:441,Auli stasjon,2026-08-23T09:15:00+02:00,2026-08-23T09:15:00+02:00,,0.0,0,Asker,VYG:Line:R14,Asker-Oslo S-Kongsvinger,R14,rail,VYG:ServiceJourney:1010_442915-R,True,planned,False,,,,,2026-08-23T08:19:38.971673+02:00
NSR:StopPlace:445,Vieren stasjon,2026-08-23T09:09:00+02:00,2026-08-23T09:09:00+02:00,,0.0,0,Myrdal,VYG:Line:R40,Bergen-Voss-Myrdal-Ål,R40,rail,VYG:ServiceJourney:1804_496767-R,True,planned,False,,,,,2026-08-23T08:19:38.971673+02:00
NSR:StopPlace:448,Vatnahalsen stasjon,2026-08-23T09:13:00+02:00,2026-08-23T09:13:00+02:00,,0.0,0,Myrdal,VYG:Line:R45,Myrdal-Flåm,R45,rail,VYG:ServiceJourney:1852_465770-R,True,planned,False,,,,,2026-08-23T08:19:38.971673+02:00
NSR:StopPlace:439,Ljosanbotn stasjon,2026-08-23T09:03:00+02:00,2026-08-23T09:03:00+02:00,,0.0,0,Myrdal,VYG:Line:R40,Bergen-Voss-Myrdal-Ål,R40,rail,VYG:ServiceJourney:1804_496767-R,True,planned,False,,,,,2026-08-23T08:19:38.971673+02:00
NSR:StopPlace:462,Ygre stasjon,2026-08-23T08:31:00+02:00,2026-08-23T08:31:00+02:00,,0.0,0,Myrdal,VYG:Line:R40,Bergen-Voss-Myrdal-Ål,R40,rail,VYG:ServiceJourney:1804_496767-R,True,planned,False,,,,,2026-08-23T08:19:38.971673+02:00
NSR:StopPlace:468,Ørneberget stasjon,2026-08-23T09:06:00+02:00,2026-08-23T09:06:00+02:00,,0.0,0,Myrdal,VYG:Line:R40,Bergen-Voss-Myrdal-Ål,R40,rail,VYG:ServiceJourney:1804_496767-R,True,planned,False,,,,,2026-08-23T08:19:38.971673+02:00
NSR:StopPlace:474,Øyeflaten stasjon,2026-08-23T08:43:00+02:00,2026-08-23T08:43:00+02:00,,0.0,0,Myrdal,VYG:Line:R40,Bergen-Voss-Myrdal-Ål,R40,rail,VYG:ServiceJourney:1804_496767-R,True,planned,False,,,,,2026-08-23T08:19:38.971673+02:00
NSR:StopPlace:400,Ler stasjon,2026-08-23T08:29:00+02:00,2026-08-23T08:29:00+02:00,,0.0,0,Steinkjer,SJN:Line:26,Trønderbanen,R70,rail,SJN:ServiceJourney:429_56089-R,True,planned,False,,,,,2026-08-23T08:19:38.971673+02:00
NSR:StopPlace:698,Skiple stasjon,2026-08-23T08:47:00+02:00,2026-08-23T08:47:00+02:00,,0.0,0,Myrdal,VYG:Line:R40,Bergen-Voss-Myrdal-Ål,R40,rail,VYG:ServiceJourney:1804_496767-R,True,planned,False,,,,,2026-08-23T08:19:38.971673+02:00
NSR:StopPlace:628,Darbu stasjon,2026-08-23T08:48:00+02:00,2026-08-23T08:48:00+02:00,,0.0,0,Eidsvoll,VYG:Line:R12,Kongsberg-Oslo S-Eidsvoll,R12,rail,VYG:ServiceJourney:510_444303-R,True,planned,False,,,,,2026-08-23T08:19:38.971673+02:00
NSR:StopPlace:628,Darbu stasjon,2026-08-23T09:11:00+02:00,2026-08-23T09:11:00+02:00,,0.0,0,Kongsberg,VYG:Line:R12,Kongsberg-Oslo S-Eidsvoll,R12,rail,VYG:ServiceJourney:507_444300-R,True,planned,False,,,,,2026-08-23T08:19:38.971673+02:00
NSR:StopPlace:610,Sandvika stasjon,2026-08-23T08:24:00+02:00,2026-08-23T08:24:00+02:00,,0.0,0,Kongsberg,VYG:Line:R12,Kongsberg-Oslo S-Eidsvoll,R12,rail,VYG:ServiceJourney:507_444300-R,True,planned,False,,,,,2026-08-23T08:19:38.971673+02:00
NSR:StopPlace:610,Sandvika stasjon,2026-08-23T08:25:00+02:00,2026-08-23T08:25:00+02:00,,0.0,0,Dal,VYG:Line:R13,Drammen-Oslo S-Dal,R13,rail,VYG:ServiceJourney:1615_443244-R,True,planned,False,,,,,2026-08-23T08:19:38.971673+02:00
NSR:StopPlace:610,Sandvika stasjon,2026-08-23T08:34:00+02:00,2026-08-23T08:34:00+02:00,,0.0,0,Drammen,VYG:Line:R13,Drammen-Oslo S-Dal,R13,rail,VYG:ServiceJourney:1612_443236-R,True,planned,False,,,,,2026-08-23T08:19:38.971673+02:00
NSR:StopPlace:610,Sandvika stasjon,2026-08-23T08:35:00+02:00,2026-08-23T08:35:00+02:00,,0.0,0,Eidsvoll,VYG:Line:R12,Kongsberg-Oslo S-Eidsvoll,R12,rail,VYG:ServiceJourney:508_444301-R,True,planned,False,,,,,2026-08-23T08:19:38.971673+02:00
NSR:StopPlace:610,Sandvika stasjon,2026-08-23T08:39:00+02:00,2026-08-23T08:39:00+02:00,,0.0,0,Bergen,VYG:Line:F4,Oslo S-Bergen,F4,rail,VYG:ServiceJourney:63-LOD_580500-R,True,planned,False,,,,,2026-08-23T08:19:38.971673+02:00
NSR:StopPlace:610,Sandvika stasjon,2026-08-23T08:40:00+02:00,2026-08-23T08:40:00+02:00,,0.0,0,Oslo Lufthavn,FLT:Line:FLY1,FLY1,FLY1,rail,FLT:ServiceJourney:1-2614-3727-20260823,True,planned,False,,,,,2026-08-23T08:19:38.971673+02:00
NSR:StopPlace:610,Sandvika stasjon,2026-08-23T08:44:00+02:00,2026-08-23T08:44:00+02:00,,0.0,0,Drammen,VYG:Line:RE10,Drammen-Oslo S-Lillehammer,RE10,rail,VYG:ServiceJourney:306-EVL_520950-R,True,planned,False,,,,,2026-08-23T08:19:38.971673+02:00
NSR:StopPlace:610,Sandvika stasjon,2026-08-23T08:45:00+02:00,2026-08-23T08:45:00+02:00,,0.0,0,Kongsvinger,VYG:Line:R14,Asker-Oslo S-Kongsvinger,R14,rail,VYG:ServiceJourney:1009_442914-R,True,planned,False,,,,,2026-08-23T08:19:38.971673+02:00
NSR:StopPlace:610,Sandvika stasjon,2026-08-23T08:48:00+02:00,2026-08-23T08:48:00+02:00,,0.0,0,Lillestrøm,VYG:Line:L1,Spikkestad-Oslo S-Lillestrøm,L1,rail,VYG:ServiceJourney:2218_443612-R,True,planned,False,,,,,2026-08-23T08:19:38.971673+02:00
NSR:StopPlace:610,Sandvika stasjon,2026-08-23T08:54:00+02:00,2026-08-23T08:54:00+02:00,,0.0,0,Skien,VYG:Line:RE11,Eidsvoll-Oslo S-Skien,RE11,rail,VYG:ServiceJourney:809_444389-R,True,planned,False,,,,,2026-08-23T08:19:38.971673+02:00
NSR:StopPlace:610,Sandvika stasjon,2026-08-23T08:55:00+02:00,2026-08-23T08:55:00+02:00,,0.0,0,Dal,VYG:Line:R13,Drammen-Oslo S-Dal,R13,rail,VYG:ServiceJourney:1617_443249-R,True,planned,False,,,,,2026-08-23T08:19:38.971673+02:00
NSR:StopPlace:610,Sandvika stasjon,2026-08-23T09:00:00+02:00,2026-08-23T09:00:00+02:00,,0.0,0,Oslo Lufthavn,FLT:Line:FLY1,FLY1,FLY1,rail,FLT:ServiceJourney:1-2614-3729-20260823,True,planned,False,,,,,2026-08-23T08:19:38.971673+02:00
NSR:StopPlace:610,Sandvika stasjon,2026-08-23T09:01:00+02:00,2026-08-23T09:01:00+02:00,,0.0,0,Spikkestad,VYG:Line:L1,Spikkestad-Oslo S-Lillestrøm,L1,rail,VYG:ServiceJourney:2215_443608-R,True,planned,False,,,,,2026-08-23T08:19:38.971673+02:00
NSR:StopPlace:610,Sandvika stasjon,2026-08-23T09:05:00+02:00,2026-08-23T09:05:00+02:00,,0.0,0,Eidsvoll,VYG:Line:RE11,Eidsvoll-Oslo S-Skien,RE11,rail,VYG:ServiceJourney:808_444388-R,True,planned,False,,,,,2026-08-23T08:19:38.971673+02:00
NSR:StopPlace:610,Sandvika stasjon,2026-08-23T09:14:00+02:00,2026-08-23T09:14:00+02:00,,0.0,0,Asker,VYG:Line:R14,Asker-Oslo S-Kongsvinger,R14,rail,VYG:ServiceJourney:1008_442913-R,True,planned,False,,,,,2026-08-23T08:19:38.971673+02:00
NSR:StopPlace:610,Sandvika stasjon,2026-08-23T09:15:00+02:00,2026-08-23T09:15:00+02:00,,0.0,0,Lillehammer,VYG:Line:RE10,Drammen-Oslo S-Lillehammer,RE10,rail,VYG:ServiceJourney:311-SUD_520980-R,True,planned,False,,,,,2026-08-23T08:19:38.971673+02:00
NSR:StopPlace:610,Sandvika stasjon,2026-08-23T09:18:00+02:00,2026-08-23T09:18:00+02:00,,0.0,0,Lillestrøm,VYG:Line:L1,Spikkestad-Oslo S-Lillestrøm,L1,rail,VYG:ServiceJourney:2220_443616-R,True,planned,False,,,,,2026-08-23T08:19:38.971673+02:00
NSR:StopPlace:666,Snippen stasjon,2026-08-23T09:17:00+02:00,2026-08-23T09:17:00+02:00,,0.0,0,Oslo S,VYG:Line:R31,Skøyen-Jaren-Gjøvik,R31,rail,VYG:ServiceJourney:208_443506-R,True,planned,False,,,,,2026-08-23T08:19:38.971673+02:00
NSR:StopPlace:62094,Lindeberg stasjon,2026-08-23T08:37:00+02:00,2026-08-23T08:37:00+02:00,,0.0,0,Dal,VYG:Line:R13,Drammen-Oslo S-Dal,R13,rail,VYG:ServiceJourney:1613_443238-R,True,planned,False,,,,,2026-08-23T08:19:38.971673+02:00
NSR:StopPlace:62094,Lindeberg stasjon,2026-08-23T08:48:00+02:00,2026-08-23T08:48:00+02:00,,0.0,0,Drammen,VYG:Line:R13,Drammen-Oslo S-Dal,R13,rail,VYG:ServiceJourney:1616_443247-R,True,planned,False,,,,,2026-08-23T08:19:38.971673+02:00
NSR:StopPlace:62094,Lindeberg stasjon,2026-08-23T09:07:00+02:00,2026-08-23T09:07:00+02:00,,0.0,0,Dal,VYG:Line:R13,Drammen-Oslo S-Dal,R13,rail,VYG:ServiceJourney:1615_443244-R,True,planned,False,,,,,2026-08-23T08:19:38.971673+02:00
NSR:StopPlace:62094,Lindeberg stasjon,2026-08-23T09:18:00+02:00,2026-08-23T09:18:00+02:00,,0.0,0,Drammen,VYG:Line:R13,Drammen-Oslo S-Dal,R13,rail,VYG:ServiceJourney:1618_443252-R,True,planned,False,,,,,2026-08-23T08:19:38.971673+02:00
NSR:StopPlace:62309,Ljan stasjon,2026-08-23T08:54:00+02:00,2026-08-23T08:54:00+02:00,,0.0,0,Ski,VYG:Line:L2,Stabekk-Oslo S-Ski,L2,rail,VYG:ServiceJourney:2715-HVK_699747-R,True,planned,False,,,,,2026-08-23T08:19:38.971673+02:00
NSR:StopPlace:62309,Ljan stasjon,2026-08-23T09:05:00+02:00,2026-08-23T09:05:00+02:00,,0.0,0,Stabekk,VYG:Line:L2,Stabekk-Oslo S-Ski,L2,rail,VYG:ServiceJourney:2720-SKI_443927-R,True,planned,False,,,,,2026-08-23T08:19:38.971673+02:00
NSR:StopPlace:62308,Alna stasjon,2026-08-23T08:32:00+02:00,2026-08-23T08:32:00+02:00,,0.0,0,Spikkestad,VYG:Line:L1,Spikkestad-Oslo S-Lillestrøm,L1,rail,VYG:ServiceJourney:2215_443608-R,True,planned,False,,,,,2026-08-23T08:19:38.971673+02:00
NSR:StopPlace:62308,Alna stasjon,2026-08-23T08:48:00+02:00,2026-08-23T08:48:00+02:00,,0.0,0,Lillestrøm,VYG:Line:L1,Spikkestad-Oslo S-Lillestrøm,L1,rail,VYG:ServiceJourney:2216_443609-R,True,planned,False,,,,,2026-08-23T08:19:38.971673+02:00
NSR:StopPlace:62308,Alna stasjon,2026-08-23T09:02:00+02:00,2026-08-23T09:02:00+02:00,,0.0,0,Spikkestad,VYG:Line:L1,Spikkestad-Oslo S-Lillestrøm,L1,rail,VYG:ServiceJourney:2217_443610-R,True,planned,False,,,,,2026-08-23T08:19:38.971673+02:00
NSR:StopPlace:62308,Alna stasjon,2026-08-23T09:18:00+02:00,2026-08-23T09:18:00+02:00,,0.0,0,Lillestrøm,VYG:Line:L1,Spikkestad-Oslo S-Lillestrøm,L1,rail,VYG:ServiceJourney:2218_443612-R,True,planned,False,,,,,2026-08-23T08:19:38.971673+02:00
NSR:StopPlace:62339,Lillestrøm stasjon,2026-08-23T08:26:00+02:00,2026-08-23T08:26:00+02:00,,0.0,0,Skien,VYG:Line:RE11,Eidsvoll-Oslo S-Skien,RE11,rail,VYG:ServiceJourney:809_444389-R,True,planned,False,Heis på Lillestrøm ute av drift,Heisen på Lillestrøm til spor 3 og 4 er ute av drift.,general,normal,2026-08-23T08:19:38.971673+02:00
NSR:StopPlace:62339,Lillestrøm stasjon,2026-08-23T08:30:00+02:00,2026-08-23T08:30:00+02:00,,0.0,0,Oslo Lufthavn,FLT:Line:FLY1,FLY1,FLY1,rail,FLT:ServiceJourney:1-2614-3723-20260823,True,planned,False,Heis på Lillestrøm ute av drift,Heisen på Lillestrøm til spor 3 og 4 er ute av drift.,general,normal,2026-08-23T08:19:38.971673+02:00
NSR:StopPlace:62339,Lillestrøm stasjon,2026-08-23T08:35:00+02:00,2026-08-23T08:35:00+02:00,,0.0,0,Eidsvoll,VYG:Line:RE11,Eidsvoll-Oslo S-Skien,RE11,rail,VYG:ServiceJourney:806_444386-R,True,planned,False,Heis på Lillestrøm ute av drift,Heisen på Lillestrøm til spor 3 og 4 er ute av drift.,general,normal,2026-08-23T08:19:38.971673+02:00
NSR:StopPlace:62339,Lillestrøm stasjon,2026-08-23T08:40:00+02:00,2026-08-23T08:40:00+02:00,,0.0,0,Spikkestad,VYG:Line:L1,Spikkestad-Oslo S-Lillestrøm,L1,rail,VYG:ServiceJourney:2217_443610-R,True,planned,False,Heis på Lillestrøm ute av drift,Heisen på Lillestrøm til spor 3 og 4 er ute av drift.,general,normal,2026-08-23T08:19:38.971673+02:00
NSR:StopPlace:62339,Lillestrøm stasjon,2026-08-23T08:45:00+02:00,2026-08-23T08:45:00+02:00,,0.0,0,Lillehammer,VYG:Line:RE10,Drammen-Oslo S-Lillehammer,RE10,rail,VYG:ServiceJourney:309-SUD_520964-R,True,planned,False,Heis på Lillestrøm ute av drift,Heisen på Lillestrøm til spor 3 og 4 er ute av drift.,general,normal,2026-08-23T08:19:38.971673+02:00
NSR:StopPlace:62339,Lillestrøm stasjon,2026-08-23T08:46:00+02:00,2026-08-23T08:46:00+02:00,,0.0,0,Asker,VYG:Line:R14,Asker-Oslo S-Kongsvinger,R14,rail,VYG:ServiceJourney:1008_442913-R,True,planned,False,Heis på Lillestrøm ute av drift,Heisen på Lillestrøm til spor 3 og 4 er ute av drift.,general,normal,2026-08-23T08:19:38.971673+02:00
NSR:StopPlace:62339,Lillestrøm stasjon,2026-08-23T08:50:00+02:00,2026-08-23T08:50:00+02:00,,0.0,0,Oslo Lufthavn,FLT:Line:FLY1,FLY1,FLY1,rail,FLT:ServiceJourney:1-2614-3725-20260823,True,planned,False,Heis på Lillestrøm ute av drift,Heisen på Lillestrøm til spor 3 og 4 er ute av drift.,general,normal,2026-08-23T08:19:38.971673+02:00
NSR:StopPlace:62339,Lillestrøm stasjon,2026-08-23T08:55:00+02:00,2026-08-23T08:55:00+02:00,,0.0,0,Dal,VYG:Line:R13,Drammen-Oslo S-Dal,R13,rail,VYG:ServiceJourney:1615_443244-R,True,planned,False,Heis på Lillestrøm ute av drift,Heisen på Lillestrøm til spor 3 og 4 er ute av drift.,general,normal,2026-08-23T08:19:38.971673+02:00
NSR:StopPlace:62339,Lillestrøm stasjon,2026-08-23T08:56:00+02:00,2026-08-23T08:56:00+02:00,,0.0,0,Kongsberg,VYG:Line:R12,Kongsberg-Oslo S-Eidsvoll,R12,rail,VYG:ServiceJourney:509_444302-R,True,planned,False,Heis på Lillestrøm ute av drift,Heisen på Lillestrøm til spor 3 og 4 er ute av drift.,general,normal,2026-08-23T08:19:38.971673+02:00
NSR:StopPlace:62339,Lillestrøm stasjon,2026-08-23T09:05:00+02:00,2026-08-23T09:05:00+02:00,,0.0,0,Eidsvoll,VYG:Line:R12,Kongsberg-Oslo S-Eidsvoll,R12,rail,VYG:ServiceJourney:508_444301-R,True,planned,False,Heis på Lillestrøm ute av drift,Heisen på Lillestrøm til spor 3 og 4 er ute av drift.,general,normal,2026-08-23T08:19:38.971673+02:00
NSR:StopPlace:62339,Lillestrøm stasjon,2026-08-23T09:06:00+02:00,2026-08-23T09:06:00+02:00,,0.0,0,Drammen,VYG:Line:R13,Drammen-Oslo S-Dal,R13,rail,VYG:ServiceJourney:1616_443247-R,True,planned,False,Heis på Lillestrøm ute av drift,Heisen på Lillestrøm til spor 3 og 4 er ute av drift.,general,normal,2026-08-23T08:19:38.971673+02:00
NSR:StopPlace:62339,Lillestrøm stasjon,2026-08-23T09:10:00+02:00,2026-08-23T09:10:00+02:00,,0.0,0,Spikkestad,VYG:Line:L1,Spikkestad-Oslo S-Lillestrøm,L1,rail,VYG:ServiceJourney:2219_443614-R,True,planned,False,Heis på Lillestrøm ute av drift,Heisen på Lillestrøm til spor 3 og 4 er ute av drift.,general,normal,2026-08-23T08:19:38.971673+02:00
NSR:StopPlace:62339,Lillestrøm stasjon,2026-08-23T09:10:00+02:00,2026-08-23T09:10:00+02:00,,0.0,0,Oslo Lufthavn,FLT:Line:FLY1,FLY1,FLY1,rail,FLT:ServiceJourney:1-2614-3727-20260823,True,planned,False,Heis på Lillestrøm ute av drift,Heisen på Lillestrøm til spor 3 og 4 er ute av drift.,general,normal,2026-08-23T08:19:38.971673+02:00
NSR:StopPlace:62339,Lillestrøm stasjon,2026-08-23T09:15:00+02:00,2026-08-23T09:15:00+02:00,,0.0,0,Kongsvinger,VYG:Line:R14,Asker-Oslo S-Kongsvinger,R14,rail,VYG:ServiceJourney:1009_442914-R,True,planned,False,Heis på Lillestrøm ute av drift,Heisen på Lillestrøm til spor 3 og 4 er ute av drift.,general,normal,2026-08-23T08:19:38.971673+02:00
NSR:StopPlace:62339,Lillestrøm stasjon,2026-08-23T09:16:00+02:00,2026-08-23T09:16:00+02:00,,0.0,0,Drammen,VYG:Line:RE10,Drammen-Oslo S-Lillehammer,RE10,rail,VYG:ServiceJourney:308-EVL_520958-R,True,planned,False,Heis på Lillestrøm ute av drift,Heisen på Lillestrøm til spor 3 og 4 er ute av drift.,general,normal,2026-08-23T08:19:38.971673+02:00
NSR:StopPlace:62336,Knapstad stasjon,2026-08-23T07:18:00+02:00,2026-08-23T07:18:00+02:00,,0.0,0,Kråkstad,VYG:Line:R22,Skøyen-Oslo S-Mysen-Rakkestad,R22,rail,VYG:ServiceJourney:1908-RST_500824-R,True,planned,False,,,,,2026-08-23T08:19:38.971673+02:00
NSR:StopPlace:62336,Knapstad stasjon,2026-08-23T08:24:00+02:00,2026-08-23T08:24:00+02:00,,0.0,0,Oslo S,VYG:Line:R22,Skøyen-Oslo S-Mysen-Rakkestad,R22,rail,VYG:ServiceJourney:1910_443447-R,True,planned,False,,,,,2026-08-23T08:19:38.971673+02:00
NSR:StopPlace:62336,Knapstad stasjon,2026-08-23T08:32:00+02:00,2026-08-23T08:32:00+02:00,,0.0,0,Rakkestad,VYG:Line:R22,Skøyen-Oslo S-Mysen-Rakkestad,R22,rail,VYG:ServiceJourney:1907-KRAa_500822-R,True,planned,False,,,,,2026-08-23T08:19:38.971673+02:00
NSR:StopPlace:62335,Eidsberg stasjon,2026-08-23T08:52:00+02:00,2026-08-23T08:52:00+02:00,,0.0,0,Oslo S,VYG:Line:R22,Skøyen-Oslo S-Mysen-Rakkestad,R22,rail,VYG:ServiceJourney:1912_443451-R,True,planned,False,,,,,2026-08-23T08:19:38.971673+02:00
NSR:StopPlace:62335,Eidsberg stasjon,2026-08-23T09:03:00+02:00,2026-08-23T09:03:00+02:00,,0.0,0,Rakkestad,VYG:Line:R22,Skøyen-Oslo S-Mysen-Rakkestad,R22,rail,VYG:ServiceJourney:1907-KRAa_500822-R,True,planned,False,,,,,2026-08-23T08:19:38.971673+02:00
NSR:StopPlace:62357,Varingskollen stasjon,2026-08-23T07:03:00+02:00,2026-08-23T07:03:00+02:00,,0.0,0,Oslo S,VYG:Line:R31,Skøyen-Jaren-Gjøvik,R31,rail,VYG:ServiceJourney:204_443502-R,True,planned,False,,,,,2026-08-23T08:19:38.971673+02:00
NSR:StopPlace:62357,Varingskollen stasjon,2026-08-23T08:38:00+02:00,2026-08-23T08:38:00+02:00,,0.0,0,Gjøvik,VYG:Line:R31,Skøyen-Jaren-Gjøvik,R31,rail,VYG:ServiceJourney:207_443505-R,True,planned,False,,,,,2026-08-23T08:19:38.971673+02:00
NSR:StopPlace:62357,Varingskollen stasjon,2026-08-23T09:03:00+02:00,2026-08-23T09:03:00+02:00,,0.0,0,Oslo S,VYG:Line:R31,Skøyen-Jaren-Gjøvik,R31,rail,VYG:ServiceJourney:208_443506-R,True,planned,False,,,,,2026-08-23T08:19:38.971673+02:00
NSR:StopPlace:62361,Reimegrend stasjon,2026-08-23T08:51:00+02:00,2026-08-23T08:51:00+02:00,,0.0,0,Myrdal,VYG:Line:R40,Bergen-Voss-Myrdal-Ål,R40,rail,VYG:ServiceJourney:1804_496767-R,True,planned,False,,,,,2026-08-23T08:19:38.971673+02:00
NSR:StopPlace:62360,Kløve stasjon,2026-08-23T08:35:00+02:00,2026-08-23T08:35:00+02:00,,0.0,0,Myrdal,VYG:Line:R40,Bergen-Voss-Myrdal-Ål,R40,rail,VYG:ServiceJourney:1804_496767-R,True,planned,False,,,,,2026-08-23T08:19:38.971673+02:00
NSR:StopPlace:62378,Røstad stasjon,2026-08-23T08:06:00+02:00,2026-08-23T08:06:00+02:00,,0.0,0,Lundamo,SJN:Line:26,Trønderbanen,R70,rail,SJN:ServiceJourney:426_56055-R,True,planned,False,,,,,2026-08-23T08:19:38.971673+02:00
NSR:StopPlace:62377,Ronglan stasjon,2026-08-23T08:28:00+02:00,2026-08-23T08:28:00+02:00,,0.0,0,Lundamo,SJN:Line:26,Trønderbanen,R70,rail,SJN:ServiceJourney:426_56055-R,True,planned,False,,,,,2026-08-23T08:19:38.971673+02:00
NSR:StopPlace:62376,Kopperå stasjon,2026-08-23T08:33:00+02:00,2026-08-23T08:33:00+02:00,,0.0,0,Storlien,SJN:Line:72,Meråkerbanen,R71,rail,SJN:ServiceJourney:1303_53534-R,True,planned,False,,,,,2026-08-23T08:19:38.971673+02:00
NSR:StopPlace:62371,Sparbu stasjon,2026-08-23T07:42:00+02:00,2026-08-23T07:42:00+02:00,,0.0,0,Lundamo,SJN:Line:26,Trønderbanen,R70,rail,SJN:ServiceJourney:426_56055-R,True,planned,False,,,,,2026-08-23T08:19:38.971673+02:00
NSR:StopPlace:62393,Billingstad stasjon,2026-08-23T08:43:00+02:00,2026-08-23T08:43:00+02:00,,0.0,0,Lillestrøm,VYG:Line:L1,Spikkestad-Oslo S-Lillestrøm,L1,rail,VYG:ServiceJourney:2218_443612-R,True,planned,False,,,,,2026-08-23T08:19:38.971673+02:00
NSR:StopPlace:62393,Billingstad stasjon,2026-08-23T09:06:00+02:00,2026-08-23T09:06:00+02:00,,0.0,0,Spikkestad,VYG:Line:L1,Spikkestad-Oslo S-Lillestrøm,L1,rail,VYG:ServiceJourney:2215_443608-R,True,planned,False,,,,,2026-08-23T08:19:38.971673+02:00
NSR:StopPlace:62393,Billingstad stasjon,2026-08-23T09:13:00+02:00,2026-08-23T09:13:00+02:00,,0.0,0,Lillestrøm,VYG:Line:L1,Spikkestad-Oslo S-Lillestrøm,L1,rail,VYG:ServiceJourney:2220_443616-R,True,planned,False,,,,,2026-08-23T08:19:38.971673+02:00
NSR:StopPlace:62392,Slependen stasjon,2026-08-23T08:45:00+02:00,2026-08-23T08:45:00+02:00,,0.0,0,Lillestrøm,VYG:Line:L1,Spikkestad-Oslo S-Lillestrøm,L1,rail,VYG:ServiceJourney:2218_443612-R,True,planned,False,,,,,2026-08-23T08:19:38.971673+02:00
NSR:StopPlace:62392,Slependen stasjon,2026-08-23T09:03:00+02:00,2026-08-23T09:03:00+02:00,,0.0,0,Spikkestad,VYG:Line:L1,Spikkestad-Oslo S-Lillestrøm,L1,rail,VYG:ServiceJourney:2215_443608-R,True,planned,False,,,,,2026-08-23T08:19:38.971673+02:00
NSR:StopPlace:62392,Slependen stasjon,2026-08-23T09:15:00+02:00,2026-08-23T09:15:00+02:00,,0.0,0,Lillestrøm,VYG:Line:L1,Spikkestad-Oslo S-Lillestrøm,L1,rail,VYG:ServiceJourney:2220_443616-R,True,planned,False,,,,,2026-08-23T08:19:38.971673+02:00
NSR:StopPlace:62295,Stanghelle stasjon,2026-08-23T09:03:00+02:00,2026-08-23T09:03:00+02:00,,0.0,0,Finse,VYG:Line:R40,Bergen-Voss-Myrdal-Ål,R40,rail,VYG:ServiceJourney:1848_465767-R,True,planned,False,,,,,2026-08-23T08:19:38.971673+02:00
NSR:StopPlace:61169,Marienborg stasjon,2026-08-23T06:49:00+02:00,2026-08-23T06:49:00+02:00,,0.0,0,Havstad,ATB:Line:2_13,Østmarka - Strindheim - Lerkendal - Havstad,13,bus,ATB:ServiceJourney:13_260202140052656_7002,True,planned,False,,,,,2026-08-23T06:25:28.795214+02:00
NSR:StopPlace:61169,Marienborg stasjon,2026-08-23T07:11:00+02:00,2026-08-23T07:11:00+02:00,,0.0,0,Østmarka via Lerkendal-Strindh.,ATB:Line:2_13,Østmarka - Strindheim - Lerkendal - Havstad,13,bus,ATB:ServiceJourney:13_251215112552899_7003,True,planned,False,,,,,2026-08-23T06:25:28.795214+02:00
NSR:StopPlace:61466,Vakås stasjon,2026-08-23T06:38:00+02:00,2026-08-23T06:38:00+02:00,,0.0,0,Lillestrøm,VYG:Line:L1,Spikkestad-Oslo S-Lillestrøm,L1,rail,VYG:ServiceJourney:2210_443600-R,True,planned,False,,,,,2026-08-23T06:25:28.795214+02:00
NSR:StopPlace:61464,Hvalstad stasjon,2026-08-23T06:40:00+02:00,2026-08-23T06:40:00+02:00,,0.0,0,Lillestrøm,VYG:Line:L1,Spikkestad-Oslo S-Lillestrøm,L1,rail,VYG:ServiceJourney:2210_443600-R,True,planned,False,,,,,2026-08-23T06:25:28.795214+02:00
NSR:StopPlace:61413,Heia stasjon,2026-08-23T06:43:00+02:00,2026-08-23T06:43:00+02:00,,0.0,0,Kråkstad,VYG:Line:R22,Skøyen-Oslo S-Mysen-Rakkestad,R22,rail,VYG:ServiceJourney:1908-RST_500824-R,True,planned,False,,,,,2026-08-23T06:25:28.795214+02:00
NSR:StopPlace:61897,Bryn stasjon,2026-08-23T07:05:00+02:00,2026-08-23T07:05:00+02:00,,0.0,0,Spikkestad,VYG:Line:L1,Spikkestad-Oslo S-Lillestrøm,L1,rail,VYG:ServiceJourney:2209_443598-R,True,planned,False,,,,,2026-08-23T06:25:28.795214+02:00
NSR:StopPlace:61897,Bryn stasjon,2026-08-23T07:15:00+02:00,2026-08-23T07:15:00+02:00,,0.0,0,Lillestrøm,VYG:Line:L1,Spikkestad-Oslo S-Lillestrøm,L1,rail,VYG:ServiceJourney:2210_443600-R,True,planned,False,,,,,2026-08-23T06:25:28.795214+02:00
NSR:StopPlace:59872,Oslo S,2026-08-23T06:40:00+02:00,2026-08-23T06:40:00+02:00,,0.0,0,Oslo Lufthavn,FLT:Line:FLY1,FLY1,FLY1,rail,FLT:ServiceJourney:1-2614-3713-20260823,True,planned,False,,,,,2026-08-23T06:25:28.795214+02:00
NSR:StopPlace:59872,Oslo S,2026-08-23T06:54:00+02:00,2026-08-23T06:54:00+02:00,,0.0,0,Eidsvoll,VYG:Line:R12,Kongsberg-Oslo S-Eidsvoll,R12,rail,VYG:ServiceJourney:504_444295-R,True,planned,False,,,,,2026-08-23T06:25:28.795214+02:00
NSR:StopPlace:59872,Oslo S,2026-08-23T07:00:00+02:00,2026-08-23T07:00:00+02:00,,0.0,0,Oslo Lufthavn,FLT:Line:FLY1,FLY1,FLY1,rail,FLT:ServiceJourney:1-2614-3715-20260823,True,planned,False,,,,,2026-08-23T06:25:28.795214+02:00
NSR:StopPlace:59872,Oslo S,2026-08-23T07:11:00+02:00,2026-08-23T07:11:00+02:00,,0.0,0,Lillestrøm,VYG:Line:L1,Spikkestad-Oslo S-Lillestrøm,L1,rail,VYG:ServiceJourney:2210_443600-R,True,planned,False,,,,,2026-08-23T06:25:28.795214+02:00
NSR:StopPlace:59872,Oslo S,2026-08-23T07:11:00+02:00,2026-08-23T07:11:00+02:00,,0.0,0,Spikkestad,VYG:Line:L1,Spikkestad-Oslo S-Lillestrøm,L1,rail,VYG:ServiceJourney:2209_443598-R,True,planned,False,,,,,2026-08-23T06:25:28.795214+02:00
NSR:StopPlace:59872,Oslo S,2026-08-23T07:20:00+02:00,2026-08-23T07:20:00+02:00,,0.0,0,Oslo Lufthavn,FLT:Line:FLY1,FLY1,FLY1,rail,FLT:ServiceJourney:1-2614-3717-20260823,True,planned,False,,,,,2026-08-23T06:25:28.795214+02:00
NSR:StopPlace:59646,Høvik stasjon,2026-08-23T06:53:00+02:00,2026-08-23T06:53:00+02:00,,0.0,0,Lillestrøm,VYG:Line:L1,Spikkestad-Oslo S-Lillestrøm,L1,rail,VYG:ServiceJourney:2210_443600-R,True,planned,False,,,,,2026-08-23T06:25:28.795214+02:00
NSR:StopPlace:59647,Dal stasjon,2026-08-23T06:41:00+02:00,2026-08-23T06:41:00+02:00,,0.0,0,Jessheim,RUT:Line:430,Eidsvoll - Jessheim,430,bus,RUT:ServiceJourney:affd4a8816554aad856f3549fe655601,True,planned,False,,,,,2026-08-23T06:25:28.795214+02:00
NSR:StopPlace:59648,Kjelsås stasjon,2026-08-23T06:27:00+02:00,2026-08-23T06:27:00+02:00,,0.0,0,Oslo S,VYG:Line:R31,Skøyen-Jaren-Gjøvik,R31,rail,VYG:ServiceJourney:202-JAH_488310-R,True,planned,False,,,,,2026-08-23T06:25:28.795214+02:00
NSR:StopPlace:59648,Kjelsås stasjon,2026-08-23T06:40:00+02:00,2026-08-23T06:40:00+02:00,,0.0,0,Kværnerbyen,RUT:Line:54,Kværnerbyen - Kjelsås stasjon,54,bus,RUT:ServiceJourney:ad9c94caa2a5ce736658e1a09e578880,True,planned,False,,,,,2026-08-23T06:25:28.795214+02:00
NSR:StopPlace:59635,Hauketo stasjon,2026-08-23T06:28:00+02:00,2026-08-23T06:28:00+02:00,,0.0,0,Filipstad,RUT:Line:81,Fornebu - Myrvoll stasjon,81,bus,RUT:ServiceJourney:0e01edfd4e1ce3a2bd86b49c2b333070,True,planned,False,,,,,2026-08-23T06:25:28.795214+02:00
NSR:StopPlace:59635,Hauketo stasjon,2026-08-23T06:33:00+02:00,2026-08-23T06:33:00+02:00,,0.0,0,Brenna,RUT:Line:73,Holmlia stasjon - Brenna,73,bus,RUT:ServiceJourney:189287f35b43ab998448f9dd73211b9f,True,planned,False,,,,,2026-08-23T06:25:28.795214+02:00
NSR:StopPlace:59635,Hauketo stasjon,2026-08-23T06:35:00+02:00,2026-08-23T06:35:00+02:00,,0.0,0,Bjørndal,RUT:Line:77,Holmlia stasjon - Bjørndal,77,bus,RUT:ServiceJourney:ee4d0ca2024b57bba490b385c196b97f,True,planned,False,,,,,2026-08-23T06:25:28.795214+02:00
NSR:StopPlace:59635,Hauketo stasjon,2026-08-23T06:54:00+02:00,2026-08-23T06:54:00+02:00,,0.0,0,Holmlia stasjon,RUT:Line:73,Holmlia stasjon - Brenna,73,bus,RUT:ServiceJourney:16558838ccc7ccd18e24c150af3dee79,True,planned,False,,,,,2026-08-23T06:25:28.795214+02:00
NSR:StopPlace:59635,Hauketo stasjon,2026-08-23T06:57:00+02:00,2026-08-23T06:57:00+02:00,,0.0,0,Åsbråten,RUT:Line:79,Grorud T - Åsbråten,79,bus,RUT:ServiceJourney:cbfaab0c61ea0d7676e86305a22f35a6,True,planned,False,,,,,2026-08-23T06:25:28.795214+02:00
NSR:StopPlace:59635,Hauketo stasjon,2026-08-23T06:58:00+02:00,2026-08-23T06:58:00+02:00,,0.0,0,Filipstad,RUT:Line:81,Fornebu - Myrvoll stasjon,81,bus,RUT:ServiceJourney:f74b65c1c14bc01a36d3f05c736db46a,True,planned,False,,,,,2026-08-23T06:25:28.795214+02:00
NSR:StopPlace:59635,Hauketo stasjon,2026-08-23T07:03:00+02:00,2026-08-23T07:03:00+02:00,,0.0,0,Myrvoll stasjon,RUT:Line:81,Fornebu - Myrvoll stasjon,81,bus,RUT:ServiceJourney:338969c5be4804fb6b1271e1e5e7f752,True,planned,False,,,,,2026-08-23T06:25:28.795214+02:00
NSR:StopPlace:59636,Holmlia stasjon,2026-08-23T06:27:00+02:00,2026-08-23T06:27:00+02:00,,0.0,0,Bjørndal,RUT:Line:77,Holmlia stasjon - Bjørndal,77,bus,RUT:ServiceJourney:ee4d0ca2024b57bba490b385c196b97f,True,planned,False,,,,,2026-08-23T06:25:28.795214+02:00
NSR:StopPlace:59636,Holmlia stasjon,2026-08-23T06:29:00+02:00,2026-08-23T06:29:00+02:00,,0.0,0,Brenna,RUT:Line:73,Holmlia stasjon - Brenna,73,bus,RUT:ServiceJourney:189287f35b43ab998448f9dd73211b9f,True,planned,False,,,,,2026-08-23T06:25:28.795214+02:00
NSR:StopPlace:59636,Holmlia stasjon,2026-08-23T06:36:00+02:00,2026-08-23T06:36:00+02:00,,0.0,0,Krummedike,RUT:Line:2077,Holmlia stasjon - Asperudåsen,77B,bus,RUT:ServiceJourney:66c7b099129794c2cd8d8260753c7b37,True,planned,False,,,,,2026-08-23T06:25:28.795214+02:00
NSR:StopPlace:59636,Holmlia stasjon,2026-08-23T06:42:00+02:00,2026-08-23T06:42:00+02:00,,0.0,0,Krummedike,RUT:Line:2077,Holmlia stasjon - Asperudåsen,77B,bus,RUT:ServiceJourney:66c7b099129794c2cd8d8260753c7b37,True,planned,False,,,,,2026-08-23T06:25:28.795214+02:00
NSR:StopPlace:59636,Holmlia stasjon,2026-08-23T07:04:00+02:00,2026-08-23T07:04:00+02:00,,0.0,0,Åsbråten,RUT:Line:79,Grorud T - Åsbråten,79,bus,RUT:ServiceJourney:cbfaab0c61ea0d7676e86305a22f35a6,True,planned,False,,,,,2026-08-23T06:25:28.795214+02:00
NSR:StopPlace:59638,Myrvoll stasjon,2026-08-23T06:35:00+02:00,2026-08-23T06:35:00+02:00,,0.0,0,Filipstad,RUT:Line:81,Fornebu - Myrvoll stasjon,81,bus,RUT:ServiceJourney:f74b65c1c14bc01a36d3f05c736db46a,True,planned,False,,,,,2026-08-23T06:25:28.795214+02:00
NSR:StopPlace:59638,Myrvoll stasjon,2026-08-23T07:07:00+02:00,2026-08-23T07:07:00+02:00,,0.0,0,Kolbotn torg,RUT:Line:580,Kolbotn - Ski,580,bus,RUT:ServiceJourney:f109c299105e4b095c4a206017df654d,True,planned,False,,,,,2026-08-23T06:25:28.795214+02:00
NSR:StopPlace:59639,Sonsveien stasjon,2026-08-23T06:34:00+02:00,2026-08-23T06:34:00+02:00,,0.0,0,Stabekk,VYG:Line:R21,Stabekk-Oslo S-Moss,R21,rail,VYG:ServiceJourney:1110-MOS_498445-R,True,planned,False,,,,,2026-08-23T06:25:28.795214+02:00
NSR:StopPlace:59639,Sonsveien stasjon,2026-08-23T07:04:00+02:00,2026-08-23T07:04:00+02:00,,0.0,0,Stabekk,VYG:Line:R21,Stabekk-Oslo S-Moss,R21,rail,VYG:ServiceJourney:1112-MOS_498449-R,True,planned,False,,,,,2026-08-23T06:25:28.795214+02:00
NSR:StopPlace:58404,Nationaltheatret,2026-08-23T06:27:00+02:00,2026-08-23T06:27:00+02:00,,0.0,0,Ringen via Majorstuen,RUT:Line:5,Sognsvann - Vestli,5,metro,RUT:ServiceJourney:8b1f5b22672363c4e62cc3611d47dbe9,True,planned,False,Buss for T-bane Nydalen–Sognsvann,Erstatningsbuss kjører mellom Nydalen og Sognsvann. Avgangene vises i reiseplanleggeren. Overgang til T-bane på Nydalen. ,incident,normal,2026-08-23T06:25:28.795214+02:00
NSR:StopPlace:58404,Nationaltheatret,2026-08-23T06:33:00+02:00,2026-08-23T06:33:00+02:00,,0.0,0,Ringen via Tøyen,RUT:Line:5,Sognsvann - Vestli,5,metro,RUT:ServiceJourney:13a26317148abeaf4b6bfcee4b2cf899,True,planned,False,Buss for T-bane Nydalen–Sognsvann,Erstatningsbuss kjører mellom Nydalen og Sognsvann. Avgangene vises i reiseplanleggeren. Overgang til T-bane på Nydalen. ,incident,normal,2026-08-23T06:25:28.795214+02:00
NSR:StopPlace:58404,Nationaltheatret,2026-08-23T06:33:00+02:00,2026-08-23T06:33:00+02:00,,0.0,0,Oslo Lufthavn,FLT:Line:FLY1,FLY1,FLY1,rail,FLT:ServiceJourney:1-2614-3713-20260823,True,planned,False,,,,,2026-08-23T06:25:28.795214+02:00
NSR:StopPlace:58404,Nationaltheatret,2026-08-23T06:34:00+02:00,2026-08-23T06:34:00+02:00,,0.0,0,Helsfyr,RUT:Line:37,Nydalen T - Helsfyr,37,bus,RUT:ServiceJourney:957d264387b8a11a4c7dce4c4ade2024,True,planned,False,,,,,2026-08-23T06:25:28.795214+02:00
NSR:StopPlace:58404,Nationaltheatret,2026-08-23T06:36:00+02:00,2026-08-23T06:36:00+02:00,,0.0,0,Myrvoll stasjon,RUT:Line:81,Fornebu - Myrvoll stasjon,81,bus,RUT:ServiceJourney:338969c5be4804fb6b1271e1e5e7f752,True,planned,False,,,,,2026-08-23T06:25:28.795214+02:00
NSR:StopPlace:58404,Nationaltheatret,2026-08-23T06:38:00+02:00,2026-08-23T06:38:00+02:00,,0.0,0,Ljabru,RUT:Line:13,Bekkestua - Ljabru,13,tram,RUT:ServiceJourney:494633dcf3db7055e7535fe4ad865ff1,True,planned,False,,,,,2026-08-23T06:25:28.795214+02:00
NSR:StopPlace:58963,Jessheim stasjon,2026-08-23T06:58:00+02:00,2026-08-23T06:58:00+02:00,,0.0,0,Nordkisa,RUT:Line:440,Fenstad/Nordkisa - Oslo lufthavn,440,bus,RUT:ServiceJourney:ff889dd2bba4d040ec99ff62b43a1169,True,planned,False,,,,,2026-08-23T06:25:28.795214+02:00
NSR:StopPlace:58838,Røyken stasjon,2026-08-23T06:19:00+02:00,2026-08-23T06:19:00+02:00,,0.0,0,Lillestrøm,VYG:Line:L1,Spikkestad-Oslo S-Lillestrøm,L1,rail,VYG:ServiceJourney:2210_443600-R,True,planned,False,,,,,2026-08-23T06:25:28.795214+02:00
NSR:StopPlace:58843,Blommenholm stasjon,2026-08-23T06:50:00+02:00,2026-08-23T06:50:00+02:00,,0.0,0,Lillestrøm,VYG:Line:L1,Spikkestad-Oslo S-Lillestrøm,L1,rail,VYG:ServiceJourney:2210_443600-R,True,planned,False,,,,,2026-08-23T06:25:28.795214+02:00
NSR:StopPlace:58845,Eidsvoll verk stasjon,2026-08-23T06:31:00+02:00,2026-08-23T06:31:00+02:00,,0.0,0,Jessheim,RUT:Line:430,Eidsvoll - Jessheim,430,bus,RUT:ServiceJourney:affd4a8816554aad856f3549fe655601,True,planned,False,,,,,2026-08-23T06:25:28.795214+02:00
NSR:StopPlace:58845,Eidsvoll verk stasjon,2026-08-23T07:00:00+02:00,2026-08-23T07:00:00+02:00,,0.0,0,Eidsvoll st.,RUT:Line:430,Eidsvoll - Jessheim,430,bus,RUT:ServiceJourney:83b62c9b42beadeb33140d9c93da093d,True,planned,False,,,,,2026-08-23T06:25:28.795214+02:00
NSR:StopPlace:58845,Eidsvoll verk stasjon,2026-08-23T07:25:00+02:00,2026-08-23T07:25:00+02:00,,0.0,0,Eidsvoll,VYG:Line:R12,Kongsberg-Oslo S-Eidsvoll,R12,rail,VYG:ServiceJourney:504_444295-R,True,planned,False,,,,,2026-08-23T06:25:28.795214+02:00
NSR:StopPlace:58849,Hakadal stasjon,2026-08-23T07:01:00+02:00,2026-08-23T07:01:00+02:00,,0.0,0,Oslo S,VYG:Line:R31,Skøyen-Jaren-Gjøvik,R31,rail,VYG:ServiceJourney:204_443502-R,True,planned,False,,,,,2026-08-23T06:25:28.795214+02:00
NSR:StopPlace:58852,Høn stasjon,2026-08-23T06:36:00+02:00,2026-08-23T06:36:00+02:00,,0.0,0,Lillestrøm,VYG:Line:L1,Spikkestad-Oslo S-Lillestrøm,L1,rail,VYG:ServiceJourney:2210_443600-R,True,planned,False,,,,,2026-08-23T06:25:28.795214+02:00
NSR:StopPlace:58853,Kolbotn stasjon,2026-08-23T06:49:00+02:00,2026-08-23T06:49:00+02:00,,0.0,0,Bjørvika,RUT:Line:83,Jernbanetorget - Tårnåsen,83,bus,RUT:ServiceJourney:4cfa6a9f2fc12ac74b6b5fd34482f11a,True,planned,False,Linje 80E og 83 får Hausmanns bru som ny endeholdeplass fra 29. juni,"Bussene stopper ikke på Jernbanetorget etter 29. juni, men starter og stopper på Hausmanns bru i Nylandsveien.",incident,normal,2026-08-23T06:25:28.795214+02:00
NSR:StopPlace:58853,Kolbotn stasjon,2026-08-23T07:07:00+02:00,2026-08-23T07:07:00+02:00,,0.0,0,Tårnåsen,RUT:Line:83,Jernbanetorget - Tårnåsen,83,bus,RUT:ServiceJourney:0ca7836e8e05bd20e80a26e281390eb6,True,planned,False,Linje 80E og 83 får Hausmanns bru som ny endeholdeplass fra 29. juni,"Bussene stopper ikke på Jernbanetorget etter 29. juni, men starter og stopper på Hausmanns bru i Nylandsveien.",incident,normal,2026-08-23T06:25:28.795214+02:00
NSR:StopPlace:58853,Kolbotn stasjon,2026-08-23T07:19:00+02:00,2026-08-23T07:19:00+02:00,,0.0,0,Kolbotn torg,RUT:Line:580,Kolbotn - Ski,580,bus,RUT:ServiceJourney:f109c299105e4b095c4a206017df654d,True,planned,False,,,,,2026-08-23T06:25:28.795214+02:00
NSR:StopPlace:58802,Spydeberg stasjon,2026-08-23T07:15:00+02:00,2026-08-23T07:15:00+02:00,,0.0,0,Kråkstad,VYG:Line:R22,Skøyen-Oslo S-Mysen-Rakkestad,R22,rail,VYG:ServiceJourney:1908-RST_500824-R,True,planned,False,,,,,2026-08-23T06:25:28.795214+02:00
NSR:StopPlace:58803,Tomter stasjon,2026-08-23T07:25:00+02:00,2026-08-23T07:25:00+02:00,,0.0,0,Kråkstad,VYG:Line:R22,Skøyen-Oslo S-Mysen-Rakkestad,R22,rail,VYG:ServiceJourney:1908-RST_500824-R,True,planned,False,,,,,2026-08-23T06:25:28.795214+02:00
NSR:StopPlace:58805,Brumunddal stasjon,2026-08-23T05:33:00+02:00,2026-08-23T05:33:00+02:00,,0.0,0,Eidsvoll,VYG:Line:RE10,Drammen-Oslo S-Lillehammer,RE10,rail,VYG:ServiceJourney:BUS-304_588872-R,True,planned,False,,,,,2026-08-23T06:25:28.795214+02:00
NSR:StopPlace:58805,Brumunddal stasjon,2026-08-23T06:40:00+02:00,2026-08-23T06:40:00+02:00,,0.0,0,Eidsvoll,VYG:Line:RE10,Drammen-Oslo S-Lillehammer,RE10,rail,VYG:ServiceJourney:BUS-306_588877-R,True,planned,False,,,,,2026-08-23T06:25:28.795214+02:00
NSR:StopPlace:58815,Bleiken stasjon,2026-08-23T06:11:00+02:00,2026-08-23T06:11:00+02:00,,0.0,0,Oslo S,VYG:Line:R31,Skøyen-Jaren-Gjøvik,R31,rail,VYG:ServiceJourney:204_443502-R,True,planned,False,,,,,2026-08-23T06:25:28.795214+02:00
NSR:StopPlace:58819,Grua stasjon,2026-08-23T06:41:00+02:00,2026-08-23T06:41:00+02:00,,0.0,0,Oslo S,VYG:Line:R31,Skøyen-Jaren-Gjøvik,R31,rail,VYG:ServiceJourney:204_443502-R,True,planned,False,,,,,2026-08-23T06:25:28.795214+02:00
NSR:StopPlace:58820,Harestua stasjon,2026-08-23T06:47:00+02:00,2026-08-23T06:47:00+02:00,,0.0,0,Oslo S,VYG:Line:R31,Skøyen-Jaren-Gjøvik,R31,rail,VYG:ServiceJourney:204_443502-R,True,planned,False,,,,,2026-08-23T06:25:28.795214+02:00
NSR:StopPlace:114,Seimsgrend stasjon,2026-08-23T06:02:00+02:00,2026-08-23T06:02:00+02:00,,0.0,0,Bergen,VYG:Line:R40,Bergen-Voss-Myrdal-Ål,R40,rail,VYG:ServiceJourney:1807_481187-R,True,planned,False,,,,,2026-08-23T06:25:28.795214+02:00
NSR:StopPlace:584,Bulken stasjon,2026-08-23T05:58:00+02:00,2026-08-23T05:58:00+02:00,,0.0,0,Bergen,VYG:Line:R40,Bergen-Voss-Myrdal-Ål,R40,rail,VYG:ServiceJourney:1807_481187-R,True,planned,False,,,,,2026-08-23T06:25:28.795214+02:00
NSR:StopPlace:666,Snippen stasjon,2026-08-23T07:17:00+02:00,2026-08-23T07:17:00+02:00,,0.0,0,Oslo S,VYG:Line:R31,Skøyen-Jaren-Gjøvik,R31,rail,VYG:ServiceJourney:204_443502-R,True,planned,False,,,,,2026-08-23T06:25:28.795214+02:00
NSR:StopPlace:62339,Lillestrøm stasjon,2026-08-23T06:30:00+02:00,2026-08-23T06:30:00+02:00,,0.0,0,Oslo Lufthavn,FLT:Line:FLY1,FLY1,FLY1,rail,FLT:ServiceJourney:1-2614-3711-20260823,True,planned,False,Heis på Lillestrøm ute av drift,Heisen på Lillestrøm til spor 3 og 4 er ute av drift.,general,normal,2026-08-23T06:25:28.795214+02:00
NSR:StopPlace:62339,Lillestrøm stasjon,2026-08-23T06:50:00+02:00,2026-08-23T06:50:00+02:00,,0.0,0,Oslo Lufthavn,FLT:Line:FLY1,FLY1,FLY1,rail,FLT:ServiceJourney:1-2614-3713-20260823,True,planned,False,Heis på Lillestrøm ute av drift,Heisen på Lillestrøm til spor 3 og 4 er ute av drift.,general,normal,2026-08-23T06:25:28.795214+02:00
NSR:StopPlace:59872,Oslo S,2026-08-23T05:20:00+02:00,2026-08-23T05:20:00+02:00,,0.0,0,Oslo Lufthavn,FLT:Line:FLY1,FLY1,FLY1,rail,FLT:ServiceJourney:1-2614-3705-20260823,True,planned,False,,,,,2026-08-23T04:52:42.669123+02:00
NSR:StopPlace:59872,Oslo S,2026-08-23T05:40:00+02:00,2026-08-23T05:40:00+02:00,,0.0,0,Oslo Lufthavn,FLT:Line:FLY1,FLY1,FLY1,rail,FLT:ServiceJourney:1-2614-3707-20260823,True,planned,False,,,,,2026-08-23T04:52:42.669123+02:00
NSR:StopPlace:59648,Kjelsås stasjon,2026-08-23T05:03:00+02:00,2026-08-23T05:03:00+02:00,,0.0,0,Majorstuen,RUT:Line:3912,Majorstuen - Kjelsås,12N,bus,RUT:ServiceJourney:c59417bd854438c1958aec8d284c4283,True,planned,False,,,,,2026-08-23T04:52:42.669123+02:00
NSR:StopPlace:59651,Skøyen stasjon,2026-08-23T05:09:00+02:00,2026-08-23T05:09:00+02:00,,0.0,0,Oslo Lufthavn,FLT:Line:FLY1,FLY1,FLY1,rail,FLT:ServiceJourney:1-2614-3705-20260823,True,planned,False,,,,,2026-08-23T04:52:42.669123+02:00
NSR:StopPlace:59983,Bergen stasjon,2026-08-23T05:42:00+02:00,2026-08-23T05:42:00+02:00,,0.0,0,Arna,VYG:Line:L4,Bergen-Arna,L4,rail,VYG:ServiceJourney:2502_443759-R,True,planned,False,,,,,2026-08-23T04:52:42.669123+02:00
NSR:StopPlace:59616,Asker stasjon,2026-08-23T04:54:00+02:00,2026-08-23T04:54:00+02:00,,0.0,0,Oslo Lufthavn,FLT:Line:FLY1,FLY1,FLY1,rail,FLT:ServiceJourney:1-2614-3705-20260823,True,planned,False,,,,,2026-08-23T04:52:42.669123+02:00
NSR:StopPlace:58963,Jessheim stasjon,2026-08-23T05:01:00+02:00,2026-08-23T05:01:00+02:00,,0.0,0,Oslo lufthavn,RUT:Line:440,Fenstad/Nordkisa - Oslo lufthavn,440,bus,RUT:ServiceJourney:1c655db30bad25653c5fd01299180b40,True,planned,False,,,,,2026-08-23T04:52:42.669123+02:00
NSR:StopPlace:58964,Kløfta stasjon,2026-08-23T05:18:00+02:00,2026-08-23T05:18:00+02:00,,0.0,0,Oslo lufthavn,RUT:Line:425,Kløfta – Oslo lufthavn,425,bus,RUT:ServiceJourney:f58df999d33133f7bd7c27f61f8bb0c1,True,planned,False,,,,,2026-08-23T04:52:42.669123+02:00
NSR:StopPlace:58847,Frogner stasjon,2026-08-23T05:08:00+02:00,2026-08-23T05:08:00+02:00,,0.0,0,Oslo lufthavn,RUT:Line:425,Kløfta – Oslo lufthavn,425,bus,RUT:ServiceJourney:f58df999d33133f7bd7c27f61f8bb0c1,True,planned,False,,,,,2026-08-23T04:52:42.669123+02:00
NSR:StopPlace:58211,Oslo lufthavn,2026-08-23T04:54:00+02:00,2026-08-23T04:54:00+02:00,,0.0,0,Kopperud,RUT:Line:420,Maura -  Jessheim,420,bus,RUT:ServiceJourney:5c0314f15b8b4fcb63a5b8f137b8c48d,True,planned,False,,,,,2026-08-23T04:52:42.669123+02:00
NSR:StopPlace:58211,Oslo lufthavn,2026-08-23T05:15:00+02:00,2026-08-23T05:15:00+02:00,,0.0,0,Majorstuen via Torshov-Sagene,NBU:Line:a7cafc59-feaf-4e61-9fa1-b7dce4ffe970,Majorstuen via Torshov-Sagene,FB1,bus,NBU:ServiceJourney:67acc2a7-96e5-4d47-874b-39a92a77bc9c,True,planned,False,,,,,2026-08-23T04:52:42.669123+02:00
NSR:StopPlace:610,Sandvika stasjon,2026-08-23T05:00:00+02:00,2026-08-23T05:00:00+02:00,,0.0,0,Oslo Lufthavn,FLT:Line:FLY1,FLY1,FLY1,rail,FLT:ServiceJourney:1-2614-3705-20260823,True,planned,False,,,,,2026-08-23T04:52:42.669123+02:00
NSR:StopPlace:62339,Lillestrøm stasjon,2026-08-23T05:30:00+02:00,2026-08-23T05:30:00+02:00,,0.0,0,Oslo Lufthavn,FLT:Line:FLY1,FLY1,FLY1,rail,FLT:ServiceJourney:1-2614-3705-20260823,True,planned,False,Heis på Lillestrøm ute av drift,Heisen på Lillestrøm til spor 3 og 4 er ute av drift.,general,normal,2026-08-23T04:52:42.669123+02:00
NSR:StopPlace:59646,Høvik stasjon,2026-08-23T03:03:00+02:00,2026-08-23T03:03:00+02:00,,0.0,0,Sætre,RUT:Line:3250,Nationaltheatretl - Sandvika- Slemmestad- Sætre,250N,bus,RUT:ServiceJourney:1ab0b310a24806df2a1c83fd27345e45,True,planned,False,,,,,2026-08-23T02:32:00.800137+02:00
NSR:StopPlace:59648,Kjelsås stasjon,2026-08-23T02:33:00+02:00,2026-08-23T02:33:00+02:00,,0.0,0,Majorstuen,RUT:Line:3912,Majorstuen - Kjelsås,12N,bus,RUT:ServiceJourney:00ecea2eb5bacddec5ea0fcf269c75f9,True,planned,False,,,,,2026-08-23T02:32:00.800137+02:00
NSR:StopPlace:59648,Kjelsås stasjon,2026-08-23T02:40:00+02:00,2026-08-23T02:40:00+02:00,,0.0,0,Kværnerbyen,RUT:Line:54,Kværnerbyen - Kjelsås stasjon,54,bus,RUT:ServiceJourney:f02abc4d20872958c0ccc708961cdb02,True,planned,False,,,,,2026-08-23T02:32:00.800137+02:00
NSR:StopPlace:59649,Nydalen stasjon,2026-08-23T03:03:00+02:00,2026-08-23T03:03:00+02:00,,0.0,0,Oslo lufthavn,NBU:Line:cb7b555c-f96e-42d5-84bf-a5e08c0145c2,Radiumhospitalet via Økern-Storo-Tåsen,FB3,bus,NBU:ServiceJourney:1acabfe4-a7c3-4f3a-8e1d-d522228235e9,True,planned,False,,,,,2026-08-23T02:32:00.800137+02:00
NSR:StopPlace:59643,Grefsen stasjon,2026-08-23T03:08:00+02:00,2026-08-23T03:08:00+02:00,,0.0,0,Oslo lufthavn,NBU:Line:cb7b555c-f96e-42d5-84bf-a5e08c0145c2,Radiumhospitalet via Økern-Storo-Tåsen,FB3,bus,NBU:ServiceJourney:1acabfe4-a7c3-4f3a-8e1d-d522228235e9,True,planned,False,,,,,2026-08-23T02:32:00.800137+02:00
NSR:StopPlace:59650,Nyland stasjon,2026-08-23T02:53:00+02:00,2026-08-23T02:53:00+02:00,,0.0,0,Jernbanetorget,RUT:Line:3905,Jernbanetorget - Vestli T,5N,bus,RUT:ServiceJourney:9234bdc8b2bf9157949332f07ee2afec,True,planned,False,,,,,2026-08-23T02:32:00.800137+02:00
NSR:StopPlace:59650,Nyland stasjon,2026-08-23T03:22:00+02:00,2026-08-23T03:22:00+02:00,,0.0,0,Oslo lufthavn,NBU:Line:cb7b555c-f96e-42d5-84bf-a5e08c0145c2,Radiumhospitalet via Økern-Storo-Tåsen,FB3,bus,NBU:ServiceJourney:1acabfe4-a7c3-4f3a-8e1d-d522228235e9,True,planned,False,,,,,2026-08-23T02:32:00.800137+02:00
NSR:StopPlace:59654,Stabekk stasjon,2026-08-23T02:52:00+02:00,2026-08-23T02:52:00+02:00,,0.0,0,Nationaltheatret,RUT:Line:150,Gullhaug - Nationaltheatret,150,bus,RUT:ServiceJourney:95145bdcb13fa9816923c06c1e88d2c6,True,planned,False,,,,,2026-08-23T02:32:00.800137+02:00
NSR:StopPlace:59654,Stabekk stasjon,2026-08-23T03:09:00+02:00,2026-08-23T03:09:00+02:00,,0.0,0,Gullhaug,RUT:Line:150,Gullhaug - Nationaltheatret,150,bus,RUT:ServiceJourney:fc403965e5bc1b2fa74ae461833f747e,True,planned,False,Holdeplass Stabekk stasjon i retning mot Bekkestua er flyttet ca. 50 meter bakover.,Dette skyldes anleggsarbeid i området.,incident,normal,2026-08-23T02:32:00.800137+02:00
NSR:StopPlace:59654,Stabekk stasjon,2026-08-23T03:22:00+02:00,2026-08-23T03:22:00+02:00,,0.0,0,Nationaltheatret,RUT:Line:150,Gullhaug - Nationaltheatret,150,bus,RUT:ServiceJourney:f554e00980dc78e91ba8711899c307fe,True,planned,False,,,,,2026-08-23T02:32:00.800137+02:00
NSR:StopPlace:60944,Ski stasjon,2026-08-23T02:42:00+02:00,2026-08-23T02:42:00+02:00,,0.0,0,Vinterbro,RUT:Line:520,Vinterbro - Ski stasjon,520,bus,RUT:ServiceJourney:bca4477a072ed38741f2abb185b1206b,True,planned,False,,,,,2026-08-23T02:32:00.800137+02:00
NSR:StopPlace:59616,Asker stasjon,2026-08-23T02:45:00+02:00,2026-08-23T02:45:00+02:00,,0.0,0,Sandvika,RUT:Line:270,Asker - Sandvika (- Fornebu),270,bus,RUT:ServiceJourney:caf99864e077a0bb7577b2288ece597b,True,planned,False,,,,,2026-08-23T02:32:00.800137+02:00
NSR:StopPlace:59620,Grorud stasjon,2026-08-23T03:24:00+02:00,2026-08-23T03:24:00+02:00,,0.0,0,Oslo lufthavn,NBU:Line:cb7b555c-f96e-42d5-84bf-a5e08c0145c2,Radiumhospitalet via Økern-Storo-Tåsen,FB3,bus,NBU:ServiceJourney:1acabfe4-a7c3-4f3a-8e1d-d522228235e9,True,planned,False,,,,,2026-08-23T02:32:00.800137+02:00
NSR:StopPlace:59636,Holmlia stasjon,2026-08-23T02:54:00+02:00,2026-08-23T02:54:00+02:00,,0.0,0,Nationaltheatret,RUT:Line:3983,Nationaltheatret - Fløysbonn,83N,bus,RUT:ServiceJourney:7f9296f1b2e0b60f7204e87086d428ad,True,planned,False,,,,,2026-08-23T02:32:00.800137+02:00
NSR:StopPlace:59636,Holmlia stasjon,2026-08-23T03:26:00+02:00,2026-08-23T03:26:00+02:00,,0.0,0,Åsbråten,RUT:Line:3919,Kringsjå - Åsbråten,19N,bus,RUT:ServiceJourney:2738c4431a2f83037ca13578e26b561d,True,planned,False,,,,,2026-08-23T02:32:00.800137+02:00
NSR:StopPlace:59637,Rosenholm stasjon,2026-08-23T02:51:00+02:00,2026-08-23T02:51:00+02:00,,0.0,0,Nationaltheatret,RUT:Line:3983,Nationaltheatret - Fløysbonn,83N,bus,RUT:ServiceJourney:7f9296f1b2e0b60f7204e87086d428ad,True,planned,False,,,,,2026-08-23T02:32:00.800137+02:00
NSR:StopPlace:58952,Bodø stasjon,2026-08-23T02:55:00+02:00,2026-08-23T02:55:00+02:00,,0.0,0,Løpsmarka,NOR:Line:12_8044,Tverlandet - Bodø sentrum - Løpsmarka Nattbuss,4 N,bus,NOR:ServiceJourney:8044_251012124900690_4021,True,planned,False,,,,,2026-08-23T02:32:00.800137+02:00
NSR:StopPlace:58952,Bodø stasjon,2026-08-23T03:32:00+02:00,2026-08-23T03:32:00+02:00,,0.0,0,Tverlandet,NOR:Line:12_8044,Tverlandet - Bodø sentrum - Løpsmarka Nattbuss,4 N,bus,NOR:ServiceJourney:8044_251012124900679_3004,True,planned,False,,,,,2026-08-23T02:32:00.800137+02:00
NSR:StopPlace:58834,Hokksund stasjon,2026-08-23T03:14:00+02:00,2026-08-23T03:14:00+02:00,,0.0,0,Vikersund,BRA:Line:4_6101,Drammen-Vikersund/Hønefoss,101,bus,BRA:ServiceJourney:6101_260702102314015_6031,True,planned,False,,,,,2026-08-23T02:32:00.800137+02:00
NSR:StopPlace:58836,Mjøndalen stasjon,2026-08-23T02:57:00+02:00,2026-08-23T02:56:14+02:00,,0.0,0,Hokksund - Vikersund,BRA:Line:4_6101,Drammen-Vikersund/Hønefoss,101,bus,BRA:ServiceJourney:6101_260702102314015_6031,True,expected,False,,,,,2026-08-23T02:32:00.800137+02:00
NSR:StopPlace:58839,Steinberg stasjon,2026-08-23T03:02:00+02:00,2026-08-23T03:01:14+02:00,,0.0,0,Hokksund - Vikersund,BRA:Line:4_6101,Drammen-Vikersund/Hønefoss,101,bus,BRA:ServiceJourney:6101_260702102314015_6031,True,expected,False,,,,,2026-08-23T02:32:00.800137+02:00
NSR:StopPlace:58849,Hakadal stasjon,2026-08-23T02:48:00+02:00,2026-08-23T02:48:00+02:00,,0.0,0,Grorud,RUT:Line:390,Kongskog/Hellerudhaugen - Oslo bussterminal,390,bus,RUT:ServiceJourney:6d3fdbcb5feaf047812650f7dc9b5506,True,planned,False,,,,,2026-08-23T02:32:00.800137+02:00
NSR:StopPlace:58853,Kolbotn stasjon,2026-08-23T02:38:00+02:00,2026-08-23T02:38:00+02:00,,0.0,0,Nationaltheatret,RUT:Line:3983,Nationaltheatret - Fløysbonn,83N,bus,RUT:ServiceJourney:7f9296f1b2e0b60f7204e87086d428ad,True,planned,False,,,,,2026-08-23T02:32:00.800137+02:00
NSR:StopPlace:58874,Stokke stasjon,2026-08-23T03:02:00+02:00,2026-08-23T03:02:00+02:00,,0.0,0,Stokke,VKT:Line:5520,Natt Tønsberg-Stokke,N520,bus,VKT:ServiceJourney:17364,True,planned,False,,,,,2026-08-23T02:32:00.800137+02:00
NSR:StopPlace:58876,Tønsberg stasjon,2026-08-23T02:32:00+02:00,2026-08-23T02:32:00+02:00,,0.0,0,Eik-Horten,VKT:Line:5002,Natt Tønsberg-Horten,N2,bus,VKT:ServiceJourney:15918,True,planned,False,,,,,2026-08-23T02:32:00.800137+02:00
NSR:StopPlace:58876,Tønsberg stasjon,2026-08-23T02:33:00+02:00,2026-08-23T02:33:00+02:00,,0.0,0,Tolvsrød-Skallevold,VKT:Line:5054,Natt Tønsberg-Skallevold,N54,bus,VKT:ServiceJourney:17008,True,planned,False,,,,,2026-08-23T02:32:00.800137+02:00
NSR:StopPlace:61291,Stavanger stasjon,2026-08-23T07:43:00+02:00,2026-08-23T07:43:00+02:00,,0.0,0,Kristiansand,GOA:Line:50,Sørtoget region,F5,rail,GOA:ServiceJourney:B708-EK_74952-R,False,planned,False,Sørtoget: Bane NOR utfører vedlikeholdsarbeid.,Bane NOR utfører vedlikeholdsarbeid. Strekningen vil derfor være stengt i denne perioden og vi setter opp buss for tog mellom Stavanger og Kristiansand for Sørtoget. Se reiseplanleggeren for oppdatert informasjon.,incident,noImpact,2026-08-23T08:19:38.971673+02:00
NSR:StopPlace:61291,Stavanger stasjon,2026-08-23T07:43:00+02:00,2026-08-23T07:43:00+02:00,,0.0,0,Kristiansand,GOA:Line:50,Sørtoget region,F5,rail,GOA:ServiceJourney:B708-EL_74953-R,False,planned,False,Sørtoget: Bane NOR utfører vedlikeholdsarbeid.,Bane NOR utfører vedlikeholdsarbeid. Strekningen vil derfor være stengt i denne perioden og vi setter opp buss for tog mellom Stavanger og Kristiansand for Sørtoget. Se reiseplanleggeren for oppdatert informasjon.,incident,noImpact,2026-08-23T08:19:38.971673+02:00
NSR:StopPlace:61291,Stavanger stasjon,2026-08-23T08:53:00+02:00,2026-08-23T08:53:00+02:00,,0.0,0,Egersund,GOA:Line:59,Jærbanen,L5,rail,GOA:ServiceJourney:B3020-AJ_74510-R,False,planned,False,,,,,2026-08-23T08:19:38.971673+02:00
NSR:StopPlace:61291,Stavanger stasjon,2026-08-23T08:53:00+02:00,2026-08-23T08:53:00+02:00,,0.0,0,Egersund,GOA:Line:59,Jærbanen,L5,rail,GOA:ServiceJourney:B3020-AK_74511-R,False,planned,False,,,,,2026-08-23T08:19:38.971673+02:00
NSR:StopPlace:61291,Stavanger stasjon,2026-08-23T08:53:00+02:00,2026-08-23T08:53:00+02:00,,0.0,0,Nærbø,GOA:Line:59,Jærbanen,L5,rail,GOA:ServiceJourney:B3020-AL_74512-R,False,planned,False,,,,,2026-08-23T08:19:38.971673+02:00
NSR:StopPlace:61169,Marienborg stasjon,2026-08-23T06:41:00+02:00,2026-08-23T06:41:00+02:00,,0.0,0,Østmarka via Lerkendal-Strindh.,ATB:Line:2_13,Østmarka - Strindheim - Lerkendal - Havstad,13,bus,ATB:ServiceJourney:13_251215112552900_7001,False,planned,False,,,,,2026-08-23T08:19:38.971673+02:00
NSR:StopPlace:61169,Marienborg stasjon,2026-08-23T07:19:00+02:00,2026-08-23T07:19:00+02:00,,0.0,0,Havstad,ATB:Line:2_13,Østmarka - Strindheim - Lerkendal - Havstad,13,bus,ATB:ServiceJourney:13_251215112552806_7004,False,planned,False,,,,,2026-08-23T08:19:38.971673+02:00
NSR:StopPlace:61169,Marienborg stasjon,2026-08-23T07:37:00+02:00,2026-08-23T07:37:00+02:00,,0.0,0,St. Olavs hospital,ATB:Line:2_52,Lundåsen- Kattem - Heimdal - Flatåsen - Byåsen - St. Olavs Hospital,52,bus,ATB:ServiceJourney:52_251215112546782_7004,False,planned,False,,,,,2026-08-23T08:19:38.971673+02:00
NSR:StopPlace:61169,Marienborg stasjon,2026-08-23T07:46:00+02:00,2026-08-23T07:46:00+02:00,,0.0,0,Lundåsen via Byåsen-Flatåsen,ATB:Line:2_52,Lundåsen- Kattem - Heimdal - Flatåsen - Byåsen - St. Olavs Hospital,52,bus,ATB:ServiceJourney:52_251215112546784_7001,False,planned,False,,,,,2026-08-23T08:19:38.971673+02:00
NSR:StopPlace:61169,Marienborg stasjon,2026-08-23T09:06:00+02:00,2026-08-23T09:06:00+02:00,,0.0,0,Grillstad via St. Olavs h- Ladeham.,ATB:Line:2_20,Grillstad - Strindheim - Ladehammeren- Sentrum - Romolslia,20,bus,ATB:ServiceJourney:20_251215112548052_7001,False,planned,False,,,,,2026-08-23T08:19:38.971673+02:00
NSR:StopPlace:61169,Marienborg stasjon,2026-08-23T09:12:00+02:00,2026-08-23T09:12:00+02:00,,0.0,0,Sandmoen via Flatåsen,ATB:Line:2_23,Brattøra - St. Olavs - Hallset - Flatåsen - Sandmoen,23,bus,ATB:ServiceJourney:23_251215112545482_7002,False,planned,False,,,,,2026-08-23T08:19:38.971673+02:00
NSR:StopPlace:61372,Östersund Centralstation,2026-08-23T06:15:00+02:00,2026-08-23T06:15:00+02:00,,0.0,0,Storlien,SNT:Line:2f945540-e264-50e2-9f10-9a66be909e6f,Stockholm C,NT,rail,SNT:ServiceJourney:5be039ce-7ada-5894-91d9-e847d4e75049,False,planned,False,,,,,2026-08-23T08:19:38.971673+02:00
NSR:StopPlace:61608,Kristiansand stasjon,2026-08-23T09:05:00+02:00,2026-08-23T09:05:00+02:00,,0.0,0,Stavanger,GOA:Line:50,Sørtoget region,F5,rail,GOA:ServiceJourney:B705-CT_74879-R,False,planned,False,Sørtoget: Bane NOR utfører vedlikeholdsarbeid.,Bane NOR utfører vedlikeholdsarbeid. Strekningen vil derfor være stengt i denne perioden og vi setter opp buss for tog mellom Stavanger og Kristiansand for Sørtoget. Se reiseplanleggeren for oppdatert informasjon.,incident,noImpact,2026-08-23T08:19:38.971673+02:00
NSR:StopPlace:61608,Kristiansand stasjon,2026-08-23T09:05:00+02:00,2026-08-23T09:05:00+02:00,,0.0,0,Stavanger,GOA:Line:50,Sørtoget region,F5,rail,GOA:ServiceJourney:B705-CU_74880-R,False,planned,False,Sørtoget: Bane NOR utfører vedlikeholdsarbeid.,Bane NOR utfører vedlikeholdsarbeid. Strekningen vil derfor være stengt i denne perioden og vi setter opp buss for tog mellom Stavanger og Kristiansand for Sørtoget. Se reiseplanleggeren for oppdatert informasjon.,incident,noImpact,2026-08-23T08:19:38.971673+02:00
NSR:StopPlace:61848,Söderhamn station,2026-08-23T07:34:00+02:00,2026-08-23T07:34:00+02:00,,0.0,0,Stockholm,SJV:Line:8ca80b34-505a-4d76-b047-58b01590d0e1,Luleå-Stockholm ,Luleå-Stockholm ,rail,SJV:ServiceJourney:a5d49afa-0d54-4c88-aed3-161717bb597d,False,planned,False,,,,,2026-08-23T08:19:38.971673+02:00
NSR:StopPlace:61846,Hudiksvall station,2026-08-23T06:45:00+02:00,2026-08-23T06:45:00+02:00,,0.0,0,Stockholm,SJV:Line:8ca80b34-505a-4d76-b047-58b01590d0e1,Luleå-Stockholm ,Luleå-Stockholm ,rail,SJV:ServiceJourney:a5d49afa-0d54-4c88-aed3-161717bb597d,False,planned,False,,,,,2026-08-23T08:19:38.971673+02:00
NSR:StopPlace:61840,Gällivare station,2026-08-23T08:24:00+02:00,2026-08-23T08:24:00+02:00,,0.0,0,Kiruna-Narvik,SJV:Line:0ff9f2b9-fbe5-4761-8a29-8813be35efaa,Stockholm-Narvik (-Luleå),,rail,SJV:ServiceJourney:95039ed1-bc38-4661-8119-b70438be84a5,False,planned,False,,,,,2026-08-23T08:19:38.971673+02:00
NSR:StopPlace:59789,Skotbu stasjon,2026-08-23T07:29:00+02:00,2026-08-23T07:29:00+02:00,,0.0,0,Kråkstad,VYG:Line:R22,Skøyen-Oslo S-Mysen-Rakkestad,R22,rail,VYG:ServiceJourney:1908-RST_500824-R,False,planned,False,,,,,2026-08-23T08:19:38.971673+02:00
NSR:StopPlace:59872,Oslo S,2026-08-23T07:16:00+02:00,2026-08-23T07:16:00+02:00,,0.0,0,Karlstad-Stockholm,SJV:Line:cfac9102-49ef-476c-8663-a6d468ee4f36,Stockholm-Hallsberg-Karlstad-Oslo,70,rail,SJV:ServiceJourney:6bcdad44-579c-4040-a6ec-639bc3e56953,False,planned,False,,,,,2026-08-23T08:19:38.971673+02:00
NSR:StopPlace:59872,Oslo S,2026-08-23T07:25:00+02:00,2026-08-23T07:25:00+02:00,,0.0,0,Kristiansand,GOA:Line:50,Sørtoget region,F5,rail,GOA:ServiceJourney:707-LOD_73014-R,False,planned,False,,,,,2026-08-23T08:19:38.971673+02:00
NSR:StopPlace:59872,Oslo S,2026-08-23T07:27:00+02:00,2026-08-23T07:27:00+02:00,,0.0,0,Ås,VYG:Line:R21,Stabekk-Oslo S-Moss,R21,rail,VYG:ServiceJourney:BUS-1111_588852-R,False,planned,False,,,,,2026-08-23T08:19:38.971673+02:00
NSR:StopPlace:59872,Oslo S,2026-08-23T07:40:00+02:00,2026-08-23T07:40:00+02:00,,0.0,0,Oslo Lufthavn,FLT:Line:FLY1,FLY1,FLY1,rail,FLT:ServiceJourney:1-2614-3719-20260823,False,planned,False,,,,,2026-08-23T08:19:38.971673+02:00
NSR:StopPlace:59872,Oslo S,2026-08-23T07:46:00+02:00,2026-08-23T07:46:00+02:00,,0.0,0,Ski,VYG:Line:L2,Stabekk-Oslo S-Ski,L2,rail,VYG:ServiceJourney:2711-HVK_699737-R,False,planned,False,,,,,2026-08-23T08:19:38.971673+02:00
NSR:StopPlace:59646,Høvik stasjon,2026-08-23T07:26:00+02:00,2026-08-23T07:26:00+02:00,,0.0,0,Spikkestad,VYG:Line:L1,Spikkestad-Oslo S-Lillestrøm,L1,rail,VYG:ServiceJourney:2209_443598-R,False,planned,False,,,,,2026-08-23T08:19:38.971673+02:00
NSR:StopPlace:59646,Høvik stasjon,2026-08-23T07:30:00+02:00,2026-08-23T07:30:00+02:00,,0.0,0,Torpekspressen - Torp airport,UNI:Line:UE2,Oslo Bussterminal - Torp Lufhavn,FB25,bus,UNI:ServiceJourney:UE2-168007-46426591,False,planned,False,,,,,2026-08-23T08:19:38.971673+02:00
NSR:StopPlace:59646,Høvik stasjon,2026-08-23T09:00:00+02:00,2026-08-23T09:00:00+02:00,,0.0,0,Torpekspressen - Torp airport,UNI:Line:UE2,Oslo Bussterminal - Torp Lufhavn,FB25,bus,UNI:ServiceJourney:UE2-168007-46426592,False,planned,False,,,,,2026-08-23T08:19:38.971673+02:00
NSR:StopPlace:59648,Kjelsås stasjon,2026-08-23T07:11:00+02:00,2026-08-23T07:11:00+02:00,,0.0,0,Haugerud,RUT:Line:25,Majorstuen-Haugerud,25,bus,RUT:ServiceJourney:912ee1e446f4737055732134b9d3d2f9,False,planned,False,,,,,2026-08-23T08:19:38.971673+02:00
NSR:StopPlace:59648,Kjelsås stasjon,2026-08-23T07:25:00+02:00,2026-08-23T07:25:00+02:00,,0.0,0,Majorstuen,RUT:Line:25,Majorstuen-Haugerud,25,bus,RUT:ServiceJourney:32d57f45ef1af9c9358c57a28e7b5842,False,planned,False,,,,,2026-08-23T08:19:38.971673+02:00
NSR:StopPlace:59648,Kjelsås stasjon,2026-08-23T07:31:00+02:00,2026-08-23T07:31:00+02:00,,0.0,0,Oslo S,VYG:Line:R31,Skøyen-Jaren-Gjøvik,R31,rail,VYG:ServiceJourney:204_443502-R,False,planned,False,,,,,2026-08-23T08:19:38.971673+02:00
NSR:StopPlace:59648,Kjelsås stasjon,2026-08-23T09:10:00+02:00,2026-08-23T09:10:00+02:00,,0.0,0,Kværnerbyen,RUT:Line:54,Kværnerbyen - Kjelsås stasjon,54,bus,RUT:ServiceJourney:48f902dccbf8316e5c4ffd47c30f24ca,False,planned,False,,,,,2026-08-23T08:19:38.971673+02:00
NSR:StopPlace:59649,Nydalen stasjon,2026-08-23T09:16:00+02:00,2026-08-23T09:16:00+02:00,,0.0,0,Lysaker,RUT:Line:23,Lysaker - Simensbråten,23,bus,RUT:ServiceJourney:4bf1d129e6e83c2cade168ea2a8e55d0,False,planned,False,,,,,2026-08-23T08:19:38.971673+02:00
NSR:StopPlace:59641,Fjellhamar stasjon,2026-08-23T09:03:00+02:00,2026-08-23T09:03:00+02:00,,0.0,0,Vallerudtoppen,RUT:Line:315,Vallerudtoppen - Ahus,315,bus,RUT:ServiceJourney:93c230edbf6c7bfcd1d28010afc33a54,False,planned,False,,,,,2026-08-23T08:19:38.971673+02:00
NSR:StopPlace:59643,Grefsen stasjon,2026-08-23T08:48:00+02:00,2026-08-23T08:48:00+02:00,,0.0,0,Gaustadalléen,RUT:Line:18,Grefsen st [4311] - Rikshospitalet,18,tram,RUT:ServiceJourney:b759b363efb65fe472059a2c29540202,False,planned,False,,,,,2026-08-23T08:19:38.971673+02:00
NSR:StopPlace:59643,Grefsen stasjon,2026-08-23T09:03:00+02:00,2026-08-23T09:03:00+02:00,,0.0,0,Gaustadalléen,RUT:Line:17,Rikshospitalet - Sinsen o/ Carl Berner,17,tram,RUT:ServiceJourney:ec8b14810d3d738062bffb2120def569,False,planned,False,,,,,2026-08-23T08:19:38.971673+02:00
NSR:StopPlace:59643,Grefsen stasjon,2026-08-23T09:11:00+02:00,2026-08-23T09:11:00+02:00,,0.0,0,Lysaker,RUT:Line:23,Lysaker - Simensbråten,23,bus,RUT:ServiceJourney:4bf1d129e6e83c2cade168ea2a8e55d0,False,planned,False,,,,,2026-08-23T08:19:38.971673+02:00
NSR:StopPlace:59643,Grefsen stasjon,2026-08-23T09:11:00+02:00,2026-08-23T09:11:00+02:00,,0.0,0,Gaustadalléen,RUT:Line:18,Grefsen st [4311] - Rikshospitalet,18,tram,RUT:ServiceJourney:0358d850ef4214c92d534a9fd0e84424,False,planned,False,,,,,2026-08-23T08:19:38.971673+02:00
NSR:StopPlace:60640,Heimdal stasjon,2026-08-23T07:49:00+02:00,2026-08-23T07:49:00+02:00,,0.0,0,Oslo S avstigning,SJN:Line:21,Dovrebanen,F6,rail,SJN:ServiceJourney:B42-AW_50641-R,False,planned,False,,,,,2026-08-23T08:19:38.971673+02:00
NSR:StopPlace:60640,Heimdal stasjon,2026-08-23T07:49:00+02:00,2026-08-23T07:49:00+02:00,,0.0,0,Oslo lufthavn,SJN:Line:21,Dovrebanen,F6,rail,SJN:ServiceJourney:B42-AX_50572-R,False,planned,False,,,,,2026-08-23T08:19:38.971673+02:00
NSR:StopPlace:59652,Tøyen stasjon,2026-08-23T09:14:00+02:00,2026-08-23T09:14:00+02:00,,0.0,0,Vippetangen,RUT:Line:60,Vippetangen-Tonsenhagen,60,bus,RUT:ServiceJourney:01e4717fbf97fa617077f12398dccb1e,False,planned,False,,,,,2026-08-23T08:19:38.971673+02:00
NSR:StopPlace:59654,Stabekk stasjon,2026-08-23T09:09:00+02:00,2026-08-23T09:09:00+02:00,,0.0,0,Gullhaug,RUT:Line:150,Gullhaug - Nationaltheatret,150,bus,RUT:ServiceJourney:093470956fbe095694c3f654cf77bdba,False,planned,False,Holdeplass Stabekk stasjon i retning mot Bekkestua er flyttet ca. 50 meter bakover.,Dette skyldes anleggsarbeid i området.,incident,normal,2026-08-23T08:19:38.971673+02:00
NSR:StopPlace:59703,Åndalsnes stasjon,2026-08-23T09:00:00+02:00,2026-08-23T09:00:00+02:00,,0.0,0,Geiranger,FJT:Line:98180744-c851-406e-ae29-c90f6aa10e48,Geiranger - Åndalsnes - Ålesund,FT,bus,FJT:ServiceJourney:8f4066d8-a253-4f68-98ac-0a83c05119e7,False,planned,False,,,,,2026-08-23T08:19:38.971673+02:00
NSR:StopPlace:59703,Åndalsnes stasjon,2026-08-23T09:00:00+02:00,2026-08-23T09:00:00+02:00,,0.0,0,Geiranger,VYX:Line:180,VY25 Fjord Tours,VY25,coach,VYX:ServiceJourney:f7ea1d55de02697e28096db27c8f2268db1a97dd,False,planned,False,,,,,2026-08-23T08:19:38.971673+02:00
NSR:StopPlace:59952,Drammen stasjon,2026-08-23T08:00:00+02:00,2026-08-23T08:00:00+02:00,,0.0,0,Kristiansand,GOA:Line:50,Sørtoget region,F5,rail,GOA:ServiceJourney:707-LOD_73014-R,False,planned,False,,,,,2026-08-23T08:19:38.971673+02:00
NSR:StopPlace:59958,Voss stasjon,2026-08-23T07:12:00+02:00,2026-08-23T07:12:00+02:00,,0.0,0,Flåm,VYX:Line:31,VY450 Bergen-Fagernes-Oslo,VY450,coach,VYX:ServiceJourney:371ab74c42073f72f08637624f59ba7afd54c3d2,False,planned,False,Forhåndsbestilling Vy,Billett må kjøpes på nett eller app senest 15 minutter før påstigning for at bussen skal kjøre innom holdeplassen.,general,normal,2026-08-23T08:19:38.971673+02:00
NSR:StopPlace:59958,Voss stasjon,2026-08-23T08:25:00+02:00,2026-08-23T08:25:00+02:00,,0.0,0,Aurland,VYX:Line:31,VY450 Bergen-Fagernes-Oslo,VY450,coach,VYX:ServiceJourney:80ffb82c738256addff01b06986f3e8e9183af21,False,planned,False,Forhåndsbestilling Vy,Billett må kjøpes på nett eller app senest 15 minutter før påstigning for at bussen skal kjøre innom holdeplassen.,general,normal,2026-08-23T08:19:38.971673+02:00
NSR:StopPlace:59958,Voss stasjon,2026-08-23T09:10:00+02:00,2026-08-23T09:10:00+02:00,,0.0,0,Odda,SKY:Line:990,Odda-Kinsarvik-Bu-Granvin-Voss,990,bus,SKY:ServiceJourney:990-204714-20961817,False,planned,False,,,,,2026-08-23T08:19:38.971673+02:00
NSR:StopPlace:60944,Ski stasjon,2026-08-23T06:39:00+02:00,2026-08-23T06:39:00+02:00,,0.0,0,Oslo S,VYG:Line:L2,Stabekk-Oslo S-Ski,L2,rail,VYG:ServiceJourney:BUS-2712_588864-R,False,planned,False,,,,,2026-08-23T08:19:38.971673+02:00
NSR:StopPlace:60944,Ski stasjon,2026-08-23T06:59:00+02:00,2026-08-23T06:59:00+02:00,,0.0,0,Oslo S,VYG:Line:L2,Stabekk-Oslo S-Ski,L2,rail,VYG:ServiceJourney:BUS-2712_588865-R,False,planned,False,,,,,2026-08-23T08:19:38.971673+02:00
NSR:StopPlace:60944,Ski stasjon,2026-08-23T07:39:00+02:00,2026-08-23T07:39:00+02:00,,0.0,0,Oslo S,VYG:Line:L2,Stabekk-Oslo S-Ski,L2,rail,VYG:ServiceJourney:BUS-2716_588867-R,False,planned,False,,,,,2026-08-23T08:19:38.971673+02:00
NSR:StopPlace:60944,Ski stasjon,2026-08-23T07:59:00+02:00,2026-08-23T07:59:00+02:00,,0.0,0,Oslo S,VYG:Line:L2,Stabekk-Oslo S-Ski,L2,rail,VYG:ServiceJourney:BUS-2716_588868-R,False,planned,False,,,,,2026-08-23T08:19:38.971673+02:00
NSR:StopPlace:60944,Ski stasjon,2026-08-23T08:19:00+02:00,2026-08-23T08:19:00+02:00,,0.0,0,Oslo S,VYG:Line:L2,Stabekk-Oslo S-Ski,L2,rail,VYG:ServiceJourney:BUS-2718_588869-R,False,planned,False,,,,,2026-08-23T08:19:38.971673+02:00
NSR:StopPlace:60944,Ski stasjon,2026-08-23T08:42:00+02:00,2026-08-23T08:42:00+02:00,,0.0,0,Vinterbro,RUT:Line:520,Vinterbro - Ski stasjon,520,bus,RUT:ServiceJourney:e8325b58ab6b547ce5fd7a2ca145f7eb,False,planned,False,,,,,2026-08-23T08:19:38.971673+02:00
NSR:StopPlace:60944,Ski stasjon,2026-08-23T08:51:00+02:00,2026-08-23T08:51:00+02:00,,0.0,0,Kolbotn torg,RUT:Line:580,Kolbotn - Ski,580,bus,RUT:ServiceJourney:f17cf410da91d352b39fc3a9dfd36797,False,planned,False,,,,,2026-08-23T08:19:38.971673+02:00
NSR:StopPlace:60944,Ski stasjon,2026-08-23T09:04:00+02:00,2026-08-23T09:04:00+02:00,,0.0,0,TusenFryd,RUT:Line:521,TusenFryd - Ski stasjon,521,bus,RUT:ServiceJourney:400f56d09ee448f1dccda0cdef3e1145,False,planned,False,,,,,2026-08-23T08:19:38.971673+02:00
NSR:StopPlace:59977,Trondheim S,2026-08-23T07:30:00+02:00,2026-08-23T07:30:00+02:00,,0.0,0,Oslo S avstigning,SJN:Line:21,Dovrebanen,F6,rail,SJN:ServiceJourney:B42-AW_50641-R,False,planned,False,,,,,2026-08-23T08:19:38.971673+02:00
NSR:StopPlace:59977,Trondheim S,2026-08-23T07:30:00+02:00,2026-08-23T07:30:00+02:00,,0.0,0,Oslo lufthavn,SJN:Line:21,Dovrebanen,F6,rail,SJN:ServiceJourney:B42-AX_50572-R,False,planned,False,,,,,2026-08-23T08:19:38.971673+02:00
NSR:StopPlace:59977,Trondheim S,2026-08-23T07:30:00+02:00,2026-08-23T07:30:00+02:00,,0.0,0,Oslo S avstigning,SJN:Line:21,Dovrebanen,F6,rail,SJN:ServiceJourney:B42-AZ_50642-R,False,planned,False,,,,,2026-08-23T08:19:38.971673+02:00
NSR:StopPlace:59977,Trondheim S,2026-08-23T08:30:00+02:00,2026-08-23T08:30:00+02:00,,0.0,0,Oslo lufthavn,VYX:Line:125,VY710 Trondheim-Lillehammer(-Oslo),VY710,coach,VYX:ServiceJourney:b9dcaae945b44ad37bbb767bce7fe1157e8ca240,False,planned,False,Forhåndsbestilling Vy,Billett må kjøpes på nett eller app senest 15 minutter før påstigning for at bussen skal kjøre innom holdeplassen.,general,normal,2026-08-23T08:19:38.971673+02:00
NSR:StopPlace:59977,Trondheim S,2026-08-23T09:02:00+02:00,2026-08-23T09:02:00+02:00,,0.0,0,Sandmoen via St. Olavs h.-Byåsen,ATB:Line:2_23,Brattøra - St. Olavs - Hallset - Flatåsen - Sandmoen,23,bus,ATB:ServiceJourney:23_251215112545482_7002,False,planned,False,,,,,2026-08-23T08:19:38.971673+02:00
NSR:StopPlace:59977,Trondheim S,2026-08-23T09:11:00+02:00,2026-08-23T09:11:00+02:00,,0.0,0,Trolla via sentrum,ATB:Line:2_21,Brattøra- Sentrum- Trolla,21,bus,ATB:ServiceJourney:21_251215112549207_7002,False,planned,False,,,,,2026-08-23T08:19:38.971673+02:00
NSR:StopPlace:59977,Trondheim S,2026-08-23T09:14:00+02:00,2026-08-23T09:14:00+02:00,,0.0,0,Sjetnmarka via Klæbuveien,ATB:Line:2_10,Sæterbakken- Strindheim- Sentrum- Ratesvingen,10,bus,ATB:ServiceJourney:10_260311106199521_7002,False,planned,False,,,,,2026-08-23T08:19:38.971673+02:00
NSR:StopPlace:59977,Trondheim S,2026-08-23T09:16:00+02:00,2026-08-23T09:16:00+02:00,,0.0,0,Oslo S avstigning,SJN:Line:21,Dovrebanen,F6,rail,SJN:ServiceJourney:B44-AQ_50644-R,False,planned,False,,,,,2026-08-23T08:19:38.971673+02:00
NSR:StopPlace:59977,Trondheim S,2026-08-23T09:16:00+02:00,2026-08-23T09:16:00+02:00,,0.0,0,Oslo lufthavn,SJN:Line:21,Dovrebanen,F6,rail,SJN:ServiceJourney:B44-AS_53451-R,False,planned,False,,,,,2026-08-23T08:19:38.971673+02:00
NSR:StopPlace:59977,Trondheim S,2026-08-23T09:16:00+02:00,2026-08-23T09:16:00+02:00,,0.0,0,Oslo S avstigning,SJN:Line:21,Dovrebanen,F6,rail,SJN:ServiceJourney:B44-AR_53450-R,False,planned,False,,,,,2026-08-23T08:19:38.971673+02:00
NSR:StopPlace:59977,Trondheim S,2026-08-23T09:17:00+02:00,2026-08-23T09:17:00+02:00,,0.0,0,Grillstad via Ladeham.-Strindh.,ATB:Line:2_20,Grillstad - Strindheim - Ladehammeren- Sentrum - Romolslia,20,bus,ATB:ServiceJourney:20_251215112548052_7001,False,planned,False,,,,,2026-08-23T08:19:38.971673+02:00
NSR:StopPlace:59977,Trondheim S,2026-08-23T09:18:00+02:00,2026-08-23T09:18:00+02:00,,0.0,0,Vikåsen via Singsaker,ATB:Line:2_25,Vikåsen- Strindheim- Singsaker,25,bus,ATB:ServiceJourney:25_251215112543483_7001,False,planned,False,,,,,2026-08-23T08:19:38.971673+02:00
NSR:StopPlace:59977,Trondheim S,2026-08-23T09:19:00+02:00,2026-08-23T09:19:00+02:00,,0.0,0,Romolslia via St. Olavs hospital,ATB:Line:2_20,Grillstad - Strindheim - Ladehammeren- Sentrum - Romolslia,20,bus,ATB:ServiceJourney:20_251215112548150_7002,False,planned,False,,,,,2026-08-23T08:19:38.971673+02:00
NSR:StopPlace:59181,Kristinehamn station,2026-08-23T06:45:00+02:00,2026-08-23T06:45:00+02:00,,0.0,0,Stockholm,VYB:Line:26,850 Oslo - Arlanda - Stockholm,850,coach,VYB:ServiceJourney:a60f1b8bc41647be71740cfa50d9408ea8c0a16e,False,planned,False,,,,,2026-08-23T08:19:38.971673+02:00
NSR:StopPlace:59181,Kristinehamn station,2026-08-23T07:25:00+02:00,2026-08-23T07:25:00+02:00,,0.0,0,Arlanda,VYB:Line:26,850 Oslo - Arlanda - Stockholm,850,coach,VYB:ServiceJourney:1cac1752a21d5a4c7ad14db51ad65a46d30fdcb0,False,planned,False,,,,,2026-08-23T08:19:38.971673+02:00
NSR:StopPlace:59182,Örebro Centralstation,2026-08-23T07:35:00+02:00,2026-08-23T07:35:00+02:00,,0.0,0,Arlanda,VYB:Line:27,900 Oslo - Arlanda - Stockholm,900,coach,VYB:ServiceJourney:dbabcfbfc6de07a0aa8183c7de4a3d081906051d,False,planned,False,Örebro läge X | Annan busstyp på denna avgång,"Vennligst merk at denne avgangen kjøres av en samarbeidspartner til Vy bus4you, og med en annen type buss enn den som vanligvis benyttes av Vy bus4you.",general | general,normal | normal,2026-08-23T08:19:38.971673+02:00
NSR:StopPlace:59182,Örebro Centralstation,2026-08-23T07:55:00+02:00,2026-08-23T07:55:00+02:00,,0.0,0,Stockholm,VYB:Line:26,850 Oslo - Arlanda - Stockholm,850,coach,VYB:ServiceJourney:a60f1b8bc41647be71740cfa50d9408ea8c0a16e,False,planned,False,Örebro läge X,,general,normal,2026-08-23T08:19:38.971673+02:00
NSR:StopPlace:59182,Örebro Centralstation,2026-08-23T08:25:00+02:00,2026-08-23T08:25:00+02:00,,0.0,0,Karlstad,VYB:Line:26,850 Oslo - Arlanda - Stockholm,850,coach,VYB:ServiceJourney:f9ad7ea0bccae750dc44221801057dcc8c3d3aa8,False,planned,False,Örebro läge X,,general,normal,2026-08-23T08:19:38.971673+02:00
NSR:StopPlace:59182,Örebro Centralstation,2026-08-23T08:30:00+02:00,2026-08-23T08:30:00+02:00,,0.0,0,Arlanda,VYB:Line:26,850 Oslo - Arlanda - Stockholm,850,coach,VYB:ServiceJourney:1cac1752a21d5a4c7ad14db51ad65a46d30fdcb0,False,planned,False,Örebro läge X,,general,normal,2026-08-23T08:19:38.971673+02:00
NSR:StopPlace:60047,Melhus skysstasjon,2026-08-23T08:53:00+02:00,2026-08-23T08:53:00+02:00,,0.0,0,Brekkåsen,ATB:Line:2_82,Hesttrøa-Brekkåsen,82,bus,ATB:ServiceJourney:82_251215112550795_7001,False,planned,False,Linje 82 og 504,Avvikende kjøring for linje 82 og 504 pga Hølondvegen er stengt. ,general,normal,2026-08-23T08:19:38.971673+02:00
NSR:StopPlace:60047,Melhus skysstasjon,2026-08-23T08:53:00+02:00,2026-08-23T08:53:00+02:00,,0.0,0,Hesttrøa via Melhus skysstasjon,ATB:Line:2_82,Hesttrøa-Brekkåsen,82,bus,ATB:ServiceJourney:82_251215112550663_7002,False,planned,False,Linje 82 og 504,Avvikende kjøring for linje 82 og 504 pga Hølondvegen er stengt. ,general,normal,2026-08-23T08:19:38.971673+02:00
NSR:StopPlace:60047,Melhus skysstasjon,2026-08-23T08:56:00+02:00,2026-08-23T08:56:00+02:00,,0.0,0,Dora via Ekra - City Syd E6,ATB:Line:2_71,MelhusSkyss-Trondheim,71,bus,ATB:ServiceJourney:71_251215112545730_7002,False,planned,False,,,,,2026-08-23T08:19:38.971673+02:00
NSR:StopPlace:60077,Støren stasjon,2026-08-23T08:30:00+02:00,2026-08-23T08:30:00+02:00,,0.0,0,Oslo S avstigning,SJN:Line:21,Dovrebanen,F6,rail,SJN:ServiceJourney:B42-AW_50641-R,False,planned,False,,,,,2026-08-23T08:19:38.971673+02:00
NSR:StopPlace:60077,Støren stasjon,2026-08-23T08:30:00+02:00,2026-08-23T08:30:00+02:00,,0.0,0,Oslo lufthavn,SJN:Line:21,Dovrebanen,F6,rail,SJN:ServiceJourney:B42-AX_50572-R,False,planned,False,,,,,2026-08-23T08:19:38.971673+02:00
NSR:StopPlace:59393,Västerås Centralstation,2026-08-23T07:05:00+02:00,2026-08-23T07:05:00+02:00,,0.0,0,Karlstad,VYB:Line:26,850 Oslo - Arlanda - Stockholm,850,coach,VYB:ServiceJourney:f9ad7ea0bccae750dc44221801057dcc8c3d3aa8,False,planned,False,Västerås,"Nytt holdeplassområde ved Västerås Resecentrum fra 16. mars. Den nye holdeplassen ligger på stasjonens vestside, rett ved jernbanespor 1B. Du finner den ved å følge parkeringsplassen til den bortre enden. ",general,normal,2026-08-23T08:19:38.971673+02:00
NSR:StopPlace:59393,Västerås Centralstation,2026-08-23T08:05:00+02:00,2026-08-23T08:05:00+02:00,,0.0,0,Örebro,VYB:Line:26,850 Oslo - Arlanda - Stockholm,850,coach,VYB:ServiceJourney:b22fa25366dacc1920f3085718755a318f1276df,False,planned,False,Västerås,"Nytt holdeplassområde ved Västerås Resecentrum fra 16. mars. Den nye holdeplassen ligger på stasjonens vestside, rett ved jernbanespor 1B. Du finner den ved å følge parkeringsplassen til den bortre enden. ",general,normal,2026-08-23T08:19:38.971673+02:00
NSR:StopPlace:59393,Västerås Centralstation,2026-08-23T08:15:00+02:00,2026-08-23T08:15:00+02:00,,0.0,0,Karlstad,VYB:Line:26,850 Oslo - Arlanda - Stockholm,850,coach,VYB:ServiceJourney:9d1b87eeff64abc35adadcf00c5814b1396f9d35,False,planned,False,Västerås,"Nytt holdeplassområde ved Västerås Resecentrum fra 16. mars. Den nye holdeplassen ligger på stasjonens vestside, rett ved jernbanespor 1B. Du finner den ved å følge parkeringsplassen til den bortre enden. ",general,normal,2026-08-23T08:19:38.971673+02:00
NSR:StopPlace:59393,Västerås Centralstation,2026-08-23T08:55:00+02:00,2026-08-23T08:55:00+02:00,,0.0,0,Arlanda,VYB:Line:27,900 Oslo - Arlanda - Stockholm,900,coach,VYB:ServiceJourney:dbabcfbfc6de07a0aa8183c7de4a3d081906051d,False,planned,False,Annan busstyp på denna avgång | Västerås,"Vennligst merk at denne avgangen kjøres av en samarbeidspartner til Vy bus4you, og med en annen type buss enn den som vanligvis benyttes av Vy bus4you. | Nytt holdeplassområde ved Västerås Resecentrum fra 16. mars. Den nye holdeplassen ligger på stasjonens vestside, rett ved jernbanespor 1B. Du finner den ved å følge parkeringsplassen til den bortre enden. ",general | general,normal | normal,2026-08-23T08:19:38.971673+02:00
NSR:StopPlace:59393,Västerås Centralstation,2026-08-23T09:10:00+02:00,2026-08-23T09:10:00+02:00,,0.0,0,Oslo,VYB:Line:26,850 Oslo - Arlanda - Stockholm,850,coach,VYB:ServiceJourney:535e098b9c69bd948c32b329b402efa9bfd625e3,False,planned,False,Västerås,"Nytt holdeplassområde ved Västerås Resecentrum fra 16. mars. Den nye holdeplassen ligger på stasjonens vestside, rett ved jernbanespor 1B. Du finner den ved å følge parkeringsplassen til den bortre enden. ",general,normal,2026-08-23T08:19:38.971673+02:00
NSR:StopPlace:59393,Västerås Centralstation,2026-08-23T09:15:00+02:00,2026-08-23T09:15:00+02:00,,0.0,0,Stockholm,VYB:Line:26,850 Oslo - Arlanda - Stockholm,850,coach,VYB:ServiceJourney:a60f1b8bc41647be71740cfa50d9408ea8c0a16e,False,planned,False,Västerås,"Nytt holdeplassområde ved Västerås Resecentrum fra 16. mars. Den nye holdeplassen ligger på stasjonens vestside, rett ved jernbanespor 1B. Du finner den ved å følge parkeringsplassen til den bortre enden. ",general,normal,2026-08-23T08:19:38.971673+02:00
NSR:StopPlace:60392,Södertälje syd,2026-08-23T07:54:00+02:00,2026-08-23T07:54:00+02:00,,0.0,0,Karlstad-Oslo,SJV:Line:cfac9102-49ef-476c-8663-a6d468ee4f36,Stockholm-Hallsberg-Karlstad-Oslo,70,rail,SJV:ServiceJourney:e794c8ce-6e4a-4fd2-b148-3ae868a8aed9,False,planned,False,,,,,2026-08-23T08:19:38.971673+02:00
NSR:StopPlace:59248,Stockholm-Arlanda flygplats,2026-08-23T06:30:00+02:00,2026-08-23T06:30:00+02:00,,0.0,0,Örebro,VYB:Line:26,850 Oslo - Arlanda - Stockholm,850,coach,VYB:ServiceJourney:b22fa25366dacc1920f3085718755a318f1276df,False,planned,False,,,,,2026-08-23T08:19:38.971673+02:00
NSR:StopPlace:59248,Stockholm-Arlanda flygplats,2026-08-23T07:30:00+02:00,2026-08-23T07:30:00+02:00,,0.0,0,Göteborg,VYB:Line:23,400 Stockholm - Göteborg,400,coach,VYB:ServiceJourney:d0c06cee7fd891cb77769f8ff5cc4898a5faa3e8,False,planned,False,,,,,2026-08-23T08:19:38.971673+02:00
NSR:StopPlace:59248,Stockholm-Arlanda flygplats,2026-08-23T08:45:00+02:00,2026-08-23T08:45:00+02:00,,0.0,0,Kalmar,VYB:Line:176,200 Kalmar - Arlanda,200,coach,VYB:ServiceJourney:f5fa7889c556bbbbf8114422b3b1c27305422ea5,False,planned,False,,,,,2026-08-23T08:19:38.971673+02:00
NSR:StopPlace:59248,Stockholm-Arlanda flygplats,2026-08-23T08:55:00+02:00,2026-08-23T08:55:00+02:00,,0.0,0,Karlstad,VYB:Line:26,850 Oslo - Arlanda - Stockholm,850,coach,VYB:ServiceJourney:70d317f5b6641c49ae6686879744ea76814835cf,False,planned,False,,,,,2026-08-23T08:19:38.971673+02:00
NSR:StopPlace:59244,Egersund stasjon,2026-08-23T08:24:00+02:00,2026-08-23T08:24:00+02:00,,0.0,0,Krossmoen,GOA:Line:50,Sørtoget region,F5,rail,GOA:ServiceJourney:B708-EJ_74951-R,False,planned,False,Sørtoget: Bane NOR utfører vedlikeholdsarbeid.,Bane NOR utfører vedlikeholdsarbeid. Strekningen vil derfor være stengt i denne perioden og vi setter opp buss for tog mellom Stavanger og Kristiansand for Sørtoget. Se reiseplanleggeren for oppdatert informasjon.,incident,noImpact,2026-08-23T08:19:38.971673+02:00
NSR:StopPlace:59244,Egersund stasjon,2026-08-23T09:08:00+02:00,2026-08-23T09:08:00+02:00,,0.0,0,Ogna,GOA:Line:59,Jærbanen,L5,rail,GOA:ServiceJourney:B3021-AI_78530-R,False,planned,False,,,,,2026-08-23T08:19:38.971673+02:00
NSR:StopPlace:59244,Egersund stasjon,2026-08-23T09:16:00+02:00,2026-08-23T09:16:00+02:00,,0.0,0,Stavanger,GOA:Line:59,Jærbanen,L5,rail,GOA:ServiceJourney:B3021-AJ_74514-R,False,planned,False,,,,,2026-08-23T08:19:38.971673+02:00
NSR:StopPlace:59244,Egersund stasjon,2026-08-23T09:16:00+02:00,2026-08-23T09:16:00+02:00,,0.0,0,Stavanger,GOA:Line:59,Jærbanen,L5,rail,GOA:ServiceJourney:B3021-AK_74515-R,False,planned,False,,,,,2026-08-23T08:19:38.971673+02:00
NSR:StopPlace:59261,Trondheim lufthavn,2026-08-23T08:25:00+02:00,2026-08-23T08:25:00+02:00,,0.0,0,Flybuss Ekspress Trondheim,UNI:Line:FB73,Nidarvoll - Moholt - Trondheim sentrum - Værnes,FB73,bus,UNI:ServiceJourney:FB73-168020-46430597,False,planned,False,,,,,2026-08-23T08:19:38.971673+02:00
NSR:StopPlace:59261,Trondheim lufthavn,2026-08-23T08:59:00+02:00,2026-08-23T08:59:00+02:00,,0.0,0,Marienborg via Brattøra,ATB:Line:2_70,Stjørdal/Hommelvik- Trondheim,70,bus,ATB:ServiceJourney:70_251215112547025_7004,False,planned,False,,,,,2026-08-23T08:19:38.971673+02:00
NSR:StopPlace:59261,Trondheim lufthavn,2026-08-23T09:00:00+02:00,2026-08-23T09:00:00+02:00,,0.0,0,Flybuss Ekspress Trondheim,UNI:Line:FB73,Nidarvoll - Moholt - Trondheim sentrum - Værnes,FB73,bus,UNI:ServiceJourney:FB73-168020-46430607,False,planned,False,,,,,2026-08-23T08:19:38.971673+02:00
NSR:StopPlace:59261,Trondheim lufthavn,2026-08-23T09:15:00+02:00,2026-08-23T09:15:00+02:00,,0.0,0,Flybuss Ekspress Trondheim,UNI:Line:FB73,Nidarvoll - Moholt - Trondheim sentrum - Værnes,FB73,bus,UNI:ServiceJourney:FB73-168020-46430344,False,planned,False,,,,,2026-08-23T08:19:38.971673+02:00
NSR:StopPlace:59616,Asker stasjon,2026-08-23T07:46:00+02:00,2026-08-23T07:46:00+02:00,,0.0,0,Kristiansand,GOA:Line:50,Sørtoget region,F5,rail,GOA:ServiceJourney:707-LOD_73014-R,False,planned,False,,,,,2026-08-23T08:19:38.971673+02:00
NSR:StopPlace:60603,Kongsberg stasjon,2026-08-23T08:36:00+02:00,2026-08-23T08:36:00+02:00,,0.0,0,Kristiansand,GOA:Line:50,Sørtoget region,F5,rail,GOA:ServiceJourney:707-LOD_73014-R,False,planned,False,,,,,2026-08-23T08:19:38.971673+02:00
NSR:StopPlace:59620,Grorud stasjon,2026-08-23T08:47:00+02:00,2026-08-23T08:47:00+02:00,,0.0,0,Grorud T,RUT:Line:66,Helsfyr T - Grorud T,66,bus,RUT:ServiceJourney:44f10565dd1db2e3d03fe12e270d0052,False,planned,False,,,,,2026-08-23T08:19:38.971673+02:00
NSR:StopPlace:59620,Grorud stasjon,2026-08-23T08:57:00+02:00,2026-08-23T08:57:00+02:00,,0.0,0,Stovner,RUT:Line:65,Furuset T - Stovner T via Smedstua,65,bus,RUT:ServiceJourney:6e897446622501f5a7704db8b58038d3,False,planned,False,,,,,2026-08-23T08:19:38.971673+02:00
NSR:StopPlace:59620,Grorud stasjon,2026-08-23T09:04:00+02:00,2026-08-23T09:04:00+02:00,,0.0,0,Åsbråten,RUT:Line:79,Grorud T - Åsbråten,79,bus,RUT:ServiceJourney:413678fa45bf9bf49149a942d91379d6,False,planned,False,,,,,2026-08-23T08:19:38.971673+02:00
NSR:StopPlace:59620,Grorud stasjon,2026-08-23T09:05:00+02:00,2026-08-23T09:05:00+02:00,,0.0,0,Helsfyr,RUT:Line:66,Helsfyr T - Grorud T,66,bus,RUT:ServiceJourney:cf1f7ac47c937157c304bb196944b1e6,False,planned,False,,,,,2026-08-23T08:19:38.971673+02:00
NSR:StopPlace:59620,Grorud stasjon,2026-08-23T09:15:00+02:00,2026-08-23T09:15:00+02:00,,0.0,0,Furuset,RUT:Line:65,Furuset T - Stovner T via Smedstua,65,bus,RUT:ServiceJourney:c53ad3c905f055fd6fd7c09839855ca9,False,planned,False,,,,,2026-08-23T08:19:38.971673+02:00
NSR:StopPlace:59620,Grorud stasjon,2026-08-23T09:17:00+02:00,2026-08-23T09:17:00+02:00,,0.0,0,Grorud T,RUT:Line:66,Helsfyr T - Grorud T,66,bus,RUT:ServiceJourney:292ba4495c2e8ee0bbbed10b877d342e,False,planned,False,,,,,2026-08-23T08:19:38.971673+02:00
NSR:StopPlace:59635,Hauketo stasjon,2026-08-23T07:03:00+02:00,2026-08-23T07:03:00+02:00,,0.0,0,Brenna,RUT:Line:73,Holmlia stasjon - Brenna,73,bus,RUT:ServiceJourney:5bc599d3f8b8bdbe979d3540fddbd448,False,planned,False,,,,,2026-08-23T08:19:38.971673+02:00
NSR:StopPlace:59635,Hauketo stasjon,2026-08-23T07:05:00+02:00,2026-08-23T07:05:00+02:00,,0.0,0,Bjørndal,RUT:Line:77,Holmlia stasjon - Bjørndal,77,bus,RUT:ServiceJourney:aebdbf311a01ef82abb931eb7910c404,False,planned,False,,,,,2026-08-23T08:19:38.971673+02:00
NSR:StopPlace:59635,Hauketo stasjon,2026-08-23T07:07:00+02:00,2026-08-23T07:07:00+02:00,,0.0,0,Kolbotn,RUT:Line:87,Hauketo stasjon - Kolbotn,87,bus,RUT:ServiceJourney:e65e6b187c1d3fef21e87eefa64980e4,False,planned,False,,,,,2026-08-23T08:19:38.971673+02:00
NSR:StopPlace:59635,Hauketo stasjon,2026-08-23T07:24:00+02:00,2026-08-23T07:24:00+02:00,,0.0,0,Holmlia stasjon,RUT:Line:73,Holmlia stasjon - Brenna,73,bus,RUT:ServiceJourney:287c1f93fa071287e58b0ad88987928d,False,planned,False,,,,,2026-08-23T08:19:38.971673+02:00
NSR:StopPlace:59635,Hauketo stasjon,2026-08-23T07:25:00+02:00,2026-08-23T07:25:00+02:00,,0.0,0,Holmlia stasjon,RUT:Line:77,Holmlia stasjon - Bjørndal,77,bus,RUT:ServiceJourney:cc91ea78eeb4d2f4daead764b7855bd2,False,planned,False,,,,,2026-08-23T08:19:38.971673+02:00
NSR:StopPlace:59635,Hauketo stasjon,2026-08-23T07:27:00+02:00,2026-08-23T07:27:00+02:00,,0.0,0,Åsbråten,RUT:Line:79,Grorud T - Åsbråten,79,bus,RUT:ServiceJourney:2df0b86453f75e4e5041a8586fa19327,False,planned,False,,,,,2026-08-23T08:19:38.971673+02:00
NSR:StopPlace:59635,Hauketo stasjon,2026-08-23T07:33:00+02:00,2026-08-23T07:33:00+02:00,,0.0,0,Brenna,RUT:Line:73,Holmlia stasjon - Brenna,73,bus,RUT:ServiceJourney:b5114918632bf5f83eca8597e990ef8e,False,planned,False,,,,,2026-08-23T08:19:38.971673+02:00
NSR:StopPlace:59635,Hauketo stasjon,2026-08-23T08:35:00+02:00,2026-08-23T08:35:00+02:00,,0.0,0,Bjørndal,RUT:Line:77,Holmlia stasjon - Bjørndal,77,bus,RUT:ServiceJourney:03f8954dd9e256de84a86cdb9b3a2e41,False,planned,False,,,,,2026-08-23T08:19:38.971673+02:00
NSR:StopPlace:59635,Hauketo stasjon,2026-08-23T08:58:00+02:00,2026-08-23T08:58:00+02:00,,0.0,0,Filipstad,RUT:Line:81,Fornebu - Myrvoll stasjon,81,bus,RUT:ServiceJourney:4c1ea7d29362235552625a57f4163716,False,planned,False,,,,,2026-08-23T08:19:38.971673+02:00
NSR:StopPlace:59636,Holmlia stasjon,2026-08-23T06:57:00+02:00,2026-08-23T06:57:00+02:00,,0.0,0,Bjørndal,RUT:Line:77,Holmlia stasjon - Bjørndal,77,bus,RUT:ServiceJourney:aebdbf311a01ef82abb931eb7910c404,False,planned,False,,,,,2026-08-23T08:19:38.971673+02:00
NSR:StopPlace:59636,Holmlia stasjon,2026-08-23T06:59:00+02:00,2026-08-23T06:59:00+02:00,,0.0,0,Brenna,RUT:Line:73,Holmlia stasjon - Brenna,73,bus,RUT:ServiceJourney:5bc599d3f8b8bdbe979d3540fddbd448,False,planned,False,,,,,2026-08-23T08:19:38.971673+02:00
NSR:StopPlace:59636,Holmlia stasjon,2026-08-23T07:06:00+02:00,2026-08-23T07:06:00+02:00,,0.0,0,Krummedike,RUT:Line:2077,Holmlia stasjon - Asperudåsen,77B,bus,RUT:ServiceJourney:60e23c82e53627566f99fda0074d7e9a,False,planned,False,,,,,2026-08-23T08:19:38.971673+02:00
NSR:StopPlace:59636,Holmlia stasjon,2026-08-23T07:12:00+02:00,2026-08-23T07:12:00+02:00,,0.0,0,Krummedike,RUT:Line:2077,Holmlia stasjon - Asperudåsen,77B,bus,RUT:ServiceJourney:60e23c82e53627566f99fda0074d7e9a,False,planned,False,,,,,2026-08-23T08:19:38.971673+02:00
NSR:StopPlace:59636,Holmlia stasjon,2026-08-23T07:29:00+02:00,2026-08-23T07:29:00+02:00,,0.0,0,Brenna,RUT:Line:73,Holmlia stasjon - Brenna,73,bus,RUT:ServiceJourney:b5114918632bf5f83eca8597e990ef8e,False,planned,False,,,,,2026-08-23T08:19:38.971673+02:00
NSR:StopPlace:59636,Holmlia stasjon,2026-08-23T07:34:00+02:00,2026-08-23T07:34:00+02:00,,0.0,0,Åsbråten,RUT:Line:79,Grorud T - Åsbråten,79,bus,RUT:ServiceJourney:2df0b86453f75e4e5041a8586fa19327,False,planned,False,,,,,2026-08-23T08:19:38.971673+02:00
NSR:StopPlace:59636,Holmlia stasjon,2026-08-23T07:36:00+02:00,2026-08-23T07:36:00+02:00,,0.0,0,Krummedike,RUT:Line:2077,Holmlia stasjon - Asperudåsen,77B,bus,RUT:ServiceJourney:03cd6d3621a85173aa5d8cb230f2d5a3,False,planned,False,,,,,2026-08-23T08:19:38.971673+02:00
NSR:StopPlace:59636,Holmlia stasjon,2026-08-23T07:42:00+02:00,2026-08-23T07:42:00+02:00,,0.0,0,Krummedike,RUT:Line:2077,Holmlia stasjon - Asperudåsen,77B,bus,RUT:ServiceJourney:03cd6d3621a85173aa5d8cb230f2d5a3,False,planned,False,,,,,2026-08-23T08:19:38.971673+02:00
NSR:StopPlace:59636,Holmlia stasjon,2026-08-23T08:27:00+02:00,2026-08-23T08:27:00+02:00,,0.0,0,Bjørndal,RUT:Line:77,Holmlia stasjon - Bjørndal,77,bus,RUT:ServiceJourney:03f8954dd9e256de84a86cdb9b3a2e41,False,planned,False,,,,,2026-08-23T08:19:38.971673+02:00
NSR:StopPlace:59636,Holmlia stasjon,2026-08-23T08:36:00+02:00,2026-08-23T08:36:00+02:00,,0.0,0,Krummedike,RUT:Line:2077,Holmlia stasjon - Asperudåsen,77B,bus,RUT:ServiceJourney:fb7e3b209816ac0036392d8d23670373,False,planned,False,,,,,2026-08-23T08:19:38.971673+02:00
NSR:StopPlace:59636,Holmlia stasjon,2026-08-23T08:42:00+02:00,2026-08-23T08:42:00+02:00,,0.0,0,Krummedike,RUT:Line:2077,Holmlia stasjon - Asperudåsen,77B,bus,RUT:ServiceJourney:fb7e3b209816ac0036392d8d23670373,False,planned,False,,,,,2026-08-23T08:19:38.971673+02:00
NSR:StopPlace:59636,Holmlia stasjon,2026-08-23T08:55:00+02:00,2026-08-23T08:55:00+02:00,,0.0,0,Grorud T,RUT:Line:79,Grorud T - Åsbråten,79,bus,RUT:ServiceJourney:4b5bc4e2728b7a28390d9434282de2f7,False,planned,False,,,,,2026-08-23T08:19:38.971673+02:00
NSR:StopPlace:59636,Holmlia stasjon,2026-08-23T08:57:00+02:00,2026-08-23T08:57:00+02:00,,0.0,0,Bjørndal,RUT:Line:77,Holmlia stasjon - Bjørndal,77,bus,RUT:ServiceJourney:d0797991c61d65e8f9c9813f8de3ae80,False,planned,False,,,,,2026-08-23T08:19:38.971673+02:00
NSR:StopPlace:59636,Holmlia stasjon,2026-08-23T08:59:00+02:00,2026-08-23T08:59:00+02:00,,0.0,0,Brenna,RUT:Line:73,Holmlia stasjon - Brenna,73,bus,RUT:ServiceJourney:1e55c9bd388e2eb39ff52f341e0974b7,False,planned,False,,,,,2026-08-23T08:19:38.971673+02:00
NSR:StopPlace:59636,Holmlia stasjon,2026-08-23T09:06:00+02:00,2026-08-23T09:06:00+02:00,,0.0,0,Krummedike,RUT:Line:2077,Holmlia stasjon - Asperudåsen,77B,bus,RUT:ServiceJourney:1ed71a3d3912843002c42c0626b83c8f,False,planned,False,,,,,2026-08-23T08:19:38.971673+02:00
NSR:StopPlace:59636,Holmlia stasjon,2026-08-23T09:12:00+02:00,2026-08-23T09:12:00+02:00,,0.0,0,Krummedike,RUT:Line:2077,Holmlia stasjon - Asperudåsen,77B,bus,RUT:ServiceJourney:1ed71a3d3912843002c42c0626b83c8f,False,planned,False,,,,,2026-08-23T08:19:38.971673+02:00
NSR:StopPlace:59638,Myrvoll stasjon,2026-08-23T07:26:00+02:00,2026-08-23T07:26:00+02:00,,0.0,0,Ski stasjon,RUT:Line:580,Kolbotn - Ski,580,bus,RUT:ServiceJourney:b1aea4e9c1761e780f121c77ff524857,False,planned,False,,,,,2026-08-23T08:19:38.971673+02:00
NSR:StopPlace:59638,Myrvoll stasjon,2026-08-23T07:37:00+02:00,2026-08-23T07:37:00+02:00,,0.0,0,Kolbotn torg,RUT:Line:580,Kolbotn - Ski,580,bus,RUT:ServiceJourney:e66dc29c460162a499f0dac0c7912291,False,planned,False,,,,,2026-08-23T08:19:38.971673+02:00
NSR:StopPlace:59638,Myrvoll stasjon,2026-08-23T08:35:00+02:00,2026-08-23T08:35:00+02:00,,0.0,0,Filipstad,RUT:Line:81,Fornebu - Myrvoll stasjon,81,bus,RUT:ServiceJourney:4c1ea7d29362235552625a57f4163716,False,planned,False,,,,,2026-08-23T08:19:38.971673+02:00
NSR:StopPlace:59638,Myrvoll stasjon,2026-08-23T08:56:00+02:00,2026-08-23T08:56:00+02:00,,0.0,0,Ski stasjon,RUT:Line:580,Kolbotn - Ski,580,bus,RUT:ServiceJourney:7d6c1c54fa638ce2cbc8d3ddd1dfc27a,False,planned,False,,,,,2026-08-23T08:19:38.971673+02:00
NSR:StopPlace:59638,Myrvoll stasjon,2026-08-23T09:05:00+02:00,2026-08-23T09:05:00+02:00,,0.0,0,Filipstad,RUT:Line:81,Fornebu - Myrvoll stasjon,81,bus,RUT:ServiceJourney:9eda31f0886003f93b0791bdb95fe923,False,planned,False,,,,,2026-08-23T08:19:38.971673+02:00
NSR:StopPlace:59638,Myrvoll stasjon,2026-08-23T09:07:00+02:00,2026-08-23T09:07:00+02:00,,0.0,0,Kolbotn torg,RUT:Line:580,Kolbotn - Ski,580,bus,RUT:ServiceJourney:f17cf410da91d352b39fc3a9dfd36797,False,planned,False,,,,,2026-08-23T08:19:38.971673+02:00
NSR:StopPlace:59639,Sonsveien stasjon,2026-08-23T06:20:00+02:00,2026-08-23T06:20:00+02:00,,0.0,0,Oslo lufthavn,VYX:Line:56,FB11 Fredrikstad-Oslo Lufthavn (OSL),FB11,bus,VYX:ServiceJourney:81485a3bd5f259692b6305482a82308e75de2107,False,planned,False,Forhåndsbestilling FB11,Billett må kjøpes på nett eller app senest 15 minutter før påstigning for at bussen skal kjøre innom holdeplassen. Ruter-billett er ikke gyldig. ,general,normal,2026-08-23T08:19:38.971673+02:00
NSR:StopPlace:59639,Sonsveien stasjon,2026-08-23T07:12:00+02:00,2026-08-23T07:12:00+02:00,,0.0,0,Vestby stasjon,RUT:Line:540,Moss - Son - Vestby stasjon,540,bus,RUT:ServiceJourney:430992468dd044061d32366d6b881d27,False,planned,False,Linje 540 tilbake i ordinær trasé fra mandag 24. august,"Storebro er nå ferdig forsterket. Linje 540 kjører igjen sin vanlige rute gjennom Moss, og traseen mellom Tigerplassen og Kongens gate går tilbake til normal drift.",general,normal,2026-08-23T08:19:38.971673+02:00
NSR:StopPlace:59639,Sonsveien stasjon,2026-08-23T07:20:00+02:00,2026-08-23T07:20:00+02:00,,0.0,0,Oslo lufthavn,VYX:Line:56,FB11 Fredrikstad-Oslo Lufthavn (OSL),FB11,bus,VYX:ServiceJourney:680aa444d806fb7f45769fdf41cc0add08a06628,False,planned,False,Forhåndsbestilling FB11,Billett må kjøpes på nett eller app senest 15 minutter før påstigning for at bussen skal kjøre innom holdeplassen. Ruter-billett er ikke gyldig. ,general,normal,2026-08-23T08:19:38.971673+02:00
NSR:StopPlace:59639,Sonsveien stasjon,2026-08-23T07:34:00+02:00,2026-08-23T07:34:00+02:00,,0.0,0,Stabekk,VYG:Line:R21,Stabekk-Oslo S-Moss,R21,rail,VYG:ServiceJourney:1114-MOS_498453-R,False,planned,False,,,,,2026-08-23T08:19:38.971673+02:00
NSR:StopPlace:59639,Sonsveien stasjon,2026-08-23T08:20:00+02:00,2026-08-23T08:20:00+02:00,,0.0,0,Oslo lufthavn,VYX:Line:56,FB11 Fredrikstad-Oslo Lufthavn (OSL),FB11,bus,VYX:ServiceJourney:7f7201d8fa55e4367d0b5ca3838285d0d39ed1ea,False,planned,False,Forhåndsbestilling FB11,Billett må kjøpes på nett eller app senest 15 minutter før påstigning for at bussen skal kjøre innom holdeplassen. Ruter-billett er ikke gyldig. ,general,normal,2026-08-23T08:19:38.971673+02:00
NSR:StopPlace:59639,Sonsveien stasjon,2026-08-23T08:55:00+02:00,2026-08-23T08:55:00+02:00,,0.0,0,Deør - Son - Store Brevik,RUT:Line:3545,Son mot klokka,545B,bus,RUT:ServiceJourney:fd74f78fb09e14a6bbed3b4886b7e7d2,False,planned,False,,,,,2026-08-23T08:19:38.971673+02:00
NSR:StopPlace:59639,Sonsveien stasjon,2026-08-23T09:09:00+02:00,2026-08-23T09:09:00+02:00,,0.0,0,Moss,RUT:Line:540,Moss - Son - Vestby stasjon,540,bus,RUT:ServiceJourney:b0051155067337de8ba3f12201d928c4,False,planned,False,Linje 540 tilbake i ordinær trasé fra mandag 24. august,"Storebro er nå ferdig forsterket. Linje 540 kjører igjen sin vanlige rute gjennom Moss, og traseen mellom Tigerplassen og Kongens gate går tilbake til normal drift.",general,normal,2026-08-23T08:19:38.971673+02:00
NSR:StopPlace:58404,Nationaltheatret,2026-08-23T06:19:00+02:00,2026-08-23T06:19:00+02:00,,0.0,0,Ellingsrudåsen,RUT:Line:2,Østerås - Ellingsrudåsen,2,metro,RUT:ServiceJourney:222a967e7da67e9560212c83c033056a,False,planned,False,,,,,2026-08-23T08:19:38.971673+02:00
NSR:StopPlace:58404,Nationaltheatret,2026-08-23T06:21:00+02:00,2026-08-23T06:21:00+02:00,,0.0,0,Østerås,RUT:Line:2,Østerås - Ellingsrudåsen,2,metro,RUT:ServiceJourney:ae4c047cd7dd92c4f9555250d6cab2cd,False,planned,False,,,,,2026-08-23T08:19:38.971673+02:00
NSR:StopPlace:58404,Nationaltheatret,2026-08-23T06:23:00+02:00,2026-08-23T06:23:00+02:00,,0.0,0,Bergkrystallen,RUT:Line:4,Vestli - Bergkrystallen,4,metro,RUT:ServiceJourney:328d6a86d536fdc8b320cfc73791a397,False,planned,False,,,,,2026-08-23T08:19:38.971673+02:00
NSR:StopPlace:58404,Nationaltheatret,2026-08-23T06:23:00+02:00,2026-08-23T06:23:00+02:00,,0.0,0,Sognsvann,RUT:Line:5,Sognsvann - Vestli,5,metro,RUT:ServiceJourney:ef0b9bda61f66d7115276ee62d04deb8,False,planned,False,Buss for T-bane Nydalen–Sognsvann,Erstatningsbuss kjører mellom Nydalen og Sognsvann. Avgangene vises i reiseplanleggeren. Overgang til T-bane på Nydalen. ,incident,normal,2026-08-23T08:19:38.971673+02:00
NSR:StopPlace:58404,Nationaltheatret,2026-08-23T06:29:00+02:00,2026-08-23T06:29:00+02:00,,0.0,0,Vestli,RUT:Line:5,Sognsvann - Vestli,5,metro,RUT:ServiceJourney:c97b32fd78040ff591b98cfeab6b8eaf,False,planned,False,Buss for T-bane Nydalen–Sognsvann,Erstatningsbuss kjører mellom Nydalen og Sognsvann. Avgangene vises i reiseplanleggeren. Overgang til T-bane på Nydalen. ,incident,normal,2026-08-23T08:19:38.971673+02:00
NSR:StopPlace:58404,Nationaltheatret,2026-08-23T06:33:00+02:00,2026-08-23T06:33:00+02:00,,0.0,0,Vestli via Majorstuen,RUT:Line:4,Vestli - Bergkrystallen,4,metro,RUT:ServiceJourney:3ba1fa2748de3eb17218f6f158fa3b8f,False,planned,False,,,,,2026-08-23T08:19:38.971673+02:00
NSR:StopPlace:58404,Nationaltheatret,2026-08-23T06:40:00+02:00,2026-08-23T06:40:00+02:00,,0.0,0,Frognerseteren,RUT:Line:1,Frognerseteren - Bergkrystallen,1,metro,RUT:ServiceJourney:ed96756fb5d901c3c507edcc3775443a,False,planned,False,,,,,2026-08-23T08:19:38.971673+02:00
NSR:StopPlace:58404,Nationaltheatret,2026-08-23T06:42:00+02:00,2026-08-23T06:42:00+02:00,,0.0,0,Mortensrud,RUT:Line:3,Kolsås - Mortensrud,3,metro,RUT:ServiceJourney:d752cf3e6444e08f440589fb3e7fb362,False,planned,False,,,,,2026-08-23T08:19:38.971673+02:00
NSR:StopPlace:58404,Nationaltheatret,2026-08-23T06:46:00+02:00,2026-08-23T06:46:00+02:00,,0.0,0,Kjelsås,RUT:Line:15,Jernbanetorget - Majorstuen via Nat,15,tram,RUT:ServiceJourney:287fff372eb91d0413caa6146d2c9e11,False,planned,False,,,,,2026-08-23T08:19:38.971673+02:00
NSR:StopPlace:58404,Nationaltheatret,2026-08-23T06:46:00+02:00,2026-08-23T06:46:00+02:00,,0.0,0,Helsfyr,RUT:Line:1,Frognerseteren - Bergkrystallen,1,metro,RUT:ServiceJourney:9154940974d9d2b80ec51f252c50f301,False,planned,False,,,,,2026-08-23T08:19:38.971673+02:00
NSR:StopPlace:58404,Nationaltheatret,2026-08-23T06:46:00+02:00,2026-08-23T06:46:00+02:00,,0.0,0,Kolsås,RUT:Line:3,Kolsås - Mortensrud,3,metro,RUT:ServiceJourney:9a164f09d17f84fc725df8a85e2f66c0,False,planned,False,,,,,2026-08-23T08:19:38.971673+02:00
NSR:StopPlace:58404,Nationaltheatret,2026-08-23T06:48:00+02:00,2026-08-23T06:48:00+02:00,,0.0,0,Eidsvoll,VYG:Line:R12,Kongsberg-Oslo S-Eidsvoll,R12,rail,VYG:ServiceJourney:504_444295-R,False,planned,False,,,,,2026-08-23T08:19:38.971673+02:00
NSR:StopPlace:58404,Nationaltheatret,2026-08-23T06:49:00+02:00,2026-08-23T06:49:00+02:00,,0.0,0,Ellingsrudåsen,RUT:Line:2,Østerås - Ellingsrudåsen,2,metro,RUT:ServiceJourney:2875e4e2c5d1e12d86079197d54e9ff6,False,planned,False,,,,,2026-08-23T08:19:38.971673+02:00
NSR:StopPlace:58404,Nationaltheatret,2026-08-23T06:50:00+02:00,2026-08-23T06:50:00+02:00,,0.0,0,Majorstuen,RUT:Line:15,Jernbanetorget - Majorstuen via Nat,15,tram,RUT:ServiceJourney:41cace4370266f9acd7630a71cda97db,False,planned,False,,,,,2026-08-23T08:19:38.971673+02:00
NSR:StopPlace:58404,Nationaltheatret,2026-08-23T06:51:00+02:00,2026-08-23T06:51:00+02:00,,0.0,0,Østerås,RUT:Line:2,Østerås - Ellingsrudåsen,2,metro,RUT:ServiceJourney:4f271b7a53929a957bb47f04c35fb222,False,planned,False,,,,,2026-08-23T08:19:38.971673+02:00
NSR:StopPlace:58404,Nationaltheatret,2026-08-23T06:51:00+02:00,2026-08-23T06:51:00+02:00,,0.0,0,Nydalen T,RUT:Line:37,Nydalen T - Helsfyr,37,bus,RUT:ServiceJourney:d875c773d88b0d56c309958c171be402,False,planned,False,,,,,2026-08-23T08:19:38.971673+02:00
NSR:StopPlace:58404,Nationaltheatret,2026-08-23T06:51:00+02:00,2026-08-23T06:51:00+02:00,,0.0,0,Filipstad,RUT:Line:81,Fornebu - Myrvoll stasjon,81,bus,RUT:ServiceJourney:0e01edfd4e1ce3a2bd86b49c2b333070,False,planned,False,,,,,2026-08-23T08:19:38.971673+02:00
NSR:StopPlace:58404,Nationaltheatret,2026-08-23T06:52:00+02:00,2026-08-23T06:52:00+02:00,,0.0,0,Nydalen,RUT:Line:30,Bygdøy - Nydalen,30,bus,RUT:ServiceJourney:9fedf2d8d15399353c9c65ace07a4706,False,planned,False,,,,,2026-08-23T08:19:38.971673+02:00
NSR:StopPlace:58404,Nationaltheatret,2026-08-23T06:52:00+02:00,2026-08-23T06:52:00+02:00,,0.0,0,Grorud T,RUT:Line:31,Snarøya - Fornebu - Tonsenhagen - Grorud,31,bus,RUT:ServiceJourney:2d7340db344be3df85119db82f8fc753,False,planned,False,,,,,2026-08-23T08:19:38.971673+02:00
NSR:StopPlace:58404,Nationaltheatret,2026-08-23T06:53:00+02:00,2026-08-23T06:53:00+02:00,,0.0,0,Lilleaker,RUT:Line:13,Bekkestua - Ljabru,13,tram,RUT:ServiceJourney:f5f01612d2c279962477e7c0598bcb9b,False,planned,False,Linje 13: Buss for trikk direkte mellom Thune og Furulund - Lilleaker ,Vi kjører buss for trikk (linje 13B) direkte mellom Thune og Furulund - Lilleaker. Bussen stopper ikke på Sollerud. 13B betjener Thune fra midlertidig holdeplass i Drammensveien,incident,normal,2026-08-23T08:19:38.971673+02:00
NSR:StopPlace:58404,Nationaltheatret,2026-08-23T06:53:00+02:00,2026-08-23T06:53:00+02:00,,0.0,0,Oslo Lufthavn,FLT:Line:FLY1,FLY1,FLY1,rail,FLT:ServiceJourney:1-2614-3715-20260823,False,planned,False,,,,,2026-08-23T08:19:38.971673+02:00
NSR:StopPlace:58404,Nationaltheatret,2026-08-23T06:53:00+02:00,2026-08-23T06:53:00+02:00,,0.0,0,Bergkrystallen,RUT:Line:4,Vestli - Bergkrystallen,4,metro,RUT:ServiceJourney:e1643ce4928b9a87ba23aef892b229c5,False,planned,False,,,,,2026-08-23T08:19:38.971673+02:00
NSR:StopPlace:58404,Nationaltheatret,2026-08-23T06:53:00+02:00,2026-08-23T06:53:00+02:00,,0.0,0,Sognsvann,RUT:Line:5,Sognsvann - Vestli,5,metro,RUT:ServiceJourney:8b1f5b22672363c4e62cc3611d47dbe9,False,planned,False,Buss for T-bane Nydalen–Sognsvann,Erstatningsbuss kjører mellom Nydalen og Sognsvann. Avgangene vises i reiseplanleggeren. Overgang til T-bane på Nydalen. ,incident,normal,2026-08-23T08:19:38.971673+02:00
NSR:StopPlace:58404,Nationaltheatret,2026-08-23T06:55:00+02:00,2026-08-23T06:55:00+02:00,,0.0,0,Fornebu,RUT:Line:31,Snarøya - Fornebu - Tonsenhagen - Grorud,31,bus,RUT:ServiceJourney:3f5cde0da0335b60da2bddc0e9f8718b,False,planned,False,,,,,2026-08-23T08:19:38.971673+02:00
NSR:StopPlace:58404,Nationaltheatret,2026-08-23T06:55:00+02:00,2026-08-23T06:55:00+02:00,,0.0,0,Gullhaug,RUT:Line:150,Gullhaug - Nationaltheatret,150,bus,RUT:ServiceJourney:0f2a4a8ba332b304db0140035dd0f6d2,False,planned,False,,,,,2026-08-23T08:19:38.971673+02:00
NSR:StopPlace:58404,Nationaltheatret,2026-08-23T06:56:00+02:00,2026-08-23T06:56:00+02:00,,0.0,0,Skullerud,RUT:Line:70,Nationaltheatret - Skullerud,70,bus,RUT:ServiceJourney:d0b0d9f2f78c952501806ce4cfcadd28,False,planned,False,,,,,2026-08-23T08:19:38.971673+02:00
NSR:StopPlace:58404,Nationaltheatret,2026-08-23T06:57:00+02:00,2026-08-23T06:57:00+02:00,,0.0,0,Ringen via Majorstuen,RUT:Line:5,Sognsvann - Vestli,5,metro,RUT:ServiceJourney:ea112ccddddfa40aa72f65d12b4e7d62,False,planned,False,Buss for T-bane Nydalen–Sognsvann,Erstatningsbuss kjører mellom Nydalen og Sognsvann. Avgangene vises i reiseplanleggeren. Overgang til T-bane på Nydalen. ,incident,normal,2026-08-23T08:19:38.971673+02:00
NSR:StopPlace:58404,Nationaltheatret,2026-08-23T06:59:00+02:00,2026-08-23T06:59:00+02:00,,0.0,0,Vestli,RUT:Line:5,Sognsvann - Vestli,5,metro,RUT:ServiceJourney:13a26317148abeaf4b6bfcee4b2cf899,False,planned,False,Buss for T-bane Nydalen–Sognsvann,Erstatningsbuss kjører mellom Nydalen og Sognsvann. Avgangene vises i reiseplanleggeren. Overgang til T-bane på Nydalen. ,incident,normal,2026-08-23T08:19:38.971673+02:00
NSR:StopPlace:58404,Nationaltheatret,2026-08-23T07:03:00+02:00,2026-08-23T07:03:00+02:00,,0.0,0,Vestli via Majorstuen,RUT:Line:4,Vestli - Bergkrystallen,4,metro,RUT:ServiceJourney:0e121d5f02505b23858f9561003d561f,False,planned,False,,,,,2026-08-23T08:19:38.971673+02:00
NSR:StopPlace:58404,Nationaltheatret,2026-08-23T07:04:00+02:00,2026-08-23T07:04:00+02:00,,0.0,0,Helsfyr,RUT:Line:37,Nydalen T - Helsfyr,37,bus,RUT:ServiceJourney:c463ae23b022bd860ff8d8cb337f914a,False,planned,False,,,,,2026-08-23T08:19:38.971673+02:00
NSR:StopPlace:58404,Nationaltheatret,2026-08-23T07:04:00+02:00,2026-08-23T07:04:00+02:00,,0.0,0,Nationaltheatret,RUT:Line:150,Gullhaug - Nationaltheatret,150,bus,RUT:ServiceJourney:4fe17789300603cc51b75486dafd1501,False,planned,False,,,,,2026-08-23T08:19:38.971673+02:00
NSR:StopPlace:58623,Katrineholm Centralstation,2026-08-23T08:39:00+02:00,2026-08-23T08:39:00+02:00,,0.0,0,Karlstad-Oslo,SJV:Line:cfac9102-49ef-476c-8663-a6d468ee4f36,Stockholm-Hallsberg-Karlstad-Oslo,70,rail,SJV:ServiceJourney:e794c8ce-6e4a-4fd2-b148-3ae868a8aed9,False,planned,False,,,,,2026-08-23T08:19:38.971673+02:00
NSR:StopPlace:58635,Stockholm Centralstation,2026-08-23T07:23:00+02:00,2026-08-23T07:23:00+02:00,,0.0,0,Karlstad-Oslo,SJV:Line:cfac9102-49ef-476c-8663-a6d468ee4f36,Stockholm-Hallsberg-Karlstad-Oslo,70,rail,SJV:ServiceJourney:e794c8ce-6e4a-4fd2-b148-3ae868a8aed9,False,planned,False,,,,,2026-08-23T08:19:38.971673+02:00
NSR:StopPlace:58963,Jessheim stasjon,2026-08-23T07:01:00+02:00,2026-08-23T07:01:00+02:00,,0.0,0,Oslo lufthavn,RUT:Line:440,Fenstad/Nordkisa - Oslo lufthavn,440,bus,RUT:ServiceJourney:7bb80a9caffbe81cc401e0d74ae48449,False,planned,False,,,,,2026-08-23T08:19:38.971673+02:00
NSR:StopPlace:58964,Kløfta stasjon,2026-08-23T07:18:00+02:00,2026-08-23T07:18:00+02:00,,0.0,0,Oslo lufthavn,RUT:Line:425,Kløfta – Oslo lufthavn,425,bus,RUT:ServiceJourney:a05ae7709c54a249cc54caaa68d73aed,False,planned,False,,,,,2026-08-23T08:19:38.971673+02:00
NSR:StopPlace:58964,Kløfta stasjon,2026-08-23T09:03:00+02:00,2026-08-23T09:03:00+02:00,,0.0,0,Oslo lufthavn,RUT:Line:425,Kløfta – Oslo lufthavn,425,bus,RUT:ServiceJourney:9311dfe6db07a9374a7bb55134329382,False,planned,False,,,,,2026-08-23T08:19:38.971673+02:00
NSR:StopPlace:58917,Marnardal stasjon,2026-08-23T09:16:00+02:00,2026-08-23T09:16:00+02:00,,0.0,0,Marnarkrysset,GOA:Line:50,Sørtoget region,F5,rail,GOA:ServiceJourney:B705-CW_74882-R,False,planned,False,Sørtoget: Bane NOR utfører vedlikeholdsarbeid.,Bane NOR utfører vedlikeholdsarbeid. Strekningen vil derfor være stengt i denne perioden og vi setter opp buss for tog mellom Stavanger og Kristiansand for Sørtoget. Se reiseplanleggeren for oppdatert informasjon.,incident,noImpact,2026-08-23T08:19:38.971673+02:00
NSR:StopPlace:58918,Nodeland stasjon,2026-08-23T09:06:00+02:00,2026-08-23T09:06:00+02:00,,0.0,0,Brennåsen ikke i bruk,GOA:Line:50,Sørtoget region,F5,rail,GOA:ServiceJourney:B705-CV_74881-R,False,planned,False,Sørtoget: Bane NOR utfører vedlikeholdsarbeid.,Bane NOR utfører vedlikeholdsarbeid. Strekningen vil derfor være stengt i denne perioden og vi setter opp buss for tog mellom Stavanger og Kristiansand for Sørtoget. Se reiseplanleggeren for oppdatert informasjon.,incident,noImpact,2026-08-23T08:19:38.971673+02:00
NSR:StopPlace:58921,Vennesla stasjon,2026-08-23T09:12:00+02:00,2026-08-23T09:12:00+02:00,,0.0,0,Vennesla - Grovane st. via Moseidmoen,AKT:Line:30,Kvadraturen - Mosby - Vennesl,30,bus,AKT:ServiceJourney:79427_7101_49_63000_65460_40001566,False,planned,False,,,,,2026-08-23T08:19:38.971673+02:00
NSR:StopPlace:58924,Bryne stasjon,2026-08-23T07:29:00+02:00,2026-08-23T07:29:00+02:00,,0.0,0,Krossmoen,GOA:Line:50,Sørtoget region,F5,rail,GOA:ServiceJourney:B708-EJ_74951-R,False,planned,False,Sørtoget: Bane NOR utfører vedlikeholdsarbeid.,Bane NOR utfører vedlikeholdsarbeid. Strekningen vil derfor være stengt i denne perioden og vi setter opp buss for tog mellom Stavanger og Kristiansand for Sørtoget. Se reiseplanleggeren for oppdatert informasjon.,incident,noImpact,2026-08-23T08:19:38.971673+02:00
NSR:StopPlace:58924,Bryne stasjon,2026-08-23T09:17:00+02:00,2026-08-23T09:17:00+02:00,,0.0,0,Krossmoen,GOA:Line:50,Sørtoget region,F5,rail,GOA:ServiceJourney:B710-EY_75011-R,False,planned,False,Sørtoget: Bane NOR utfører vedlikeholdsarbeid.,Bane NOR utfører vedlikeholdsarbeid. Strekningen vil derfor være stengt i denne perioden og vi setter opp buss for tog mellom Stavanger og Kristiansand for Sørtoget. Se reiseplanleggeren for oppdatert informasjon.,incident,noImpact,2026-08-23T08:19:38.971673+02:00
NSR:StopPlace:58925,Gausel stasjon,2026-08-23T09:02:00+02:00,2026-08-23T09:02:00+02:00,,0.0,0,Stavanger,KOL:Line:8_1003,2,2,bus,KOL:ServiceJourney:1003_251008123111330_6003,False,planned,False,,,,,2026-08-23T08:19:38.971673+02:00
NSR:StopPlace:58925,Gausel stasjon,2026-08-23T09:13:00+02:00,2026-08-23T09:13:00+02:00,,0.0,0,Egersund,GOA:Line:59,Jærbanen,L5,rail,GOA:ServiceJourney:B3020-AJ_74510-R,False,planned,False,,,,,2026-08-23T08:19:38.971673+02:00
NSR:StopPlace:58925,Gausel stasjon,2026-08-23T09:13:00+02:00,2026-08-23T09:13:00+02:00,,0.0,0,Nærbø,GOA:Line:59,Jærbanen,L5,rail,GOA:ServiceJourney:B3020-AL_74512-R,False,planned,False,,,,,2026-08-23T08:19:38.971673+02:00
NSR:StopPlace:58927,Flåm stasjon,2026-08-23T07:30:00+02:00,2026-08-23T07:30:00+02:00,,0.0,0,Aurland,NWB:Line:02cd6bd7-d4e7-472f-b5f8-8beff5425948,Flåm-Aurland Shuttle,,bus,NWB:ServiceJourney:1a1e9040-8b2a-4579-9f94-d418f4cc3bcb,False,planned,False,,,,,2026-08-23T08:19:38.971673+02:00
NSR:StopPlace:58927,Flåm stasjon,2026-08-23T08:00:00+02:00,2026-08-23T08:00:00+02:00,,0.0,0,Vang,VYX:Line:286,Fjord & fjellruta,820,coach,VYX:ServiceJourney:47b7684609fda7cacce6e4e086eb53863803a125,False,planned,False,Hund | Bagasjeregler,"Hund er tillatt om bord. Billett til hund må kjøpes direkte fra sjåføren ved påstigning.  | Billetten til buss 820 Fjord & Fjellruta inkluderer én håndbagasje og én kolli i tillegg. Ønsker du å ta med mer bagasje, kan dette legges til i kjøpet. ",general | general,normal | normal,2026-08-23T08:19:38.971673+02:00
NSR:StopPlace:58927,Flåm stasjon,2026-08-23T08:00:00+02:00,2026-08-23T08:00:00+02:00,,0.0,0,Stegastein,NWB:Line:44942bdc-34ea-401b-ac9d-0561e8b56621,Stegastein viewpoint & Mt. Prest,,bus,NWB:ServiceJourney:890eb8c2-0642-41a7-a5f3-66d73a135ee5,False,planned,False,,,,,2026-08-23T08:19:38.971673+02:00
NSR:StopPlace:58927,Flåm stasjon,2026-08-23T08:15:00+02:00,2026-08-23T08:15:00+02:00,,0.0,0,Gudvangen,NWB:Line:fe413f4b-8db5-4880-904a-e7540d67fe81,Flåm-Gudvangen Shuttle,,bus,NWB:ServiceJourney:108bd5df-0afb-4a46-a1cd-6e7d29ecd71e,False,planned,False,,,,,2026-08-23T08:19:38.971673+02:00
NSR:StopPlace:58927,Flåm stasjon,2026-08-23T08:15:00+02:00,2026-08-23T08:15:00+02:00,,0.0,0,Ål stasjon,SKY:Line:850,Flåm-Ål-Gudvangen,850,bus,SKY:ServiceJourney:850-202120-20749085,False,planned,False,Endra trasé frå 17. august | Endra trasé frå 17. august,"Frå 17. august vil haldeplassane Aurland, Esso Ohnstad og Otnes ikkje vere i bruk på linje 850. Dette på grunn av at Onstad bru ikkje er berekna for tunge bussar.  Sjå skyss.no/avvik for meir info. | Frå 17. august vil haldeplassane Aurland, Esso Ohnstad og Otnes ikkje vere i bruk på linje 800. Dette på grunn av at Onstad bru ikkje er berekna for tunge bussar.  Sjå skyss.no/avvik for meir info.",incident | incident,normal | normal,2026-08-23T08:19:38.971673+02:00
NSR:StopPlace:58927,Flåm stasjon,2026-08-23T08:25:00+02:00,2026-08-23T08:25:00+02:00,,0.0,0,Voss,VYX:Line:31,VY450 Bergen-Fagernes-Oslo,VY450,coach,VYX:ServiceJourney:07ee04ff92012e144ae8bfaedc1d0ba2be5ff3e8,False,planned,False,Forhåndsbestilling Vy,Billett må kjøpes på nett eller app senest 15 minutter før påstigning for at bussen skal kjøre innom holdeplassen.,general,normal,2026-08-23T08:19:38.971673+02:00
NSR:StopPlace:58927,Flåm stasjon,2026-08-23T08:30:00+02:00,2026-08-23T08:30:00+02:00,,0.0,0,Aurland,NWB:Line:02cd6bd7-d4e7-472f-b5f8-8beff5425948,Flåm-Aurland Shuttle,,bus,NWB:ServiceJourney:0e7efdba-2517-41a2-9fdc-6ceeb8f6c60e,False,planned,False,,,,,2026-08-23T08:19:38.971673+02:00
NSR:StopPlace:58927,Flåm stasjon,2026-08-23T08:45:00+02:00,2026-08-23T08:45:00+02:00,,0.0,0,Aurland-Østerbø,NWB:Line:452c0411-0df8-4b3b-9f3b-113d6d7fdb80,Flåm-Aurland-Vassbygdi-Østerbø,,bus,NWB:ServiceJourney:c3b1e525-5e1e-45f7-ad0b-ee9ce720f0a0,False,planned,False,,,,,2026-08-23T08:19:38.971673+02:00
NSR:StopPlace:58927,Flåm stasjon,2026-08-23T09:00:00+02:00,2026-08-23T09:00:00+02:00,,0.0,0,Stegastein,NWB:Line:44942bdc-34ea-401b-ac9d-0561e8b56621,Stegastein viewpoint & Mt. Prest,,bus,NWB:ServiceJourney:0e577c3c-141e-4b7a-83d2-49209e718e8c,False,planned,False,,,,,2026-08-23T08:19:38.971673+02:00
NSR:StopPlace:58927,Flåm stasjon,2026-08-23T09:15:00+02:00,2026-08-23T09:15:00+02:00,,0.0,0,Gudvangen,NWB:Line:fe413f4b-8db5-4880-904a-e7540d67fe81,Flåm-Gudvangen Shuttle,,bus,NWB:ServiceJourney:f6328713-8946-474b-b321-968c2ec23857,False,planned,False,,,,,2026-08-23T08:19:38.971673+02:00
NSR:StopPlace:58931,Fannrem stasjon,2026-08-23T08:40:00+02:00,2026-08-23T08:40:00+02:00,,0.0,0,Trondheim S via fv. 800,ATB:Line:2_410,Trondheim - Orkanger - (Fannrem) via fv. 800,410,bus,ATB:ServiceJourney:410_260106098640169_7001,False,planned,False,,,,,2026-08-23T08:19:38.971673+02:00
NSR:StopPlace:58932,Hommelvik stasjon,2026-08-23T09:10:00+02:00,2026-08-23T09:10:00+02:00,,0.0,0,Marienborg via Brattøra,ATB:Line:2_70,Stjørdal/Hommelvik- Trondheim,70,bus,ATB:ServiceJourney:70_251215112547025_7004,False,planned,False,,,,,2026-08-23T08:19:38.971673+02:00
NSR:StopPlace:58948,Stjørdal stasjon,2026-08-23T08:55:00+02:00,2026-08-23T08:55:00+02:00,,0.0,0,Marienborg via Brattøra,ATB:Line:2_70,Stjørdal/Hommelvik- Trondheim,70,bus,ATB:ServiceJourney:70_251215112547025_7004,False,planned,False,,,,,2026-08-23T08:19:38.971673+02:00
NSR:StopPlace:58836,Mjøndalen stasjon,2026-08-23T08:36:00+02:00,2026-08-23T08:36:00+02:00,,0.0,0,Drammen sykehus,BRA:Line:4_6001,Drammen sykehus Brakerøya - Sørensvingen / Mjøndalen,1,bus,BRA:ServiceJourney:6001_260622113455581_7000,False,planned,False,Linje 1: holdeplass Austad har byttet navn til Sandvollen fra 17.08.,,general,normal,2026-08-23T08:19:38.971673+02:00
NSR:StopPlace:58836,Mjøndalen stasjon,2026-08-23T09:06:00+02:00,2026-08-23T09:06:00+02:00,,0.0,0,Drammen sykehus,BRA:Line:4_6001,Drammen sykehus Brakerøya - Sørensvingen / Mjøndalen,1,bus,BRA:ServiceJourney:6001_260415100161885_7002,False,planned,False,Linje 1: holdeplass Austad har byttet navn til Sandvollen fra 17.08.,,general,normal,2026-08-23T08:19:38.971673+02:00
NSR:StopPlace:58838,Røyken stasjon,2026-08-23T09:15:00+02:00,2026-08-23T09:15:00+02:00,,0.0,0,Asker,RUT:Line:260,Hyggen - Bråset -Slemmestad (- Asker),260,bus,RUT:ServiceJourney:3c0eaa625412b8f13260b6b8992bf2aa,False,planned,False,Ruteendringer,Fra 17. august vil det være endringer på flere linjer. ,general,normal,2026-08-23T08:19:38.971673+02:00
NSR:StopPlace:58844,Eidsvoll stasjon,2026-08-23T08:17:00+02:00,2026-08-23T08:17:00+02:00,,0.0,0,Lillehammer,VYG:Line:RE10,Drammen-Oslo S-Lillehammer,RE10,rail,VYG:ServiceJourney:BUS-307_588884-R,False,planned,False,,,,,2026-08-23T08:19:38.971673+02:00
NSR:StopPlace:58844,Eidsvoll stasjon,2026-08-23T08:17:00+02:00,2026-08-23T08:17:00+02:00,,0.0,0,Lillehammer,VYG:Line:RE10,Drammen-Oslo S-Lillehammer,RE10,rail,VYG:ServiceJourney:BUS-307_588883-R,False,planned,False,,,,,2026-08-23T08:19:38.971673+02:00
NSR:StopPlace:58844,Eidsvoll stasjon,2026-08-23T09:15:00+02:00,2026-08-23T09:15:00+02:00,,0.0,0,Jessheim,RUT:Line:430,Eidsvoll - Jessheim,430,bus,RUT:ServiceJourney:2faaf5d58ef213dc67db48234a3ae543,False,planned,False,,,,,2026-08-23T08:19:38.971673+02:00
NSR:StopPlace:58844,Eidsvoll stasjon,2026-08-23T09:17:00+02:00,2026-08-23T09:17:00+02:00,,0.0,0,Lillehammer,VYG:Line:RE10,Drammen-Oslo S-Lillehammer,RE10,rail,VYG:ServiceJourney:BUS-309_588890-R,False,planned,False,,,,,2026-08-23T08:19:38.971673+02:00
NSR:StopPlace:58844,Eidsvoll stasjon,2026-08-23T09:17:00+02:00,2026-08-23T09:17:00+02:00,,0.0,0,Lillehammer,VYG:Line:RE10,Drammen-Oslo S-Lillehammer,RE10,rail,VYG:ServiceJourney:BUS-309_588891-R,False,planned,False,,,,,2026-08-23T08:19:38.971673+02:00
NSR:StopPlace:58844,Eidsvoll stasjon,2026-08-23T09:17:00+02:00,2026-08-23T09:17:00+02:00,,0.0,0,Hamar,VYG:Line:RE10,Drammen-Oslo S-Lillehammer,RE10,rail,VYG:ServiceJourney:BUS-309_588887-R,False,planned,False,,,,,2026-08-23T08:19:38.971673+02:00
NSR:StopPlace:58844,Eidsvoll stasjon,2026-08-23T09:17:00+02:00,2026-08-23T09:17:00+02:00,,0.0,0,Lillehammer,VYG:Line:RE10,Drammen-Oslo S-Lillehammer,RE10,rail,VYG:ServiceJourney:BUS-309_588888-R,False,planned,False,,,,,2026-08-23T08:19:38.971673+02:00
NSR:StopPlace:58844,Eidsvoll stasjon,2026-08-23T09:17:00+02:00,2026-08-23T09:17:00+02:00,,0.0,0,Lillehammer,VYG:Line:RE10,Drammen-Oslo S-Lillehammer,RE10,rail,VYG:ServiceJourney:BUS-309_588889-R,False,planned,False,,,,,2026-08-23T08:19:38.971673+02:00
NSR:StopPlace:58847,Frogner stasjon,2026-08-23T07:08:00+02:00,2026-08-23T07:08:00+02:00,,0.0,0,Oslo lufthavn,RUT:Line:425,Kløfta – Oslo lufthavn,425,bus,RUT:ServiceJourney:a05ae7709c54a249cc54caaa68d73aed,False,planned,False,,,,,2026-08-23T08:19:38.971673+02:00
NSR:StopPlace:58847,Frogner stasjon,2026-08-23T09:10:00+02:00,2026-08-23T09:10:00+02:00,,0.0,0,Sørumsand,RUT:Line:365,Sørumsand - Frogner - Skedsmokorset,365,bus,RUT:ServiceJourney:ef5f9414c9efd51467d71ae558f51fe0,False,planned,False,,,,,2026-08-23T08:19:38.971673+02:00
NSR:StopPlace:58847,Frogner stasjon,2026-08-23T09:13:00+02:00,2026-08-23T09:13:00+02:00,,0.0,0,Skedsmokorset,RUT:Line:365,Sørumsand - Frogner - Skedsmokorset,365,bus,RUT:ServiceJourney:4d6dd9b62d007def72151697475391ee,False,planned,False,,,,,2026-08-23T08:19:38.971673+02:00
NSR:StopPlace:58849,Hakadal stasjon,2026-08-23T08:38:00+02:00,2026-08-23T08:38:00+02:00,,0.0,0,Oslo bussterminal,RUT:Line:390,Kongskog/Hellerudhaugen - Oslo bussterminal,390,bus,RUT:ServiceJourney:511546aa39cf0310e19a158c90d968bc,False,planned,False,,,,,2026-08-23T08:19:38.971673+02:00
NSR:StopPlace:58853,Kolbotn stasjon,2026-08-23T06:41:00+02:00,2026-08-23T06:41:00+02:00,,0.0,0,Hauketo stasjon,RUT:Line:87,Hauketo stasjon - Kolbotn,87,bus,RUT:ServiceJourney:f9f63cba4b28ae5248b6ff23cf24d6c2,False,planned,False,,,,,2026-08-23T08:19:38.971673+02:00
NSR:StopPlace:58853,Kolbotn stasjon,2026-08-23T07:13:00+02:00,2026-08-23T07:13:00+02:00,,0.0,0,Ski stasjon,RUT:Line:580,Kolbotn - Ski,580,bus,RUT:ServiceJourney:b1aea4e9c1761e780f121c77ff524857,False,planned,False,,,,,2026-08-23T08:19:38.971673+02:00
NSR:StopPlace:58853,Kolbotn stasjon,2026-08-23T07:20:00+02:00,2026-08-23T07:20:00+02:00,,0.0,0,Kolbotn,RUT:Line:87,Hauketo stasjon - Kolbotn,87,bus,RUT:ServiceJourney:e65e6b187c1d3fef21e87eefa64980e4,False,planned,False,,,,,2026-08-23T08:19:38.971673+02:00
NSR:StopPlace:58853,Kolbotn stasjon,2026-08-23T07:49:00+02:00,2026-08-23T07:49:00+02:00,,0.0,0,Kolbotn torg,RUT:Line:580,Kolbotn - Ski,580,bus,RUT:ServiceJourney:e66dc29c460162a499f0dac0c7912291,False,planned,False,,,,,2026-08-23T08:19:38.971673+02:00
NSR:StopPlace:58853,Kolbotn stasjon,2026-08-23T08:41:00+02:00,2026-08-23T08:41:00+02:00,,0.0,0,Hauketo stasjon,RUT:Line:87,Hauketo stasjon - Kolbotn,87,bus,RUT:ServiceJourney:af532fc2c32bdf59c068c1706c9efc4b,False,planned,False,,,,,2026-08-23T08:19:38.971673+02:00
NSR:StopPlace:58853,Kolbotn stasjon,2026-08-23T08:43:00+02:00,2026-08-23T08:43:00+02:00,,0.0,0,Ski stasjon,RUT:Line:580,Kolbotn - Ski,580,bus,RUT:ServiceJourney:7d6c1c54fa638ce2cbc8d3ddd1dfc27a,False,planned,False,,,,,2026-08-23T08:19:38.971673+02:00
NSR:StopPlace:58853,Kolbotn stasjon,2026-08-23T08:49:00+02:00,2026-08-23T08:49:00+02:00,,0.0,0,Bjørvika,RUT:Line:83,Jernbanetorget - Tårnåsen,83,bus,RUT:ServiceJourney:536f89fc65a7f9331734599d9e0ad9b8,False,planned,False,Linje 80E og 83 får Hausmanns bru som ny endeholdeplass fra 29. juni,"Bussene stopper ikke på Jernbanetorget etter 29. juni, men starter og stopper på Hausmanns bru i Nylandsveien.",incident,normal,2026-08-23T08:19:38.971673+02:00
NSR:StopPlace:58853,Kolbotn stasjon,2026-08-23T09:13:00+02:00,2026-08-23T09:13:00+02:00,,0.0,0,Ski stasjon,RUT:Line:580,Kolbotn - Ski,580,bus,RUT:ServiceJourney:c8e0b5f18b1a7a541991bdf49f0f42a7,False,planned,False,,,,,2026-08-23T08:19:38.971673+02:00
NSR:StopPlace:58853,Kolbotn stasjon,2026-08-23T09:19:00+02:00,2026-08-23T09:19:00+02:00,,0.0,0,Kolbotn torg,RUT:Line:580,Kolbotn - Ski,580,bus,RUT:ServiceJourney:f17cf410da91d352b39fc3a9dfd36797,False,planned,False,,,,,2026-08-23T08:19:38.971673+02:00
NSR:StopPlace:58853,Kolbotn stasjon,2026-08-23T09:19:00+02:00,2026-08-23T09:19:00+02:00,,0.0,0,Bjørvika,RUT:Line:83,Jernbanetorget - Tårnåsen,83,bus,RUT:ServiceJourney:19c0b2662532898b483bf1e04153ba84,False,planned,False,Linje 80E og 83 får Hausmanns bru som ny endeholdeplass fra 29. juni,"Bussene stopper ikke på Jernbanetorget etter 29. juni, men starter og stopper på Hausmanns bru i Nylandsveien.",incident,normal,2026-08-23T08:19:38.971673+02:00
NSR:StopPlace:58854,Langhus stasjon,2026-08-23T06:46:00+02:00,2026-08-23T06:46:00+02:00,,0.0,0,Oslo S,VYG:Line:L2,Stabekk-Oslo S-Ski,L2,rail,VYG:ServiceJourney:BUS-2712_588864-R,False,planned,False,,,,,2026-08-23T08:19:38.971673+02:00
NSR:StopPlace:58854,Langhus stasjon,2026-08-23T07:06:00+02:00,2026-08-23T07:06:00+02:00,,0.0,0,Oslo S,VYG:Line:L2,Stabekk-Oslo S-Ski,L2,rail,VYG:ServiceJourney:BUS-2712_588865-R,False,planned,False,,,,,2026-08-23T08:19:38.971673+02:00
NSR:StopPlace:58854,Langhus stasjon,2026-08-23T07:46:00+02:00,2026-08-23T07:46:00+02:00,,0.0,0,Oslo S,VYG:Line:L2,Stabekk-Oslo S-Ski,L2,rail,VYG:ServiceJourney:BUS-2716_588867-R,False,planned,False,,,,,2026-08-23T08:19:38.971673+02:00
NSR:StopPlace:58854,Langhus stasjon,2026-08-23T08:06:00+02:00,2026-08-23T08:06:00+02:00,,0.0,0,Oslo S,VYG:Line:L2,Stabekk-Oslo S-Ski,L2,rail,VYG:ServiceJourney:BUS-2716_588868-R,False,planned,False,,,,,2026-08-23T08:19:38.971673+02:00
NSR:StopPlace:58854,Langhus stasjon,2026-08-23T08:26:00+02:00,2026-08-23T08:26:00+02:00,,0.0,0,Oslo S,VYG:Line:L2,Stabekk-Oslo S-Ski,L2,rail,VYG:ServiceJourney:BUS-2718_588869-R,False,planned,False,,,,,2026-08-23T08:19:38.971673+02:00
NSR:StopPlace:58856,Lysaker stasjon,2026-08-23T07:26:00+02:00,2026-08-23T07:26:00+02:00,,0.0,0,Torpekspressen - Torp airport,UNI:Line:UE2,Oslo Bussterminal - Torp Lufhavn,FB25,bus,UNI:ServiceJourney:UE2-168007-46426591,False,planned,False,,,,,2026-08-23T08:19:38.971673+02:00
NSR:StopPlace:58856,Lysaker stasjon,2026-08-23T07:36:00+02:00,2026-08-23T07:36:00+02:00,,0.0,0,Kristiansand,GOA:Line:50,Sørtoget region,F5,rail,GOA:ServiceJourney:707-LOD_73014-R,False,planned,False,,,,,2026-08-23T08:19:38.971673+02:00
NSR:StopPlace:58857,Lørenskog stasjon,2026-08-23T08:37:00+02:00,2026-08-23T08:37:00+02:00,,0.0,0,Nesåsen,RUT:Line:120,Nesåsen - Stovner,120,bus,RUT:ServiceJourney:c79e9df69289a8ca76d53abd27749a7b,False,planned,False,,,,,2026-08-23T08:19:38.971673+02:00
NSR:StopPlace:58857,Lørenskog stasjon,2026-08-23T09:07:00+02:00,2026-08-23T09:07:00+02:00,,0.0,0,Nesåsen,RUT:Line:120,Nesåsen - Stovner,120,bus,RUT:ServiceJourney:44c6b5bd7f19aed1dd7fdecab0319758,False,planned,False,,,,,2026-08-23T08:19:38.971673+02:00
NSR:StopPlace:58857,Lørenskog stasjon,2026-08-23T09:13:00+02:00,2026-08-23T09:13:00+02:00,,0.0,0,Stovner,RUT:Line:120,Nesåsen - Stovner,120,bus,RUT:ServiceJourney:d10deb556e5560971515bac232e6491a,False,planned,False,,,,,2026-08-23T08:19:38.971673+02:00
NSR:StopPlace:58851,Heggedal stasjon,2026-08-23T08:59:00+02:00,2026-08-23T08:59:00+02:00,,0.0,0,Rustadgrenda,RUT:Line:286,Rustadgrenda-Heggedal,286,bus,RUT:ServiceJourney:911e262b8fec5d596b50a88852640925,False,planned,False,,,,,2026-08-23T08:19:38.971673+02:00
NSR:StopPlace:58864,Sørumsand stasjon,2026-08-23T08:51:00+02:00,2026-08-23T08:51:00+02:00,,0.0,0,Skedsmokorset,RUT:Line:365,Sørumsand - Frogner - Skedsmokorset,365,bus,RUT:ServiceJourney:4d6dd9b62d007def72151697475391ee,False,planned,False,,,,,2026-08-23T08:19:38.971673+02:00
NSR:StopPlace:58865,Vestby stasjon,2026-08-23T08:50:00+02:00,2026-08-23T08:50:00+02:00,,0.0,0,Randem,RUT:Line:533,Randem - Vestby stasjon,533,bus,RUT:ServiceJourney:773d1618857b7d5620c3dd093ac599ee,False,planned,False,,,,,2026-08-23T08:19:38.971673+02:00
NSR:StopPlace:58865,Vestby stasjon,2026-08-23T08:50:00+02:00,2026-08-23T08:50:00+02:00,,0.0,0,Moss,RUT:Line:540,Moss - Son - Vestby stasjon,540,bus,RUT:ServiceJourney:b0051155067337de8ba3f12201d928c4,False,planned,False,Linje 540 tilbake i ordinær trasé fra mandag 24. august,"Storebro er nå ferdig forsterket. Linje 540 kjører igjen sin vanlige rute gjennom Moss, og traseen mellom Tigerplassen og Kongens gate går tilbake til normal drift.",general,normal,2026-08-23T08:19:38.971673+02:00
NSR:StopPlace:58865,Vestby stasjon,2026-08-23T08:50:00+02:00,2026-08-23T08:50:00+02:00,,0.0,0,Grønberg,RUT:Line:530,Pepperstad - Vestby stasjon,530,bus,RUT:ServiceJourney:f672ce02855104a89a06f11f414f1755,False,planned,False,,,,,2026-08-23T08:19:38.971673+02:00
NSR:StopPlace:58866,Vevelstad stasjon,2026-08-23T06:48:00+02:00,2026-08-23T06:48:00+02:00,,0.0,0,Oslo S,VYG:Line:L2,Stabekk-Oslo S-Ski,L2,rail,VYG:ServiceJourney:BUS-2712_588864-R,False,planned,False,,,,,2026-08-23T08:19:38.971673+02:00
NSR:StopPlace:58866,Vevelstad stasjon,2026-08-23T07:08:00+02:00,2026-08-23T07:08:00+02:00,,0.0,0,Oslo S,VYG:Line:L2,Stabekk-Oslo S-Ski,L2,rail,VYG:ServiceJourney:BUS-2712_588865-R,False,planned,False,,,,,2026-08-23T08:19:38.971673+02:00
NSR:StopPlace:58866,Vevelstad stasjon,2026-08-23T07:48:00+02:00,2026-08-23T07:48:00+02:00,,0.0,0,Oslo S,VYG:Line:L2,Stabekk-Oslo S-Ski,L2,rail,VYG:ServiceJourney:BUS-2716_588867-R,False,planned,False,,,,,2026-08-23T08:19:38.971673+02:00
NSR:StopPlace:58866,Vevelstad stasjon,2026-08-23T08:08:00+02:00,2026-08-23T08:08:00+02:00,,0.0,0,Oslo S,VYG:Line:L2,Stabekk-Oslo S-Ski,L2,rail,VYG:ServiceJourney:BUS-2716_588868-R,False,planned,False,,,,,2026-08-23T08:19:38.971673+02:00
NSR:StopPlace:58866,Vevelstad stasjon,2026-08-23T08:28:00+02:00,2026-08-23T08:28:00+02:00,,0.0,0,Oslo S,VYG:Line:L2,Stabekk-Oslo S-Ski,L2,rail,VYG:ServiceJourney:BUS-2718_588869-R,False,planned,False,,,,,2026-08-23T08:19:38.971673+02:00
NSR:StopPlace:58869,Ås stasjon,2026-08-23T06:50:00+02:00,2026-08-23T06:50:00+02:00,,0.0,0,Oslo S,VYG:Line:R21,Stabekk-Oslo S-Moss,R21,rail,VYG:ServiceJourney:BUS-1110_588851-R,False,planned,False,,,,,2026-08-23T08:19:38.971673+02:00
NSR:StopPlace:58869,Ås stasjon,2026-08-23T07:50:00+02:00,2026-08-23T07:50:00+02:00,,0.0,0,Ski,VYG:Line:R21,Stabekk-Oslo S-Moss,R21,rail,VYG:ServiceJourney:BUS-1114_588858-R,False,planned,False,,,,,2026-08-23T08:19:38.971673+02:00
NSR:StopPlace:58860,Oppegård stasjon,2026-08-23T06:51:00+02:00,2026-08-23T06:51:00+02:00,,0.0,0,Oslo S,VYG:Line:L2,Stabekk-Oslo S-Ski,L2,rail,VYG:ServiceJourney:BUS-2712_588864-R,False,planned,False,,,,,2026-08-23T08:19:38.971673+02:00
NSR:StopPlace:58860,Oppegård stasjon,2026-08-23T07:11:00+02:00,2026-08-23T07:11:00+02:00,,0.0,0,Oslo S,VYG:Line:L2,Stabekk-Oslo S-Ski,L2,rail,VYG:ServiceJourney:BUS-2712_588865-R,False,planned,False,,,,,2026-08-23T08:19:38.971673+02:00
NSR:StopPlace:58860,Oppegård stasjon,2026-08-23T07:51:00+02:00,2026-08-23T07:51:00+02:00,,0.0,0,Oslo S,VYG:Line:L2,Stabekk-Oslo S-Ski,L2,rail,VYG:ServiceJourney:BUS-2716_588867-R,False,planned,False,,,,,2026-08-23T08:19:38.971673+02:00
NSR:StopPlace:58860,Oppegård stasjon,2026-08-23T08:11:00+02:00,2026-08-23T08:11:00+02:00,,0.0,0,Oslo S,VYG:Line:L2,Stabekk-Oslo S-Ski,L2,rail,VYG:ServiceJourney:BUS-2716_588868-R,False,planned,False,,,,,2026-08-23T08:19:38.971673+02:00
NSR:StopPlace:58860,Oppegård stasjon,2026-08-23T08:31:00+02:00,2026-08-23T08:31:00+02:00,,0.0,0,Oslo S,VYG:Line:L2,Stabekk-Oslo S-Ski,L2,rail,VYG:ServiceJourney:BUS-2718_588869-R,False,planned,False,,,,,2026-08-23T08:19:38.971673+02:00
NSR:StopPlace:58860,Oppegård stasjon,2026-08-23T09:01:00+02:00,2026-08-23T09:01:00+02:00,,0.0,0,Kolbotn torg,RUT:Line:580,Kolbotn - Ski,580,bus,RUT:ServiceJourney:f17cf410da91d352b39fc3a9dfd36797,False,planned,False,,,,,2026-08-23T08:19:38.971673+02:00
NSR:StopPlace:58860,Oppegård stasjon,2026-08-23T09:01:00+02:00,2026-08-23T09:01:00+02:00,,0.0,0,Ski stasjon,RUT:Line:580,Kolbotn - Ski,580,bus,RUT:ServiceJourney:7d6c1c54fa638ce2cbc8d3ddd1dfc27a,False,planned,False,,,,,2026-08-23T08:19:38.971673+02:00
NSR:StopPlace:58861,Solbråtan stasjon,2026-08-23T08:45:00+02:00,2026-08-23T08:45:00+02:00,,0.0,0,Bjørvika,RUT:Line:83,Jernbanetorget - Tårnåsen,83,bus,RUT:ServiceJourney:536f89fc65a7f9331734599d9e0ad9b8,False,planned,False,Linje 80E og 83 får Hausmanns bru som ny endeholdeplass fra 29. juni,"Bussene stopper ikke på Jernbanetorget etter 29. juni, men starter og stopper på Hausmanns bru i Nylandsveien.",incident,normal,2026-08-23T08:19:38.971673+02:00
NSR:StopPlace:58861,Solbråtan stasjon,2026-08-23T09:15:00+02:00,2026-08-23T09:15:00+02:00,,0.0,0,Bjørvika,RUT:Line:83,Jernbanetorget - Tårnåsen,83,bus,RUT:ServiceJourney:19c0b2662532898b483bf1e04153ba84,False,planned,False,Linje 80E og 83 får Hausmanns bru som ny endeholdeplass fra 29. juni,"Bussene stopper ikke på Jernbanetorget etter 29. juni, men starter og stopper på Hausmanns bru i Nylandsveien.",incident,normal,2026-08-23T08:19:38.971673+02:00
NSR:StopPlace:58875,Torp stasjon,2026-08-23T06:53:00+02:00,2026-08-23T06:53:00+02:00,,0.0,0,Torp,VYX:Line:164,S174 Shuttle Sandefjord Lufthavn Torp,S174,bus,VYX:ServiceJourney:09628dea8c64877ef66f2e2019c07eeed9bd03e0,False,planned,False,Info S174,I retning Sandefjord lufthavn Torp vil S174 vente på tog som ankommer Torp stasjon.,general,normal,2026-08-23T08:19:38.971673+02:00
NSR:StopPlace:58875,Torp stasjon,2026-08-23T07:55:00+02:00,2026-08-23T07:55:00+02:00,,0.0,0,Torp,VYX:Line:164,S174 Shuttle Sandefjord Lufthavn Torp,S174,bus,VYX:ServiceJourney:cd8036fb2200c843377124c7273012aa155460af,False,planned,False,Info S174,I retning Sandefjord lufthavn Torp vil S174 vente på tog som ankommer Torp stasjon.,general,normal,2026-08-23T08:19:38.971673+02:00
NSR:StopPlace:58875,Torp stasjon,2026-08-23T08:55:00+02:00,2026-08-23T08:55:00+02:00,,0.0,0,Torp,VYX:Line:164,S174 Shuttle Sandefjord Lufthavn Torp,S174,bus,VYX:ServiceJourney:f6329ae4584669fe68628bfddbed2d8aa47aeea9,False,planned,False,Info S174,I retning Sandefjord lufthavn Torp vil S174 vente på tog som ankommer Torp stasjon.,general,normal,2026-08-23T08:19:38.971673+02:00
NSR:StopPlace:58875,Torp stasjon,2026-08-23T09:16:00+02:00,2026-08-23T09:16:00+02:00,,0.0,0,Torp,VYX:Line:164,S174 Shuttle Sandefjord Lufthavn Torp,S174,bus,VYX:ServiceJourney:7c45e9d46b7b8570d69ed1316304b3e3e279cf32,False,planned,False,Info S174,I retning Sandefjord lufthavn Torp vil S174 vente på tog som ankommer Torp stasjon.,general,normal,2026-08-23T08:19:38.971673+02:00
NSR:StopPlace:58882,Nordagutu stasjon,2026-08-23T09:09:00+02:00,2026-08-23T09:09:00+02:00,,0.0,0,Kristiansand,GOA:Line:50,Sørtoget region,F5,rail,GOA:ServiceJourney:707-LOD_73014-R,False,planned,False,,,,,2026-08-23T08:19:38.971673+02:00
NSR:StopPlace:58801,Sarpsborg stasjon,2026-08-23T09:13:00+02:00,2026-08-23T09:13:00+02:00,,0.0,0,Blessom,OST:Line:1_13,Kalnes - Blessom,13,bus,OST:ServiceJourney:13_260325121470858_806,False,planned,False,,,,,2026-08-23T08:19:38.971673+02:00
NSR:StopPlace:58805,Brumunddal stasjon,2026-08-23T06:33:00+02:00,2026-08-23T06:33:00+02:00,,0.0,0,Eidsvoll,VYG:Line:RE10,Drammen-Oslo S-Lillehammer,RE10,rail,VYG:ServiceJourney:BUS-306_588878-R,False,planned,False,,,,,2026-08-23T08:19:38.971673+02:00
NSR:StopPlace:58805,Brumunddal stasjon,2026-08-23T07:40:00+02:00,2026-08-23T07:40:00+02:00,,0.0,0,Eidsvoll,VYG:Line:RE10,Drammen-Oslo S-Lillehammer,RE10,rail,VYG:ServiceJourney:BUS-308_589713-R,False,planned,False,,,,,2026-08-23T08:19:38.971673+02:00
NSR:StopPlace:58805,Brumunddal stasjon,2026-08-23T09:10:00+02:00,2026-08-23T09:10:00+02:00,,0.0,0,Lillehammer,VYG:Line:RE10,Drammen-Oslo S-Lillehammer,RE10,rail,VYG:ServiceJourney:BUS-307_588886-R,False,planned,False,,,,,2026-08-23T08:19:38.971673+02:00
NSR:StopPlace:58808,Kongsvinger stasjon,2026-08-23T08:57:00+02:00,2026-08-23T08:57:00+02:00,,0.0,0,Karlstad-Stockholm,SJV:Line:cfac9102-49ef-476c-8663-a6d468ee4f36,Stockholm-Hallsberg-Karlstad-Oslo,70,rail,SJV:ServiceJourney:6bcdad44-579c-4040-a6ec-639bc3e56953,False,planned,False,,,,,2026-08-23T08:19:38.971673+02:00
NSR:StopPlace:58811,Moelv stasjon,2026-08-23T06:17:00+02:00,2026-08-23T06:17:00+02:00,,0.0,0,Eidsvoll,VYG:Line:RE10,Drammen-Oslo S-Lillehammer,RE10,rail,VYG:ServiceJourney:BUS-306_588878-R,False,planned,False,,,,,2026-08-23T08:19:38.971673+02:00
NSR:StopPlace:58811,Moelv stasjon,2026-08-23T07:24:00+02:00,2026-08-23T07:24:00+02:00,,0.0,0,Eidsvoll,VYG:Line:RE10,Drammen-Oslo S-Lillehammer,RE10,rail,VYG:ServiceJourney:BUS-308_589713-R,False,planned,False,,,,,2026-08-23T08:19:38.971673+02:00
NSR:StopPlace:58811,Moelv stasjon,2026-08-23T09:17:00+02:00,2026-08-23T09:17:00+02:00,,0.0,0,Eidsvoll,VYG:Line:RE10,Drammen-Oslo S-Lillehammer,RE10,rail,VYG:ServiceJourney:BUS-312_588908-R,False,planned,False,,,,,2026-08-23T08:19:38.971673+02:00
NSR:StopPlace:64171,Gamlestaden,2026-08-23T09:16:00+02:00,2026-08-23T09:16:00+02:00,,0.0,0,Oslo S,SNT:Line:15931205-7b69-51de-bac7-18d4acc5c6f5,Stockholm C,IC,rail,SNT:ServiceJourney:92164baa-5cd5-5674-b737-6f013b4f1746,False,planned,False,,,,,2026-08-23T08:19:38.971673+02:00
NSR:StopPlace:63194,Mölndal station,2026-08-23T07:02:00+02:00,2026-08-23T07:02:00+02:00,,0.0,0,Østerport,SAM:Line:9011012080400000,Ø Göteborg-Halmstad-Helsingborg-Malmö-Købe,,rail,SAM:ServiceJourney:121120000389250925,False,planned,False,,,,,2026-08-23T08:19:38.971673+02:00
NSR:StopPlace:63194,Mölndal station,2026-08-23T07:09:00+02:00,2026-08-23T07:09:00+02:00,,0.0,0,Göteborg C,SAM:Line:9011012080400000,Ø Göteborg-Halmstad-Helsingborg-Malmö-Købe,,rail,SAM:ServiceJourney:121120000395347708,False,planned,False,,,,,2026-08-23T08:19:38.971673+02:00
NSR:StopPlace:63194,Mölndal station,2026-08-23T07:57:00+02:00,2026-08-23T07:57:00+02:00,,0.0,0,Göteborg C,SAM:Line:9011012080400000,Ø Göteborg-Halmstad-Helsingborg-Malmö-Købe,,rail,SAM:ServiceJourney:121120000389704409,False,planned,False,,,,,2026-08-23T08:19:38.971673+02:00
NSR:StopPlace:63194,Mölndal station,2026-08-23T08:02:00+02:00,2026-08-23T08:02:00+02:00,,0.0,0,Østerport,SAM:Line:9011012080400000,Ø Göteborg-Halmstad-Helsingborg-Malmö-Købe,,rail,SAM:ServiceJourney:121120000389250954,False,planned,False,,,,,2026-08-23T08:19:38.971673+02:00
NSR:StopPlace:63194,Mölndal station,2026-08-23T08:57:00+02:00,2026-08-23T08:57:00+02:00,,0.0,0,Göteborg C,SAM:Line:9011012080400000,Ø Göteborg-Halmstad-Helsingborg-Malmö-Købe,,rail,SAM:ServiceJourney:121120000389704467,False,planned,False,,,,,2026-08-23T08:19:38.971673+02:00
NSR:StopPlace:63194,Mölndal station,2026-08-23T09:02:00+02:00,2026-08-23T09:02:00+02:00,,0.0,0,Østerport,SAM:Line:9011012080400000,Ø Göteborg-Halmstad-Helsingborg-Malmö-Købe,,rail,SAM:ServiceJourney:121120000389250983,False,planned,False,,,,,2026-08-23T08:19:38.971673+02:00
NSR:StopPlace:63194,Mölndal station,2026-08-23T09:07:00+02:00,2026-08-23T09:07:00+02:00,,0.0,0,Oslo S,SNT:Line:15931205-7b69-51de-bac7-18d4acc5c6f5,Stockholm C,IC,rail,SNT:ServiceJourney:92164baa-5cd5-5674-b737-6f013b4f1746,False,planned,False,,,,,2026-08-23T08:19:38.971673+02:00
NSR:StopPlace:63659,Murjek station,2026-08-23T07:22:00+02:00,2026-08-23T07:22:00+02:00,,0.0,0,Kiruna-Narvik,SJV:Line:0ff9f2b9-fbe5-4761-8a29-8813be35efaa,Stockholm-Narvik (-Luleå),,rail,SJV:ServiceJourney:95039ed1-bc38-4661-8119-b70438be84a5,False,planned,False,,,,,2026-08-23T08:19:38.971673+02:00
NSR:StopPlace:63665,Nattavaara station,2026-08-23T07:49:00+02:00,2026-08-23T07:49:00+02:00,,0.0,0,Kiruna-Narvik,SJV:Line:0ff9f2b9-fbe5-4761-8a29-8813be35efaa,Stockholm-Narvik (-Luleå),,rail,SJV:ServiceJourney:95039ed1-bc38-4661-8119-b70438be84a5,False,planned,False,,,,,2026-08-23T08:19:38.971673+02:00
NSR:StopPlace:63689,Sunderby sjukhus station,2026-08-23T06:31:00+02:00,2026-08-23T06:31:00+02:00,,0.0,0,Luleå,SJV:Line:0ff9f2b9-fbe5-4761-8a29-8813be35efaa,Stockholm-Narvik (-Luleå),,rail,SJV:ServiceJourney:0eabfad4-c61e-4fc3-8a75-7ebd11c5a873,False,planned,False,,,,,2026-08-23T08:19:38.971673+02:00
NSR:StopPlace:63705,Enköping station,2026-08-23T06:35:00+02:00,2026-08-23T06:35:00+02:00,,0.0,0,Karlstad,VYB:Line:26,850 Oslo - Arlanda - Stockholm,850,coach,VYB:ServiceJourney:f9ad7ea0bccae750dc44221801057dcc8c3d3aa8,False,planned,False,Enköping,Enköping stasjon.Bussen stopper ved pendlerparkeringen på Østra Järnvägsgatan.,general,normal,2026-08-23T08:19:38.971673+02:00
NSR:StopPlace:63705,Enköping station,2026-08-23T07:35:00+02:00,2026-08-23T07:35:00+02:00,,0.0,0,Örebro,VYB:Line:26,850 Oslo - Arlanda - Stockholm,850,coach,VYB:ServiceJourney:b22fa25366dacc1920f3085718755a318f1276df,False,planned,False,Enköping,Enköping stasjon.Bussen stopper ved pendlerparkeringen på Østra Järnvägsgatan.,general,normal,2026-08-23T08:19:38.971673+02:00
NSR:StopPlace:58211,Oslo lufthavn,2026-08-23T06:25:00+02:00,2026-08-23T06:25:00+02:00,,0.0,0,Oslo lufthavn,VYX:Line:51,S22 Shuttle Oslo lufthavn,S22,bus,VYX:ServiceJourney:70c6e2b61da883f0e129780bc426e4c2b7ebddbb,False,planned,False,,,,,2026-08-23T08:19:38.971673+02:00
NSR:StopPlace:58211,Oslo lufthavn,2026-08-23T06:30:00+02:00,2026-08-23T06:30:00+02:00,,0.0,0,Oslo lufthavn,VYX:Line:98,S44 Shuttle Oslo lufthavn,S44,bus,VYX:ServiceJourney:06a673ac09a8b4566b4bb89907341c872ca15b69,False,planned,False,,,,,2026-08-23T08:19:38.971673+02:00
NSR:StopPlace:58211,Oslo lufthavn,2026-08-23T06:35:00+02:00,2026-08-23T06:35:00+02:00,,0.0,0,Oslo lufthavn,VYX:Line:99,S55 Shuttle Oslo lufthavn,S55,bus,VYX:ServiceJourney:f5c8b36bdc3b73971abf95e2841058fa0d63f736,False,planned,False,,,,,2026-08-23T08:19:38.971673+02:00
NSR:StopPlace:58211,Oslo lufthavn,2026-08-23T06:43:00+02:00,2026-08-23T06:43:00+02:00,,0.0,0,Trondheim S,SJN:Line:21,Dovrebanen,F6,rail,SJN:ServiceJourney:B43-AR_53402-R,False,planned,False,,,,,2026-08-23T08:19:38.971673+02:00
NSR:StopPlace:58211,Oslo lufthavn,2026-08-23T06:55:00+02:00,2026-08-23T06:55:00+02:00,,0.0,0,Oslo lufthavn,VYX:Line:51,S22 Shuttle Oslo lufthavn,S22,bus,VYX:ServiceJourney:3ab6be70041e8fd5933dbdb707745e463bc9354f,False,planned,False,,,,,2026-08-23T08:19:38.971673+02:00
NSR:StopPlace:58211,Oslo lufthavn,2026-08-23T06:55:00+02:00,2026-08-23T06:55:00+02:00,,0.0,0,Fredrikstad,VYX:Line:56,FB11 Fredrikstad-Oslo Lufthavn (OSL),FB11,bus,VYX:ServiceJourney:c28fb463a0e4bf433fa95499d6ff4db099045eeb,False,planned,False,Forhåndsbestilling FB11,Billett må kjøpes på nett eller app senest 15 minutter før påstigning for at bussen skal kjøre innom holdeplassen. Ruter-billett er ikke gyldig. ,general,normal,2026-08-23T08:19:38.971673+02:00
NSR:StopPlace:58211,Oslo lufthavn,2026-08-23T07:00:00+02:00,2026-08-23T07:00:00+02:00,,0.0,0,Oslo lufthavn,VYX:Line:98,S44 Shuttle Oslo lufthavn,S44,bus,VYX:ServiceJourney:3f7473d59ad3879a2978cbf919f1edc025fe18db,False,planned,False,,,,,2026-08-23T08:19:38.971673+02:00
NSR:StopPlace:58211,Oslo lufthavn,2026-08-23T07:05:00+02:00,2026-08-23T07:05:00+02:00,,0.0,0,Oslo lufthavn,VYX:Line:99,S55 Shuttle Oslo lufthavn,S55,bus,VYX:ServiceJourney:ac1f3efbdb95c0b5434460f5a1c65a9b64648e37,False,planned,False,,,,,2026-08-23T08:19:38.971673+02:00
NSR:StopPlace:58211,Oslo lufthavn,2026-08-23T07:25:00+02:00,2026-08-23T07:25:00+02:00,,0.0,0,Oslo lufthavn,VYX:Line:51,S22 Shuttle Oslo lufthavn,S22,bus,VYX:ServiceJourney:4618c82dfda2908a9918c0f08438b494f60ac1c7,False,planned,False,,,,,2026-08-23T08:19:38.971673+02:00
NSR:StopPlace:58211,Oslo lufthavn,2026-08-23T07:30:00+02:00,2026-08-23T07:30:00+02:00,,0.0,0,Oslo lufthavn,VYX:Line:98,S44 Shuttle Oslo lufthavn,S44,bus,VYX:ServiceJourney:ce7b0bca7939fad142b51c9f80b5878871db8ba7,False,planned,False,,,,,2026-08-23T08:19:38.971673+02:00
NSR:StopPlace:58211,Oslo lufthavn,2026-08-23T07:35:00+02:00,2026-08-23T07:35:00+02:00,,0.0,0,Oslo lufthavn,VYX:Line:99,S55 Shuttle Oslo lufthavn,S55,bus,VYX:ServiceJourney:4764ee6744e95c47c719932a2999a0243123336f,False,planned,False,,,,,2026-08-23T08:19:38.971673+02:00
NSR:StopPlace:58211,Oslo lufthavn,2026-08-23T07:55:00+02:00,2026-08-23T07:55:00+02:00,,0.0,0,Oslo lufthavn,VYX:Line:51,S22 Shuttle Oslo lufthavn,S22,bus,VYX:ServiceJourney:937730576fb33014fa41d116edd178168ef532da,False,planned,False,,,,,2026-08-23T08:19:38.971673+02:00
NSR:StopPlace:58211,Oslo lufthavn,2026-08-23T08:00:00+02:00,2026-08-23T08:00:00+02:00,,0.0,0,Oslo lufthavn,VYX:Line:98,S44 Shuttle Oslo lufthavn,S44,bus,VYX:ServiceJourney:6221b6308b0742aac935179be2a62096e341d1c8,False,planned,False,,,,,2026-08-23T08:19:38.971673+02:00
NSR:StopPlace:58211,Oslo lufthavn,2026-08-23T08:05:00+02:00,2026-08-23T08:05:00+02:00,,0.0,0,Oslo lufthavn,VYX:Line:99,S55 Shuttle Oslo lufthavn,S55,bus,VYX:ServiceJourney:afadff2d5037858fe61ecd61b3e63db9cd9e2111,False,planned,False,,,,,2026-08-23T08:19:38.971673+02:00
NSR:StopPlace:58211,Oslo lufthavn,2026-08-23T08:10:00+02:00,2026-08-23T08:10:00+02:00,,0.0,0,Fredrikstad,VYX:Line:56,FB11 Fredrikstad-Oslo Lufthavn (OSL),FB11,bus,VYX:ServiceJourney:920a96cf4da654e10d67316b855dfd4acb890ce9,False,planned,False,Forhåndsbestilling FB11,Billett må kjøpes på nett eller app senest 15 minutter før påstigning for at bussen skal kjøre innom holdeplassen. Ruter-billett er ikke gyldig. ,general,normal,2026-08-23T08:19:38.971673+02:00
NSR:StopPlace:58211,Oslo lufthavn,2026-08-23T08:25:00+02:00,2026-08-23T08:25:00+02:00,,0.0,0,Oslo lufthavn,VYX:Line:51,S22 Shuttle Oslo lufthavn,S22,bus,VYX:ServiceJourney:ef8e319a2c7d981388f55870f174c8d7394a6fdd,False,planned,False,,,,,2026-08-23T08:19:38.971673+02:00
NSR:StopPlace:184,Hallsberg station,2026-08-23T09:11:00+02:00,2026-08-23T09:11:00+02:00,,0.0,0,Karlstad-Oslo,SJV:Line:cfac9102-49ef-476c-8663-a6d468ee4f36,Stockholm-Hallsberg-Karlstad-Oslo,70,rail,SJV:ServiceJourney:e794c8ce-6e4a-4fd2-b148-3ae868a8aed9,False,planned,False,,,,,2026-08-23T08:19:38.971673+02:00
NSR:StopPlace:374,Göteborg Centralstation,2026-08-23T06:55:00+02:00,2026-08-23T06:55:00+02:00,,0.0,0,Østerport,SAM:Line:9011012080400000,Ø Göteborg-Halmstad-Helsingborg-Malmö-Købe,,rail,SAM:ServiceJourney:121120000389250925,False,planned,False,,,,,2026-08-23T08:19:38.971673+02:00
NSR:StopPlace:374,Göteborg Centralstation,2026-08-23T07:55:00+02:00,2026-08-23T07:55:00+02:00,,0.0,0,Østerport,SAM:Line:9011012080400000,Ø Göteborg-Halmstad-Helsingborg-Malmö-Købe,,rail,SAM:ServiceJourney:121120000389250954,False,planned,False,,,,,2026-08-23T08:19:38.971673+02:00
NSR:StopPlace:374,Göteborg Centralstation,2026-08-23T08:55:00+02:00,2026-08-23T08:55:00+02:00,,0.0,0,Østerport,SAM:Line:9011012080400000,Ø Göteborg-Halmstad-Helsingborg-Malmö-Købe,,rail,SAM:ServiceJourney:121120000389250983,False,planned,False,,,,,2026-08-23T08:19:38.971673+02:00
NSR:StopPlace:62373,Berkåk stasjon,2026-08-23T09:05:00+02:00,2026-08-23T09:05:00+02:00,,0.0,0,Oslo S avstigning,SJN:Line:21,Dovrebanen,F6,rail,SJN:ServiceJourney:B42-AW_50641-R,False,planned,False,,,,,2026-08-23T08:19:38.971673+02:00
NSR:StopPlace:62373,Berkåk stasjon,2026-08-23T09:05:00+02:00,2026-08-23T09:05:00+02:00,,0.0,0,Oslo lufthavn,SJN:Line:21,Dovrebanen,F6,rail,SJN:ServiceJourney:B42-AX_50572-R,False,planned,False,,,,,2026-08-23T08:19:38.971673+02:00
NSR:StopPlace:61842,Boden Centralstation,2026-08-23T06:01:00+02:00,2026-08-23T06:01:00+02:00,,0.0,0,Kiruna-Narvik,SJV:Line:0ff9f2b9-fbe5-4761-8a29-8813be35efaa,Stockholm-Narvik (-Luleå),,rail,SJV:ServiceJourney:95039ed1-bc38-4661-8119-b70438be84a5,False,planned,False,,,,,2026-08-23T06:25:28.795214+02:00
NSR:StopPlace:59872,Oslo S,2026-08-23T05:55:00+02:00,2026-08-23T05:55:00+02:00,,0.0,0,Trondheim S,SJN:Line:21,Dovrebanen,F6,rail,SJN:ServiceJourney:B43-AQ_53401-R,False,planned,False,,,,,2026-08-23T06:25:28.795214+02:00
NSR:StopPlace:59872,Oslo S,2026-08-23T05:55:00+02:00,2026-08-23T05:55:00+02:00,,0.0,0,Trondheim S,SJN:Line:21,Dovrebanen,F6,rail,SJN:ServiceJourney:B43-AT_53404-R,False,planned,False,,,,,2026-08-23T06:25:28.795214+02:00
NSR:StopPlace:59646,Høvik stasjon,2026-08-23T04:45:00+02:00,2026-08-23T04:45:00+02:00,,0.0,0,Torpekspressen - Torp airport,UNI:Line:UE2,Oslo Bussterminal - Torp Lufhavn,FB25,bus,UNI:ServiceJourney:UE2-168007-46426587,False,planned,False,,,,,2026-08-23T06:25:28.795214+02:00
NSR:StopPlace:59646,Høvik stasjon,2026-08-23T05:10:00+02:00,2026-08-23T05:10:00+02:00,,0.0,0,Torpekspressen - Torp airport,UNI:Line:UE2,Oslo Bussterminal - Torp Lufhavn,FB25,bus,UNI:ServiceJourney:UE2-168007-46426589,False,planned,False,,,,,2026-08-23T06:25:28.795214+02:00
NSR:StopPlace:59647,Dal stasjon,2026-08-23T05:41:00+02:00,2026-08-23T05:41:00+02:00,,0.0,0,Jessheim,RUT:Line:430,Eidsvoll - Jessheim,430,bus,RUT:ServiceJourney:ad0045cab63fd6331b639e7b49d58d0f,False,planned,False,,,,,2026-08-23T06:25:28.795214+02:00
NSR:StopPlace:59647,Dal stasjon,2026-08-23T05:46:00+02:00,2026-08-23T05:46:00+02:00,,0.0,0,Eidsvoll st.,RUT:Line:430,Eidsvoll - Jessheim,430,bus,RUT:ServiceJourney:e79e798825795634a8b65680b9987d14,False,planned,False,,,,,2026-08-23T06:25:28.795214+02:00
NSR:StopPlace:59648,Kjelsås stasjon,2026-08-23T05:18:00+02:00,2026-08-23T05:18:00+02:00,,0.0,0,Majorstuen,RUT:Line:3911,Majorstuen - Kjelsås,11N,bus,RUT:ServiceJourney:85ff7fc9cbb0d211b4d581a9a39976a5,False,planned,False,,,,,2026-08-23T06:25:28.795214+02:00
NSR:StopPlace:59650,Nyland stasjon,2026-08-23T05:23:00+02:00,2026-08-23T05:23:00+02:00,,0.0,0,Jernbanetorget,RUT:Line:3905,Jernbanetorget - Vestli T,5N,bus,RUT:ServiceJourney:5d209d492f893077674d0a32c85ae8d6,False,planned,False,,,,,2026-08-23T06:25:28.795214+02:00
NSR:StopPlace:59703,Åndalsnes stasjon,2026-08-23T05:00:00+02:00,2026-08-23T05:00:00+02:00,,0.0,0,Ålesund,VYX:Line:162,VY148 Ålesund-Oslo,VY148,coach,VYX:ServiceJourney:0a772f142078d2cf52813fca7b2fc0be7fff8273,False,planned,False,Forhåndsbestilling Vy,Billett må kjøpes på nett eller app senest 15 minutter før påstigning for at bussen skal kjøre innom holdeplassen.,general,normal,2026-08-23T06:25:28.795214+02:00
NSR:StopPlace:59958,Voss stasjon,2026-08-23T05:48:00+02:00,2026-08-23T05:48:00+02:00,,0.0,0,Bergen,VYX:Line:31,VY450 Bergen-Fagernes-Oslo,VY450,coach,VYX:ServiceJourney:c9fc489e497686b7713662f2db635b18fd2f00b3,False,planned,False,Forhåndsbestilling Vy,Billett må kjøpes på nett eller app senest 15 minutter før påstigning for at bussen skal kjøre innom holdeplassen.,general,normal,2026-08-23T06:25:28.795214+02:00
NSR:StopPlace:59248,Stockholm-Arlanda flygplats,2026-08-23T05:30:00+02:00,2026-08-23T05:30:00+02:00,,0.0,0,Karlstad,VYB:Line:26,850 Oslo - Arlanda - Stockholm,850,coach,VYB:ServiceJourney:f9ad7ea0bccae750dc44221801057dcc8c3d3aa8,False,planned,False,,,,,2026-08-23T06:25:28.795214+02:00
NSR:StopPlace:59635,Hauketo stasjon,2026-08-23T05:19:00+02:00,2026-08-23T05:19:00+02:00,,0.0,0,Jernbanetorget,RUT:Line:3919,Kringsjå - Åsbråten,19N,bus,RUT:ServiceJourney:879dfb0c8fb9c81194e6aec300499c1e,False,planned,False,,,,,2026-08-23T06:25:28.795214+02:00
NSR:StopPlace:59635,Hauketo stasjon,2026-08-23T05:54:00+02:00,2026-08-23T05:54:00+02:00,,0.0,0,Holmlia stasjon,RUT:Line:73,Holmlia stasjon - Brenna,73,bus,RUT:ServiceJourney:49e379f6e3f811aa54f457db274c858c,False,planned,False,,,,,2026-08-23T06:25:28.795214+02:00
NSR:StopPlace:59635,Hauketo stasjon,2026-08-23T05:55:00+02:00,2026-08-23T05:55:00+02:00,,0.0,0,Holmlia stasjon,RUT:Line:77,Holmlia stasjon - Bjørndal,77,bus,RUT:ServiceJourney:03350bbd6683dc31f28dfc7302497d67,False,planned,False,,,,,2026-08-23T06:25:28.795214+02:00
NSR:StopPlace:59636,Holmlia stasjon,2026-08-23T05:15:00+02:00,2026-08-23T05:15:00+02:00,,0.0,0,Jernbanetorget,RUT:Line:3919,Kringsjå - Åsbråten,19N,bus,RUT:ServiceJourney:879dfb0c8fb9c81194e6aec300499c1e,False,planned,False,,,,,2026-08-23T06:25:28.795214+02:00
NSR:StopPlace:59639,Sonsveien stasjon,2026-08-23T05:32:00+02:00,2026-08-23T05:32:00+02:00,,0.0,0,Oslo lufthavn,VYX:Line:56,FB11 Fredrikstad-Oslo Lufthavn (OSL),FB11,bus,VYX:ServiceJourney:2352c03f579b43d7b39fadb44f5901a7e6f67638,False,planned,False,Forhåndsbestilling FB11,Billett må kjøpes på nett eller app senest 15 minutter før påstigning for at bussen skal kjøre innom holdeplassen. Ruter-billett er ikke gyldig. ,general,normal,2026-08-23T06:25:28.795214+02:00
NSR:StopPlace:58404,Nationaltheatret,2026-08-23T04:47:00+02:00,2026-08-23T04:47:00+02:00,,0.0,0,Kjelsås,RUT:Line:3912,Majorstuen - Kjelsås,12N,bus,RUT:ServiceJourney:90155e1825e258854795e553ede82752,False,planned,False,,,,,2026-08-23T06:25:28.795214+02:00
NSR:StopPlace:58404,Nationaltheatret,2026-08-23T04:51:00+02:00,2026-08-23T04:51:00+02:00,,0.0,0,Nydalen T,RUT:Line:37,Nydalen T - Helsfyr,37,bus,RUT:ServiceJourney:be181ef555503d4cf7708d8e8cfce002,False,planned,False,,,,,2026-08-23T06:25:28.795214+02:00
NSR:StopPlace:58404,Nationaltheatret,2026-08-23T04:52:00+02:00,2026-08-23T04:52:00+02:00,,0.0,0,Grorud T,RUT:Line:31,Snarøya - Fornebu - Tonsenhagen - Grorud,31,bus,RUT:ServiceJourney:1512128a4bbfdf06f1bfc8bf888c11a4,False,planned,False,,,,,2026-08-23T06:25:28.795214+02:00
NSR:StopPlace:58404,Nationaltheatret,2026-08-23T04:53:00+02:00,2026-08-23T04:53:00+02:00,,0.0,0,Oslo Lufthavn,FLT:Line:FLY1,FLY1,FLY1,rail,FLT:ServiceJourney:1-2614-3703-20260823,False,planned,False,,,,,2026-08-23T06:25:28.795214+02:00
NSR:StopPlace:58404,Nationaltheatret,2026-08-23T04:55:00+02:00,2026-08-23T04:55:00+02:00,,0.0,0,Fornebu,RUT:Line:31,Snarøya - Fornebu - Tonsenhagen - Grorud,31,bus,RUT:ServiceJourney:f36401ce0584224c68b5b001c23848ab,False,planned,False,,,,,2026-08-23T06:25:28.795214+02:00
NSR:StopPlace:58404,Nationaltheatret,2026-08-23T05:04:00+02:00,2026-08-23T05:04:00+02:00,,0.0,0,Helsfyr,RUT:Line:37,Nydalen T - Helsfyr,37,bus,RUT:ServiceJourney:49c2ec1426260b130255c4c43373efcc,False,planned,False,,,,,2026-08-23T06:25:28.795214+02:00
NSR:StopPlace:58404,Nationaltheatret,2026-08-23T05:05:00+02:00,2026-08-23T05:05:00+02:00,,0.0,0,Majorstuen,RUT:Line:3912,Majorstuen - Kjelsås,12N,bus,RUT:ServiceJourney:6bbfcff7583c1984d206237e5d43f419,False,planned,False,,,,,2026-08-23T06:25:28.795214+02:00
NSR:StopPlace:58404,Nationaltheatret,2026-08-23T05:13:00+02:00,2026-08-23T05:13:00+02:00,,0.0,0,Oslo Lufthavn,FLT:Line:FLY1,FLY1,FLY1,rail,FLT:ServiceJourney:1-2614-3705-20260823,False,planned,False,,,,,2026-08-23T06:25:28.795214+02:00
NSR:StopPlace:58404,Nationaltheatret,2026-08-23T05:17:00+02:00,2026-08-23T05:17:00+02:00,,0.0,0,Kjelsås,RUT:Line:3912,Majorstuen - Kjelsås,12N,bus,RUT:ServiceJourney:ea0e90f11d36cb71bdb6d40b0ffb3d12,False,planned,False,,,,,2026-08-23T06:25:28.795214+02:00
NSR:StopPlace:58404,Nationaltheatret,2026-08-23T05:21:00+02:00,2026-08-23T05:21:00+02:00,,0.0,0,Nydalen T,RUT:Line:37,Nydalen T - Helsfyr,37,bus,RUT:ServiceJourney:f94d7981caeb963f670955c8b669aa01,False,planned,False,,,,,2026-08-23T06:25:28.795214+02:00
NSR:StopPlace:58404,Nationaltheatret,2026-08-23T05:22:00+02:00,2026-08-23T05:22:00+02:00,,0.0,0,Grorud T,RUT:Line:31,Snarøya - Fornebu - Tonsenhagen - Grorud,31,bus,RUT:ServiceJourney:9d5703f58b87fa4e255c8407cfb512ba,False,planned,False,,,,,2026-08-23T06:25:28.795214+02:00
NSR:StopPlace:58404,Nationaltheatret,2026-08-23T05:25:00+02:00,2026-08-23T05:25:00+02:00,,0.0,0,Fornebu,RUT:Line:31,Snarøya - Fornebu - Tonsenhagen - Grorud,31,bus,RUT:ServiceJourney:3fc0d1c8dca423ac1e8edc6a76cec650,False,planned,False,,,,,2026-08-23T06:25:28.795214+02:00
NSR:StopPlace:58404,Nationaltheatret,2026-08-23T05:33:00+02:00,2026-08-23T05:33:00+02:00,,0.0,0,Oslo Lufthavn,FLT:Line:FLY1,FLY1,FLY1,rail,FLT:ServiceJourney:1-2614-3707-20260823,False,planned,False,,,,,2026-08-23T06:25:28.795214+02:00
NSR:StopPlace:58404,Nationaltheatret,2026-08-23T05:35:00+02:00,2026-08-23T05:35:00+02:00,,0.0,0,Majorstuen,RUT:Line:3912,Majorstuen - Kjelsås,12N,bus,RUT:ServiceJourney:c59417bd854438c1958aec8d284c4283,False,planned,False,,,,,2026-08-23T06:25:28.795214+02:00
NSR:StopPlace:58404,Nationaltheatret,2026-08-23T05:51:00+02:00,2026-08-23T05:51:00+02:00,,0.0,0,Nydalen T,RUT:Line:37,Nydalen T - Helsfyr,37,bus,RUT:ServiceJourney:132676cf276dc7f7054413d5b038d0a8,False,planned,False,,,,,2026-08-23T06:25:28.795214+02:00
NSR:StopPlace:58404,Nationaltheatret,2026-08-23T06:10:00+02:00,2026-08-23T06:10:00+02:00,,0.0,0,Frognerseteren,RUT:Line:1,Frognerseteren - Bergkrystallen,1,metro,RUT:ServiceJourney:c484ad762a9c4eb891a68de7fff32768,False,planned,False,,,,,2026-08-23T06:25:28.795214+02:00
NSR:StopPlace:58963,Jessheim stasjon,2026-08-23T05:25:00+02:00,2026-08-23T05:25:00+02:00,,0.0,0,Eidsvoll st.,RUT:Line:430,Eidsvoll - Jessheim,430,bus,RUT:ServiceJourney:e79e798825795634a8b65680b9987d14,False,planned,False,,,,,2026-08-23T06:25:28.795214+02:00
NSR:StopPlace:58964,Kløfta stasjon,2026-08-23T05:53:00+02:00,2026-08-23T05:53:00+02:00,,0.0,0,Frogner,RUT:Line:425,Kløfta – Oslo lufthavn,425,bus,RUT:ServiceJourney:aa317603a908be90ac42952584e9fde0,False,planned,False,,,,,2026-08-23T06:25:28.795214+02:00
NSR:StopPlace:58925,Gausel stasjon,2026-08-23T04:47:00+02:00,2026-08-23T04:47:00+02:00,,0.0,0,Stavanger,KOL:Line:8_1001,1,1,bus,KOL:ServiceJourney:1001_251008118392064_4074,False,planned,False,,,,,2026-08-23T06:25:28.795214+02:00
NSR:StopPlace:58925,Gausel stasjon,2026-08-23T05:10:00+02:00,2026-08-23T05:10:00+02:00,,0.0,0,Sandnes,KOL:Line:8_1001,1,1,bus,KOL:ServiceJourney:1001_251008118364400_3075,False,planned,False,,,,,2026-08-23T06:25:28.795214+02:00
NSR:StopPlace:58925,Gausel stasjon,2026-08-23T05:47:00+02:00,2026-08-23T05:47:00+02:00,,0.0,0,Stavanger,KOL:Line:8_1001,1,1,bus,KOL:ServiceJourney:1001_251008118398039_6001,False,planned,False,,,,,2026-08-23T06:25:28.795214+02:00
NSR:StopPlace:58927,Flåm stasjon,2026-08-23T04:45:00+02:00,2026-08-23T04:45:00+02:00,,0.0,0,Bergen,VYX:Line:31,VY450 Bergen-Fagernes-Oslo,VY450,coach,VYX:ServiceJourney:c9fc489e497686b7713662f2db635b18fd2f00b3,False,planned,False,Forhåndsbestilling Vy,Billett må kjøpes på nett eller app senest 15 minutter før påstigning for at bussen skal kjøre innom holdeplassen.,general,normal,2026-08-23T06:25:28.795214+02:00
NSR:StopPlace:58856,Lysaker stasjon,2026-08-23T04:41:00+02:00,2026-08-23T04:41:00+02:00,,0.0,0,Fornebu,RUT:Line:31,Snarøya - Fornebu - Tonsenhagen - Grorud,31,bus,RUT:ServiceJourney:54f88cdc01cdedb48e4739a7ca67c1be,False,planned,False,,,,,2026-08-23T06:25:28.795214+02:00
NSR:StopPlace:58856,Lysaker stasjon,2026-08-23T04:41:00+02:00,2026-08-23T04:41:00+02:00,,0.0,0,Torpekspressen - Torp airport,UNI:Line:UE2,Oslo Bussterminal - Torp Lufhavn,FB25,bus,UNI:ServiceJourney:UE2-168007-46426587,False,planned,False,,,,,2026-08-23T06:25:28.795214+02:00
NSR:StopPlace:58856,Lysaker stasjon,2026-08-23T04:46:00+02:00,2026-08-23T04:46:00+02:00,,0.0,0,Oslo Lufthavn,FLT:Line:FLY1,FLY1,FLY1,rail,FLT:ServiceJourney:1-2614-3703-20260823,False,planned,False,,,,,2026-08-23T06:25:28.795214+02:00
NSR:StopPlace:58856,Lysaker stasjon,2026-08-23T05:06:00+02:00,2026-08-23T05:06:00+02:00,,0.0,0,Torpekspressen - Torp airport,UNI:Line:UE2,Oslo Bussterminal - Torp Lufhavn,FB25,bus,UNI:ServiceJourney:UE2-168007-46426589,False,planned,False,,,,,2026-08-23T06:25:28.795214+02:00
NSR:StopPlace:58856,Lysaker stasjon,2026-08-23T05:06:00+02:00,2026-08-23T05:06:00+02:00,,0.0,0,Oslo Lufthavn,FLT:Line:FLY1,FLY1,FLY1,rail,FLT:ServiceJourney:1-2614-3705-20260823,False,planned,False,,,,,2026-08-23T06:25:28.795214+02:00
NSR:StopPlace:58856,Lysaker stasjon,2026-08-23T05:06:00+02:00,2026-08-23T05:06:00+02:00,,0.0,0,Grorud T,RUT:Line:31,Snarøya - Fornebu - Tonsenhagen - Grorud,31,bus,RUT:ServiceJourney:9d5703f58b87fa4e255c8407cfb512ba,False,planned,False,,,,,2026-08-23T06:25:28.795214+02:00
NSR:StopPlace:58856,Lysaker stasjon,2026-08-23T05:11:00+02:00,2026-08-23T05:11:00+02:00,,0.0,0,Fornebu,RUT:Line:31,Snarøya - Fornebu - Tonsenhagen - Grorud,31,bus,RUT:ServiceJourney:f36401ce0584224c68b5b001c23848ab,False,planned,False,,,,,2026-08-23T06:25:28.795214+02:00
NSR:StopPlace:58856,Lysaker stasjon,2026-08-23T05:26:00+02:00,2026-08-23T05:26:00+02:00,,0.0,0,Oslo Lufthavn,FLT:Line:FLY1,FLY1,FLY1,rail,FLT:ServiceJourney:1-2614-3707-20260823,False,planned,False,,,,,2026-08-23T06:25:28.795214+02:00
NSR:StopPlace:58856,Lysaker stasjon,2026-08-23T05:41:00+02:00,2026-08-23T05:41:00+02:00,,0.0,0,Fornebu,RUT:Line:31,Snarøya - Fornebu - Tonsenhagen - Grorud,31,bus,RUT:ServiceJourney:3fc0d1c8dca423ac1e8edc6a76cec650,False,planned,False,,,,,2026-08-23T06:25:28.795214+02:00
NSR:StopPlace:63667,Luleå Centralstation,2026-08-23T05:30:00+02:00,2026-08-23T05:30:00+02:00,,0.0,0,Boden-Kiruna-Narvik,SJV:Line:0ff9f2b9-fbe5-4761-8a29-8813be35efaa,Stockholm-Narvik (-Luleå),,rail,SJV:ServiceJourney:95039ed1-bc38-4661-8119-b70438be84a5,False,planned,False,,,,,2026-08-23T06:25:28.795214+02:00
NSR:StopPlace:63676,Sundsvall Centralstation,2026-08-23T05:26:00+02:00,2026-08-23T05:26:00+02:00,,0.0,0,Stockholm,SJV:Line:8ca80b34-505a-4d76-b047-58b01590d0e1,Luleå-Stockholm ,Luleå-Stockholm ,rail,SJV:ServiceJourney:a5d49afa-0d54-4c88-aed3-161717bb597d,False,planned,False,,,,,2026-08-23T06:25:28.795214+02:00
NSR:StopPlace:63689,Sunderby sjukhus station,2026-08-23T05:42:00+02:00,2026-08-23T05:42:00+02:00,,0.0,0,Boden-Kiruna-Narvik,SJV:Line:0ff9f2b9-fbe5-4761-8a29-8813be35efaa,Stockholm-Narvik (-Luleå),,rail,SJV:ServiceJourney:95039ed1-bc38-4661-8119-b70438be84a5,False,planned,False,,,,,2026-08-23T06:25:28.795214+02:00
NSR:StopPlace:63618,Älvsbyn station,2026-08-23T05:13:00+02:00,2026-08-23T05:13:00+02:00,,0.0,0,Luleå,SJV:Line:0ff9f2b9-fbe5-4761-8a29-8813be35efaa,Stockholm-Narvik (-Luleå),,rail,SJV:ServiceJourney:0eabfad4-c61e-4fc3-8a75-7ebd11c5a873,False,planned,False,,,,,2026-08-23T06:25:28.795214+02:00
NSR:StopPlace:58211,Oslo lufthavn,2026-08-23T04:55:00+02:00,2026-08-23T04:55:00+02:00,,0.0,0,Fredrikstad,VYX:Line:56,FB11 Fredrikstad-Oslo Lufthavn (OSL),FB11,bus,VYX:ServiceJourney:2275c43c8139427ec255d31e0f54d2805fb834e2,False,planned,False,Forhåndsbestilling FB11,Billett må kjøpes på nett eller app senest 15 minutter før påstigning for at bussen skal kjøre innom holdeplassen. Ruter-billett er ikke gyldig. ,general,normal,2026-08-23T06:25:28.795214+02:00
NSR:StopPlace:58211,Oslo lufthavn,2026-08-23T04:55:00+02:00,2026-08-23T04:55:00+02:00,,0.0,0,Oslo lufthavn,VYX:Line:51,S22 Shuttle Oslo lufthavn,S22,bus,VYX:ServiceJourney:62b860b2b096c4dd16ba62af20a041cd17a3416e,False,planned,False,,,,,2026-08-23T06:25:28.795214+02:00
NSR:StopPlace:58211,Oslo lufthavn,2026-08-23T05:00:00+02:00,2026-08-23T05:00:00+02:00,,0.0,0,Oslo lufthavn,VYX:Line:98,S44 Shuttle Oslo lufthavn,S44,bus,VYX:ServiceJourney:80811206fb606f8c35283cae8b6dd228882ae7e9,False,planned,False,,,,,2026-08-23T06:25:28.795214+02:00
NSR:StopPlace:58211,Oslo lufthavn,2026-08-23T05:05:00+02:00,2026-08-23T05:05:00+02:00,,0.0,0,Oslo lufthavn,VYX:Line:99,S55 Shuttle Oslo lufthavn,S55,bus,VYX:ServiceJourney:95ede5d955311983bd8a593327dc08c78039b59e,False,planned,False,,,,,2026-08-23T06:25:28.795214+02:00
NSR:StopPlace:58211,Oslo lufthavn,2026-08-23T05:25:00+02:00,2026-08-23T05:25:00+02:00,,0.0,0,Oslo lufthavn,VYX:Line:51,S22 Shuttle Oslo lufthavn,S22,bus,VYX:ServiceJourney:d7ef1438ca9ce470e3947980aa3dd7fca83f6605,False,planned,False,,,,,2026-08-23T06:25:28.795214+02:00
NSR:StopPlace:58211,Oslo lufthavn,2026-08-23T05:30:00+02:00,2026-08-23T05:30:00+02:00,,0.0,0,Oslo lufthavn,VYX:Line:98,S44 Shuttle Oslo lufthavn,S44,bus,VYX:ServiceJourney:578d80b159c285c6234d1e3d91816bb0256d4b70,False,planned,False,,,,,2026-08-23T06:25:28.795214+02:00
NSR:StopPlace:58211,Oslo lufthavn,2026-08-23T05:35:00+02:00,2026-08-23T05:35:00+02:00,,0.0,0,Oslo lufthavn,VYX:Line:99,S55 Shuttle Oslo lufthavn,S55,bus,VYX:ServiceJourney:869e6a906cd1186b27e9bb231ca5370d87d287d5,False,planned,False,,,,,2026-08-23T06:25:28.795214+02:00
NSR:StopPlace:58211,Oslo lufthavn,2026-08-23T05:38:00+02:00,2026-08-23T05:38:00+02:00,,0.0,0,Frogner,RUT:Line:425,Kløfta – Oslo lufthavn,425,bus,RUT:ServiceJourney:aa317603a908be90ac42952584e9fde0,False,planned,False,,,,,2026-08-23T06:25:28.795214+02:00
NSR:StopPlace:58211,Oslo lufthavn,2026-08-23T05:40:00+02:00,2026-08-23T05:40:00+02:00,,0.0,0,Jessheim,RUT:Line:440,Fenstad/Nordkisa - Oslo lufthavn,440,bus,RUT:ServiceJourney:01ac932ca08c4c1edfa813691fd07d51,False,planned,False,,,,,2026-08-23T06:25:28.795214+02:00
NSR:StopPlace:58211,Oslo lufthavn,2026-08-23T05:55:00+02:00,2026-08-23T05:55:00+02:00,,0.0,0,Fredrikstad,VYX:Line:56,FB11 Fredrikstad-Oslo Lufthavn (OSL),FB11,bus,VYX:ServiceJourney:152452299e7cc1b9df8d193ebe1a628d0aacdf09,False,planned,False,Forhåndsbestilling FB11,Billett må kjøpes på nett eller app senest 15 minutter før påstigning for at bussen skal kjøre innom holdeplassen. Ruter-billett er ikke gyldig. ,general,normal,2026-08-23T06:25:28.795214+02:00
NSR:StopPlace:58211,Oslo lufthavn,2026-08-23T05:55:00+02:00,2026-08-23T05:55:00+02:00,,0.0,0,Oslo lufthavn,VYX:Line:51,S22 Shuttle Oslo lufthavn,S22,bus,VYX:ServiceJourney:d65bcde72eed562f34722c3562e8c4fcfe269d03,False,planned,False,,,,,2026-08-23T06:25:28.795214+02:00
NSR:StopPlace:58211,Oslo lufthavn,2026-08-23T06:00:00+02:00,2026-08-23T06:00:00+02:00,,0.0,0,Oslo lufthavn,VYX:Line:98,S44 Shuttle Oslo lufthavn,S44,bus,VYX:ServiceJourney:bdd5ae3c670a6ba01b6e7ae2c816bf312f64acd4,False,planned,False,,,,,2026-08-23T06:25:28.795214+02:00
NSR:StopPlace:58211,Oslo lufthavn,2026-08-23T06:05:00+02:00,2026-08-23T06:05:00+02:00,,0.0,0,Oslo lufthavn,VYX:Line:99,S55 Shuttle Oslo lufthavn,S55,bus,VYX:ServiceJourney:755174294b8f35d7a971d3995b44b6d0c1c6df72,False,planned,False,,,,,2026-08-23T06:25:28.795214+02:00
NSR:StopPlace:398,Arna stasjon,2026-08-23T05:57:00+02:00,2026-08-23T05:57:00+02:00,,0.0,0,Bergen,VYG:Line:L4,Bergen-Arna,L4,rail,VYG:ServiceJourney:2503_443760-R,False,planned,False,,,,,2026-08-23T06:25:28.795214+02:00
NSR:StopPlace:61251,Øksnavadporten stasjon,2026-08-23T02:21:00+02:00,2026-08-23T02:21:00+02:00,,0.0,0,Stavanger,GOA:Line:59,Jærbanen,L5,rail,GOA:ServiceJourney:B3093-BC_74828-R,False,planned,False,,,,,2026-08-23T04:52:42.669123+02:00
NSR:StopPlace:61251,Øksnavadporten stasjon,2026-08-23T02:29:00+02:00,2026-08-23T02:29:00+02:00,,0.0,0,Egersund,GOA:Line:59,Jærbanen,L5,rail,GOA:ServiceJourney:B3092-BQ_74823-R,False,planned,False,,,,,2026-08-23T04:52:42.669123+02:00
NSR:StopPlace:61251,Øksnavadporten stasjon,2026-08-23T02:39:00+02:00,2026-08-23T02:39:00+02:00,,0.0,0,Stavanger,GOA:Line:59,Jærbanen,L5,rail,GOA:ServiceJourney:B3093-BB_74827-R,False,planned,False,,,,,2026-08-23T04:52:42.669123+02:00
NSR:StopPlace:61251,Øksnavadporten stasjon,2026-08-23T02:39:00+02:00,2026-08-23T02:39:00+02:00,,0.0,0,Egersund,GOA:Line:59,Jærbanen,L5,rail,GOA:ServiceJourney:B3092-BP_74822-R,False,planned,False,,,,,2026-08-23T04:52:42.669123+02:00
NSR:StopPlace:61251,Øksnavadporten stasjon,2026-08-23T02:39:00+02:00,2026-08-23T02:39:00+02:00,,0.0,0,Nærbø,GOA:Line:59,Jærbanen,L5,rail,GOA:ServiceJourney:B3092-BR_74824-R,False,planned,False,,,,,2026-08-23T04:52:42.669123+02:00
NSR:StopPlace:61251,Øksnavadporten stasjon,2026-08-23T02:48:00+02:00,2026-08-23T02:48:00+02:00,,0.0,0,Stavanger,GOA:Line:59,Jærbanen,L5,rail,GOA:ServiceJourney:B3093-BA_74826-R,False,planned,False,,,,,2026-08-23T04:52:42.669123+02:00
NSR:StopPlace:61134,Tverlandet stasjon,2026-08-23T02:51:30+02:00,2026-08-23T02:51:30+02:00,,0.0,0,Bodø,SJN:Line:79,Saltenpendelen,R75,rail,SJN:ServiceJourney:1797_35200-R,False,planned,False,,,,,2026-08-23T04:52:42.669123+02:00
NSR:StopPlace:61169,Marienborg stasjon,2026-08-23T03:35:00+02:00,2026-08-23T03:35:00+02:00,,0.0,0,Flatåsen via Byåsen,ATB:Line:2_101,Nattbuss Byåsen/Flatåsen,101,bus,ATB:ServiceJourney:101_251215112544846_6002,False,planned,False,,,,,2026-08-23T04:52:42.669123+02:00
NSR:StopPlace:61334,Ogna stasjon,2026-08-23T02:27:00+02:00,2026-08-23T02:27:00+02:00,,0.0,0,Egersund,GOA:Line:59,Jærbanen,L5,rail,GOA:ServiceJourney:B3090-BM_74815-R,False,planned,False,,,,,2026-08-23T04:52:42.669123+02:00
NSR:StopPlace:61334,Ogna stasjon,2026-08-23T02:44:00+02:00,2026-08-23T02:44:00+02:00,,0.0,0,Egersund,GOA:Line:59,Jærbanen,L5,rail,GOA:ServiceJourney:B3090-BN_74816-R,False,planned,False,,,,,2026-08-23T04:52:42.669123+02:00
NSR:StopPlace:61334,Ogna stasjon,2026-08-23T02:49:00+02:00,2026-08-23T02:49:00+02:00,,0.0,0,Egersund,GOA:Line:59,Jærbanen,L5,rail,GOA:ServiceJourney:B3090-BK_78560-R,False,planned,False,,,,,2026-08-23T04:52:42.669123+02:00
NSR:StopPlace:61334,Ogna stasjon,2026-08-23T03:27:00+02:00,2026-08-23T03:27:00+02:00,,0.0,0,Egersund,GOA:Line:59,Jærbanen,L5,rail,GOA:ServiceJourney:B3092-BQ_74823-R,False,planned,False,,,,,2026-08-23T04:52:42.669123+02:00
NSR:StopPlace:61334,Ogna stasjon,2026-08-23T03:44:00+02:00,2026-08-23T03:44:00+02:00,,0.0,0,Egersund,GOA:Line:59,Jærbanen,L5,rail,GOA:ServiceJourney:B3092-BP_74822-R,False,planned,False,,,,,2026-08-23T04:52:42.669123+02:00
NSR:StopPlace:61334,Ogna stasjon,2026-08-23T03:49:00+02:00,2026-08-23T03:49:00+02:00,,0.0,0,Egersund,GOA:Line:59,Jærbanen,L5,rail,GOA:ServiceJourney:B3092-BO_78562-R,False,planned,False,,,,,2026-08-23T04:52:42.669123+02:00
NSR:StopPlace:61872,Nærbø stasjon,2026-08-23T02:19:00+02:00,2026-08-23T02:19:00+02:00,,0.0,0,Stavanger,GOA:Line:59,Jærbanen,L5,rail,GOA:ServiceJourney:B3093-BA_74826-R,False,planned,False,,,,,2026-08-23T04:52:42.669123+02:00
NSR:StopPlace:61872,Nærbø stasjon,2026-08-23T02:58:00+02:00,2026-08-23T02:58:00+02:00,,0.0,0,Egersund,GOA:Line:59,Jærbanen,L5,rail,GOA:ServiceJourney:B3092-BQ_74823-R,False,planned,False,,,,,2026-08-23T04:52:42.669123+02:00
NSR:StopPlace:61872,Nærbø stasjon,2026-08-23T03:08:00+02:00,2026-08-23T03:08:00+02:00,,0.0,0,Egersund,GOA:Line:59,Jærbanen,L5,rail,GOA:ServiceJourney:B3092-BP_74822-R,False,planned,False,,,,,2026-08-23T04:52:42.669123+02:00
NSR:StopPlace:59646,Høvik stasjon,2026-08-23T03:33:00+02:00,2026-08-23T03:33:00+02:00,,0.0,0,Sandvika,RUT:Line:3250,Nationaltheatretl - Sandvika- Slemmestad- Sætre,250N,bus,RUT:ServiceJourney:7f813fa682ac2f60e4e1a056d49195f4,False,planned,False,,,,,2026-08-23T04:52:42.669123+02:00
NSR:StopPlace:59648,Kjelsås stasjon,2026-08-23T02:48:00+02:00,2026-08-23T02:48:00+02:00,,0.0,0,Majorstuen,RUT:Line:3911,Majorstuen - Kjelsås,11N,bus,RUT:ServiceJourney:d2814e0c70f48f2c78cd78105f413742,False,planned,False,,,,,2026-08-23T04:52:42.669123+02:00
NSR:StopPlace:59648,Kjelsås stasjon,2026-08-23T03:03:00+02:00,2026-08-23T03:03:00+02:00,,0.0,0,Majorstuen,RUT:Line:3912,Majorstuen - Kjelsås,12N,bus,RUT:ServiceJourney:97b1f183142641800b6a8d7360b120b6,False,planned,False,,,,,2026-08-23T04:52:42.669123+02:00
NSR:StopPlace:59648,Kjelsås stasjon,2026-08-23T03:10:00+02:00,2026-08-23T03:10:00+02:00,,0.0,0,Kværnerbyen,RUT:Line:54,Kværnerbyen - Kjelsås stasjon,54,bus,RUT:ServiceJourney:70f5765901cb4b3d92c995abf7846b05,False,planned,False,,,,,2026-08-23T04:52:42.669123+02:00
NSR:StopPlace:59648,Kjelsås stasjon,2026-08-23T03:18:00+02:00,2026-08-23T03:18:00+02:00,,0.0,0,Majorstuen,RUT:Line:3911,Majorstuen - Kjelsås,11N,bus,RUT:ServiceJourney:a1b932c8f482358c227c697a7e4ef8be,False,planned,False,,,,,2026-08-23T04:52:42.669123+02:00
NSR:StopPlace:59648,Kjelsås stasjon,2026-08-23T03:33:00+02:00,2026-08-23T03:33:00+02:00,,0.0,0,Majorstuen,RUT:Line:3912,Majorstuen - Kjelsås,12N,bus,RUT:ServiceJourney:b9aa14e035e9627cc63d5310b6d16cd4,False,planned,False,,,,,2026-08-23T04:52:42.669123+02:00
NSR:StopPlace:59648,Kjelsås stasjon,2026-08-23T03:40:00+02:00,2026-08-23T03:40:00+02:00,,0.0,0,Kværnerbyen,RUT:Line:54,Kværnerbyen - Kjelsås stasjon,54,bus,RUT:ServiceJourney:f8671bf42c1b480192e873710ef458b3,False,planned,False,,,,,2026-08-23T04:52:42.669123+02:00
NSR:StopPlace:59649,Nydalen stasjon,2026-08-23T03:33:00+02:00,2026-08-23T03:33:00+02:00,,0.0,0,Oslo lufthavn,NBU:Line:cb7b555c-f96e-42d5-84bf-a5e08c0145c2,Radiumhospitalet via Økern-Storo-Tåsen,FB3,bus,NBU:ServiceJourney:2a1f9e25-a384-4773-a648-91bce13fb380,False,planned,False,,,,,2026-08-23T04:52:42.669123+02:00
NSR:StopPlace:59643,Grefsen stasjon,2026-08-23T03:38:00+02:00,2026-08-23T03:38:00+02:00,,0.0,0,Oslo lufthavn,NBU:Line:cb7b555c-f96e-42d5-84bf-a5e08c0145c2,Radiumhospitalet via Økern-Storo-Tåsen,FB3,bus,NBU:ServiceJourney:2a1f9e25-a384-4773-a648-91bce13fb380,False,planned,False,,,,,2026-08-23T04:52:42.669123+02:00
NSR:StopPlace:60640,Heimdal stasjon,2026-08-23T03:48:00+02:00,2026-08-23T03:48:00+02:00,,0.0,0,Lundåsen,ATB:Line:2_109,Nattbuss Bjørndalen/Kattem/Lun,109,bus,ATB:ServiceJourney:109_251215112543888_6002,False,planned,False,,,,,2026-08-23T04:52:42.669123+02:00
NSR:StopPlace:59650,Nyland stasjon,2026-08-23T03:16:00+02:00,2026-08-23T03:16:00+02:00,,0.0,0,Vestli,RUT:Line:3905,Jernbanetorget - Vestli T,5N,bus,RUT:ServiceJourney:5250f2e019d2c39482ed2bcbf16bf02a,False,planned,False,,,,,2026-08-23T04:52:42.669123+02:00
NSR:StopPlace:59650,Nyland stasjon,2026-08-23T03:23:00+02:00,2026-08-23T03:23:00+02:00,,0.0,0,Jernbanetorget,RUT:Line:3905,Jernbanetorget - Vestli T,5N,bus,RUT:ServiceJourney:e6a6bf3f826f1286b1fa91a0d9b60654,False,planned,False,,,,,2026-08-23T04:52:42.669123+02:00
NSR:StopPlace:59650,Nyland stasjon,2026-08-23T03:46:00+02:00,2026-08-23T03:46:00+02:00,,0.0,0,Vestli,RUT:Line:3905,Jernbanetorget - Vestli T,5N,bus,RUT:ServiceJourney:e1815cb3fbc74796e96f2773ff64ae22,False,planned,False,,,,,2026-08-23T04:52:42.669123+02:00
NSR:StopPlace:59650,Nyland stasjon,2026-08-23T03:52:00+02:00,2026-08-23T03:52:00+02:00,,0.0,0,Oslo lufthavn,NBU:Line:cb7b555c-f96e-42d5-84bf-a5e08c0145c2,Radiumhospitalet via Økern-Storo-Tåsen,FB3,bus,NBU:ServiceJourney:2a1f9e25-a384-4773-a648-91bce13fb380,False,planned,False,,,,,2026-08-23T04:52:42.669123+02:00
NSR:StopPlace:59651,Skøyen stasjon,2026-08-23T02:36:00+02:00,2026-08-23T02:36:00+02:00,,0.0,0,Snarøya,RUT:Line:31,Snarøya - Fornebu - Tonsenhagen - Grorud,31,bus,RUT:ServiceJourney:6d6d7ebd7a1c62a60143d6fb4dce7147,False,planned,False,,,,,2026-08-23T04:52:42.669123+02:00
NSR:StopPlace:59651,Skøyen stasjon,2026-08-23T02:46:00+02:00,2026-08-23T02:46:00+02:00,,0.0,0,Grorud T,RUT:Line:31,Snarøya - Fornebu - Tonsenhagen - Grorud,31,bus,RUT:ServiceJourney:6f4bb40c6c4b91d46cfbcd3c39411f6b,False,planned,False,,,,,2026-08-23T04:52:42.669123+02:00
NSR:StopPlace:59651,Skøyen stasjon,2026-08-23T02:47:00+02:00,2026-08-23T02:47:00+02:00,,0.0,0,Helsfyr T,RUT:Line:20,Skøyen - Galgeberg,20,bus,RUT:ServiceJourney:f9eed5a2400ff2c0c65146ca3a4f8746,False,planned,False,,,,,2026-08-23T04:52:42.669123+02:00
NSR:StopPlace:59651,Skøyen stasjon,2026-08-23T03:06:00+02:00,2026-08-23T03:06:00+02:00,,0.0,0,Snarøya,RUT:Line:31,Snarøya - Fornebu - Tonsenhagen - Grorud,31,bus,RUT:ServiceJourney:391e0020cdaa29cdb17a9ed0e71877c8,False,planned,False,,,,,2026-08-23T04:52:42.669123+02:00
NSR:StopPlace:59651,Skøyen stasjon,2026-08-23T03:16:00+02:00,2026-08-23T03:16:00+02:00,,0.0,0,Grorud T,RUT:Line:31,Snarøya - Fornebu - Tonsenhagen - Grorud,31,bus,RUT:ServiceJourney:cb0c4b74413099d08e62124c5d53bad0,False,planned,False,,,,,2026-08-23T04:52:42.669123+02:00
NSR:StopPlace:59651,Skøyen stasjon,2026-08-23T03:17:00+02:00,2026-08-23T03:17:00+02:00,,0.0,0,Helsfyr T,RUT:Line:20,Skøyen - Galgeberg,20,bus,RUT:ServiceJourney:de502f5ad524e3cc40c0c0e5db8db1cc,False,planned,False,,,,,2026-08-23T04:52:42.669123+02:00
NSR:StopPlace:59651,Skøyen stasjon,2026-08-23T03:36:00+02:00,2026-08-23T03:36:00+02:00,,0.0,0,Snarøya,RUT:Line:31,Snarøya - Fornebu - Tonsenhagen - Grorud,31,bus,RUT:ServiceJourney:30d087a94fa94b7f3d0751320a8f75e8,False,planned,False,,,,,2026-08-23T04:52:42.669123+02:00
NSR:StopPlace:59651,Skøyen stasjon,2026-08-23T04:06:00+02:00,2026-08-23T04:06:00+02:00,,0.0,0,Snarøya,RUT:Line:31,Snarøya - Fornebu - Tonsenhagen - Grorud,31,bus,RUT:ServiceJourney:3bc14e55a44140ab21bd23b85f11bfe0,False,planned,False,,,,,2026-08-23T04:52:42.669123+02:00
NSR:StopPlace:59654,Stabekk stasjon,2026-08-23T03:39:00+02:00,2026-08-23T03:39:00+02:00,,0.0,0,Gullhaug,RUT:Line:150,Gullhaug - Nationaltheatret,150,bus,RUT:ServiceJourney:ce68c75f9ae1f6e16f2945efaeaf71b3,False,planned,False,Holdeplass Stabekk stasjon i retning mot Bekkestua er flyttet ca. 50 meter bakover.,Dette skyldes anleggsarbeid i området.,incident,normal,2026-08-23T04:52:42.669123+02:00
NSR:StopPlace:59957,Klepp stasjon,2026-08-23T02:27:00+02:00,2026-08-23T02:27:00+02:00,,0.0,0,Boreringen,KOL:Line:8_2024,59,59,bus,KOL:ServiceJourney:2024_260409073773224_4019,False,planned,False,,,,,2026-08-23T04:52:42.669123+02:00
NSR:StopPlace:59957,Klepp stasjon,2026-08-23T02:33:00+02:00,2026-08-23T02:33:00+02:00,,0.0,0,Egersund,GOA:Line:59,Jærbanen,L5,rail,GOA:ServiceJourney:B3092-BQ_74823-R,False,planned,False,,,,,2026-08-23T04:52:42.669123+02:00
NSR:StopPlace:59957,Klepp stasjon,2026-08-23T02:35:00+02:00,2026-08-23T02:35:00+02:00,,0.0,0,Stavanger,GOA:Line:59,Jærbanen,L5,rail,GOA:ServiceJourney:B3093-BB_74827-R,False,planned,False,,,,,2026-08-23T04:52:42.669123+02:00
NSR:StopPlace:59957,Klepp stasjon,2026-08-23T02:43:00+02:00,2026-08-23T02:43:00+02:00,,0.0,0,Egersund,GOA:Line:59,Jærbanen,L5,rail,GOA:ServiceJourney:B3092-BP_74822-R,False,planned,False,,,,,2026-08-23T04:52:42.669123+02:00
NSR:StopPlace:59957,Klepp stasjon,2026-08-23T02:43:00+02:00,2026-08-23T02:43:00+02:00,,0.0,0,Nærbø,GOA:Line:59,Jærbanen,L5,rail,GOA:ServiceJourney:B3092-BR_74824-R,False,planned,False,,,,,2026-08-23T04:52:42.669123+02:00
NSR:StopPlace:59957,Klepp stasjon,2026-08-23T02:44:00+02:00,2026-08-23T02:44:00+02:00,,0.0,0,Stavanger,GOA:Line:59,Jærbanen,L5,rail,GOA:ServiceJourney:B3093-BA_74826-R,False,planned,False,,,,,2026-08-23T04:52:42.669123+02:00
NSR:StopPlace:60944,Ski stasjon,2026-08-23T03:03:00+02:00,2026-08-23T03:03:00+02:00,,0.0,0,Nationaltheatret,RUT:Line:3981,Nationaltheatret - Ski,81N,bus,RUT:ServiceJourney:6e5786451103dce6002a77687ada14ec,False,planned,False,,,,,2026-08-23T04:52:42.669123+02:00
NSR:StopPlace:60944,Ski stasjon,2026-08-23T03:33:00+02:00,2026-08-23T03:33:00+02:00,,0.0,0,Ødegården,RUT:Line:3981,Nationaltheatret - Ski,81N,bus,RUT:ServiceJourney:432633049d6fe50603d2753052c5a0f4,False,planned,False,,,,,2026-08-23T04:52:42.669123+02:00
NSR:StopPlace:60944,Ski stasjon,2026-08-23T03:42:00+02:00,2026-08-23T03:42:00+02:00,,0.0,0,Vinterbro,RUT:Line:520,Vinterbro - Ski stasjon,520,bus,RUT:ServiceJourney:8975e33e1c6a27415eee6a69a533430e,False,planned,False,,,,,2026-08-23T04:52:42.669123+02:00
NSR:StopPlace:59977,Trondheim S,2026-08-23T02:33:00+02:00,2026-08-23T02:33:00+02:00,,0.0,0,Fannrem,ATB:Line:2_4101,Nattbuss Trondheim - Orkanger,4101,bus,ATB:ServiceJourney:4101_260106098640181_9006,False,planned,False,,,,,2026-08-23T04:52:42.669123+02:00
NSR:StopPlace:59977,Trondheim S,2026-08-23T02:36:00+02:00,2026-08-23T02:36:00+02:00,,0.0,0,Stjørdal via Svebergkrysset,ATB:Line:2_116,Trondheim- Hommelvik- Stjørdal,116,bus,ATB:ServiceJourney:116_251217091074091_6004,False,planned,False,,,,,2026-08-23T04:52:42.669123+02:00
NSR:StopPlace:59977,Trondheim S,2026-08-23T03:36:00+02:00,2026-08-23T03:36:00+02:00,,0.0,0,Stjørdal via Strindh.-Hommelvik,ATB:Line:2_116,Trondheim- Hommelvik- Stjørdal,116,bus,ATB:ServiceJourney:116_251217091073789_6006,False,planned,False,,,,,2026-08-23T04:52:42.669123+02:00
NSR:StopPlace:59181,Kristinehamn station,2026-08-23T02:35:00+02:00,2026-08-23T02:35:00+02:00,,0.0,0,Stockholm,VYB:Line:26,850 Oslo - Arlanda - Stockholm,850,coach,VYB:ServiceJourney:2094b187d5f04d2a2316b7c733683e92913cefea,False,planned,False,,,,,2026-08-23T04:52:42.669123+02:00
NSR:StopPlace:59182,Örebro Centralstation,2026-08-23T02:50:00+02:00,2026-08-23T02:50:00+02:00,,0.0,0,Arlanda,VYB:Line:26,850 Oslo - Arlanda - Stockholm,850,coach,VYB:ServiceJourney:10b2e4758894544f8ace957a0d24c160fccd39fb,False,planned,False,Örebro läge X,,general,normal,2026-08-23T04:52:42.669123+02:00
NSR:StopPlace:59182,Örebro Centralstation,2026-08-23T03:10:00+02:00,2026-08-23T03:10:00+02:00,,0.0,0,Karlstad,VYB:Line:26,850 Oslo - Arlanda - Stockholm,850,coach,VYB:ServiceJourney:8470c5d763172480e86b1b6f8357e883e035865b,False,planned,False,Örebro läge X,,general,normal,2026-08-23T04:52:42.669123+02:00
NSR:StopPlace:59182,Örebro Centralstation,2026-08-23T03:45:00+02:00,2026-08-23T03:45:00+02:00,,0.0,0,Stockholm,VYB:Line:26,850 Oslo - Arlanda - Stockholm,850,coach,VYB:ServiceJourney:2094b187d5f04d2a2316b7c733683e92913cefea,False,planned,False,Örebro läge X,,general,normal,2026-08-23T04:52:42.669123+02:00
NSR:StopPlace:59182,Örebro Centralstation,2026-08-23T04:35:00+02:00,2026-08-23T04:35:00+02:00,,0.0,0,Arlanda,VYB:Line:26,850 Oslo - Arlanda - Stockholm,850,coach,VYB:ServiceJourney:29db7164c721c502434d2463a4bfa6c4600f03c5,False,planned,False,Örebro läge X,,general,normal,2026-08-23T04:52:42.669123+02:00
NSR:StopPlace:59182,Örebro Centralstation,2026-08-23T05:35:00+02:00,2026-08-23T05:35:00+02:00,,0.0,0,Arlanda,VYB:Line:26,850 Oslo - Arlanda - Stockholm,850,coach,VYB:ServiceJourney:88d418fb1e0f2f28e1652324f0874a0bc4b7f0de,False,planned,False,Örebro läge X,,general,normal,2026-08-23T04:52:42.669123+02:00
NSR:StopPlace:60047,Melhus skysstasjon,2026-08-23T02:59:00+02:00,2026-08-23T02:59:00+02:00,,0.0,0,Brekkåsen,ATB:Line:2_110,Nattbuss Trondheim- Melhus,110,bus,ATB:ServiceJourney:110_251215112551921_6004,False,planned,False,,,,,2026-08-23T04:52:42.669123+02:00
NSR:StopPlace:60047,Melhus skysstasjon,2026-08-23T03:59:00+02:00,2026-08-23T03:59:00+02:00,,0.0,0,Brekkåsen,ATB:Line:2_110,Nattbuss Trondheim- Melhus,110,bus,ATB:ServiceJourney:110_251215112544871_6006,False,planned,False,,,,,2026-08-23T04:52:42.669123+02:00
NSR:StopPlace:59375,Jörn station,2026-08-23T04:07:00+02:00,2026-08-23T04:07:00+02:00,,0.0,0,Luleå,SJV:Line:0ff9f2b9-fbe5-4761-8a29-8813be35efaa,Stockholm-Narvik (-Luleå),,rail,SJV:ServiceJourney:0eabfad4-c61e-4fc3-8a75-7ebd11c5a873,False,planned,False,,,,,2026-08-23T04:52:42.669123+02:00
NSR:StopPlace:59393,Västerås Centralstation,2026-08-23T02:45:00+02:00,2026-08-23T02:45:00+02:00,,0.0,0,Arlanda,VYB:Line:26,850 Oslo - Arlanda - Stockholm,850,coach,VYB:ServiceJourney:b54ed62a64c9c2483c413e61158c2700b4c8964b,False,planned,False,Västerås,"Nytt holdeplassområde ved Västerås Resecentrum fra 16. mars. Den nye holdeplassen ligger på stasjonens vestside, rett ved jernbanespor 1B. Du finner den ved å følge parkeringsplassen til den bortre enden. ",general,normal,2026-08-23T04:52:42.669123+02:00
NSR:StopPlace:59393,Västerås Centralstation,2026-08-23T04:10:00+02:00,2026-08-23T04:10:00+02:00,,0.0,0,Arlanda,VYB:Line:26,850 Oslo - Arlanda - Stockholm,850,coach,VYB:ServiceJourney:10b2e4758894544f8ace957a0d24c160fccd39fb,False,planned,False,Västerås,"Nytt holdeplassområde ved Västerås Resecentrum fra 16. mars. Den nye holdeplassen ligger på stasjonens vestside, rett ved jernbanespor 1B. Du finner den ved å følge parkeringsplassen til den bortre enden. ",general,normal,2026-08-23T04:52:42.669123+02:00
NSR:StopPlace:59393,Västerås Centralstation,2026-08-23T04:45:00+02:00,2026-08-23T04:45:00+02:00,,0.0,0,Oslo,VYB:Line:26,850 Oslo - Arlanda - Stockholm,850,coach,VYB:ServiceJourney:b9eecbf3c2fca8553629b52f058f1deca2ad5c21,False,planned,False,Västerås,"Nytt holdeplassområde ved Västerås Resecentrum fra 16. mars. Den nye holdeplassen ligger på stasjonens vestside, rett ved jernbanespor 1B. Du finner den ved å følge parkeringsplassen til den bortre enden. ",general,normal,2026-08-23T04:52:42.669123+02:00
NSR:StopPlace:59393,Västerås Centralstation,2026-08-23T05:05:00+02:00,2026-08-23T05:05:00+02:00,,0.0,0,Stockholm,VYB:Line:26,850 Oslo - Arlanda - Stockholm,850,coach,VYB:ServiceJourney:2094b187d5f04d2a2316b7c733683e92913cefea,False,planned,False,Västerås,"Nytt holdeplassområde ved Västerås Resecentrum fra 16. mars. Den nye holdeplassen ligger på stasjonens vestside, rett ved jernbanespor 1B. Du finner den ved å følge parkeringsplassen til den bortre enden. ",general,normal,2026-08-23T04:52:42.669123+02:00
NSR:StopPlace:59261,Trondheim lufthavn,2026-08-23T03:20:00+02:00,2026-08-23T03:20:00+02:00,,0.0,0,Stjørdal,ATB:Line:2_116,Trondheim- Hommelvik- Stjørdal,116,bus,ATB:ServiceJourney:116_251217091074091_6004,False,planned,False,,,,,2026-08-23T04:52:42.669123+02:00
NSR:StopPlace:59261,Trondheim lufthavn,2026-08-23T04:19:00+02:00,2026-08-23T04:19:00+02:00,,0.0,0,Stjørdal,ATB:Line:2_116,Trondheim- Hommelvik- Stjørdal,116,bus,ATB:ServiceJourney:116_251217091073789_6006,False,planned,False,,,,,2026-08-23T04:52:42.669123+02:00
NSR:StopPlace:60271,Varhaug stasjon,2026-08-23T02:20:00+02:00,2026-08-23T02:20:00+02:00,,0.0,0,Egersund,GOA:Line:59,Jærbanen,L5,rail,GOA:ServiceJourney:B3090-BN_74816-R,False,planned,False,,,,,2026-08-23T04:52:42.669123+02:00
NSR:StopPlace:60271,Varhaug stasjon,2026-08-23T03:10:00+02:00,2026-08-23T03:10:00+02:00,,0.0,0,Egersund,GOA:Line:59,Jærbanen,L5,rail,GOA:ServiceJourney:B3092-BQ_74823-R,False,planned,False,,,,,2026-08-23T04:52:42.669123+02:00
NSR:StopPlace:60271,Varhaug stasjon,2026-08-23T03:20:00+02:00,2026-08-23T03:20:00+02:00,,0.0,0,Egersund,GOA:Line:59,Jærbanen,L5,rail,GOA:ServiceJourney:B3092-BP_74822-R,False,planned,False,,,,,2026-08-23T04:52:42.669123+02:00
NSR:StopPlace:60569,Sirevåg stasjon,2026-08-23T02:52:00+02:00,2026-08-23T02:52:00+02:00,,0.0,0,Egersund,GOA:Line:59,Jærbanen,L5,rail,GOA:ServiceJourney:B3090-BK_78560-R,False,planned,False,,,,,2026-08-23T04:52:42.669123+02:00
NSR:StopPlace:60569,Sirevåg stasjon,2026-08-23T03:52:00+02:00,2026-08-23T03:52:00+02:00,,0.0,0,Egersund,GOA:Line:59,Jærbanen,L5,rail,GOA:ServiceJourney:B3092-BO_78562-R,False,planned,False,,,,,2026-08-23T04:52:42.669123+02:00
NSR:StopPlace:59616,Asker stasjon,2026-08-23T03:07:00+02:00,2026-08-23T03:07:00+02:00,,0.0,0,Heggedal,RUT:Line:280,Asker - Dikemark - Heggedal,280,bus,RUT:ServiceJourney:a73f58b1b92c002d9351f99d917af2e8,False,planned,False,,,,,2026-08-23T04:52:42.669123+02:00
NSR:StopPlace:59616,Asker stasjon,2026-08-23T03:08:00+02:00,2026-08-23T03:08:00+02:00,,0.0,0,Blakstad,RUT:Line:290,Asker - Blakstad,290,bus,RUT:ServiceJourney:be0c4a18defdbabc75ca18d90a0efb45,False,planned,False,,,,,2026-08-23T04:52:42.669123+02:00
NSR:StopPlace:59620,Grorud stasjon,2026-08-23T03:18:00+02:00,2026-08-23T03:18:00+02:00,,0.0,0,Vestli,RUT:Line:3905,Jernbanetorget - Vestli T,5N,bus,RUT:ServiceJourney:5250f2e019d2c39482ed2bcbf16bf02a,False,planned,False,,,,,2026-08-23T04:52:42.669123+02:00
NSR:StopPlace:59620,Grorud stasjon,2026-08-23T03:48:00+02:00,2026-08-23T03:48:00+02:00,,0.0,0,Vestli,RUT:Line:3905,Jernbanetorget - Vestli T,5N,bus,RUT:ServiceJourney:e1815cb3fbc74796e96f2773ff64ae22,False,planned,False,,,,,2026-08-23T04:52:42.669123+02:00
NSR:StopPlace:59620,Grorud stasjon,2026-08-23T03:54:00+02:00,2026-08-23T03:54:00+02:00,,0.0,0,Oslo lufthavn,NBU:Line:cb7b555c-f96e-42d5-84bf-a5e08c0145c2,Radiumhospitalet via Økern-Storo-Tåsen,FB3,bus,NBU:ServiceJourney:2a1f9e25-a384-4773-a648-91bce13fb380,False,planned,False,,,,,2026-08-23T04:52:42.669123+02:00
NSR:StopPlace:59635,Hauketo stasjon,2026-08-23T02:54:00+02:00,2026-08-23T02:54:00+02:00,,0.0,0,Åsbråten,RUT:Line:3919,Kringsjå - Åsbråten,19N,bus,RUT:ServiceJourney:25b7516cce8ca894da340dbde53a8b29,False,planned,False,,,,,2026-08-23T04:52:42.669123+02:00
NSR:StopPlace:59635,Hauketo stasjon,2026-08-23T03:10:00+02:00,2026-08-23T03:10:00+02:00,,0.0,0,Ski stasjon,RUT:Line:3981,Nationaltheatret - Ski,81N,bus,RUT:ServiceJourney:8253f2154d93162429f0ed49cb52611e,False,planned,False,,,,,2026-08-23T04:52:42.669123+02:00
NSR:StopPlace:59635,Hauketo stasjon,2026-08-23T03:12:00+02:00,2026-08-23T03:12:00+02:00,,0.0,0,Nationaltheatret,RUT:Line:3981,Nationaltheatret - Ski,81N,bus,RUT:ServiceJourney:cba8167722ca698401bcf9a488b24dff,False,planned,False,,,,,2026-08-23T04:52:42.669123+02:00
NSR:StopPlace:59635,Hauketo stasjon,2026-08-23T03:19:00+02:00,2026-08-23T03:19:00+02:00,,0.0,0,Kringsjå,RUT:Line:3919,Kringsjå - Åsbråten,19N,bus,RUT:ServiceJourney:e14667269c9a91d5388c0f2aed354d1f,False,planned,False,,,,,2026-08-23T04:52:42.669123+02:00
NSR:StopPlace:59635,Hauketo stasjon,2026-08-23T03:24:00+02:00,2026-08-23T03:24:00+02:00,,0.0,0,Åsbråten,RUT:Line:3919,Kringsjå - Åsbråten,19N,bus,RUT:ServiceJourney:2738c4431a2f83037ca13578e26b561d,False,planned,False,,,,,2026-08-23T04:52:42.669123+02:00
NSR:StopPlace:59635,Hauketo stasjon,2026-08-23T03:42:00+02:00,2026-08-23T03:42:00+02:00,,0.0,0,Nationaltheatret,RUT:Line:3981,Nationaltheatret - Ski,81N,bus,RUT:ServiceJourney:6e5786451103dce6002a77687ada14ec,False,planned,False,,,,,2026-08-23T04:52:42.669123+02:00
NSR:StopPlace:59635,Hauketo stasjon,2026-08-23T03:54:00+02:00,2026-08-23T03:54:00+02:00,,0.0,0,Åsbråten,RUT:Line:3919,Kringsjå - Åsbråten,19N,bus,RUT:ServiceJourney:82518ac47226bc554a53064f6619b7bf,False,planned,False,,,,,2026-08-23T04:52:42.669123+02:00
NSR:StopPlace:59636,Holmlia stasjon,2026-08-23T03:15:00+02:00,2026-08-23T03:15:00+02:00,,0.0,0,Kringsjå,RUT:Line:3919,Kringsjå - Åsbråten,19N,bus,RUT:ServiceJourney:e14667269c9a91d5388c0f2aed354d1f,False,planned,False,,,,,2026-08-23T04:52:42.669123+02:00
NSR:StopPlace:59636,Holmlia stasjon,2026-08-23T03:24:00+02:00,2026-08-23T03:24:00+02:00,,0.0,0,Nationaltheatret,RUT:Line:3983,Nationaltheatret - Fløysbonn,83N,bus,RUT:ServiceJourney:4ad67138dfcad7020ca3a4001bb7c654,False,planned,False,,,,,2026-08-23T04:52:42.669123+02:00
NSR:StopPlace:59636,Holmlia stasjon,2026-08-23T03:29:00+02:00,2026-08-23T03:29:00+02:00,,0.0,0,Fløysbonn,RUT:Line:3983,Nationaltheatret - Fløysbonn,83N,bus,RUT:ServiceJourney:390000026f1793caffeb0be6a42bebc1,False,planned,False,,,,,2026-08-23T04:52:42.669123+02:00
NSR:StopPlace:59636,Holmlia stasjon,2026-08-23T03:56:00+02:00,2026-08-23T03:56:00+02:00,,0.0,0,Åsbråten,RUT:Line:3919,Kringsjå - Åsbråten,19N,bus,RUT:ServiceJourney:82518ac47226bc554a53064f6619b7bf,False,planned,False,,,,,2026-08-23T04:52:42.669123+02:00
NSR:StopPlace:59636,Holmlia stasjon,2026-08-23T03:59:00+02:00,2026-08-23T03:59:00+02:00,,0.0,0,Fløysbonn,RUT:Line:3983,Nationaltheatret - Fløysbonn,83N,bus,RUT:ServiceJourney:1a17eafa23f2b42b54be4c7583f8a29a,False,planned,False,,,,,2026-08-23T04:52:42.669123+02:00
NSR:StopPlace:59637,Rosenholm stasjon,2026-08-23T03:21:00+02:00,2026-08-23T03:21:00+02:00,,0.0,0,Nationaltheatret,RUT:Line:3983,Nationaltheatret - Fløysbonn,83N,bus,RUT:ServiceJourney:4ad67138dfcad7020ca3a4001bb7c654,False,planned,False,,,,,2026-08-23T04:52:42.669123+02:00
NSR:StopPlace:59637,Rosenholm stasjon,2026-08-23T03:32:00+02:00,2026-08-23T03:32:00+02:00,,0.0,0,Fløysbonn,RUT:Line:3983,Nationaltheatret - Fløysbonn,83N,bus,RUT:ServiceJourney:390000026f1793caffeb0be6a42bebc1,False,planned,False,,,,,2026-08-23T04:52:42.669123+02:00
NSR:StopPlace:59637,Rosenholm stasjon,2026-08-23T04:02:00+02:00,2026-08-23T04:02:00+02:00,,0.0,0,Fløysbonn,RUT:Line:3983,Nationaltheatret - Fløysbonn,83N,bus,RUT:ServiceJourney:1a17eafa23f2b42b54be4c7583f8a29a,False,planned,False,,,,,2026-08-23T04:52:42.669123+02:00
NSR:StopPlace:59638,Myrvoll stasjon,2026-08-23T03:19:00+02:00,2026-08-23T03:19:00+02:00,,0.0,0,Nationaltheatret,RUT:Line:3981,Nationaltheatret - Ski,81N,bus,RUT:ServiceJourney:6e5786451103dce6002a77687ada14ec,False,planned,False,,,,,2026-08-23T04:52:42.669123+02:00
NSR:StopPlace:59638,Myrvoll stasjon,2026-08-23T03:30:00+02:00,2026-08-23T03:30:00+02:00,,0.0,0,Ski stasjon,RUT:Line:3981,Nationaltheatret - Ski,81N,bus,RUT:ServiceJourney:8253f2154d93162429f0ed49cb52611e,False,planned,False,,,,,2026-08-23T04:52:42.669123+02:00
NSR:StopPlace:59638,Myrvoll stasjon,2026-08-23T03:49:00+02:00,2026-08-23T03:49:00+02:00,,0.0,0,Ødegården,RUT:Line:3981,Nationaltheatret - Ski,81N,bus,RUT:ServiceJourney:432633049d6fe50603d2753052c5a0f4,False,planned,False,,,,,2026-08-23T04:52:42.669123+02:00
NSR:StopPlace:59639,Sonsveien stasjon,2026-08-23T02:32:00+02:00,2026-08-23T02:32:00+02:00,,0.0,0,Oslo lufthavn,VYX:Line:56,FB11 Fredrikstad-Oslo Lufthavn (OSL),FB11,bus,VYX:ServiceJourney:d44b33973888d082cc1bbd2bbc9d7ed7b306bb0a,False,planned,False,Forhåndsbestilling FB11,Billett må kjøpes på nett eller app senest 15 minutter før påstigning for at bussen skal kjøre innom holdeplassen. Ruter-billett er ikke gyldig. ,general,normal,2026-08-23T04:52:42.669123+02:00
NSR:StopPlace:59639,Sonsveien stasjon,2026-08-23T03:32:00+02:00,2026-08-23T03:32:00+02:00,,0.0,0,Oslo lufthavn,VYX:Line:56,FB11 Fredrikstad-Oslo Lufthavn (OSL),FB11,bus,VYX:ServiceJourney:b3933fd3a492f391361da279435d0f45720b4286,False,planned,False,Forhåndsbestilling FB11,Billett må kjøpes på nett eller app senest 15 minutter før påstigning for at bussen skal kjøre innom holdeplassen. Ruter-billett er ikke gyldig. ,general,normal,2026-08-23T04:52:42.669123+02:00
NSR:StopPlace:59639,Sonsveien stasjon,2026-08-23T04:32:00+02:00,2026-08-23T04:32:00+02:00,,0.0,0,Oslo lufthavn,VYX:Line:56,FB11 Fredrikstad-Oslo Lufthavn (OSL),FB11,bus,VYX:ServiceJourney:d0632a4f04d09e0b1731ed20d0dae6e543ec1aa0,False,planned,False,Forhåndsbestilling FB11,Billett må kjøpes på nett eller app senest 15 minutter før påstigning for at bussen skal kjøre innom holdeplassen. Ruter-billett er ikke gyldig. ,general,normal,2026-08-23T04:52:42.669123+02:00
NSR:StopPlace:58404,Nationaltheatret,2026-08-23T02:19:00+02:00,2026-08-23T02:19:00+02:00,,0.0,0,Voksen skog,RUT:Line:9842,Voksen skog - Jernbanetorget,42N,bus,RUT:ServiceJourney:5f2b6dcdc33b8d04e4a03058d5f638aa,False,planned,False,Holdeplass CC vest retning Simensbråten/Voksen skog er flyttet 50 meter bakover,Dette skyldes buss for trikk på Lilleakerbanen.,incident,normal,2026-08-23T04:52:42.669123+02:00
NSR:StopPlace:58404,Nationaltheatret,2026-08-23T02:20:00+02:00,2026-08-23T02:20:00+02:00,,0.0,0,Sandvika,RUT:Line:3250,Nationaltheatretl - Sandvika- Slemmestad- Sætre,250N,bus,RUT:ServiceJourney:127007a2dec890a9510c5e932bb9a407,False,planned,False,,,,,2026-08-23T04:52:42.669123+02:00
NSR:StopPlace:58404,Nationaltheatret,2026-08-23T02:21:00+02:00,2026-08-23T02:21:00+02:00,,0.0,0,Nydalen T,RUT:Line:37,Nydalen T - Helsfyr,37,bus,RUT:ServiceJourney:c81d4b49b6c7e6bb8b38d2f977e85e2e,False,planned,False,,,,,2026-08-23T04:52:42.669123+02:00
NSR:StopPlace:58404,Nationaltheatret,2026-08-23T02:24:00+02:00,2026-08-23T02:24:00+02:00,,0.0,0,Jernbanetorget,RUT:Line:9842,Voksen skog - Jernbanetorget,42N,bus,RUT:ServiceJourney:6d6179a34f514453d7a5dffdb3cdde55,False,planned,False,Holdeplass CC vest retning Simensbråten/Voksen skog er flyttet 50 meter bakover,Dette skyldes buss for trikk på Lilleakerbanen.,incident,normal,2026-08-23T04:52:42.669123+02:00
NSR:StopPlace:58404,Nationaltheatret,2026-08-23T02:25:00+02:00,2026-08-23T02:25:00+02:00,,0.0,0,Gullhaug,RUT:Line:150,Gullhaug - Nationaltheatret,150,bus,RUT:ServiceJourney:74b54a48d72077999a7234d451704408,False,planned,False,,,,,2026-08-23T04:52:42.669123+02:00
NSR:StopPlace:58404,Nationaltheatret,2026-08-23T02:25:00+02:00,2026-08-23T02:25:00+02:00,,0.0,0,Snarøya,RUT:Line:31,Snarøya - Fornebu - Tonsenhagen - Grorud,31,bus,RUT:ServiceJourney:6d6d7ebd7a1c62a60143d6fb4dce7147,False,planned,False,,,,,2026-08-23T04:52:42.669123+02:00
NSR:StopPlace:58404,Nationaltheatret,2026-08-23T02:26:00+02:00,2026-08-23T02:26:00+02:00,,0.0,0,Sandvika,RUT:Line:3130,Nationaltheatret - Sandvika,130N,bus,RUT:ServiceJourney:1fbb2c9fac9ff96fbfa904be67919390,False,planned,False,,,,,2026-08-23T04:52:42.669123+02:00
NSR:StopPlace:58404,Nationaltheatret,2026-08-23T02:26:00+02:00,2026-08-23T02:26:00+02:00,,0.0,0,Nationaltheatret,RUT:Line:3140,Nationaltheatret - Bekkestua,140N,bus,RUT:ServiceJourney:a351467e48a87a0342e275fa14ca041d,False,planned,False,,,,,2026-08-23T04:52:42.669123+02:00
NSR:StopPlace:58404,Nationaltheatret,2026-08-23T02:27:00+02:00,2026-08-23T02:27:00+02:00,,0.0,0,Grorud T,RUT:Line:31,Snarøya - Fornebu - Tonsenhagen - Grorud,31,bus,RUT:ServiceJourney:ca443f1d9b8c6a5a750edd6b1d4eb55d,False,planned,False,,,,,2026-08-23T04:52:42.669123+02:00
NSR:StopPlace:58404,Nationaltheatret,2026-08-23T02:30:00+02:00,2026-08-23T02:30:00+02:00,,0.0,0,Fløysbonn,RUT:Line:3983,Nationaltheatret - Fløysbonn,83N,bus,RUT:ServiceJourney:4550841336d35aae9bb2f2b337757a72,False,planned,False,,,,,2026-08-23T04:52:42.669123+02:00
NSR:StopPlace:58404,Nationaltheatret,2026-08-23T02:33:00+02:00,2026-08-23T02:33:00+02:00,,0.0,0,Bekkestua,RUT:Line:3140,Nationaltheatret - Bekkestua,140N,bus,RUT:ServiceJourney:45b3c3265c3946fc684ccee90672c189,False,planned,False,,,,,2026-08-23T04:52:42.669123+02:00
NSR:StopPlace:58404,Nationaltheatret,2026-08-23T02:34:00+02:00,2026-08-23T02:34:00+02:00,,0.0,0,Helsfyr,RUT:Line:37,Nydalen T - Helsfyr,37,bus,RUT:ServiceJourney:f940bc14d6839a68010bcc72e1686afe,False,planned,False,,,,,2026-08-23T04:52:42.669123+02:00
NSR:StopPlace:58404,Nationaltheatret,2026-08-23T02:34:00+02:00,2026-08-23T02:34:00+02:00,,0.0,0,Nationaltheatret,RUT:Line:3130,Nationaltheatret - Sandvika,130N,bus,RUT:ServiceJourney:ff592ed1eda8401acef30913b0b8013c,False,planned,False,,,,,2026-08-23T04:52:42.669123+02:00
NSR:StopPlace:58404,Nationaltheatret,2026-08-23T02:34:00+02:00,2026-08-23T02:34:00+02:00,,0.0,0,Nationaltheatret,RUT:Line:150,Gullhaug - Nationaltheatret,150,bus,RUT:ServiceJourney:65954b2617c2c0b3067a413a47484bb0,False,planned,False,,,,,2026-08-23T04:52:42.669123+02:00
NSR:StopPlace:58404,Nationaltheatret,2026-08-23T02:35:00+02:00,2026-08-23T02:35:00+02:00,,0.0,0,Jernbanetorget,RUT:Line:30,Bygdøy - Nydalen,30,bus,RUT:ServiceJourney:874a947cc38bec20645777be06691262,False,planned,False,,,,,2026-08-23T04:52:42.669123+02:00
NSR:StopPlace:58404,Nationaltheatret,2026-08-23T02:35:00+02:00,2026-08-23T02:35:00+02:00,,0.0,0,Majorstuen,RUT:Line:3912,Majorstuen - Kjelsås,12N,bus,RUT:ServiceJourney:28b12ef9884fedd64f26a73812c4155f,False,planned,False,,,,,2026-08-23T04:52:42.669123+02:00
NSR:StopPlace:58404,Nationaltheatret,2026-08-23T02:36:00+02:00,2026-08-23T02:36:00+02:00,,0.0,0,Nydalen,RUT:Line:37,Nydalen T - Helsfyr,37,bus,RUT:ServiceJourney:13637f543b6231e3e456f581bd07765a,False,planned,False,,,,,2026-08-23T04:52:42.669123+02:00
NSR:StopPlace:58404,Nationaltheatret,2026-08-23T02:39:00+02:00,2026-08-23T02:39:00+02:00,,0.0,0,Rykkinn,RUT:Line:160,Rykkinn -Nationaltheatret,160,bus,RUT:ServiceJourney:96b18341e2c468a5fb380bf34c8d3e45,False,planned,False,,,,,2026-08-23T04:52:42.669123+02:00
NSR:StopPlace:58404,Nationaltheatret,2026-08-23T02:41:00+02:00,2026-08-23T02:41:00+02:00,,0.0,0,Nationaltheatret,RUT:Line:160,Rykkinn -Nationaltheatret,160,bus,RUT:ServiceJourney:c7dea4f3bbc9ab50b8fd18ff031ee988,False,planned,False,,,,,2026-08-23T04:52:42.669123+02:00
NSR:StopPlace:58404,Nationaltheatret,2026-08-23T02:42:00+02:00,2026-08-23T02:42:00+02:00,,0.0,0,Grorud T,RUT:Line:31,Snarøya - Fornebu - Tonsenhagen - Grorud,31,bus,RUT:ServiceJourney:e3e52e5fbbcbffb42de62c43a29e65ac,False,planned,False,,,,,2026-08-23T04:52:42.669123+02:00
NSR:StopPlace:58404,Nationaltheatret,2026-08-23T02:45:00+02:00,2026-08-23T02:45:00+02:00,,0.0,0,Ski stasjon,RUT:Line:3981,Nationaltheatret - Ski,81N,bus,RUT:ServiceJourney:8253f2154d93162429f0ed49cb52611e,False,planned,False,,,,,2026-08-23T04:52:42.669123+02:00
NSR:StopPlace:58404,Nationaltheatret,2026-08-23T02:46:00+02:00,2026-08-23T02:46:00+02:00,,0.0,0,Bygdøy,RUT:Line:30,Bygdøy - Nydalen,30,bus,RUT:ServiceJourney:7af19de23ecec6585b33d6458a023c68,False,planned,False,,,,,2026-08-23T04:52:42.669123+02:00
NSR:StopPlace:58404,Nationaltheatret,2026-08-23T02:47:00+02:00,2026-08-23T02:47:00+02:00,,0.0,0,Kjelsås,RUT:Line:3912,Majorstuen - Kjelsås,12N,bus,RUT:ServiceJourney:7d02a2695eb93aa77a6767d65800da15,False,planned,False,,,,,2026-08-23T04:52:42.669123+02:00
NSR:StopPlace:58404,Nationaltheatret,2026-08-23T02:49:00+02:00,2026-08-23T02:49:00+02:00,,0.0,0,Voksen skog,RUT:Line:9842,Voksen skog - Jernbanetorget,42N,bus,RUT:ServiceJourney:aff87cd38094165bcfbcedc45b69d96a,False,planned,False,Holdeplass CC vest retning Simensbråten/Voksen skog er flyttet 50 meter bakover,Dette skyldes buss for trikk på Lilleakerbanen.,incident,normal,2026-08-23T04:52:42.669123+02:00
NSR:StopPlace:58404,Nationaltheatret,2026-08-23T02:50:00+02:00,2026-08-23T02:50:00+02:00,,0.0,0,Sætre,RUT:Line:3250,Nationaltheatretl - Sandvika- Slemmestad- Sætre,250N,bus,RUT:ServiceJourney:1ab0b310a24806df2a1c83fd27345e45,False,planned,False,,,,,2026-08-23T04:52:42.669123+02:00
NSR:StopPlace:58404,Nationaltheatret,2026-08-23T02:51:00+02:00,2026-08-23T02:51:00+02:00,,0.0,0,Nydalen T,RUT:Line:37,Nydalen T - Helsfyr,37,bus,RUT:ServiceJourney:7ce9aec3a0e8212c7358e46f3adcd0f9,False,planned,False,,,,,2026-08-23T04:52:42.669123+02:00
NSR:StopPlace:58404,Nationaltheatret,2026-08-23T02:54:00+02:00,2026-08-23T02:54:00+02:00,,0.0,0,Jernbanetorget,RUT:Line:9842,Voksen skog - Jernbanetorget,42N,bus,RUT:ServiceJourney:e3d0eb98a416facd3ff4fd6554408dd1,False,planned,False,Holdeplass CC vest retning Simensbråten/Voksen skog er flyttet 50 meter bakover,Dette skyldes buss for trikk på Lilleakerbanen.,incident,normal,2026-08-23T04:52:42.669123+02:00
NSR:StopPlace:58404,Nationaltheatret,2026-08-23T02:55:00+02:00,2026-08-23T02:55:00+02:00,,0.0,0,Gullhaug,RUT:Line:150,Gullhaug - Nationaltheatret,150,bus,RUT:ServiceJourney:fc403965e5bc1b2fa74ae461833f747e,False,planned,False,,,,,2026-08-23T04:52:42.669123+02:00
NSR:StopPlace:58404,Nationaltheatret,2026-08-23T02:55:00+02:00,2026-08-23T02:55:00+02:00,,0.0,0,Snarøya,RUT:Line:31,Snarøya - Fornebu - Tonsenhagen - Grorud,31,bus,RUT:ServiceJourney:391e0020cdaa29cdb17a9ed0e71877c8,False,planned,False,,,,,2026-08-23T04:52:42.669123+02:00
NSR:StopPlace:58404,Nationaltheatret,2026-08-23T02:56:00+02:00,2026-08-23T02:56:00+02:00,,0.0,0,Sandvika,RUT:Line:3130,Nationaltheatret - Sandvika,130N,bus,RUT:ServiceJourney:e0faba88e6faa863bc0b880b518af039,False,planned,False,,,,,2026-08-23T04:52:42.669123+02:00
NSR:StopPlace:58404,Nationaltheatret,2026-08-23T02:56:00+02:00,2026-08-23T02:56:00+02:00,,0.0,0,Nationaltheatret,RUT:Line:3140,Nationaltheatret - Bekkestua,140N,bus,RUT:ServiceJourney:7903ac8cdabce98da36c5b80140e4dfb,False,planned,False,,,,,2026-08-23T04:52:42.669123+02:00
NSR:StopPlace:58404,Nationaltheatret,2026-08-23T02:57:00+02:00,2026-08-23T02:57:00+02:00,,0.0,0,Grorud T,RUT:Line:31,Snarøya - Fornebu - Tonsenhagen - Grorud,31,bus,RUT:ServiceJourney:6f4bb40c6c4b91d46cfbcd3c39411f6b,False,planned,False,,,,,2026-08-23T04:52:42.669123+02:00
NSR:StopPlace:58404,Nationaltheatret,2026-08-23T03:00:00+02:00,2026-08-23T03:00:00+02:00,,0.0,0,Fløysbonn,RUT:Line:3983,Nationaltheatret - Fløysbonn,83N,bus,RUT:ServiceJourney:390000026f1793caffeb0be6a42bebc1,False,planned,False,,,,,2026-08-23T04:52:42.669123+02:00
NSR:StopPlace:58404,Nationaltheatret,2026-08-23T03:03:00+02:00,2026-08-23T03:03:00+02:00,,0.0,0,Bekkestua,RUT:Line:3140,Nationaltheatret - Bekkestua,140N,bus,RUT:ServiceJourney:6bee0bb113db65ce2327d8ab2450faae,False,planned,False,,,,,2026-08-23T04:52:42.669123+02:00
NSR:StopPlace:58404,Nationaltheatret,2026-08-23T03:04:00+02:00,2026-08-23T03:04:00+02:00,,0.0,0,Helsfyr,RUT:Line:37,Nydalen T - Helsfyr,37,bus,RUT:ServiceJourney:9d83048f1c362f2d6f48979c1ab6a4db,False,planned,False,,,,,2026-08-23T04:52:42.669123+02:00
NSR:StopPlace:58404,Nationaltheatret,2026-08-23T03:04:00+02:00,2026-08-23T03:04:00+02:00,,0.0,0,Nationaltheatret,RUT:Line:3130,Nationaltheatret - Sandvika,130N,bus,RUT:ServiceJourney:f340b4a276da7b704002e5ba4d39dabc,False,planned,False,,,,,2026-08-23T04:52:42.669123+02:00
NSR:StopPlace:58404,Nationaltheatret,2026-08-23T03:04:00+02:00,2026-08-23T03:04:00+02:00,,0.0,0,Nationaltheatret,RUT:Line:150,Gullhaug - Nationaltheatret,150,bus,RUT:ServiceJourney:95145bdcb13fa9816923c06c1e88d2c6,False,planned,False,,,,,2026-08-23T04:52:42.669123+02:00
NSR:StopPlace:58404,Nationaltheatret,2026-08-23T03:05:00+02:00,2026-08-23T03:05:00+02:00,,0.0,0,Jernbanetorget,RUT:Line:30,Bygdøy - Nydalen,30,bus,RUT:ServiceJourney:21aa8d38bdae5b678fe82152cfebb3d5,False,planned,False,,,,,2026-08-23T04:52:42.669123+02:00
NSR:StopPlace:58404,Nationaltheatret,2026-08-23T03:05:00+02:00,2026-08-23T03:05:00+02:00,,0.0,0,Majorstuen,RUT:Line:3912,Majorstuen - Kjelsås,12N,bus,RUT:ServiceJourney:00ecea2eb5bacddec5ea0fcf269c75f9,False,planned,False,,,,,2026-08-23T04:52:42.669123+02:00
NSR:StopPlace:58404,Nationaltheatret,2026-08-23T03:06:00+02:00,2026-08-23T03:06:00+02:00,,0.0,0,Nydalen,RUT:Line:37,Nydalen T - Helsfyr,37,bus,RUT:ServiceJourney:c8a589df2f5bb8a14820fe6a85f03ee9,False,planned,False,,,,,2026-08-23T04:52:42.669123+02:00
NSR:StopPlace:58404,Nationaltheatret,2026-08-23T03:09:00+02:00,2026-08-23T03:09:00+02:00,,0.0,0,Rykkinn,RUT:Line:160,Rykkinn -Nationaltheatret,160,bus,RUT:ServiceJourney:9d561bc9fc697a032c66735aaba51507,False,planned,False,,,,,2026-08-23T04:52:42.669123+02:00
NSR:StopPlace:58404,Nationaltheatret,2026-08-23T03:11:00+02:00,2026-08-23T03:11:00+02:00,,0.0,0,Nationaltheatret,RUT:Line:160,Rykkinn -Nationaltheatret,160,bus,RUT:ServiceJourney:e7d4e1a0a4bed2a9d1ed98cfcb82332f,False,planned,False,,,,,2026-08-23T04:52:42.669123+02:00
NSR:StopPlace:58404,Nationaltheatret,2026-08-23T03:12:00+02:00,2026-08-23T03:12:00+02:00,,0.0,0,Grorud T,RUT:Line:31,Snarøya - Fornebu - Tonsenhagen - Grorud,31,bus,RUT:ServiceJourney:05fde346dc5c4856ed6b9bcccd2c58fe,False,planned,False,,,,,2026-08-23T04:52:42.669123+02:00
NSR:StopPlace:58404,Nationaltheatret,2026-08-23T03:16:00+02:00,2026-08-23T03:16:00+02:00,,0.0,0,Bygdøy,RUT:Line:30,Bygdøy - Nydalen,30,bus,RUT:ServiceJourney:df38b0833002c53c72eabe23efa7fbba,False,planned,False,,,,,2026-08-23T04:52:42.669123+02:00
NSR:StopPlace:58404,Nationaltheatret,2026-08-23T03:17:00+02:00,2026-08-23T03:17:00+02:00,,0.0,0,Kjelsås,RUT:Line:3912,Majorstuen - Kjelsås,12N,bus,RUT:ServiceJourney:0a9ccaaf2767a76a588be3fbd0041667,False,planned,False,,,,,2026-08-23T04:52:42.669123+02:00
NSR:StopPlace:58404,Nationaltheatret,2026-08-23T03:19:00+02:00,2026-08-23T03:19:00+02:00,,0.0,0,Voksen skog,RUT:Line:9842,Voksen skog - Jernbanetorget,42N,bus,RUT:ServiceJourney:841b2c696ab83df78116a7f8c31b17f3,False,planned,False,Holdeplass CC vest retning Simensbråten/Voksen skog er flyttet 50 meter bakover,Dette skyldes buss for trikk på Lilleakerbanen.,incident,normal,2026-08-23T04:52:42.669123+02:00
NSR:StopPlace:58404,Nationaltheatret,2026-08-23T03:20:00+02:00,2026-08-23T03:20:00+02:00,,0.0,0,Sandvika,RUT:Line:3250,Nationaltheatretl - Sandvika- Slemmestad- Sætre,250N,bus,RUT:ServiceJourney:7f813fa682ac2f60e4e1a056d49195f4,False,planned,False,,,,,2026-08-23T04:52:42.669123+02:00
NSR:StopPlace:58404,Nationaltheatret,2026-08-23T03:21:00+02:00,2026-08-23T03:21:00+02:00,,0.0,0,Nydalen T,RUT:Line:37,Nydalen T - Helsfyr,37,bus,RUT:ServiceJourney:3d2420371dab1f084bc56c9d3b2b984e,False,planned,False,,,,,2026-08-23T04:52:42.669123+02:00
NSR:StopPlace:58404,Nationaltheatret,2026-08-23T03:24:00+02:00,2026-08-23T03:24:00+02:00,,0.0,0,Jernbanetorget,RUT:Line:9842,Voksen skog - Jernbanetorget,42N,bus,RUT:ServiceJourney:8519237ac223dfdff876fe5585c82c09,False,planned,False,Holdeplass CC vest retning Simensbråten/Voksen skog er flyttet 50 meter bakover,Dette skyldes buss for trikk på Lilleakerbanen.,incident,normal,2026-08-23T04:52:42.669123+02:00
NSR:StopPlace:58415,Oteråga stasjon,2026-08-23T02:46:30+02:00,2026-08-23T02:46:30+02:00,,0.0,0,Bodø,SJN:Line:79,Saltenpendelen,R75,rail,SJN:ServiceJourney:1797_35200-R,False,planned,False,,,,,2026-08-23T04:52:42.669123+02:00
NSR:StopPlace:58626,Kramfors station,2026-08-23T03:48:00+02:00,2026-08-23T03:48:00+02:00,,0.0,0,"Sundsvall, Stockholm",SJV:Line:8ca80b34-505a-4d76-b047-58b01590d0e1,Luleå-Stockholm ,Luleå-Stockholm ,rail,SJV:ServiceJourney:a5d49afa-0d54-4c88-aed3-161717bb597d,False,planned,False,,,,,2026-08-23T04:52:42.669123+02:00
NSR:StopPlace:58952,Bodø stasjon,2026-08-23T03:55:00+02:00,2026-08-23T03:55:00+02:00,,0.0,0,Løpsmarka,NOR:Line:12_8044,Tverlandet - Bodø sentrum - Løpsmarka Nattbuss,4 N,bus,NOR:ServiceJourney:8044_251012124900691_4022,False,planned,False,,,,,2026-08-23T04:52:42.669123+02:00
NSR:StopPlace:58954,Fauske stasjon,2026-08-23T02:25:30+02:00,2026-08-23T02:25:30+02:00,,0.0,0,Bodø,SJN:Line:79,Saltenpendelen,R75,rail,SJN:ServiceJourney:1797_35200-R,False,planned,False,,,,,2026-08-23T04:52:42.669123+02:00
NSR:StopPlace:58924,Bryne stasjon,2026-08-23T02:26:00+02:00,2026-08-23T02:26:00+02:00,,0.0,0,Stavanger,GOA:Line:59,Jærbanen,L5,rail,GOA:ServiceJourney:B3093-BB_74827-R,False,planned,False,,,,,2026-08-23T04:52:42.669123+02:00
NSR:StopPlace:58924,Bryne stasjon,2026-08-23T02:35:00+02:00,2026-08-23T02:35:00+02:00,,0.0,0,Stavanger,GOA:Line:59,Jærbanen,L5,rail,GOA:ServiceJourney:B3093-BA_74826-R,False,planned,False,,,,,2026-08-23T04:52:42.669123+02:00
NSR:StopPlace:58924,Bryne stasjon,2026-08-23T02:43:00+02:00,2026-08-23T02:43:00+02:00,,0.0,0,Egersund,GOA:Line:59,Jærbanen,L5,rail,GOA:ServiceJourney:B3092-BQ_74823-R,False,planned,False,,,,,2026-08-23T04:52:42.669123+02:00
NSR:StopPlace:58924,Bryne stasjon,2026-08-23T02:53:00+02:00,2026-08-23T02:53:00+02:00,,0.0,0,Egersund,GOA:Line:59,Jærbanen,L5,rail,GOA:ServiceJourney:B3092-BP_74822-R,False,planned,False,,,,,2026-08-23T04:52:42.669123+02:00
NSR:StopPlace:58924,Bryne stasjon,2026-08-23T02:53:00+02:00,2026-08-23T02:53:00+02:00,,0.0,0,Nærbø,GOA:Line:59,Jærbanen,L5,rail,GOA:ServiceJourney:B3092-BR_74824-R,False,planned,False,,,,,2026-08-23T04:52:42.669123+02:00
NSR:StopPlace:58924,Bryne stasjon,2026-08-23T02:56:00+02:00,2026-08-23T02:56:00+02:00,,0.0,0,Lyefjell,KOL:Line:8_2304,N94,N94,bus,KOL:ServiceJourney:2304_260702100874167_3002,False,planned,False,,,,,2026-08-23T04:52:42.669123+02:00
NSR:StopPlace:58925,Gausel stasjon,2026-08-23T02:21:00+02:00,2026-08-23T02:21:00+02:00,,0.0,0,Viste Hageby via Stavanger,KOL:Line:8_1305,N84,N84,bus,KOL:ServiceJourney:1305_250903083248054_4004,False,planned,False,,,,,2026-08-23T04:52:42.669123+02:00
NSR:StopPlace:58925,Gausel stasjon,2026-08-23T02:34:00+02:00,2026-08-23T02:34:00+02:00,,0.0,0,Sandnes,KOL:Line:8_1305,N84,N84,bus,KOL:ServiceJourney:1305_250903083248041_3004,False,planned,False,,,,,2026-08-23T04:52:42.669123+02:00
NSR:StopPlace:58925,Gausel stasjon,2026-08-23T02:40:00+02:00,2026-08-23T02:40:00+02:00,,0.0,0,Sandnes,KOL:Line:8_1001,1,1,bus,KOL:ServiceJourney:1001_251008118363902_3071,False,planned,False,,,,,2026-08-23T04:52:42.669123+02:00
NSR:StopPlace:58925,Gausel stasjon,2026-08-23T02:47:00+02:00,2026-08-23T02:47:00+02:00,,0.0,0,Stavanger,GOA:Line:59,Jærbanen,L5,rail,GOA:ServiceJourney:B3093-BC_74828-R,False,planned,False,,,,,2026-08-23T04:52:42.669123+02:00
NSR:StopPlace:58925,Gausel stasjon,2026-08-23T02:47:00+02:00,2026-08-23T02:47:00+02:00,,0.0,0,Stavanger,KOL:Line:8_1001,1,1,bus,KOL:ServiceJourney:1001_251008118391811_4071,False,planned,False,,,,,2026-08-23T04:52:42.669123+02:00
NSR:StopPlace:58925,Gausel stasjon,2026-08-23T02:51:00+02:00,2026-08-23T02:51:00+02:00,,0.0,0,Viste Hageby via Stavanger,KOL:Line:8_1305,N84,N84,bus,KOL:ServiceJourney:1305_250903083248055_4005,False,planned,False,,,,,2026-08-23T04:52:42.669123+02:00
NSR:StopPlace:58925,Gausel stasjon,2026-08-23T03:04:00+02:00,2026-08-23T03:04:00+02:00,,0.0,0,Sandnes,KOL:Line:8_1305,N84,N84,bus,KOL:ServiceJourney:1305_250903083248042_3005,False,planned,False,,,,,2026-08-23T04:52:42.669123+02:00
NSR:StopPlace:58925,Gausel stasjon,2026-08-23T03:10:00+02:00,2026-08-23T03:10:00+02:00,,0.0,0,Sandnes,KOL:Line:8_1001,1,1,bus,KOL:ServiceJourney:1001_251008118364026_3072,False,planned,False,,,,,2026-08-23T04:52:42.669123+02:00
NSR:StopPlace:58925,Gausel stasjon,2026-08-23T03:14:00+02:00,2026-08-23T03:14:00+02:00,,0.0,0,Stavanger,GOA:Line:59,Jærbanen,L5,rail,GOA:ServiceJourney:B3093-BA_74826-R,False,planned,False,,,,,2026-08-23T04:52:42.669123+02:00
NSR:StopPlace:58925,Gausel stasjon,2026-08-23T03:17:00+02:00,2026-08-23T03:17:00+02:00,,0.0,0,Stavanger,KOL:Line:8_1001,1,1,bus,KOL:ServiceJourney:1001_251008118398569_4072,False,planned,False,,,,,2026-08-23T04:52:42.669123+02:00
NSR:StopPlace:58925,Gausel stasjon,2026-08-23T03:21:00+02:00,2026-08-23T03:21:00+02:00,,0.0,0,Viste Hageby via Stavanger,KOL:Line:8_1305,N84,N84,bus,KOL:ServiceJourney:1305_250903083248056_4006,False,planned,False,,,,,2026-08-23T04:52:42.669123+02:00
NSR:StopPlace:58925,Gausel stasjon,2026-08-23T03:34:00+02:00,2026-08-23T03:34:00+02:00,,0.0,0,Sandnes,KOL:Line:8_1305,N84,N84,bus,KOL:ServiceJourney:1305_250903083248043_3006,False,planned,False,,,,,2026-08-23T04:52:42.669123+02:00
NSR:StopPlace:58925,Gausel stasjon,2026-08-23T03:40:00+02:00,2026-08-23T03:40:00+02:00,,0.0,0,Sandnes,KOL:Line:8_1001,1,1,bus,KOL:ServiceJourney:1001_251008118364151_3073,False,planned,False,,,,,2026-08-23T04:52:42.669123+02:00
NSR:StopPlace:58925,Gausel stasjon,2026-08-23T03:47:00+02:00,2026-08-23T03:47:00+02:00,,0.0,0,Stavanger,KOL:Line:8_1001,1,1,bus,KOL:ServiceJourney:1001_251008118391937_4073,False,planned,False,,,,,2026-08-23T04:52:42.669123+02:00
NSR:StopPlace:58925,Gausel stasjon,2026-08-23T04:04:00+02:00,2026-08-23T04:04:00+02:00,,0.0,0,Sandnes,KOL:Line:8_1305,N84,N84,bus,KOL:ServiceJourney:1305_250903083248044_3007,False,planned,False,,,,,2026-08-23T04:52:42.669123+02:00
NSR:StopPlace:58925,Gausel stasjon,2026-08-23T04:10:00+02:00,2026-08-23T04:10:00+02:00,,0.0,0,Sandnes,KOL:Line:8_1001,1,1,bus,KOL:ServiceJourney:1001_251008118364273_3074,False,planned,False,,,,,2026-08-23T04:52:42.669123+02:00
NSR:StopPlace:58932,Hommelvik stasjon,2026-08-23T03:07:00+02:00,2026-08-23T03:07:00+02:00,,0.0,0,Stjørdal,ATB:Line:2_116,Trondheim- Hommelvik- Stjørdal,116,bus,ATB:ServiceJourney:116_251217091074091_6004,False,planned,False,,,,,2026-08-23T04:52:42.669123+02:00
NSR:StopPlace:58932,Hommelvik stasjon,2026-08-23T04:07:00+02:00,2026-08-23T04:07:00+02:00,,0.0,0,Stjørdal,ATB:Line:2_116,Trondheim- Hommelvik- Stjørdal,116,bus,ATB:ServiceJourney:116_251217091073789_6006,False,planned,False,,,,,2026-08-23T04:52:42.669123+02:00
NSR:StopPlace:58849,Hakadal stasjon,2026-08-23T03:48:00+02:00,2026-08-23T03:48:00+02:00,,0.0,0,Løvstad,RUT:Line:390,Kongskog/Hellerudhaugen - Oslo bussterminal,390,bus,RUT:ServiceJourney:fc49fca159ef32b026748659797f88fb,False,planned,False,,,,,2026-08-23T04:52:42.669123+02:00
NSR:StopPlace:58853,Kolbotn stasjon,2026-08-23T03:08:00+02:00,2026-08-23T03:08:00+02:00,,0.0,0,Nationaltheatret,RUT:Line:3983,Nationaltheatret - Fløysbonn,83N,bus,RUT:ServiceJourney:4ad67138dfcad7020ca3a4001bb7c654,False,planned,False,,,,,2026-08-23T04:52:42.669123+02:00
NSR:StopPlace:58853,Kolbotn stasjon,2026-08-23T03:38:00+02:00,2026-08-23T03:38:00+02:00,,0.0,0,Mastemyr,RUT:Line:3983,Nationaltheatret - Fløysbonn,83N,bus,RUT:ServiceJourney:f0ea3407135adb33a18276156b877cb5,False,planned,False,,,,,2026-08-23T04:52:42.669123+02:00
NSR:StopPlace:58853,Kolbotn stasjon,2026-08-23T03:46:00+02:00,2026-08-23T03:46:00+02:00,,0.0,0,Fløysbonn,RUT:Line:3983,Nationaltheatret - Fløysbonn,83N,bus,RUT:ServiceJourney:390000026f1793caffeb0be6a42bebc1,False,planned,False,,,,,2026-08-23T04:52:42.669123+02:00
NSR:StopPlace:58853,Kolbotn stasjon,2026-08-23T04:08:00+02:00,2026-08-23T04:08:00+02:00,,0.0,0,Mastemyr,RUT:Line:3983,Nationaltheatret - Fløysbonn,83N,bus,RUT:ServiceJourney:dd18c22cbcef0c5a97475d891422bae3,False,planned,False,,,,,2026-08-23T04:52:42.669123+02:00
NSR:StopPlace:58853,Kolbotn stasjon,2026-08-23T04:16:00+02:00,2026-08-23T04:16:00+02:00,,0.0,0,Fløysbonn,RUT:Line:3983,Nationaltheatret - Fløysbonn,83N,bus,RUT:ServiceJourney:1a17eafa23f2b42b54be4c7583f8a29a,False,planned,False,,,,,2026-08-23T04:52:42.669123+02:00
NSR:StopPlace:58856,Lysaker stasjon,2026-08-23T02:18:00+02:00,2026-08-23T02:18:00+02:00,,0.0,0,Nationaltheatret,RUT:Line:3250,Nationaltheatretl - Sandvika- Slemmestad- Sætre,250N,bus,RUT:ServiceJourney:9d303529ed4918889207b5009d905821,False,planned,False,,,,,2026-08-23T04:52:42.669123+02:00
NSR:StopPlace:58856,Lysaker stasjon,2026-08-23T02:18:00+02:00,2026-08-23T02:18:00+02:00,,0.0,0,Nationaltheatret,RUT:Line:3140,Nationaltheatret - Bekkestua,140N,bus,RUT:ServiceJourney:a351467e48a87a0342e275fa14ca041d,False,planned,False,,,,,2026-08-23T04:52:42.669123+02:00
NSR:StopPlace:58856,Lysaker stasjon,2026-08-23T02:19:00+02:00,2026-08-23T02:19:00+02:00,,0.0,0,Rykkinn,RUT:Line:160,Rykkinn -Nationaltheatret,160,bus,RUT:ServiceJourney:07e04deb94f0af2f32785979c6805813,False,planned,False,,,,,2026-08-23T04:52:42.669123+02:00
NSR:StopPlace:58856,Lysaker stasjon,2026-08-23T02:26:00+02:00,2026-08-23T02:26:00+02:00,,0.0,0,Nationaltheatret,RUT:Line:150,Gullhaug - Nationaltheatret,150,bus,RUT:ServiceJourney:65954b2617c2c0b3067a413a47484bb0,False,planned,False,,,,,2026-08-23T04:52:42.669123+02:00
NSR:StopPlace:58856,Lysaker stasjon,2026-08-23T02:26:00+02:00,2026-08-23T02:26:00+02:00,,0.0,0,Nationaltheatret,RUT:Line:3130,Nationaltheatret - Sandvika,130N,bus,RUT:ServiceJourney:ff592ed1eda8401acef30913b0b8013c,False,planned,False,,,,,2026-08-23T04:52:42.669123+02:00
NSR:StopPlace:58856,Lysaker stasjon,2026-08-23T02:29:00+02:00,2026-08-23T02:29:00+02:00,,0.0,0,Sandvika,RUT:Line:3250,Nationaltheatretl - Sandvika- Slemmestad- Sætre,250N,bus,RUT:ServiceJourney:127007a2dec890a9510c5e932bb9a407,False,planned,False,,,,,2026-08-23T04:52:42.669123+02:00
NSR:StopPlace:58856,Lysaker stasjon,2026-08-23T02:33:00+02:00,2026-08-23T02:33:00+02:00,,0.0,0,Nationaltheatret,RUT:Line:160,Rykkinn -Nationaltheatret,160,bus,RUT:ServiceJourney:c7dea4f3bbc9ab50b8fd18ff031ee988,False,planned,False,,,,,2026-08-23T04:52:42.669123+02:00
NSR:StopPlace:58856,Lysaker stasjon,2026-08-23T02:35:00+02:00,2026-08-23T02:35:00+02:00,,0.0,0,Gullhaug,RUT:Line:150,Gullhaug - Nationaltheatret,150,bus,RUT:ServiceJourney:74b54a48d72077999a7234d451704408,False,planned,False,,,,,2026-08-23T04:52:42.669123+02:00
NSR:StopPlace:58856,Lysaker stasjon,2026-08-23T02:36:00+02:00,2026-08-23T02:36:00+02:00,,0.0,0,Sandvika,RUT:Line:3130,Nationaltheatret - Sandvika,130N,bus,RUT:ServiceJourney:1fbb2c9fac9ff96fbfa904be67919390,False,planned,False,,,,,2026-08-23T04:52:42.669123+02:00
NSR:StopPlace:58856,Lysaker stasjon,2026-08-23T02:41:00+02:00,2026-08-23T02:41:00+02:00,,0.0,0,Grorud T,RUT:Line:31,Snarøya - Fornebu - Tonsenhagen - Grorud,31,bus,RUT:ServiceJourney:6f4bb40c6c4b91d46cfbcd3c39411f6b,False,planned,False,,,,,2026-08-23T04:52:42.669123+02:00
NSR:StopPlace:58856,Lysaker stasjon,2026-08-23T02:41:00+02:00,2026-08-23T02:41:00+02:00,,0.0,0,Snarøya,RUT:Line:31,Snarøya - Fornebu - Tonsenhagen - Grorud,31,bus,RUT:ServiceJourney:6d6d7ebd7a1c62a60143d6fb4dce7147,False,planned,False,,,,,2026-08-23T04:52:42.669123+02:00
NSR:StopPlace:58856,Lysaker stasjon,2026-08-23T02:43:00+02:00,2026-08-23T02:43:00+02:00,,0.0,0,Bekkestua,RUT:Line:3140,Nationaltheatret - Bekkestua,140N,bus,RUT:ServiceJourney:45b3c3265c3946fc684ccee90672c189,False,planned,False,,,,,2026-08-23T04:52:42.669123+02:00
NSR:StopPlace:58856,Lysaker stasjon,2026-08-23T02:44:00+02:00,2026-08-23T02:44:00+02:00,,0.0,0,Jernbanetorget,RUT:Line:9842,Voksen skog - Jernbanetorget,42N,bus,RUT:ServiceJourney:e3d0eb98a416facd3ff4fd6554408dd1,False,planned,False,Holdeplass CC vest retning Simensbråten/Voksen skog er flyttet 50 meter bakover,Dette skyldes buss for trikk på Lilleakerbanen.,incident,normal,2026-08-23T04:52:42.669123+02:00
NSR:StopPlace:58856,Lysaker stasjon,2026-08-23T02:48:00+02:00,2026-08-23T02:48:00+02:00,,0.0,0,Nationaltheatret,RUT:Line:3250,Nationaltheatretl - Sandvika- Slemmestad- Sætre,250N,bus,RUT:ServiceJourney:fb1ca617f77aaa8ced31a48bc74b805e,False,planned,False,,,,,2026-08-23T04:52:42.669123+02:00
NSR:StopPlace:58856,Lysaker stasjon,2026-08-23T02:48:00+02:00,2026-08-23T02:48:00+02:00,,0.0,0,Nationaltheatret,RUT:Line:3140,Nationaltheatret - Bekkestua,140N,bus,RUT:ServiceJourney:7903ac8cdabce98da36c5b80140e4dfb,False,planned,False,,,,,2026-08-23T04:52:42.669123+02:00
NSR:StopPlace:58856,Lysaker stasjon,2026-08-23T02:49:00+02:00,2026-08-23T02:49:00+02:00,,0.0,0,Rykkinn,RUT:Line:160,Rykkinn -Nationaltheatret,160,bus,RUT:ServiceJourney:96b18341e2c468a5fb380bf34c8d3e45,False,planned,False,,,,,2026-08-23T04:52:42.669123+02:00
NSR:StopPlace:58856,Lysaker stasjon,2026-08-23T02:56:00+02:00,2026-08-23T02:56:00+02:00,,0.0,0,Nationaltheatret,RUT:Line:150,Gullhaug - Nationaltheatret,150,bus,RUT:ServiceJourney:95145bdcb13fa9816923c06c1e88d2c6,False,planned,False,,,,,2026-08-23T04:52:42.669123+02:00
NSR:StopPlace:58856,Lysaker stasjon,2026-08-23T02:56:00+02:00,2026-08-23T02:56:00+02:00,,0.0,0,Nationaltheatret,RUT:Line:3130,Nationaltheatret - Sandvika,130N,bus,RUT:ServiceJourney:f340b4a276da7b704002e5ba4d39dabc,False,planned,False,,,,,2026-08-23T04:52:42.669123+02:00
NSR:StopPlace:58856,Lysaker stasjon,2026-08-23T02:59:00+02:00,2026-08-23T02:59:00+02:00,,0.0,0,Sætre,RUT:Line:3250,Nationaltheatretl - Sandvika- Slemmestad- Sætre,250N,bus,RUT:ServiceJourney:1ab0b310a24806df2a1c83fd27345e45,False,planned,False,,,,,2026-08-23T04:52:42.669123+02:00
NSR:StopPlace:58856,Lysaker stasjon,2026-08-23T03:03:00+02:00,2026-08-23T03:03:00+02:00,,0.0,0,Nationaltheatret,RUT:Line:160,Rykkinn -Nationaltheatret,160,bus,RUT:ServiceJourney:e7d4e1a0a4bed2a9d1ed98cfcb82332f,False,planned,False,,,,,2026-08-23T04:52:42.669123+02:00
NSR:StopPlace:58856,Lysaker stasjon,2026-08-23T03:05:00+02:00,2026-08-23T03:05:00+02:00,,0.0,0,Gullhaug,RUT:Line:150,Gullhaug - Nationaltheatret,150,bus,RUT:ServiceJourney:fc403965e5bc1b2fa74ae461833f747e,False,planned,False,,,,,2026-08-23T04:52:42.669123+02:00
NSR:StopPlace:58856,Lysaker stasjon,2026-08-23T03:06:00+02:00,2026-08-23T03:06:00+02:00,,0.0,0,Sandvika,RUT:Line:3130,Nationaltheatret - Sandvika,130N,bus,RUT:ServiceJourney:e0faba88e6faa863bc0b880b518af039,False,planned,False,,,,,2026-08-23T04:52:42.669123+02:00
NSR:StopPlace:58856,Lysaker stasjon,2026-08-23T03:11:00+02:00,2026-08-23T03:11:00+02:00,,0.0,0,Grorud T,RUT:Line:31,Snarøya - Fornebu - Tonsenhagen - Grorud,31,bus,RUT:ServiceJourney:cb0c4b74413099d08e62124c5d53bad0,False,planned,False,,,,,2026-08-23T04:52:42.669123+02:00
NSR:StopPlace:58856,Lysaker stasjon,2026-08-23T03:11:00+02:00,2026-08-23T03:11:00+02:00,,0.0,0,Snarøya,RUT:Line:31,Snarøya - Fornebu - Tonsenhagen - Grorud,31,bus,RUT:ServiceJourney:391e0020cdaa29cdb17a9ed0e71877c8,False,planned,False,,,,,2026-08-23T04:52:42.669123+02:00
NSR:StopPlace:58856,Lysaker stasjon,2026-08-23T03:13:00+02:00,2026-08-23T03:13:00+02:00,,0.0,0,Bekkestua,RUT:Line:3140,Nationaltheatret - Bekkestua,140N,bus,RUT:ServiceJourney:6bee0bb113db65ce2327d8ab2450faae,False,planned,False,,,,,2026-08-23T04:52:42.669123+02:00
NSR:StopPlace:58856,Lysaker stasjon,2026-08-23T03:14:00+02:00,2026-08-23T03:14:00+02:00,,0.0,0,Jernbanetorget,RUT:Line:9842,Voksen skog - Jernbanetorget,42N,bus,RUT:ServiceJourney:8519237ac223dfdff876fe5585c82c09,False,planned,False,Holdeplass CC vest retning Simensbråten/Voksen skog er flyttet 50 meter bakover,Dette skyldes buss for trikk på Lilleakerbanen.,incident,normal,2026-08-23T04:52:42.669123+02:00
NSR:StopPlace:58856,Lysaker stasjon,2026-08-23T03:18:00+02:00,2026-08-23T03:18:00+02:00,,0.0,0,Nationaltheatret,RUT:Line:3250,Nationaltheatretl - Sandvika- Slemmestad- Sætre,250N,bus,RUT:ServiceJourney:496346e5dd1c2f631baec3298d9126d5,False,planned,False,,,,,2026-08-23T04:52:42.669123+02:00
NSR:StopPlace:58856,Lysaker stasjon,2026-08-23T03:18:00+02:00,2026-08-23T03:18:00+02:00,,0.0,0,Nationaltheatret,RUT:Line:3140,Nationaltheatret - Bekkestua,140N,bus,RUT:ServiceJourney:51eb6828bcf778a20c4dd25b5a0dd878,False,planned,False,,,,,2026-08-23T04:52:42.669123+02:00
NSR:StopPlace:58856,Lysaker stasjon,2026-08-23T03:19:00+02:00,2026-08-23T03:19:00+02:00,,0.0,0,Rykkinn,RUT:Line:160,Rykkinn -Nationaltheatret,160,bus,RUT:ServiceJourney:9d561bc9fc697a032c66735aaba51507,False,planned,False,,,,,2026-08-23T04:52:42.669123+02:00
NSR:StopPlace:58856,Lysaker stasjon,2026-08-23T03:26:00+02:00,2026-08-23T03:26:00+02:00,,0.0,0,Nationaltheatret,RUT:Line:150,Gullhaug - Nationaltheatret,150,bus,RUT:ServiceJourney:f554e00980dc78e91ba8711899c307fe,False,planned,False,,,,,2026-08-23T04:52:42.669123+02:00
NSR:StopPlace:58856,Lysaker stasjon,2026-08-23T03:26:00+02:00,2026-08-23T03:26:00+02:00,,0.0,0,Nationaltheatret,RUT:Line:3130,Nationaltheatret - Sandvika,130N,bus,RUT:ServiceJourney:a2d3182c58748fd3f2a68e3e831854cc,False,planned,False,,,,,2026-08-23T04:52:42.669123+02:00
NSR:StopPlace:58856,Lysaker stasjon,2026-08-23T03:29:00+02:00,2026-08-23T03:29:00+02:00,,0.0,0,Sandvika,RUT:Line:3250,Nationaltheatretl - Sandvika- Slemmestad- Sætre,250N,bus,RUT:ServiceJourney:7f813fa682ac2f60e4e1a056d49195f4,False,planned,False,,,,,2026-08-23T04:52:42.669123+02:00
NSR:StopPlace:58856,Lysaker stasjon,2026-08-23T03:33:00+02:00,2026-08-23T03:33:00+02:00,,0.0,0,Nationaltheatret,RUT:Line:160,Rykkinn -Nationaltheatret,160,bus,RUT:ServiceJourney:6cf045913d04e6d35487465963c2490f,False,planned,False,,,,,2026-08-23T04:52:42.669123+02:00
NSR:StopPlace:58856,Lysaker stasjon,2026-08-23T03:35:00+02:00,2026-08-23T03:35:00+02:00,,0.0,0,Gullhaug,RUT:Line:150,Gullhaug - Nationaltheatret,150,bus,RUT:ServiceJourney:ce68c75f9ae1f6e16f2945efaeaf71b3,False,planned,False,,,,,2026-08-23T04:52:42.669123+02:00
NSR:StopPlace:58856,Lysaker stasjon,2026-08-23T03:36:00+02:00,2026-08-23T03:36:00+02:00,,0.0,0,Sandvika,RUT:Line:3130,Nationaltheatret - Sandvika,130N,bus,RUT:ServiceJourney:9654e545dcae6a7ee3dc8f05b2c7d093,False,planned,False,,,,,2026-08-23T04:52:42.669123+02:00
NSR:StopPlace:58856,Lysaker stasjon,2026-08-23T03:41:00+02:00,2026-08-23T03:41:00+02:00,,0.0,0,Snarøya,RUT:Line:31,Snarøya - Fornebu - Tonsenhagen - Grorud,31,bus,RUT:ServiceJourney:30d087a94fa94b7f3d0751320a8f75e8,False,planned,False,,,,,2026-08-23T04:52:42.669123+02:00
NSR:StopPlace:58856,Lysaker stasjon,2026-08-23T03:43:00+02:00,2026-08-23T03:43:00+02:00,,0.0,0,Bekkestua,RUT:Line:3140,Nationaltheatret - Bekkestua,140N,bus,RUT:ServiceJourney:f3bd5ac9ba8e1777c0a5adb17f9a694f,False,planned,False,,,,,2026-08-23T04:52:42.669123+02:00
NSR:StopPlace:58856,Lysaker stasjon,2026-08-23T03:44:00+02:00,2026-08-23T03:44:00+02:00,,0.0,0,Jernbanetorget,RUT:Line:9842,Voksen skog - Jernbanetorget,42N,bus,RUT:ServiceJourney:6f88a101f258db80964e6663b6c25a03,False,planned,False,Holdeplass CC vest retning Simensbråten/Voksen skog er flyttet 50 meter bakover,Dette skyldes buss for trikk på Lilleakerbanen.,incident,normal,2026-08-23T04:52:42.669123+02:00
NSR:StopPlace:58856,Lysaker stasjon,2026-08-23T03:48:00+02:00,2026-08-23T03:48:00+02:00,,0.0,0,Nationaltheatret,RUT:Line:3140,Nationaltheatret - Bekkestua,140N,bus,RUT:ServiceJourney:14302bc9ab1beda74791e93be84b7b58,False,planned,False,,,,,2026-08-23T04:52:42.669123+02:00
NSR:StopPlace:58856,Lysaker stasjon,2026-08-23T04:11:00+02:00,2026-08-23T04:11:00+02:00,,0.0,0,Snarøya,RUT:Line:31,Snarøya - Fornebu - Tonsenhagen - Grorud,31,bus,RUT:ServiceJourney:3bc14e55a44140ab21bd23b85f11bfe0,False,planned,False,,,,,2026-08-23T04:52:42.669123+02:00
NSR:StopPlace:58860,Oppegård stasjon,2026-08-23T03:13:00+02:00,2026-08-23T03:13:00+02:00,,0.0,0,Nationaltheatret,RUT:Line:3981,Nationaltheatret - Ski,81N,bus,RUT:ServiceJourney:6e5786451103dce6002a77687ada14ec,False,planned,False,,,,,2026-08-23T04:52:42.669123+02:00
NSR:StopPlace:58860,Oppegård stasjon,2026-08-23T03:35:00+02:00,2026-08-23T03:35:00+02:00,,0.0,0,Ski stasjon,RUT:Line:3981,Nationaltheatret - Ski,81N,bus,RUT:ServiceJourney:8253f2154d93162429f0ed49cb52611e,False,planned,False,,,,,2026-08-23T04:52:42.669123+02:00
NSR:StopPlace:58860,Oppegård stasjon,2026-08-23T03:43:00+02:00,2026-08-23T03:43:00+02:00,,0.0,0,Ødegården,RUT:Line:3981,Nationaltheatret - Ski,81N,bus,RUT:ServiceJourney:432633049d6fe50603d2753052c5a0f4,False,planned,False,,,,,2026-08-23T04:52:42.669123+02:00
NSR:StopPlace:58860,Oppegård stasjon,2026-08-23T04:05:00+02:00,2026-08-23T04:05:00+02:00,,0.0,0,Ski stasjon,RUT:Line:3981,Nationaltheatret - Ski,81N,bus,RUT:ServiceJourney:3855349d0893aa4a1d8a9e225f133d38,False,planned,False,,,,,2026-08-23T04:52:42.669123+02:00
NSR:StopPlace:58810,Løten stasjon,2026-08-23T02:51:00+02:00,2026-08-23T02:51:00+02:00,,0.0,0,Løten,INN:Line:26,Brumunddal - Hamar - Løten,B26,bus,INN:ServiceJourney:54024,False,planned,False,,,,,2026-08-23T04:52:42.669123+02:00
NSR:StopPlace:58810,Løten stasjon,2026-08-23T03:51:00+02:00,2026-08-23T03:51:00+02:00,,0.0,0,Løten,INN:Line:26,Brumunddal - Hamar - Løten,B26,bus,INN:ServiceJourney:54025,False,planned,False,,,,,2026-08-23T04:52:42.669123+02:00
NSR:StopPlace:58816,Dombås stasjon,2026-08-23T03:28:00+02:00,2026-08-23T03:28:00+02:00,,0.0,0,Ålesund,VYX:Line:162,VY148 Ålesund-Oslo,VY148,coach,VYX:ServiceJourney:0a772f142078d2cf52813fca7b2fc0be7fff8273,False,planned,False,Forhåndsbestilling Vy,Billett må kjøpes på nett eller app senest 15 minutter før påstigning for at bussen skal kjøre innom holdeplassen.,general,normal,2026-08-23T04:52:42.669123+02:00
NSR:StopPlace:63381,Örnsköldsvik Centralstation,2026-08-23T02:53:00+02:00,2026-08-23T02:53:00+02:00,,0.0,0,"Sundsvall, Stockholm",SJV:Line:8ca80b34-505a-4d76-b047-58b01590d0e1,Luleå-Stockholm ,Luleå-Stockholm ,rail,SJV:ServiceJourney:a5d49afa-0d54-4c88-aed3-161717bb597d,False,planned,False,,,,,2026-08-23T04:52:42.669123+02:00
NSR:StopPlace:63620,Bastuträsk station,2026-08-23T03:45:00+02:00,2026-08-23T03:45:00+02:00,,0.0,0,Luleå,SJV:Line:0ff9f2b9-fbe5-4761-8a29-8813be35efaa,Stockholm-Narvik (-Luleå),,rail,SJV:ServiceJourney:0eabfad4-c61e-4fc3-8a75-7ebd11c5a873,False,planned,False,,,,,2026-08-23T04:52:42.669123+02:00
NSR:StopPlace:63636,Härnösand Centralstation,2026-08-23T04:22:00+02:00,2026-08-23T04:22:00+02:00,,0.0,0,"Sundsvall, Stockholm",SJV:Line:8ca80b34-505a-4d76-b047-58b01590d0e1,Luleå-Stockholm ,Luleå-Stockholm ,rail,SJV:ServiceJourney:a5d49afa-0d54-4c88-aed3-161717bb597d,False,planned,False,,,,,2026-08-23T04:52:42.669123+02:00
NSR:StopPlace:63705,Enköping station,2026-08-23T03:20:00+02:00,2026-08-23T03:20:00+02:00,,0.0,0,Arlanda,VYB:Line:26,850 Oslo - Arlanda - Stockholm,850,coach,VYB:ServiceJourney:b54ed62a64c9c2483c413e61158c2700b4c8964b,False,planned,False,Enköping,Enköping stasjon.Bussen stopper ved pendlerparkeringen på Østra Järnvägsgatan.,general,normal,2026-08-23T04:52:42.669123+02:00
NSR:StopPlace:63705,Enköping station,2026-08-23T04:45:00+02:00,2026-08-23T04:45:00+02:00,,0.0,0,Arlanda,VYB:Line:26,850 Oslo - Arlanda - Stockholm,850,coach,VYB:ServiceJourney:10b2e4758894544f8ace957a0d24c160fccd39fb,False,planned,False,Enköping,Enköping stasjon.Bussen stopper ved pendlerparkeringen på Østra Järnvägsgatan.,general,normal,2026-08-23T04:52:42.669123+02:00
NSR:StopPlace:63705,Enköping station,2026-08-23T05:40:00+02:00,2026-08-23T05:40:00+02:00,,0.0,0,Stockholm,VYB:Line:26,850 Oslo - Arlanda - Stockholm,850,coach,VYB:ServiceJourney:2094b187d5f04d2a2316b7c733683e92913cefea,False,planned,False,Enköping,Enköping stasjon.Bussen stopper ved pendlerparkeringen på Østra Järnvägsgatan.,general,normal,2026-08-23T04:52:42.669123+02:00
NSR:StopPlace:58211,Oslo lufthavn,2026-08-23T02:45:00+02:00,2026-08-23T02:45:00+02:00,,0.0,0,Oslo sentrum via Helsfyr-Hasle-Bislett,NBU:Line:a7c15243-8873-4aee-a8b4-8d22e8ad31dc,Oslo sentrum via Helsfyr-Hasle-Bislett,FB5,bus,NBU:ServiceJourney:e7acf310-9e7f-4d7e-bdad-9b0c0b6118fa,False,planned,False,,,,,2026-08-23T04:52:42.669123+02:00
NSR:StopPlace:58211,Oslo lufthavn,2026-08-23T03:15:00+02:00,2026-08-23T03:15:00+02:00,,0.0,0,Oslo sentrum via Helsfyr-Hasle-Bislett,NBU:Line:a7c15243-8873-4aee-a8b4-8d22e8ad31dc,Oslo sentrum via Helsfyr-Hasle-Bislett,FB5,bus,NBU:ServiceJourney:3d3b5a53-9fc2-4090-b58b-547bab63f3a2,False,planned,False,,,,,2026-08-23T04:52:42.669123+02:00
NSR:StopPlace:58211,Oslo lufthavn,2026-08-23T03:55:00+02:00,2026-08-23T03:55:00+02:00,,0.0,0,Fredrikstad,VYX:Line:56,FB11 Fredrikstad-Oslo Lufthavn (OSL),FB11,bus,VYX:ServiceJourney:a5c334bda971bf9b9dca2ef71459596a0474fbb0,False,planned,False,Forhåndsbestilling FB11,Billett må kjøpes på nett eller app senest 15 minutter før påstigning for at bussen skal kjøre innom holdeplassen. Ruter-billett er ikke gyldig. ,general,normal,2026-08-23T04:52:42.669123+02:00
NSR:StopPlace:58211,Oslo lufthavn,2026-08-23T04:30:00+02:00,2026-08-23T04:30:00+02:00,,0.0,0,Oslo lufthavn,VYX:Line:98,S44 Shuttle Oslo lufthavn,S44,bus,VYX:ServiceJourney:fc5493de4f70cfdf9901f2ed9977493166854303,False,planned,False,,,,,2026-08-23T04:52:42.669123+02:00
NSR:StopPlace:58211,Oslo lufthavn,2026-08-23T04:35:00+02:00,2026-08-23T04:35:00+02:00,,0.0,0,Oslo lufthavn,VYX:Line:99,S55 Shuttle Oslo lufthavn,S55,bus,VYX:ServiceJourney:a98b250fd1727a910c24e818fd6ab50ff17b118c,False,planned,False,,,,,2026-08-23T04:52:42.669123+02:00
NSR:StopPlace:372,Valnesfjord stasjon,2026-08-23T02:33:30+02:00,2026-08-23T02:33:30+02:00,,0.0,0,Bodø,SJN:Line:79,Saltenpendelen,R75,rail,SJN:ServiceJourney:1797_35200-R,False,planned,False,,,,,2026-08-23T04:52:42.669123+02:00
NSR:StopPlace:234,Mørkved stasjon,2026-08-23T02:58:30+02:00,2026-08-23T02:58:30+02:00,,0.0,0,Bodø,SJN:Line:79,Saltenpendelen,R75,rail,SJN:ServiceJourney:1797_35200-R,False,planned,False,,,,,2026-08-23T04:52:42.669123+02:00
NSR:StopPlace:62311,Vigrestad stasjon,2026-08-23T02:30:00+02:00,2026-08-23T02:30:00+02:00,,0.0,0,Egersund,GOA:Line:59,Jærbanen,L5,rail,GOA:ServiceJourney:B3090-BN_74816-R,False,planned,False,,,,,2026-08-23T04:52:42.669123+02:00
NSR:StopPlace:62311,Vigrestad stasjon,2026-08-23T03:30:00+02:00,2026-08-23T03:30:00+02:00,,0.0,0,Egersund,GOA:Line:59,Jærbanen,L5,rail,GOA:ServiceJourney:B3092-BP_74822-R,False,planned,False,,,,,2026-08-23T04:52:42.669123+02:00
NSR:StopPlace:62310,Brusand stasjon,2026-08-23T02:39:00+02:00,2026-08-23T02:39:00+02:00,,0.0,0,Egersund,GOA:Line:59,Jærbanen,L5,rail,GOA:ServiceJourney:B3090-BN_74816-R,False,planned,False,,,,,2026-08-23T04:52:42.669123+02:00
NSR:StopPlace:62310,Brusand stasjon,2026-08-23T03:39:00+02:00,2026-08-23T03:39:00+02:00,,0.0,0,Egersund,GOA:Line:59,Jærbanen,L5,rail,GOA:ServiceJourney:B3092-BP_74822-R,False,planned,False,,,,,2026-08-23T04:52:42.669123+02:00
NSR:StopPlace:61979,Hellvik stasjon,2026-08-23T03:02:00+02:00,2026-08-23T03:02:00+02:00,,0.0,0,Egersund,GOA:Line:59,Jærbanen,L5,rail,GOA:ServiceJourney:B3090-BK_78560-R,False,planned,False,,,,,2026-08-23T04:52:42.669123+02:00
NSR:StopPlace:61979,Hellvik stasjon,2026-08-23T04:02:00+02:00,2026-08-23T04:02:00+02:00,,0.0,0,Egersund,GOA:Line:59,Jærbanen,L5,rail,GOA:ServiceJourney:B3092-BO_78562-R,False,planned,False,,,,,2026-08-23T04:52:42.669123+02:00
NSR:StopPlace:61872,Nærbø stasjon,2026-08-23T02:08:00+02:00,2026-08-23T02:08:00+02:00,,0.0,0,Egersund,GOA:Line:59,Jærbanen,L5,rail,GOA:ServiceJourney:B3090-BN_74816-R,False,planned,False,,,,,2026-08-23T02:32:00.800137+02:00
NSR:StopPlace:61872,Nærbø stasjon,2026-08-23T02:10:00+02:00,2026-08-23T02:10:00+02:00,,0.0,0,Stavanger,GOA:Line:59,Jærbanen,L5,rail,GOA:ServiceJourney:B3093-BB_74827-R,False,planned,False,,,,,2026-08-23T02:32:00.800137+02:00
NSR:StopPlace:59646,Høvik stasjon,2026-08-23T02:03:00+02:00,2026-08-23T02:03:00+02:00,,0.0,0,Slemmestad,RUT:Line:3250,Nationaltheatretl - Sandvika- Slemmestad- Sætre,250N,bus,RUT:ServiceJourney:684eaf2503d18ac87c426c0f50d77bc2,False,planned,False,,,,,2026-08-23T02:32:00.800137+02:00
NSR:StopPlace:59957,Klepp stasjon,2026-08-23T02:17:00+02:00,2026-08-23T02:17:00+02:00,,0.0,0,Stavanger,GOA:Line:59,Jærbanen,L5,rail,GOA:ServiceJourney:B3093-BC_74828-R,False,planned,False,,,,,2026-08-23T02:32:00.800137+02:00
NSR:StopPlace:59181,Kristinehamn station,2026-08-23T02:15:00+02:00,2026-08-23T02:15:00+02:00,,0.0,0,Karlstad,VYB:Line:26,850 Oslo - Arlanda - Stockholm,850,coach,VYB:ServiceJourney:7cef6f9d06b3084c5cd648a392b78e79f86a9bc4,False,planned,False,,,,,2026-08-23T02:32:00.800137+02:00
NSR:StopPlace:60271,Varhaug stasjon,2026-08-23T02:07:00+02:00,2026-08-23T02:07:00+02:00,,0.0,0,Stavanger,GOA:Line:59,Jærbanen,L5,rail,GOA:ServiceJourney:B3093-BA_74826-R,False,planned,False,,,,,2026-08-23T02:32:00.800137+02:00
NSR:StopPlace:60271,Varhaug stasjon,2026-08-23T02:10:00+02:00,2026-08-23T02:10:00+02:00,,0.0,0,Egersund,GOA:Line:59,Jærbanen,L5,rail,GOA:ServiceJourney:B3090-BM_74815-R,False,planned,False,,,,,2026-08-23T02:32:00.800137+02:00
NSR:StopPlace:58624,Umeå Centralstation,2026-08-23T02:08:00+02:00,2026-08-23T02:08:00+02:00,,0.0,0,Luleå,SJV:Line:0ff9f2b9-fbe5-4761-8a29-8813be35efaa,Stockholm-Narvik (-Luleå),,rail,SJV:ServiceJourney:0eabfad4-c61e-4fc3-8a75-7ebd11c5a873,False,planned,False,,,,,2026-08-23T02:32:00.800137+02:00
NSR:StopPlace:58958,Rognan stasjon,2026-08-23T02:05:00+02:00,2026-08-23T02:05:00+02:00,,0.0,0,Bodø,SJN:Line:79,Saltenpendelen,R75,rail,SJN:ServiceJourney:1797_35200-R,False,planned,False,,,,,2026-08-23T02:32:00.800137+02:00
NSR:StopPlace:58924,Bryne stasjon,2026-08-23T02:08:00+02:00,2026-08-23T02:08:00+02:00,,0.0,0,Stavanger,GOA:Line:59,Jærbanen,L5,rail,GOA:ServiceJourney:B3093-BC_74828-R,False,planned,False,,,,,2026-08-23T02:32:00.800137+02:00
NSR:StopPlace:58925,Gausel stasjon,2026-08-23T02:04:00+02:00,2026-08-23T02:04:00+02:00,,0.0,0,Sandnes,KOL:Line:8_1305,N84,N84,bus,KOL:ServiceJourney:1305_250903083248040_3003,False,planned,False,,,,,2026-08-23T02:32:00.800137+02:00
NSR:StopPlace:58925,Gausel stasjon,2026-08-23T02:10:00+02:00,2026-08-23T02:10:00+02:00,,0.0,0,Sandnes,KOL:Line:8_1001,1,1,bus,KOL:ServiceJourney:1001_251008118363778_3070,False,planned,False,,,,,2026-08-23T02:32:00.800137+02:00
NSR:StopPlace:58925,Gausel stasjon,2026-08-23T02:13:00+02:00,2026-08-23T02:13:00+02:00,,0.0,0,Egersund,GOA:Line:59,Jærbanen,L5,rail,GOA:ServiceJourney:B3092-BP_74822-R,False,planned,False,,,,,2026-08-23T02:32:00.800137+02:00
NSR:StopPlace:58925,Gausel stasjon,2026-08-23T02:13:00+02:00,2026-08-23T02:13:00+02:00,,0.0,0,Nærbø,GOA:Line:59,Jærbanen,L5,rail,GOA:ServiceJourney:B3092-BR_74824-R,False,planned,False,,,,,2026-08-23T02:32:00.800137+02:00
NSR:StopPlace:58925,Gausel stasjon,2026-08-23T02:14:00+02:00,2026-08-23T02:14:00+02:00,,0.0,0,Stavanger,GOA:Line:59,Jærbanen,L5,rail,GOA:ServiceJourney:B3091-A9_74819-R,False,planned,False,,,,,2026-08-23T02:32:00.800137+02:00
NSR:StopPlace:58925,Gausel stasjon,2026-08-23T02:17:00+02:00,2026-08-23T02:17:00+02:00,,0.0,0,Stavanger,KOL:Line:8_1001,1,1,bus,KOL:ServiceJourney:1001_251008118398442_4070,False,planned,False,,,,,2026-08-23T02:32:00.800137+02:00
NSR:StopPlace:63691,Vindeln station,2026-08-23T02:10:00+02:00,2026-08-23T02:10:00+02:00,,0.0,0,Luleå,SJV:Line:0ff9f2b9-fbe5-4761-8a29-8813be35efaa,Stockholm-Narvik (-Luleå),,rail,SJV:ServiceJourney:0eabfad4-c61e-4fc3-8a75-7ebd11c5a873,False,planned,False,,,,,2026-08-23T02:32:00.800137+02:00
NSR:StopPlace:61979,Hellvik stasjon,2026-08-23T02:02:00+02:00,2026-08-23T02:02:00+02:00,,0.0,0,Egersund,GOA:Line:59,Jærbanen,L5,rail,GOA:ServiceJourney:B3078-BE_78559-R,False,planned,False,,,,,2026-08-23T02:32:00.800137+02:00
