stationId,stationName,scheduledDeparture,expectedDeparture,actualDeparture,delaySeconds,isDelayed,destination,lineId,lineName,lineCode,transportMode,serviceJourneyId,realtime,delaySource,cancellation,situationSummary,situationDescription,situationReportType,situationSeverity,scrapedAt
NSR:StopPlace:58874,Stokke stasjon,2026-09-05T07:52:00+02:00,2026-09-05T08:04:42+02:00,2026-09-05T08:04:42+02:00,762.0,1,Tønsberg,VKT:Line:520,Tønsberg-Stokke,520,bus,VKT:ServiceJourney:17330,True,actual,False,,,,,2026-09-05T08:24:10.398942+02:00
NSR:StopPlace:4,Otta stasjon,2026-09-05T02:57:00+02:00,2026-09-05T03:08:00+02:00,2026-09-05T03:08:00+02:00,660.0,1,Trondheim S,SJN:Line:21,Dovrebanen,F6,rail,SJN:ServiceJourney:405-LOD_30131-R,True,actual,False,,,,,2026-09-05T03:37:34.550234+02:00
NSR:StopPlace:58870,Holmestrand stasjon,2026-09-05T06:38:00+02:00,2026-09-05T06:48:32+02:00,2026-09-05T06:48:32+02:00,632.0,1,Drammen,VYG:Line:RE11,Eidsvoll-Oslo S-Skien,RE11,rail,VYG:ServiceJourney:BUS-804_654209-R,True,actual,False,,,,,2026-09-05T08:24:10.398942+02:00
NSR:StopPlace:59637,Rosenholm stasjon,2026-09-05T02:02:00+02:00,2026-09-05T02:12:15+02:00,2026-09-05T02:12:15+02:00,615.0,1,Fløysbonn,RUT:Line:3983,Nationaltheatret - Fløysbonn,83N,bus,RUT:ServiceJourney:a5c82cfa5017bda6f5f964a93320f878,True,actual,False,,,,,2026-09-05T03:37:34.550234+02:00
NSR:StopPlace:58819,Grua stasjon,2026-09-05T06:29:00+02:00,2026-09-05T06:39:05+02:00,2026-09-05T06:39:05+02:00,605.0,1,Oslo S,VYG:Line:R31,Skøyen-Jaren-Gjøvik,R31,rail,VYG:ServiceJourney:BUS-204_655086-R,True,actual,False,,,,,2026-09-05T08:24:10.398942+02:00
NSR:StopPlace:59636,Holmlia stasjon,2026-09-05T02:26:00+02:00,2026-09-05T02:35:57+02:00,2026-09-05T02:35:57+02:00,597.0,1,Åsbråten,RUT:Line:3919,Kringsjå - Åsbråten,19N,bus,RUT:ServiceJourney:8e05be0d0562843600c4afbd15d5aa58,True,actual,False,,,,,2026-09-05T03:37:34.550234+02:00
NSR:StopPlace:101,Sagdalen stasjon,2026-09-05T08:07:00+02:00,2026-09-05T08:15:49+02:00,2026-09-05T08:15:49+02:00,529.0,1,Lillestrøm,VYG:Line:L1,Spikkestad-Oslo S-Lillestrøm,L1,rail,VYG:ServiceJourney:2212_443603-R,True,actual,False,,,,,2026-09-05T08:24:10.398942+02:00
NSR:StopPlace:58820,Harestua stasjon,2026-09-05T06:42:00+02:00,2026-09-05T06:50:48+02:00,2026-09-05T06:50:48+02:00,528.0,1,Oslo S,VYG:Line:R31,Skøyen-Jaren-Gjøvik,R31,rail,VYG:ServiceJourney:BUS-204_655086-R,True,actual,False,,,,,2026-09-05T08:24:10.398942+02:00
NSR:StopPlace:58819,Grua stasjon,2026-09-05T05:43:00+02:00,2026-09-05T05:51:47+02:00,2026-09-05T05:51:47+02:00,527.0,1,Oslo S,VYG:Line:R31,Skøyen-Jaren-Gjøvik,R31,rail,VYG:ServiceJourney:BUS-202_655080-R,True,actual,False,,,,,2026-09-05T08:24:10.398942+02:00
NSR:StopPlace:58828,Roa stasjon,2026-09-05T06:22:00+02:00,2026-09-05T06:30:45+02:00,2026-09-05T06:30:45+02:00,525.0,1,Oslo S,VYG:Line:R31,Skøyen-Jaren-Gjøvik,R31,rail,VYG:ServiceJourney:BUS-204_655086-R,True,actual,False,,,,,2026-09-05T08:24:10.398942+02:00
NSR:StopPlace:58816,Dombås stasjon,2026-09-05T02:18:00+02:00,2026-09-05T02:25:53+02:00,2026-09-05T02:25:53+02:00,473.0,1,Oslo S,SJN:Line:21,Dovrebanen,F6,rail,SJN:ServiceJourney:406-TND_30133-R,True,actual,False,,,,,2026-09-05T03:37:34.550234+02:00
NSR:StopPlace:58811,Moelv stasjon,2026-09-05T05:04:00+02:00,2026-09-05T05:11:33+02:00,2026-09-05T05:11:33+02:00,453.0,1,Oslo S,SJN:Line:21,Dovrebanen,F6,rail,SJN:ServiceJourney:406-TND_30133-R,True,actual,False,,,,,2026-09-05T08:24:10.398942+02:00
NSR:StopPlace:58828,Roa stasjon,2026-09-05T05:36:00+02:00,2026-09-05T05:43:30+02:00,2026-09-05T05:43:30+02:00,450.0,1,Oslo S,VYG:Line:R31,Skøyen-Jaren-Gjøvik,R31,rail,VYG:ServiceJourney:BUS-202_655080-R,True,actual,False,,,,,2026-09-05T08:24:10.398942+02:00
NSR:StopPlace:58853,Kolbotn stasjon,2026-09-05T02:16:00+02:00,2026-09-05T02:23:27+02:00,2026-09-05T02:23:27+02:00,447.0,1,Fløysbonn,RUT:Line:3983,Nationaltheatret - Fløysbonn,83N,bus,RUT:ServiceJourney:a5c82cfa5017bda6f5f964a93320f878,True,actual,False,,,,,2026-09-05T03:37:34.550234+02:00
NSR:StopPlace:58858,Nittedal stasjon,2026-09-05T07:12:00+02:00,2026-09-05T07:19:24+02:00,2026-09-05T07:19:24+02:00,444.0,1,Oslo S,VYG:Line:R31,Skøyen-Jaren-Gjøvik,R31,rail,VYG:ServiceJourney:BUS-204_655086-R,True,actual,False,,,,,2026-09-05T08:24:10.398942+02:00
NSR:StopPlace:59261,Trondheim lufthavn,2026-09-05T07:32:00+02:00,2026-09-05T07:39:23+02:00,2026-09-05T07:39:23+02:00,443.0,1,Stjørdal stasjon,ATB:Line:2_70,Stjørdal/Hommelvik- Trondheim,70,bus,ATB:ServiceJourney:70_251215112547109_6001,True,actual,False,,,,,2026-09-05T08:24:10.398942+02:00
NSR:StopPlace:420,Lillehammer stasjon,2026-09-05T04:39:00+02:00,2026-09-05T04:46:18+02:00,2026-09-05T04:46:18+02:00,438.0,1,Oslo S,SJN:Line:21,Dovrebanen,F6,rail,SJN:ServiceJourney:406-TND_30133-R,True,actual,False,,,,,2026-09-05T08:24:10.398942+02:00
NSR:StopPlace:58818,Gran stasjon,2026-09-05T08:10:00+02:00,2026-09-05T08:17:07+02:00,2026-09-05T08:17:07+02:00,427.0,1,Oslo S,VYG:Line:R31,Skøyen-Jaren-Gjøvik,R31,rail,VYG:ServiceJourney:BUS-208_655124-R,True,actual,False,,,,,2026-09-05T08:24:10.398942+02:00
NSR:StopPlace:59952,Drammen stasjon,2026-09-05T07:22:00+02:00,2026-09-05T07:29:00+02:00,2026-09-05T07:29:00+02:00,420.0,1,Tønsberg,VYG:Line:RE11,Eidsvoll-Oslo S-Skien,RE11,rail,VYG:ServiceJourney:BUS-805_654215-R,True,actual,False,,,,,2026-09-05T08:24:10.398942+02:00
NSR:StopPlace:59638,Myrvoll stasjon,2026-09-05T07:35:00+02:00,2026-09-05T07:41:59+02:00,2026-09-05T07:41:59+02:00,419.0,1,Filipstad,RUT:Line:81,Fornebu - Myrvoll stasjon,81,bus,RUT:ServiceJourney:74991c30c3d98bea1fdf64eadcbfa4ec,True,actual,False,,,,,2026-09-05T08:24:10.398942+02:00
NSR:StopPlace:58818,Gran stasjon,2026-09-05T06:10:00+02:00,2026-09-05T06:16:31+02:00,2026-09-05T06:16:31+02:00,391.0,1,Oslo S,VYG:Line:R31,Skøyen-Jaren-Gjøvik,R31,rail,VYG:ServiceJourney:BUS-204_655086-R,True,actual,False,,,,,2026-09-05T08:24:10.398942+02:00
NSR:StopPlace:58805,Brumunddal stasjon,2026-09-05T05:19:00+02:00,2026-09-05T05:25:18+02:00,2026-09-05T05:25:18+02:00,378.0,1,Oslo S,SJN:Line:21,Dovrebanen,F6,rail,SJN:ServiceJourney:406-TND_30133-R,True,actual,False,,,,,2026-09-05T08:24:10.398942+02:00
NSR:StopPlace:58820,Harestua stasjon,2026-09-05T05:56:00+02:00,2026-09-05T06:02:12+02:00,2026-09-05T06:02:12+02:00,372.0,1,Oslo S,VYG:Line:R31,Skøyen-Jaren-Gjøvik,R31,rail,VYG:ServiceJourney:BUS-202_655080-R,True,actual,False,,,,,2026-09-05T08:24:10.398942+02:00
NSR:StopPlace:61463,Nordstrand stasjon,2026-09-05T07:52:00+02:00,2026-09-05T07:58:04+02:00,2026-09-05T07:58:04+02:00,364.0,1,Ski,VYG:Line:L2,Stabekk-Oslo S-Ski,L2,rail,VYG:ServiceJourney:2711-HVK_699737-R,True,actual,False,,,,,2026-09-05T08:24:10.398942+02:00
NSR:StopPlace:58864,Sørumsand stasjon,2026-09-05T07:30:00+02:00,2026-09-05T07:35:59+02:00,2026-09-05T07:35:59+02:00,359.0,1,Kongsvinger,VYG:Line:R14,Asker-Oslo S-Kongsvinger,R14,rail,VYG:ServiceJourney:1005_442910-R,True,actual,False,,,,,2026-09-05T08:24:10.398942+02:00
NSR:StopPlace:58842,Blaker stasjon,2026-09-05T07:34:00+02:00,2026-09-05T07:39:56+02:00,2026-09-05T07:39:56+02:00,356.0,1,Kongsvinger,VYG:Line:R14,Asker-Oslo S-Kongsvinger,R14,rail,VYG:ServiceJourney:1005_442910-R,True,actual,False,,,,,2026-09-05T08:24:10.398942+02:00
NSR:StopPlace:59651,Skøyen stasjon,2026-09-05T06:46:00+02:00,2026-09-05T06:51:54+02:00,2026-09-05T06:51:54+02:00,354.0,1,Øvre Sogn,RUT:Line:40,Øvre Sogn - Skøyen,40,bus,RUT:ServiceJourney:9adfcaae8a4ed7d03f6c72dac0ab9fee,True,actual,False,,,,,2026-09-05T08:24:10.398942+02:00
NSR:StopPlace:62309,Ljan stasjon,2026-09-05T07:54:00+02:00,2026-09-05T07:59:54+02:00,2026-09-05T07:59:54+02:00,354.0,1,Ski,VYG:Line:L2,Stabekk-Oslo S-Ski,L2,rail,VYG:ServiceJourney:2711-HVK_699737-R,True,actual,False,,,,,2026-09-05T08:24:10.398942+02:00
NSR:StopPlace:58858,Nittedal stasjon,2026-09-05T07:34:00+02:00,2026-09-05T07:39:44+02:00,2026-09-05T07:39:44+02:00,344.0,1,Gjøvik,VYG:Line:R31,Skøyen-Jaren-Gjøvik,R31,rail,VYG:ServiceJourney:BUS-205_655096-R,True,actual,False,,,,,2026-09-05T08:24:10.398942+02:00
NSR:StopPlace:59952,Drammen stasjon,2026-09-05T07:22:00+02:00,2026-09-05T07:27:39+02:00,2026-09-05T07:27:39+02:00,339.0,1,Stokke,VYG:Line:RE11,Eidsvoll-Oslo S-Skien,RE11,rail,VYG:ServiceJourney:BUS-805_654214-R,True,actual,False,,,,,2026-09-05T08:24:10.398942+02:00
NSR:StopPlace:59872,Oslo S,2026-09-05T06:25:00+02:00,2026-09-05T06:30:32+02:00,2026-09-05T06:30:32+02:00,332.0,1,Bergen,VYG:Line:F4,Oslo S-Bergen,F4,rail,VYG:ServiceJourney:BUS-61_652379-R,True,actual,False,,,,,2026-09-05T08:24:10.398942+02:00
NSR:StopPlace:59983,Bergen stasjon,2026-09-05T08:08:00+02:00,2026-09-05T08:13:32+02:00,2026-09-05T08:13:32+02:00,332.0,1,Oslo S,VYG:Line:F4,Oslo S-Bergen,F4,rail,VYG:ServiceJourney:BUS-62_652381-R,True,actual,False,,,,,2026-09-05T08:24:10.398942+02:00
NSR:StopPlace:59977,Trondheim S,2026-09-05T06:19:00+02:00,2026-09-05T06:24:19+02:00,2026-09-05T06:24:19+02:00,319.0,1,Ratesvingen via sentrum,ATB:Line:2_10,Sæterbakken- Strindheim- Sentrum- Ratesvingen,10,bus,ATB:ServiceJourney:10_260311106205429_6002,True,actual,False,,,,,2026-09-05T08:24:10.398942+02:00
NSR:StopPlace:58847,Frogner stasjon,2026-09-05T07:10:00+02:00,2026-09-05T07:15:17+02:00,2026-09-05T07:15:17+02:00,317.0,1,Sørumsand,RUT:Line:365,Sørumsand - Frogner - Skedsmokorset,365,bus,RUT:ServiceJourney:ab1798021051fae442dc746a316ed112,True,actual,False,,,,,2026-09-05T08:24:10.398942+02:00
NSR:StopPlace:101,Sagdalen stasjon,2026-09-05T07:07:00+02:00,2026-09-05T07:12:15+02:00,2026-09-05T07:12:15+02:00,315.0,1,Lillestrøm,VYG:Line:L1,Spikkestad-Oslo S-Lillestrøm,L1,rail,VYG:ServiceJourney:2208_452017-R,True,actual,False,,,,,2026-09-05T08:24:10.398942+02:00
NSR:StopPlace:58819,Grua stasjon,2026-09-05T07:29:00+02:00,2026-09-05T07:34:14+02:00,2026-09-05T07:34:14+02:00,314.0,1,Oslo S,VYG:Line:R31,Skøyen-Jaren-Gjøvik,R31,rail,VYG:ServiceJourney:BUS-206_655105-R,True,actual,False,,,,,2026-09-05T08:24:10.398942+02:00
NSR:StopPlace:60045,Hamar stasjon,2026-09-05T05:34:00+02:00,2026-09-05T05:39:13+02:00,2026-09-05T05:39:13+02:00,313.0,1,Oslo S,SJN:Line:21,Dovrebanen,F6,rail,SJN:ServiceJourney:406-TND_30133-R,True,actual,False,,,,,2026-09-05T08:24:10.398942+02:00
NSR:StopPlace:313,Høybråten stasjon,2026-09-05T07:57:00+02:00,2026-09-05T08:02:12+02:00,2026-09-05T08:02:12+02:00,312.0,1,Lillestrøm,VYG:Line:L1,Spikkestad-Oslo S-Lillestrøm,L1,rail,VYG:ServiceJourney:2212_443603-R,True,actual,False,,,,,2026-09-05T08:24:10.398942+02:00
NSR:StopPlace:59620,Grorud stasjon,2026-09-05T07:24:00+02:00,2026-09-05T07:29:08+02:00,2026-09-05T07:29:08+02:00,308.0,1,Grorud T,RUT:Line:79,Grorud T - Åsbråten,79,bus,RUT:ServiceJourney:d766caccf0020bfc6b55940f2a901888,True,actual,False,,,,,2026-09-05T08:24:10.398942+02:00
NSR:StopPlace:58874,Stokke stasjon,2026-09-05T07:22:00+02:00,2026-09-05T07:27:08+02:00,2026-09-05T07:27:08+02:00,308.0,1,Tønsberg,VKT:Line:520,Tønsberg-Stokke,520,bus,VKT:ServiceJourney:17329,True,actual,False,,,,,2026-09-05T08:24:10.398942+02:00
NSR:StopPlace:61897,Bryn stasjon,2026-09-05T08:05:00+02:00,2026-09-05T08:10:07+02:00,2026-09-05T08:10:07+02:00,307.0,1,Spikkestad,VYG:Line:L1,Spikkestad-Oslo S-Lillestrøm,L1,rail,VYG:ServiceJourney:2213_443604-R,True,actual,False,,,,,2026-09-05T08:24:10.398942+02:00
NSR:StopPlace:59653,Haugenstua stasjon,2026-09-05T07:55:00+02:00,2026-09-05T08:00:05+02:00,2026-09-05T08:00:05+02:00,305.0,1,Lillestrøm,VYG:Line:L1,Spikkestad-Oslo S-Lillestrøm,L1,rail,VYG:ServiceJourney:2212_443603-R,True,actual,False,,,,,2026-09-05T08:24:10.398942+02:00
NSR:StopPlace:59620,Grorud stasjon,2026-09-05T06:24:00+02:00,2026-09-05T06:29:05+02:00,2026-09-05T06:29:05+02:00,305.0,1,-,NBU:Line:cb7b555c-f96e-42d5-84bf-a5e08c0145c2,Radiumhospitalet via Økern-Storo-Tåsen,FB3,bus,NBU:ServiceJourney:7e8f1121-38e8-4f93-8f25-4ee6aec74728:610200354,True,actual,False,,,,,2026-09-05T08:24:10.398942+02:00
NSR:StopPlace:58862,Strømmen stasjon,2026-09-05T08:05:00+02:00,2026-09-05T08:10:04+02:00,2026-09-05T08:10:04+02:00,304.0,1,Lillestrøm,VYG:Line:L1,Spikkestad-Oslo S-Lillestrøm,L1,rail,VYG:ServiceJourney:2212_443603-R,True,actual,False,,,,,2026-09-05T08:24:10.398942+02:00
NSR:StopPlace:59650,Nyland stasjon,2026-09-05T07:59:00+02:00,2026-09-05T08:04:03+02:00,2026-09-05T08:04:03+02:00,303.0,1,Spikkestad,VYG:Line:L1,Spikkestad-Oslo S-Lillestrøm,L1,rail,VYG:ServiceJourney:2213_443604-R,True,actual,False,,,,,2026-09-05T08:24:10.398942+02:00
NSR:StopPlace:60944,Ski stasjon,2026-09-05T06:45:00+02:00,2026-09-05T06:50:03+02:00,2026-09-05T06:50:03+02:00,303.0,1,Drøbak - Seiersten,RUT:Line:510,Bøleråsen - Ski - Ås - Drøbak,510,bus,RUT:ServiceJourney:3cb56267fad9b8c0605d84e730828d37,True,actual,False,,,,,2026-09-05T08:24:10.398942+02:00
NSR:StopPlace:62308,Alna stasjon,2026-09-05T08:02:00+02:00,2026-09-05T08:06:59+02:00,2026-09-05T08:06:59+02:00,299.0,1,Spikkestad,VYG:Line:L1,Spikkestad-Oslo S-Lillestrøm,L1,rail,VYG:ServiceJourney:2213_443604-R,True,actual,False,,,,,2026-09-05T08:24:10.398942+02:00
NSR:StopPlace:41,Hanaborg stasjon,2026-09-05T08:01:00+02:00,2026-09-05T08:05:58+02:00,2026-09-05T08:05:58+02:00,298.0,1,Lillestrøm,VYG:Line:L1,Spikkestad-Oslo S-Lillestrøm,L1,rail,VYG:ServiceJourney:2212_443603-R,True,actual,False,,,,,2026-09-05T08:24:10.398942+02:00
NSR:StopPlace:58857,Lørenskog stasjon,2026-09-05T07:59:00+02:00,2026-09-05T08:03:58+02:00,2026-09-05T08:03:58+02:00,298.0,1,Lillestrøm,VYG:Line:L1,Spikkestad-Oslo S-Lillestrøm,L1,rail,VYG:ServiceJourney:2212_443603-R,True,actual,False,,,,,2026-09-05T08:24:10.398942+02:00
NSR:StopPlace:59642,Rånåsfoss stasjon,2026-09-05T07:38:00+02:00,2026-09-05T07:42:56+02:00,2026-09-05T07:42:56+02:00,296.0,1,Kongsvinger,VYG:Line:R14,Asker-Oslo S-Kongsvinger,R14,rail,VYG:ServiceJourney:1005_442910-R,True,actual,False,,,,,2026-09-05T08:24:10.398942+02:00
NSR:StopPlace:59620,Grorud stasjon,2026-09-05T07:53:00+02:00,2026-09-05T07:57:56+02:00,2026-09-05T07:57:56+02:00,296.0,1,Lillestrøm,VYG:Line:L1,Spikkestad-Oslo S-Lillestrøm,L1,rail,VYG:ServiceJourney:2212_443603-R,True,actual,False,,,,,2026-09-05T08:24:10.398942+02:00
NSR:StopPlace:59635,Hauketo stasjon,2026-09-05T07:57:00+02:00,2026-09-05T08:01:56+02:00,2026-09-05T08:01:56+02:00,296.0,1,Ski,VYG:Line:L2,Stabekk-Oslo S-Ski,L2,rail,VYG:ServiceJourney:2711-HVK_699737-R,True,actual,False,,,,,2026-09-05T08:24:10.398942+02:00
NSR:StopPlace:101,Sagdalen stasjon,2026-09-05T06:37:00+02:00,2026-09-05T06:41:54+02:00,2026-09-05T06:41:54+02:00,294.0,1,Lillestrøm,VYG:Line:L1,Spikkestad-Oslo S-Lillestrøm,L1,rail,VYG:ServiceJourney:2206_443594-R,True,actual,False,,,,,2026-09-05T08:24:10.398942+02:00
NSR:StopPlace:58932,Hommelvik stasjon,2026-09-05T08:01:00+02:00,2026-09-05T08:05:50+02:00,2026-09-05T08:05:50+02:00,290.0,1,Marienborg via Brattøra,ATB:Line:2_70,Stjørdal/Hommelvik- Trondheim,70,bus,ATB:ServiceJourney:70_251215112547011_6012,True,actual,False,,,,,2026-09-05T08:24:10.398942+02:00
NSR:StopPlace:59641,Fjellhamar stasjon,2026-09-05T08:03:00+02:00,2026-09-05T08:07:48+02:00,2026-09-05T08:07:48+02:00,288.0,1,Lillestrøm,VYG:Line:L1,Spikkestad-Oslo S-Lillestrøm,L1,rail,VYG:ServiceJourney:2212_443603-R,True,actual,False,,,,,2026-09-05T08:24:10.398942+02:00
NSR:StopPlace:59636,Holmlia stasjon,2026-09-05T07:59:00+02:00,2026-09-05T08:03:47+02:00,2026-09-05T08:03:47+02:00,287.0,1,Ski,VYG:Line:L2,Stabekk-Oslo S-Ski,L2,rail,VYG:ServiceJourney:2711-HVK_699737-R,True,actual,False,,,,,2026-09-05T08:24:10.398942+02:00
NSR:StopPlace:58876,Tønsberg stasjon,2026-09-05T06:25:00+02:00,2026-09-05T06:29:47+02:00,2026-09-05T06:29:47+02:00,287.0,1,Skoppum,VYG:Line:RE11,Eidsvoll-Oslo S-Skien,RE11,rail,VYG:ServiceJourney:BUS-804_654210-R,True,actual,False,,,,,2026-09-05T08:24:10.398942+02:00
NSR:StopPlace:699,Tynset stasjon,2026-09-05T06:57:00+02:00,2026-09-05T07:01:43+02:00,2026-09-05T07:01:43+02:00,283.0,1,Hamar,SJN:Line:25,Rørosbanen,R60,rail,SJN:ServiceJourney:2380_37659-R,True,actual,False,,,,,2026-09-05T08:24:10.398942+02:00
NSR:StopPlace:58862,Strømmen stasjon,2026-09-05T07:05:00+02:00,2026-09-05T07:09:42+02:00,2026-09-05T07:09:42+02:00,282.0,1,Lillestrøm,VYG:Line:L1,Spikkestad-Oslo S-Lillestrøm,L1,rail,VYG:ServiceJourney:2208_452017-R,True,actual,False,,,,,2026-09-05T08:24:10.398942+02:00
NSR:StopPlace:59636,Holmlia stasjon,2026-09-05T06:57:00+02:00,2026-09-05T07:01:36+02:00,2026-09-05T07:01:36+02:00,276.0,1,Bjørndal,RUT:Line:77,Holmlia stasjon - Bjørndal,77,bus,RUT:ServiceJourney:c8c50f92026843a9af063514ab67ce4c,True,actual,False,,,,,2026-09-05T08:24:10.398942+02:00
NSR:StopPlace:60944,Ski stasjon,2026-09-05T08:17:00+02:00,2026-09-05T08:21:26+02:00,2026-09-05T08:21:26+02:00,266.0,1,Drøbak - Frogn vgs.,RUT:Line:510,Bøleråsen - Ski - Ås - Drøbak,510,bus,RUT:ServiceJourney:29f63762d2a809b3a1fecb301ab011c3,True,actual,False,,,,,2026-09-05T08:24:10.398942+02:00
NSR:StopPlace:59653,Haugenstua stasjon,2026-09-05T07:55:00+02:00,2026-09-05T07:59:25+02:00,2026-09-05T07:59:25+02:00,265.0,1,Spikkestad,VYG:Line:L1,Spikkestad-Oslo S-Lillestrøm,L1,rail,VYG:ServiceJourney:2213_443604-R,True,actual,False,,,,,2026-09-05T08:24:10.398942+02:00
NSR:StopPlace:59652,Tøyen stasjon,2026-09-05T07:44:00+02:00,2026-09-05T07:48:23+02:00,2026-09-05T07:48:23+02:00,263.0,1,Vippetangen,RUT:Line:60,Vippetangen-Tonsenhagen,60,bus,RUT:ServiceJourney:9784705ba6198c1083534b3d9e222493,True,actual,False,,,,,2026-09-05T08:24:10.398942+02:00
NSR:StopPlace:313,Høybråten stasjon,2026-09-05T06:57:00+02:00,2026-09-05T07:01:19+02:00,2026-09-05T07:01:19+02:00,259.0,1,Lillestrøm,VYG:Line:L1,Spikkestad-Oslo S-Lillestrøm,L1,rail,VYG:ServiceJourney:2208_452017-R,True,actual,False,,,,,2026-09-05T08:24:10.398942+02:00
NSR:StopPlace:441,Auli stasjon,2026-09-05T07:41:00+02:00,2026-09-05T07:45:19+02:00,2026-09-05T07:45:19+02:00,259.0,1,Kongsvinger,VYG:Line:R14,Asker-Oslo S-Kongsvinger,R14,rail,VYG:ServiceJourney:1005_442910-R,True,actual,False,,,,,2026-09-05T08:24:10.398942+02:00
NSR:StopPlace:60047,Melhus skysstasjon,2026-09-05T06:13:00+02:00,2026-09-05T06:17:17+02:00,2026-09-05T06:17:17+02:00,257.0,1,Hesttrøa via Melhus skysstasjon,ATB:Line:2_82,Hesttrøa-Brekkåsen,82,bus,ATB:ServiceJourney:82_251215112550664_6002,True,actual,False,Linje 82 og 504,Avvikende kjøring for linje 82 og 504 pga Hølondvegen er stengt. ,general,normal,2026-09-05T08:24:10.398942+02:00
NSR:StopPlace:59636,Holmlia stasjon,2026-09-05T02:24:00+02:00,2026-09-05T02:28:16+02:00,2026-09-05T02:28:16+02:00,256.0,1,Nationaltheatret,RUT:Line:3983,Nationaltheatret - Fløysbonn,83N,bus,RUT:ServiceJourney:ae3a197b7a5156f5ed66e8534133717d,True,actual,False,,,,,2026-09-05T03:37:34.550234+02:00
NSR:StopPlace:59641,Fjellhamar stasjon,2026-09-05T07:03:00+02:00,2026-09-05T07:07:14+02:00,2026-09-05T07:07:14+02:00,254.0,1,Lillestrøm,VYG:Line:L1,Spikkestad-Oslo S-Lillestrøm,L1,rail,VYG:ServiceJourney:2208_452017-R,True,actual,False,,,,,2026-09-05T08:24:10.398942+02:00
NSR:StopPlace:59654,Stabekk stasjon,2026-09-05T02:09:00+02:00,2026-09-05T02:13:14+02:00,2026-09-05T02:13:14+02:00,254.0,1,Gullhaug,RUT:Line:150,Gullhaug - Nationaltheatret,150,bus,RUT:ServiceJourney:56ad77c1d77e631a8529d240b6656ac0,True,actual,False,Holdeplass Stabekk stasjon i retning mot Bekkestua er flyttet ca. 50 meter bakover.,Dette skyldes anleggsarbeid i området.,incident,normal,2026-09-05T03:37:34.550234+02:00
NSR:StopPlace:59653,Haugenstua stasjon,2026-09-05T06:55:00+02:00,2026-09-05T06:59:13+02:00,2026-09-05T06:59:13+02:00,253.0,1,Lillestrøm,VYG:Line:L1,Spikkestad-Oslo S-Lillestrøm,L1,rail,VYG:ServiceJourney:2208_452017-R,True,actual,False,,,,,2026-09-05T08:24:10.398942+02:00
NSR:StopPlace:58866,Vevelstad stasjon,2026-09-05T06:34:00+02:00,2026-09-05T06:38:13+02:00,2026-09-05T06:38:13+02:00,253.0,1,Drøbak - Seiersten,RUT:Line:510,Bøleråsen - Ski - Ås - Drøbak,510,bus,RUT:ServiceJourney:3cb56267fad9b8c0605d84e730828d37,True,actual,False,,,,,2026-09-05T08:24:10.398942+02:00
NSR:StopPlace:58818,Gran stasjon,2026-09-05T07:10:00+02:00,2026-09-05T07:14:13+02:00,2026-09-05T07:14:13+02:00,253.0,1,Oslo S,VYG:Line:R31,Skøyen-Jaren-Gjøvik,R31,rail,VYG:ServiceJourney:BUS-206_655105-R,True,actual,False,,,,,2026-09-05T08:24:10.398942+02:00
NSR:StopPlace:41,Hanaborg stasjon,2026-09-05T07:01:00+02:00,2026-09-05T07:05:12+02:00,2026-09-05T07:05:12+02:00,252.0,1,Lillestrøm,VYG:Line:L1,Spikkestad-Oslo S-Lillestrøm,L1,rail,VYG:ServiceJourney:2208_452017-R,True,actual,False,,,,,2026-09-05T08:24:10.398942+02:00
NSR:StopPlace:58820,Harestua stasjon,2026-09-05T07:42:00+02:00,2026-09-05T07:46:11+02:00,2026-09-05T07:46:11+02:00,251.0,1,Oslo S,VYG:Line:R31,Skøyen-Jaren-Gjøvik,R31,rail,VYG:ServiceJourney:BUS-206_655105-R,True,actual,False,,,,,2026-09-05T08:24:10.398942+02:00
NSR:StopPlace:61169,Marienborg stasjon,2026-09-05T06:48:00+02:00,2026-09-05T06:52:10+02:00,2026-09-05T06:52:10+02:00,250.0,1,Havstad,ATB:Line:2_13,Østmarka - Strindheim - Lerkendal - Havstad,13,bus,ATB:ServiceJourney:13_251215112552739_6004,True,actual,False,,,,,2026-09-05T08:24:10.398942+02:00
NSR:StopPlace:61169,Marienborg stasjon,2026-09-05T06:53:00+02:00,2026-09-05T06:57:10+02:00,2026-09-05T06:57:10+02:00,250.0,1,Østmarka via Lerkendal-Strindh.,ATB:Line:2_13,Østmarka - Strindheim - Lerkendal - Havstad,13,bus,ATB:ServiceJourney:13_251215112552832_6005,True,actual,False,,,,,2026-09-05T08:24:10.398942+02:00
NSR:StopPlace:58211,Oslo lufthavn,2026-09-05T06:30:00+02:00,2026-09-05T06:34:09+02:00,2026-09-05T06:34:09+02:00,249.0,1,Jessheim,RUT:Line:420,Maura -  Jessheim,420,bus,RUT:ServiceJourney:813079f84321cb46e4c1865097533bac,True,actual,False,,,,,2026-09-05T08:24:10.398942+02:00
NSR:StopPlace:58846,Fetsund stasjon,2026-09-05T07:22:00+02:00,2026-09-05T07:26:08+02:00,2026-09-05T07:26:08+02:00,248.0,1,Kongsvinger,VYG:Line:R14,Asker-Oslo S-Kongsvinger,R14,rail,VYG:ServiceJourney:1005_442910-R,True,actual,False,,,,,2026-09-05T08:24:10.398942+02:00
NSR:StopPlace:58857,Lørenskog stasjon,2026-09-05T06:59:00+02:00,2026-09-05T07:03:08+02:00,2026-09-05T07:03:08+02:00,248.0,1,Lillestrøm,VYG:Line:L1,Spikkestad-Oslo S-Lillestrøm,L1,rail,VYG:ServiceJourney:2208_452017-R,True,actual,False,,,,,2026-09-05T08:24:10.398942+02:00
NSR:StopPlace:58926,Dale stasjon,2026-09-05T08:04:00+02:00,2026-09-05T08:08:05+02:00,2026-09-05T08:08:05+02:00,245.0,1,Voss,VYG:Line:R40,Bergen-Voss-Myrdal-Ål,R40,rail,VYG:ServiceJourney:BUS-1804_659324-R,True,actual,False,,,,,2026-09-05T08:24:10.398942+02:00
NSR:StopPlace:58848,Haga stasjon,2026-09-05T07:44:00+02:00,2026-09-05T07:47:59+02:00,2026-09-05T07:47:59+02:00,239.0,1,Kongsvinger,VYG:Line:R14,Asker-Oslo S-Kongsvinger,R14,rail,VYG:ServiceJourney:1005_442910-R,True,actual,False,,,,,2026-09-05T08:24:10.398942+02:00
NSR:StopPlace:61315,Nerdrum stasjon,2026-09-05T07:20:00+02:00,2026-09-05T07:23:56+02:00,2026-09-05T07:23:56+02:00,236.0,1,Kongsvinger,VYG:Line:R14,Asker-Oslo S-Kongsvinger,R14,rail,VYG:ServiceJourney:1005_442910-R,True,actual,False,,,,,2026-09-05T08:24:10.398942+02:00
NSR:StopPlace:59620,Grorud stasjon,2026-09-05T06:53:00+02:00,2026-09-05T06:56:55+02:00,2026-09-05T06:56:55+02:00,235.0,1,Lillestrøm,VYG:Line:L1,Spikkestad-Oslo S-Lillestrøm,L1,rail,VYG:ServiceJourney:2208_452017-R,True,actual,False,,,,,2026-09-05T08:24:10.398942+02:00
NSR:StopPlace:62339,Lillestrøm stasjon,2026-09-05T07:40:00+02:00,2026-09-05T07:43:54+02:00,2026-09-05T07:43:54+02:00,234.0,1,Spikkestad,VYG:Line:L1,Spikkestad-Oslo S-Lillestrøm,L1,rail,VYG:ServiceJourney:2213_443604-R,True,actual,False,Heis i spor 1 og 2 er ute av bruk på grunn av vedlikehold.,Heis i spor 1 og 2 er ute av bruk på grunn av vedlikehold.,general,normal,2026-09-05T08:24:10.398942+02:00
NSR:StopPlace:425,Vinstra stasjon,2026-09-05T02:27:00+02:00,2026-09-05T02:30:51+02:00,2026-09-05T02:30:51+02:00,231.0,1,Trondheim S,SJN:Line:21,Dovrebanen,F6,rail,SJN:ServiceJourney:405-LOD_30131-R,True,actual,False,,,,,2026-09-05T03:37:34.550234+02:00
NSR:StopPlace:59646,Høvik stasjon,2026-09-05T02:03:00+02:00,2026-09-05T02:06:50+02:00,2026-09-05T02:06:50+02:00,230.0,1,Slemmestad,RUT:Line:3250,Nationaltheatretl - Sandvika- Slemmestad- Sætre,250N,bus,RUT:ServiceJourney:e407aaf6f3fd14efe6251e887148dc15,True,actual,False,,,,,2026-09-05T03:37:34.550234+02:00
NSR:StopPlace:59648,Kjelsås stasjon,2026-09-05T07:41:00+02:00,2026-09-05T07:44:48+02:00,2026-09-05T07:44:48+02:00,228.0,1,Haugerud,RUT:Line:25,Majorstuen-Haugerud,25,bus,RUT:ServiceJourney:d2d37552027ebf66cd31fc3a8f068f74,True,actual,False,,,,,2026-09-05T08:24:10.398942+02:00
NSR:StopPlace:58874,Stokke stasjon,2026-09-05T06:01:00+02:00,2026-09-05T06:04:47+02:00,2026-09-05T06:04:47+02:00,227.0,1,Sande,VYG:Line:RE11,Eidsvoll-Oslo S-Skien,RE11,rail,VYG:ServiceJourney:BUS-804_654204-R,True,actual,False,,,,,2026-09-05T08:24:10.398942+02:00
NSR:StopPlace:313,Høybråten stasjon,2026-09-05T07:53:00+02:00,2026-09-05T07:56:47+02:00,2026-09-05T07:56:47+02:00,227.0,1,Spikkestad,VYG:Line:L1,Spikkestad-Oslo S-Lillestrøm,L1,rail,VYG:ServiceJourney:2213_443604-R,True,actual,False,,,,,2026-09-05T08:24:10.398942+02:00
NSR:StopPlace:59641,Fjellhamar stasjon,2026-09-05T07:47:00+02:00,2026-09-05T07:50:45+02:00,2026-09-05T07:50:45+02:00,225.0,1,Spikkestad,VYG:Line:L1,Spikkestad-Oslo S-Lillestrøm,L1,rail,VYG:ServiceJourney:2213_443604-R,True,actual,False,,,,,2026-09-05T08:24:10.398942+02:00
NSR:StopPlace:59643,Grefsen stasjon,2026-09-05T06:35:00+02:00,2026-09-05T06:38:45+02:00,2026-09-05T06:38:45+02:00,225.0,1,Gaustadalléen,RUT:Line:17,Rikshospitalet - Sinsen o/ Carl Berner,17,tram,RUT:ServiceJourney:36d87a57df70c51b068c5384aa0fd204,True,actual,False,,,,,2026-09-05T08:24:10.398942+02:00
NSR:StopPlace:41,Hanaborg stasjon,2026-09-05T07:49:00+02:00,2026-09-05T07:52:43+02:00,2026-09-05T07:52:43+02:00,223.0,1,Spikkestad,VYG:Line:L1,Spikkestad-Oslo S-Lillestrøm,L1,rail,VYG:ServiceJourney:2213_443604-R,True,actual,False,,,,,2026-09-05T08:24:10.398942+02:00
NSR:StopPlace:58862,Strømmen stasjon,2026-09-05T07:45:00+02:00,2026-09-05T07:48:43+02:00,2026-09-05T07:48:43+02:00,223.0,1,Spikkestad,VYG:Line:L1,Spikkestad-Oslo S-Lillestrøm,L1,rail,VYG:ServiceJourney:2213_443604-R,True,actual,False,,,,,2026-09-05T08:24:10.398942+02:00
NSR:StopPlace:101,Sagdalen stasjon,2026-09-05T07:43:00+02:00,2026-09-05T07:46:43+02:00,2026-09-05T07:46:43+02:00,223.0,1,Spikkestad,VYG:Line:L1,Spikkestad-Oslo S-Lillestrøm,L1,rail,VYG:ServiceJourney:2213_443604-R,True,actual,False,,,,,2026-09-05T08:24:10.398942+02:00
NSR:StopPlace:58857,Lørenskog stasjon,2026-09-05T07:51:00+02:00,2026-09-05T07:54:42+02:00,2026-09-05T07:54:42+02:00,222.0,1,Spikkestad,VYG:Line:L1,Spikkestad-Oslo S-Lillestrøm,L1,rail,VYG:ServiceJourney:2213_443604-R,True,actual,False,,,,,2026-09-05T08:24:10.398942+02:00
NSR:StopPlace:59646,Høvik stasjon,2026-09-05T08:10:00+02:00,2026-09-05T08:13:37+02:00,2026-09-05T08:13:37+02:00,217.0,1,Asker,RUT:Line:270,Asker - Sandvika (- Fornebu),270,bus,RUT:ServiceJourney:3122aa0115e74ddce059be4fdbcdff2d,True,actual,False,,,,,2026-09-05T08:24:10.398942+02:00
NSR:StopPlace:58801,Sarpsborg stasjon,2026-09-05T07:30:00+02:00,2026-09-05T07:33:36+02:00,2026-09-05T07:33:36+02:00,216.0,1,Sarpsborg-Kalnes,OST:Line:1_13,Kalnes - Blessom,13,bus,OST:ServiceJourney:13_260325121470819_603,True,actual,False,,,,,2026-09-05T08:24:10.398942+02:00
NSR:StopPlace:62094,Lindeberg stasjon,2026-09-05T07:18:00+02:00,2026-09-05T07:21:35+02:00,2026-09-05T07:21:35+02:00,215.0,1,Drammen,VYG:Line:R13,Drammen-Oslo S-Dal,R13,rail,VYG:ServiceJourney:1610_443230-R,True,actual,False,,,,,2026-09-05T08:24:10.398942+02:00
NSR:StopPlace:60640,Heimdal stasjon,2026-09-05T07:06:00+02:00,2026-09-05T07:09:34+02:00,2026-09-05T07:09:34+02:00,214.0,1,Strindheim via Kolstad-sentrum,ATB:Line:2_2,Strindheim- Lade- sentrum- Sau,2,bus,ATB:ServiceJourney:2_251215112549996_6007,True,actual,False,,,,,2026-09-05T08:24:10.398942+02:00
NSR:StopPlace:58862,Strømmen stasjon,2026-09-05T06:35:00+02:00,2026-09-05T06:38:34+02:00,2026-09-05T06:38:34+02:00,214.0,1,Lillestrøm,VYG:Line:L1,Spikkestad-Oslo S-Lillestrøm,L1,rail,VYG:ServiceJourney:2206_443594-R,True,actual,False,,,,,2026-09-05T08:24:10.398942+02:00
NSR:StopPlace:58886,Arendal stasjon,2026-09-05T08:10:00+02:00,2026-09-05T08:13:33+02:00,2026-09-05T08:13:33+02:00,213.0,1,Nelaug,GOA:Line:53,Sørtoget lokal,R50,rail,GOA:ServiceJourney:2064_63017-R,True,actual,False,,,,,2026-09-05T08:24:10.398942+02:00
NSR:StopPlace:58952,Bodø stasjon,2026-09-05T06:55:00+02:00,2026-09-05T06:58:32+02:00,2026-09-05T06:58:32+02:00,212.0,1,Løpsmarka,NOR:Line:12_8004,Tverlandet - Bodø sentrum - Løpsmarka,4,bus,NOR:ServiceJourney:8004_251012124900512_4001,True,actual,False,,,,,2026-09-05T08:24:10.398942+02:00
NSR:StopPlace:441,Auli stasjon,2026-09-05T08:15:00+02:00,2026-09-05T08:18:32+02:00,2026-09-05T08:18:32+02:00,212.0,1,Asker,VYG:Line:R14,Asker-Oslo S-Kongsvinger,R14,rail,VYG:ServiceJourney:1008_442913-R,True,actual,False,,,,,2026-09-05T08:24:10.398942+02:00
NSR:StopPlace:60047,Melhus skysstasjon,2026-09-05T07:23:00+02:00,2026-09-05T07:26:31+02:00,2026-09-05T07:26:31+02:00,211.0,1,Hesttrøa via Melhus skysstasjon,ATB:Line:2_82,Hesttrøa-Brekkåsen,82,bus,ATB:ServiceJourney:82_251215112550666_6006,True,actual,False,Linje 82 og 504,Avvikende kjøring for linje 82 og 504 pga Hølondvegen er stengt. ,general,normal,2026-09-05T08:24:10.398942+02:00
NSR:StopPlace:60944,Ski stasjon,2026-09-05T02:42:00+02:00,2026-09-05T02:45:31+02:00,2026-09-05T02:45:31+02:00,211.0,1,Oslo bussterminal,RUT:Line:2540,Oslo - Ski - Ås - Vestby (nattbuss),540N,bus,RUT:ServiceJourney:ba964e91569185fae7625005827ec4e2,True,actual,False,,,,,2026-09-05T03:37:34.550234+02:00
NSR:StopPlace:59958,Voss stasjon,2026-09-05T07:25:00+02:00,2026-09-05T07:28:28+02:00,2026-09-05T07:28:28+02:00,208.0,1,,VYG:Line:R40,Bergen-Voss-Myrdal-Ål,R40,rail,VYG:ServiceJourney:4b1c52db-996e-477a-9761-f651e136a73d-1811-2026-09-05-0,True,actual,False,,,,,2026-09-05T08:24:10.398942+02:00
NSR:StopPlace:59977,Trondheim S,2026-09-05T06:12:00+02:00,2026-09-05T06:15:28+02:00,2026-09-05T06:15:28+02:00,208.0,1,Lund via Kolstad-Heimdal,ATB:Line:2_2,Strindheim- Lade- sentrum- Sau,2,bus,ATB:ServiceJourney:2_251215112550139_6002,True,actual,False,,,,,2026-09-05T08:24:10.398942+02:00
NSR:StopPlace:58805,Brumunddal stasjon,2026-09-05T06:49:00+02:00,2026-09-05T06:52:27+02:00,2026-09-05T06:52:27+02:00,207.0,1,Drammen,VYG:Line:RE10,Drammen-Oslo S-Lillehammer,RE10,rail,VYG:ServiceJourney:306-HHS_487830-R,True,actual,False,,,,,2026-09-05T08:24:10.398942+02:00
NSR:StopPlace:62339,Lillestrøm stasjon,2026-09-05T07:15:00+02:00,2026-09-05T07:18:27+02:00,2026-09-05T07:18:27+02:00,207.0,1,Kongsvinger,VYG:Line:R14,Asker-Oslo S-Kongsvinger,R14,rail,VYG:ServiceJourney:1005_442910-R,True,actual,False,Heis i spor 1 og 2 er ute av bruk på grunn av vedlikehold.,Heis i spor 1 og 2 er ute av bruk på grunn av vedlikehold.,general,normal,2026-09-05T08:24:10.398942+02:00
NSR:StopPlace:58952,Bodø stasjon,2026-09-05T07:55:00+02:00,2026-09-05T07:58:26+02:00,2026-09-05T07:58:26+02:00,206.0,1,Løpsmarka,NOR:Line:12_8004,Tverlandet - Bodø sentrum - Løpsmarka,4,bus,NOR:ServiceJourney:8004_251012124900513_4002,True,actual,False,,,,,2026-09-05T08:24:10.398942+02:00
NSR:StopPlace:58847,Frogner stasjon,2026-09-05T08:10:00+02:00,2026-09-05T08:13:26+02:00,2026-09-05T08:13:26+02:00,206.0,1,Sørumsand,RUT:Line:365,Sørumsand - Frogner - Skedsmokorset,365,bus,RUT:ServiceJourney:d8084e9bdcd526c1ab3a39f907f3a49d,True,actual,False,,,,,2026-09-05T08:24:10.398942+02:00
NSR:StopPlace:58836,Mjøndalen stasjon,2026-09-05T07:12:00+02:00,2026-09-05T07:15:25+02:00,2026-09-05T07:15:25+02:00,205.0,1,Drammen,BRA:Line:4_6101,Drammen-Vikersund/Hønefoss,101,bus,BRA:ServiceJourney:6101_260415100161287_6002,True,actual,False,,,,,2026-09-05T08:24:10.398942+02:00
NSR:StopPlace:59620,Grorud stasjon,2026-09-05T07:24:00+02:00,2026-09-05T07:27:23+02:00,2026-09-05T07:27:23+02:00,203.0,1,Oslo lufthavn,NBU:Line:cb7b555c-f96e-42d5-84bf-a5e08c0145c2,Radiumhospitalet via Økern-Storo-Tåsen,FB3,bus,NBU:ServiceJourney:7b1f4fad-f0d4-444f-93a5-deb16c645ddc,True,actual,False,,,,,2026-09-05T08:24:10.398942+02:00
NSR:StopPlace:62379,Bergsgrav stasjon,2026-09-05T08:00:00+02:00,2026-09-05T08:03:23+02:00,2026-09-05T08:03:23+02:00,203.0,1,Lundamo,SJN:Line:26,Trønderbanen,R70,rail,SJN:ServiceJourney:426_56055-R,True,actual,False,,,,,2026-09-05T08:24:10.398942+02:00
NSR:StopPlace:61169,Marienborg stasjon,2026-09-05T06:13:00+02:00,2026-09-05T06:16:20+02:00,2026-09-05T06:16:20+02:00,200.0,1,Østmarka via Lerkendal-Strindh.,ATB:Line:2_13,Østmarka - Strindheim - Lerkendal - Havstad,13,bus,ATB:ServiceJourney:13_251215112552830_6001,True,actual,False,,,,,2026-09-05T08:24:10.398942+02:00
NSR:StopPlace:58404,Nationaltheatret,2026-09-05T06:04:00+02:00,2026-09-05T06:07:20+02:00,2026-09-05T06:07:20+02:00,200.0,1,Helsfyr,RUT:Line:37,Nydalen T - Helsfyr,37,bus,RUT:ServiceJourney:b26e971b71378317e6372a9e2582a3d0,True,actual,False,,,,,2026-09-05T08:24:10.398942+02:00
NSR:StopPlace:58849,Hakadal stasjon,2026-09-05T02:48:00+02:00,2026-09-05T02:51:19+02:00,2026-09-05T02:51:19+02:00,199.0,1,Grorud,RUT:Line:390,Kongskog/Hellerudhaugen - Oslo bussterminal,390,bus,RUT:ServiceJourney:12cb4b633ab04c44f99cd8e32ab3c9ff,True,actual,False,,,,,2026-09-05T03:37:34.550234+02:00
NSR:StopPlace:58966,Porsgrunn stasjon,2026-09-05T07:47:00+02:00,2026-09-05T07:50:18+02:00,2026-09-05T07:50:18+02:00,198.0,1,Eidsvoll,VYG:Line:RE11,Eidsvoll-Oslo S-Skien,RE11,rail,VYG:ServiceJourney:90808_646815-R,True,actual,False,Heis på Porsgrunn ute av drift,Heisen på Porsgrunn til spor 2 er ute av drift.,general,normal,2026-09-05T08:24:10.398942+02:00
NSR:StopPlace:58819,Grua stasjon,2026-09-05T06:43:00+02:00,2026-09-05T06:46:18+02:00,2026-09-05T06:46:18+02:00,198.0,1,Oslo S,VYG:Line:R31,Skøyen-Jaren-Gjøvik,R31,rail,VYG:ServiceJourney:BUS-204_655089-R,True,actual,False,,,,,2026-09-05T08:24:10.398942+02:00
NSR:StopPlace:59958,Voss stasjon,2026-09-05T07:25:00+02:00,2026-09-05T07:28:17+02:00,2026-09-05T07:28:17+02:00,197.0,1,Bergen,VYG:Line:R40,Bergen-Voss-Myrdal-Ål,R40,rail,VYG:ServiceJourney:BUS-1811_659334-R,True,actual,False,,,,,2026-09-05T08:24:10.398942+02:00
NSR:StopPlace:59641,Fjellhamar stasjon,2026-09-05T06:33:00+02:00,2026-09-05T06:36:16+02:00,2026-09-05T06:36:16+02:00,196.0,1,Lillestrøm,VYG:Line:L1,Spikkestad-Oslo S-Lillestrøm,L1,rail,VYG:ServiceJourney:2206_443594-R,True,actual,False,,,,,2026-09-05T08:24:10.398942+02:00
NSR:StopPlace:59643,Grefsen stasjon,2026-09-05T07:11:00+02:00,2026-09-05T07:14:16+02:00,2026-09-05T07:14:16+02:00,196.0,1,Lysaker,RUT:Line:23,Lysaker - Simensbråten,23,bus,RUT:ServiceJourney:52278d73a3500f160396605489f686f6,True,actual,False,,,,,2026-09-05T08:24:10.398942+02:00
NSR:StopPlace:58855,Leirsund stasjon,2026-09-05T07:00:00+02:00,2026-09-05T07:03:16+02:00,2026-09-05T07:03:16+02:00,196.0,1,Dal,VYG:Line:R13,Drammen-Oslo S-Dal,R13,rail,VYG:ServiceJourney:1607_443224-R,True,actual,False,,,,,2026-09-05T08:24:10.398942+02:00
NSR:StopPlace:58804,Alvdal stasjon,2026-09-05T07:15:00+02:00,2026-09-05T07:18:16+02:00,2026-09-05T07:18:16+02:00,196.0,1,Hamar,SJN:Line:25,Rørosbanen,R60,rail,SJN:ServiceJourney:2380_37659-R,True,actual,False,,,,,2026-09-05T08:24:10.398942+02:00
NSR:StopPlace:59646,Høvik stasjon,2026-09-05T03:03:00+02:00,2026-09-05T03:06:16+02:00,2026-09-05T03:06:16+02:00,196.0,1,Sætre,RUT:Line:3250,Nationaltheatretl - Sandvika- Slemmestad- Sætre,250N,bus,RUT:ServiceJourney:97f1fa7344e48e956ed4f190f2a0c66d,True,actual,False,,,,,2026-09-05T03:37:34.550234+02:00
NSR:StopPlace:41,Hanaborg stasjon,2026-09-05T06:31:00+02:00,2026-09-05T06:34:15+02:00,2026-09-05T06:34:15+02:00,195.0,1,Lillestrøm,VYG:Line:L1,Spikkestad-Oslo S-Lillestrøm,L1,rail,VYG:ServiceJourney:2206_443594-R,True,actual,False,,,,,2026-09-05T08:24:10.398942+02:00
NSR:StopPlace:60047,Melhus skysstasjon,2026-09-05T07:53:00+02:00,2026-09-05T07:56:13+02:00,2026-09-05T07:56:13+02:00,193.0,1,Hesttrøa via Melhus skysstasjon,ATB:Line:2_82,Hesttrøa-Brekkåsen,82,bus,ATB:ServiceJourney:82_251215112550655_6008,True,actual,False,Linje 82 og 504,Avvikende kjøring for linje 82 og 504 pga Hølondvegen er stengt. ,general,normal,2026-09-05T08:24:10.398942+02:00
NSR:StopPlace:59977,Trondheim S,2026-09-05T07:11:00+02:00,2026-09-05T07:14:12+02:00,2026-09-05T07:14:12+02:00,192.0,1,Fortuna/Sæterb. via Strindheim,ATB:Line:2_10,Sæterbakken- Strindheim- Sentrum- Ratesvingen,10,bus,ATB:ServiceJourney:10_260311106204961_6005,True,actual,False,,,,,2026-09-05T08:24:10.398942+02:00
NSR:StopPlace:59646,Høvik stasjon,2026-09-05T07:40:00+02:00,2026-09-05T07:43:10+02:00,2026-09-05T07:43:10+02:00,190.0,1,Asker,RUT:Line:270,Asker - Sandvika (- Fornebu),270,bus,RUT:ServiceJourney:367e8284229102235e5235f5e54c362d,True,actual,False,,,,,2026-09-05T08:24:10.398942+02:00
NSR:StopPlace:59650,Nyland stasjon,2026-09-05T06:51:00+02:00,2026-09-05T06:54:10+02:00,2026-09-05T06:54:10+02:00,190.0,1,Lillestrøm,VYG:Line:L1,Spikkestad-Oslo S-Lillestrøm,L1,rail,VYG:ServiceJourney:2208_452017-R,True,actual,False,,,,,2026-09-05T08:24:10.398942+02:00
NSR:StopPlace:58834,Hokksund stasjon,2026-09-05T07:43:00+02:00,2026-09-05T07:46:10+02:00,2026-09-05T07:46:10+02:00,190.0,1,Bergen,VYG:Line:F4,Oslo S-Bergen,F4,rail,VYG:ServiceJourney:BUS-61_652380-R,True,actual,False,,,,,2026-09-05T08:24:10.398942+02:00
NSR:StopPlace:58848,Haga stasjon,2026-09-05T08:13:00+02:00,2026-09-05T08:16:10+02:00,2026-09-05T08:16:10+02:00,190.0,1,Asker,VYG:Line:R14,Asker-Oslo S-Kongsvinger,R14,rail,VYG:ServiceJourney:1008_442913-R,True,actual,False,,,,,2026-09-05T08:24:10.398942+02:00
NSR:StopPlace:58828,Roa stasjon,2026-09-05T07:22:00+02:00,2026-09-05T07:25:10+02:00,2026-09-05T07:25:10+02:00,190.0,1,Oslo S,VYG:Line:R31,Skøyen-Jaren-Gjøvik,R31,rail,VYG:ServiceJourney:BUS-206_655105-R,True,actual,False,,,,,2026-09-05T08:24:10.398942+02:00
NSR:StopPlace:58854,Langhus stasjon,2026-09-05T07:59:00+02:00,2026-09-05T08:02:09+02:00,2026-09-05T08:02:09+02:00,189.0,1,Bøleråsen,RUT:Line:510,Bøleråsen - Ski - Ås - Drøbak,510,bus,RUT:ServiceJourney:8ecd68515f1d9e3d9ebeab9c7c36c427,True,actual,False,,,,,2026-09-05T08:24:10.398942+02:00
NSR:StopPlace:58812,Os stasjon,2026-09-05T06:28:00+02:00,2026-09-05T06:31:08+02:00,2026-09-05T06:31:08+02:00,188.0,1,Hamar,SJN:Line:25,Rørosbanen,R60,rail,SJN:ServiceJourney:2380_37659-R,True,actual,False,,,,,2026-09-05T08:24:10.398942+02:00
NSR:StopPlace:59637,Rosenholm stasjon,2026-09-05T02:51:00+02:00,2026-09-05T02:54:08+02:00,2026-09-05T02:54:08+02:00,188.0,1,Nationaltheatret,RUT:Line:3983,Nationaltheatret - Fløysbonn,83N,bus,RUT:ServiceJourney:1b63879ee4902d0892373d94bba88e19,True,actual,False,,,,,2026-09-05T03:37:34.550234+02:00
NSR:StopPlace:59643,Grefsen stasjon,2026-09-05T08:11:00+02:00,2026-09-05T08:14:06+02:00,2026-09-05T08:14:06+02:00,186.0,1,Lysaker,RUT:Line:23,Lysaker - Simensbråten,23,bus,RUT:ServiceJourney:84b91ca5bc2c4af30c59fd20e420df0b,True,actual,False,,,,,2026-09-05T08:24:10.398942+02:00
NSR:StopPlace:58818,Gran stasjon,2026-09-05T05:14:00+02:00,2026-09-05T05:17:06+02:00,2026-09-05T05:17:06+02:00,186.0,1,Oslo S,VYG:Line:R31,Skøyen-Jaren-Gjøvik,R31,rail,VYG:ServiceJourney:BUS-202_655079-R,True,actual,False,,,,,2026-09-05T08:24:10.398942+02:00
NSR:StopPlace:59646,Høvik stasjon,2026-09-05T07:10:00+02:00,2026-09-05T07:13:05+02:00,2026-09-05T07:13:05+02:00,185.0,1,Asker,RUT:Line:270,Asker - Sandvika (- Fornebu),270,bus,RUT:ServiceJourney:f5259ef3d8e8e3206984cc35f585d569,True,actual,False,,,,,2026-09-05T08:24:10.398942+02:00
NSR:StopPlace:59616,Asker stasjon,2026-09-05T06:40:00+02:00,2026-09-05T06:43:05+02:00,2026-09-05T06:43:05+02:00,185.0,1,Fornebu,RUT:Line:270,Asker - Sandvika (- Fornebu),270,bus,RUT:ServiceJourney:80a2ff7c59834f6eb9040c98d3930e8b,True,actual,False,,,,,2026-09-05T08:24:10.398942+02:00
NSR:StopPlace:58861,Solbråtan stasjon,2026-09-05T07:41:00+02:00,2026-09-05T07:44:04+02:00,2026-09-05T07:44:04+02:00,184.0,1,Tårnåsen,RUT:Line:83,Jernbanetorget - Tårnåsen,83,bus,RUT:ServiceJourney:307527b10a4512a01d66285d1dc03904,True,actual,False,Linje 80E og 83 får Hausmanns bru som ny endeholdeplass fra 29. juni,"Bussene stopper ikke på Jernbanetorget etter 29. juni, men starter og stopper på Hausmanns bru i Nylandsveien.",incident,normal,2026-09-05T08:24:10.398942+02:00
NSR:StopPlace:313,Høybråten stasjon,2026-09-05T06:27:00+02:00,2026-09-05T06:30:03+02:00,2026-09-05T06:30:03+02:00,183.0,1,Lillestrøm,VYG:Line:L1,Spikkestad-Oslo S-Lillestrøm,L1,rail,VYG:ServiceJourney:2206_443594-R,True,actual,False,,,,,2026-09-05T08:24:10.398942+02:00
NSR:StopPlace:58839,Steinberg stasjon,2026-09-05T07:05:00+02:00,2026-09-05T07:08:02+02:00,2026-09-05T07:08:02+02:00,182.0,1,Drammen via Mjøndalen,BRA:Line:4_6101,Drammen-Vikersund/Hønefoss,101,bus,BRA:ServiceJourney:6101_260415100161287_6002,True,actual,False,,,,,2026-09-05T08:24:10.398942+02:00
NSR:StopPlace:58964,Kløfta stasjon,2026-09-05T07:14:00+02:00,2026-09-05T07:17:01+02:00,2026-09-05T07:17:01+02:00,181.0,1,Drammen,VYG:Line:R13,Drammen-Oslo S-Dal,R13,rail,VYG:ServiceJourney:1610_443230-R,True,actual,False,,,,,2026-09-05T08:24:10.398942+02:00
NSR:StopPlace:58876,Tønsberg stasjon,2026-09-05T08:08:00+02:00,2026-09-05T08:11:01+02:00,2026-09-05T08:11:01+02:00,181.0,1,Drammen,VYG:Line:RE11,Eidsvoll-Oslo S-Skien,RE11,rail,VYG:ServiceJourney:BUS-808_654237-R,True,actual,False,,,,,2026-09-05T08:24:10.398942+02:00
NSR:StopPlace:62094,Lindeberg stasjon,2026-09-05T07:07:00+02:00,2026-09-05T07:10:01+02:00,2026-09-05T07:10:01+02:00,181.0,1,Dal,VYG:Line:R13,Drammen-Oslo S-Dal,R13,rail,VYG:ServiceJourney:1607_443224-R,True,actual,False,,,,,2026-09-05T08:24:10.398942+02:00
NSR:StopPlace:59648,Kjelsås stasjon,2026-09-05T07:23:00+02:00,2026-09-05T07:26:00+02:00,2026-09-05T07:26:00+02:00,180.0,1,Snippen,VYG:Line:R31,Skøyen-Jaren-Gjøvik,R31,rail,VYG:ServiceJourney:BUS-205_655097-R,True,actual,False,,,,,2026-09-05T08:24:10.398942+02:00
NSR:StopPlace:62392,Slependen stasjon,2026-09-05T08:03:00+02:00,2026-09-05T08:06:00+02:00,2026-09-05T08:06:00+02:00,180.0,1,Spikkestad,VYG:Line:L1,Spikkestad-Oslo S-Lillestrøm,L1,rail,VYG:ServiceJourney:2211_443602-R,True,actual,False,,,,,2026-09-05T08:24:10.398942+02:00
NSR:StopPlace:58843,Blommenholm stasjon,2026-09-05T07:58:00+02:00,2026-09-05T08:00:59+02:00,2026-09-05T08:00:59+02:00,179.0,1,Spikkestad,VYG:Line:L1,Spikkestad-Oslo S-Lillestrøm,L1,rail,VYG:ServiceJourney:2211_443602-R,True,actual,False,,,,,2026-09-05T08:24:10.398942+02:00
NSR:StopPlace:58855,Leirsund stasjon,2026-09-05T07:26:00+02:00,2026-09-05T07:28:59+02:00,2026-09-05T07:28:59+02:00,179.0,1,Drammen,VYG:Line:R13,Drammen-Oslo S-Dal,R13,rail,VYG:ServiceJourney:1610_443230-R,True,actual,False,,,,,2026-09-05T08:24:10.398942+02:00
NSR:StopPlace:58857,Lørenskog stasjon,2026-09-05T06:29:00+02:00,2026-09-05T06:31:59+02:00,2026-09-05T06:31:59+02:00,179.0,1,Lillestrøm,VYG:Line:L1,Spikkestad-Oslo S-Lillestrøm,L1,rail,VYG:ServiceJourney:2206_443594-R,True,actual,False,,,,,2026-09-05T08:24:10.398942+02:00
NSR:StopPlace:62380,Røra stasjon,2026-09-05T07:49:00+02:00,2026-09-05T07:51:59+02:00,2026-09-05T07:51:59+02:00,179.0,1,Lundamo,SJN:Line:26,Trønderbanen,R70,rail,SJN:ServiceJourney:426_56055-R,True,actual,False,,,,,2026-09-05T08:24:10.398942+02:00
NSR:StopPlace:60944,Ski stasjon,2026-09-05T06:32:00+02:00,2026-09-05T06:34:58+02:00,2026-09-05T06:34:58+02:00,178.0,1,Oslo S,VYG:Line:R22,Skøyen-Oslo S-Mysen-Rakkestad,R22,rail,VYG:ServiceJourney:1906_443441-R,True,actual,False,,,,,2026-09-05T08:24:10.398942+02:00
NSR:StopPlace:58868,Årnes stasjon,2026-09-05T07:51:00+02:00,2026-09-05T07:53:58+02:00,2026-09-05T07:53:58+02:00,178.0,1,Kongsvinger,VYG:Line:R14,Asker-Oslo S-Kongsvinger,R14,rail,VYG:ServiceJourney:1005_442910-R,True,actual,False,,,,,2026-09-05T08:24:10.398942+02:00
NSR:StopPlace:58825,Raufoss stasjon,2026-09-05T06:23:00+02:00,2026-09-05T06:25:58+02:00,2026-09-05T06:25:58+02:00,178.0,1,Oslo S,VYG:Line:R31,Skøyen-Jaren-Gjøvik,R31,rail,VYG:ServiceJourney:BUS-206_655105-R,True,actual,False,,,,,2026-09-05T08:24:10.398942+02:00
NSR:StopPlace:708,Stange stasjon,2026-09-05T07:20:00+02:00,2026-09-05T07:22:56+02:00,2026-09-05T07:22:56+02:00,176.0,1,Drammen,VYG:Line:RE10,Drammen-Oslo S-Lillehammer,RE10,rail,VYG:ServiceJourney:306-HHS_487830-R,True,actual,False,,,,,2026-09-05T08:24:10.398942+02:00
NSR:StopPlace:60047,Melhus skysstasjon,2026-09-05T06:53:00+02:00,2026-09-05T06:55:55+02:00,2026-09-05T06:55:55+02:00,175.0,1,Hesttrøa via Melhus skysstasjon,ATB:Line:2_82,Hesttrøa-Brekkåsen,82,bus,ATB:ServiceJourney:82_251215112550665_6004,True,actual,False,Linje 82 og 504,Avvikende kjøring for linje 82 og 504 pga Hølondvegen er stengt. ,general,normal,2026-09-05T08:24:10.398942+02:00
NSR:StopPlace:62308,Alna stasjon,2026-09-05T06:48:00+02:00,2026-09-05T06:50:55+02:00,2026-09-05T06:50:55+02:00,175.0,1,Lillestrøm,VYG:Line:L1,Spikkestad-Oslo S-Lillestrøm,L1,rail,VYG:ServiceJourney:2208_452017-R,True,actual,False,,,,,2026-09-05T08:24:10.398942+02:00
NSR:StopPlace:59637,Rosenholm stasjon,2026-09-05T02:21:00+02:00,2026-09-05T02:23:55+02:00,2026-09-05T02:23:55+02:00,175.0,1,Nationaltheatret,RUT:Line:3983,Nationaltheatret - Fløysbonn,83N,bus,RUT:ServiceJourney:ae3a197b7a5156f5ed66e8534133717d,True,actual,False,,,,,2026-09-05T03:37:34.550234+02:00
NSR:StopPlace:59646,Høvik stasjon,2026-09-05T07:56:00+02:00,2026-09-05T07:58:51+02:00,2026-09-05T07:58:51+02:00,171.0,1,Spikkestad,VYG:Line:L1,Spikkestad-Oslo S-Lillestrøm,L1,rail,VYG:ServiceJourney:2211_443602-R,True,actual,False,,,,,2026-09-05T08:24:10.398942+02:00
NSR:StopPlace:58814,Tolga stasjon,2026-09-05T06:41:00+02:00,2026-09-05T06:43:51+02:00,2026-09-05T06:43:51+02:00,171.0,1,Hamar,SJN:Line:25,Rørosbanen,R60,rail,SJN:ServiceJourney:2380_37659-R,True,actual,False,,,,,2026-09-05T08:24:10.398942+02:00
NSR:StopPlace:58819,Grua stasjon,2026-09-05T05:33:00+02:00,2026-09-05T05:35:51+02:00,2026-09-05T05:35:51+02:00,171.0,1,Oslo S,VYG:Line:R31,Skøyen-Jaren-Gjøvik,R31,rail,VYG:ServiceJourney:BUS-202_655079-R,True,actual,False,,,,,2026-09-05T08:24:10.398942+02:00
NSR:StopPlace:59652,Tøyen stasjon,2026-09-05T06:44:00+02:00,2026-09-05T06:46:50+02:00,2026-09-05T06:46:50+02:00,170.0,1,Vippetangen,RUT:Line:60,Vippetangen-Tonsenhagen,60,bus,RUT:ServiceJourney:ac7dbae34d5ea29ac328c8cbf04aacc0,True,actual,False,,,,,2026-09-05T08:24:10.398942+02:00
NSR:StopPlace:59653,Haugenstua stasjon,2026-09-05T06:25:00+02:00,2026-09-05T06:27:50+02:00,2026-09-05T06:27:50+02:00,170.0,1,Lillestrøm,VYG:Line:L1,Spikkestad-Oslo S-Lillestrøm,L1,rail,VYG:ServiceJourney:2206_443594-R,True,actual,False,,,,,2026-09-05T08:24:10.398942+02:00
NSR:StopPlace:58811,Moelv stasjon,2026-09-05T06:37:00+02:00,2026-09-05T06:39:49+02:00,2026-09-05T06:39:49+02:00,169.0,1,Drammen,VYG:Line:RE10,Drammen-Oslo S-Lillehammer,RE10,rail,VYG:ServiceJourney:306-HHS_487830-R,True,actual,False,,,,,2026-09-05T08:24:10.398942+02:00
NSR:StopPlace:59261,Trondheim lufthavn,2026-09-05T07:50:00+02:00,2026-09-05T07:52:48+02:00,2026-09-05T07:52:48+02:00,168.0,1,Marienborg via Brattøra,ATB:Line:2_70,Stjørdal/Hommelvik- Trondheim,70,bus,ATB:ServiceJourney:70_251215112547011_6012,True,actual,False,,,,,2026-09-05T08:24:10.398942+02:00
NSR:StopPlace:58823,Jaren stasjon,2026-09-05T06:10:00+02:00,2026-09-05T06:12:47+02:00,2026-09-05T06:12:47+02:00,167.0,1,Bleiken,VYG:Line:R31,Skøyen-Jaren-Gjøvik,R31,rail,VYG:ServiceJourney:BUS-204_655088-R,True,actual,False,,,,,2026-09-05T08:24:10.398942+02:00
NSR:StopPlace:59952,Drammen stasjon,2026-09-05T07:20:00+02:00,2026-09-05T07:22:46+02:00,2026-09-05T07:22:46+02:00,166.0,1,Bergen,VYG:Line:F4,Oslo S-Bergen,F4,rail,VYG:ServiceJourney:BUS-61_652379-R,True,actual,False,,,,,2026-09-05T08:24:10.398942+02:00
NSR:StopPlace:58790,Verdal stasjon,2026-09-05T07:57:00+02:00,2026-09-05T07:59:46+02:00,2026-09-05T07:59:46+02:00,166.0,1,Lundamo,SJN:Line:26,Trønderbanen,R70,rail,SJN:ServiceJourney:426_56055-R,True,actual,False,,,,,2026-09-05T08:24:10.398942+02:00
NSR:StopPlace:6,Greverud stasjon,2026-09-05T06:18:00+02:00,2026-09-05T06:20:45+02:00,2026-09-05T06:20:45+02:00,165.0,1,Stabekk,VYG:Line:L2,Stabekk-Oslo S-Ski,L2,rail,VYG:ServiceJourney:2710-SKI_443916-R,True,actual,False,,,,,2026-09-05T08:24:10.398942+02:00
NSR:StopPlace:59651,Skøyen stasjon,2026-09-05T06:41:00+02:00,2026-09-05T06:43:45+02:00,2026-09-05T06:43:45+02:00,165.0,1,Skøyen,RUT:Line:3013,Buss for linje 13,13B,bus,RUT:ServiceJourney:c08895f7b1cb0946b772ead13719b609,True,actual,False,Linje 13: Buss for trikk mellom Thune og Lilleaker ,Vi kjører buss for trikk (linje 13B) mellom Thune og Lilleaker. Bussen stopper ikke på Sollerud. 13B betjener Thune fra midlertidig holdeplass i Drammensveien,incident,normal,2026-09-05T08:24:10.398942+02:00
NSR:StopPlace:58856,Lysaker stasjon,2026-09-05T06:43:00+02:00,2026-09-05T06:45:45+02:00,2026-09-05T06:45:45+02:00,165.0,1,Nationaltheatret,RUT:Line:250,Sætre - Slemmestad - Nationaltheatret,250,bus,RUT:ServiceJourney:a384eeb50d7d95c2c94ed614a726d356,True,actual,False,,,,,2026-09-05T08:24:10.398942+02:00
NSR:StopPlace:4,Otta stasjon,2026-09-05T03:11:00+02:00,2026-09-05T03:13:45+02:00,2026-09-05T03:13:45+02:00,165.0,1,Oslo S,SJN:Line:21,Dovrebanen,F6,rail,SJN:ServiceJourney:406-TND_30133-R,True,actual,False,,,,,2026-09-05T03:37:34.550234+02:00
NSR:StopPlace:59642,Rånåsfoss stasjon,2026-09-05T08:18:00+02:00,2026-09-05T08:20:42+02:00,2026-09-05T08:20:42+02:00,162.0,1,Asker,VYG:Line:R14,Asker-Oslo S-Kongsvinger,R14,rail,VYG:ServiceJourney:1008_442913-R,True,actual,False,,,,,2026-09-05T08:24:10.398942+02:00
NSR:StopPlace:58862,Strømmen stasjon,2026-09-05T06:58:00+02:00,2026-09-05T07:00:42+02:00,2026-09-05T07:00:42+02:00,162.0,1,Lørenskog sentrum,RUT:Line:385,Nittedal stasjon - Olavsgaard - Ahus,385,bus,RUT:ServiceJourney:e8376c6152dec9c2373e0d469eef36af,True,actual,False,,,,,2026-09-05T08:24:10.398942+02:00
NSR:StopPlace:59650,Nyland stasjon,2026-09-05T07:22:00+02:00,2026-09-05T07:24:41+02:00,2026-09-05T07:24:41+02:00,161.0,1,Oslo lufthavn,NBU:Line:cb7b555c-f96e-42d5-84bf-a5e08c0145c2,Radiumhospitalet via Økern-Storo-Tåsen,FB3,bus,NBU:ServiceJourney:7b1f4fad-f0d4-444f-93a5-deb16c645ddc,True,actual,False,,,,,2026-09-05T08:24:10.398942+02:00
NSR:StopPlace:59652,Tøyen stasjon,2026-09-05T08:14:00+02:00,2026-09-05T08:16:41+02:00,2026-09-05T08:16:41+02:00,161.0,1,Vippetangen,RUT:Line:60,Vippetangen-Tonsenhagen,60,bus,RUT:ServiceJourney:5167bf4d0bcc6ea300f76e271dea9419,True,actual,False,,,,,2026-09-05T08:24:10.398942+02:00
NSR:StopPlace:59651,Skøyen stasjon,2026-09-05T06:26:00+02:00,2026-09-05T06:28:40+02:00,2026-09-05T06:28:40+02:00,160.0,1,Skøyen,RUT:Line:3013,Buss for linje 13,13B,bus,RUT:ServiceJourney:3433b1bb921e9d995d1f61993146c472,True,actual,False,Linje 13: Buss for trikk mellom Thune og Lilleaker ,Vi kjører buss for trikk (linje 13B) mellom Thune og Lilleaker. Bussen stopper ikke på Sollerud. 13B betjener Thune fra midlertidig holdeplass i Drammensveien,incident,normal,2026-09-05T08:24:10.398942+02:00
NSR:StopPlace:59952,Drammen stasjon,2026-09-05T07:20:00+02:00,2026-09-05T07:22:40+02:00,2026-09-05T07:22:40+02:00,160.0,1,Bergen,VYG:Line:F4,Oslo S-Bergen,F4,rail,VYG:ServiceJourney:BUS-61_652380-R,True,actual,False,,,,,2026-09-05T08:24:10.398942+02:00
NSR:StopPlace:58834,Hokksund stasjon,2026-09-05T07:43:00+02:00,2026-09-05T07:45:39+02:00,2026-09-05T07:45:39+02:00,159.0,1,Bergen,VYG:Line:F4,Oslo S-Bergen,F4,rail,VYG:ServiceJourney:BUS-61_652379-R,True,actual,False,,,,,2026-09-05T08:24:10.398942+02:00
NSR:StopPlace:62339,Lillestrøm stasjon,2026-09-05T06:30:00+02:00,2026-09-05T06:32:39+02:00,2026-09-05T06:32:39+02:00,159.0,1,Oslo Lufthavn,FLT:Line:FLY1,FLY1,FLY1,rail,FLT:ServiceJourney:1-2614-3711-20260905,True,actual,False,Heis i spor 1 og 2 er ute av bruk på grunn av vedlikehold.,Heis i spor 1 og 2 er ute av bruk på grunn av vedlikehold.,general,normal,2026-09-05T08:24:10.398942+02:00
NSR:StopPlace:58853,Kolbotn stasjon,2026-09-05T07:37:00+02:00,2026-09-05T07:39:38+02:00,2026-09-05T07:39:38+02:00,158.0,1,Tårnåsen,RUT:Line:83,Jernbanetorget - Tårnåsen,83,bus,RUT:ServiceJourney:307527b10a4512a01d66285d1dc03904,True,actual,False,Linje 80E og 83 får Hausmanns bru som ny endeholdeplass fra 29. juni,"Bussene stopper ikke på Jernbanetorget etter 29. juni, men starter og stopper på Hausmanns bru i Nylandsveien.",incident,normal,2026-09-05T08:24:10.398942+02:00
NSR:StopPlace:61897,Bryn stasjon,2026-09-05T06:45:00+02:00,2026-09-05T06:47:36+02:00,2026-09-05T06:47:36+02:00,156.0,1,Lillestrøm,VYG:Line:L1,Spikkestad-Oslo S-Lillestrøm,L1,rail,VYG:ServiceJourney:2208_452017-R,True,actual,False,,,,,2026-09-05T08:24:10.398942+02:00
NSR:StopPlace:58930,Larvik stasjon,2026-09-05T07:50:00+02:00,2026-09-05T07:52:35+02:00,2026-09-05T07:52:35+02:00,155.0,1,Larvik-Sandefjord,VKT:Line:4,Torp-Sandefjord-Larvik-Stavern,4,bus,VKT:ServiceJourney:17719,True,actual,False,,,,,2026-09-05T08:24:10.398942+02:00
NSR:StopPlace:58847,Frogner stasjon,2026-09-05T08:13:00+02:00,2026-09-05T08:15:34+02:00,2026-09-05T08:15:34+02:00,154.0,1,Skedsmokorset,RUT:Line:365,Sørumsand - Frogner - Skedsmokorset,365,bus,RUT:ServiceJourney:c8fbcc97d3836fcc0bf1c118f1f687dd,True,actual,False,,,,,2026-09-05T08:24:10.398942+02:00
NSR:StopPlace:59620,Grorud stasjon,2026-09-05T06:23:00+02:00,2026-09-05T06:25:33+02:00,2026-09-05T06:25:33+02:00,153.0,1,Lillestrøm,VYG:Line:L1,Spikkestad-Oslo S-Lillestrøm,L1,rail,VYG:ServiceJourney:2206_443594-R,True,actual,False,,,,,2026-09-05T08:24:10.398942+02:00
NSR:StopPlace:58857,Lørenskog stasjon,2026-09-05T07:07:00+02:00,2026-09-05T07:09:32+02:00,2026-09-05T07:09:32+02:00,152.0,1,Nesåsen,RUT:Line:120,Nesåsen - Stovner,120,bus,RUT:ServiceJourney:e20dd93252850979ec9e2471cde6cc81,True,actual,False,,,,,2026-09-05T08:24:10.398942+02:00
NSR:StopPlace:610,Sandvika stasjon,2026-09-05T08:01:00+02:00,2026-09-05T08:03:32+02:00,2026-09-05T08:03:32+02:00,152.0,1,Spikkestad,VYG:Line:L1,Spikkestad-Oslo S-Lillestrøm,L1,rail,VYG:ServiceJourney:2211_443602-R,True,actual,False,,,,,2026-09-05T08:24:10.398942+02:00
NSR:StopPlace:58813,Skarnes stasjon,2026-09-05T05:50:00+02:00,2026-09-05T05:52:31+02:00,2026-09-05T05:52:31+02:00,151.0,1,Asker,VYG:Line:R14,Asker-Oslo S-Kongsvinger,R14,rail,VYG:ServiceJourney:1004_442909-R,True,actual,False,,,,,2026-09-05T08:24:10.398942+02:00
NSR:StopPlace:59643,Grefsen stasjon,2026-09-05T08:11:00+02:00,2026-09-05T08:13:30+02:00,2026-09-05T08:13:30+02:00,150.0,1,Gaustadalléen,RUT:Line:18,Grefsen st [4311] - Rikshospitalet,18,tram,RUT:ServiceJourney:9b1a7d8f200cc8d0fe12e41c51851d0b,True,actual,False,,,,,2026-09-05T08:24:10.398942+02:00
NSR:StopPlace:59638,Myrvoll stasjon,2026-09-05T03:19:00+02:00,2026-09-05T03:21:30+02:00,2026-09-05T03:21:30+02:00,150.0,1,Nationaltheatret,RUT:Line:3981,Nationaltheatret - Ski,81N,bus,RUT:ServiceJourney:94e755a5c2d91f613a523f300e5187bc,True,actual,False,,,,,2026-09-05T03:37:34.550234+02:00
NSR:StopPlace:58921,Vennesla stasjon,2026-09-05T02:41:00+02:00,2026-09-05T02:43:30+02:00,2026-09-05T02:43:30+02:00,150.0,1,Vennesla - Grovane st. via Moseidmoen,AKT:Line:9030,Kristiansand-Mosby-Vennesla,N30,bus,AKT:ServiceJourney:75054_5941_49_189000_191400_40001566,True,actual,False,,,,,2026-09-05T03:37:34.550234+02:00
NSR:StopPlace:58925,Gausel stasjon,2026-09-05T08:15:00+02:00,2026-09-05T08:17:29+02:00,2026-09-05T08:17:29+02:00,149.0,1,Vardenes via UiS-Stavanger,KOL:Line:8_1007,6,6,bus,KOL:ServiceJourney:1007_260729080906932_4004,True,actual,False,,,,,2026-09-05T08:24:10.398942+02:00
NSR:StopPlace:17,Ringebu stasjon,2026-09-05T06:32:00+02:00,2026-09-05T06:34:27+02:00,2026-09-05T06:34:27+02:00,147.0,1,Drammen,VYG:Line:RE10,Drammen-Oslo S-Lillehammer,RE10,rail,VYG:ServiceJourney:358-DOM_621902-R,True,actual,False,,,,,2026-09-05T08:24:10.398942+02:00
NSR:StopPlace:59642,Rånåsfoss stasjon,2026-09-05T06:16:00+02:00,2026-09-05T06:18:26+02:00,2026-09-05T06:18:26+02:00,146.0,1,Asker,VYG:Line:R14,Asker-Oslo S-Kongsvinger,R14,rail,VYG:ServiceJourney:1004_442909-R,True,actual,False,,,,,2026-09-05T08:24:10.398942+02:00
NSR:StopPlace:59977,Trondheim S,2026-09-05T06:54:00+02:00,2026-09-05T06:56:26+02:00,2026-09-05T06:56:26+02:00,146.0,1,Pirbadet,ATB:Line:2_21,Brattøra- Sentrum- Trolla,21,bus,ATB:ServiceJourney:21_251215112549347_6003,True,actual,False,,,,,2026-09-05T08:24:10.398942+02:00
NSR:StopPlace:58874,Stokke stasjon,2026-09-05T06:58:00+02:00,2026-09-05T07:00:26+02:00,2026-09-05T07:00:26+02:00,146.0,1,Sande,VYG:Line:RE11,Eidsvoll-Oslo S-Skien,RE11,rail,VYG:ServiceJourney:BUS-806_654220-R,True,actual,False,,,,,2026-09-05T08:24:10.398942+02:00
NSR:StopPlace:58854,Langhus stasjon,2026-09-05T02:08:00+02:00,2026-09-05T02:10:26+02:00,2026-09-05T02:10:26+02:00,146.0,1,Bøleråsen,RUT:Line:510,Bøleråsen - Ski - Ås - Drøbak,510,bus,RUT:ServiceJourney:6cb4c916e552fb6aa4449f0edf30cbf3,True,actual,False,,,,,2026-09-05T03:37:34.550234+02:00
NSR:StopPlace:61315,Nerdrum stasjon,2026-09-05T08:20:00+02:00,2026-09-05T08:22:25+02:00,2026-09-05T08:22:25+02:00,145.0,1,Kongsvinger,VYG:Line:R14,Asker-Oslo S-Kongsvinger,R14,rail,VYG:ServiceJourney:1007_442912-R,True,actual,False,,,,,2026-09-05T08:24:10.398942+02:00
NSR:StopPlace:62393,Billingstad stasjon,2026-09-05T08:06:00+02:00,2026-09-05T08:08:24+02:00,2026-09-05T08:08:24+02:00,144.0,1,Spikkestad,VYG:Line:L1,Spikkestad-Oslo S-Lillestrøm,L1,rail,VYG:ServiceJourney:2211_443602-R,True,actual,False,,,,,2026-09-05T08:24:10.398942+02:00
NSR:StopPlace:59649,Nydalen stasjon,2026-09-05T07:03:00+02:00,2026-09-05T07:05:22+02:00,2026-09-05T07:05:22+02:00,142.0,1,Oslo lufthavn,NBU:Line:cb7b555c-f96e-42d5-84bf-a5e08c0145c2,Radiumhospitalet via Økern-Storo-Tåsen,FB3,bus,NBU:ServiceJourney:7b1f4fad-f0d4-444f-93a5-deb16c645ddc,True,actual,False,,,,,2026-09-05T08:24:10.398942+02:00
NSR:StopPlace:58404,Nationaltheatret,2026-09-05T05:53:00+02:00,2026-09-05T05:55:22+02:00,2026-09-05T05:55:22+02:00,142.0,1,Oslo Lufthavn,FLT:Line:FLY1,FLY1,FLY1,rail,FLT:ServiceJourney:1-2614-3709-20260905,True,actual,False,,,,,2026-09-05T08:24:10.398942+02:00
NSR:StopPlace:59872,Oslo S,2026-09-05T07:41:00+02:00,2026-09-05T07:43:20+02:00,2026-09-05T07:43:20+02:00,140.0,1,Spikkestad,VYG:Line:L1,Spikkestad-Oslo S-Lillestrøm,L1,rail,VYG:ServiceJourney:2211_443602-R,True,actual,False,,,,,2026-09-05T08:24:10.398942+02:00
NSR:StopPlace:60640,Heimdal stasjon,2026-09-05T06:46:00+02:00,2026-09-05T06:48:20+02:00,2026-09-05T06:48:20+02:00,140.0,1,Strindheim via Kolstad-sentrum,ATB:Line:2_2,Strindheim- Lade- sentrum- Sau,2,bus,ATB:ServiceJourney:2_251215112549995_6005,True,actual,False,,,,,2026-09-05T08:24:10.398942+02:00
NSR:StopPlace:58870,Holmestrand stasjon,2026-09-05T07:45:00+02:00,2026-09-05T07:47:20+02:00,2026-09-05T07:47:20+02:00,140.0,1,Horten-Tønsberg,VKT:Line:2,Tjøme-Tønsberg-Horten-Holmestr,2,bus,VKT:ServiceJourney:15867,True,actual,False,Forsinkelser Linje 2 og 411,Pga. veiarbeid i Horten sentrum vil det kunne oppstå forsinkelser på busser i tidsrommet 3.-11. september. ,incident,normal,2026-09-05T08:24:10.398942+02:00
NSR:StopPlace:58853,Kolbotn stasjon,2026-09-05T02:08:00+02:00,2026-09-05T02:10:20+02:00,2026-09-05T02:10:20+02:00,140.0,1,Nationaltheatret,RUT:Line:3983,Nationaltheatret - Fløysbonn,83N,bus,RUT:ServiceJourney:ae3a197b7a5156f5ed66e8534133717d,True,actual,False,,,,,2026-09-05T03:37:34.550234+02:00
NSR:StopPlace:59647,Dal stasjon,2026-09-05T07:41:00+02:00,2026-09-05T07:43:18+02:00,2026-09-05T07:43:18+02:00,138.0,1,Jessheim,RUT:Line:430,Eidsvoll - Jessheim,430,bus,RUT:ServiceJourney:eb7358736f1db552814e0e98c67ffa9a,True,actual,False,,,,,2026-09-05T08:24:10.398942+02:00
NSR:StopPlace:59649,Nydalen stasjon,2026-09-05T07:16:00+02:00,2026-09-05T07:18:18+02:00,2026-09-05T07:18:18+02:00,138.0,1,Lysaker,RUT:Line:23,Lysaker - Simensbråten,23,bus,RUT:ServiceJourney:52278d73a3500f160396605489f686f6,True,actual,False,,,,,2026-09-05T08:24:10.398942+02:00
NSR:StopPlace:59636,Holmlia stasjon,2026-09-05T06:36:00+02:00,2026-09-05T06:38:18+02:00,2026-09-05T06:38:18+02:00,138.0,1,Krummedike,RUT:Line:2077,Holmlia stasjon - Asperudåsen,77B,bus,RUT:ServiceJourney:12322c97f627611f8a0be1c4edca102c,True,actual,False,,,,,2026-09-05T08:24:10.398942+02:00
NSR:StopPlace:58825,Raufoss stasjon,2026-09-05T07:23:00+02:00,2026-09-05T07:25:18+02:00,2026-09-05T07:25:18+02:00,138.0,1,Oslo S,VYG:Line:R31,Skøyen-Jaren-Gjøvik,R31,rail,VYG:ServiceJourney:BUS-208_655124-R,True,actual,False,,,,,2026-09-05T08:24:10.398942+02:00
NSR:StopPlace:59650,Nyland stasjon,2026-09-05T05:52:00+02:00,2026-09-05T05:54:17+02:00,2026-09-05T05:54:17+02:00,137.0,1,Oslo lufthavn,NBU:Line:cb7b555c-f96e-42d5-84bf-a5e08c0145c2,Radiumhospitalet via Økern-Storo-Tåsen,FB3,bus,NBU:ServiceJourney:3121e207-6839-438e-a24e-a659162dd02c,True,actual,False,,,,,2026-09-05T08:24:10.398942+02:00
NSR:StopPlace:58860,Oppegård stasjon,2026-09-05T06:16:00+02:00,2026-09-05T06:18:17+02:00,2026-09-05T06:18:17+02:00,137.0,1,Stabekk,VYG:Line:L2,Stabekk-Oslo S-Ski,L2,rail,VYG:ServiceJourney:2710-SKI_443916-R,True,actual,False,,,,,2026-09-05T08:24:10.398942+02:00
NSR:StopPlace:58871,Sande stasjon,2026-09-05T08:20:00+02:00,2026-09-05T08:22:17+02:00,2026-09-05T08:22:17+02:00,137.0,1,Stokke,VYG:Line:RE11,Eidsvoll-Oslo S-Skien,RE11,rail,VYG:ServiceJourney:BUS-807_654227-R,True,actual,False,,,,,2026-09-05T08:24:10.398942+02:00
NSR:StopPlace:62349,Kvam stasjon,2026-09-05T06:07:00+02:00,2026-09-05T06:09:17+02:00,2026-09-05T06:09:17+02:00,137.0,1,Drammen,VYG:Line:RE10,Drammen-Oslo S-Lillehammer,RE10,rail,VYG:ServiceJourney:358-DOM_621902-R,True,actual,False,,,,,2026-09-05T08:24:10.398942+02:00
NSR:StopPlace:58860,Oppegård stasjon,2026-09-05T03:13:00+02:00,2026-09-05T03:15:17+02:00,2026-09-05T03:15:17+02:00,137.0,1,Nationaltheatret,RUT:Line:3981,Nationaltheatret - Ski,81N,bus,RUT:ServiceJourney:94e755a5c2d91f613a523f300e5187bc,True,actual,False,,,,,2026-09-05T03:37:34.550234+02:00
NSR:StopPlace:59654,Stabekk stasjon,2026-09-05T07:54:00+02:00,2026-09-05T07:56:16+02:00,2026-09-05T07:56:16+02:00,136.0,1,Spikkestad,VYG:Line:L1,Spikkestad-Oslo S-Lillestrøm,L1,rail,VYG:ServiceJourney:2211_443602-R,True,actual,False,,,,,2026-09-05T08:24:10.398942+02:00
NSR:StopPlace:58964,Kløfta stasjon,2026-09-05T07:51:00+02:00,2026-09-05T07:53:16+02:00,2026-09-05T07:53:16+02:00,136.0,1,Kløfta,RUT:Line:425,Kløfta – Oslo lufthavn,425,bus,RUT:ServiceJourney:8533c0d93e5d9b0cc9a675e5464930c9,True,actual,False,,,,,2026-09-05T08:24:10.398942+02:00
NSR:StopPlace:58860,Oppegård stasjon,2026-09-05T02:13:00+02:00,2026-09-05T02:15:15+02:00,2026-09-05T02:15:15+02:00,135.0,1,Nationaltheatret,RUT:Line:3981,Nationaltheatret - Ski,81N,bus,RUT:ServiceJourney:c01ec3653578680fac50bb15e500749b,True,actual,False,,,,,2026-09-05T03:37:34.550234+02:00
NSR:StopPlace:59650,Nyland stasjon,2026-09-05T07:51:00+02:00,2026-09-05T07:53:14+02:00,2026-09-05T07:53:14+02:00,134.0,1,Lillestrøm,VYG:Line:L1,Spikkestad-Oslo S-Lillestrøm,L1,rail,VYG:ServiceJourney:2212_443603-R,True,actual,False,,,,,2026-09-05T08:24:10.398942+02:00
NSR:StopPlace:59952,Drammen stasjon,2026-09-05T06:22:00+02:00,2026-09-05T06:24:14+02:00,2026-09-05T06:24:14+02:00,134.0,1,Tønsberg,VYG:Line:RE11,Eidsvoll-Oslo S-Skien,RE11,rail,VYG:ServiceJourney:BUS-883_654493-R,True,actual,False,,,,,2026-09-05T08:24:10.398942+02:00
NSR:StopPlace:59977,Trondheim S,2026-09-05T06:52:00+02:00,2026-09-05T06:54:14+02:00,2026-09-05T06:54:14+02:00,134.0,1,Lund via Kolstad-Heimdal,ATB:Line:2_2,Strindheim- Lade- sentrum- Sau,2,bus,ATB:ServiceJourney:2_251215112550141_6006,True,actual,False,,,,,2026-09-05T08:24:10.398942+02:00
NSR:StopPlace:59616,Asker stasjon,2026-09-05T07:20:00+02:00,2026-09-05T07:22:14+02:00,2026-09-05T07:22:14+02:00,134.0,1,Hyggen,RUT:Line:260,Hyggen - Bråset -Slemmestad (- Asker),260,bus,RUT:ServiceJourney:a9aacce0c979a6220098929051ccbee6,True,actual,False,,,,,2026-09-05T08:24:10.398942+02:00
NSR:StopPlace:58847,Frogner stasjon,2026-09-05T07:13:00+02:00,2026-09-05T07:15:14+02:00,2026-09-05T07:15:14+02:00,134.0,1,Skedsmokorset,RUT:Line:365,Sørumsand - Frogner - Skedsmokorset,365,bus,RUT:ServiceJourney:5a7b4a7f56934ecef1f70b382e4d2a76,True,actual,False,,,,,2026-09-05T08:24:10.398942+02:00
NSR:StopPlace:58807,Hanestad stasjon,2026-09-05T07:42:00+02:00,2026-09-05T07:44:14+02:00,2026-09-05T07:44:14+02:00,134.0,1,Hamar,SJN:Line:25,Rørosbanen,R60,rail,SJN:ServiceJourney:2380_37659-R,True,actual,False,,,,,2026-09-05T08:24:10.398942+02:00
NSR:StopPlace:58825,Raufoss stasjon,2026-09-05T05:23:00+02:00,2026-09-05T05:25:14+02:00,2026-09-05T05:25:14+02:00,134.0,1,Oslo S,VYG:Line:R31,Skøyen-Jaren-Gjøvik,R31,rail,VYG:ServiceJourney:BUS-204_655086-R,True,actual,False,,,,,2026-09-05T08:24:10.398942+02:00
NSR:StopPlace:441,Auli stasjon,2026-09-05T06:14:00+02:00,2026-09-05T06:16:13+02:00,2026-09-05T06:16:13+02:00,133.0,1,Asker,VYG:Line:R14,Asker-Oslo S-Kongsvinger,R14,rail,VYG:ServiceJourney:1004_442909-R,True,actual,False,,,,,2026-09-05T08:24:10.398942+02:00
NSR:StopPlace:610,Sandvika stasjon,2026-09-05T07:54:00+02:00,2026-09-05T07:56:13+02:00,2026-09-05T07:56:13+02:00,133.0,1,Skien,VYG:Line:RE11,Eidsvoll-Oslo S-Skien,RE11,rail,VYG:ServiceJourney:807-EVL_652708-R,True,actual,False,,,,,2026-09-05T08:24:10.398942+02:00
NSR:StopPlace:61169,Marienborg stasjon,2026-09-05T06:06:00+02:00,2026-09-05T06:08:12+02:00,2026-09-05T06:08:12+02:00,132.0,1,Grillstad via St. Olavs h- Ladeham.,ATB:Line:2_20,Grillstad - Strindheim - Ladehammeren- Sentrum - Romolslia,20,bus,ATB:ServiceJourney:20_251215112548068_6001,True,actual,False,,,,,2026-09-05T08:24:10.398942+02:00
NSR:StopPlace:60640,Heimdal stasjon,2026-09-05T07:21:00+02:00,2026-09-05T07:23:12+02:00,2026-09-05T07:23:12+02:00,132.0,1,Ranheim via Tiller-sentrum,ATB:Line:2_1,Ranheim - Strindheim - sentrum - Tiller - Heimdal - Kattem,1,bus,ATB:ServiceJourney:1_251215112545884_6009,True,actual,False,,,,,2026-09-05T08:24:10.398942+02:00
NSR:StopPlace:59652,Tøyen stasjon,2026-09-05T07:14:00+02:00,2026-09-05T07:16:12+02:00,2026-09-05T07:16:12+02:00,132.0,1,Vippetangen,RUT:Line:60,Vippetangen-Tonsenhagen,60,bus,RUT:ServiceJourney:e848d460f9228f4f85343f379d728681,True,actual,False,,,,,2026-09-05T08:24:10.398942+02:00
NSR:StopPlace:59977,Trondheim S,2026-09-05T06:08:00+02:00,2026-09-05T06:10:12+02:00,2026-09-05T06:10:12+02:00,132.0,1,Marienborg,ATB:Line:2_70,Stjørdal/Hommelvik- Trondheim,70,bus,ATB:ServiceJourney:70_251215112546932_6002,True,actual,False,,,,,2026-09-05T08:24:10.398942+02:00
NSR:StopPlace:58847,Frogner stasjon,2026-09-05T07:23:00+02:00,2026-09-05T07:25:12+02:00,2026-09-05T07:25:12+02:00,132.0,1,Drammen,VYG:Line:R13,Drammen-Oslo S-Dal,R13,rail,VYG:ServiceJourney:1610_443230-R,True,actual,False,,,,,2026-09-05T08:24:10.398942+02:00
NSR:StopPlace:58886,Arendal stasjon,2026-09-05T07:37:00+02:00,2026-09-05T07:39:12+02:00,2026-09-05T07:39:12+02:00,132.0,1,Grimstad via Arendal sentrum,AKT:Line:101,Eydehavn-Arendal-Grimstad N/S,101,bus,AKT:ServiceJourney:71779_531_89_52800_57360_40000971,True,actual,False,,,,,2026-09-05T08:24:10.398942+02:00
NSR:StopPlace:61464,Hvalstad stasjon,2026-09-05T08:09:00+02:00,2026-09-05T08:11:11+02:00,2026-09-05T08:11:11+02:00,131.0,1,Spikkestad,VYG:Line:L1,Spikkestad-Oslo S-Lillestrøm,L1,rail,VYG:ServiceJourney:2211_443602-R,True,actual,False,,,,,2026-09-05T08:24:10.398942+02:00
NSR:StopPlace:59647,Dal stasjon,2026-09-05T07:46:00+02:00,2026-09-05T07:48:11+02:00,2026-09-05T07:48:11+02:00,131.0,1,Eidsvoll st.,RUT:Line:430,Eidsvoll - Jessheim,430,bus,RUT:ServiceJourney:56a9119606ba5d7832b4d49a777fb90d,True,actual,False,,,,,2026-09-05T08:24:10.398942+02:00
NSR:StopPlace:58861,Solbråtan stasjon,2026-09-05T06:45:00+02:00,2026-09-05T06:47:11+02:00,2026-09-05T06:47:11+02:00,131.0,1,Bjørvika,RUT:Line:83,Jernbanetorget - Tårnåsen,83,bus,RUT:ServiceJourney:b2f0d43454c6f191ff32e4728e9a8194,True,actual,False,Linje 80E og 83 får Hausmanns bru som ny endeholdeplass fra 29. juni,"Bussene stopper ikke på Jernbanetorget etter 29. juni, men starter og stopper på Hausmanns bru i Nylandsveien.",incident,normal,2026-09-05T08:24:10.398942+02:00
NSR:StopPlace:59649,Nydalen stasjon,2026-09-05T07:25:00+02:00,2026-09-05T07:27:10+02:00,2026-09-05T07:27:10+02:00,130.0,1,Gjøvik,VYG:Line:R31,Skøyen-Jaren-Gjøvik,R31,rail,VYG:ServiceJourney:BUS-205_655098-R,True,actual,False,,,,,2026-09-05T08:24:10.398942+02:00
NSR:StopPlace:59650,Nyland stasjon,2026-09-05T07:29:00+02:00,2026-09-05T07:31:10+02:00,2026-09-05T07:31:10+02:00,130.0,1,Spikkestad,VYG:Line:L1,Spikkestad-Oslo S-Lillestrøm,L1,rail,VYG:ServiceJourney:2211_443602-R,True,actual,False,,,,,2026-09-05T08:24:10.398942+02:00
NSR:StopPlace:59654,Stabekk stasjon,2026-09-05T06:39:00+02:00,2026-09-05T06:41:10+02:00,2026-09-05T06:41:10+02:00,130.0,1,Gullhaug,RUT:Line:150,Gullhaug - Nationaltheatret,150,bus,RUT:ServiceJourney:7a6393b3a6400394680fc2e4b1a28254,True,actual,False,Holdeplass Stabekk stasjon i retning mot Bekkestua er flyttet ca. 50 meter bakover.,Dette skyldes anleggsarbeid i området.,incident,normal,2026-09-05T08:24:10.398942+02:00
NSR:StopPlace:58839,Steinberg stasjon,2026-09-05T07:54:00+02:00,2026-09-05T07:56:10+02:00,2026-09-05T07:56:10+02:00,130.0,1,Hokksund,BRA:Line:4_6101,Drammen-Vikersund/Hønefoss,101,bus,BRA:ServiceJourney:6101_260415100161225_6001,True,actual,False,,,,,2026-09-05T08:24:10.398942+02:00
NSR:StopPlace:206,Mariero stasjon,2026-09-05T07:25:00+02:00,2026-09-05T07:27:10+02:00,2026-09-05T07:27:10+02:00,130.0,1,Stavanger,GOA:Line:59,Jærbanen,L5,rail,GOA:ServiceJourney:3007_63039-R,True,actual,False,,,,,2026-09-05T08:24:10.398942+02:00
NSR:StopPlace:58861,Solbråtan stasjon,2026-09-05T06:23:00+02:00,2026-09-05T06:25:09+02:00,2026-09-05T06:25:09+02:00,129.0,1,Stabekk,VYG:Line:L2,Stabekk-Oslo S-Ski,L2,rail,VYG:ServiceJourney:2710-SKI_443916-R,True,actual,False,,,,,2026-09-05T08:24:10.398942+02:00
NSR:StopPlace:58819,Grua stasjon,2026-09-05T08:15:00+02:00,2026-09-05T08:17:09+02:00,2026-09-05T08:17:09+02:00,129.0,1,Gjøvik,VYG:Line:R31,Skøyen-Jaren-Gjøvik,R31,rail,VYG:ServiceJourney:BUS-205_655096-R,True,actual,False,,,,,2026-09-05T08:24:10.398942+02:00
NSR:StopPlace:8,Paradis stasjon,2026-09-05T07:28:00+02:00,2026-09-05T07:30:08+02:00,2026-09-05T07:30:08+02:00,128.0,1,Stavanger,GOA:Line:59,Jærbanen,L5,rail,GOA:ServiceJourney:3007_63039-R,True,actual,False,,,,,2026-09-05T08:24:10.398942+02:00
NSR:StopPlace:59620,Grorud stasjon,2026-09-05T07:27:00+02:00,2026-09-05T07:29:08+02:00,2026-09-05T07:29:08+02:00,128.0,1,Spikkestad,VYG:Line:L1,Spikkestad-Oslo S-Lillestrøm,L1,rail,VYG:ServiceJourney:2211_443602-R,True,actual,False,,,,,2026-09-05T08:24:10.398942+02:00
NSR:StopPlace:58856,Lysaker stasjon,2026-09-05T06:13:00+02:00,2026-09-05T06:15:07+02:00,2026-09-05T06:15:07+02:00,127.0,1,Nationaltheatret,RUT:Line:250,Sætre - Slemmestad - Nationaltheatret,250,bus,RUT:ServiceJourney:48ea014cd472582355b5eff3ea860434,True,actual,False,,,,,2026-09-05T08:24:10.398942+02:00
NSR:StopPlace:59651,Skøyen stasjon,2026-09-05T05:49:00+02:00,2026-09-05T05:51:06+02:00,2026-09-05T05:51:06+02:00,126.0,1,Oslo Lufthavn,FLT:Line:FLY1,FLY1,FLY1,rail,FLT:ServiceJourney:1-2614-3709-20260905,True,actual,False,,,,,2026-09-05T08:24:10.398942+02:00
NSR:StopPlace:60640,Heimdal stasjon,2026-09-05T07:41:00+02:00,2026-09-05T07:43:05+02:00,2026-09-05T07:43:05+02:00,125.0,1,Ranheim via Tiller-sentrum,ATB:Line:2_1,Ranheim - Strindheim - sentrum - Tiller - Heimdal - Kattem,1,bus,ATB:ServiceJourney:1_251215112545885_6011,True,actual,False,,,,,2026-09-05T08:24:10.398942+02:00
NSR:StopPlace:59261,Trondheim lufthavn,2026-09-05T06:50:00+02:00,2026-09-05T06:52:05+02:00,2026-09-05T06:52:05+02:00,125.0,1,Marienborg via Brattøra,ATB:Line:2_70,Stjørdal/Hommelvik- Trondheim,70,bus,ATB:ServiceJourney:70_251215112547009_6008,True,actual,False,,,,,2026-09-05T08:24:10.398942+02:00
NSR:StopPlace:58854,Langhus stasjon,2026-09-05T08:09:00+02:00,2026-09-05T08:11:05+02:00,2026-09-05T08:11:05+02:00,125.0,1,Drøbak - Frogn vgs.,RUT:Line:510,Bøleråsen - Ski - Ås - Drøbak,510,bus,RUT:ServiceJourney:29f63762d2a809b3a1fecb301ab011c3,True,actual,False,,,,,2026-09-05T08:24:10.398942+02:00
NSR:StopPlace:58860,Oppegård stasjon,2026-09-05T07:01:00+02:00,2026-09-05T07:03:05+02:00,2026-09-05T07:03:05+02:00,125.0,1,Kolbotn torg,RUT:Line:580,Kolbotn - Ski,580,bus,RUT:ServiceJourney:ada99c57568b1105dad575507a01c79c,True,actual,False,,,,,2026-09-05T08:24:10.398942+02:00
NSR:StopPlace:58874,Stokke stasjon,2026-09-05T06:58:00+02:00,2026-09-05T07:00:05+02:00,2026-09-05T07:00:05+02:00,125.0,1,Drammen,VYG:Line:RE11,Eidsvoll-Oslo S-Skien,RE11,rail,VYG:ServiceJourney:BUS-806_654222-R,True,actual,False,,,,,2026-09-05T08:24:10.398942+02:00
NSR:StopPlace:63079,Skeiane stasjon,2026-09-05T07:12:00+02:00,2026-09-05T07:14:05+02:00,2026-09-05T07:14:05+02:00,125.0,1,Stavanger,GOA:Line:59,Jærbanen,L5,rail,GOA:ServiceJourney:3007_63039-R,True,actual,False,,,,,2026-09-05T08:24:10.398942+02:00
NSR:StopPlace:708,Stange stasjon,2026-09-05T08:20:00+02:00,2026-09-05T08:22:05+02:00,2026-09-05T08:22:05+02:00,125.0,1,Drammen,VYG:Line:RE10,Drammen-Oslo S-Lillehammer,RE10,rail,VYG:ServiceJourney:358-DOM_621902-R,True,actual,False,,,,,2026-09-05T08:24:10.398942+02:00
NSR:StopPlace:61169,Marienborg stasjon,2026-09-05T08:04:00+02:00,2026-09-05T08:06:04+02:00,2026-09-05T08:06:04+02:00,124.0,1,Grillstad via St. Olavs h- Ladeham.,ATB:Line:2_20,Grillstad - Strindheim - Ladehammeren- Sentrum - Romolslia,20,bus,ATB:ServiceJourney:20_251215112548049_6009,True,actual,False,,,,,2026-09-05T08:24:10.398942+02:00
NSR:StopPlace:59647,Dal stasjon,2026-09-05T06:46:00+02:00,2026-09-05T06:48:04+02:00,2026-09-05T06:48:04+02:00,124.0,1,Eidsvoll st.,RUT:Line:430,Eidsvoll - Jessheim,430,bus,RUT:ServiceJourney:49e764f9a255d98103f29ced2a955958,True,actual,False,,,,,2026-09-05T08:24:10.398942+02:00
NSR:StopPlace:59620,Grorud stasjon,2026-09-05T08:04:00+02:00,2026-09-05T08:06:04+02:00,2026-09-05T08:06:04+02:00,124.0,1,Åsbråten,RUT:Line:79,Grorud T - Åsbråten,79,bus,RUT:ServiceJourney:ff7c86390e5182bcc9ca3c35bb84d9a1,True,actual,False,,,,,2026-09-05T08:24:10.398942+02:00
NSR:StopPlace:58868,Årnes stasjon,2026-09-05T06:04:00+02:00,2026-09-05T06:06:04+02:00,2026-09-05T06:06:04+02:00,124.0,1,Asker,VYG:Line:R14,Asker-Oslo S-Kongsvinger,R14,rail,VYG:ServiceJourney:1004_442909-R,True,actual,False,,,,,2026-09-05T08:24:10.398942+02:00
NSR:StopPlace:58828,Roa stasjon,2026-09-05T05:26:00+02:00,2026-09-05T05:28:04+02:00,2026-09-05T05:28:04+02:00,124.0,1,Oslo S,VYG:Line:R31,Skøyen-Jaren-Gjøvik,R31,rail,VYG:ServiceJourney:BUS-202_655079-R,True,actual,False,,,,,2026-09-05T08:24:10.398942+02:00
NSR:StopPlace:59651,Skøyen stasjon,2026-09-05T06:23:00+02:00,2026-09-05T06:25:03+02:00,2026-09-05T06:25:03+02:00,123.0,1,Galgeberg,RUT:Line:20,Skøyen - Galgeberg,20,bus,RUT:ServiceJourney:ad234b26584d507defecd6c9034d3a30,True,actual,False,,,,,2026-09-05T08:24:10.398942+02:00
NSR:StopPlace:59620,Grorud stasjon,2026-09-05T06:54:00+02:00,2026-09-05T06:56:03+02:00,2026-09-05T06:56:03+02:00,123.0,1,Grorud T,RUT:Line:79,Grorud T - Åsbråten,79,bus,RUT:ServiceJourney:79bb673a1daf92dfba37d780c4551e4b,True,actual,False,,,,,2026-09-05T08:24:10.398942+02:00
NSR:StopPlace:59636,Holmlia stasjon,2026-09-05T07:59:00+02:00,2026-09-05T08:01:03+02:00,2026-09-05T08:01:03+02:00,123.0,1,Brenna,RUT:Line:73,Holmlia stasjon - Brenna,73,bus,RUT:ServiceJourney:382230600e6d8761261b856ce7107028,True,actual,False,,,,,2026-09-05T08:24:10.398942+02:00
NSR:StopPlace:58856,Lysaker stasjon,2026-09-05T06:56:00+02:00,2026-09-05T06:58:03+02:00,2026-09-05T06:58:03+02:00,123.0,1,Skøyen,RUT:Line:130,Sandvika -Skøyen,130,bus,RUT:ServiceJourney:781adec8ae72616d73fc8ec8901e16b4,True,actual,False,,,,,2026-09-05T08:24:10.398942+02:00
NSR:StopPlace:58876,Tønsberg stasjon,2026-09-05T07:53:00+02:00,2026-09-05T07:55:03+02:00,2026-09-05T07:55:03+02:00,123.0,1,Tønsberg,VKT:Line:520,Tønsberg-Stokke,520,bus,VKT:ServiceJourney:17329,True,actual,False,,,,,2026-09-05T08:24:10.398942+02:00
NSR:StopPlace:59654,Stabekk stasjon,2026-09-05T02:39:00+02:00,2026-09-05T02:41:03+02:00,2026-09-05T02:41:03+02:00,123.0,1,Gullhaug,RUT:Line:150,Gullhaug - Nationaltheatret,150,bus,RUT:ServiceJourney:a53c5309cfa6591296d57b88baf62429,True,actual,False,Holdeplass Stabekk stasjon i retning mot Bekkestua er flyttet ca. 50 meter bakover.,Dette skyldes anleggsarbeid i området.,incident,normal,2026-09-05T03:37:34.550234+02:00
NSR:StopPlace:59872,Oslo S,2026-09-05T06:25:00+02:00,2026-09-05T06:27:02+02:00,2026-09-05T06:27:02+02:00,122.0,1,Bergen,VYG:Line:F4,Oslo S-Bergen,F4,rail,VYG:ServiceJourney:BUS-61_652380-R,True,actual,False,,,,,2026-09-05T08:24:10.398942+02:00
NSR:StopPlace:59977,Trondheim S,2026-09-05T07:08:00+02:00,2026-09-05T07:10:02+02:00,2026-09-05T07:10:02+02:00,122.0,1,Marienborg,ATB:Line:2_70,Stjørdal/Hommelvik- Trondheim,70,bus,ATB:ServiceJourney:70_251215112546933_6006,True,actual,False,,,,,2026-09-05T08:24:10.398942+02:00
NSR:StopPlace:58828,Roa stasjon,2026-09-05T06:36:00+02:00,2026-09-05T06:38:02+02:00,2026-09-05T06:38:02+02:00,122.0,1,Oslo S,VYG:Line:R31,Skøyen-Jaren-Gjøvik,R31,rail,VYG:ServiceJourney:BUS-204_655089-R,True,actual,False,,,,,2026-09-05T08:24:10.398942+02:00
NSR:StopPlace:62308,Alna stasjon,2026-09-05T07:48:00+02:00,2026-09-05T07:50:02+02:00,2026-09-05T07:50:02+02:00,122.0,1,Lillestrøm,VYG:Line:L1,Spikkestad-Oslo S-Lillestrøm,L1,rail,VYG:ServiceJourney:2212_443603-R,True,actual,False,,,,,2026-09-05T08:24:10.398942+02:00
NSR:StopPlace:59648,Kjelsås stasjon,2026-09-05T02:18:00+02:00,2026-09-05T02:20:02+02:00,2026-09-05T02:20:02+02:00,122.0,1,Majorstuen,RUT:Line:3911,Majorstuen - Kjelsås,11N,bus,RUT:ServiceJourney:af049b42285f7e80e55be1db3e15455b,True,actual,False,,,,,2026-09-05T03:37:34.550234+02:00
NSR:StopPlace:58932,Hommelvik stasjon,2026-09-05T07:32:00+02:00,2026-09-05T07:34:01+02:00,2026-09-05T07:34:01+02:00,121.0,1,Marienborg via Brattøra,ATB:Line:2_70,Stjørdal/Hommelvik- Trondheim,70,bus,ATB:ServiceJourney:70_251215112546926_6010,True,actual,False,,,,,2026-09-05T08:24:10.398942+02:00
NSR:StopPlace:59643,Grefsen stasjon,2026-09-05T06:41:00+02:00,2026-09-05T06:43:00+02:00,2026-09-05T06:43:00+02:00,120.0,1,Lysaker,RUT:Line:23,Lysaker - Simensbråten,23,bus,RUT:ServiceJourney:ac7c67617ab4a96ade28914851a4e7a1,True,actual,False,,,,,2026-09-05T08:24:10.398942+02:00
NSR:StopPlace:60640,Heimdal stasjon,2026-09-05T08:21:00+02:00,2026-09-05T08:23:00+02:00,2026-09-05T08:23:00+02:00,120.0,1,Ranheim via Tiller-sentrum,ATB:Line:2_1,Ranheim - Strindheim - sentrum - Tiller - Heimdal - Kattem,1,bus,ATB:ServiceJourney:1_251215112545887_6015,True,actual,False,,,,,2026-09-05T08:24:10.398942+02:00
NSR:StopPlace:58930,Larvik stasjon,2026-09-05T08:20:00+02:00,2026-09-05T08:22:00+02:00,2026-09-05T08:22:00+02:00,120.0,1,Larvik-Sandefjord,VKT:Line:4,Torp-Sandefjord-Larvik-Stavern,4,bus,VKT:ServiceJourney:17720,True,actual,False,,,,,2026-09-05T08:24:10.398942+02:00
NSR:StopPlace:58876,Tønsberg stasjon,2026-09-05T08:17:00+02:00,2026-09-05T08:19:00+02:00,2026-09-05T08:19:00+02:00,120.0,1,Tønsberg-Åsgårdstrand,VKT:Line:1,Horten-Tønsberg-Sandefjord,1,bus,VKT:ServiceJourney:15659,True,actual,False,,,,,2026-09-05T08:24:10.398942+02:00
NSR:StopPlace:59650,Nyland stasjon,2026-09-05T02:53:00+02:00,2026-09-05T02:55:00+02:00,2026-09-05T02:55:00+02:00,120.0,1,Jernbanetorget,RUT:Line:3905,Jernbanetorget - Vestli T,5N,bus,RUT:ServiceJourney:99bcbebbf3986d12e7c46215e518c003,True,actual,False,,,,,2026-09-05T03:37:34.550234+02:00
NSR:StopPlace:58854,Langhus stasjon,2026-09-05T03:08:00+02:00,2026-09-05T03:10:00+02:00,2026-09-05T03:10:00+02:00,120.0,1,Bøleråsen,RUT:Line:510,Bøleråsen - Ski - Ås - Drøbak,510,bus,RUT:ServiceJourney:fde1407f47648c81e161f9d1a7597ea9,True,actual,False,,,,,2026-09-05T03:37:34.550234+02:00
NSR:StopPlace:61169,Marienborg stasjon,2026-09-05T07:29:00+02:00,2026-09-05T07:30:59+02:00,2026-09-05T07:30:59+02:00,119.0,1,Romolslia,ATB:Line:2_20,Grillstad - Strindheim - Ladehammeren- Sentrum - Romolslia,20,bus,ATB:ServiceJourney:20_251215112548167_6006,True,actual,False,,,,,2026-09-05T08:24:10.398942+02:00
NSR:StopPlace:61466,Vakås stasjon,2026-09-05T08:11:00+02:00,2026-09-05T08:12:59+02:00,2026-09-05T08:12:59+02:00,119.0,1,Spikkestad,VYG:Line:L1,Spikkestad-Oslo S-Lillestrøm,L1,rail,VYG:ServiceJourney:2211_443602-R,True,actual,False,,,,,2026-09-05T08:24:10.398942+02:00
NSR:StopPlace:58874,Stokke stasjon,2026-09-05T06:58:00+02:00,2026-09-05T06:59:59+02:00,2026-09-05T06:59:59+02:00,119.0,1,Drammen,VYG:Line:RE11,Eidsvoll-Oslo S-Skien,RE11,rail,VYG:ServiceJourney:BUS-806_654221-R,True,actual,False,,,,,2026-09-05T08:24:10.398942+02:00
NSR:StopPlace:60640,Heimdal stasjon,2026-09-05T07:22:00+02:00,2026-09-05T07:23:58+02:00,2026-09-05T07:23:58+02:00,118.0,1,Lund,ATB:Line:2_2,Strindheim- Lade- sentrum- Sau,2,bus,ATB:ServiceJourney:2_251215112550141_6006,True,actual,False,,,,,2026-09-05T08:24:10.398942+02:00
NSR:StopPlace:58935,Levanger stasjon,2026-09-05T08:12:00+02:00,2026-09-05T08:13:58+02:00,2026-09-05T08:13:58+02:00,118.0,1,Lundamo,SJN:Line:26,Trønderbanen,R70,rail,SJN:ServiceJourney:426_56055-R,True,actual,False,,,,,2026-09-05T08:24:10.398942+02:00
NSR:StopPlace:61169,Marienborg stasjon,2026-09-05T08:13:00+02:00,2026-09-05T08:14:57+02:00,2026-09-05T08:14:57+02:00,117.0,1,Østmarka via Lerkendal-Strindh.,ATB:Line:2_13,Østmarka - Strindheim - Lerkendal - Havstad,13,bus,ATB:ServiceJourney:13_251215112552848_6013,True,actual,False,,,,,2026-09-05T08:24:10.398942+02:00
NSR:StopPlace:60640,Heimdal stasjon,2026-09-05T07:31:00+02:00,2026-09-05T07:32:57+02:00,2026-09-05T07:32:57+02:00,117.0,1,Torgård via Tillerringen,ATB:Line:2_16,Flatåsen- Heimdal- Torgård,16,bus,ATB:ServiceJourney:16_251215112550476_6002,True,actual,False,,,,,2026-09-05T08:24:10.398942+02:00
NSR:StopPlace:60640,Heimdal stasjon,2026-09-05T07:01:00+02:00,2026-09-05T07:02:56+02:00,2026-09-05T07:02:56+02:00,116.0,1,Ranheim via Tiller-sentrum,ATB:Line:2_1,Ranheim - Strindheim - sentrum - Tiller - Heimdal - Kattem,1,bus,ATB:ServiceJourney:1_251215112545883_6007,True,actual,False,,,,,2026-09-05T08:24:10.398942+02:00
NSR:StopPlace:59977,Trondheim S,2026-09-05T07:19:00+02:00,2026-09-05T07:20:56+02:00,2026-09-05T07:20:56+02:00,116.0,1,Romolslia via St. Olavs hospital,ATB:Line:2_20,Grillstad - Strindheim - Ladehammeren- Sentrum - Romolslia,20,bus,ATB:ServiceJourney:20_251215112548167_6006,True,actual,False,,,,,2026-09-05T08:24:10.398942+02:00
NSR:StopPlace:60016,Kråkstad stasjon,2026-09-05T06:24:00+02:00,2026-09-05T06:25:56+02:00,2026-09-05T06:25:56+02:00,116.0,1,Oslo S,VYG:Line:R22,Skøyen-Oslo S-Mysen-Rakkestad,R22,rail,VYG:ServiceJourney:1906_443441-R,True,actual,False,,,,,2026-09-05T08:24:10.398942+02:00
NSR:StopPlace:58858,Nittedal stasjon,2026-09-05T06:26:00+02:00,2026-09-05T06:27:56+02:00,2026-09-05T06:27:56+02:00,116.0,1,Oslo S,VYG:Line:R31,Skøyen-Jaren-Gjøvik,R31,rail,VYG:ServiceJourney:BUS-202_655080-R,True,actual,False,,,,,2026-09-05T08:24:10.398942+02:00
NSR:StopPlace:59977,Trondheim S,2026-09-05T06:49:00+02:00,2026-09-05T06:50:55+02:00,2026-09-05T06:50:55+02:00,115.0,1,Vikåsen via Singsaker,ATB:Line:2_25,Vikåsen- Strindheim- Singsaker,25,bus,ATB:ServiceJourney:25_251215112543431_6003,True,actual,False,,,,,2026-09-05T08:24:10.398942+02:00
NSR:StopPlace:59616,Asker stasjon,2026-09-05T07:10:00+02:00,2026-09-05T07:11:55+02:00,2026-09-05T07:11:55+02:00,115.0,1,Fornebu,RUT:Line:270,Asker - Sandvika (- Fornebu),270,bus,RUT:ServiceJourney:2337e6c3b83398f759ebc8f360b03655,True,actual,False,,,,,2026-09-05T08:24:10.398942+02:00
NSR:StopPlace:59620,Grorud stasjon,2026-09-05T07:45:00+02:00,2026-09-05T07:46:55+02:00,2026-09-05T07:46:55+02:00,115.0,1,Furuset,RUT:Line:65,Furuset T - Stovner T via Smedstua,65,bus,RUT:ServiceJourney:7ae0b56ddd137598e1382e18bdf0a314,True,actual,False,,,,,2026-09-05T08:24:10.398942+02:00
NSR:StopPlace:362,Jåttåvågen stasjon,2026-09-05T06:53:00+02:00,2026-09-05T06:54:55+02:00,2026-09-05T06:54:55+02:00,115.0,1,Egersund,GOA:Line:59,Jærbanen,L5,rail,GOA:ServiceJourney:3012_63044-R,True,actual,False,,,,,2026-09-05T08:24:10.398942+02:00
NSR:StopPlace:59872,Oslo S,2026-09-05T07:22:00+02:00,2026-09-05T07:23:54+02:00,2026-09-05T07:23:54+02:00,114.0,1,Moss,VYG:Line:R21,Stabekk-Oslo S-Moss,R21,rail,VYG:ServiceJourney:1109-HVK_442980-R,True,actual,False,,,,,2026-09-05T08:24:10.398942+02:00
NSR:StopPlace:59620,Grorud stasjon,2026-09-05T06:57:00+02:00,2026-09-05T06:58:54+02:00,2026-09-05T06:58:54+02:00,114.0,1,Spikkestad,VYG:Line:L1,Spikkestad-Oslo S-Lillestrøm,L1,rail,VYG:ServiceJourney:2209_443598-R,True,actual,False,,,,,2026-09-05T08:24:10.398942+02:00
NSR:StopPlace:59638,Myrvoll stasjon,2026-09-05T06:35:00+02:00,2026-09-05T06:36:54+02:00,2026-09-05T06:36:54+02:00,114.0,1,Filipstad,RUT:Line:81,Fornebu - Myrvoll stasjon,81,bus,RUT:ServiceJourney:e7d7898a52580143efef01fe0a2ad5ea,True,actual,False,,,,,2026-09-05T08:24:10.398942+02:00
NSR:StopPlace:58835,Lier stasjon,2026-09-05T07:41:00+02:00,2026-09-05T07:42:54+02:00,2026-09-05T07:42:54+02:00,114.0,1,Dal,VYG:Line:R13,Drammen-Oslo S-Dal,R13,rail,VYG:ServiceJourney:1613_443238-R,True,actual,False,,,,,2026-09-05T08:24:10.398942+02:00
NSR:StopPlace:58818,Gran stasjon,2026-09-05T08:15:00+02:00,2026-09-05T08:16:54+02:00,2026-09-05T08:16:54+02:00,114.0,1,Roa,VYG:Line:R31,Skøyen-Jaren-Gjøvik,R31,rail,VYG:ServiceJourney:BUS-208_655125-R,True,actual,False,,,,,2026-09-05T08:24:10.398942+02:00
NSR:StopPlace:6,Greverud stasjon,2026-09-05T07:48:00+02:00,2026-09-05T07:49:53+02:00,2026-09-05T07:49:53+02:00,113.0,1,Stabekk,VYG:Line:L2,Stabekk-Oslo S-Ski,L2,rail,VYG:ServiceJourney:2716-SKI_443922-R,True,actual,False,,,,,2026-09-05T08:24:10.398942+02:00
NSR:StopPlace:61169,Marienborg stasjon,2026-09-05T07:48:00+02:00,2026-09-05T07:49:53+02:00,2026-09-05T07:49:53+02:00,113.0,1,Havstad,ATB:Line:2_13,Østmarka - Strindheim - Lerkendal - Havstad,13,bus,ATB:ServiceJourney:13_251215112552742_6010,True,actual,False,,,,,2026-09-05T08:24:10.398942+02:00
NSR:StopPlace:59650,Nyland stasjon,2026-09-05T06:21:00+02:00,2026-09-05T06:22:53+02:00,2026-09-05T06:22:53+02:00,113.0,1,Lillestrøm,VYG:Line:L1,Spikkestad-Oslo S-Lillestrøm,L1,rail,VYG:ServiceJourney:2206_443594-R,True,actual,False,,,,,2026-09-05T08:24:10.398942+02:00
NSR:StopPlace:58857,Lørenskog stasjon,2026-09-05T08:07:00+02:00,2026-09-05T08:08:53+02:00,2026-09-05T08:08:53+02:00,113.0,1,Nesåsen,RUT:Line:120,Nesåsen - Stovner,120,bus,RUT:ServiceJourney:0adb4470e7fce6c00ea9ed92e09415a1,True,actual,False,,,,,2026-09-05T08:24:10.398942+02:00
NSR:StopPlace:58874,Stokke stasjon,2026-09-05T06:58:00+02:00,2026-09-05T06:59:53+02:00,2026-09-05T06:59:53+02:00,113.0,1,Tønsberg,VYG:Line:RE11,Eidsvoll-Oslo S-Skien,RE11,rail,VYG:ServiceJourney:BUS-806_654219-R,True,actual,False,,,,,2026-09-05T08:24:10.398942+02:00
NSR:StopPlace:59616,Asker stasjon,2026-09-05T02:45:00+02:00,2026-09-05T02:46:53+02:00,2026-09-05T02:46:53+02:00,113.0,1,Sandvika,RUT:Line:270,Asker - Sandvika (- Fornebu),270,bus,RUT:ServiceJourney:7191c447c9bd0063b1d83e16fae2159a,True,actual,False,,,,,2026-09-05T03:37:34.550234+02:00
NSR:StopPlace:60640,Heimdal stasjon,2026-09-05T06:01:00+02:00,2026-09-05T06:02:52+02:00,2026-09-05T06:02:52+02:00,112.0,1,Ranheim via Tiller-sentrum,ATB:Line:2_1,Ranheim - Strindheim - sentrum - Tiller - Heimdal - Kattem,1,bus,ATB:ServiceJourney:1_251215112545880_6001,True,actual,False,,,,,2026-09-05T08:24:10.398942+02:00
NSR:StopPlace:59650,Nyland stasjon,2026-09-05T08:22:00+02:00,2026-09-05T08:23:52+02:00,2026-09-05T08:23:52+02:00,112.0,1,Oslo lufthavn,NBU:Line:cb7b555c-f96e-42d5-84bf-a5e08c0145c2,Radiumhospitalet via Økern-Storo-Tåsen,FB3,bus,NBU:ServiceJourney:f97e170a-8e1a-4da7-8fbb-f9e52d727e11,True,actual,False,,,,,2026-09-05T08:24:10.398942+02:00
NSR:StopPlace:59977,Trondheim S,2026-09-05T07:23:00+02:00,2026-09-05T07:24:52+02:00,2026-09-05T07:24:52+02:00,112.0,1,Pirbadet,ATB:Line:2_21,Brattøra- Sentrum- Trolla,21,bus,ATB:ServiceJourney:21_251215112549300_6005,True,actual,False,,,,,2026-09-05T08:24:10.398942+02:00
NSR:StopPlace:58864,Sørumsand stasjon,2026-09-05T06:51:00+02:00,2026-09-05T06:52:52+02:00,2026-09-05T06:52:52+02:00,112.0,1,Skedsmokorset,RUT:Line:365,Sørumsand - Frogner - Skedsmokorset,365,bus,RUT:ServiceJourney:5a7b4a7f56934ecef1f70b382e4d2a76,True,actual,False,,,,,2026-09-05T08:24:10.398942+02:00
NSR:StopPlace:61897,Bryn stasjon,2026-09-05T07:35:00+02:00,2026-09-05T07:36:51+02:00,2026-09-05T07:36:51+02:00,111.0,1,Spikkestad,VYG:Line:L1,Spikkestad-Oslo S-Lillestrøm,L1,rail,VYG:ServiceJourney:2211_443602-R,True,actual,False,,,,,2026-09-05T08:24:10.398942+02:00
NSR:StopPlace:61897,Bryn stasjon,2026-09-05T07:45:00+02:00,2026-09-05T07:46:51+02:00,2026-09-05T07:46:51+02:00,111.0,1,Lillestrøm,VYG:Line:L1,Spikkestad-Oslo S-Lillestrøm,L1,rail,VYG:ServiceJourney:2212_443603-R,True,actual,False,,,,,2026-09-05T08:24:10.398942+02:00
NSR:StopPlace:59620,Grorud stasjon,2026-09-05T07:54:00+02:00,2026-09-05T07:55:51+02:00,2026-09-05T07:55:51+02:00,111.0,1,Grorud T,RUT:Line:79,Grorud T - Åsbråten,79,bus,RUT:ServiceJourney:e02dadb079e1e9bd4ba96e3ce62421c8,True,actual,False,,,,,2026-09-05T08:24:10.398942+02:00
NSR:StopPlace:59650,Nyland stasjon,2026-09-05T06:59:00+02:00,2026-09-05T07:00:50+02:00,2026-09-05T07:00:50+02:00,110.0,1,Spikkestad,VYG:Line:L1,Spikkestad-Oslo S-Lillestrøm,L1,rail,VYG:ServiceJourney:2209_443598-R,True,actual,False,,,,,2026-09-05T08:24:10.398942+02:00
NSR:StopPlace:59977,Trondheim S,2026-09-05T07:30:00+02:00,2026-09-05T07:31:50+02:00,2026-09-05T07:31:50+02:00,110.0,1,Fortuna/Sæterb. via Strindheim,ATB:Line:2_10,Sæterbakken- Strindheim- Sentrum- Ratesvingen,10,bus,ATB:ServiceJourney:10_260311106205189_6007,True,actual,False,,,,,2026-09-05T08:24:10.398942+02:00
NSR:StopPlace:58884,Skien stasjon,2026-09-05T07:39:00+02:00,2026-09-05T07:40:50+02:00,2026-09-05T07:40:50+02:00,110.0,1,Eidsvoll,VYG:Line:RE11,Eidsvoll-Oslo S-Skien,RE11,rail,VYG:ServiceJourney:90808_646815-R,True,actual,False,,,,,2026-09-05T08:24:10.398942+02:00
NSR:StopPlace:101,Sagdalen stasjon,2026-09-05T07:37:00+02:00,2026-09-05T07:38:49+02:00,2026-09-05T07:38:49+02:00,109.0,1,Lillestrøm,VYG:Line:L1,Spikkestad-Oslo S-Lillestrøm,L1,rail,VYG:ServiceJourney:2210_443600-R,True,actual,False,,,,,2026-09-05T08:24:10.398942+02:00
NSR:StopPlace:62308,Alna stasjon,2026-09-05T07:32:00+02:00,2026-09-05T07:33:49+02:00,2026-09-05T07:33:49+02:00,109.0,1,Spikkestad,VYG:Line:L1,Spikkestad-Oslo S-Lillestrøm,L1,rail,VYG:ServiceJourney:2211_443602-R,True,actual,False,,,,,2026-09-05T08:24:10.398942+02:00
NSR:StopPlace:61169,Marienborg stasjon,2026-09-05T08:22:00+02:00,2026-09-05T08:23:48+02:00,2026-09-05T08:23:48+02:00,108.0,1,Sandmoen via Flatåsen,ATB:Line:2_23,Brattøra - St. Olavs - Hallset - Flatåsen - Sandmoen,23,bus,ATB:ServiceJourney:23_251215112548522_6012,True,actual,False,,,,,2026-09-05T08:24:10.398942+02:00
NSR:StopPlace:59649,Nydalen stasjon,2026-09-05T08:16:00+02:00,2026-09-05T08:17:48+02:00,2026-09-05T08:17:48+02:00,108.0,1,Lysaker,RUT:Line:23,Lysaker - Simensbråten,23,bus,RUT:ServiceJourney:84b91ca5bc2c4af30c59fd20e420df0b,True,actual,False,,,,,2026-09-05T08:24:10.398942+02:00
NSR:StopPlace:60944,Ski stasjon,2026-09-05T07:46:00+02:00,2026-09-05T07:47:48+02:00,2026-09-05T07:47:48+02:00,108.0,1,Hebekk / Finstad,RUT:Line:525,Kråkstad - Ski - Kråkstad,525,bus,RUT:ServiceJourney:ab518bbaae87e53502cf11919ed9749e,True,actual,False,,,,,2026-09-05T08:24:10.398942+02:00
NSR:StopPlace:59977,Trondheim S,2026-09-05T06:52:00+02:00,2026-09-05T06:53:48+02:00,2026-09-05T06:53:48+02:00,108.0,1,Sandmoen via St. Olavs h.-Byåsen,ATB:Line:2_23,Brattøra - St. Olavs - Hallset - Flatåsen - Sandmoen,23,bus,ATB:ServiceJourney:23_251215112545484_6004,True,actual,False,,,,,2026-09-05T08:24:10.398942+02:00
NSR:StopPlace:58861,Solbråtan stasjon,2026-09-05T06:41:00+02:00,2026-09-05T06:42:48+02:00,2026-09-05T06:42:48+02:00,108.0,1,Tårnåsen,RUT:Line:83,Jernbanetorget - Tårnåsen,83,bus,RUT:ServiceJourney:18225f96411dbb48303d75ef975e7d9f,True,actual,False,Linje 80E og 83 får Hausmanns bru som ny endeholdeplass fra 29. juni,"Bussene stopper ikke på Jernbanetorget etter 29. juni, men starter og stopper på Hausmanns bru i Nylandsveien.",incident,normal,2026-09-05T08:24:10.398942+02:00
NSR:StopPlace:59652,Tøyen stasjon,2026-09-05T07:27:00+02:00,2026-09-05T07:28:47+02:00,2026-09-05T07:28:47+02:00,107.0,1,Tonsenhagen,RUT:Line:60,Vippetangen-Tonsenhagen,60,bus,RUT:ServiceJourney:a0f65fb9e53ab5ab8544828d786f4eae,True,actual,False,,,,,2026-09-05T08:24:10.398942+02:00
NSR:StopPlace:60944,Ski stasjon,2026-09-05T07:35:00+02:00,2026-09-05T07:36:47+02:00,2026-09-05T07:36:47+02:00,107.0,1,Moss,VYG:Line:R21,Stabekk-Oslo S-Moss,R21,rail,VYG:ServiceJourney:1109-HVK_442980-R,True,actual,False,,,,,2026-09-05T08:24:10.398942+02:00
NSR:StopPlace:58868,Årnes stasjon,2026-09-05T08:07:00+02:00,2026-09-05T08:08:47+02:00,2026-09-05T08:08:47+02:00,107.0,1,Asker,VYG:Line:R14,Asker-Oslo S-Kongsvinger,R14,rail,VYG:ServiceJourney:1008_442913-R,True,actual,False,,,,,2026-09-05T08:24:10.398942+02:00
NSR:StopPlace:58861,Solbråtan stasjon,2026-09-05T05:45:00+02:00,2026-09-05T05:46:47+02:00,2026-09-05T05:46:47+02:00,107.0,1,Bjørvika,RUT:Line:83,Jernbanetorget - Tårnåsen,83,bus,RUT:ServiceJourney:6b68690942df3335035ea0397b897802,True,actual,False,Linje 80E og 83 får Hausmanns bru som ny endeholdeplass fra 29. juni,"Bussene stopper ikke på Jernbanetorget etter 29. juni, men starter og stopper på Hausmanns bru i Nylandsveien.",incident,normal,2026-09-05T08:24:10.398942+02:00
NSR:StopPlace:58836,Mjøndalen stasjon,2026-09-05T07:05:00+02:00,2026-09-05T07:06:46+02:00,2026-09-05T07:06:46+02:00,106.0,1,Eidsvoll,VYG:Line:R12,Kongsberg-Oslo S-Eidsvoll,R12,rail,VYG:ServiceJourney:506_444299-R,True,actual,False,,,,,2026-09-05T08:24:10.398942+02:00
NSR:StopPlace:58838,Røyken stasjon,2026-09-05T08:03:00+02:00,2026-09-05T08:04:46+02:00,2026-09-05T08:04:46+02:00,106.0,1,Hyggen,RUT:Line:260,Hyggen - Bråset -Slemmestad (- Asker),260,bus,RUT:ServiceJourney:a9aacce0c979a6220098929051ccbee6,True,actual,False,,,,,2026-09-05T08:24:10.398942+02:00
NSR:StopPlace:60944,Ski stasjon,2026-09-05T02:03:00+02:00,2026-09-05T02:04:46+02:00,2026-09-05T02:04:46+02:00,106.0,1,Nationaltheatret,RUT:Line:3981,Nationaltheatret - Ski,81N,bus,RUT:ServiceJourney:c01ec3653578680fac50bb15e500749b,True,actual,False,,,,,2026-09-05T03:37:34.550234+02:00
NSR:StopPlace:59651,Skøyen stasjon,2026-09-05T06:49:00+02:00,2026-09-05T06:50:45+02:00,2026-09-05T06:50:45+02:00,105.0,1,Oslo Lufthavn,FLT:Line:FLY1,FLY1,FLY1,rail,FLT:ServiceJourney:1-2614-3715-20260905,True,actual,False,,,,,2026-09-05T08:24:10.398942+02:00
NSR:StopPlace:58852,Høn stasjon,2026-09-05T08:13:00+02:00,2026-09-05T08:14:45+02:00,2026-09-05T08:14:45+02:00,105.0,1,Spikkestad,VYG:Line:L1,Spikkestad-Oslo S-Lillestrøm,L1,rail,VYG:ServiceJourney:2211_443602-R,True,actual,False,,,,,2026-09-05T08:24:10.398942+02:00
NSR:StopPlace:58893,Grovane stasjon,2026-09-05T07:37:00+02:00,2026-09-05T07:38:45+02:00,2026-09-05T07:38:45+02:00,105.0,1,Kristiansand,AKT:Line:31,Kvadraturen - Sødal - Vennesla,31,bus,AKT:ServiceJourney:102301_6112_44_54840_57060_3950001,True,actual,False,,,,,2026-09-05T08:24:10.398942+02:00
NSR:StopPlace:58829,Stryken stasjon,2026-09-05T07:57:00+02:00,2026-09-05T07:58:45+02:00,2026-09-05T07:58:45+02:00,105.0,1,Gjøvik,VYG:Line:R31,Skøyen-Jaren-Gjøvik,R31,rail,VYG:ServiceJourney:BUS-205_655096-R,True,actual,False,,,,,2026-09-05T08:24:10.398942+02:00
NSR:StopPlace:702,Sandnes sentrum stasjon,2026-09-05T07:14:00+02:00,2026-09-05T07:15:45+02:00,2026-09-05T07:15:45+02:00,105.0,1,Stavanger,GOA:Line:59,Jærbanen,L5,rail,GOA:ServiceJourney:3007_63039-R,True,actual,False,,,,,2026-09-05T08:24:10.398942+02:00
NSR:StopPlace:62339,Lillestrøm stasjon,2026-09-05T06:56:00+02:00,2026-09-05T06:57:45+02:00,2026-09-05T06:57:45+02:00,105.0,1,Kongsberg,VYG:Line:R12,Kongsberg-Oslo S-Eidsvoll,R12,rail,VYG:ServiceJourney:505_444297-R,True,actual,False,Heis i spor 1 og 2 er ute av bruk på grunn av vedlikehold.,Heis i spor 1 og 2 er ute av bruk på grunn av vedlikehold.,general,normal,2026-09-05T08:24:10.398942+02:00
NSR:StopPlace:59648,Kjelsås stasjon,2026-09-05T02:03:00+02:00,2026-09-05T02:04:45+02:00,2026-09-05T02:04:45+02:00,105.0,1,Majorstuen,RUT:Line:3912,Majorstuen - Kjelsås,12N,bus,RUT:ServiceJourney:c5d37de04ababb2d7f0527003783ec33,True,actual,False,,,,,2026-09-05T03:37:34.550234+02:00
NSR:StopPlace:6,Greverud stasjon,2026-09-05T05:48:00+02:00,2026-09-05T05:49:44+02:00,2026-09-05T05:49:44+02:00,104.0,1,Stabekk,VYG:Line:L2,Stabekk-Oslo S-Ski,L2,rail,VYG:ServiceJourney:2708-SKI_443914-R,True,actual,False,,,,,2026-09-05T08:24:10.398942+02:00
NSR:StopPlace:60640,Heimdal stasjon,2026-09-05T06:26:00+02:00,2026-09-05T06:27:44+02:00,2026-09-05T06:27:44+02:00,104.0,1,Strindheim via Kolstad-sentrum,ATB:Line:2_2,Strindheim- Lade- sentrum- Sau,2,bus,ATB:ServiceJourney:2_251215112549994_6003,True,actual,False,,,,,2026-09-05T08:24:10.398942+02:00
NSR:StopPlace:59650,Nyland stasjon,2026-09-05T06:52:00+02:00,2026-09-05T06:53:44+02:00,2026-09-05T06:53:44+02:00,104.0,1,Oslo lufthavn,NBU:Line:cb7b555c-f96e-42d5-84bf-a5e08c0145c2,Radiumhospitalet via Økern-Storo-Tåsen,FB3,bus,NBU:ServiceJourney:9d7c5d7e-fd86-44cd-8efe-6d4c69eeceeb,True,actual,False,,,,,2026-09-05T08:24:10.398942+02:00
NSR:StopPlace:59952,Drammen stasjon,2026-09-05T07:17:00+02:00,2026-09-05T07:18:44+02:00,2026-09-05T07:18:44+02:00,104.0,1,Eidsvoll,VYG:Line:R12,Kongsberg-Oslo S-Eidsvoll,R12,rail,VYG:ServiceJourney:506_444299-R,True,actual,False,,,,,2026-09-05T08:24:10.398942+02:00
NSR:StopPlace:59654,Stabekk stasjon,2026-09-05T07:09:00+02:00,2026-09-05T07:10:43+02:00,2026-09-05T07:10:43+02:00,103.0,1,Gullhaug,RUT:Line:150,Gullhaug - Nationaltheatret,150,bus,RUT:ServiceJourney:ac2e0882fa2fcc7d19e90dd36fef73d0,True,actual,False,Holdeplass Stabekk stasjon i retning mot Bekkestua er flyttet ca. 50 meter bakover.,Dette skyldes anleggsarbeid i området.,incident,normal,2026-09-05T08:24:10.398942+02:00
NSR:StopPlace:59977,Trondheim S,2026-09-05T06:37:00+02:00,2026-09-05T06:38:43+02:00,2026-09-05T06:38:43+02:00,103.0,1,Marienborg,ATB:Line:2_70,Stjørdal/Hommelvik- Trondheim,70,bus,ATB:ServiceJourney:70_251215112547010_6004,True,actual,False,,,,,2026-09-05T08:24:10.398942+02:00
NSR:StopPlace:58866,Vevelstad stasjon,2026-09-05T06:14:00+02:00,2026-09-05T06:15:43+02:00,2026-09-05T06:15:43+02:00,103.0,1,Stabekk,VYG:Line:L2,Stabekk-Oslo S-Ski,L2,rail,VYG:ServiceJourney:2710-SKI_443916-R,True,actual,False,,,,,2026-09-05T08:24:10.398942+02:00
NSR:StopPlace:58869,Ås stasjon,2026-09-05T08:15:00+02:00,2026-09-05T08:16:43+02:00,2026-09-05T08:16:43+02:00,103.0,1,Stabekk,VYG:Line:R21,Stabekk-Oslo S-Moss,R21,rail,VYG:ServiceJourney:1116-MOS_442991-R,True,actual,False,,,,,2026-09-05T08:24:10.398942+02:00
NSR:StopPlace:62339,Lillestrøm stasjon,2026-09-05T08:15:00+02:00,2026-09-05T08:16:43+02:00,2026-09-05T08:16:43+02:00,103.0,1,Kongsvinger,VYG:Line:R14,Asker-Oslo S-Kongsvinger,R14,rail,VYG:ServiceJourney:1007_442912-R,True,actual,False,Heis i spor 1 og 2 er ute av bruk på grunn av vedlikehold.,Heis i spor 1 og 2 er ute av bruk på grunn av vedlikehold.,general,normal,2026-09-05T08:24:10.398942+02:00
NSR:StopPlace:58925,Gausel stasjon,2026-09-05T07:15:00+02:00,2026-09-05T07:16:42+02:00,2026-09-05T07:16:42+02:00,102.0,1,Vardenes via UiS-Stavanger,KOL:Line:8_1007,6,6,bus,KOL:ServiceJourney:1007_260729080906929_4002,True,actual,False,,,,,2026-09-05T08:24:10.398942+02:00
NSR:StopPlace:61169,Marienborg stasjon,2026-09-05T07:22:00+02:00,2026-09-05T07:23:41+02:00,2026-09-05T07:23:41+02:00,101.0,1,Sandmoen via Flatåsen,ATB:Line:2_23,Brattøra - St. Olavs - Hallset - Flatåsen - Sandmoen,23,bus,ATB:ServiceJourney:23_251215112548521_6006,True,actual,False,,,,,2026-09-05T08:24:10.398942+02:00
NSR:StopPlace:58845,Eidsvoll verk stasjon,2026-09-05T08:00:00+02:00,2026-09-05T08:01:41+02:00,2026-09-05T08:01:41+02:00,101.0,1,Eidsvoll st.,RUT:Line:430,Eidsvoll - Jessheim,430,bus,RUT:ServiceJourney:56a9119606ba5d7832b4d49a777fb90d,True,actual,False,,,,,2026-09-05T08:24:10.398942+02:00
NSR:StopPlace:58865,Vestby stasjon,2026-09-05T08:10:00+02:00,2026-09-05T08:11:41+02:00,2026-09-05T08:11:41+02:00,101.0,1,Stabekk,VYG:Line:R21,Stabekk-Oslo S-Moss,R21,rail,VYG:ServiceJourney:1116-MOS_442991-R,True,actual,False,,,,,2026-09-05T08:24:10.398942+02:00
NSR:StopPlace:58871,Sande stasjon,2026-09-05T07:43:00+02:00,2026-09-05T07:44:41+02:00,2026-09-05T07:44:41+02:00,101.0,1,Skoppum,VYG:Line:RE11,Eidsvoll-Oslo S-Skien,RE11,rail,VYG:ServiceJourney:BUS-805_654212-R,True,actual,False,,,,,2026-09-05T08:24:10.398942+02:00
NSR:StopPlace:58823,Jaren stasjon,2026-09-05T08:06:00+02:00,2026-09-05T08:07:41+02:00,2026-09-05T08:07:41+02:00,101.0,1,Oslo S,VYG:Line:R31,Skøyen-Jaren-Gjøvik,R31,rail,VYG:ServiceJourney:BUS-208_655124-R,True,actual,False,,,,,2026-09-05T08:24:10.398942+02:00
NSR:StopPlace:59637,Rosenholm stasjon,2026-09-05T03:32:00+02:00,2026-09-05T03:33:41+02:00,2026-09-05T03:33:41+02:00,101.0,1,Fløysbonn,RUT:Line:3983,Nationaltheatret - Fløysbonn,83N,bus,RUT:ServiceJourney:600c67b9d6e08096924dd61a70f1f4a0,True,actual,False,,,,,2026-09-05T03:37:34.550234+02:00
NSR:StopPlace:59872,Oslo S,2026-09-05T06:22:00+02:00,2026-09-05T06:23:40+02:00,2026-09-05T06:23:40+02:00,100.0,1,Moss,VYG:Line:R21,Stabekk-Oslo S-Moss,R21,rail,VYG:ServiceJourney:1105-HVK_442976-R,True,actual,False,,,,,2026-09-05T08:24:10.398942+02:00
NSR:StopPlace:59620,Grorud stasjon,2026-09-05T07:35:00+02:00,2026-09-05T07:36:40+02:00,2026-09-05T07:36:40+02:00,100.0,1,Helsfyr,RUT:Line:66,Helsfyr T - Grorud T,66,bus,RUT:ServiceJourney:55a756496f62aa45df7903a3f862968c,True,actual,False,,,,,2026-09-05T08:24:10.398942+02:00
NSR:StopPlace:58930,Larvik stasjon,2026-09-05T07:49:00+02:00,2026-09-05T07:50:40+02:00,2026-09-05T07:50:40+02:00,100.0,1,Nevlunghavn,VKT:Line:81,Nordbyen-Nevlunghavn,81,bus,VKT:ServiceJourney:18084,True,actual,False,,,,,2026-09-05T08:24:10.398942+02:00
NSR:StopPlace:261,Ganddal stasjon,2026-09-05T07:09:00+02:00,2026-09-05T07:10:40+02:00,2026-09-05T07:10:40+02:00,100.0,1,Stavanger,GOA:Line:59,Jærbanen,L5,rail,GOA:ServiceJourney:3007_63039-R,True,actual,False,,,,,2026-09-05T08:24:10.398942+02:00
NSR:StopPlace:58925,Gausel stasjon,2026-09-05T06:56:00+02:00,2026-09-05T06:57:39+02:00,2026-09-05T06:57:39+02:00,99.0,1,Egersund,GOA:Line:59,Jærbanen,L5,rail,GOA:ServiceJourney:3012_63044-R,True,actual,False,,,,,2026-09-05T08:24:10.398942+02:00
NSR:StopPlace:59649,Nydalen stasjon,2026-09-05T03:03:00+02:00,2026-09-05T03:04:39+02:00,2026-09-05T03:04:39+02:00,99.0,1,Oslo lufthavn,NBU:Line:cb7b555c-f96e-42d5-84bf-a5e08c0145c2,Radiumhospitalet via Økern-Storo-Tåsen,FB3,bus,NBU:ServiceJourney:1acabfe4-a7c3-4f3a-8e1d-d522228235e9,True,actual,False,,,,,2026-09-05T03:37:34.550234+02:00
NSR:StopPlace:61169,Marienborg stasjon,2026-09-05T07:53:00+02:00,2026-09-05T07:54:38+02:00,2026-09-05T07:54:38+02:00,98.0,1,Østmarka via Lerkendal-Strindh.,ATB:Line:2_13,Østmarka - Strindheim - Lerkendal - Havstad,13,bus,ATB:ServiceJourney:13_251215112552835_6011,True,actual,False,,,,,2026-09-05T08:24:10.398942+02:00
NSR:StopPlace:60640,Heimdal stasjon,2026-09-05T06:06:00+02:00,2026-09-05T06:07:38+02:00,2026-09-05T06:07:38+02:00,98.0,1,Strindheim via Kolstad-sentrum,ATB:Line:2_2,Strindheim- Lade- sentrum- Sau,2,bus,ATB:ServiceJourney:2_251215112549993_6001,True,actual,False,,,,,2026-09-05T08:24:10.398942+02:00
NSR:StopPlace:60640,Heimdal stasjon,2026-09-05T06:38:00+02:00,2026-09-05T06:39:38+02:00,2026-09-05T06:39:38+02:00,98.0,1,Torgård,ATB:Line:2_46,Torgård- Lundåsen,46,bus,ATB:ServiceJourney:46_251215112544203_6003,True,actual,False,,,,,2026-09-05T08:24:10.398942+02:00
NSR:StopPlace:59977,Trondheim S,2026-09-05T06:32:00+02:00,2026-09-05T06:33:38+02:00,2026-09-05T06:33:38+02:00,98.0,1,Sandmoen via St. Olavs h.-Byåsen,ATB:Line:2_23,Brattøra - St. Olavs - Hallset - Flatåsen - Sandmoen,23,bus,ATB:ServiceJourney:23_251215112545481_6002,True,actual,False,,,,,2026-09-05T08:24:10.398942+02:00
NSR:StopPlace:59635,Hauketo stasjon,2026-09-05T06:32:00+02:00,2026-09-05T06:33:38+02:00,2026-09-05T06:33:38+02:00,98.0,1,Stabekk,VYG:Line:L2,Stabekk-Oslo S-Ski,L2,rail,VYG:ServiceJourney:2710-SKI_443916-R,True,actual,False,,,,,2026-09-05T08:24:10.398942+02:00
NSR:StopPlace:58404,Nationaltheatret,2026-09-05T06:21:00+02:00,2026-09-05T06:22:38+02:00,2026-09-05T06:22:38+02:00,98.0,1,Filipstad,RUT:Line:81,Fornebu - Myrvoll stasjon,81,bus,RUT:ServiceJourney:90b36db12c8fcc20f645b3e523da3202,True,actual,False,,,,,2026-09-05T08:24:10.398942+02:00
NSR:StopPlace:58861,Solbråtan stasjon,2026-09-05T06:15:00+02:00,2026-09-05T06:16:38+02:00,2026-09-05T06:16:38+02:00,98.0,1,Bjørvika,RUT:Line:83,Jernbanetorget - Tårnåsen,83,bus,RUT:ServiceJourney:4fea7e88b801c9142979d58046b44ad6,True,actual,False,Linje 80E og 83 får Hausmanns bru som ny endeholdeplass fra 29. juni,"Bussene stopper ikke på Jernbanetorget etter 29. juni, men starter og stopper på Hausmanns bru i Nylandsveien.",incident,normal,2026-09-05T08:24:10.398942+02:00
NSR:StopPlace:58861,Solbråtan stasjon,2026-09-05T07:15:00+02:00,2026-09-05T07:16:38+02:00,2026-09-05T07:16:38+02:00,98.0,1,Bjørvika,RUT:Line:83,Jernbanetorget - Tårnåsen,83,bus,RUT:ServiceJourney:5dbfe7a7a1b31f5975c979aa13958f61,True,actual,False,Linje 80E og 83 får Hausmanns bru som ny endeholdeplass fra 29. juni,"Bussene stopper ikke på Jernbanetorget etter 29. juni, men starter og stopper på Hausmanns bru i Nylandsveien.",incident,normal,2026-09-05T08:24:10.398942+02:00
NSR:StopPlace:63079,Skeiane stasjon,2026-09-05T07:03:00+02:00,2026-09-05T07:04:38+02:00,2026-09-05T07:04:38+02:00,98.0,1,Egersund,GOA:Line:59,Jærbanen,L5,rail,GOA:ServiceJourney:3012_63044-R,True,actual,False,,,,,2026-09-05T08:24:10.398942+02:00
NSR:StopPlace:60640,Heimdal stasjon,2026-09-05T06:21:00+02:00,2026-09-05T06:22:37+02:00,2026-09-05T06:22:37+02:00,97.0,1,Ranheim via Tiller-sentrum,ATB:Line:2_1,Ranheim - Strindheim - sentrum - Tiller - Heimdal - Kattem,1,bus,ATB:ServiceJourney:1_251215112545881_6003,True,actual,False,,,,,2026-09-05T08:24:10.398942+02:00
NSR:StopPlace:59977,Trondheim S,2026-09-05T06:46:00+02:00,2026-09-05T06:47:37+02:00,2026-09-05T06:47:37+02:00,97.0,1,Grillstad via Ladeham.-Strindh.,ATB:Line:2_20,Grillstad - Strindheim - Ladehammeren- Sentrum - Romolslia,20,bus,ATB:ServiceJourney:20_251215112548237_6003,True,actual,False,,,,,2026-09-05T08:24:10.398942+02:00
NSR:StopPlace:59620,Grorud stasjon,2026-09-05T05:57:00+02:00,2026-09-05T05:58:37+02:00,2026-09-05T05:58:37+02:00,97.0,1,Spikkestad,VYG:Line:L1,Spikkestad-Oslo S-Lillestrøm,L1,rail,VYG:ServiceJourney:2205_481233-R,True,actual,False,,,,,2026-09-05T08:24:10.398942+02:00
NSR:StopPlace:59635,Hauketo stasjon,2026-09-05T08:03:00+02:00,2026-09-05T08:04:37+02:00,2026-09-05T08:04:37+02:00,97.0,1,Brenna,RUT:Line:73,Holmlia stasjon - Brenna,73,bus,RUT:ServiceJourney:382230600e6d8761261b856ce7107028,True,actual,False,,,,,2026-09-05T08:24:10.398942+02:00
NSR:StopPlace:58853,Kolbotn stasjon,2026-09-05T07:41:00+02:00,2026-09-05T07:42:37+02:00,2026-09-05T07:42:37+02:00,97.0,1,Hauketo stasjon,RUT:Line:87,Hauketo stasjon - Kolbotn,87,bus,RUT:ServiceJourney:98f95f443e11919c7c121647a53378d8,True,actual,False,,,,,2026-09-05T08:24:10.398942+02:00
NSR:StopPlace:58862,Strømmen stasjon,2026-09-05T07:58:00+02:00,2026-09-05T07:59:37+02:00,2026-09-05T07:59:37+02:00,97.0,1,Lørenskog sentrum,RUT:Line:385,Nittedal stasjon - Olavsgaard - Ahus,385,bus,RUT:ServiceJourney:bf827268469e39fad72ecdb5cc24e89a,True,actual,False,,,,,2026-09-05T08:24:10.398942+02:00
NSR:StopPlace:4,Otta stasjon,2026-09-05T05:54:00+02:00,2026-09-05T05:55:36+02:00,2026-09-05T05:55:36+02:00,96.0,1,Drammen,VYG:Line:RE10,Drammen-Oslo S-Lillehammer,RE10,rail,VYG:ServiceJourney:358-DOM_621902-R,True,actual,False,,,,,2026-09-05T08:24:10.398942+02:00
NSR:StopPlace:60640,Heimdal stasjon,2026-09-05T08:21:00+02:00,2026-09-05T08:22:36+02:00,2026-09-05T08:22:36+02:00,96.0,1,Strindheim via Kolstad-sentrum,ATB:Line:2_2,Strindheim- Lade- sentrum- Sau,2,bus,ATB:ServiceJourney:2_251215112550000_6015,True,actual,False,,,,,2026-09-05T08:24:10.398942+02:00
NSR:StopPlace:59651,Skøyen stasjon,2026-09-05T06:41:00+02:00,2026-09-05T06:42:36+02:00,2026-09-05T06:42:36+02:00,96.0,1,Grorud T,RUT:Line:31,Snarøya - Fornebu - Tonsenhagen - Grorud,31,bus,RUT:ServiceJourney:8dde1383efcac431164074eeb6ae1d82,True,actual,False,,,,,2026-09-05T08:24:10.398942+02:00
NSR:StopPlace:59872,Oslo S,2026-09-05T06:20:00+02:00,2026-09-05T06:21:35+02:00,2026-09-05T06:21:35+02:00,95.0,1,Oslo Lufthavn,FLT:Line:FLY1,FLY1,FLY1,rail,FLT:ServiceJourney:1-2614-3711-20260905,True,actual,False,,,,,2026-09-05T08:24:10.398942+02:00
NSR:StopPlace:58860,Oppegård stasjon,2026-09-05T08:01:00+02:00,2026-09-05T08:02:35+02:00,2026-09-05T08:02:35+02:00,95.0,1,Kolbotn torg,RUT:Line:580,Kolbotn - Ski,580,bus,RUT:ServiceJourney:7feb0f9d5401d4238dbbc6487a1e108e,True,actual,False,,,,,2026-09-05T08:24:10.398942+02:00
NSR:StopPlace:702,Sandnes sentrum stasjon,2026-09-05T07:01:00+02:00,2026-09-05T07:02:35+02:00,2026-09-05T07:02:35+02:00,95.0,1,Egersund,GOA:Line:59,Jærbanen,L5,rail,GOA:ServiceJourney:3012_63044-R,True,actual,False,,,,,2026-09-05T08:24:10.398942+02:00
NSR:StopPlace:61169,Marienborg stasjon,2026-09-05T08:17:00+02:00,2026-09-05T08:18:34+02:00,2026-09-05T08:18:34+02:00,94.0,1,Pirbadet via St. Olavs hospital,ATB:Line:2_23,Brattøra - St. Olavs - Hallset - Flatåsen - Sandmoen,23,bus,ATB:ServiceJourney:23_251215112548525_6011,True,actual,False,,,,,2026-09-05T08:24:10.398942+02:00
NSR:StopPlace:61608,Kristiansand stasjon,2026-09-05T07:54:00+02:00,2026-09-05T07:55:34+02:00,2026-09-05T07:55:34+02:00,94.0,1,Oslo S,GOA:Line:50,Sørtoget region,F5,rail,GOA:ServiceJourney:704-KRS_65441-R,True,actual,False,,,,,2026-09-05T08:24:10.398942+02:00
NSR:StopPlace:60640,Heimdal stasjon,2026-09-05T08:01:00+02:00,2026-09-05T08:02:34+02:00,2026-09-05T08:02:34+02:00,94.0,1,Strindheim via Kolstad-sentrum,ATB:Line:2_2,Strindheim- Lade- sentrum- Sau,2,bus,ATB:ServiceJourney:2_251215112549999_6013,True,actual,False,,,,,2026-09-05T08:24:10.398942+02:00
NSR:StopPlace:59650,Nyland stasjon,2026-09-05T05:59:00+02:00,2026-09-05T06:00:34+02:00,2026-09-05T06:00:34+02:00,94.0,1,Spikkestad,VYG:Line:L1,Spikkestad-Oslo S-Lillestrøm,L1,rail,VYG:ServiceJourney:2205_481233-R,True,actual,False,,,,,2026-09-05T08:24:10.398942+02:00
NSR:StopPlace:59952,Drammen stasjon,2026-09-05T07:22:00+02:00,2026-09-05T07:23:34+02:00,2026-09-05T07:23:34+02:00,94.0,1,Skoppum,VYG:Line:RE11,Eidsvoll-Oslo S-Skien,RE11,rail,VYG:ServiceJourney:BUS-805_654212-R,True,actual,False,,,,,2026-09-05T08:24:10.398942+02:00
NSR:StopPlace:58857,Lørenskog stasjon,2026-09-05T07:37:00+02:00,2026-09-05T07:38:34+02:00,2026-09-05T07:38:34+02:00,94.0,1,Nesåsen,RUT:Line:120,Nesåsen - Stovner,120,bus,RUT:ServiceJourney:7a281c0c78dc97bc199ea69f381649a1,True,actual,False,,,,,2026-09-05T08:24:10.398942+02:00
NSR:StopPlace:62392,Slependen stasjon,2026-09-05T06:33:00+02:00,2026-09-05T06:34:34+02:00,2026-09-05T06:34:34+02:00,94.0,1,Spikkestad,VYG:Line:L1,Spikkestad-Oslo S-Lillestrøm,L1,rail,VYG:ServiceJourney:2205_481233-R,True,actual,False,,,,,2026-09-05T08:24:10.398942+02:00
NSR:StopPlace:58853,Kolbotn stasjon,2026-09-05T02:38:00+02:00,2026-09-05T02:39:34+02:00,2026-09-05T02:39:34+02:00,94.0,1,Nationaltheatret,RUT:Line:3983,Nationaltheatret - Fløysbonn,83N,bus,RUT:ServiceJourney:1b63879ee4902d0892373d94bba88e19,True,actual,False,,,,,2026-09-05T03:37:34.550234+02:00
NSR:StopPlace:58860,Oppegård stasjon,2026-09-05T03:35:00+02:00,2026-09-05T03:36:34+02:00,2026-09-05T03:36:34+02:00,94.0,1,Ski stasjon,RUT:Line:3981,Nationaltheatret - Ski,81N,bus,RUT:ServiceJourney:0d904a2b671f59cbb6eec9049b0afae4,True,actual,False,,,,,2026-09-05T03:37:34.550234+02:00
NSR:StopPlace:59616,Asker stasjon,2026-09-05T06:37:00+02:00,2026-09-05T06:38:33+02:00,2026-09-05T06:38:33+02:00,93.0,1,Dikemark,RUT:Line:280,Asker - Dikemark - Heggedal,280,bus,RUT:ServiceJourney:4bd85e1d324da5ab3cf77e02cdd53f5d,True,actual,False,,,,,2026-09-05T08:24:10.398942+02:00
NSR:StopPlace:59620,Grorud stasjon,2026-09-05T07:57:00+02:00,2026-09-05T07:58:33+02:00,2026-09-05T07:58:33+02:00,93.0,1,Stovner,RUT:Line:65,Furuset T - Stovner T via Smedstua,65,bus,RUT:ServiceJourney:128e8b02a4a2646903b3324ccfdf1c85,True,actual,False,,,,,2026-09-05T08:24:10.398942+02:00
NSR:StopPlace:58882,Nordagutu stasjon,2026-09-05T05:27:00+02:00,2026-09-05T05:28:33+02:00,2026-09-05T05:28:33+02:00,93.0,1,Oslo S,GOA:Line:50,Sørtoget region,F5,rail,GOA:ServiceJourney:726-KVB_63257-R,True,actual,False,,,,,2026-09-05T08:24:10.398942+02:00
NSR:StopPlace:362,Jåttåvågen stasjon,2026-09-05T07:22:00+02:00,2026-09-05T07:23:33+02:00,2026-09-05T07:23:33+02:00,93.0,1,Stavanger,GOA:Line:59,Jærbanen,L5,rail,GOA:ServiceJourney:3007_63039-R,True,actual,False,,,,,2026-09-05T08:24:10.398942+02:00
NSR:StopPlace:206,Mariero stasjon,2026-09-05T06:50:00+02:00,2026-09-05T06:51:33+02:00,2026-09-05T06:51:33+02:00,93.0,1,Egersund,GOA:Line:59,Jærbanen,L5,rail,GOA:ServiceJourney:3012_63044-R,True,actual,False,,,,,2026-09-05T08:24:10.398942+02:00
NSR:StopPlace:58211,Oslo lufthavn,2026-09-05T02:15:00+02:00,2026-09-05T02:16:33+02:00,2026-09-05T02:16:33+02:00,93.0,1,Oslo sentrum via Helsfyr-Hasle-Bislett,NBU:Line:a7c15243-8873-4aee-a8b4-8d22e8ad31dc,Oslo sentrum via Helsfyr-Hasle-Bislett,FB5,bus,NBU:ServiceJourney:06e7211c-88da-48e8-a900-4d069a1d68f4,True,actual,False,,,,,2026-09-05T03:37:34.550234+02:00
NSR:StopPlace:60640,Heimdal stasjon,2026-09-05T07:17:00+02:00,2026-09-05T07:18:32+02:00,2026-09-05T07:18:32+02:00,92.0,1,Torgård,ATB:Line:2_46,Torgård- Lundåsen,46,bus,ATB:ServiceJourney:46_251215112544204_6005,True,actual,False,,,,,2026-09-05T08:24:10.398942+02:00
NSR:StopPlace:59638,Myrvoll stasjon,2026-09-05T06:21:00+02:00,2026-09-05T06:22:32+02:00,2026-09-05T06:22:32+02:00,92.0,1,Stabekk,VYG:Line:L2,Stabekk-Oslo S-Ski,L2,rail,VYG:ServiceJourney:2710-SKI_443916-R,True,actual,False,,,,,2026-09-05T08:24:10.398942+02:00
NSR:StopPlace:59638,Myrvoll stasjon,2026-09-05T07:37:00+02:00,2026-09-05T07:38:32+02:00,2026-09-05T07:38:32+02:00,92.0,1,Kolbotn torg,RUT:Line:580,Kolbotn - Ski,580,bus,RUT:ServiceJourney:fd5aacf441ceabeca2e52e5e02821d99,True,actual,False,,,,,2026-09-05T08:24:10.398942+02:00
NSR:StopPlace:58839,Steinberg stasjon,2026-09-05T07:02:00+02:00,2026-09-05T07:03:32+02:00,2026-09-05T07:03:32+02:00,92.0,1,Eidsvoll,VYG:Line:R12,Kongsberg-Oslo S-Eidsvoll,R12,rail,VYG:ServiceJourney:506_444299-R,True,actual,False,,,,,2026-09-05T08:24:10.398942+02:00
NSR:StopPlace:58853,Kolbotn stasjon,2026-09-05T07:19:00+02:00,2026-09-05T07:20:32+02:00,2026-09-05T07:20:32+02:00,92.0,1,Bjørvika,RUT:Line:83,Jernbanetorget - Tårnåsen,83,bus,RUT:ServiceJourney:5dbfe7a7a1b31f5975c979aa13958f61,True,actual,False,Linje 80E og 83 får Hausmanns bru som ny endeholdeplass fra 29. juni,"Bussene stopper ikke på Jernbanetorget etter 29. juni, men starter og stopper på Hausmanns bru i Nylandsveien.",incident,normal,2026-09-05T08:24:10.398942+02:00
NSR:StopPlace:58818,Gran stasjon,2026-09-05T06:15:00+02:00,2026-09-05T06:16:32+02:00,2026-09-05T06:16:32+02:00,92.0,1,Roa,VYG:Line:R31,Skøyen-Jaren-Gjøvik,R31,rail,VYG:ServiceJourney:BUS-204_655087-R,True,actual,False,,,,,2026-09-05T08:24:10.398942+02:00
NSR:StopPlace:441,Auli stasjon,2026-09-05T07:15:00+02:00,2026-09-05T07:16:32+02:00,2026-09-05T07:16:32+02:00,92.0,1,Asker,VYG:Line:R14,Asker-Oslo S-Kongsvinger,R14,rail,VYG:ServiceJourney:1006_442911-R,True,actual,False,,,,,2026-09-05T08:24:10.398942+02:00
NSR:StopPlace:610,Sandvika stasjon,2026-09-05T06:54:00+02:00,2026-09-05T06:55:32+02:00,2026-09-05T06:55:32+02:00,92.0,1,Skien,VYG:Line:RE11,Eidsvoll-Oslo S-Skien,RE11,rail,VYG:ServiceJourney:805-EVL_652702-R,True,actual,False,,,,,2026-09-05T08:24:10.398942+02:00
NSR:StopPlace:59653,Haugenstua stasjon,2026-09-05T07:25:00+02:00,2026-09-05T07:26:31+02:00,2026-09-05T07:26:31+02:00,91.0,1,Lillestrøm,VYG:Line:L1,Spikkestad-Oslo S-Lillestrøm,L1,rail,VYG:ServiceJourney:2210_443600-R,True,actual,False,,,,,2026-09-05T08:24:10.398942+02:00
NSR:StopPlace:60944,Ski stasjon,2026-09-05T06:51:00+02:00,2026-09-05T06:52:31+02:00,2026-09-05T06:52:31+02:00,91.0,1,Kolbotn torg,RUT:Line:580,Kolbotn - Ski,580,bus,RUT:ServiceJourney:ada99c57568b1105dad575507a01c79c,True,actual,False,,,,,2026-09-05T08:24:10.398942+02:00
NSR:StopPlace:58851,Heggedal stasjon,2026-09-05T06:59:00+02:00,2026-09-05T07:00:31+02:00,2026-09-05T07:00:31+02:00,91.0,1,Rustadgrenda,RUT:Line:286,Rustadgrenda-Heggedal,286,bus,RUT:ServiceJourney:396390b85d9e8a79b9decc6d73c653df,True,actual,False,,,,,2026-09-05T08:24:10.398942+02:00
NSR:StopPlace:313,Høybråten stasjon,2026-09-05T07:27:00+02:00,2026-09-05T07:28:31+02:00,2026-09-05T07:28:31+02:00,91.0,1,Lillestrøm,VYG:Line:L1,Spikkestad-Oslo S-Lillestrøm,L1,rail,VYG:ServiceJourney:2210_443600-R,True,actual,False,,,,,2026-09-05T08:24:10.398942+02:00
NSR:StopPlace:59650,Nyland stasjon,2026-09-05T03:23:00+02:00,2026-09-05T03:24:31+02:00,2026-09-05T03:24:31+02:00,91.0,1,Jernbanetorget,RUT:Line:3905,Jernbanetorget - Vestli T,5N,bus,RUT:ServiceJourney:60d4a6be196b86377bdc6a735185fb1d,True,actual,False,,,,,2026-09-05T03:37:34.550234+02:00
NSR:StopPlace:61169,Marienborg stasjon,2026-09-05T07:33:00+02:00,2026-09-05T07:34:30+02:00,2026-09-05T07:34:30+02:00,90.0,1,Østmarka via Lerkendal-Strindh.,ATB:Line:2_13,Østmarka - Strindheim - Lerkendal - Havstad,13,bus,ATB:ServiceJourney:13_251215112552834_6009,True,actual,False,,,,,2026-09-05T08:24:10.398942+02:00
NSR:StopPlace:58932,Hommelvik stasjon,2026-09-05T07:27:00+02:00,2026-09-05T07:28:30+02:00,2026-09-05T07:28:30+02:00,90.0,1,Storlien,SJN:Line:72,Meråkerbanen,R71,rail,SJN:ServiceJourney:1303_53534-R,True,actual,False,,,,,2026-09-05T08:24:10.398942+02:00
NSR:StopPlace:58860,Oppegård stasjon,2026-09-05T08:01:00+02:00,2026-09-05T08:02:30+02:00,2026-09-05T08:02:30+02:00,90.0,1,Ski stasjon,RUT:Line:580,Kolbotn - Ski,580,bus,RUT:ServiceJourney:45b04a80c34f35be1b51837377335a4c,True,actual,False,,,,,2026-09-05T08:24:10.398942+02:00
NSR:StopPlace:628,Darbu stasjon,2026-09-05T06:47:00+02:00,2026-09-05T06:48:30+02:00,2026-09-05T06:48:30+02:00,90.0,1,Eidsvoll,VYG:Line:R12,Kongsberg-Oslo S-Eidsvoll,R12,rail,VYG:ServiceJourney:506_444299-R,True,actual,False,,,,,2026-09-05T08:24:10.398942+02:00
NSR:StopPlace:61251,Øksnavadporten stasjon,2026-09-05T07:14:00+02:00,2026-09-05T07:15:29+02:00,2026-09-05T07:15:29+02:00,89.0,1,Egersund,GOA:Line:59,Jærbanen,L5,rail,GOA:ServiceJourney:3012_63044-R,True,actual,False,,,,,2026-09-05T08:24:10.398942+02:00
NSR:StopPlace:61169,Marienborg stasjon,2026-09-05T07:06:00+02:00,2026-09-05T07:07:29+02:00,2026-09-05T07:07:29+02:00,89.0,1,Grillstad via St. Olavs h- Ladeham.,ATB:Line:2_20,Grillstad - Strindheim - Ladehammeren- Sentrum - Romolslia,20,bus,ATB:ServiceJourney:20_251215112548069_6005,True,actual,False,,,,,2026-09-05T08:24:10.398942+02:00
NSR:StopPlace:61326,Gulskogen stasjon,2026-09-05T07:12:00+02:00,2026-09-05T07:13:29+02:00,2026-09-05T07:13:29+02:00,89.0,1,Eidsvoll,VYG:Line:R12,Kongsberg-Oslo S-Eidsvoll,R12,rail,VYG:ServiceJourney:506_444299-R,True,actual,False,,,,,2026-09-05T08:24:10.398942+02:00
NSR:StopPlace:59653,Haugenstua stasjon,2026-09-05T07:25:00+02:00,2026-09-05T07:26:29+02:00,2026-09-05T07:26:29+02:00,89.0,1,Spikkestad,VYG:Line:L1,Spikkestad-Oslo S-Lillestrøm,L1,rail,VYG:ServiceJourney:2211_443602-R,True,actual,False,,,,,2026-09-05T08:24:10.398942+02:00
NSR:StopPlace:59977,Trondheim S,2026-09-05T06:11:00+02:00,2026-09-05T06:12:29+02:00,2026-09-05T06:12:29+02:00,89.0,1,Trolla via sentrum,ATB:Line:2_21,Brattøra- Sentrum- Trolla,21,bus,ATB:ServiceJourney:21_251215112549189_6002,True,actual,False,,,,,2026-09-05T08:24:10.398942+02:00
NSR:StopPlace:60077,Støren stasjon,2026-09-05T05:47:00+02:00,2026-09-05T05:48:29+02:00,2026-09-05T05:48:29+02:00,89.0,1,Trondheim S,ATB:Line:2_340,Trondheim - Støren,340,bus,ATB:ServiceJourney:340_260106098639886_6001,True,actual,False,,,,,2026-09-05T08:24:10.398942+02:00
NSR:StopPlace:261,Ganddal stasjon,2026-09-05T07:09:00+02:00,2026-09-05T07:10:29+02:00,2026-09-05T07:10:29+02:00,89.0,1,Egersund,GOA:Line:59,Jærbanen,L5,rail,GOA:ServiceJourney:3012_63044-R,True,actual,False,,,,,2026-09-05T08:24:10.398942+02:00
NSR:StopPlace:6,Greverud stasjon,2026-09-05T07:18:00+02:00,2026-09-05T07:19:28+02:00,2026-09-05T07:19:28+02:00,88.0,1,Stabekk,VYG:Line:L2,Stabekk-Oslo S-Ski,L2,rail,VYG:ServiceJourney:2714-SKI_443920-R,True,actual,False,,,,,2026-09-05T08:24:10.398942+02:00
NSR:StopPlace:61169,Marienborg stasjon,2026-09-05T08:08:00+02:00,2026-09-05T08:09:28+02:00,2026-09-05T08:09:28+02:00,88.0,1,Havstad,ATB:Line:2_13,Østmarka - Strindheim - Lerkendal - Havstad,13,bus,ATB:ServiceJourney:13_251215112552743_6012,True,actual,False,,,,,2026-09-05T08:24:10.398942+02:00
NSR:StopPlace:58835,Lier stasjon,2026-09-05T08:11:00+02:00,2026-09-05T08:12:28+02:00,2026-09-05T08:12:28+02:00,88.0,1,Dal,VYG:Line:R13,Drammen-Oslo S-Dal,R13,rail,VYG:ServiceJourney:1615_443244-R,True,actual,False,,,,,2026-09-05T08:24:10.398942+02:00
NSR:StopPlace:58856,Lysaker stasjon,2026-09-05T06:26:00+02:00,2026-09-05T06:27:28+02:00,2026-09-05T06:27:28+02:00,88.0,1,Nationaltheatret,RUT:Line:150,Gullhaug - Nationaltheatret,150,bus,RUT:ServiceJourney:f61bb0e7a4a289da1c44bfd4f70cc729,True,actual,False,,,,,2026-09-05T08:24:10.398942+02:00
NSR:StopPlace:58860,Oppegård stasjon,2026-09-05T05:46:00+02:00,2026-09-05T05:47:28+02:00,2026-09-05T05:47:28+02:00,88.0,1,Stabekk,VYG:Line:L2,Stabekk-Oslo S-Ski,L2,rail,VYG:ServiceJourney:2708-SKI_443914-R,True,actual,False,,,,,2026-09-05T08:24:10.398942+02:00
NSR:StopPlace:58860,Oppegård stasjon,2026-09-05T06:31:00+02:00,2026-09-05T06:32:28+02:00,2026-09-05T06:32:28+02:00,88.0,1,Kolbotn torg,RUT:Line:580,Kolbotn - Ski,580,bus,RUT:ServiceJourney:c76b098e42469e6e9d6d3b78e81c1b0d,True,actual,False,,,,,2026-09-05T08:24:10.398942+02:00
NSR:StopPlace:58860,Oppegård stasjon,2026-09-05T07:46:00+02:00,2026-09-05T07:47:28+02:00,2026-09-05T07:47:28+02:00,88.0,1,Stabekk,VYG:Line:L2,Stabekk-Oslo S-Ski,L2,rail,VYG:ServiceJourney:2716-SKI_443922-R,True,actual,False,,,,,2026-09-05T08:24:10.398942+02:00
NSR:StopPlace:62308,Alna stasjon,2026-09-05T06:18:00+02:00,2026-09-05T06:19:28+02:00,2026-09-05T06:19:28+02:00,88.0,1,Lillestrøm,VYG:Line:L1,Spikkestad-Oslo S-Lillestrøm,L1,rail,VYG:ServiceJourney:2206_443594-R,True,actual,False,,,,,2026-09-05T08:24:10.398942+02:00
NSR:StopPlace:62308,Alna stasjon,2026-09-05T07:02:00+02:00,2026-09-05T07:03:28+02:00,2026-09-05T07:03:28+02:00,88.0,1,Spikkestad,VYG:Line:L1,Spikkestad-Oslo S-Lillestrøm,L1,rail,VYG:ServiceJourney:2209_443598-R,True,actual,False,,,,,2026-09-05T08:24:10.398942+02:00
NSR:StopPlace:59637,Rosenholm stasjon,2026-09-05T03:02:00+02:00,2026-09-05T03:03:28+02:00,2026-09-05T03:03:28+02:00,88.0,1,Fløysbonn,RUT:Line:3983,Nationaltheatret - Fløysbonn,83N,bus,RUT:ServiceJourney:552a87f0c37ad08c2a00779b9a274fa4,True,actual,False,,,,,2026-09-05T03:37:34.550234+02:00
NSR:StopPlace:59643,Grefsen stasjon,2026-09-05T07:08:00+02:00,2026-09-05T07:09:27+02:00,2026-09-05T07:09:27+02:00,87.0,1,Oslo lufthavn,NBU:Line:cb7b555c-f96e-42d5-84bf-a5e08c0145c2,Radiumhospitalet via Økern-Storo-Tåsen,FB3,bus,NBU:ServiceJourney:7b1f4fad-f0d4-444f-93a5-deb16c645ddc,True,actual,False,,,,,2026-09-05T08:24:10.398942+02:00
NSR:StopPlace:59977,Trondheim S,2026-09-05T07:17:00+02:00,2026-09-05T07:18:27+02:00,2026-09-05T07:18:27+02:00,87.0,1,Grillstad via Ladeham.-Strindh.,ATB:Line:2_20,Grillstad - Strindheim - Ladehammeren- Sentrum - Romolslia,20,bus,ATB:ServiceJourney:20_251215112548069_6005,True,actual,False,,,,,2026-09-05T08:24:10.398942+02:00
NSR:StopPlace:59261,Trondheim lufthavn,2026-09-05T05:50:00+02:00,2026-09-05T05:51:27+02:00,2026-09-05T05:51:27+02:00,87.0,1,Marienborg via Brattøra,ATB:Line:2_70,Stjørdal/Hommelvik- Trondheim,70,bus,ATB:ServiceJourney:70_251215112547010_6004,True,actual,False,,,,,2026-09-05T08:24:10.398942+02:00
NSR:StopPlace:58856,Lysaker stasjon,2026-09-05T06:43:00+02:00,2026-09-05T06:44:27+02:00,2026-09-05T06:44:27+02:00,87.0,1,Bekkestua via Østerås,RUT:Line:140,Bekkestua - Østerås - Skøyen,140,bus,RUT:ServiceJourney:ad13f164af103d31bf9dfa8692f05a99,True,actual,False,,,,,2026-09-05T08:24:10.398942+02:00
NSR:StopPlace:58860,Oppegård stasjon,2026-09-05T07:31:00+02:00,2026-09-05T07:32:27+02:00,2026-09-05T07:32:27+02:00,87.0,1,Kolbotn torg,RUT:Line:580,Kolbotn - Ski,580,bus,RUT:ServiceJourney:fd5aacf441ceabeca2e52e5e02821d99,True,actual,False,,,,,2026-09-05T08:24:10.398942+02:00
NSR:StopPlace:58872,Sandefjord stasjon,2026-09-05T08:17:00+02:00,2026-09-05T08:18:27+02:00,2026-09-05T08:18:27+02:00,87.0,1,Eidsvoll,VYG:Line:RE11,Eidsvoll-Oslo S-Skien,RE11,rail,VYG:ServiceJourney:90808_646815-R,True,actual,False,,,,,2026-09-05T08:24:10.398942+02:00
NSR:StopPlace:58853,Kolbotn stasjon,2026-09-05T03:08:00+02:00,2026-09-05T03:09:27+02:00,2026-09-05T03:09:27+02:00,87.0,1,Nationaltheatret,RUT:Line:3983,Nationaltheatret - Fløysbonn,83N,bus,RUT:ServiceJourney:eb138c59bd63462b9feec24ff138e452,True,actual,False,,,,,2026-09-05T03:37:34.550234+02:00
NSR:StopPlace:59636,Holmlia stasjon,2026-09-05T07:29:00+02:00,2026-09-05T07:30:26+02:00,2026-09-05T07:30:26+02:00,86.0,1,Brenna,RUT:Line:73,Holmlia stasjon - Brenna,73,bus,RUT:ServiceJourney:af9df7dd0d862d3bb65981df7f8aab43,True,actual,False,,,,,2026-09-05T08:24:10.398942+02:00
NSR:StopPlace:59638,Myrvoll stasjon,2026-09-05T06:37:00+02:00,2026-09-05T06:38:26+02:00,2026-09-05T06:38:26+02:00,86.0,1,Kolbotn torg,RUT:Line:580,Kolbotn - Ski,580,bus,RUT:ServiceJourney:c76b098e42469e6e9d6d3b78e81c1b0d,True,actual,False,,,,,2026-09-05T08:24:10.398942+02:00
NSR:StopPlace:58856,Lysaker stasjon,2026-09-05T06:35:00+02:00,2026-09-05T06:36:26+02:00,2026-09-05T06:36:26+02:00,86.0,1,Gullhaug,RUT:Line:150,Gullhaug - Nationaltheatret,150,bus,RUT:ServiceJourney:7a6393b3a6400394680fc2e4b1a28254,True,actual,False,,,,,2026-09-05T08:24:10.398942+02:00
NSR:StopPlace:59650,Nyland stasjon,2026-09-05T03:22:00+02:00,2026-09-05T03:23:26+02:00,2026-09-05T03:23:26+02:00,86.0,1,Oslo lufthavn,NBU:Line:cb7b555c-f96e-42d5-84bf-a5e08c0145c2,Radiumhospitalet via Økern-Storo-Tåsen,FB3,bus,NBU:ServiceJourney:1acabfe4-a7c3-4f3a-8e1d-d522228235e9,True,actual,False,,,,,2026-09-05T03:37:34.550234+02:00
NSR:StopPlace:59616,Asker stasjon,2026-09-05T03:07:00+02:00,2026-09-05T03:08:26+02:00,2026-09-05T03:08:26+02:00,86.0,1,Heggedal,RUT:Line:280,Asker - Dikemark - Heggedal,280,bus,RUT:ServiceJourney:13cdac58cc82defbdd1e10763f0becfb,True,actual,False,,,,,2026-09-05T03:37:34.550234+02:00
NSR:StopPlace:59637,Rosenholm stasjon,2026-09-05T06:28:00+02:00,2026-09-05T06:29:25+02:00,2026-09-05T06:29:25+02:00,85.0,1,Stabekk,VYG:Line:L2,Stabekk-Oslo S-Ski,L2,rail,VYG:ServiceJourney:2710-SKI_443916-R,True,actual,False,,,,,2026-09-05T08:24:10.398942+02:00
NSR:StopPlace:58794,Fredrikstad stasjon,2026-09-05T08:10:00+02:00,2026-09-05T08:11:25+02:00,2026-09-05T08:11:25+02:00,85.0,1,Kalnes,OST:Line:1_4,Fredrikstad - Kalnes,4,bus,OST:ServiceJourney:4_260325121471333_605,True,actual,False,,,,,2026-09-05T08:24:10.398942+02:00
NSR:StopPlace:58866,Vevelstad stasjon,2026-09-05T08:04:00+02:00,2026-09-05T08:05:25+02:00,2026-09-05T08:05:25+02:00,85.0,1,Bøleråsen,RUT:Line:510,Bøleråsen - Ski - Ås - Drøbak,510,bus,RUT:ServiceJourney:8ecd68515f1d9e3d9ebeab9c7c36c427,True,actual,False,,,,,2026-09-05T08:24:10.398942+02:00
NSR:StopPlace:58866,Vevelstad stasjon,2026-09-05T08:06:00+02:00,2026-09-05T08:07:25+02:00,2026-09-05T08:07:25+02:00,85.0,1,Drøbak - Frogn vgs.,RUT:Line:510,Bøleråsen - Ski - Ås - Drøbak,510,bus,RUT:ServiceJourney:29f63762d2a809b3a1fecb301ab011c3,True,actual,False,,,,,2026-09-05T08:24:10.398942+02:00
NSR:StopPlace:58862,Strømmen stasjon,2026-09-05T07:35:00+02:00,2026-09-05T07:36:25+02:00,2026-09-05T07:36:25+02:00,85.0,1,Lillestrøm,VYG:Line:L1,Spikkestad-Oslo S-Lillestrøm,L1,rail,VYG:ServiceJourney:2210_443600-R,True,actual,False,,,,,2026-09-05T08:24:10.398942+02:00
NSR:StopPlace:58874,Stokke stasjon,2026-09-05T06:01:00+02:00,2026-09-05T06:02:25+02:00,2026-09-05T06:02:25+02:00,85.0,1,Drammen,VYG:Line:RE11,Eidsvoll-Oslo S-Skien,RE11,rail,VYG:ServiceJourney:BUS-804_654205-R,True,actual,False,,,,,2026-09-05T08:24:10.398942+02:00
NSR:StopPlace:59638,Myrvoll stasjon,2026-09-05T06:05:00+02:00,2026-09-05T06:06:24+02:00,2026-09-05T06:06:24+02:00,84.0,1,Filipstad,RUT:Line:81,Fornebu - Myrvoll stasjon,81,bus,RUT:ServiceJourney:ecc648054f6ab3e1e422eb4b40201467,True,actual,False,,,,,2026-09-05T08:24:10.398942+02:00
NSR:StopPlace:58853,Kolbotn stasjon,2026-09-05T08:19:00+02:00,2026-09-05T08:20:24+02:00,2026-09-05T08:20:24+02:00,84.0,1,Bjørvika,RUT:Line:83,Jernbanetorget - Tårnåsen,83,bus,RUT:ServiceJourney:3f46c29755e3b795a3b60a957e6f90fa,True,actual,False,Linje 80E og 83 får Hausmanns bru som ny endeholdeplass fra 29. juni,"Bussene stopper ikke på Jernbanetorget etter 29. juni, men starter og stopper på Hausmanns bru i Nylandsveien.",incident,normal,2026-09-05T08:24:10.398942+02:00
NSR:StopPlace:59648,Kjelsås stasjon,2026-09-05T02:10:00+02:00,2026-09-05T02:11:24+02:00,2026-09-05T02:11:24+02:00,84.0,1,Kværnerbyen,RUT:Line:54,Kværnerbyen - Kjelsås stasjon,54,bus,RUT:ServiceJourney:9367f5d8bdc3ef9e30a9ba577dd02102,True,actual,False,,,,,2026-09-05T03:37:34.550234+02:00
NSR:StopPlace:59651,Skøyen stasjon,2026-09-05T06:45:00+02:00,2026-09-05T06:46:23+02:00,2026-09-05T06:46:23+02:00,83.0,1,Skien,VYG:Line:RE11,Eidsvoll-Oslo S-Skien,RE11,rail,VYG:ServiceJourney:805-EVL_652702-R,True,actual,False,,,,,2026-09-05T08:24:10.398942+02:00
NSR:StopPlace:59616,Asker stasjon,2026-09-05T07:07:00+02:00,2026-09-05T07:08:23+02:00,2026-09-05T07:08:23+02:00,83.0,1,Dikemark,RUT:Line:280,Asker - Dikemark - Heggedal,280,bus,RUT:ServiceJourney:65d64a2ed63fa737cf4d2727ad90a579,True,actual,False,,,,,2026-09-05T08:24:10.398942+02:00
NSR:StopPlace:58932,Hommelvik stasjon,2026-09-05T07:51:00+02:00,2026-09-05T07:52:23+02:00,2026-09-05T07:52:23+02:00,83.0,1,Muruvik,ATB:Line:2_70,Stjørdal/Hommelvik- Trondheim,70,bus,ATB:ServiceJourney:70_251215112547057_6003,True,actual,False,,,,,2026-09-05T08:24:10.398942+02:00
NSR:StopPlace:58948,Stjørdal stasjon,2026-09-05T07:46:00+02:00,2026-09-05T07:47:23+02:00,2026-09-05T07:47:23+02:00,83.0,1,Marienborg via Brattøra,ATB:Line:2_70,Stjørdal/Hommelvik- Trondheim,70,bus,ATB:ServiceJourney:70_251215112547011_6012,True,actual,False,,,,,2026-09-05T08:24:10.398942+02:00
NSR:StopPlace:58858,Nittedal stasjon,2026-09-05T08:12:00+02:00,2026-09-05T08:13:23+02:00,2026-09-05T08:13:23+02:00,83.0,1,Oslo S,VYG:Line:R31,Skøyen-Jaren-Gjøvik,R31,rail,VYG:ServiceJourney:BUS-206_655105-R,True,actual,False,,,,,2026-09-05T08:24:10.398942+02:00
NSR:StopPlace:58921,Vennesla stasjon,2026-09-05T03:17:00+02:00,2026-09-05T03:18:23+02:00,2026-09-05T03:18:23+02:00,83.0,1,Stavanger,GOA:Line:50,Sørtoget region,F5,rail,GOA:ServiceJourney:725-LOD_67061-R,True,actual,False,,,,,2026-09-05T03:37:34.550234+02:00
NSR:StopPlace:59648,Kjelsås stasjon,2026-09-05T07:18:00+02:00,2026-09-05T07:19:22+02:00,2026-09-05T07:19:22+02:00,82.0,1,Gjøvik,VYG:Line:R31,Skøyen-Jaren-Gjøvik,R31,rail,VYG:ServiceJourney:BUS-205_655098-R,True,actual,False,,,,,2026-09-05T08:24:10.398942+02:00
NSR:StopPlace:58853,Kolbotn stasjon,2026-09-05T07:49:00+02:00,2026-09-05T07:50:22+02:00,2026-09-05T07:50:22+02:00,82.0,1,Bjørvika,RUT:Line:83,Jernbanetorget - Tårnåsen,83,bus,RUT:ServiceJourney:7fda5b243416304d41c6a6c8b2d9e387,True,actual,False,Linje 80E og 83 får Hausmanns bru som ny endeholdeplass fra 29. juni,"Bussene stopper ikke på Jernbanetorget etter 29. juni, men starter og stopper på Hausmanns bru i Nylandsveien.",incident,normal,2026-09-05T08:24:10.398942+02:00
NSR:StopPlace:58876,Tønsberg stasjon,2026-09-05T07:18:00+02:00,2026-09-05T07:19:22+02:00,2026-09-05T07:19:22+02:00,82.0,1,Drammen,VYG:Line:RE11,Eidsvoll-Oslo S-Skien,RE11,rail,VYG:ServiceJourney:BUS-806_654222-R,True,actual,False,,,,,2026-09-05T08:24:10.398942+02:00
NSR:StopPlace:610,Sandvika stasjon,2026-09-05T07:35:00+02:00,2026-09-05T07:36:22+02:00,2026-09-05T07:36:22+02:00,82.0,1,Eidsvoll,VYG:Line:R12,Kongsberg-Oslo S-Eidsvoll,R12,rail,VYG:ServiceJourney:506_444299-R,True,actual,False,,,,,2026-09-05T08:24:10.398942+02:00
NSR:StopPlace:59872,Oslo S,2026-09-05T07:41:00+02:00,2026-09-05T07:42:21+02:00,2026-09-05T07:42:21+02:00,81.0,1,Lillestrøm,VYG:Line:L1,Spikkestad-Oslo S-Lillestrøm,L1,rail,VYG:ServiceJourney:2212_443603-R,True,actual,False,,,,,2026-09-05T08:24:10.398942+02:00
NSR:StopPlace:59648,Kjelsås stasjon,2026-09-05T06:10:00+02:00,2026-09-05T06:11:21+02:00,2026-09-05T06:11:21+02:00,81.0,1,Kværnerbyen,RUT:Line:54,Kværnerbyen - Kjelsås stasjon,54,bus,RUT:ServiceJourney:6184cf3ccd942f4ff3eab5477b95d2f9,True,actual,False,,,,,2026-09-05T08:24:10.398942+02:00
NSR:StopPlace:60640,Heimdal stasjon,2026-09-05T06:42:00+02:00,2026-09-05T06:43:21+02:00,2026-09-05T06:43:21+02:00,81.0,1,Lund,ATB:Line:2_2,Strindheim- Lade- sentrum- Sau,2,bus,ATB:ServiceJourney:2_251215112550139_6002,True,actual,False,,,,,2026-09-05T08:24:10.398942+02:00
NSR:StopPlace:60640,Heimdal stasjon,2026-09-05T07:46:00+02:00,2026-09-05T07:47:21+02:00,2026-09-05T07:47:21+02:00,81.0,1,Strindheim via Kolstad-sentrum,ATB:Line:2_2,Strindheim- Lade- sentrum- Sau,2,bus,ATB:ServiceJourney:2_251215112549998_6011,True,actual,False,,,,,2026-09-05T08:24:10.398942+02:00
NSR:StopPlace:59616,Asker stasjon,2026-09-05T06:10:00+02:00,2026-09-05T06:11:21+02:00,2026-09-05T06:11:21+02:00,81.0,1,Fornebu,RUT:Line:270,Asker - Sandvika (- Fornebu),270,bus,RUT:ServiceJourney:87ecfee6485c4c4c0b88ab3f0a97010a,True,actual,False,,,,,2026-09-05T08:24:10.398942+02:00
NSR:StopPlace:58958,Rognan stasjon,2026-09-05T07:50:00+02:00,2026-09-05T07:51:21+02:00,2026-09-05T07:51:21+02:00,81.0,1,Fauske - Bodø,NOR:Line:12_8472,Fauske-Rognan-Vassbotnfjell-Ev,472,bus,NOR:ServiceJourney:8472_251012124859006_4001,True,actual,False,,,,,2026-09-05T08:24:10.398942+02:00
NSR:StopPlace:58835,Lier stasjon,2026-09-05T07:11:00+02:00,2026-09-05T07:12:21+02:00,2026-09-05T07:12:21+02:00,81.0,1,Dal,VYG:Line:R13,Drammen-Oslo S-Dal,R13,rail,VYG:ServiceJourney:1611_443232-R,True,actual,False,,,,,2026-09-05T08:24:10.398942+02:00
NSR:StopPlace:58803,Tomter stasjon,2026-09-05T06:16:00+02:00,2026-09-05T06:17:21+02:00,2026-09-05T06:17:21+02:00,81.0,1,Oslo S,VYG:Line:R22,Skøyen-Oslo S-Mysen-Rakkestad,R22,rail,VYG:ServiceJourney:1906_443441-R,True,actual,False,,,,,2026-09-05T08:24:10.398942+02:00
NSR:StopPlace:59638,Myrvoll stasjon,2026-09-05T02:00:00+02:00,2026-09-05T02:01:21+02:00,2026-09-05T02:01:21+02:00,81.0,1,Ski stasjon,RUT:Line:3981,Nationaltheatret - Ski,81N,bus,RUT:ServiceJourney:c69295cb6f5f0a28ff80827c7cb40356,True,actual,False,,,,,2026-09-05T03:37:34.550234+02:00
NSR:StopPlace:58860,Oppegård stasjon,2026-09-05T02:43:00+02:00,2026-09-05T02:44:21+02:00,2026-09-05T02:44:21+02:00,81.0,1,Nationaltheatret,RUT:Line:3981,Nationaltheatret - Ski,81N,bus,RUT:ServiceJourney:d57d37693b47d750af1361fb535c92d3,True,actual,False,,,,,2026-09-05T03:37:34.550234+02:00
NSR:StopPlace:61251,Øksnavadporten stasjon,2026-09-05T08:19:00+02:00,2026-09-05T08:20:20+02:00,2026-09-05T08:20:20+02:00,80.0,1,Egersund,GOA:Line:59,Jærbanen,L5,rail,GOA:ServiceJourney:3016_63048-R,True,actual,False,,,,,2026-09-05T08:24:10.398942+02:00
NSR:StopPlace:41,Hanaborg stasjon,2026-09-05T07:31:00+02:00,2026-09-05T07:32:20+02:00,2026-09-05T07:32:20+02:00,80.0,1,Lillestrøm,VYG:Line:L1,Spikkestad-Oslo S-Lillestrøm,L1,rail,VYG:ServiceJourney:2210_443600-R,True,actual,False,,,,,2026-09-05T08:24:10.398942+02:00
NSR:StopPlace:59643,Grefsen stasjon,2026-09-05T08:19:00+02:00,2026-09-05T08:20:20+02:00,2026-09-05T08:20:20+02:00,80.0,1,Simensbråten,RUT:Line:23,Lysaker - Simensbråten,23,bus,RUT:ServiceJourney:cf1f1f532709b609fad32364b6fb4219,True,actual,False,,,,,2026-09-05T08:24:10.398942+02:00
NSR:StopPlace:59654,Stabekk stasjon,2026-09-05T07:52:00+02:00,2026-09-05T07:53:20+02:00,2026-09-05T07:53:20+02:00,80.0,1,Nationaltheatret,RUT:Line:150,Gullhaug - Nationaltheatret,150,bus,RUT:ServiceJourney:164f3b404a998acd82b1e37137e4bfed,True,actual,False,,,,,2026-09-05T08:24:10.398942+02:00
NSR:StopPlace:58404,Nationaltheatret,2026-09-05T06:21:00+02:00,2026-09-05T06:22:20+02:00,2026-09-05T06:22:20+02:00,80.0,1,Østerås,RUT:Line:2,Østerås - Ellingsrudåsen,2,metro,RUT:ServiceJourney:5d03f75971186a471e7d75a5074af4e7,True,actual,False,,,,,2026-09-05T08:24:10.398942+02:00
NSR:StopPlace:58845,Eidsvoll verk stasjon,2026-09-05T07:35:00+02:00,2026-09-05T07:36:20+02:00,2026-09-05T07:36:20+02:00,80.0,1,Kongsberg,VYG:Line:R12,Kongsberg-Oslo S-Eidsvoll,R12,rail,VYG:ServiceJourney:507_444300-R,True,actual,False,,,,,2026-09-05T08:24:10.398942+02:00
NSR:StopPlace:58873,Skoppum stasjon,2026-09-05T06:18:00+02:00,2026-09-05T06:19:20+02:00,2026-09-05T06:19:20+02:00,80.0,1,Drammen,VYG:Line:RE11,Eidsvoll-Oslo S-Skien,RE11,rail,VYG:ServiceJourney:BUS-804_654209-R,True,actual,False,,,,,2026-09-05T08:24:10.398942+02:00
NSR:StopPlace:58211,Oslo lufthavn,2026-09-05T06:51:00+02:00,2026-09-05T06:52:20+02:00,2026-09-05T06:52:20+02:00,80.0,1,Oslo bussterminal,RUT:Line:400,Oslo lufthavn - Veståsen - Olavsgaard - Oslo,400,bus,RUT:ServiceJourney:6a761fa10d76a9101d1384ed60d96270,True,actual,False,,,,,2026-09-05T08:24:10.398942+02:00
NSR:StopPlace:261,Ganddal stasjon,2026-09-05T08:15:00+02:00,2026-09-05T08:16:20+02:00,2026-09-05T08:16:20+02:00,80.0,1,Egersund,GOA:Line:59,Jærbanen,L5,rail,GOA:ServiceJourney:3016_63048-R,True,actual,False,,,,,2026-09-05T08:24:10.398942+02:00
NSR:StopPlace:59648,Kjelsås stasjon,2026-09-05T03:18:00+02:00,2026-09-05T03:19:20+02:00,2026-09-05T03:19:20+02:00,80.0,1,Majorstuen,RUT:Line:3911,Majorstuen - Kjelsås,11N,bus,RUT:ServiceJourney:b306170c9e942b482ece23fdc6dc5e9f,True,actual,False,,,,,2026-09-05T03:37:34.550234+02:00
NSR:StopPlace:60944,Ski stasjon,2026-09-05T02:42:00+02:00,2026-09-05T02:43:20+02:00,2026-09-05T02:43:20+02:00,80.0,1,Vinterbro,RUT:Line:520,Vinterbro - Ski stasjon,520,bus,RUT:ServiceJourney:0a7fb2ae6ae846cc6fbd70246ada7d74,True,actual,False,,,,,2026-09-05T03:37:34.550234+02:00
NSR:StopPlace:61169,Marienborg stasjon,2026-09-05T07:08:00+02:00,2026-09-05T07:09:19+02:00,2026-09-05T07:09:19+02:00,79.0,1,Havstad,ATB:Line:2_13,Østmarka - Strindheim - Lerkendal - Havstad,13,bus,ATB:ServiceJourney:13_251215112552740_6006,True,actual,False,,,,,2026-09-05T08:24:10.398942+02:00
NSR:StopPlace:59620,Grorud stasjon,2026-09-05T06:57:00+02:00,2026-09-05T06:58:19+02:00,2026-09-05T06:58:19+02:00,79.0,1,Stovner,RUT:Line:65,Furuset T - Stovner T via Smedstua,65,bus,RUT:ServiceJourney:960aa2fea32d102e2f63bc8f3dfd23e4,True,actual,False,,,,,2026-09-05T08:24:10.398942+02:00
NSR:StopPlace:59638,Myrvoll stasjon,2026-09-05T08:05:00+02:00,2026-09-05T08:06:19+02:00,2026-09-05T08:06:19+02:00,79.0,1,Filipstad,RUT:Line:81,Fornebu - Myrvoll stasjon,81,bus,RUT:ServiceJourney:e3248451bb9a6ede088662c81e0da4a9,True,actual,False,,,,,2026-09-05T08:24:10.398942+02:00
NSR:StopPlace:58404,Nationaltheatret,2026-09-05T06:09:00+02:00,2026-09-05T06:10:19+02:00,2026-09-05T06:10:19+02:00,79.0,1,Stabekk,VYG:Line:R21,Stabekk-Oslo S-Moss,R21,rail,VYG:ServiceJourney:1106-MOS_442977-R,True,actual,False,,,,,2026-09-05T08:24:10.398942+02:00
NSR:StopPlace:58845,Eidsvoll verk stasjon,2026-09-05T07:05:00+02:00,2026-09-05T07:06:19+02:00,2026-09-05T07:06:19+02:00,79.0,1,Skien,VYG:Line:RE11,Eidsvoll-Oslo S-Skien,RE11,rail,VYG:ServiceJourney:807-EVL_652708-R,True,actual,False,,,,,2026-09-05T08:24:10.398942+02:00
NSR:StopPlace:58840,Vestfossen stasjon,2026-09-05T06:53:00+02:00,2026-09-05T06:54:19+02:00,2026-09-05T06:54:19+02:00,79.0,1,Eidsvoll,VYG:Line:R12,Kongsberg-Oslo S-Eidsvoll,R12,rail,VYG:ServiceJourney:506_444299-R,True,actual,False,,,,,2026-09-05T08:24:10.398942+02:00
NSR:StopPlace:58856,Lysaker stasjon,2026-09-05T06:36:00+02:00,2026-09-05T06:37:19+02:00,2026-09-05T06:37:19+02:00,79.0,1,Grorud T,RUT:Line:31,Snarøya - Fornebu - Tonsenhagen - Grorud,31,bus,RUT:ServiceJourney:8dde1383efcac431164074eeb6ae1d82,True,actual,False,,,,,2026-09-05T08:24:10.398942+02:00
NSR:StopPlace:58869,Ås stasjon,2026-09-05T07:40:00+02:00,2026-09-05T07:41:19+02:00,2026-09-05T07:41:19+02:00,79.0,1,Moss,VYG:Line:R21,Stabekk-Oslo S-Moss,R21,rail,VYG:ServiceJourney:1109-HVK_442980-R,True,actual,False,,,,,2026-09-05T08:24:10.398942+02:00
NSR:StopPlace:59620,Grorud stasjon,2026-09-05T07:23:00+02:00,2026-09-05T07:24:18+02:00,2026-09-05T07:24:18+02:00,78.0,1,Lillestrøm,VYG:Line:L1,Spikkestad-Oslo S-Lillestrøm,L1,rail,VYG:ServiceJourney:2210_443600-R,True,actual,False,,,,,2026-09-05T08:24:10.398942+02:00
NSR:StopPlace:59636,Holmlia stasjon,2026-09-05T06:30:00+02:00,2026-09-05T06:31:18+02:00,2026-09-05T06:31:18+02:00,78.0,1,Stabekk,VYG:Line:L2,Stabekk-Oslo S-Ski,L2,rail,VYG:ServiceJourney:2710-SKI_443916-R,True,actual,False,,,,,2026-09-05T08:24:10.398942+02:00
NSR:StopPlace:59636,Holmlia stasjon,2026-09-05T08:12:00+02:00,2026-09-05T08:13:18+02:00,2026-09-05T08:13:18+02:00,78.0,1,Krummedike,RUT:Line:2077,Holmlia stasjon - Asperudåsen,77B,bus,RUT:ServiceJourney:aaa065ab2916baac7633100189da5e03,True,actual,False,,,,,2026-09-05T08:24:10.398942+02:00
NSR:StopPlace:59639,Sonsveien stasjon,2026-09-05T07:51:00+02:00,2026-09-05T07:52:18+02:00,2026-09-05T07:52:18+02:00,78.0,1,Moss,VYG:Line:R21,Stabekk-Oslo S-Moss,R21,rail,VYG:ServiceJourney:1109-HVK_442980-R,True,actual,False,,,,,2026-09-05T08:24:10.398942+02:00
NSR:StopPlace:58869,Ås stasjon,2026-09-05T06:15:00+02:00,2026-09-05T06:16:18+02:00,2026-09-05T06:16:18+02:00,78.0,1,Stabekk,VYG:Line:R21,Stabekk-Oslo S-Moss,R21,rail,VYG:ServiceJourney:1108-MOS_442979-R,True,actual,False,,,,,2026-09-05T08:24:10.398942+02:00
NSR:StopPlace:58211,Oslo lufthavn,2026-09-05T06:40:00+02:00,2026-09-05T06:41:18+02:00,2026-09-05T06:41:18+02:00,78.0,1,Nordkisa,RUT:Line:440,Fenstad/Nordkisa - Oslo lufthavn,440,bus,RUT:ServiceJourney:2df2b3a2a6492a2c654a20606fa95f35,True,actual,False,,,,,2026-09-05T08:24:10.398942+02:00
NSR:StopPlace:610,Sandvika stasjon,2026-09-05T05:40:00+02:00,2026-09-05T05:41:18+02:00,2026-09-05T05:41:18+02:00,78.0,1,Oslo Lufthavn,FLT:Line:FLY1,FLY1,FLY1,rail,FLT:ServiceJourney:1-2614-3709-20260905,True,actual,False,,,,,2026-09-05T08:24:10.398942+02:00
NSR:StopPlace:59872,Oslo S,2026-09-05T07:11:00+02:00,2026-09-05T07:12:17+02:00,2026-09-05T07:12:17+02:00,77.0,1,Spikkestad,VYG:Line:L1,Spikkestad-Oslo S-Lillestrøm,L1,rail,VYG:ServiceJourney:2209_443598-R,True,actual,False,,,,,2026-09-05T08:24:10.398942+02:00
NSR:StopPlace:60944,Ski stasjon,2026-09-05T07:44:00+02:00,2026-09-05T07:45:17+02:00,2026-09-05T07:45:17+02:00,77.0,1,Ski næringspark,RUT:Line:520,Vinterbro - Ski stasjon,520,bus,RUT:ServiceJourney:1b5f61c522b1b7b728bf255156cb7b3e,True,actual,False,,,,,2026-09-05T08:24:10.398942+02:00
NSR:StopPlace:59977,Trondheim S,2026-09-05T07:17:00+02:00,2026-09-05T07:18:17+02:00,2026-09-05T07:18:17+02:00,77.0,1,Muruvik via Brattøra,ATB:Line:2_70,Stjørdal/Hommelvik- Trondheim,70,bus,ATB:ServiceJourney:70_251215112547057_6003,True,actual,False,,,,,2026-09-05T08:24:10.398942+02:00
NSR:StopPlace:59616,Asker stasjon,2026-09-05T07:40:00+02:00,2026-09-05T07:41:17+02:00,2026-09-05T07:41:17+02:00,77.0,1,Fornebu,RUT:Line:270,Asker - Sandvika (- Fornebu),270,bus,RUT:ServiceJourney:485d9a388f0f237755ea23184e1a866d,True,actual,False,,,,,2026-09-05T08:24:10.398942+02:00
NSR:StopPlace:58404,Nationaltheatret,2026-09-05T06:21:00+02:00,2026-09-05T06:22:17+02:00,2026-09-05T06:22:17+02:00,77.0,1,Nydalen T,RUT:Line:37,Nydalen T - Helsfyr,37,bus,RUT:ServiceJourney:de39d9edd26d54528ef9f4f09873a570,True,actual,False,,,,,2026-09-05T08:24:10.398942+02:00
NSR:StopPlace:628,Darbu stasjon,2026-09-05T07:47:00+02:00,2026-09-05T07:48:17+02:00,2026-09-05T07:48:17+02:00,77.0,1,Eidsvoll,VYG:Line:R12,Kongsberg-Oslo S-Eidsvoll,R12,rail,VYG:ServiceJourney:508_444301-R,True,actual,False,,,,,2026-09-05T08:24:10.398942+02:00
NSR:StopPlace:59616,Asker stasjon,2026-09-05T02:07:00+02:00,2026-09-05T02:08:17+02:00,2026-09-05T02:08:17+02:00,77.0,1,Dikemark,RUT:Line:280,Asker - Dikemark - Heggedal,280,bus,RUT:ServiceJourney:bd7ad0dcf30018d178b50d35d2ebcdb0,True,actual,False,,,,,2026-09-05T03:37:34.550234+02:00
NSR:StopPlace:61463,Nordstrand stasjon,2026-09-05T06:37:00+02:00,2026-09-05T06:38:16+02:00,2026-09-05T06:38:16+02:00,76.0,1,Stabekk,VYG:Line:L2,Stabekk-Oslo S-Ski,L2,rail,VYG:ServiceJourney:2710-SKI_443916-R,True,actual,False,,,,,2026-09-05T08:24:10.398942+02:00
NSR:StopPlace:61735,Hell stasjon,2026-09-05T07:34:00+02:00,2026-09-05T07:35:16+02:00,2026-09-05T07:35:16+02:00,76.0,1,Storlien,SJN:Line:72,Meråkerbanen,R71,rail,SJN:ServiceJourney:1303_53534-R,True,actual,False,,,,,2026-09-05T08:24:10.398942+02:00
NSR:StopPlace:60640,Heimdal stasjon,2026-09-05T08:01:00+02:00,2026-09-05T08:02:16+02:00,2026-09-05T08:02:16+02:00,76.0,1,Ranheim via Tiller-sentrum,ATB:Line:2_1,Ranheim - Strindheim - sentrum - Tiller - Heimdal - Kattem,1,bus,ATB:ServiceJourney:1_251215112545886_6013,True,actual,False,,,,,2026-09-05T08:24:10.398942+02:00
NSR:StopPlace:58404,Nationaltheatret,2026-09-05T06:13:00+02:00,2026-09-05T06:14:16+02:00,2026-09-05T06:14:16+02:00,76.0,1,Spikkestad,VYG:Line:L1,Spikkestad-Oslo S-Lillestrøm,L1,rail,VYG:ServiceJourney:2205_481233-R,True,actual,False,,,,,2026-09-05T08:24:10.398942+02:00
NSR:StopPlace:58404,Nationaltheatret,2026-09-05T06:19:00+02:00,2026-09-05T06:20:16+02:00,2026-09-05T06:20:16+02:00,76.0,1,Stabekk,VYG:Line:L2,Stabekk-Oslo S-Ski,L2,rail,VYG:ServiceJourney:2708-SKI_443914-R,True,actual,False,,,,,2026-09-05T08:24:10.398942+02:00
NSR:StopPlace:58851,Heggedal stasjon,2026-09-05T07:59:00+02:00,2026-09-05T08:00:16+02:00,2026-09-05T08:00:16+02:00,76.0,1,Rustadgrenda,RUT:Line:286,Rustadgrenda-Heggedal,286,bus,RUT:ServiceJourney:5d908b155492f92c33a2aa91c6b517ea,True,actual,False,,,,,2026-09-05T08:24:10.398942+02:00
NSR:StopPlace:58886,Arendal stasjon,2026-09-05T07:47:00+02:00,2026-09-05T07:48:16+02:00,2026-09-05T07:48:16+02:00,76.0,1,Eydehavn,AKT:Line:101,Eydehavn-Arendal-Grimstad N/S,101,bus,AKT:ServiceJourney:71910_522_79_50160_54360_40001426,True,actual,False,,,,,2026-09-05T08:24:10.398942+02:00
NSR:StopPlace:61169,Marienborg stasjon,2026-09-05T06:37:00+02:00,2026-09-05T06:38:15+02:00,2026-09-05T06:38:15+02:00,75.0,1,Pirbadet via St. Olavs hospital,ATB:Line:2_23,Brattøra - St. Olavs - Hallset - Flatåsen - Sandmoen,23,bus,ATB:ServiceJourney:23_251215112545605_6001,True,actual,False,,,,,2026-09-05T08:24:10.398942+02:00
NSR:StopPlace:60944,Ski stasjon,2026-09-05T06:09:00+02:00,2026-09-05T06:10:15+02:00,2026-09-05T06:10:15+02:00,75.0,1,Stabekk,VYG:Line:L2,Stabekk-Oslo S-Ski,L2,rail,VYG:ServiceJourney:2710-SKI_443916-R,True,actual,False,,,,,2026-09-05T08:24:10.398942+02:00
NSR:StopPlace:58856,Lysaker stasjon,2026-09-05T06:06:00+02:00,2026-09-05T06:07:15+02:00,2026-09-05T06:07:15+02:00,75.0,1,Grorud T,RUT:Line:31,Snarøya - Fornebu - Tonsenhagen - Grorud,31,bus,RUT:ServiceJourney:92bed3a4a515d9c8207c7d27a2ccbe97,True,actual,False,,,,,2026-09-05T08:24:10.398942+02:00
NSR:StopPlace:58857,Lørenskog stasjon,2026-09-05T07:29:00+02:00,2026-09-05T07:30:15+02:00,2026-09-05T07:30:15+02:00,75.0,1,Lillestrøm,VYG:Line:L1,Spikkestad-Oslo S-Lillestrøm,L1,rail,VYG:ServiceJourney:2210_443600-R,True,actual,False,,,,,2026-09-05T08:24:10.398942+02:00
NSR:StopPlace:58893,Grovane stasjon,2026-09-05T07:07:00+02:00,2026-09-05T07:08:15+02:00,2026-09-05T07:08:15+02:00,75.0,1,Kristiansand via Moseidmoen - Mosby,AKT:Line:30,Kvadraturen - Mosby - Vennesl,30,bus,AKT:ServiceJourney:102070_6072_48_51240_54000_40001545,True,actual,False,,,,,2026-09-05T08:24:10.398942+02:00
NSR:StopPlace:58823,Jaren stasjon,2026-09-05T06:06:00+02:00,2026-09-05T06:07:15+02:00,2026-09-05T06:07:15+02:00,75.0,1,Oslo S,VYG:Line:R31,Skøyen-Jaren-Gjøvik,R31,rail,VYG:ServiceJourney:BUS-204_655086-R,True,actual,False,,,,,2026-09-05T08:24:10.398942+02:00
NSR:StopPlace:63079,Skeiane stasjon,2026-09-05T08:12:00+02:00,2026-09-05T08:13:15+02:00,2026-09-05T08:13:15+02:00,75.0,1,Egersund,GOA:Line:59,Jærbanen,L5,rail,GOA:ServiceJourney:3016_63048-R,True,actual,False,,,,,2026-09-05T08:24:10.398942+02:00
NSR:StopPlace:8,Paradis stasjon,2026-09-05T06:47:00+02:00,2026-09-05T06:48:14+02:00,2026-09-05T06:48:14+02:00,74.0,1,Egersund,GOA:Line:59,Jærbanen,L5,rail,GOA:ServiceJourney:3012_63044-R,True,actual,False,,,,,2026-09-05T08:24:10.398942+02:00
NSR:StopPlace:59648,Kjelsås stasjon,2026-09-05T07:25:00+02:00,2026-09-05T07:26:14+02:00,2026-09-05T07:26:14+02:00,74.0,1,Majorstuen,RUT:Line:25,Majorstuen-Haugerud,25,bus,RUT:ServiceJourney:85ab5e44239139c9a13894c2b4d1a6ac,True,actual,False,,,,,2026-09-05T08:24:10.398942+02:00
NSR:StopPlace:59653,Haugenstua stasjon,2026-09-05T06:55:00+02:00,2026-09-05T06:56:14+02:00,2026-09-05T06:56:14+02:00,74.0,1,Spikkestad,VYG:Line:L1,Spikkestad-Oslo S-Lillestrøm,L1,rail,VYG:ServiceJourney:2209_443598-R,True,actual,False,,,,,2026-09-05T08:24:10.398942+02:00
NSR:StopPlace:59977,Trondheim S,2026-09-05T06:22:00+02:00,2026-09-05T06:23:14+02:00,2026-09-05T06:23:14+02:00,74.0,1,Vikåsen via Singsaker,ATB:Line:2_25,Vikåsen- Strindheim- Singsaker,25,bus,ATB:ServiceJourney:25_251215112543430_6001,True,actual,False,,,,,2026-09-05T08:24:10.398942+02:00
NSR:StopPlace:58830,Brakerøya stasjon,2026-09-05T07:38:00+02:00,2026-09-05T07:39:14+02:00,2026-09-05T07:39:14+02:00,74.0,1,Dal,VYG:Line:R13,Drammen-Oslo S-Dal,R13,rail,VYG:ServiceJourney:1613_443238-R,True,actual,False,,,,,2026-09-05T08:24:10.398942+02:00
NSR:StopPlace:58860,Oppegård stasjon,2026-09-05T07:31:00+02:00,2026-09-05T07:32:14+02:00,2026-09-05T07:32:14+02:00,74.0,1,Ski stasjon,RUT:Line:580,Kolbotn - Ski,580,bus,RUT:ServiceJourney:cbab767d2d86bfd4ebe91be9306d573c,True,actual,False,,,,,2026-09-05T08:24:10.398942+02:00
NSR:StopPlace:58800,Råde stasjon,2026-09-05T05:53:00+02:00,2026-09-05T05:54:14+02:00,2026-09-05T05:54:14+02:00,74.0,1,Oslo S,VYG:Line:RE20,Oslo S-Halden-Göteborg (X-Border),RE20,rail,VYG:ServiceJourney:104_442952-R,True,actual,False,,,,,2026-09-05T08:24:10.398942+02:00
NSR:StopPlace:610,Sandvika stasjon,2026-09-05T06:00:00+02:00,2026-09-05T06:01:14+02:00,2026-09-05T06:01:14+02:00,74.0,1,Oslo Lufthavn,FLT:Line:FLY1,FLY1,FLY1,rail,FLT:ServiceJourney:1-2614-3711-20260905,True,actual,False,,,,,2026-09-05T08:24:10.398942+02:00
NSR:StopPlace:61169,Marienborg stasjon,2026-09-05T06:42:00+02:00,2026-09-05T06:43:13+02:00,2026-09-05T06:43:13+02:00,73.0,1,Sandmoen via Flatåsen,ATB:Line:2_23,Brattøra - St. Olavs - Hallset - Flatåsen - Sandmoen,23,bus,ATB:ServiceJourney:23_251215112545481_6002,True,actual,False,,,,,2026-09-05T08:24:10.398942+02:00
NSR:StopPlace:61169,Marienborg stasjon,2026-09-05T07:42:00+02:00,2026-09-05T07:43:13+02:00,2026-09-05T07:43:13+02:00,73.0,1,Sandmoen via Flatåsen,ATB:Line:2_23,Brattøra - St. Olavs - Hallset - Flatåsen - Sandmoen,23,bus,ATB:ServiceJourney:23_251215112545485_6008,True,actual,False,,,,,2026-09-05T08:24:10.398942+02:00
NSR:StopPlace:59648,Kjelsås stasjon,2026-09-05T07:11:00+02:00,2026-09-05T07:12:13+02:00,2026-09-05T07:12:13+02:00,73.0,1,Haugerud,RUT:Line:25,Majorstuen-Haugerud,25,bus,RUT:ServiceJourney:abf1e30664b2447727ee0eb00f0778bb,True,actual,False,,,,,2026-09-05T08:24:10.398942+02:00
NSR:StopPlace:59648,Kjelsås stasjon,2026-09-05T08:11:00+02:00,2026-09-05T08:12:13+02:00,2026-09-05T08:12:13+02:00,73.0,1,Haugerud,RUT:Line:25,Majorstuen-Haugerud,25,bus,RUT:ServiceJourney:09bd9c0d1e84a09fa2b066ba63fec749,True,actual,False,,,,,2026-09-05T08:24:10.398942+02:00
NSR:StopPlace:59659,Atna stasjon,2026-09-05T07:52:00+02:00,2026-09-05T07:53:13+02:00,2026-09-05T07:53:13+02:00,73.0,1,Hamar,SJN:Line:25,Rørosbanen,R60,rail,SJN:ServiceJourney:2380_37659-R,True,actual,False,,,,,2026-09-05T08:24:10.398942+02:00
NSR:StopPlace:59654,Stabekk stasjon,2026-09-05T08:09:00+02:00,2026-09-05T08:10:13+02:00,2026-09-05T08:10:13+02:00,73.0,1,Gullhaug,RUT:Line:150,Gullhaug - Nationaltheatret,150,bus,RUT:ServiceJourney:e9618e9a7b1d055a68f1acbddd2969bf,True,actual,False,Holdeplass Stabekk stasjon i retning mot Bekkestua er flyttet ca. 50 meter bakover.,Dette skyldes anleggsarbeid i området.,incident,normal,2026-09-05T08:24:10.398942+02:00
NSR:StopPlace:59690,Dovre stasjon,2026-09-05T05:32:00+02:00,2026-09-05T05:33:13+02:00,2026-09-05T05:33:13+02:00,73.0,1,Drammen,VYG:Line:RE10,Drammen-Oslo S-Lillehammer,RE10,rail,VYG:ServiceJourney:358-DOM_621902-R,True,actual,False,,,,,2026-09-05T08:24:10.398942+02:00
NSR:StopPlace:59616,Asker stasjon,2026-09-05T07:45:00+02:00,2026-09-05T07:46:13+02:00,2026-09-05T07:46:13+02:00,73.0,1,Borgen,RUT:Line:281,Borgen - Asker,281,bus,RUT:ServiceJourney:df87516d2b1dd37614e535ee05c7ae88,True,actual,False,,,,,2026-09-05T08:24:10.398942+02:00
NSR:StopPlace:58404,Nationaltheatret,2026-09-05T06:12:00+02:00,2026-09-05T06:13:13+02:00,2026-09-05T06:13:13+02:00,73.0,1,Nydalen,RUT:Line:5,Sognsvann - Vestli,5,metro,RUT:ServiceJourney:dcf2debb6030a58c761f934a0ee6ef8a,True,actual,False,Buss for t-bane (4B) mellom Nydalen og Økern,Linje 4 kjører kun mellom Bergkrystallen og Stortinget. Benytt linje 5 for reiser mellom Stortinget og Nydalen via Ullevål stadion. Se reiseplanlegger for detaljer rundt din reise.,incident,normal,2026-09-05T08:24:10.398942+02:00
NSR:StopPlace:58794,Fredrikstad stasjon,2026-09-05T07:41:00+02:00,2026-09-05T07:42:13+02:00,2026-09-05T07:42:13+02:00,73.0,1,Oslo S,VYG:Line:RE20,Oslo S-Halden-Göteborg (X-Border),RE20,rail,VYG:ServiceJourney:108_442966-R,True,actual,False,,,,,2026-09-05T08:24:10.398942+02:00
NSR:StopPlace:58795,Kambo stasjon,2026-09-05T07:55:00+02:00,2026-09-05T07:56:13+02:00,2026-09-05T07:56:13+02:00,73.0,1,Moss,VYG:Line:R21,Stabekk-Oslo S-Moss,R21,rail,VYG:ServiceJourney:1109-HVK_442980-R,True,actual,False,,,,,2026-09-05T08:24:10.398942+02:00
NSR:StopPlace:58866,Vevelstad stasjon,2026-09-05T08:21:00+02:00,2026-09-05T08:22:13+02:00,2026-09-05T08:22:13+02:00,73.0,1,Drøbak - Seiersten,RUT:Line:510,Bøleråsen - Ski - Ås - Drøbak,510,bus,RUT:ServiceJourney:ad4e8c2f7566cea8f7c55dda734ecd57,True,actual,False,,,,,2026-09-05T08:24:10.398942+02:00
NSR:StopPlace:6,Greverud stasjon,2026-09-05T08:18:00+02:00,2026-09-05T08:19:12+02:00,2026-09-05T08:19:12+02:00,72.0,1,Stabekk,VYG:Line:L2,Stabekk-Oslo S-Ski,L2,rail,VYG:ServiceJourney:2718-SKI_443924-R,True,actual,False,,,,,2026-09-05T08:24:10.398942+02:00
NSR:StopPlace:59652,Tøyen stasjon,2026-09-05T06:57:00+02:00,2026-09-05T06:58:12+02:00,2026-09-05T06:58:12+02:00,72.0,1,Tonsenhagen,RUT:Line:60,Vippetangen-Tonsenhagen,60,bus,RUT:ServiceJourney:714285022316b44b11c5a6589b8761b0,True,actual,False,,,,,2026-09-05T08:24:10.398942+02:00
NSR:StopPlace:59957,Klepp stasjon,2026-09-05T08:22:00+02:00,2026-09-05T08:23:12+02:00,2026-09-05T08:23:12+02:00,72.0,1,Egersund,GOA:Line:59,Jærbanen,L5,rail,GOA:ServiceJourney:3016_63048-R,True,actual,False,,,,,2026-09-05T08:24:10.398942+02:00
NSR:StopPlace:59977,Trondheim S,2026-09-05T07:12:00+02:00,2026-09-05T07:13:12+02:00,2026-09-05T07:13:12+02:00,72.0,1,Sandmoen via St. Olavs h.-Byåsen,ATB:Line:2_23,Brattøra - St. Olavs - Hallset - Flatåsen - Sandmoen,23,bus,ATB:ServiceJourney:23_251215112548521_6006,True,actual,False,,,,,2026-09-05T08:24:10.398942+02:00
NSR:StopPlace:59635,Hauketo stasjon,2026-09-05T07:05:00+02:00,2026-09-05T07:06:12+02:00,2026-09-05T07:06:12+02:00,72.0,1,Bjørndal,RUT:Line:77,Holmlia stasjon - Bjørndal,77,bus,RUT:ServiceJourney:c8c50f92026843a9af063514ab67ce4c,True,actual,False,,,,,2026-09-05T08:24:10.398942+02:00
NSR:StopPlace:58854,Langhus stasjon,2026-09-05T07:42:00+02:00,2026-09-05T07:43:12+02:00,2026-09-05T07:43:12+02:00,72.0,1,Stabekk,VYG:Line:L2,Stabekk-Oslo S-Ski,L2,rail,VYG:ServiceJourney:2716-SKI_443922-R,True,actual,False,,,,,2026-09-05T08:24:10.398942+02:00
NSR:StopPlace:425,Vinstra stasjon,2026-09-05T06:16:00+02:00,2026-09-05T06:17:12+02:00,2026-09-05T06:17:12+02:00,72.0,1,Drammen,VYG:Line:RE10,Drammen-Oslo S-Lillehammer,RE10,rail,VYG:ServiceJourney:358-DOM_621902-R,True,actual,False,,,,,2026-09-05T08:24:10.398942+02:00
NSR:StopPlace:6,Greverud stasjon,2026-09-05T06:48:00+02:00,2026-09-05T06:49:11+02:00,2026-09-05T06:49:11+02:00,71.0,1,Stabekk,VYG:Line:L2,Stabekk-Oslo S-Ski,L2,rail,VYG:ServiceJourney:2712-SKI_443918-R,True,actual,False,,,,,2026-09-05T08:24:10.398942+02:00
NSR:StopPlace:59641,Fjellhamar stasjon,2026-09-05T07:33:00+02:00,2026-09-05T07:34:11+02:00,2026-09-05T07:34:11+02:00,71.0,1,Lillestrøm,VYG:Line:L1,Spikkestad-Oslo S-Lillestrøm,L1,rail,VYG:ServiceJourney:2210_443600-R,True,actual,False,,,,,2026-09-05T08:24:10.398942+02:00
NSR:StopPlace:59643,Grefsen stasjon,2026-09-05T07:28:00+02:00,2026-09-05T07:29:11+02:00,2026-09-05T07:29:11+02:00,71.0,1,Gjøvik,VYG:Line:R31,Skøyen-Jaren-Gjøvik,R31,rail,VYG:ServiceJourney:BUS-205_655098-R,True,actual,False,,,,,2026-09-05T08:24:10.398942+02:00
NSR:StopPlace:59652,Tøyen stasjon,2026-09-05T07:57:00+02:00,2026-09-05T07:58:11+02:00,2026-09-05T07:58:11+02:00,71.0,1,Tonsenhagen,RUT:Line:60,Vippetangen-Tonsenhagen,60,bus,RUT:ServiceJourney:a6c371e837579ed0a0bdd6e9bd4ff76d,True,actual,False,,,,,2026-09-05T08:24:10.398942+02:00
NSR:StopPlace:60944,Ski stasjon,2026-09-05T07:54:00+02:00,2026-09-05T07:55:11+02:00,2026-09-05T07:55:11+02:00,71.0,1,Bøleråsen,RUT:Line:510,Bøleråsen - Ski - Ås - Drøbak,510,bus,RUT:ServiceJourney:8ecd68515f1d9e3d9ebeab9c7c36c427,True,actual,False,,,,,2026-09-05T08:24:10.398942+02:00
NSR:StopPlace:59620,Grorud stasjon,2026-09-05T07:27:00+02:00,2026-09-05T07:28:11+02:00,2026-09-05T07:28:11+02:00,71.0,1,Stovner,RUT:Line:65,Furuset T - Stovner T via Smedstua,65,bus,RUT:ServiceJourney:056b5f727b0ae616bff26eca16062d9b,True,actual,False,,,,,2026-09-05T08:24:10.398942+02:00
NSR:StopPlace:58838,Røyken stasjon,2026-09-05T07:37:00+02:00,2026-09-05T07:38:11+02:00,2026-09-05T07:38:11+02:00,71.0,1,Drammen,RUT:Line:261,Drammen - Lahell - Røyken - Sætre,261,bus,RUT:ServiceJourney:eedde4cca36957dc5096e3fd680bb32f,True,actual,False,Fra 17/8 går linje 61-63-71-73-251-261 og skolebusser fra holdeplass ved Skutebrygga ut av byen.Les mer på brakar.no/trafikkmeldinger.,,general,normal,2026-09-05T08:24:10.398942+02:00
NSR:StopPlace:58856,Lysaker stasjon,2026-09-05T06:49:00+02:00,2026-09-05T06:50:11+02:00,2026-09-05T06:50:11+02:00,71.0,1,Skien,VYG:Line:RE11,Eidsvoll-Oslo S-Skien,RE11,rail,VYG:ServiceJourney:805-EVL_652702-R,True,actual,False,,,,,2026-09-05T08:24:10.398942+02:00
NSR:StopPlace:58211,Oslo lufthavn,2026-09-05T05:51:00+02:00,2026-09-05T05:52:11+02:00,2026-09-05T05:52:11+02:00,71.0,1,Oslo bussterminal,RUT:Line:400,Oslo lufthavn - Veståsen - Olavsgaard - Oslo,400,bus,RUT:ServiceJourney:7cb895541aa35273080d854c249386db,True,actual,False,,,,,2026-09-05T08:24:10.398942+02:00
NSR:StopPlace:610,Sandvika stasjon,2026-09-05T08:00:00+02:00,2026-09-05T08:01:11+02:00,2026-09-05T08:01:11+02:00,71.0,1,Oslo Lufthavn,FLT:Line:FLY1,FLY1,FLY1,rail,FLT:ServiceJourney:1-2614-3723-20260905,True,actual,False,,,,,2026-09-05T08:24:10.398942+02:00
NSR:StopPlace:62308,Alna stasjon,2026-09-05T06:02:00+02:00,2026-09-05T06:03:11+02:00,2026-09-05T06:03:11+02:00,71.0,1,Spikkestad,VYG:Line:L1,Spikkestad-Oslo S-Lillestrøm,L1,rail,VYG:ServiceJourney:2205_481233-R,True,actual,False,,,,,2026-09-05T08:24:10.398942+02:00
NSR:StopPlace:59977,Trondheim S,2026-09-05T06:59:00+02:00,2026-09-05T07:00:10+02:00,2026-09-05T07:00:10+02:00,70.0,1,Ratesvingen via sentrum,ATB:Line:2_10,Sæterbakken- Strindheim- Sentrum- Ratesvingen,10,bus,ATB:ServiceJourney:10_260311106205433_6006,True,actual,False,,,,,2026-09-05T08:24:10.398942+02:00
NSR:StopPlace:59977,Trondheim S,2026-09-05T07:19:00+02:00,2026-09-05T07:20:10+02:00,2026-09-05T07:20:10+02:00,70.0,1,Ratesvingen via sentrum,ATB:Line:2_10,Sæterbakken- Strindheim- Sentrum- Ratesvingen,10,bus,ATB:ServiceJourney:10_260311106205437_6008,True,actual,False,,,,,2026-09-05T08:24:10.398942+02:00
NSR:StopPlace:59616,Asker stasjon,2026-09-05T06:45:00+02:00,2026-09-05T06:46:10+02:00,2026-09-05T06:46:10+02:00,70.0,1,Borgen,RUT:Line:281,Borgen - Asker,281,bus,RUT:ServiceJourney:f1029adb71afdcff68f686008f703ff1,True,actual,False,,,,,2026-09-05T08:24:10.398942+02:00
NSR:StopPlace:59616,Asker stasjon,2026-09-05T07:00:00+02:00,2026-09-05T07:01:10+02:00,2026-09-05T07:01:10+02:00,70.0,1,Skien,VYG:Line:RE11,Eidsvoll-Oslo S-Skien,RE11,rail,VYG:ServiceJourney:805-EVL_652702-R,True,actual,False,,,,,2026-09-05T08:24:10.398942+02:00
NSR:StopPlace:59616,Asker stasjon,2026-09-05T07:15:00+02:00,2026-09-05T07:16:10+02:00,2026-09-05T07:16:10+02:00,70.0,1,Borgen,RUT:Line:281,Borgen - Asker,281,bus,RUT:ServiceJourney:da52cbaf14732bfde0db736556aeb862,True,actual,False,,,,,2026-09-05T08:24:10.398942+02:00
NSR:StopPlace:59616,Asker stasjon,2026-09-05T07:37:00+02:00,2026-09-05T07:38:10+02:00,2026-09-05T07:38:10+02:00,70.0,1,Dikemark,RUT:Line:280,Asker - Dikemark - Heggedal,280,bus,RUT:ServiceJourney:991ce6725b3fe39040a9676a4f41a419,True,actual,False,,,,,2026-09-05T08:24:10.398942+02:00
NSR:StopPlace:58880,Neslandsvatn stasjon,2026-09-05T04:23:00+02:00,2026-09-05T04:24:10+02:00,2026-09-05T04:24:10+02:00,70.0,1,Oslo S,GOA:Line:50,Sørtoget region,F5,rail,GOA:ServiceJourney:726-KVB_63257-R,True,actual,False,,,,,2026-09-05T08:24:10.398942+02:00
NSR:StopPlace:58211,Oslo lufthavn,2026-09-05T04:45:00+02:00,2026-09-05T04:46:10+02:00,2026-09-05T04:46:10+02:00,70.0,1,Oslo sentrum via Helsfyr-Hasle-Bislett,NBU:Line:a7c15243-8873-4aee-a8b4-8d22e8ad31dc,Oslo sentrum via Helsfyr-Hasle-Bislett,FB5,bus,NBU:ServiceJourney:6c9728da-6c9e-4b94-b137-6101104c1330,True,actual,False,,,,,2026-09-05T08:24:10.398942+02:00
NSR:StopPlace:58211,Oslo lufthavn,2026-09-05T06:30:00+02:00,2026-09-05T06:31:10+02:00,2026-09-05T06:31:10+02:00,70.0,1,Radiumhospitalet via Økern-Storo-Tåsen,NBU:Line:cb7b555c-f96e-42d5-84bf-a5e08c0145c2,Radiumhospitalet via Økern-Storo-Tåsen,FB3,bus,NBU:ServiceJourney:80568733-4a80-4ffd-9cc2-b04de8a1fda1,True,actual,False,,,,,2026-09-05T08:24:10.398942+02:00
NSR:StopPlace:59977,Trondheim S,2026-09-05T06:32:00+02:00,2026-09-05T06:33:09+02:00,2026-09-05T06:33:09+02:00,69.0,1,Hurtigbåtterminalen,ATB:Line:2_25,Vikåsen- Strindheim- Singsaker,25,bus,ATB:ServiceJourney:25_251215112543280_6006,True,actual,False,,,,,2026-09-05T08:24:10.398942+02:00
NSR:StopPlace:59977,Trondheim S,2026-09-05T06:39:00+02:00,2026-09-05T06:40:09+02:00,2026-09-05T06:40:09+02:00,69.0,1,Rate via sentrum,ATB:Line:2_10,Sæterbakken- Strindheim- Sentrum- Ratesvingen,10,bus,ATB:ServiceJourney:10_260311106204725_6004,True,actual,False,,,,,2026-09-05T08:24:10.398942+02:00
NSR:StopPlace:59977,Trondheim S,2026-09-05T06:41:00+02:00,2026-09-05T06:42:09+02:00,2026-09-05T06:42:09+02:00,69.0,1,Ilsvika via sentrum,ATB:Line:2_21,Brattøra- Sentrum- Trolla,21,bus,ATB:ServiceJourney:21_251215112549237_6004,True,actual,False,,,,,2026-09-05T08:24:10.398942+02:00
NSR:StopPlace:60047,Melhus skysstasjon,2026-09-05T06:21:00+02:00,2026-09-05T06:22:09+02:00,2026-09-05T06:22:09+02:00,69.0,1,Trondheim S,ATB:Line:2_340,Trondheim - Støren,340,bus,ATB:ServiceJourney:340_260106098639886_6001,True,actual,False,,,,,2026-09-05T08:24:10.398942+02:00
NSR:StopPlace:58856,Lysaker stasjon,2026-09-05T06:56:00+02:00,2026-09-05T06:57:09+02:00,2026-09-05T06:57:09+02:00,69.0,1,Nationaltheatret,RUT:Line:150,Gullhaug - Nationaltheatret,150,bus,RUT:ServiceJourney:fc2c65c236ef8a0fa5e5e526b738a0fa,True,actual,False,,,,,2026-09-05T08:24:10.398942+02:00
NSR:StopPlace:708,Stange stasjon,2026-09-05T06:27:00+02:00,2026-09-05T06:28:09+02:00,2026-09-05T06:28:09+02:00,69.0,1,Drammen,VYG:Line:RE10,Drammen-Oslo S-Lillehammer,RE10,rail,VYG:ServiceJourney:304-HHS_487829-R,True,actual,False,,,,,2026-09-05T08:24:10.398942+02:00
NSR:StopPlace:61169,Marienborg stasjon,2026-09-05T06:33:00+02:00,2026-09-05T06:34:08+02:00,2026-09-05T06:34:08+02:00,68.0,1,Østmarka via Lerkendal-Strindh.,ATB:Line:2_13,Østmarka - Strindheim - Lerkendal - Havstad,13,bus,ATB:ServiceJourney:13_251215112552831_6003,True,actual,False,,,,,2026-09-05T08:24:10.398942+02:00
NSR:StopPlace:61897,Bryn stasjon,2026-09-05T06:15:00+02:00,2026-09-05T06:16:08+02:00,2026-09-05T06:16:08+02:00,68.0,1,Lillestrøm,VYG:Line:L1,Spikkestad-Oslo S-Lillestrøm,L1,rail,VYG:ServiceJourney:2206_443594-R,True,actual,False,,,,,2026-09-05T08:24:10.398942+02:00
NSR:StopPlace:61897,Bryn stasjon,2026-09-05T07:05:00+02:00,2026-09-05T07:06:08+02:00,2026-09-05T07:06:08+02:00,68.0,1,Spikkestad,VYG:Line:L1,Spikkestad-Oslo S-Lillestrøm,L1,rail,VYG:ServiceJourney:2209_443598-R,True,actual,False,,,,,2026-09-05T08:24:10.398942+02:00
NSR:StopPlace:59648,Kjelsås stasjon,2026-09-05T08:10:00+02:00,2026-09-05T08:11:08+02:00,2026-09-05T08:11:08+02:00,68.0,1,Kværnerbyen,RUT:Line:54,Kværnerbyen - Kjelsås stasjon,54,bus,RUT:ServiceJourney:85fbfa33144e302e10f3e4221e71099c,True,actual,False,,,,,2026-09-05T08:24:10.398942+02:00
NSR:StopPlace:59616,Asker stasjon,2026-09-05T05:54:00+02:00,2026-09-05T05:55:08+02:00,2026-09-05T05:55:08+02:00,68.0,1,Oslo Lufthavn,FLT:Line:FLY1,FLY1,FLY1,rail,FLT:ServiceJourney:1-2614-3711-20260905,True,actual,False,,,,,2026-09-05T08:24:10.398942+02:00
NSR:StopPlace:59616,Asker stasjon,2026-09-05T06:19:00+02:00,2026-09-05T06:20:08+02:00,2026-09-05T06:20:08+02:00,68.0,1,Dal,VYG:Line:R13,Drammen-Oslo S-Dal,R13,rail,VYG:ServiceJourney:1607_443224-R,True,actual,False,,,,,2026-09-05T08:24:10.398942+02:00
NSR:StopPlace:59616,Asker stasjon,2026-09-05T07:29:00+02:00,2026-09-05T07:30:08+02:00,2026-09-05T07:30:08+02:00,68.0,1,Eidsvoll,VYG:Line:R12,Kongsberg-Oslo S-Eidsvoll,R12,rail,VYG:ServiceJourney:506_444299-R,True,actual,False,,,,,2026-09-05T08:24:10.398942+02:00
NSR:StopPlace:58845,Eidsvoll verk stasjon,2026-09-05T08:05:00+02:00,2026-09-05T08:06:08+02:00,2026-09-05T08:06:08+02:00,68.0,1,Skien,VYG:Line:RE11,Eidsvoll-Oslo S-Skien,RE11,rail,VYG:ServiceJourney:809-EVL_652714-R,True,actual,False,,,,,2026-09-05T08:24:10.398942+02:00
NSR:StopPlace:58848,Haga stasjon,2026-09-05T07:13:00+02:00,2026-09-05T07:14:08+02:00,2026-09-05T07:14:08+02:00,68.0,1,Asker,VYG:Line:R14,Asker-Oslo S-Kongsvinger,R14,rail,VYG:ServiceJourney:1006_442911-R,True,actual,False,,,,,2026-09-05T08:24:10.398942+02:00
NSR:StopPlace:58851,Heggedal stasjon,2026-09-05T07:29:00+02:00,2026-09-05T07:30:08+02:00,2026-09-05T07:30:08+02:00,68.0,1,Rustadgrenda,RUT:Line:286,Rustadgrenda-Heggedal,286,bus,RUT:ServiceJourney:9ebd4dfd0a8cbcd0bd181045c24c1ebd,True,actual,False,,,,,2026-09-05T08:24:10.398942+02:00
NSR:StopPlace:58869,Ås stasjon,2026-09-05T05:45:00+02:00,2026-09-05T05:46:08+02:00,2026-09-05T05:46:08+02:00,68.0,1,Stabekk,VYG:Line:R21,Stabekk-Oslo S-Moss,R21,rail,VYG:ServiceJourney:1106-MOS_442977-R,True,actual,False,,,,,2026-09-05T08:24:10.398942+02:00
NSR:StopPlace:58801,Sarpsborg stasjon,2026-09-05T06:30:00+02:00,2026-09-05T06:31:08+02:00,2026-09-05T06:31:08+02:00,68.0,1,Sarpsborg-Kalnes,OST:Line:1_13,Kalnes - Blessom,13,bus,OST:ServiceJourney:13_260325121470817_601,True,actual,False,,,,,2026-09-05T08:24:10.398942+02:00
NSR:StopPlace:58211,Oslo lufthavn,2026-09-05T06:15:00+02:00,2026-09-05T06:16:08+02:00,2026-09-05T06:16:08+02:00,68.0,1,Majorstuen via Torshov-Sagene,NBU:Line:a7cafc59-feaf-4e61-9fa1-b7dce4ffe970,Majorstuen via Torshov-Sagene,FB1,bus,NBU:ServiceJourney:5f79ca46-a37a-4968-b20b-d68975dc2b60,True,actual,False,,,,,2026-09-05T08:24:10.398942+02:00
NSR:StopPlace:62094,Lindeberg stasjon,2026-09-05T08:07:00+02:00,2026-09-05T08:08:08+02:00,2026-09-05T08:08:08+02:00,68.0,1,Dal,VYG:Line:R13,Drammen-Oslo S-Dal,R13,rail,VYG:ServiceJourney:1611_443232-R,True,actual,False,,,,,2026-09-05T08:24:10.398942+02:00
NSR:StopPlace:59638,Myrvoll stasjon,2026-09-05T02:30:00+02:00,2026-09-05T02:31:08+02:00,2026-09-05T02:31:08+02:00,68.0,1,Ski stasjon,RUT:Line:3981,Nationaltheatret - Ski,81N,bus,RUT:ServiceJourney:cdfb268a7f8567e8b6c2896f83d0b8c7,True,actual,False,,,,,2026-09-05T03:37:34.550234+02:00
NSR:StopPlace:59653,Haugenstua stasjon,2026-09-05T05:55:00+02:00,2026-09-05T05:56:07+02:00,2026-09-05T05:56:07+02:00,67.0,1,Spikkestad,VYG:Line:L1,Spikkestad-Oslo S-Lillestrøm,L1,rail,VYG:ServiceJourney:2205_481233-R,True,actual,False,,,,,2026-09-05T08:24:10.398942+02:00
NSR:StopPlace:60047,Melhus skysstasjon,2026-09-05T06:16:00+02:00,2026-09-05T06:17:07+02:00,2026-09-05T06:17:07+02:00,67.0,1,B Dora via Ekra-Tillerterminalen,ATB:Line:2_71,MelhusSkyss-Trondheim,71,bus,ATB:ServiceJourney:71_251215112545713_6002,True,actual,False,,,,,2026-09-05T08:24:10.398942+02:00
NSR:StopPlace:59620,Grorud stasjon,2026-09-05T06:54:00+02:00,2026-09-05T06:55:07+02:00,2026-09-05T06:55:07+02:00,67.0,1,Oslo lufthavn,NBU:Line:cb7b555c-f96e-42d5-84bf-a5e08c0145c2,Radiumhospitalet via Økern-Storo-Tåsen,FB3,bus,NBU:ServiceJourney:9d7c5d7e-fd86-44cd-8efe-6d4c69eeceeb,True,actual,False,,,,,2026-09-05T08:24:10.398942+02:00
NSR:StopPlace:59636,Holmlia stasjon,2026-09-05T06:27:00+02:00,2026-09-05T06:28:07+02:00,2026-09-05T06:28:07+02:00,67.0,1,Bjørndal,RUT:Line:77,Holmlia stasjon - Bjørndal,77,bus,RUT:ServiceJourney:aca9cbdac8ab609455cccac4c401103e,True,actual,False,,,,,2026-09-05T08:24:10.398942+02:00
NSR:StopPlace:59639,Sonsveien stasjon,2026-09-05T07:21:00+02:00,2026-09-05T07:22:07+02:00,2026-09-05T07:22:07+02:00,67.0,1,Moss,VYG:Line:R21,Stabekk-Oslo S-Moss,R21,rail,VYG:ServiceJourney:1107-HVK_442978-R,True,actual,False,,,,,2026-09-05T08:24:10.398942+02:00
NSR:StopPlace:58835,Lier stasjon,2026-09-05T08:17:00+02:00,2026-09-05T08:18:07+02:00,2026-09-05T08:18:07+02:00,67.0,1,Drammen,VYG:Line:R13,Drammen-Oslo S-Dal,R13,rail,VYG:ServiceJourney:1610_443230-R,True,actual,False,,,,,2026-09-05T08:24:10.398942+02:00
NSR:StopPlace:362,Jåttåvågen stasjon,2026-09-05T08:02:00+02:00,2026-09-05T08:03:07+02:00,2026-09-05T08:03:07+02:00,67.0,1,Egersund,GOA:Line:59,Jærbanen,L5,rail,GOA:ServiceJourney:3016_63048-R,True,actual,False,,,,,2026-09-05T08:24:10.398942+02:00
NSR:StopPlace:610,Sandvika stasjon,2026-09-05T07:18:00+02:00,2026-09-05T07:19:07+02:00,2026-09-05T07:19:07+02:00,67.0,1,Lillestrøm,VYG:Line:L1,Spikkestad-Oslo S-Lillestrøm,L1,rail,VYG:ServiceJourney:2212_443603-R,True,actual,False,,,,,2026-09-05T08:24:10.398942+02:00
NSR:StopPlace:62309,Ljan stasjon,2026-09-05T06:35:00+02:00,2026-09-05T06:36:07+02:00,2026-09-05T06:36:07+02:00,67.0,1,Stabekk,VYG:Line:L2,Stabekk-Oslo S-Ski,L2,rail,VYG:ServiceJourney:2710-SKI_443916-R,True,actual,False,,,,,2026-09-05T08:24:10.398942+02:00
NSR:StopPlace:59646,Høvik stasjon,2026-09-05T06:26:00+02:00,2026-09-05T06:27:06+02:00,2026-09-05T06:27:06+02:00,66.0,1,Spikkestad,VYG:Line:L1,Spikkestad-Oslo S-Lillestrøm,L1,rail,VYG:ServiceJourney:2205_481233-R,True,actual,False,,,,,2026-09-05T08:24:10.398942+02:00
NSR:StopPlace:59651,Skøyen stasjon,2026-09-05T06:02:00+02:00,2026-09-05T06:03:06+02:00,2026-09-05T06:03:06+02:00,66.0,1,Lillestrøm,VYG:Line:L1,Spikkestad-Oslo S-Lillestrøm,L1,rail,VYG:ServiceJourney:2206_443594-R,True,actual,False,,,,,2026-09-05T08:24:10.398942+02:00
NSR:StopPlace:59651,Skøyen stasjon,2026-09-05T06:29:00+02:00,2026-09-05T06:30:06+02:00,2026-09-05T06:30:06+02:00,66.0,1,Skøyen,RUT:Line:130,Sandvika -Skøyen,130,bus,RUT:ServiceJourney:17498fff1eb23c522fcff9dc80b717e0,True,actual,False,,,,,2026-09-05T08:24:10.398942+02:00
NSR:StopPlace:59651,Skøyen stasjon,2026-09-05T06:34:00+02:00,2026-09-05T06:35:06+02:00,2026-09-05T06:35:06+02:00,66.0,1,Dal,VYG:Line:R13,Drammen-Oslo S-Dal,R13,rail,VYG:ServiceJourney:1607_443224-R,True,actual,False,,,,,2026-09-05T08:24:10.398942+02:00
NSR:StopPlace:59977,Trondheim S,2026-09-05T07:12:00+02:00,2026-09-05T07:13:06+02:00,2026-09-05T07:13:06+02:00,66.0,1,Lund via Kolstad-Heimdal,ATB:Line:2_2,Strindheim- Lade- sentrum- Sau,2,bus,ATB:ServiceJourney:2_251215112550142_6008,True,actual,False,,,,,2026-09-05T08:24:10.398942+02:00
NSR:StopPlace:59616,Asker stasjon,2026-09-05T07:57:00+02:00,2026-09-05T07:58:06+02:00,2026-09-05T07:58:06+02:00,66.0,1,Heggedal,RUT:Line:280,Asker - Dikemark - Heggedal,280,bus,RUT:ServiceJourney:1e67b084fe799408fe9e24b48f9d6e57,True,actual,False,,,,,2026-09-05T08:24:10.398942+02:00
NSR:StopPlace:59620,Grorud stasjon,2026-09-05T07:47:00+02:00,2026-09-05T07:48:06+02:00,2026-09-05T07:48:06+02:00,66.0,1,Grorud T,RUT:Line:66,Helsfyr T - Grorud T,66,bus,RUT:ServiceJourney:36549afed70b7fb4a7dce301d5f32afd,True,actual,False,,,,,2026-09-05T08:24:10.398942+02:00
NSR:StopPlace:59635,Hauketo stasjon,2026-09-05T06:35:00+02:00,2026-09-05T06:36:06+02:00,2026-09-05T06:36:06+02:00,66.0,1,Bjørndal,RUT:Line:77,Holmlia stasjon - Bjørndal,77,bus,RUT:ServiceJourney:aca9cbdac8ab609455cccac4c401103e,True,actual,False,,,,,2026-09-05T08:24:10.398942+02:00
NSR:StopPlace:58925,Gausel stasjon,2026-09-05T08:17:00+02:00,2026-09-05T08:18:06+02:00,2026-09-05T08:18:06+02:00,66.0,1,Stavanger,KOL:Line:8_1001,1,1,bus,KOL:ServiceJourney:1001_251008118383486_4005,True,actual,False,,,,,2026-09-05T08:24:10.398942+02:00
NSR:StopPlace:58211,Oslo lufthavn,2026-09-05T06:43:00+02:00,2026-09-05T06:44:06+02:00,2026-09-05T06:44:06+02:00,66.0,1,Kongsberg,VYG:Line:R12,Kongsberg-Oslo S-Eidsvoll,R12,rail,VYG:ServiceJourney:505_444297-R,True,actual,False,,,,,2026-09-05T08:24:10.398942+02:00
NSR:StopPlace:59651,Skøyen stasjon,2026-09-05T06:06:00+02:00,2026-09-05T06:07:05+02:00,2026-09-05T06:07:05+02:00,65.0,1,Fornebu,RUT:Line:31,Snarøya - Fornebu - Tonsenhagen - Grorud,31,bus,RUT:ServiceJourney:46e7b0de649fbcdf67638fc2b6061e69,True,actual,False,,,,,2026-09-05T08:24:10.398942+02:00
NSR:StopPlace:58921,Vennesla stasjon,2026-09-05T08:23:00+02:00,2026-09-05T08:24:05+02:00,2026-09-05T08:24:05+02:00,65.0,1,Kristiansand via Mosby,AKT:Line:30,Kvadraturen - Mosby - Vennesl,30,bus,AKT:ServiceJourney:102071_6092_48_58440_61200_40001545,True,actual,False,,,,,2026-09-05T08:24:10.398942+02:00
NSR:StopPlace:58849,Hakadal stasjon,2026-09-05T08:20:00+02:00,2026-09-05T08:21:05+02:00,2026-09-05T08:21:05+02:00,65.0,1,Kongskog,RUT:Line:390,Kongskog/Hellerudhaugen - Oslo bussterminal,390,bus,RUT:ServiceJourney:318855b829a3f583cc0400d7b3ea34fd,True,actual,False,,,,,2026-09-05T08:24:10.398942+02:00
NSR:StopPlace:58856,Lysaker stasjon,2026-09-05T05:46:00+02:00,2026-09-05T05:47:05+02:00,2026-09-05T05:47:05+02:00,65.0,1,Oslo Lufthavn,FLT:Line:FLY1,FLY1,FLY1,rail,FLT:ServiceJourney:1-2614-3709-20260905,True,actual,False,,,,,2026-09-05T08:24:10.398942+02:00
NSR:StopPlace:58856,Lysaker stasjon,2026-09-05T06:17:00+02:00,2026-09-05T06:18:05+02:00,2026-09-05T06:18:05+02:00,65.0,1,Stabekk,VYG:Line:R21,Stabekk-Oslo S-Moss,R21,rail,VYG:ServiceJourney:1106-MOS_442977-R,True,actual,False,,,,,2026-09-05T08:24:10.398942+02:00
NSR:StopPlace:58823,Jaren stasjon,2026-09-05T07:10:00+02:00,2026-09-05T07:11:05+02:00,2026-09-05T07:11:05+02:00,65.0,1,Bleiken,VYG:Line:R31,Skøyen-Jaren-Gjøvik,R31,rail,VYG:ServiceJourney:BUS-206_655107-R,True,actual,False,,,,,2026-09-05T08:24:10.398942+02:00
NSR:StopPlace:61169,Marienborg stasjon,2026-09-05T08:02:00+02:00,2026-09-05T08:03:04+02:00,2026-09-05T08:03:04+02:00,64.0,1,Sandmoen via Flatåsen,ATB:Line:2_23,Brattøra - St. Olavs - Hallset - Flatåsen - Sandmoen,23,bus,ATB:ServiceJourney:23_251215112545486_6010,True,actual,False,,,,,2026-09-05T08:24:10.398942+02:00
NSR:StopPlace:61387,Skogn stasjon,2026-09-05T08:20:00+02:00,2026-09-05T08:21:04+02:00,2026-09-05T08:21:04+02:00,64.0,1,Lundamo,SJN:Line:26,Trønderbanen,R70,rail,SJN:ServiceJourney:426_56055-R,True,actual,False,,,,,2026-09-05T08:24:10.398942+02:00
NSR:StopPlace:59872,Oslo S,2026-09-05T07:40:00+02:00,2026-09-05T07:41:04+02:00,2026-09-05T07:41:04+02:00,64.0,1,Oslo Lufthavn,FLT:Line:FLY1,FLY1,FLY1,rail,FLT:ServiceJourney:1-2614-3719-20260905,True,actual,False,,,,,2026-09-05T08:24:10.398942+02:00
NSR:StopPlace:59651,Skøyen stasjon,2026-09-05T06:51:00+02:00,2026-09-05T06:52:04+02:00,2026-09-05T06:52:04+02:00,64.0,1,Skøyen,RUT:Line:140,Bekkestua - Østerås - Skøyen,140,bus,RUT:ServiceJourney:5cf5981bf45da4b09f427a5b843076a5,True,actual,False,,,,,2026-09-05T08:24:10.398942+02:00
NSR:StopPlace:59638,Myrvoll stasjon,2026-09-05T05:35:00+02:00,2026-09-05T05:36:04+02:00,2026-09-05T05:36:04+02:00,64.0,1,Filipstad,RUT:Line:81,Fornebu - Myrvoll stasjon,81,bus,RUT:ServiceJourney:90b36db12c8fcc20f645b3e523da3202,True,actual,False,,,,,2026-09-05T08:24:10.398942+02:00
NSR:StopPlace:58404,Nationaltheatret,2026-09-05T05:34:00+02:00,2026-09-05T05:35:04+02:00,2026-09-05T05:35:04+02:00,64.0,1,Helsfyr,RUT:Line:37,Nydalen T - Helsfyr,37,bus,RUT:ServiceJourney:ae6e3c68aa6cc026761388185a697863,True,actual,False,,,,,2026-09-05T08:24:10.398942+02:00
NSR:StopPlace:58864,Sørumsand stasjon,2026-09-05T07:51:00+02:00,2026-09-05T07:52:04+02:00,2026-09-05T07:52:04+02:00,64.0,1,Skedsmokorset,RUT:Line:365,Sørumsand - Frogner - Skedsmokorset,365,bus,RUT:ServiceJourney:c8fbcc97d3836fcc0bf1c118f1f687dd,True,actual,False,,,,,2026-09-05T08:24:10.398942+02:00
NSR:StopPlace:58865,Vestby stasjon,2026-09-05T07:45:00+02:00,2026-09-05T07:46:04+02:00,2026-09-05T07:46:04+02:00,64.0,1,Moss,VYG:Line:R21,Stabekk-Oslo S-Moss,R21,rail,VYG:ServiceJourney:1109-HVK_442980-R,True,actual,False,,,,,2026-09-05T08:24:10.398942+02:00
NSR:StopPlace:58866,Vevelstad stasjon,2026-09-05T07:44:00+02:00,2026-09-05T07:45:04+02:00,2026-09-05T07:45:04+02:00,64.0,1,Stabekk,VYG:Line:L2,Stabekk-Oslo S-Ski,L2,rail,VYG:ServiceJourney:2716-SKI_443922-R,True,actual,False,,,,,2026-09-05T08:24:10.398942+02:00
NSR:StopPlace:58801,Sarpsborg stasjon,2026-09-05T05:26:00+02:00,2026-09-05T05:27:04+02:00,2026-09-05T05:27:04+02:00,64.0,1,Oslo S,VYG:Line:RE20,Oslo S-Halden-Göteborg (X-Border),RE20,rail,VYG:ServiceJourney:104_442952-R,True,actual,False,,,,,2026-09-05T08:24:10.398942+02:00
NSR:StopPlace:59638,Myrvoll stasjon,2026-09-05T02:49:00+02:00,2026-09-05T02:50:04+02:00,2026-09-05T02:50:04+02:00,64.0,1,Nationaltheatret,RUT:Line:3981,Nationaltheatret - Ski,81N,bus,RUT:ServiceJourney:d57d37693b47d750af1361fb535c92d3,True,actual,False,,,,,2026-09-05T03:37:34.550234+02:00
NSR:StopPlace:59643,Grefsen stasjon,2026-09-05T05:41:00+02:00,2026-09-05T05:42:03+02:00,2026-09-05T05:42:03+02:00,63.0,1,Lysaker,RUT:Line:23,Lysaker - Simensbråten,23,bus,RUT:ServiceJourney:00f90cc91ea2516df1d91c855ed04190,True,actual,False,,,,,2026-09-05T08:24:10.398942+02:00
NSR:StopPlace:59658,Moi stasjon,2026-09-05T05:20:00+02:00,2026-09-05T05:21:03+02:00,2026-09-05T05:21:03+02:00,63.0,1,Stavanger,GOA:Line:50,Sørtoget region,F5,rail,GOA:ServiceJourney:725-LOD_67061-R,True,actual,False,,,,,2026-09-05T08:24:10.398942+02:00
NSR:StopPlace:59952,Drammen stasjon,2026-09-05T06:22:00+02:00,2026-09-05T06:23:03+02:00,2026-09-05T06:23:03+02:00,63.0,1,Stokke,VYG:Line:RE11,Eidsvoll-Oslo S-Skien,RE11,rail,VYG:ServiceJourney:BUS-883_654494-R,True,actual,False,,,,,2026-09-05T08:24:10.398942+02:00
NSR:StopPlace:60944,Ski stasjon,2026-09-05T07:12:00+02:00,2026-09-05T07:13:03+02:00,2026-09-05T07:13:03+02:00,63.0,1,Vinterbro,RUT:Line:520,Vinterbro - Ski stasjon,520,bus,RUT:ServiceJourney:e7a407041bdbd10eb0cf2f1c853e7a5f,True,actual,False,,,,,2026-09-05T08:24:10.398942+02:00
NSR:StopPlace:59620,Grorud stasjon,2026-09-05T05:54:00+02:00,2026-09-05T05:55:03+02:00,2026-09-05T05:55:03+02:00,63.0,1,Oslo lufthavn,NBU:Line:cb7b555c-f96e-42d5-84bf-a5e08c0145c2,Radiumhospitalet via Økern-Storo-Tåsen,FB3,bus,NBU:ServiceJourney:3121e207-6839-438e-a24e-a659162dd02c,True,actual,False,,,,,2026-09-05T08:24:10.398942+02:00
NSR:StopPlace:59636,Holmlia stasjon,2026-09-05T06:25:00+02:00,2026-09-05T06:26:03+02:00,2026-09-05T06:26:03+02:00,63.0,1,Grorud T,RUT:Line:79,Grorud T - Åsbråten,79,bus,RUT:ServiceJourney:d766caccf0020bfc6b55940f2a901888,True,actual,False,,,,,2026-09-05T08:24:10.398942+02:00
NSR:StopPlace:58857,Lørenskog stasjon,2026-09-05T06:37:00+02:00,2026-09-05T06:38:03+02:00,2026-09-05T06:38:03+02:00,63.0,1,Nesåsen,RUT:Line:120,Nesåsen - Stovner,120,bus,RUT:ServiceJourney:327fa3f14d456b468a08b0d923a8d91d,True,actual,False,,,,,2026-09-05T08:24:10.398942+02:00
NSR:StopPlace:59654,Stabekk stasjon,2026-09-05T03:09:00+02:00,2026-09-05T03:10:03+02:00,2026-09-05T03:10:03+02:00,63.0,1,Gullhaug,RUT:Line:150,Gullhaug - Nationaltheatret,150,bus,RUT:ServiceJourney:8b10c255ac8674b6d982e6be655e5be7,True,actual,False,Holdeplass Stabekk stasjon i retning mot Bekkestua er flyttet ca. 50 meter bakover.,Dette skyldes anleggsarbeid i området.,incident,normal,2026-09-05T03:37:34.550234+02:00
NSR:StopPlace:59648,Kjelsås stasjon,2026-09-05T06:55:00+02:00,2026-09-05T06:56:02+02:00,2026-09-05T06:56:02+02:00,62.0,1,Majorstuen,RUT:Line:25,Majorstuen-Haugerud,25,bus,RUT:ServiceJourney:3ceb8cd2f60422e829ab42570332376e,True,actual,False,,,,,2026-09-05T08:24:10.398942+02:00
NSR:StopPlace:59977,Trondheim S,2026-09-05T06:23:00+02:00,2026-09-05T06:24:02+02:00,2026-09-05T06:24:02+02:00,62.0,1,Pirbadet,ATB:Line:2_21,Brattøra- Sentrum- Trolla,21,bus,ATB:ServiceJourney:21_251215112549299_6001,True,actual,False,,,,,2026-09-05T08:24:10.398942+02:00
NSR:StopPlace:60077,Støren stasjon,2026-09-05T06:06:00+02:00,2026-09-05T06:07:02+02:00,2026-09-05T06:07:02+02:00,62.0,1,Steinkjer,SJN:Line:26,Trønderbanen,R70,rail,SJN:ServiceJourney:425_56054-R,True,actual,False,,,,,2026-09-05T08:24:10.398942+02:00
NSR:StopPlace:59616,Asker stasjon,2026-09-05T06:34:00+02:00,2026-09-05T06:35:02+02:00,2026-09-05T06:35:02+02:00,62.0,1,Oslo Lufthavn,FLT:Line:FLY1,FLY1,FLY1,rail,FLT:ServiceJourney:1-2614-3715-20260905,True,actual,False,,,,,2026-09-05T08:24:10.398942+02:00
NSR:StopPlace:58404,Nationaltheatret,2026-09-05T06:06:00+02:00,2026-09-05T06:07:02+02:00,2026-09-05T06:07:02+02:00,62.0,1,Lillestrøm,VYG:Line:L1,Spikkestad-Oslo S-Lillestrøm,L1,rail,VYG:ServiceJourney:2206_443594-R,True,actual,False,,,,,2026-09-05T08:24:10.398942+02:00
NSR:StopPlace:58849,Hakadal stasjon,2026-09-05T07:38:00+02:00,2026-09-05T07:39:02+02:00,2026-09-05T07:39:02+02:00,62.0,1,Oslo bussterminal,RUT:Line:390,Kongskog/Hellerudhaugen - Oslo bussterminal,390,bus,RUT:ServiceJourney:b0931359635c6b0bdcf4fa4334b81ef3,True,actual,False,,,,,2026-09-05T08:24:10.398942+02:00
NSR:StopPlace:58852,Høn stasjon,2026-09-05T06:36:00+02:00,2026-09-05T06:37:02+02:00,2026-09-05T06:37:02+02:00,62.0,1,Lillestrøm,VYG:Line:L1,Spikkestad-Oslo S-Lillestrøm,L1,rail,VYG:ServiceJourney:2210_443600-R,True,actual,False,,,,,2026-09-05T08:24:10.398942+02:00
NSR:StopPlace:58865,Vestby stasjon,2026-09-05T05:40:00+02:00,2026-09-05T05:41:02+02:00,2026-09-05T05:41:02+02:00,62.0,1,Stabekk,VYG:Line:R21,Stabekk-Oslo S-Moss,R21,rail,VYG:ServiceJourney:1106-MOS_442977-R,True,actual,False,,,,,2026-09-05T08:24:10.398942+02:00
NSR:StopPlace:58861,Solbråtan stasjon,2026-09-05T08:15:00+02:00,2026-09-05T08:16:02+02:00,2026-09-05T08:16:02+02:00,62.0,1,Bjørvika,RUT:Line:83,Jernbanetorget - Tårnåsen,83,bus,RUT:ServiceJourney:3f46c29755e3b795a3b60a957e6f90fa,True,actual,False,Linje 80E og 83 får Hausmanns bru som ny endeholdeplass fra 29. juni,"Bussene stopper ikke på Jernbanetorget etter 29. juni, men starter og stopper på Hausmanns bru i Nylandsveien.",incident,normal,2026-09-05T08:24:10.398942+02:00
NSR:StopPlace:58820,Harestua stasjon,2026-09-05T08:05:00+02:00,2026-09-05T08:06:02+02:00,2026-09-05T08:06:02+02:00,62.0,1,Gjøvik,VYG:Line:R31,Skøyen-Jaren-Gjøvik,R31,rail,VYG:ServiceJourney:BUS-205_655096-R,True,actual,False,,,,,2026-09-05T08:24:10.398942+02:00
NSR:StopPlace:61608,Kristiansand stasjon,2026-09-05T02:17:00+02:00,2026-09-05T02:18:02+02:00,2026-09-05T02:18:02+02:00,62.0,1,Oslo S,GOA:Line:50,Sørtoget region,F5,rail,GOA:ServiceJourney:726-KVB_63257-R,True,actual,False,,,,,2026-09-05T03:37:34.550234+02:00
NSR:StopPlace:61169,Marienborg stasjon,2026-09-05T07:02:00+02:00,2026-09-05T07:03:01+02:00,2026-09-05T07:03:01+02:00,61.0,1,Sandmoen via Flatåsen,ATB:Line:2_23,Brattøra - St. Olavs - Hallset - Flatåsen - Sandmoen,23,bus,ATB:ServiceJourney:23_251215112545484_6004,True,actual,False,,,,,2026-09-05T08:24:10.398942+02:00
NSR:StopPlace:59977,Trondheim S,2026-09-05T06:32:00+02:00,2026-09-05T06:33:01+02:00,2026-09-05T06:33:01+02:00,61.0,1,Lund via Kolstad-Heimdal,ATB:Line:2_2,Strindheim- Lade- sentrum- Sau,2,bus,ATB:ServiceJourney:2_251215112550140_6004,True,actual,False,,,,,2026-09-05T08:24:10.398942+02:00
NSR:StopPlace:58843,Blommenholm stasjon,2026-09-05T07:20:00+02:00,2026-09-05T07:21:01+02:00,2026-09-05T07:21:01+02:00,61.0,1,Lillestrøm,VYG:Line:L1,Spikkestad-Oslo S-Lillestrøm,L1,rail,VYG:ServiceJourney:2212_443603-R,True,actual,False,,,,,2026-09-05T08:24:10.398942+02:00
NSR:StopPlace:58858,Nittedal stasjon,2026-09-05T08:20:00+02:00,2026-09-05T08:21:01+02:00,2026-09-05T08:21:01+02:00,61.0,1,Lørenskog sentrum,RUT:Line:385,Nittedal stasjon - Olavsgaard - Ahus,385,bus,RUT:ServiceJourney:5c351377f666fd653d348fec41b02e52,True,actual,False,,,,,2026-09-05T08:24:10.398942+02:00
NSR:StopPlace:58861,Solbråtan stasjon,2026-09-05T05:53:00+02:00,2026-09-05T05:54:01+02:00,2026-09-05T05:54:01+02:00,61.0,1,Stabekk,VYG:Line:L2,Stabekk-Oslo S-Ski,L2,rail,VYG:ServiceJourney:2708-SKI_443914-R,True,actual,False,,,,,2026-09-05T08:24:10.398942+02:00
NSR:StopPlace:58803,Tomter stasjon,2026-09-05T07:25:00+02:00,2026-09-05T07:26:01+02:00,2026-09-05T07:26:01+02:00,61.0,1,Oslo S,VYG:Line:R22,Skøyen-Oslo S-Mysen-Rakkestad,R22,rail,VYG:ServiceJourney:1908_443444-R,True,actual,False,,,,,2026-09-05T08:24:10.398942+02:00
NSR:StopPlace:62339,Lillestrøm stasjon,2026-09-05T06:10:00+02:00,2026-09-05T06:11:01+02:00,2026-09-05T06:11:01+02:00,61.0,1,Oslo Lufthavn,FLT:Line:FLY1,FLY1,FLY1,rail,FLT:ServiceJourney:1-2614-3709-20260905,True,actual,False,Heis i spor 1 og 2 er ute av bruk på grunn av vedlikehold.,Heis i spor 1 og 2 er ute av bruk på grunn av vedlikehold.,general,normal,2026-09-05T08:24:10.398942+02:00
NSR:StopPlace:62392,Slependen stasjon,2026-09-05T07:15:00+02:00,2026-09-05T07:16:01+02:00,2026-09-05T07:16:01+02:00,61.0,1,Lillestrøm,VYG:Line:L1,Spikkestad-Oslo S-Lillestrøm,L1,rail,VYG:ServiceJourney:2212_443603-R,True,actual,False,,,,,2026-09-05T08:24:10.398942+02:00
NSR:StopPlace:59643,Grefsen stasjon,2026-09-05T03:08:00+02:00,2026-09-05T03:09:01+02:00,2026-09-05T03:09:01+02:00,61.0,1,Oslo lufthavn,NBU:Line:cb7b555c-f96e-42d5-84bf-a5e08c0145c2,Radiumhospitalet via Økern-Storo-Tåsen,FB3,bus,NBU:ServiceJourney:1acabfe4-a7c3-4f3a-8e1d-d522228235e9,True,actual,False,,,,,2026-09-05T03:37:34.550234+02:00
NSR:StopPlace:59650,Nyland stasjon,2026-09-05T02:16:00+02:00,2026-09-05T02:17:01+02:00,2026-09-05T02:17:01+02:00,61.0,1,Vestli,RUT:Line:3905,Jernbanetorget - Vestli T,5N,bus,RUT:ServiceJourney:18d6c5c5e1eca222728c9803b700ed89,True,actual,False,,,,,2026-09-05T03:37:34.550234+02:00
NSR:StopPlace:59637,Rosenholm stasjon,2026-09-05T03:21:00+02:00,2026-09-05T03:22:01+02:00,2026-09-05T03:22:01+02:00,61.0,1,Nationaltheatret,RUT:Line:3983,Nationaltheatret - Fløysbonn,83N,bus,RUT:ServiceJourney:eb138c59bd63462b9feec24ff138e452,True,actual,False,,,,,2026-09-05T03:37:34.550234+02:00
NSR:StopPlace:61301,Movatn stasjon,2026-09-05T06:19:00+02:00,2026-09-05T06:20:00+02:00,2026-09-05T06:20:00+02:00,60.0,1,Nydalen,VYG:Line:R31,Skøyen-Jaren-Gjøvik,R31,rail,VYG:ServiceJourney:BUS-202_655081-R,True,actual,False,,,,,2026-09-05T08:24:10.398942+02:00
NSR:StopPlace:59641,Fjellhamar stasjon,2026-09-05T07:49:00+02:00,2026-09-05T07:50:00+02:00,2026-09-05T07:50:00+02:00,60.0,1,Ahus,RUT:Line:315,Vallerudtoppen - Ahus,315,bus,RUT:ServiceJourney:bad2e4b90c2664fbdb3958adfbaddfdf,True,actual,False,,,,,2026-09-05T08:24:10.398942+02:00
NSR:StopPlace:59639,Sonsveien stasjon,2026-09-05T08:12:00+02:00,2026-09-05T08:13:00+02:00,2026-09-05T08:13:00+02:00,60.0,1,Vestby stasjon,RUT:Line:540,Moss - Son - Vestby stasjon,540,bus,RUT:ServiceJourney:6021f8a21736880e36b5ee53147caac7,True,actual,False,,,,,2026-09-05T08:24:10.398942+02:00
NSR:StopPlace:58830,Brakerøya stasjon,2026-09-05T08:08:00+02:00,2026-09-05T08:09:00+02:00,2026-09-05T08:09:00+02:00,60.0,1,Dal,VYG:Line:R13,Drammen-Oslo S-Dal,R13,rail,VYG:ServiceJourney:1615_443244-R,True,actual,False,,,,,2026-09-05T08:24:10.398942+02:00
NSR:StopPlace:58876,Tønsberg stasjon,2026-09-05T07:02:00+02:00,2026-09-05T07:03:00+02:00,2026-09-05T07:03:00+02:00,60.0,1,Stokke,VYG:Line:RE11,Eidsvoll-Oslo S-Skien,RE11,rail,VYG:ServiceJourney:BUS-883_654497-R,True,actual,False,,,,,2026-09-05T08:24:10.398942+02:00
NSR:StopPlace:58801,Sarpsborg stasjon,2026-09-05T07:13:00+02:00,2026-09-05T07:14:00+02:00,2026-09-05T07:14:00+02:00,60.0,1,Blessom,OST:Line:1_13,Kalnes - Blessom,13,bus,OST:ServiceJourney:13_260325121470818_602,True,actual,False,,,,,2026-09-05T08:24:10.398942+02:00
NSR:StopPlace:59648,Kjelsås stasjon,2026-09-05T03:10:00+02:00,2026-09-05T03:11:00+02:00,2026-09-05T03:11:00+02:00,60.0,1,Kværnerbyen,RUT:Line:54,Kværnerbyen - Kjelsås stasjon,54,bus,RUT:ServiceJourney:42e427422559c0746d7e4f765e93e7d7,True,actual,False,,,,,2026-09-05T03:37:34.550234+02:00
NSR:StopPlace:61314,Hovin stasjon,2026-09-05T08:17:00+02:00,2026-09-05T08:17:59+02:00,2026-09-05T08:17:59+02:00,59.0,1,Steinkjer,SJN:Line:26,Trønderbanen,R70,rail,SJN:ServiceJourney:429_56089-R,True,actual,False,,,,,2026-09-05T08:24:10.398942+02:00
NSR:StopPlace:60640,Heimdal stasjon,2026-09-05T06:41:00+02:00,2026-09-05T06:41:59+02:00,2026-09-05T06:41:59+02:00,59.0,1,Ranheim via Tiller-sentrum,ATB:Line:2_1,Ranheim - Strindheim - sentrum - Tiller - Heimdal - Kattem,1,bus,ATB:ServiceJourney:1_251215112545882_6005,True,actual,False,,,,,2026-09-05T08:24:10.398942+02:00
NSR:StopPlace:58844,Eidsvoll stasjon,2026-09-05T08:08:00+02:00,2026-09-05T08:08:59+02:00,2026-09-05T08:08:59+02:00,59.0,1,Lillehammer,VYG:Line:RE10,Drammen-Oslo S-Lillehammer,RE10,rail,VYG:ServiceJourney:307-SUD_444139-R,True,actual,False,,,,,2026-09-05T08:24:10.398942+02:00
NSR:StopPlace:58851,Heggedal stasjon,2026-09-05T06:54:00+02:00,2026-09-05T06:54:59+02:00,2026-09-05T06:54:59+02:00,59.0,1,Lillestrøm,VYG:Line:L1,Spikkestad-Oslo S-Lillestrøm,L1,rail,VYG:ServiceJourney:2212_443603-R,True,actual,False,,,,,2026-09-05T08:24:10.398942+02:00
NSR:StopPlace:58860,Oppegård stasjon,2026-09-05T07:16:00+02:00,2026-09-05T07:16:59+02:00,2026-09-05T07:16:59+02:00,59.0,1,Stabekk,VYG:Line:L2,Stabekk-Oslo S-Ski,L2,rail,VYG:ServiceJourney:2714-SKI_443920-R,True,actual,False,,,,,2026-09-05T08:24:10.398942+02:00
NSR:StopPlace:41,Hanaborg stasjon,2026-09-05T05:49:00+02:00,2026-09-05T05:49:58+02:00,2026-09-05T05:49:58+02:00,58.0,1,Spikkestad,VYG:Line:L1,Spikkestad-Oslo S-Lillestrøm,L1,rail,VYG:ServiceJourney:2205_481233-R,True,actual,False,,,,,2026-09-05T08:24:10.398942+02:00
NSR:StopPlace:59651,Skøyen stasjon,2026-09-05T06:40:00+02:00,2026-09-05T06:40:58+02:00,2026-09-05T06:40:58+02:00,58.0,1,Bekkestua via Østerås,RUT:Line:140,Bekkestua - Østerås - Skøyen,140,bus,RUT:ServiceJourney:ad13f164af103d31bf9dfa8692f05a99,True,actual,False,,,,,2026-09-05T08:24:10.398942+02:00
NSR:StopPlace:59977,Trondheim S,2026-09-05T06:36:00+02:00,2026-09-05T06:36:58+02:00,2026-09-05T06:36:58+02:00,58.0,1,Strindheim via Lade,ATB:Line:2_2,Strindheim- Lade- sentrum- Sau,2,bus,ATB:ServiceJourney:2_251215112549993_6001,True,actual,False,,,,,2026-09-05T08:24:10.398942+02:00
NSR:StopPlace:59977,Trondheim S,2026-09-05T06:47:00+02:00,2026-09-05T06:47:58+02:00,2026-09-05T06:47:58+02:00,58.0,1,Stjørdal via Brattøra-Hommelvik,ATB:Line:2_70,Stjørdal/Hommelvik- Trondheim,70,bus,ATB:ServiceJourney:70_251215112547109_6001,True,actual,False,,,,,2026-09-05T08:24:10.398942+02:00
NSR:StopPlace:59977,Trondheim S,2026-09-05T07:12:00+02:00,2026-09-05T07:12:58+02:00,2026-09-05T07:12:58+02:00,58.0,1,Hurtigbåtterminalen,ATB:Line:2_25,Vikåsen- Strindheim- Singsaker,25,bus,ATB:ServiceJourney:25_251215112543282_6010,True,actual,False,,,,,2026-09-05T08:24:10.398942+02:00
NSR:StopPlace:59977,Trondheim S,2026-09-05T07:29:00+02:00,2026-09-05T07:29:58+02:00,2026-09-05T07:29:58+02:00,58.0,1,Vikåsen via Singsaker,ATB:Line:2_25,Vikåsen- Strindheim- Singsaker,25,bus,ATB:ServiceJourney:25_251215112543433_6007,True,actual,False,,,,,2026-09-05T08:24:10.398942+02:00
NSR:StopPlace:59616,Asker stasjon,2026-09-05T05:34:00+02:00,2026-09-05T05:34:58+02:00,2026-09-05T05:34:58+02:00,58.0,1,Oslo Lufthavn,FLT:Line:FLY1,FLY1,FLY1,rail,FLT:ServiceJourney:1-2614-3709-20260905,True,actual,False,,,,,2026-09-05T08:24:10.398942+02:00
NSR:StopPlace:58845,Eidsvoll verk stasjon,2026-09-05T06:35:00+02:00,2026-09-05T06:35:58+02:00,2026-09-05T06:35:58+02:00,58.0,1,Kongsberg,VYG:Line:R12,Kongsberg-Oslo S-Eidsvoll,R12,rail,VYG:ServiceJourney:505_444297-R,True,actual,False,,,,,2026-09-05T08:24:10.398942+02:00
NSR:StopPlace:58853,Kolbotn stasjon,2026-09-05T08:19:00+02:00,2026-09-05T08:19:58+02:00,2026-09-05T08:19:58+02:00,58.0,1,Kolbotn torg,RUT:Line:580,Kolbotn - Ski,580,bus,RUT:ServiceJourney:7feb0f9d5401d4238dbbc6487a1e108e,True,actual,False,,,,,2026-09-05T08:24:10.398942+02:00
NSR:StopPlace:58856,Lysaker stasjon,2026-09-05T06:41:00+02:00,2026-09-05T06:41:58+02:00,2026-09-05T06:41:58+02:00,58.0,1,Fornebu,RUT:Line:31,Snarøya - Fornebu - Tonsenhagen - Grorud,31,bus,RUT:ServiceJourney:ec03b270c8099c4f1e6207782fe9c36c,True,actual,False,,,,,2026-09-05T08:24:10.398942+02:00
NSR:StopPlace:58870,Holmestrand stasjon,2026-09-05T07:41:00+02:00,2026-09-05T07:41:58+02:00,2026-09-05T07:41:58+02:00,58.0,1,Drammen,VYG:Line:RE11,Eidsvoll-Oslo S-Skien,RE11,rail,VYG:ServiceJourney:BUS-806_654224-R,True,actual,False,,,,,2026-09-05T08:24:10.398942+02:00
NSR:StopPlace:62392,Slependen stasjon,2026-09-05T06:45:00+02:00,2026-09-05T06:45:58+02:00,2026-09-05T06:45:58+02:00,58.0,1,Lillestrøm,VYG:Line:L1,Spikkestad-Oslo S-Lillestrøm,L1,rail,VYG:ServiceJourney:2210_443600-R,True,actual,False,,,,,2026-09-05T08:24:10.398942+02:00
NSR:StopPlace:62392,Slependen stasjon,2026-09-05T07:33:00+02:00,2026-09-05T07:33:58+02:00,2026-09-05T07:33:58+02:00,58.0,1,Spikkestad,VYG:Line:L1,Spikkestad-Oslo S-Lillestrøm,L1,rail,VYG:ServiceJourney:2209_443598-R,True,actual,False,,,,,2026-09-05T08:24:10.398942+02:00
NSR:StopPlace:59638,Myrvoll stasjon,2026-09-05T02:19:00+02:00,2026-09-05T02:19:58+02:00,2026-09-05T02:19:58+02:00,58.0,1,Nationaltheatret,RUT:Line:3981,Nationaltheatret - Ski,81N,bus,RUT:ServiceJourney:c01ec3653578680fac50bb15e500749b,True,actual,False,,,,,2026-09-05T03:37:34.550234+02:00
NSR:StopPlace:59872,Oslo S,2026-09-05T07:44:00+02:00,2026-09-05T07:44:57+02:00,2026-09-05T07:44:57+02:00,57.0,1,Dal,VYG:Line:R13,Drammen-Oslo S-Dal,R13,rail,VYG:ServiceJourney:1611_443232-R,True,actual,False,,,,,2026-09-05T08:24:10.398942+02:00
NSR:StopPlace:59651,Skøyen stasjon,2026-09-05T06:36:00+02:00,2026-09-05T06:36:57+02:00,2026-09-05T06:36:57+02:00,57.0,1,Fornebu,RUT:Line:31,Snarøya - Fornebu - Tonsenhagen - Grorud,31,bus,RUT:ServiceJourney:ec03b270c8099c4f1e6207782fe9c36c,True,actual,False,,,,,2026-09-05T08:24:10.398942+02:00
NSR:StopPlace:59952,Drammen stasjon,2026-09-05T08:22:00+02:00,2026-09-05T08:22:57+02:00,2026-09-05T08:22:57+02:00,57.0,1,Tønsberg,VYG:Line:RE11,Eidsvoll-Oslo S-Skien,RE11,rail,VYG:ServiceJourney:BUS-807_654231-R,True,actual,False,,,,,2026-09-05T08:24:10.398942+02:00
NSR:StopPlace:59977,Trondheim S,2026-09-05T07:28:00+02:00,2026-09-05T07:28:57+02:00,2026-09-05T07:28:57+02:00,57.0,1,Pirbadet,ATB:Line:2_23,Brattøra - St. Olavs - Hallset - Flatåsen - Sandmoen,23,bus,ATB:ServiceJourney:23_251215112545607_6005,True,actual,False,,,,,2026-09-05T08:24:10.398942+02:00
NSR:StopPlace:60603,Kongsberg stasjon,2026-09-05T06:11:00+02:00,2026-09-05T06:11:57+02:00,2026-09-05T06:11:57+02:00,57.0,1,Oslo S,GOA:Line:50,Sørtoget region,F5,rail,GOA:ServiceJourney:726-KVB_63257-R,True,actual,False,,,,,2026-09-05T08:24:10.398942+02:00
NSR:StopPlace:58830,Brakerøya stasjon,2026-09-05T08:21:00+02:00,2026-09-05T08:21:57+02:00,2026-09-05T08:21:57+02:00,57.0,1,Drammen,VYG:Line:R13,Drammen-Oslo S-Dal,R13,rail,VYG:ServiceJourney:1610_443230-R,True,actual,False,,,,,2026-09-05T08:24:10.398942+02:00
NSR:StopPlace:58844,Eidsvoll stasjon,2026-09-05T07:15:00+02:00,2026-09-05T07:15:57+02:00,2026-09-05T07:15:57+02:00,57.0,1,Jessheim,RUT:Line:430,Eidsvoll - Jessheim,430,bus,RUT:ServiceJourney:eb7358736f1db552814e0e98c67ffa9a,True,actual,False,,,,,2026-09-05T08:24:10.398942+02:00
NSR:StopPlace:58844,Eidsvoll stasjon,2026-09-05T08:05:00+02:00,2026-09-05T08:05:57+02:00,2026-09-05T08:05:57+02:00,57.0,1,Fenstad,RUT:Line:441,Eidsvoll - Årnes,441,bus,RUT:ServiceJourney:bf6ccbc32134fac1a2b61674cf4f0c2d,True,actual,False,,,,,2026-09-05T08:24:10.398942+02:00
NSR:StopPlace:58853,Kolbotn stasjon,2026-09-05T07:13:00+02:00,2026-09-05T07:13:57+02:00,2026-09-05T07:13:57+02:00,57.0,1,Ski stasjon,RUT:Line:580,Kolbotn - Ski,580,bus,RUT:ServiceJourney:cbab767d2d86bfd4ebe91be9306d573c,True,actual,False,,,,,2026-09-05T08:24:10.398942+02:00
NSR:StopPlace:58853,Kolbotn stasjon,2026-09-05T08:07:00+02:00,2026-09-05T08:07:57+02:00,2026-09-05T08:07:57+02:00,57.0,1,Tårnåsen,RUT:Line:83,Jernbanetorget - Tårnåsen,83,bus,RUT:ServiceJourney:fc91275d3b6e537846a65163d7c29539,True,actual,False,Linje 80E og 83 får Hausmanns bru som ny endeholdeplass fra 29. juni,"Bussene stopper ikke på Jernbanetorget etter 29. juni, men starter og stopper på Hausmanns bru i Nylandsveien.",incident,normal,2026-09-05T08:24:10.398942+02:00
NSR:StopPlace:58862,Strømmen stasjon,2026-09-05T07:36:00+02:00,2026-09-05T07:36:57+02:00,2026-09-05T07:36:57+02:00,57.0,1,Nittedal,RUT:Line:385,Nittedal stasjon - Olavsgaard - Ahus,385,bus,RUT:ServiceJourney:76ed7c7be4195e4e386f3f23eddcab1c,True,actual,False,,,,,2026-09-05T08:24:10.398942+02:00
NSR:StopPlace:58871,Sande stasjon,2026-09-05T07:53:00+02:00,2026-09-05T07:53:57+02:00,2026-09-05T07:53:57+02:00,57.0,1,Drammen,VYG:Line:RE11,Eidsvoll-Oslo S-Skien,RE11,rail,VYG:ServiceJourney:BUS-806_654225-R,True,actual,False,,,,,2026-09-05T08:24:10.398942+02:00
NSR:StopPlace:416,Vikhammer stasjon,2026-09-05T07:19:00+02:00,2026-09-05T07:19:57+02:00,2026-09-05T07:19:57+02:00,57.0,1,Storlien,SJN:Line:72,Meråkerbanen,R71,rail,SJN:ServiceJourney:1303_53534-R,True,actual,False,,,,,2026-09-05T08:24:10.398942+02:00
NSR:StopPlace:628,Darbu stasjon,2026-09-05T05:47:00+02:00,2026-09-05T05:47:57+02:00,2026-09-05T05:47:57+02:00,57.0,1,Eidsvoll,VYG:Line:R12,Kongsberg-Oslo S-Eidsvoll,R12,rail,VYG:ServiceJourney:504_444295-R,True,actual,False,,,,,2026-09-05T08:24:10.398942+02:00
NSR:StopPlace:610,Sandvika stasjon,2026-09-05T06:35:00+02:00,2026-09-05T06:35:57+02:00,2026-09-05T06:35:57+02:00,57.0,1,Eidsvoll,VYG:Line:R12,Kongsberg-Oslo S-Eidsvoll,R12,rail,VYG:ServiceJourney:504_444295-R,True,actual,False,,,,,2026-09-05T08:24:10.398942+02:00
NSR:StopPlace:59872,Oslo S,2026-09-05T06:39:00+02:00,2026-09-05T06:39:56+02:00,2026-09-05T06:39:56+02:00,56.0,1,Skien,VYG:Line:RE11,Eidsvoll-Oslo S-Skien,RE11,rail,VYG:ServiceJourney:805-EVL_652702-R,True,actual,False,,,,,2026-09-05T08:24:10.398942+02:00
NSR:StopPlace:60944,Ski stasjon,2026-09-05T07:05:00+02:00,2026-09-05T07:05:56+02:00,2026-09-05T07:05:56+02:00,56.0,1,Moss,VYG:Line:R21,Stabekk-Oslo S-Moss,R21,rail,VYG:ServiceJourney:1107-HVK_442978-R,True,actual,False,,,,,2026-09-05T08:24:10.398942+02:00
NSR:StopPlace:59616,Asker stasjon,2026-09-05T07:54:00+02:00,2026-09-05T07:54:56+02:00,2026-09-05T07:54:56+02:00,56.0,1,Oslo Lufthavn,FLT:Line:FLY1,FLY1,FLY1,rail,FLT:ServiceJourney:1-2614-3723-20260905,True,actual,False,,,,,2026-09-05T08:24:10.398942+02:00
NSR:StopPlace:59620,Grorud stasjon,2026-09-05T08:17:00+02:00,2026-09-05T08:17:56+02:00,2026-09-05T08:17:56+02:00,56.0,1,Grorud T,RUT:Line:66,Helsfyr T - Grorud T,66,bus,RUT:ServiceJourney:d112d2b7519c82b49be6e1fcb9dead22,True,actual,False,,,,,2026-09-05T08:24:10.398942+02:00
NSR:StopPlace:58857,Lørenskog stasjon,2026-09-05T05:51:00+02:00,2026-09-05T05:51:56+02:00,2026-09-05T05:51:56+02:00,56.0,1,Spikkestad,VYG:Line:L1,Spikkestad-Oslo S-Lillestrøm,L1,rail,VYG:ServiceJourney:2205_481233-R,True,actual,False,,,,,2026-09-05T08:24:10.398942+02:00
NSR:StopPlace:58874,Stokke stasjon,2026-09-05T08:21:00+02:00,2026-09-05T08:21:56+02:00,2026-09-05T08:21:56+02:00,56.0,1,Tønsberg,VYG:Line:RE11,Eidsvoll-Oslo S-Skien,RE11,rail,VYG:ServiceJourney:BUS-805_654215-R,True,actual,False,,,,,2026-09-05T08:24:10.398942+02:00
NSR:StopPlace:58829,Stryken stasjon,2026-09-05T08:15:00+02:00,2026-09-05T08:15:56+02:00,2026-09-05T08:15:56+02:00,56.0,1,Gjøvik,VYG:Line:R31,Skøyen-Jaren-Gjøvik,R31,rail,VYG:ServiceJourney:BUS-205_655098-R,True,actual,False,,,,,2026-09-05T08:24:10.398942+02:00
NSR:StopPlace:610,Sandvika stasjon,2026-09-05T06:40:00+02:00,2026-09-05T06:40:56+02:00,2026-09-05T06:40:56+02:00,56.0,1,Oslo Lufthavn,FLT:Line:FLY1,FLY1,FLY1,rail,FLT:ServiceJourney:1-2614-3715-20260905,True,actual,False,,,,,2026-09-05T08:24:10.398942+02:00
NSR:StopPlace:58849,Hakadal stasjon,2026-09-05T02:18:00+02:00,2026-09-05T02:18:56+02:00,2026-09-05T02:18:56+02:00,56.0,1,Oslo bussterminal,RUT:Line:390,Kongskog/Hellerudhaugen - Oslo bussterminal,390,bus,RUT:ServiceJourney:3e95cf8e855107a738f17d984447b544,True,actual,False,,,,,2026-09-05T03:37:34.550234+02:00
NSR:StopPlace:58860,Oppegård stasjon,2026-09-05T02:05:00+02:00,2026-09-05T02:05:56+02:00,2026-09-05T02:05:56+02:00,56.0,1,Ski stasjon,RUT:Line:3981,Nationaltheatret - Ski,81N,bus,RUT:ServiceJourney:c69295cb6f5f0a28ff80827c7cb40356,True,actual,False,,,,,2026-09-05T03:37:34.550234+02:00
NSR:StopPlace:59651,Skøyen stasjon,2026-09-05T06:44:00+02:00,2026-09-05T06:44:55+02:00,2026-09-05T06:44:55+02:00,55.0,1,Eidsvoll,VYG:Line:R12,Kongsberg-Oslo S-Eidsvoll,R12,rail,VYG:ServiceJourney:504_444295-R,True,actual,False,,,,,2026-09-05T08:24:10.398942+02:00
NSR:StopPlace:60016,Kråkstad stasjon,2026-09-05T08:18:00+02:00,2026-09-05T08:18:55+02:00,2026-09-05T08:18:55+02:00,55.0,1,Rakkestad,VYG:Line:R22,Skøyen-Oslo S-Mysen-Rakkestad,R22,rail,VYG:ServiceJourney:1907_443443-R,True,actual,False,,,,,2026-09-05T08:24:10.398942+02:00
NSR:StopPlace:59620,Grorud stasjon,2026-09-05T08:05:00+02:00,2026-09-05T08:05:55+02:00,2026-09-05T08:05:55+02:00,55.0,1,Helsfyr,RUT:Line:66,Helsfyr T - Grorud T,66,bus,RUT:ServiceJourney:16ba85ab272a6679d74cf1790b690bd0,True,actual,False,,,,,2026-09-05T08:24:10.398942+02:00
NSR:StopPlace:59635,Hauketo stasjon,2026-09-05T06:33:00+02:00,2026-09-05T06:33:55+02:00,2026-09-05T06:33:55+02:00,55.0,1,Grorud T,RUT:Line:79,Grorud T - Åsbråten,79,bus,RUT:ServiceJourney:d766caccf0020bfc6b55940f2a901888,True,actual,False,,,,,2026-09-05T08:24:10.398942+02:00
NSR:StopPlace:59639,Sonsveien stasjon,2026-09-05T08:21:00+02:00,2026-09-05T08:21:55+02:00,2026-09-05T08:21:55+02:00,55.0,1,Moss,VYG:Line:R21,Stabekk-Oslo S-Moss,R21,rail,VYG:ServiceJourney:1111-HVK_442986-R,True,actual,False,,,,,2026-09-05T08:24:10.398942+02:00
NSR:StopPlace:58843,Blommenholm stasjon,2026-09-05T07:28:00+02:00,2026-09-05T07:28:55+02:00,2026-09-05T07:28:55+02:00,55.0,1,Spikkestad,VYG:Line:L1,Spikkestad-Oslo S-Lillestrøm,L1,rail,VYG:ServiceJourney:2209_443598-R,True,actual,False,,,,,2026-09-05T08:24:10.398942+02:00
NSR:StopPlace:58853,Kolbotn stasjon,2026-09-05T07:55:00+02:00,2026-09-05T07:55:55+02:00,2026-09-05T07:55:55+02:00,55.0,1,Stabekk,VYG:Line:L2,Stabekk-Oslo S-Ski,L2,rail,VYG:ServiceJourney:2716-SKI_443922-R,True,actual,False,,,,,2026-09-05T08:24:10.398942+02:00
NSR:StopPlace:58866,Vevelstad stasjon,2026-09-05T02:13:00+02:00,2026-09-05T02:13:55+02:00,2026-09-05T02:13:55+02:00,55.0,1,Bøleråsen,RUT:Line:510,Bøleråsen - Ski - Ås - Drøbak,510,bus,RUT:ServiceJourney:6cb4c916e552fb6aa4449f0edf30cbf3,True,actual,False,,,,,2026-09-05T03:37:34.550234+02:00
NSR:StopPlace:58860,Oppegård stasjon,2026-09-05T03:05:00+02:00,2026-09-05T03:05:55+02:00,2026-09-05T03:05:55+02:00,55.0,1,Ski stasjon,RUT:Line:3981,Nationaltheatret - Ski,81N,bus,RUT:ServiceJourney:83a1f95879a59b762f5a6a6bd21b1833,True,actual,False,,,,,2026-09-05T03:37:34.550234+02:00
NSR:StopPlace:59651,Skøyen stasjon,2026-09-05T06:42:00+02:00,2026-09-05T06:42:54+02:00,2026-09-05T06:42:54+02:00,54.0,1,Moss,VYG:Line:R21,Stabekk-Oslo S-Moss,R21,rail,VYG:ServiceJourney:1107-HVK_442978-R,True,actual,False,,,,,2026-09-05T08:24:10.398942+02:00
NSR:StopPlace:60944,Ski stasjon,2026-09-05T07:39:00+02:00,2026-09-05T07:39:54+02:00,2026-09-05T07:39:54+02:00,54.0,1,Stabekk,VYG:Line:L2,Stabekk-Oslo S-Ski,L2,rail,VYG:ServiceJourney:2716-SKI_443922-R,True,actual,False,,,,,2026-09-05T08:24:10.398942+02:00
NSR:StopPlace:58860,Oppegård stasjon,2026-09-05T08:16:00+02:00,2026-09-05T08:16:54+02:00,2026-09-05T08:16:54+02:00,54.0,1,Stabekk,VYG:Line:L2,Stabekk-Oslo S-Ski,L2,rail,VYG:ServiceJourney:2718-SKI_443924-R,True,actual,False,,,,,2026-09-05T08:24:10.398942+02:00
NSR:StopPlace:58862,Strømmen stasjon,2026-09-05T05:45:00+02:00,2026-09-05T05:45:54+02:00,2026-09-05T05:45:54+02:00,54.0,1,Spikkestad,VYG:Line:L1,Spikkestad-Oslo S-Lillestrøm,L1,rail,VYG:ServiceJourney:2205_481233-R,True,actual,False,,,,,2026-09-05T08:24:10.398942+02:00
NSR:StopPlace:58800,Råde stasjon,2026-09-05T07:53:00+02:00,2026-09-05T07:53:54+02:00,2026-09-05T07:53:54+02:00,54.0,1,Oslo S,VYG:Line:RE20,Oslo S-Halden-Göteborg (X-Border),RE20,rail,VYG:ServiceJourney:108_442966-R,True,actual,False,,,,,2026-09-05T08:24:10.398942+02:00
NSR:StopPlace:610,Sandvika stasjon,2026-09-05T06:31:00+02:00,2026-09-05T06:31:54+02:00,2026-09-05T06:31:54+02:00,54.0,1,Spikkestad,VYG:Line:L1,Spikkestad-Oslo S-Lillestrøm,L1,rail,VYG:ServiceJourney:2205_481233-R,True,actual,False,,,,,2026-09-05T08:24:10.398942+02:00
NSR:StopPlace:62392,Slependen stasjon,2026-09-05T06:15:00+02:00,2026-09-05T06:15:54+02:00,2026-09-05T06:15:54+02:00,54.0,1,Lillestrøm,VYG:Line:L1,Spikkestad-Oslo S-Lillestrøm,L1,rail,VYG:ServiceJourney:2208_452017-R,True,actual,False,,,,,2026-09-05T08:24:10.398942+02:00
NSR:StopPlace:59648,Kjelsås stasjon,2026-09-05T05:40:00+02:00,2026-09-05T05:40:53+02:00,2026-09-05T05:40:53+02:00,53.0,1,Kværnerbyen,RUT:Line:54,Kværnerbyen - Kjelsås stasjon,54,bus,RUT:ServiceJourney:a9c668947d64fe28633a14b4ef0a0014,True,actual,False,,,,,2026-09-05T08:24:10.398942+02:00
NSR:StopPlace:59643,Grefsen stasjon,2026-09-05T06:38:00+02:00,2026-09-05T06:38:53+02:00,2026-09-05T06:38:53+02:00,53.0,1,Oslo lufthavn,NBU:Line:cb7b555c-f96e-42d5-84bf-a5e08c0145c2,Radiumhospitalet via Økern-Storo-Tåsen,FB3,bus,NBU:ServiceJourney:9d7c5d7e-fd86-44cd-8efe-6d4c69eeceeb,True,actual,False,,,,,2026-09-05T08:24:10.398942+02:00
NSR:StopPlace:59651,Skøyen stasjon,2026-09-05T06:09:00+02:00,2026-09-05T06:09:53+02:00,2026-09-05T06:09:53+02:00,53.0,1,Oslo Lufthavn,FLT:Line:FLY1,FLY1,FLY1,rail,FLT:ServiceJourney:1-2614-3711-20260905,True,actual,False,,,,,2026-09-05T08:24:10.398942+02:00
NSR:StopPlace:59654,Stabekk stasjon,2026-09-05T07:39:00+02:00,2026-09-05T07:39:53+02:00,2026-09-05T07:39:53+02:00,53.0,1,Gullhaug,RUT:Line:150,Gullhaug - Nationaltheatret,150,bus,RUT:ServiceJourney:a539ddfeff404bc900e02f4c21e6a3d8,True,actual,False,Holdeplass Stabekk stasjon i retning mot Bekkestua er flyttet ca. 50 meter bakover.,Dette skyldes anleggsarbeid i området.,incident,normal,2026-09-05T08:24:10.398942+02:00
NSR:StopPlace:59616,Asker stasjon,2026-09-05T06:29:00+02:00,2026-09-05T06:29:53+02:00,2026-09-05T06:29:53+02:00,53.0,1,Eidsvoll,VYG:Line:R12,Kongsberg-Oslo S-Eidsvoll,R12,rail,VYG:ServiceJourney:504_444295-R,True,actual,False,,,,,2026-09-05T08:24:10.398942+02:00
NSR:StopPlace:59620,Grorud stasjon,2026-09-05T08:15:00+02:00,2026-09-05T08:15:53+02:00,2026-09-05T08:15:53+02:00,53.0,1,Furuset,RUT:Line:65,Furuset T - Stovner T via Smedstua,65,bus,RUT:ServiceJourney:b8f380a087a6f52762b504e1521d1230,True,actual,False,,,,,2026-09-05T08:24:10.398942+02:00
NSR:StopPlace:59636,Holmlia stasjon,2026-09-05T07:25:00+02:00,2026-09-05T07:25:53+02:00,2026-09-05T07:25:53+02:00,53.0,1,Grorud T,RUT:Line:79,Grorud T - Åsbråten,79,bus,RUT:ServiceJourney:443dd908e21fee156523a47820597818,True,actual,False,,,,,2026-09-05T08:24:10.398942+02:00
NSR:StopPlace:58860,Oppegård stasjon,2026-09-05T06:46:00+02:00,2026-09-05T06:46:53+02:00,2026-09-05T06:46:53+02:00,53.0,1,Stabekk,VYG:Line:L2,Stabekk-Oslo S-Ski,L2,rail,VYG:ServiceJourney:2712-SKI_443918-R,True,actual,False,,,,,2026-09-05T08:24:10.398942+02:00
NSR:StopPlace:58861,Solbråtan stasjon,2026-09-05T07:45:00+02:00,2026-09-05T07:45:53+02:00,2026-09-05T07:45:53+02:00,53.0,1,Bjørvika,RUT:Line:83,Jernbanetorget - Tårnåsen,83,bus,RUT:ServiceJourney:7fda5b243416304d41c6a6c8b2d9e387,True,actual,False,Linje 80E og 83 får Hausmanns bru som ny endeholdeplass fra 29. juni,"Bussene stopper ikke på Jernbanetorget etter 29. juni, men starter og stopper på Hausmanns bru i Nylandsveien.",incident,normal,2026-09-05T08:24:10.398942+02:00
NSR:StopPlace:58825,Raufoss stasjon,2026-09-05T08:23:00+02:00,2026-09-05T08:23:53+02:00,2026-09-05T08:23:53+02:00,53.0,1,Oslo S,VYG:Line:R31,Skøyen-Jaren-Gjøvik,R31,rail,VYG:ServiceJourney:BUS-210_655144-R,True,actual,False,,,,,2026-09-05T08:24:10.398942+02:00
NSR:StopPlace:58211,Oslo lufthavn,2026-09-05T06:50:00+02:00,2026-09-05T06:50:53+02:00,2026-09-05T06:50:53+02:00,53.0,1,Drammen,FLT:Line:FLY1,FLY1,FLY1,rail,FLT:ServiceJourney:1-2614-3710-20260905,True,actual,False,,,,,2026-09-05T08:24:10.398942+02:00
NSR:StopPlace:313,Høybråten stasjon,2026-09-05T07:23:00+02:00,2026-09-05T07:23:53+02:00,2026-09-05T07:23:53+02:00,53.0,1,Spikkestad,VYG:Line:L1,Spikkestad-Oslo S-Lillestrøm,L1,rail,VYG:ServiceJourney:2211_443602-R,True,actual,False,,,,,2026-09-05T08:24:10.398942+02:00
NSR:StopPlace:610,Sandvika stasjon,2026-09-05T06:48:00+02:00,2026-09-05T06:48:53+02:00,2026-09-05T06:48:53+02:00,53.0,1,Lillestrøm,VYG:Line:L1,Spikkestad-Oslo S-Lillestrøm,L1,rail,VYG:ServiceJourney:2210_443600-R,True,actual,False,,,,,2026-09-05T08:24:10.398942+02:00
NSR:StopPlace:58866,Vevelstad stasjon,2026-09-05T02:34:00+02:00,2026-09-05T02:34:53+02:00,2026-09-05T02:34:53+02:00,53.0,1,Korsegården,RUT:Line:510,Bøleråsen - Ski - Ås - Drøbak,510,bus,RUT:ServiceJourney:fea980341c1c369cccd67f66fce5e45b,True,actual,False,,,,,2026-09-05T03:37:34.550234+02:00
NSR:StopPlace:59641,Fjellhamar stasjon,2026-09-05T05:47:00+02:00,2026-09-05T05:47:52+02:00,2026-09-05T05:47:52+02:00,52.0,1,Spikkestad,VYG:Line:L1,Spikkestad-Oslo S-Lillestrøm,L1,rail,VYG:ServiceJourney:2205_481233-R,True,actual,False,,,,,2026-09-05T08:24:10.398942+02:00
NSR:StopPlace:59616,Asker stasjon,2026-09-05T06:35:00+02:00,2026-09-05T06:35:52+02:00,2026-09-05T06:35:52+02:00,52.0,1,Blakstad,RUT:Line:290,Asker - Blakstad,290,bus,RUT:ServiceJourney:c12d8d71a9712bc0226ee66d28214b58,True,actual,False,,,,,2026-09-05T08:24:10.398942+02:00
NSR:StopPlace:59620,Grorud stasjon,2026-09-05T06:27:00+02:00,2026-09-05T06:27:52+02:00,2026-09-05T06:27:52+02:00,52.0,1,Spikkestad,VYG:Line:L1,Spikkestad-Oslo S-Lillestrøm,L1,rail,VYG:ServiceJourney:2207_443595-R,True,actual,False,,,,,2026-09-05T08:24:10.398942+02:00
NSR:StopPlace:58817,Eina stasjon,2026-09-05T05:37:00+02:00,2026-09-05T05:37:52+02:00,2026-09-05T05:37:52+02:00,52.0,1,Oslo S,VYG:Line:R31,Skøyen-Jaren-Gjøvik,R31,rail,VYG:ServiceJourney:BUS-204_655086-R,True,actual,False,,,,,2026-09-05T08:24:10.398942+02:00
NSR:StopPlace:702,Sandnes sentrum stasjon,2026-09-05T08:10:00+02:00,2026-09-05T08:10:52+02:00,2026-09-05T08:10:52+02:00,52.0,1,Egersund,GOA:Line:59,Jærbanen,L5,rail,GOA:ServiceJourney:3016_63048-R,True,actual,False,,,,,2026-09-05T08:24:10.398942+02:00
NSR:StopPlace:610,Sandvika stasjon,2026-09-05T06:25:00+02:00,2026-09-05T06:25:52+02:00,2026-09-05T06:25:52+02:00,52.0,1,Dal,VYG:Line:R13,Drammen-Oslo S-Dal,R13,rail,VYG:ServiceJourney:1607_443224-R,True,actual,False,,,,,2026-09-05T08:24:10.398942+02:00
NSR:StopPlace:62339,Lillestrøm stasjon,2026-09-05T07:10:00+02:00,2026-09-05T07:10:52+02:00,2026-09-05T07:10:52+02:00,52.0,1,Oslo Lufthavn,FLT:Line:FLY1,FLY1,FLY1,rail,FLT:ServiceJourney:1-2614-3715-20260905,True,actual,False,Heis i spor 1 og 2 er ute av bruk på grunn av vedlikehold.,Heis i spor 1 og 2 er ute av bruk på grunn av vedlikehold.,general,normal,2026-09-05T08:24:10.398942+02:00
NSR:StopPlace:59648,Kjelsås stasjon,2026-09-05T02:40:00+02:00,2026-09-05T02:40:52+02:00,2026-09-05T02:40:52+02:00,52.0,1,Kværnerbyen,RUT:Line:54,Kværnerbyen - Kjelsås stasjon,54,bus,RUT:ServiceJourney:794222f553715fbbadce4edd7ee2f3f0,True,actual,False,,,,,2026-09-05T03:37:34.550234+02:00
NSR:StopPlace:59643,Grefsen stasjon,2026-09-05T07:41:00+02:00,2026-09-05T07:41:51+02:00,2026-09-05T07:41:51+02:00,51.0,1,Lysaker,RUT:Line:23,Lysaker - Simensbråten,23,bus,RUT:ServiceJourney:7c58532cf658f5646dc385931143300f,True,actual,False,,,,,2026-09-05T08:24:10.398942+02:00
NSR:StopPlace:59651,Skøyen stasjon,2026-09-05T06:11:00+02:00,2026-09-05T06:11:51+02:00,2026-09-05T06:11:51+02:00,51.0,1,Grorud T,RUT:Line:31,Snarøya - Fornebu - Tonsenhagen - Grorud,31,bus,RUT:ServiceJourney:92bed3a4a515d9c8207c7d27a2ccbe97,True,actual,False,,,,,2026-09-05T08:24:10.398942+02:00
NSR:StopPlace:59636,Holmlia stasjon,2026-09-05T08:06:00+02:00,2026-09-05T08:06:51+02:00,2026-09-05T08:06:51+02:00,51.0,1,Krummedike,RUT:Line:2077,Holmlia stasjon - Asperudåsen,77B,bus,RUT:ServiceJourney:aaa065ab2916baac7633100189da5e03,True,actual,False,,,,,2026-09-05T08:24:10.398942+02:00
NSR:StopPlace:58404,Nationaltheatret,2026-09-05T06:13:00+02:00,2026-09-05T06:13:51+02:00,2026-09-05T06:13:51+02:00,51.0,1,Oslo Lufthavn,FLT:Line:FLY1,FLY1,FLY1,rail,FLT:ServiceJourney:1-2614-3711-20260905,True,actual,False,,,,,2026-09-05T08:24:10.398942+02:00
NSR:StopPlace:58930,Larvik stasjon,2026-09-05T08:10:00+02:00,2026-09-05T08:10:51+02:00,2026-09-05T08:10:51+02:00,51.0,1,Stavern-Kysthospitalet,VKT:Line:4,Torp-Sandefjord-Larvik-Stavern,4,bus,VKT:ServiceJourney:17639,True,actual,False,,,,,2026-09-05T08:24:10.398942+02:00
NSR:StopPlace:58834,Hokksund stasjon,2026-09-05T08:17:00+02:00,2026-09-05T08:17:51+02:00,2026-09-05T08:17:51+02:00,51.0,1,Ormåsen,BRA:Line:4_6117,Hokksund - Ormåsen,117,bus,BRA:ServiceJourney:6117_260622052306921_6031,True,actual,False,,,,,2026-09-05T08:24:10.398942+02:00
NSR:StopPlace:58856,Lysaker stasjon,2026-09-05T06:33:00+02:00,2026-09-05T06:33:51+02:00,2026-09-05T06:33:51+02:00,51.0,1,Nationaltheatret,RUT:Line:160,Rykkinn -Nationaltheatret,160,bus,RUT:ServiceJourney:2ba206cd981b172dc08c0b60c880356e,True,actual,False,,,,,2026-09-05T08:24:10.398942+02:00
NSR:StopPlace:58873,Skoppum stasjon,2026-09-05T07:18:00+02:00,2026-09-05T07:18:51+02:00,2026-09-05T07:18:51+02:00,51.0,1,Drammen,VYG:Line:RE11,Eidsvoll-Oslo S-Skien,RE11,rail,VYG:ServiceJourney:BUS-806_654225-R,True,actual,False,,,,,2026-09-05T08:24:10.398942+02:00
NSR:StopPlace:58820,Harestua stasjon,2026-09-05T05:46:00+02:00,2026-09-05T05:46:51+02:00,2026-09-05T05:46:51+02:00,51.0,1,Oslo S,VYG:Line:R31,Skøyen-Jaren-Gjøvik,R31,rail,VYG:ServiceJourney:BUS-202_655079-R,True,actual,False,,,,,2026-09-05T08:24:10.398942+02:00
NSR:StopPlace:62393,Billingstad stasjon,2026-09-05T06:36:00+02:00,2026-09-05T06:36:51+02:00,2026-09-05T06:36:51+02:00,51.0,1,Spikkestad,VYG:Line:L1,Spikkestad-Oslo S-Lillestrøm,L1,rail,VYG:ServiceJourney:2205_481233-R,True,actual,False,,,,,2026-09-05T08:24:10.398942+02:00
NSR:StopPlace:60944,Ski stasjon,2026-09-05T02:03:00+02:00,2026-09-05T02:03:51+02:00,2026-09-05T02:03:51+02:00,51.0,1,Bøleråsen,RUT:Line:510,Bøleråsen - Ski - Ås - Drøbak,510,bus,RUT:ServiceJourney:6cb4c916e552fb6aa4449f0edf30cbf3,True,actual,False,,,,,2026-09-05T03:37:34.550234+02:00
NSR:StopPlace:59872,Oslo S,2026-09-05T06:52:00+02:00,2026-09-05T06:52:50+02:00,2026-09-05T06:52:50+02:00,50.0,1,Moss,VYG:Line:R21,Stabekk-Oslo S-Moss,R21,rail,VYG:ServiceJourney:1107-HVK_442978-R,True,actual,False,,,,,2026-09-05T08:24:10.398942+02:00
NSR:StopPlace:59872,Oslo S,2026-09-05T07:20:00+02:00,2026-09-05T07:20:50+02:00,2026-09-05T07:20:50+02:00,50.0,1,Oslo Lufthavn,FLT:Line:FLY1,FLY1,FLY1,rail,FLT:ServiceJourney:1-2614-3717-20260905,True,actual,False,,,,,2026-09-05T08:24:10.398942+02:00
NSR:StopPlace:59643,Grefsen stasjon,2026-09-05T07:03:00+02:00,2026-09-05T07:03:50+02:00,2026-09-05T07:03:50+02:00,50.0,1,Gaustadalléen,RUT:Line:17,Rikshospitalet - Sinsen o/ Carl Berner,17,tram,RUT:ServiceJourney:84eed54b9891af81545f6751df343bce,True,actual,False,,,,,2026-09-05T08:24:10.398942+02:00
NSR:StopPlace:60640,Heimdal stasjon,2026-09-05T06:15:00+02:00,2026-09-05T06:15:50+02:00,2026-09-05T06:15:50+02:00,50.0,1,Lundåsen,ATB:Line:2_46,Torgård- Lundåsen,46,bus,ATB:ServiceJourney:46_251215112544119_6002,True,actual,False,,,,,2026-09-05T08:24:10.398942+02:00
NSR:StopPlace:59952,Drammen stasjon,2026-09-05T08:17:00+02:00,2026-09-05T08:17:50+02:00,2026-09-05T08:17:50+02:00,50.0,1,Eidsvoll,VYG:Line:R12,Kongsberg-Oslo S-Eidsvoll,R12,rail,VYG:ServiceJourney:508_444301-R,True,actual,False,,,,,2026-09-05T08:24:10.398942+02:00
NSR:StopPlace:59952,Drammen stasjon,2026-09-05T08:22:00+02:00,2026-09-05T08:22:50+02:00,2026-09-05T08:22:50+02:00,50.0,1,Stokke,VYG:Line:RE11,Eidsvoll-Oslo S-Skien,RE11,rail,VYG:ServiceJourney:BUS-807_654229-R,True,actual,False,,,,,2026-09-05T08:24:10.398942+02:00
NSR:StopPlace:59977,Trondheim S,2026-09-05T06:49:00+02:00,2026-09-05T06:49:50+02:00,2026-09-05T06:49:50+02:00,50.0,1,Romolslia via Tempevegen,ATB:Line:2_20,Grillstad - Strindheim - Ladehammeren- Sentrum - Romolslia,20,bus,ATB:ServiceJourney:20_251215112548210_6004,True,actual,False,,,,,2026-09-05T08:24:10.398942+02:00
NSR:StopPlace:59977,Trondheim S,2026-09-05T07:11:00+02:00,2026-09-05T07:11:50+02:00,2026-09-05T07:11:50+02:00,50.0,1,Trolla via sentrum,ATB:Line:2_21,Brattøra- Sentrum- Trolla,21,bus,ATB:ServiceJourney:21_251215112549190_6006,True,actual,False,,,,,2026-09-05T08:24:10.398942+02:00
NSR:StopPlace:60047,Melhus skysstasjon,2026-09-05T07:56:00+02:00,2026-09-05T07:56:50+02:00,2026-09-05T07:56:50+02:00,50.0,1,Dora via E6 - City Syd E6,ATB:Line:2_71,MelhusSkyss-Trondheim,71,bus,ATB:ServiceJourney:71_251215112545855_6008,True,actual,False,,,,,2026-09-05T08:24:10.398942+02:00
NSR:StopPlace:59616,Asker stasjon,2026-09-05T06:05:00+02:00,2026-09-05T06:05:50+02:00,2026-09-05T06:05:50+02:00,50.0,1,Blakstad,RUT:Line:290,Asker - Blakstad,290,bus,RUT:ServiceJourney:c5e3e74acaed09bc1274d98ad6b30e87,True,actual,False,,,,,2026-09-05T08:24:10.398942+02:00
NSR:StopPlace:59635,Hauketo stasjon,2026-09-05T07:58:00+02:00,2026-09-05T07:58:50+02:00,2026-09-05T07:58:50+02:00,50.0,1,Filipstad,RUT:Line:81,Fornebu - Myrvoll stasjon,81,bus,RUT:ServiceJourney:74991c30c3d98bea1fdf64eadcbfa4ec,True,actual,False,,,,,2026-09-05T08:24:10.398942+02:00
NSR:StopPlace:58963,Jessheim stasjon,2026-09-05T07:33:00+02:00,2026-09-05T07:33:50+02:00,2026-09-05T07:33:50+02:00,50.0,1,Kopperud,RUT:Line:420,Maura -  Jessheim,420,bus,RUT:ServiceJourney:c61582f1b3a49f8cf8ede97980ab847f,True,actual,False,,,,,2026-09-05T08:24:10.398942+02:00
NSR:StopPlace:58964,Kløfta stasjon,2026-09-05T08:14:00+02:00,2026-09-05T08:14:50+02:00,2026-09-05T08:14:50+02:00,50.0,1,Dal,VYG:Line:R13,Drammen-Oslo S-Dal,R13,rail,VYG:ServiceJourney:1611_443232-R,True,actual,False,,,,,2026-09-05T08:24:10.398942+02:00
NSR:StopPlace:58866,Vevelstad stasjon,2026-09-05T05:44:00+02:00,2026-09-05T05:44:50+02:00,2026-09-05T05:44:50+02:00,50.0,1,Stabekk,VYG:Line:L2,Stabekk-Oslo S-Ski,L2,rail,VYG:ServiceJourney:2708-SKI_443914-R,True,actual,False,,,,,2026-09-05T08:24:10.398942+02:00
NSR:StopPlace:58876,Tønsberg stasjon,2026-09-05T07:08:00+02:00,2026-09-05T07:08:50+02:00,2026-09-05T07:08:50+02:00,50.0,1,Drammen,VYG:Line:RE11,Eidsvoll-Oslo S-Skien,RE11,rail,VYG:ServiceJourney:BUS-806_654224-R,True,actual,False,,,,,2026-09-05T08:24:10.398942+02:00
NSR:StopPlace:58873,Skoppum stasjon,2026-09-05T08:00:00+02:00,2026-09-05T08:00:50+02:00,2026-09-05T08:00:50+02:00,50.0,1,Holtandalen-Horten,VKT:Line:40,Horten-Holtandalen-Skoppum,40,bus,VKT:ServiceJourney:17448,True,actual,False,,,,,2026-09-05T08:24:10.398942+02:00
NSR:StopPlace:58802,Spydeberg stasjon,2026-09-05T06:08:00+02:00,2026-09-05T06:08:50+02:00,2026-09-05T06:08:50+02:00,50.0,1,Oslo S,VYG:Line:R22,Skøyen-Oslo S-Mysen-Rakkestad,R22,rail,VYG:ServiceJourney:1906_443441-R,True,actual,False,,,,,2026-09-05T08:24:10.398942+02:00
NSR:StopPlace:58813,Skarnes stasjon,2026-09-05T08:09:00+02:00,2026-09-05T08:09:50+02:00,2026-09-05T08:09:50+02:00,50.0,1,Kongsvinger,VYG:Line:R14,Asker-Oslo S-Kongsvinger,R14,rail,VYG:ServiceJourney:1005_442910-R,True,actual,False,,,,,2026-09-05T08:24:10.398942+02:00
NSR:StopPlace:58211,Oslo lufthavn,2026-09-05T05:30:00+02:00,2026-09-05T05:30:50+02:00,2026-09-05T05:30:50+02:00,50.0,1,Drammen,FLT:Line:FLY1,FLY1,FLY1,rail,FLT:ServiceJourney:1-2614-3702-20260905,True,actual,False,,,,,2026-09-05T08:24:10.398942+02:00
NSR:StopPlace:610,Sandvika stasjon,2026-09-05T06:18:00+02:00,2026-09-05T06:18:50+02:00,2026-09-05T06:18:50+02:00,50.0,1,Lillestrøm,VYG:Line:L1,Spikkestad-Oslo S-Lillestrøm,L1,rail,VYG:ServiceJourney:2208_452017-R,True,actual,False,,,,,2026-09-05T08:24:10.398942+02:00
NSR:StopPlace:59650,Nyland stasjon,2026-09-05T02:46:00+02:00,2026-09-05T02:46:50+02:00,2026-09-05T02:46:50+02:00,50.0,1,Vestli,RUT:Line:3905,Jernbanetorget - Vestli T,5N,bus,RUT:ServiceJourney:a6164f4c49a7b0090d8f0f4aa5e0226d,True,actual,False,,,,,2026-09-05T03:37:34.550234+02:00
NSR:StopPlace:59643,Grefsen stasjon,2026-09-05T05:45:00+02:00,2026-09-05T05:45:49+02:00,2026-09-05T05:45:49+02:00,49.0,1,Gaustadalléen,RUT:Line:17,Rikshospitalet - Sinsen o/ Carl Berner,17,tram,RUT:ServiceJourney:134cf74b3f5b7de8ed1e303401934dae,True,actual,False,,,,,2026-09-05T08:24:10.398942+02:00
NSR:StopPlace:59650,Nyland stasjon,2026-09-05T06:29:00+02:00,2026-09-05T06:29:49+02:00,2026-09-05T06:29:49+02:00,49.0,1,Spikkestad,VYG:Line:L1,Spikkestad-Oslo S-Lillestrøm,L1,rail,VYG:ServiceJourney:2207_443595-R,True,actual,False,,,,,2026-09-05T08:24:10.398942+02:00
NSR:StopPlace:60077,Støren stasjon,2026-09-05T07:13:00+02:00,2026-09-05T07:13:49+02:00,2026-09-05T07:13:49+02:00,49.0,1,Steinkjer,SJN:Line:26,Trønderbanen,R70,rail,SJN:ServiceJourney:427_56087-R,True,actual,False,,,,,2026-09-05T08:24:10.398942+02:00
NSR:StopPlace:59639,Sonsveien stasjon,2026-09-05T07:12:00+02:00,2026-09-05T07:12:49+02:00,2026-09-05T07:12:49+02:00,49.0,1,Vestby stasjon,RUT:Line:540,Moss - Son - Vestby stasjon,540,bus,RUT:ServiceJourney:1ecb3416748cd6793291345338814283,True,actual,False,,,,,2026-09-05T08:24:10.398942+02:00
NSR:StopPlace:58834,Hokksund stasjon,2026-09-05T06:59:00+02:00,2026-09-05T06:59:49+02:00,2026-09-05T06:59:49+02:00,49.0,1,Eidsvoll,VYG:Line:R12,Kongsberg-Oslo S-Eidsvoll,R12,rail,VYG:ServiceJourney:506_444299-R,True,actual,False,,,,,2026-09-05T08:24:10.398942+02:00
NSR:StopPlace:58844,Eidsvoll stasjon,2026-09-05T08:15:00+02:00,2026-09-05T08:15:49+02:00,2026-09-05T08:15:49+02:00,49.0,1,Jessheim,RUT:Line:430,Eidsvoll - Jessheim,430,bus,RUT:ServiceJourney:3c6c2b95e86d0050d390e5db2dd0032e,True,actual,False,,,,,2026-09-05T08:24:10.398942+02:00
NSR:StopPlace:58840,Vestfossen stasjon,2026-09-05T07:53:00+02:00,2026-09-05T07:53:49+02:00,2026-09-05T07:53:49+02:00,49.0,1,Eidsvoll,VYG:Line:R12,Kongsberg-Oslo S-Eidsvoll,R12,rail,VYG:ServiceJourney:508_444301-R,True,actual,False,,,,,2026-09-05T08:24:10.398942+02:00
NSR:StopPlace:58856,Lysaker stasjon,2026-09-05T06:45:00+02:00,2026-09-05T06:45:49+02:00,2026-09-05T06:45:49+02:00,49.0,1,Tjuvholmen,RUT:Line:42,Voksen skog - Tjuvholmen,42,bus,RUT:ServiceJourney:6b6264379fcab10d1a6cc00537b3ffa8,True,actual,False,,,,,2026-09-05T08:24:10.398942+02:00
NSR:StopPlace:58884,Skien stasjon,2026-09-05T07:58:00+02:00,2026-09-05T07:58:49+02:00,2026-09-05T07:58:49+02:00,49.0,1,Åfoss via Skien sentrum,TEL:Line:8047,Siljan-Skien-Åfoss,P7,bus,TEL:ServiceJourney:117581,True,actual,False,,,,,2026-09-05T08:24:10.398942+02:00
NSR:StopPlace:58211,Oslo lufthavn,2026-09-05T06:13:00+02:00,2026-09-05T06:13:49+02:00,2026-09-05T06:13:49+02:00,49.0,1,Skien,VYG:Line:RE11,Eidsvoll-Oslo S-Skien,RE11,rail,VYG:ServiceJourney:805-EVL_652702-R,True,actual,False,,,,,2026-09-05T08:24:10.398942+02:00
NSR:StopPlace:17,Ringebu stasjon,2026-09-05T02:09:00+02:00,2026-09-05T02:09:49+02:00,2026-09-05T02:09:49+02:00,49.0,1,Trondheim S,SJN:Line:21,Dovrebanen,F6,rail,SJN:ServiceJourney:405-LOD_30131-R,True,actual,False,,,,,2026-09-05T03:37:34.550234+02:00
NSR:StopPlace:58890,Nelaug stasjon,2026-09-05T03:32:00+02:00,2026-09-05T03:32:49+02:00,2026-09-05T03:32:49+02:00,49.0,1,Oslo S,GOA:Line:50,Sørtoget region,F5,rail,GOA:ServiceJourney:726-KVB_63257-R,True,actual,False,,,,,2026-09-05T03:37:34.550234+02:00
NSR:StopPlace:8,Paradis stasjon,2026-09-05T05:49:00+02:00,2026-09-05T05:49:48+02:00,2026-09-05T05:49:48+02:00,48.0,1,Egersund,GOA:Line:59,Jærbanen,L5,rail,GOA:ServiceJourney:3008_63040-R,True,actual,False,,,,,2026-09-05T08:24:10.398942+02:00
NSR:StopPlace:59641,Fjellhamar stasjon,2026-09-05T08:03:00+02:00,2026-09-05T08:03:48+02:00,2026-09-05T08:03:48+02:00,48.0,1,Vallerudtoppen,RUT:Line:315,Vallerudtoppen - Ahus,315,bus,RUT:ServiceJourney:5a4cd553fcddc296f79597f9ba3a673a,True,actual,False,,,,,2026-09-05T08:24:10.398942+02:00
NSR:StopPlace:60016,Kråkstad stasjon,2026-09-05T07:14:00+02:00,2026-09-05T07:14:48+02:00,2026-09-05T07:14:48+02:00,48.0,1,Rakkestad,VYG:Line:R22,Skøyen-Oslo S-Mysen-Rakkestad,R22,rail,VYG:ServiceJourney:1905-LOD_452016-R,True,actual,False,,,,,2026-09-05T08:24:10.398942+02:00
NSR:StopPlace:59639,Sonsveien stasjon,2026-09-05T08:04:00+02:00,2026-09-05T08:04:48+02:00,2026-09-05T08:04:48+02:00,48.0,1,Stabekk,VYG:Line:R21,Stabekk-Oslo S-Moss,R21,rail,VYG:ServiceJourney:1116-MOS_442991-R,True,actual,False,,,,,2026-09-05T08:24:10.398942+02:00
NSR:StopPlace:58404,Nationaltheatret,2026-09-05T06:33:00+02:00,2026-09-05T06:33:48+02:00,2026-09-05T06:33:48+02:00,48.0,1,Oslo Lufthavn,FLT:Line:FLY1,FLY1,FLY1,rail,FLT:ServiceJourney:1-2614-3713-20260905,True,actual,False,,,,,2026-09-05T08:24:10.398942+02:00
NSR:StopPlace:58930,Larvik stasjon,2026-09-05T08:02:00+02:00,2026-09-05T08:02:48+02:00,2026-09-05T08:02:48+02:00,48.0,1,Eidsvoll,VYG:Line:RE11,Eidsvoll-Oslo S-Skien,RE11,rail,VYG:ServiceJourney:90808_646815-R,True,actual,False,,,,,2026-09-05T08:24:10.398942+02:00
NSR:StopPlace:58834,Hokksund stasjon,2026-09-05T07:59:00+02:00,2026-09-05T07:59:48+02:00,2026-09-05T07:59:48+02:00,48.0,1,Eidsvoll,VYG:Line:R12,Kongsberg-Oslo S-Eidsvoll,R12,rail,VYG:ServiceJourney:508_444301-R,True,actual,False,,,,,2026-09-05T08:24:10.398942+02:00
NSR:StopPlace:58842,Blaker stasjon,2026-09-05T07:21:00+02:00,2026-09-05T07:21:48+02:00,2026-09-05T07:21:48+02:00,48.0,1,Asker,VYG:Line:R14,Asker-Oslo S-Kongsvinger,R14,rail,VYG:ServiceJourney:1006_442911-R,True,actual,False,,,,,2026-09-05T08:24:10.398942+02:00
NSR:StopPlace:58852,Høn stasjon,2026-09-05T07:36:00+02:00,2026-09-05T07:36:48+02:00,2026-09-05T07:36:48+02:00,48.0,1,Lillestrøm,VYG:Line:L1,Spikkestad-Oslo S-Lillestrøm,L1,rail,VYG:ServiceJourney:2214_443606-R,True,actual,False,,,,,2026-09-05T08:24:10.398942+02:00
NSR:StopPlace:58857,Lørenskog stasjon,2026-09-05T07:21:00+02:00,2026-09-05T07:21:48+02:00,2026-09-05T07:21:48+02:00,48.0,1,Spikkestad,VYG:Line:L1,Spikkestad-Oslo S-Lillestrøm,L1,rail,VYG:ServiceJourney:2211_443602-R,True,actual,False,,,,,2026-09-05T08:24:10.398942+02:00
NSR:StopPlace:58811,Moelv stasjon,2026-09-05T05:53:00+02:00,2026-09-05T05:53:48+02:00,2026-09-05T05:53:48+02:00,48.0,1,Drammen,VYG:Line:RE10,Drammen-Oslo S-Lillehammer,RE10,rail,VYG:ServiceJourney:304-HHS_487829-R,True,actual,False,,,,,2026-09-05T08:24:10.398942+02:00
NSR:StopPlace:58211,Oslo lufthavn,2026-09-05T07:10:00+02:00,2026-09-05T07:10:48+02:00,2026-09-05T07:10:48+02:00,48.0,1,Drammen,FLT:Line:FLY1,FLY1,FLY1,rail,FLT:ServiceJourney:1-2614-3712-20260905,True,actual,False,,,,,2026-09-05T08:24:10.398942+02:00
NSR:StopPlace:62309,Ljan stasjon,2026-09-05T07:24:00+02:00,2026-09-05T07:24:48+02:00,2026-09-05T07:24:48+02:00,48.0,1,Ski,VYG:Line:L2,Stabekk-Oslo S-Ski,L2,rail,VYG:ServiceJourney:2709-HVK_443915-R,True,actual,False,,,,,2026-09-05T08:24:10.398942+02:00
NSR:StopPlace:62311,Vigrestad stasjon,2026-09-05T06:40:00+02:00,2026-09-05T06:40:48+02:00,2026-09-05T06:40:48+02:00,48.0,1,Egersund,GOA:Line:59,Jærbanen,L5,rail,GOA:ServiceJourney:3008_63040-R,True,actual,False,,,,,2026-09-05T08:24:10.398942+02:00
NSR:StopPlace:62392,Slependen stasjon,2026-09-05T07:45:00+02:00,2026-09-05T07:45:48+02:00,2026-09-05T07:45:48+02:00,48.0,1,Lillestrøm,VYG:Line:L1,Spikkestad-Oslo S-Lillestrøm,L1,rail,VYG:ServiceJourney:2214_443606-R,True,actual,False,,,,,2026-09-05T08:24:10.398942+02:00
NSR:StopPlace:59616,Asker stasjon,2026-09-05T02:08:00+02:00,2026-09-05T02:08:48+02:00,2026-09-05T02:08:48+02:00,48.0,1,Blakstad,RUT:Line:290,Asker - Blakstad,290,bus,RUT:ServiceJourney:810d14b7edef811d8b4cd9d89306ae82,True,actual,False,,,,,2026-09-05T03:37:34.550234+02:00
NSR:StopPlace:61463,Nordstrand stasjon,2026-09-05T07:22:00+02:00,2026-09-05T07:22:47+02:00,2026-09-05T07:22:47+02:00,47.0,1,Ski,VYG:Line:L2,Stabekk-Oslo S-Ski,L2,rail,VYG:ServiceJourney:2709-HVK_443915-R,True,actual,False,,,,,2026-09-05T08:24:10.398942+02:00
NSR:StopPlace:61464,Hvalstad stasjon,2026-09-05T06:39:00+02:00,2026-09-05T06:39:47+02:00,2026-09-05T06:39:47+02:00,47.0,1,Spikkestad,VYG:Line:L1,Spikkestad-Oslo S-Lillestrøm,L1,rail,VYG:ServiceJourney:2205_481233-R,True,actual,False,,,,,2026-09-05T08:24:10.398942+02:00
NSR:StopPlace:59872,Oslo S,2026-09-05T07:34:00+02:00,2026-09-05T07:34:47+02:00,2026-09-05T07:34:47+02:00,47.0,1,Lillehammer,VYG:Line:RE10,Drammen-Oslo S-Lillehammer,RE10,rail,VYG:ServiceJourney:307-SUD_444139-R,True,actual,False,,,,,2026-09-05T08:24:10.398942+02:00
NSR:StopPlace:59643,Grefsen stasjon,2026-09-05T07:49:00+02:00,2026-09-05T07:49:47+02:00,2026-09-05T07:49:47+02:00,47.0,1,Simensbråten,RUT:Line:23,Lysaker - Simensbråten,23,bus,RUT:ServiceJourney:ec57e511e47c79fde0739b66a0795787,True,actual,False,,,,,2026-09-05T08:24:10.398942+02:00
NSR:StopPlace:59651,Skøyen stasjon,2026-09-05T06:12:00+02:00,2026-09-05T06:12:47+02:00,2026-09-05T06:12:47+02:00,47.0,1,Moss,VYG:Line:R21,Stabekk-Oslo S-Moss,R21,rail,VYG:ServiceJourney:1105-HVK_442976-R,True,actual,False,,,,,2026-09-05T08:24:10.398942+02:00
NSR:StopPlace:58404,Nationaltheatret,2026-09-05T06:17:00+02:00,2026-09-05T06:17:47+02:00,2026-09-05T06:17:47+02:00,47.0,1,Kjelsås,RUT:Line:3912,Majorstuen - Kjelsås,12N,bus,RUT:ServiceJourney:ea55002420cd160839229d9ccaf2d0cf,True,actual,False,,,,,2026-09-05T08:24:10.398942+02:00
NSR:StopPlace:58861,Solbråtan stasjon,2026-09-05T07:53:00+02:00,2026-09-05T07:53:47+02:00,2026-09-05T07:53:47+02:00,47.0,1,Stabekk,VYG:Line:L2,Stabekk-Oslo S-Ski,L2,rail,VYG:ServiceJourney:2716-SKI_443922-R,True,actual,False,,,,,2026-09-05T08:24:10.398942+02:00
NSR:StopPlace:58876,Tønsberg stasjon,2026-09-05T08:08:00+02:00,2026-09-05T08:08:47+02:00,2026-09-05T08:08:47+02:00,47.0,1,Drammen,VYG:Line:RE11,Eidsvoll-Oslo S-Skien,RE11,rail,VYG:ServiceJourney:BUS-808_654235-R,True,actual,False,,,,,2026-09-05T08:24:10.398942+02:00
NSR:StopPlace:59654,Stabekk stasjon,2026-09-05T03:22:00+02:00,2026-09-05T03:22:47+02:00,2026-09-05T03:22:47+02:00,47.0,1,Nationaltheatret,RUT:Line:150,Gullhaug - Nationaltheatret,150,bus,RUT:ServiceJourney:f0ffe636c11271e1d6667207b4d4cdf5,True,actual,False,,,,,2026-09-05T03:37:34.550234+02:00
NSR:StopPlace:58890,Nelaug stasjon,2026-09-05T02:17:00+02:00,2026-09-05T02:17:47+02:00,2026-09-05T02:17:47+02:00,47.0,1,Stavanger,GOA:Line:50,Sørtoget region,F5,rail,GOA:ServiceJourney:725-LOD_67061-R,True,actual,False,,,,,2026-09-05T03:37:34.550234+02:00
NSR:StopPlace:61169,Marienborg stasjon,2026-09-05T07:13:00+02:00,2026-09-05T07:13:46+02:00,2026-09-05T07:13:46+02:00,46.0,1,Østmarka via Lerkendal-Strindh.,ATB:Line:2_13,Østmarka - Strindheim - Lerkendal - Havstad,13,bus,ATB:ServiceJourney:13_251215112552833_6007,True,actual,False,,,,,2026-09-05T08:24:10.398942+02:00
NSR:StopPlace:59648,Kjelsås stasjon,2026-09-05T08:18:00+02:00,2026-09-05T08:18:46+02:00,2026-09-05T08:18:46+02:00,46.0,1,Gjøvik,VYG:Line:R31,Skøyen-Jaren-Gjøvik,R31,rail,VYG:ServiceJourney:BUS-207_655117-R,True,actual,False,,,,,2026-09-05T08:24:10.398942+02:00
NSR:StopPlace:60640,Heimdal stasjon,2026-09-05T07:57:00+02:00,2026-09-05T07:57:46+02:00,2026-09-05T07:57:46+02:00,46.0,1,Torgård,ATB:Line:2_46,Torgård- Lundåsen,46,bus,ATB:ServiceJourney:46_251215112544205_6007,True,actual,False,,,,,2026-09-05T08:24:10.398942+02:00
NSR:StopPlace:59651,Skøyen stasjon,2026-09-05T06:32:00+02:00,2026-09-05T06:32:46+02:00,2026-09-05T06:32:46+02:00,46.0,1,Lillestrøm,VYG:Line:L1,Spikkestad-Oslo S-Lillestrøm,L1,rail,VYG:ServiceJourney:2208_452017-R,True,actual,False,,,,,2026-09-05T08:24:10.398942+02:00
NSR:StopPlace:59651,Skøyen stasjon,2026-09-05T06:55:00+02:00,2026-09-05T06:55:46+02:00,2026-09-05T06:55:46+02:00,46.0,1,Lilleaker,RUT:Line:3013,Buss for linje 13,13B,bus,RUT:ServiceJourney:7b3124fac23e7187ab97cbbe2a2ea425,True,actual,False,Linje 13: Buss for trikk mellom Thune og Lilleaker ,Vi kjører buss for trikk (linje 13B) mellom Thune og Lilleaker. Bussen stopper ikke på Sollerud. 13B betjener Thune fra midlertidig holdeplass i Drammensveien,incident,normal,2026-09-05T08:24:10.398942+02:00
NSR:StopPlace:59092,Gyland stasjon,2026-09-05T04:59:00+02:00,2026-09-05T04:59:46+02:00,2026-09-05T04:59:46+02:00,46.0,1,Stavanger,GOA:Line:50,Sørtoget region,F5,rail,GOA:ServiceJourney:725-LOD_67061-R,True,actual,False,,,,,2026-09-05T08:24:10.398942+02:00
NSR:StopPlace:59635,Hauketo stasjon,2026-09-05T07:07:00+02:00,2026-09-05T07:07:46+02:00,2026-09-05T07:07:46+02:00,46.0,1,Kolbotn,RUT:Line:87,Hauketo stasjon - Kolbotn,87,bus,RUT:ServiceJourney:eea5abc94628a119238a62c76b0a9f34,True,actual,False,,,,,2026-09-05T08:24:10.398942+02:00
NSR:StopPlace:58793,Askim stasjon,2026-09-05T07:05:00+02:00,2026-09-05T07:05:46+02:00,2026-09-05T07:05:46+02:00,46.0,1,Oslo S,VYG:Line:R22,Skøyen-Oslo S-Mysen-Rakkestad,R22,rail,VYG:ServiceJourney:1908_443444-R,True,actual,False,,,,,2026-09-05T08:24:10.398942+02:00
NSR:StopPlace:58854,Langhus stasjon,2026-09-05T07:37:00+02:00,2026-09-05T07:37:46+02:00,2026-09-05T07:37:46+02:00,46.0,1,Drøbak - Seiersten,RUT:Line:510,Bøleråsen - Ski - Ås - Drøbak,510,bus,RUT:ServiceJourney:97de686329da633b53ec93412c303213,True,actual,False,,,,,2026-09-05T08:24:10.398942+02:00
NSR:StopPlace:58856,Lysaker stasjon,2026-09-05T06:26:00+02:00,2026-09-05T06:26:46+02:00,2026-09-05T06:26:46+02:00,46.0,1,Skøyen,RUT:Line:130,Sandvika -Skøyen,130,bus,RUT:ServiceJourney:17498fff1eb23c522fcff9dc80b717e0,True,actual,False,,,,,2026-09-05T08:24:10.398942+02:00
NSR:StopPlace:58857,Lørenskog stasjon,2026-09-05T07:43:00+02:00,2026-09-05T07:43:46+02:00,2026-09-05T07:43:46+02:00,46.0,1,Stovner,RUT:Line:120,Nesåsen - Stovner,120,bus,RUT:ServiceJourney:9a382dbd6621dc227502db43def708c2,True,actual,False,,,,,2026-09-05T08:24:10.398942+02:00
NSR:StopPlace:58858,Nittedal stasjon,2026-09-05T06:20:00+02:00,2026-09-05T06:20:46+02:00,2026-09-05T06:20:46+02:00,46.0,1,Lørenskog sentrum,RUT:Line:385,Nittedal stasjon - Olavsgaard - Ahus,385,bus,RUT:ServiceJourney:e8376c6152dec9c2373e0d469eef36af,True,actual,False,,,,,2026-09-05T08:24:10.398942+02:00
NSR:StopPlace:58869,Ås stasjon,2026-09-05T07:10:00+02:00,2026-09-05T07:10:46+02:00,2026-09-05T07:10:46+02:00,46.0,1,Moss,VYG:Line:R21,Stabekk-Oslo S-Moss,R21,rail,VYG:ServiceJourney:1107-HVK_442978-R,True,actual,False,,,,,2026-09-05T08:24:10.398942+02:00
NSR:StopPlace:58870,Holmestrand stasjon,2026-09-05T07:58:00+02:00,2026-09-05T07:58:46+02:00,2026-09-05T07:58:46+02:00,46.0,1,Skoppum,VYG:Line:RE11,Eidsvoll-Oslo S-Skien,RE11,rail,VYG:ServiceJourney:BUS-805_654212-R,True,actual,False,,,,,2026-09-05T08:24:10.398942+02:00
NSR:StopPlace:58854,Langhus stasjon,2026-09-05T02:37:00+02:00,2026-09-05T02:37:46+02:00,2026-09-05T02:37:46+02:00,46.0,1,Korsegården,RUT:Line:510,Bøleråsen - Ski - Ås - Drøbak,510,bus,RUT:ServiceJourney:fea980341c1c369cccd67f66fce5e45b,True,actual,False,,,,,2026-09-05T03:37:34.550234+02:00
NSR:StopPlace:59654,Stabekk stasjon,2026-09-05T06:24:00+02:00,2026-09-05T06:24:45+02:00,2026-09-05T06:24:45+02:00,45.0,1,Spikkestad,VYG:Line:L1,Spikkestad-Oslo S-Lillestrøm,L1,rail,VYG:ServiceJourney:2205_481233-R,True,actual,False,,,,,2026-09-05T08:24:10.398942+02:00
NSR:StopPlace:60944,Ski stasjon,2026-09-05T07:42:00+02:00,2026-09-05T07:42:45+02:00,2026-09-05T07:42:45+02:00,45.0,1,Vinterbro,RUT:Line:520,Vinterbro - Ski stasjon,520,bus,RUT:ServiceJourney:8aa520d6af29d6834599b6d0f2bdbc95,True,actual,False,,,,,2026-09-05T08:24:10.398942+02:00
NSR:StopPlace:59616,Asker stasjon,2026-09-05T07:35:00+02:00,2026-09-05T07:35:45+02:00,2026-09-05T07:35:45+02:00,45.0,1,Blakstad,RUT:Line:290,Asker - Blakstad,290,bus,RUT:ServiceJourney:563d473215ec17acd214f8b9fe56bfa9,True,actual,False,,,,,2026-09-05T08:24:10.398942+02:00
NSR:StopPlace:59648,Kjelsås stasjon,2026-09-05T03:33:00+02:00,2026-09-05T03:33:45+02:00,2026-09-05T03:33:45+02:00,45.0,1,Majorstuen,RUT:Line:3912,Majorstuen - Kjelsås,12N,bus,RUT:ServiceJourney:0fd2c77781a75d31e5c9a2cb88801230,True,actual,False,,,,,2026-09-05T03:37:34.550234+02:00
NSR:StopPlace:41,Hanaborg stasjon,2026-09-05T06:49:00+02:00,2026-09-05T06:49:44+02:00,2026-09-05T06:49:44+02:00,44.0,1,Spikkestad,VYG:Line:L1,Spikkestad-Oslo S-Lillestrøm,L1,rail,VYG:ServiceJourney:2209_443598-R,True,actual,False,,,,,2026-09-05T08:24:10.398942+02:00
NSR:StopPlace:59647,Dal stasjon,2026-09-05T05:46:00+02:00,2026-09-05T05:46:44+02:00,2026-09-05T05:46:44+02:00,44.0,1,Eidsvoll st.,RUT:Line:430,Eidsvoll - Jessheim,430,bus,RUT:ServiceJourney:b9942d031055d9ee104b9ced82ebf1a7,True,actual,False,,,,,2026-09-05T08:24:10.398942+02:00
NSR:StopPlace:60271,Varhaug stasjon,2026-09-05T07:38:00+02:00,2026-09-05T07:38:44+02:00,2026-09-05T07:38:44+02:00,44.0,1,Egersund,GOA:Line:59,Jærbanen,L5,rail,GOA:ServiceJourney:3012_63044-R,True,actual,False,,,,,2026-09-05T08:24:10.398942+02:00
NSR:StopPlace:610,Sandvika stasjon,2026-09-05T05:48:00+02:00,2026-09-05T05:48:44+02:00,2026-09-05T05:48:44+02:00,44.0,1,Lillestrøm,VYG:Line:L1,Spikkestad-Oslo S-Lillestrøm,L1,rail,VYG:ServiceJourney:2206_443594-R,True,actual,False,,,,,2026-09-05T08:24:10.398942+02:00
NSR:StopPlace:59650,Nyland stasjon,2026-09-05T02:23:00+02:00,2026-09-05T02:23:44+02:00,2026-09-05T02:23:44+02:00,44.0,1,Jernbanetorget,RUT:Line:3905,Jernbanetorget - Vestli T,5N,bus,RUT:ServiceJourney:b97a5ba5a98cc00eaa1927df0c87a83f,True,actual,False,,,,,2026-09-05T03:37:34.550234+02:00
NSR:StopPlace:58952,Bodø stasjon,2026-09-05T03:32:00+02:00,2026-09-05T03:32:44+02:00,2026-09-05T03:32:44+02:00,44.0,1,Tverlandet,NOR:Line:12_8044,Tverlandet - Bodø sentrum - Løpsmarka Nattbuss,4 N,bus,NOR:ServiceJourney:8044_251012124900683_1004,True,actual,False,,,,,2026-09-05T03:37:34.550234+02:00
NSR:StopPlace:58853,Kolbotn stasjon,2026-09-05T03:16:00+02:00,2026-09-05T03:16:44+02:00,2026-09-05T03:16:44+02:00,44.0,1,Fløysbonn,RUT:Line:3983,Nationaltheatret - Fløysbonn,83N,bus,RUT:ServiceJourney:552a87f0c37ad08c2a00779b9a274fa4,True,actual,False,,,,,2026-09-05T03:37:34.550234+02:00
NSR:StopPlace:59648,Kjelsås stasjon,2026-09-05T05:10:00+02:00,2026-09-05T05:10:43+02:00,2026-09-05T05:10:43+02:00,43.0,1,Kværnerbyen,RUT:Line:54,Kværnerbyen - Kjelsås stasjon,54,bus,RUT:ServiceJourney:e182e6a852dc1a65f976b6cd7c35a0d8,True,actual,False,,,,,2026-09-05T08:24:10.398942+02:00
NSR:StopPlace:60640,Heimdal stasjon,2026-09-05T07:42:00+02:00,2026-09-05T07:42:43+02:00,2026-09-05T07:42:43+02:00,43.0,1,Lund,ATB:Line:2_2,Strindheim- Lade- sentrum- Sau,2,bus,ATB:ServiceJourney:2_251215112550142_6008,True,actual,False,,,,,2026-09-05T08:24:10.398942+02:00
NSR:StopPlace:59651,Skøyen stasjon,2026-09-05T06:47:00+02:00,2026-09-05T06:47:43+02:00,2026-09-05T06:47:43+02:00,43.0,1,Spikkestad,VYG:Line:L1,Spikkestad-Oslo S-Lillestrøm,L1,rail,VYG:ServiceJourney:2207_443595-R,True,actual,False,,,,,2026-09-05T08:24:10.398942+02:00
NSR:StopPlace:59616,Asker stasjon,2026-09-05T07:19:00+02:00,2026-09-05T07:19:43+02:00,2026-09-05T07:19:43+02:00,43.0,1,Dal,VYG:Line:R13,Drammen-Oslo S-Dal,R13,rail,VYG:ServiceJourney:1611_443232-R,True,actual,False,,,,,2026-09-05T08:24:10.398942+02:00
NSR:StopPlace:59635,Hauketo stasjon,2026-09-05T08:07:00+02:00,2026-09-05T08:07:43+02:00,2026-09-05T08:07:43+02:00,43.0,1,Kolbotn,RUT:Line:87,Hauketo stasjon - Kolbotn,87,bus,RUT:ServiceJourney:d1f2e6cc108c1bb66c4357324154263c,True,actual,False,,,,,2026-09-05T08:24:10.398942+02:00
NSR:StopPlace:58925,Gausel stasjon,2026-09-05T08:05:00+02:00,2026-09-05T08:05:43+02:00,2026-09-05T08:05:43+02:00,43.0,1,Egersund,GOA:Line:59,Jærbanen,L5,rail,GOA:ServiceJourney:3016_63048-R,True,actual,False,,,,,2026-09-05T08:24:10.398942+02:00
NSR:StopPlace:58830,Brakerøya stasjon,2026-09-05T07:08:00+02:00,2026-09-05T07:08:43+02:00,2026-09-05T07:08:43+02:00,43.0,1,Dal,VYG:Line:R13,Drammen-Oslo S-Dal,R13,rail,VYG:ServiceJourney:1611_443232-R,True,actual,False,,,,,2026-09-05T08:24:10.398942+02:00
NSR:StopPlace:58836,Mjøndalen stasjon,2026-09-05T08:05:00+02:00,2026-09-05T08:05:43+02:00,2026-09-05T08:05:43+02:00,43.0,1,Eidsvoll,VYG:Line:R12,Kongsberg-Oslo S-Eidsvoll,R12,rail,VYG:ServiceJourney:508_444301-R,True,actual,False,,,,,2026-09-05T08:24:10.398942+02:00
NSR:StopPlace:58852,Høn stasjon,2026-09-05T07:06:00+02:00,2026-09-05T07:06:43+02:00,2026-09-05T07:06:43+02:00,43.0,1,Lillestrøm,VYG:Line:L1,Spikkestad-Oslo S-Lillestrøm,L1,rail,VYG:ServiceJourney:2212_443603-R,True,actual,False,,,,,2026-09-05T08:24:10.398942+02:00
NSR:StopPlace:58857,Lørenskog stasjon,2026-09-05T06:51:00+02:00,2026-09-05T06:51:43+02:00,2026-09-05T06:51:43+02:00,43.0,1,Spikkestad,VYG:Line:L1,Spikkestad-Oslo S-Lillestrøm,L1,rail,VYG:ServiceJourney:2209_443598-R,True,actual,False,,,,,2026-09-05T08:24:10.398942+02:00
NSR:StopPlace:313,Høybråten stasjon,2026-09-05T05:53:00+02:00,2026-09-05T05:53:43+02:00,2026-09-05T05:53:43+02:00,43.0,1,Spikkestad,VYG:Line:L1,Spikkestad-Oslo S-Lillestrøm,L1,rail,VYG:ServiceJourney:2205_481233-R,True,actual,False,,,,,2026-09-05T08:24:10.398942+02:00
NSR:StopPlace:206,Mariero stasjon,2026-09-05T05:52:00+02:00,2026-09-05T05:52:43+02:00,2026-09-05T05:52:43+02:00,43.0,1,Egersund,GOA:Line:59,Jærbanen,L5,rail,GOA:ServiceJourney:3008_63040-R,True,actual,False,,,,,2026-09-05T08:24:10.398942+02:00
NSR:StopPlace:416,Vikhammer stasjon,2026-09-05T07:32:00+02:00,2026-09-05T07:32:43+02:00,2026-09-05T07:32:43+02:00,43.0,1,Steinkjer,SJN:Line:26,Trønderbanen,R70,rail,SJN:ServiceJourney:425_56054-R,True,actual,False,,,,,2026-09-05T08:24:10.398942+02:00
NSR:StopPlace:610,Sandvika stasjon,2026-09-05T08:05:00+02:00,2026-09-05T08:05:43+02:00,2026-09-05T08:05:43+02:00,43.0,1,Eidsvoll,VYG:Line:RE11,Eidsvoll-Oslo S-Skien,RE11,rail,VYG:ServiceJourney:806-DRM_652706-R,True,actual,False,,,,,2026-09-05T08:24:10.398942+02:00
NSR:StopPlace:62339,Lillestrøm stasjon,2026-09-05T06:26:00+02:00,2026-09-05T06:26:43+02:00,2026-09-05T06:26:43+02:00,43.0,1,Skien,VYG:Line:RE11,Eidsvoll-Oslo S-Skien,RE11,rail,VYG:ServiceJourney:805-EVL_652702-R,True,actual,False,Heis i spor 1 og 2 er ute av bruk på grunn av vedlikehold.,Heis i spor 1 og 2 er ute av bruk på grunn av vedlikehold.,general,normal,2026-09-05T08:24:10.398942+02:00
NSR:StopPlace:62339,Lillestrøm stasjon,2026-09-05T07:10:00+02:00,2026-09-05T07:10:43+02:00,2026-09-05T07:10:43+02:00,43.0,1,Spikkestad,VYG:Line:L1,Spikkestad-Oslo S-Lillestrøm,L1,rail,VYG:ServiceJourney:2211_443602-R,True,actual,False,Heis i spor 1 og 2 er ute av bruk på grunn av vedlikehold.,Heis i spor 1 og 2 er ute av bruk på grunn av vedlikehold.,general,normal,2026-09-05T08:24:10.398942+02:00
NSR:StopPlace:59646,Høvik stasjon,2026-09-05T02:33:00+02:00,2026-09-05T02:33:43+02:00,2026-09-05T02:33:43+02:00,43.0,1,Sandvika,RUT:Line:3250,Nationaltheatretl - Sandvika- Slemmestad- Sætre,250N,bus,RUT:ServiceJourney:018265e50e1817a76d2585cb48a3fc78,True,actual,False,,,,,2026-09-05T03:37:34.550234+02:00
NSR:StopPlace:59648,Kjelsås stasjon,2026-09-05T02:33:00+02:00,2026-09-05T02:33:43+02:00,2026-09-05T02:33:43+02:00,43.0,1,Majorstuen,RUT:Line:3912,Majorstuen - Kjelsås,12N,bus,RUT:ServiceJourney:716f87a985044cc9c2027c672b8abbaa,True,actual,False,,,,,2026-09-05T03:37:34.550234+02:00
NSR:StopPlace:59650,Nyland stasjon,2026-09-05T03:16:00+02:00,2026-09-05T03:16:43+02:00,2026-09-05T03:16:43+02:00,43.0,1,Vestli,RUT:Line:3905,Jernbanetorget - Vestli T,5N,bus,RUT:ServiceJourney:fbe4aeef9476ed511d4411ddece73cc2,True,actual,False,,,,,2026-09-05T03:37:34.550234+02:00
NSR:StopPlace:58921,Vennesla stasjon,2026-09-05T02:36:00+02:00,2026-09-05T02:36:43+02:00,2026-09-05T02:36:43+02:00,43.0,1,Oslo S,GOA:Line:50,Sørtoget region,F5,rail,GOA:ServiceJourney:726-KVB_63257-R,True,actual,False,,,,,2026-09-05T03:37:34.550234+02:00
NSR:StopPlace:61897,Bryn stasjon,2026-09-05T06:05:00+02:00,2026-09-05T06:05:42+02:00,2026-09-05T06:05:42+02:00,42.0,1,Spikkestad,VYG:Line:L1,Spikkestad-Oslo S-Lillestrøm,L1,rail,VYG:ServiceJourney:2205_481233-R,True,actual,False,,,,,2026-09-05T08:24:10.398942+02:00
NSR:StopPlace:59872,Oslo S,2026-09-05T06:46:00+02:00,2026-09-05T06:46:42+02:00,2026-09-05T06:46:42+02:00,42.0,1,Ski,VYG:Line:L2,Stabekk-Oslo S-Ski,L2,rail,VYG:ServiceJourney:2707-HVK_699728-R,True,actual,False,,,,,2026-09-05T08:24:10.398942+02:00
NSR:StopPlace:59872,Oslo S,2026-09-05T07:24:00+02:00,2026-09-05T07:24:42+02:00,2026-09-05T07:24:42+02:00,42.0,1,Eidsvoll,VYG:Line:RE11,Eidsvoll-Oslo S-Skien,RE11,rail,VYG:ServiceJourney:804-DRM_652700-R,True,actual,False,,,,,2026-09-05T08:24:10.398942+02:00
NSR:StopPlace:59648,Kjelsås stasjon,2026-09-05T06:11:00+02:00,2026-09-05T06:11:42+02:00,2026-09-05T06:11:42+02:00,42.0,1,Haugerud,RUT:Line:25,Majorstuen-Haugerud,25,bus,RUT:ServiceJourney:5181dcb5347d301c9290e132d7cf93d1,True,actual,False,,,,,2026-09-05T08:24:10.398942+02:00
NSR:StopPlace:59641,Fjellhamar stasjon,2026-09-05T06:47:00+02:00,2026-09-05T06:47:42+02:00,2026-09-05T06:47:42+02:00,42.0,1,Spikkestad,VYG:Line:L1,Spikkestad-Oslo S-Lillestrøm,L1,rail,VYG:ServiceJourney:2209_443598-R,True,actual,False,,,,,2026-09-05T08:24:10.398942+02:00
NSR:StopPlace:59642,Rånåsfoss stasjon,2026-09-05T07:18:00+02:00,2026-09-05T07:18:42+02:00,2026-09-05T07:18:42+02:00,42.0,1,Asker,VYG:Line:R14,Asker-Oslo S-Kongsvinger,R14,rail,VYG:ServiceJourney:1006_442911-R,True,actual,False,,,,,2026-09-05T08:24:10.398942+02:00
NSR:StopPlace:59651,Skøyen stasjon,2026-09-05T05:41:00+02:00,2026-09-05T05:41:42+02:00,2026-09-05T05:41:42+02:00,42.0,1,Grorud T,RUT:Line:31,Snarøya - Fornebu - Tonsenhagen - Grorud,31,bus,RUT:ServiceJourney:d3e5b33e5c8c1eb34d01dcf68d316aeb,True,actual,False,,,,,2026-09-05T08:24:10.398942+02:00
NSR:StopPlace:60045,Hamar stasjon,2026-09-05T07:11:00+02:00,2026-09-05T07:11:42+02:00,2026-09-05T07:11:42+02:00,42.0,1,Drammen,VYG:Line:RE10,Drammen-Oslo S-Lillehammer,RE10,rail,VYG:ServiceJourney:306-HHS_487830-R,True,actual,False,,,,,2026-09-05T08:24:10.398942+02:00
NSR:StopPlace:59635,Hauketo stasjon,2026-09-05T06:02:00+02:00,2026-09-05T06:02:42+02:00,2026-09-05T06:02:42+02:00,42.0,1,Stabekk,VYG:Line:L2,Stabekk-Oslo S-Ski,L2,rail,VYG:ServiceJourney:2708-SKI_443914-R,True,actual,False,,,,,2026-09-05T08:24:10.398942+02:00
NSR:StopPlace:59638,Myrvoll stasjon,2026-09-05T08:07:00+02:00,2026-09-05T08:07:42+02:00,2026-09-05T08:07:42+02:00,42.0,1,Kolbotn torg,RUT:Line:580,Kolbotn - Ski,580,bus,RUT:ServiceJourney:7feb0f9d5401d4238dbbc6487a1e108e,True,actual,False,,,,,2026-09-05T08:24:10.398942+02:00
NSR:StopPlace:58404,Nationaltheatret,2026-09-05T06:16:00+02:00,2026-09-05T06:16:42+02:00,2026-09-05T06:16:42+02:00,42.0,1,Moss,VYG:Line:R21,Stabekk-Oslo S-Moss,R21,rail,VYG:ServiceJourney:1105-HVK_442976-R,True,actual,False,,,,,2026-09-05T08:24:10.398942+02:00
NSR:StopPlace:58843,Blommenholm stasjon,2026-09-05T07:50:00+02:00,2026-09-05T07:50:42+02:00,2026-09-05T07:50:42+02:00,42.0,1,Lillestrøm,VYG:Line:L1,Spikkestad-Oslo S-Lillestrøm,L1,rail,VYG:ServiceJourney:2214_443606-R,True,actual,False,,,,,2026-09-05T08:24:10.398942+02:00
NSR:StopPlace:58854,Langhus stasjon,2026-09-05T08:12:00+02:00,2026-09-05T08:12:42+02:00,2026-09-05T08:12:42+02:00,42.0,1,Stabekk,VYG:Line:L2,Stabekk-Oslo S-Ski,L2,rail,VYG:ServiceJourney:2718-SKI_443924-R,True,actual,False,,,,,2026-09-05T08:24:10.398942+02:00
NSR:StopPlace:58856,Lysaker stasjon,2026-09-05T05:36:00+02:00,2026-09-05T05:36:42+02:00,2026-09-05T05:36:42+02:00,42.0,1,Grorud T,RUT:Line:31,Snarøya - Fornebu - Tonsenhagen - Grorud,31,bus,RUT:ServiceJourney:d3e5b33e5c8c1eb34d01dcf68d316aeb,True,actual,False,,,,,2026-09-05T08:24:10.398942+02:00
NSR:StopPlace:58856,Lysaker stasjon,2026-09-05T06:41:00+02:00,2026-09-05T06:41:42+02:00,2026-09-05T06:41:42+02:00,42.0,1,Eidsvoll,VYG:Line:R12,Kongsberg-Oslo S-Eidsvoll,R12,rail,VYG:ServiceJourney:504_444295-R,True,actual,False,,,,,2026-09-05T08:24:10.398942+02:00
NSR:StopPlace:58871,Sande stasjon,2026-09-05T07:20:00+02:00,2026-09-05T07:20:42+02:00,2026-09-05T07:20:42+02:00,42.0,1,Stokke,VYG:Line:RE11,Eidsvoll-Oslo S-Skien,RE11,rail,VYG:ServiceJourney:BUS-805_654211-R,True,actual,False,,,,,2026-09-05T08:24:10.398942+02:00
NSR:StopPlace:58211,Oslo lufthavn,2026-09-05T06:45:00+02:00,2026-09-05T06:45:42+02:00,2026-09-05T06:45:42+02:00,42.0,1,Oslo sentrum via Helsfyr-Hasle-Bislett,NBU:Line:a7c15243-8873-4aee-a8b4-8d22e8ad31dc,Oslo sentrum via Helsfyr-Hasle-Bislett,FB5,bus,NBU:ServiceJourney:6bcee3bd-68af-4a53-939f-fe8263e2de02,True,actual,False,,,,,2026-09-05T08:24:10.398942+02:00
NSR:StopPlace:362,Jåttåvågen stasjon,2026-09-05T05:55:00+02:00,2026-09-05T05:55:42+02:00,2026-09-05T05:55:42+02:00,42.0,1,Egersund,GOA:Line:59,Jærbanen,L5,rail,GOA:ServiceJourney:3008_63040-R,True,actual,False,,,,,2026-09-05T08:24:10.398942+02:00
NSR:StopPlace:362,Jåttåvågen stasjon,2026-09-05T06:39:00+02:00,2026-09-05T06:39:42+02:00,2026-09-05T06:39:42+02:00,42.0,1,Oslo S,GOA:Line:50,Sørtoget region,F5,rail,GOA:ServiceJourney:706-KVB_68388-R,True,actual,False,,,,,2026-09-05T08:24:10.398942+02:00
NSR:StopPlace:400,Ler stasjon,2026-09-05T07:33:00+02:00,2026-09-05T07:33:42+02:00,2026-09-05T07:33:42+02:00,42.0,1,Steinkjer,SJN:Line:26,Trønderbanen,R70,rail,SJN:ServiceJourney:427_56087-R,True,actual,False,,,,,2026-09-05T08:24:10.398942+02:00
NSR:StopPlace:610,Sandvika stasjon,2026-09-05T07:48:00+02:00,2026-09-05T07:48:42+02:00,2026-09-05T07:48:42+02:00,42.0,1,Lillestrøm,VYG:Line:L1,Spikkestad-Oslo S-Lillestrøm,L1,rail,VYG:ServiceJourney:2214_443606-R,True,actual,False,,,,,2026-09-05T08:24:10.398942+02:00
NSR:StopPlace:59637,Rosenholm stasjon,2026-09-05T02:32:00+02:00,2026-09-05T02:32:42+02:00,2026-09-05T02:32:42+02:00,42.0,1,Fløysbonn,RUT:Line:3983,Nationaltheatret - Fløysbonn,83N,bus,RUT:ServiceJourney:7a56380ae2ef238fd4d2db607875c3ed,True,actual,False,,,,,2026-09-05T03:37:34.550234+02:00
NSR:StopPlace:59643,Grefsen stasjon,2026-09-05T07:43:00+02:00,2026-09-05T07:43:41+02:00,2026-09-05T07:43:41+02:00,41.0,1,Gaustadalléen,RUT:Line:17,Rikshospitalet - Sinsen o/ Carl Berner,17,tram,RUT:ServiceJourney:d922886509f0310ee6de567ac8161b09,True,actual,False,,,,,2026-09-05T08:24:10.398942+02:00
NSR:StopPlace:60944,Ski stasjon,2026-09-05T08:13:00+02:00,2026-09-05T08:13:41+02:00,2026-09-05T08:13:41+02:00,41.0,1,Rakkestad,VYG:Line:R22,Skøyen-Oslo S-Mysen-Rakkestad,R22,rail,VYG:ServiceJourney:1907_443443-R,True,actual,False,,,,,2026-09-05T08:24:10.398942+02:00
NSR:StopPlace:59635,Hauketo stasjon,2026-09-05T08:02:00+02:00,2026-09-05T08:02:41+02:00,2026-09-05T08:02:41+02:00,41.0,1,Stabekk,VYG:Line:L2,Stabekk-Oslo S-Ski,L2,rail,VYG:ServiceJourney:2716-SKI_443922-R,True,actual,False,,,,,2026-09-05T08:24:10.398942+02:00
NSR:StopPlace:58926,Dale stasjon,2026-09-05T08:04:00+02:00,2026-09-05T08:04:41+02:00,2026-09-05T08:04:41+02:00,41.0,1,Bergen,VYG:Line:R40,Bergen-Voss-Myrdal-Ål,R40,rail,VYG:ServiceJourney:4b1c52db-996e-477a-9761-f651e136a73d-1811-2026-09-05-0,True,actual,False,,,,,2026-09-05T08:24:10.398942+02:00
NSR:StopPlace:58857,Lørenskog stasjon,2026-09-05T06:43:00+02:00,2026-09-05T06:43:41+02:00,2026-09-05T06:43:41+02:00,41.0,1,Stovner,RUT:Line:120,Nesåsen - Stovner,120,bus,RUT:ServiceJourney:75ea60d342bdc81dd26cc402d6a726b9,True,actual,False,,,,,2026-09-05T08:24:10.398942+02:00
NSR:StopPlace:58865,Vestby stasjon,2026-09-05T06:10:00+02:00,2026-09-05T06:10:41+02:00,2026-09-05T06:10:41+02:00,41.0,1,Stabekk,VYG:Line:R21,Stabekk-Oslo S-Moss,R21,rail,VYG:ServiceJourney:1108-MOS_442979-R,True,actual,False,,,,,2026-09-05T08:24:10.398942+02:00
NSR:StopPlace:58865,Vestby stasjon,2026-09-05T07:50:00+02:00,2026-09-05T07:50:41+02:00,2026-09-05T07:50:41+02:00,41.0,1,Moss,RUT:Line:540,Moss - Son - Vestby stasjon,540,bus,RUT:ServiceJourney:39e138d95c53a73162051c70ad5f0903,True,actual,False,,,,,2026-09-05T08:24:10.398942+02:00
NSR:StopPlace:58211,Oslo lufthavn,2026-09-05T06:30:00+02:00,2026-09-05T06:30:41+02:00,2026-09-05T06:30:41+02:00,41.0,1,Drammen,FLT:Line:FLY1,FLY1,FLY1,rail,FLT:ServiceJourney:1-2614-3708-20260905,True,actual,False,,,,,2026-09-05T08:24:10.398942+02:00
NSR:StopPlace:313,Høybråten stasjon,2026-09-05T06:53:00+02:00,2026-09-05T06:53:41+02:00,2026-09-05T06:53:41+02:00,41.0,1,Spikkestad,VYG:Line:L1,Spikkestad-Oslo S-Lillestrøm,L1,rail,VYG:ServiceJourney:2209_443598-R,True,actual,False,,,,,2026-09-05T08:24:10.398942+02:00
NSR:StopPlace:420,Lillehammer stasjon,2026-09-05T06:15:00+02:00,2026-09-05T06:15:41+02:00,2026-09-05T06:15:41+02:00,41.0,1,Drammen,VYG:Line:RE10,Drammen-Oslo S-Lillehammer,RE10,rail,VYG:ServiceJourney:306-HHS_487830-R,True,actual,False,,,,,2026-09-05T08:24:10.398942+02:00
NSR:StopPlace:62339,Lillestrøm stasjon,2026-09-05T06:40:00+02:00,2026-09-05T06:40:41+02:00,2026-09-05T06:40:41+02:00,41.0,1,Spikkestad,VYG:Line:L1,Spikkestad-Oslo S-Lillestrøm,L1,rail,VYG:ServiceJourney:2209_443598-R,True,actual,False,Heis i spor 1 og 2 er ute av bruk på grunn av vedlikehold.,Heis i spor 1 og 2 er ute av bruk på grunn av vedlikehold.,general,normal,2026-09-05T08:24:10.398942+02:00
NSR:StopPlace:62339,Lillestrøm stasjon,2026-09-05T07:45:00+02:00,2026-09-05T07:45:41+02:00,2026-09-05T07:45:41+02:00,41.0,1,Lillehammer,VYG:Line:RE10,Drammen-Oslo S-Lillehammer,RE10,rail,VYG:ServiceJourney:307-SUD_444139-R,True,actual,False,Heis i spor 1 og 2 er ute av bruk på grunn av vedlikehold.,Heis i spor 1 og 2 er ute av bruk på grunn av vedlikehold.,general,normal,2026-09-05T08:24:10.398942+02:00
NSR:StopPlace:61169,Marienborg stasjon,2026-09-05T07:28:00+02:00,2026-09-05T07:28:40+02:00,2026-09-05T07:28:40+02:00,40.0,1,Havstad,ATB:Line:2_13,Østmarka - Strindheim - Lerkendal - Havstad,13,bus,ATB:ServiceJourney:13_251215112552741_6008,True,actual,False,,,,,2026-09-05T08:24:10.398942+02:00
NSR:StopPlace:61464,Hvalstad stasjon,2026-09-05T06:40:00+02:00,2026-09-05T06:40:40+02:00,2026-09-05T06:40:40+02:00,40.0,1,Lillestrøm,VYG:Line:L1,Spikkestad-Oslo S-Lillestrøm,L1,rail,VYG:ServiceJourney:2210_443600-R,True,actual,False,,,,,2026-09-05T08:24:10.398942+02:00
NSR:StopPlace:59872,Oslo S,2026-09-05T06:44:00+02:00,2026-09-05T06:44:40+02:00,2026-09-05T06:44:40+02:00,40.0,1,Dal,VYG:Line:R13,Drammen-Oslo S-Dal,R13,rail,VYG:ServiceJourney:1607_443224-R,True,actual,False,,,,,2026-09-05T08:24:10.398942+02:00
NSR:StopPlace:59872,Oslo S,2026-09-05T07:00:00+02:00,2026-09-05T07:00:40+02:00,2026-09-05T07:00:40+02:00,40.0,1,Oslo Lufthavn,FLT:Line:FLY1,FLY1,FLY1,rail,FLT:ServiceJourney:1-2614-3715-20260905,True,actual,False,,,,,2026-09-05T08:24:10.398942+02:00
NSR:StopPlace:59650,Nyland stasjon,2026-09-05T07:21:00+02:00,2026-09-05T07:21:40+02:00,2026-09-05T07:21:40+02:00,40.0,1,Lillestrøm,VYG:Line:L1,Spikkestad-Oslo S-Lillestrøm,L1,rail,VYG:ServiceJourney:2210_443600-R,True,actual,False,,,,,2026-09-05T08:24:10.398942+02:00
NSR:StopPlace:58836,Mjøndalen stasjon,2026-09-05T08:06:00+02:00,2026-09-05T08:06:40+02:00,2026-09-05T08:06:40+02:00,40.0,1,Drammen sykehus,BRA:Line:4_6001,Drammen sykehus Brakerøya - Sørensvingen / Mjøndalen,1,bus,BRA:ServiceJourney:6001_260415100161852_6008,True,actual,False,,,,,2026-09-05T08:24:10.398942+02:00
NSR:StopPlace:58838,Røyken stasjon,2026-09-05T08:08:00+02:00,2026-09-05T08:08:40+02:00,2026-09-05T08:08:40+02:00,40.0,1,Sætre,RUT:Line:261,Drammen - Lahell - Røyken - Sætre,261,bus,RUT:ServiceJourney:35daa04d6ea25074cf5ef73106674e4f,True,actual,False,Fra 17/8 går linje 61-63-71-73-251-261 og skolebusser fra holdeplass ved Skutebrygga ut av byen.Les mer på brakar.no/trafikkmeldinger.,,general,normal,2026-09-05T08:24:10.398942+02:00
NSR:StopPlace:58843,Blommenholm stasjon,2026-09-05T06:50:00+02:00,2026-09-05T06:50:40+02:00,2026-09-05T06:50:40+02:00,40.0,1,Lillestrøm,VYG:Line:L1,Spikkestad-Oslo S-Lillestrøm,L1,rail,VYG:ServiceJourney:2210_443600-R,True,actual,False,,,,,2026-09-05T08:24:10.398942+02:00
NSR:StopPlace:58852,Høn stasjon,2026-09-05T08:06:00+02:00,2026-09-05T08:06:40+02:00,2026-09-05T08:06:40+02:00,40.0,1,Lillestrøm,VYG:Line:L1,Spikkestad-Oslo S-Lillestrøm,L1,rail,VYG:ServiceJourney:2216_443609-R,True,actual,False,,,,,2026-09-05T08:24:10.398942+02:00
NSR:StopPlace:58851,Heggedal stasjon,2026-09-05T07:24:00+02:00,2026-09-05T07:24:40+02:00,2026-09-05T07:24:40+02:00,40.0,1,Lillestrøm,VYG:Line:L1,Spikkestad-Oslo S-Lillestrøm,L1,rail,VYG:ServiceJourney:2214_443606-R,True,actual,False,,,,,2026-09-05T08:24:10.398942+02:00
NSR:StopPlace:58869,Ås stasjon,2026-09-05T06:45:00+02:00,2026-09-05T06:45:40+02:00,2026-09-05T06:45:40+02:00,40.0,1,Stabekk,VYG:Line:R21,Stabekk-Oslo S-Moss,R21,rail,VYG:ServiceJourney:1110-MOS_442985-R,True,actual,False,,,,,2026-09-05T08:24:10.398942+02:00
NSR:StopPlace:58869,Ås stasjon,2026-09-05T07:45:00+02:00,2026-09-05T07:45:40+02:00,2026-09-05T07:45:40+02:00,40.0,1,Stabekk,VYG:Line:R21,Stabekk-Oslo S-Moss,R21,rail,VYG:ServiceJourney:1114-MOS_442989-R,True,actual,False,,,,,2026-09-05T08:24:10.398942+02:00
NSR:StopPlace:62310,Brusand stasjon,2026-09-05T06:44:00+02:00,2026-09-05T06:44:40+02:00,2026-09-05T06:44:40+02:00,40.0,1,Egersund,GOA:Line:59,Jærbanen,L5,rail,GOA:ServiceJourney:3008_63040-R,True,actual,False,,,,,2026-09-05T08:24:10.398942+02:00
NSR:StopPlace:62339,Lillestrøm stasjon,2026-09-05T06:10:00+02:00,2026-09-05T06:10:40+02:00,2026-09-05T06:10:40+02:00,40.0,1,Spikkestad,VYG:Line:L1,Spikkestad-Oslo S-Lillestrøm,L1,rail,VYG:ServiceJourney:2207_443595-R,True,actual,False,Heis i spor 1 og 2 er ute av bruk på grunn av vedlikehold.,Heis i spor 1 og 2 er ute av bruk på grunn av vedlikehold.,general,normal,2026-09-05T08:24:10.398942+02:00
NSR:StopPlace:398,Arna stasjon,2026-09-05T02:12:00+02:00,2026-09-05T02:12:40+02:00,2026-09-05T02:12:40+02:00,40.0,1,Bergen,VYG:Line:L4,Bergen-Arna,L4,rail,VYG:ServiceJourney:2685_443904-R,True,actual,False,,,,,2026-09-05T03:37:34.550234+02:00
NSR:StopPlace:61466,Vakås stasjon,2026-09-05T06:38:00+02:00,2026-09-05T06:38:39+02:00,2026-09-05T06:38:39+02:00,39.0,1,Lillestrøm,VYG:Line:L1,Spikkestad-Oslo S-Lillestrøm,L1,rail,VYG:ServiceJourney:2210_443600-R,True,actual,False,,,,,2026-09-05T08:24:10.398942+02:00
NSR:StopPlace:41,Hanaborg stasjon,2026-09-05T07:19:00+02:00,2026-09-05T07:19:39+02:00,2026-09-05T07:19:39+02:00,39.0,1,Spikkestad,VYG:Line:L1,Spikkestad-Oslo S-Lillestrøm,L1,rail,VYG:ServiceJourney:2211_443602-R,True,actual,False,,,,,2026-09-05T08:24:10.398942+02:00
NSR:StopPlace:59648,Kjelsås stasjon,2026-09-05T07:10:00+02:00,2026-09-05T07:10:39+02:00,2026-09-05T07:10:39+02:00,39.0,1,Kværnerbyen,RUT:Line:54,Kværnerbyen - Kjelsås stasjon,54,bus,RUT:ServiceJourney:03d0f104ab28b2e504d7113cc7ac450c,True,actual,False,,,,,2026-09-05T08:24:10.398942+02:00
NSR:StopPlace:60640,Heimdal stasjon,2026-09-05T08:02:00+02:00,2026-09-05T08:02:39+02:00,2026-09-05T08:02:39+02:00,39.0,1,Lund,ATB:Line:2_2,Strindheim- Lade- sentrum- Sau,2,bus,ATB:ServiceJourney:2_251215112550143_6010,True,actual,False,,,,,2026-09-05T08:24:10.398942+02:00
NSR:StopPlace:60944,Ski stasjon,2026-09-05T06:28:00+02:00,2026-09-05T06:28:39+02:00,2026-09-05T06:28:39+02:00,39.0,1,Oslo S,VYG:Line:RE20,Oslo S-Halden-Göteborg (X-Border),RE20,rail,VYG:ServiceJourney:104_442952-R,True,actual,False,,,,,2026-09-05T08:24:10.398942+02:00
NSR:StopPlace:60944,Ski stasjon,2026-09-05T08:18:00+02:00,2026-09-05T08:18:39+02:00,2026-09-05T08:18:39+02:00,39.0,1,Lillestrøm,RUT:Line:350,Lillestrøm - Ski,350,bus,RUT:ServiceJourney:6dcb99321f54207e013672881fe68c79,True,actual,False,,,,,2026-09-05T08:24:10.398942+02:00
NSR:StopPlace:59620,Grorud stasjon,2026-09-05T07:34:00+02:00,2026-09-05T07:34:39+02:00,2026-09-05T07:34:39+02:00,39.0,1,Åsbråten,RUT:Line:79,Grorud T - Åsbråten,79,bus,RUT:ServiceJourney:0b16692204ee942c7da0259267e4533f,True,actual,False,,,,,2026-09-05T08:24:10.398942+02:00
NSR:StopPlace:59635,Hauketo stasjon,2026-09-05T06:33:00+02:00,2026-09-05T06:33:39+02:00,2026-09-05T06:33:39+02:00,39.0,1,Brenna,RUT:Line:73,Holmlia stasjon - Brenna,73,bus,RUT:ServiceJourney:2f809dce42aeff603554042a40f89e62,True,actual,False,,,,,2026-09-05T08:24:10.398942+02:00
NSR:StopPlace:58963,Jessheim stasjon,2026-09-05T07:25:00+02:00,2026-09-05T07:25:39+02:00,2026-09-05T07:25:39+02:00,39.0,1,Eidsvoll st.,RUT:Line:430,Eidsvoll - Jessheim,430,bus,RUT:ServiceJourney:56a9119606ba5d7832b4d49a777fb90d,True,actual,False,,,,,2026-09-05T08:24:10.398942+02:00
NSR:StopPlace:58793,Askim stasjon,2026-09-05T08:11:00+02:00,2026-09-05T08:11:39+02:00,2026-09-05T08:11:39+02:00,39.0,1,Oslo S,VYG:Line:R22,Skøyen-Oslo S-Mysen-Rakkestad,R22,rail,VYG:ServiceJourney:1910_443447-R,True,actual,False,,,,,2026-09-05T08:24:10.398942+02:00
NSR:StopPlace:58836,Mjøndalen stasjon,2026-09-05T07:36:00+02:00,2026-09-05T07:36:39+02:00,2026-09-05T07:36:39+02:00,39.0,1,Drammen sykehus,BRA:Line:4_6001,Drammen sykehus Brakerøya - Sørensvingen / Mjøndalen,1,bus,BRA:ServiceJourney:6001_260415100161851_6006,True,actual,False,,,,,2026-09-05T08:24:10.398942+02:00
NSR:StopPlace:58865,Vestby stasjon,2026-09-05T07:15:00+02:00,2026-09-05T07:15:39+02:00,2026-09-05T07:15:39+02:00,39.0,1,Moss,VYG:Line:R21,Stabekk-Oslo S-Moss,R21,rail,VYG:ServiceJourney:1107-HVK_442978-R,True,actual,False,,,,,2026-09-05T08:24:10.398942+02:00
NSR:StopPlace:58865,Vestby stasjon,2026-09-05T08:20:00+02:00,2026-09-05T08:20:39+02:00,2026-09-05T08:20:39+02:00,39.0,1,Grønberg,RUT:Line:530,Pepperstad - Vestby stasjon,530,bus,RUT:ServiceJourney:e7073686149e899d55df73affa1c8fc2,True,actual,False,,,,,2026-09-05T08:24:10.398942+02:00
NSR:StopPlace:58211,Oslo lufthavn,2026-09-05T06:10:00+02:00,2026-09-05T06:10:39+02:00,2026-09-05T06:10:39+02:00,39.0,1,Drammen,FLT:Line:FLY1,FLY1,FLY1,rail,FLT:ServiceJourney:1-2614-3706-20260905,True,actual,False,,,,,2026-09-05T08:24:10.398942+02:00
NSR:StopPlace:610,Sandvika stasjon,2026-09-05T07:00:00+02:00,2026-09-05T07:00:39+02:00,2026-09-05T07:00:39+02:00,39.0,1,Oslo Lufthavn,FLT:Line:FLY1,FLY1,FLY1,rail,FLT:ServiceJourney:1-2614-3717-20260905,True,actual,False,,,,,2026-09-05T08:24:10.398942+02:00
NSR:StopPlace:62339,Lillestrøm stasjon,2026-09-05T08:10:00+02:00,2026-09-05T08:10:39+02:00,2026-09-05T08:10:39+02:00,39.0,1,Spikkestad,VYG:Line:L1,Spikkestad-Oslo S-Lillestrøm,L1,rail,VYG:ServiceJourney:2215_443608-R,True,actual,False,Heis i spor 1 og 2 er ute av bruk på grunn av vedlikehold.,Heis i spor 1 og 2 er ute av bruk på grunn av vedlikehold.,general,normal,2026-09-05T08:24:10.398942+02:00
NSR:StopPlace:60944,Ski stasjon,2026-09-05T02:18:00+02:00,2026-09-05T02:18:39+02:00,2026-09-05T02:18:39+02:00,39.0,1,Enebakk kirke,RUT:Line:350,Lillestrøm - Ski,350,bus,RUT:ServiceJourney:508696e70a091587703b506ca99432de,True,actual,False,,,,,2026-09-05T03:37:34.550234+02:00
NSR:StopPlace:59983,Bergen stasjon,2026-09-05T02:27:00+02:00,2026-09-05T02:27:39+02:00,2026-09-05T02:27:39+02:00,39.0,1,Arna,VYG:Line:L4,Bergen-Arna,L4,rail,VYG:ServiceJourney:2686_443906-R,True,actual,False,,,,,2026-09-05T03:37:34.550234+02:00
NSR:StopPlace:61464,Hvalstad stasjon,2026-09-05T07:40:00+02:00,2026-09-05T07:40:38+02:00,2026-09-05T07:40:38+02:00,38.0,1,Lillestrøm,VYG:Line:L1,Spikkestad-Oslo S-Lillestrøm,L1,rail,VYG:ServiceJourney:2214_443606-R,True,actual,False,,,,,2026-09-05T08:24:10.398942+02:00
NSR:StopPlace:59872,Oslo S,2026-09-05T06:11:00+02:00,2026-09-05T06:11:38+02:00,2026-09-05T06:11:38+02:00,38.0,1,Lillestrøm,VYG:Line:L1,Spikkestad-Oslo S-Lillestrøm,L1,rail,VYG:ServiceJourney:2206_443594-R,True,actual,False,,,,,2026-09-05T08:24:10.398942+02:00
NSR:StopPlace:59872,Oslo S,2026-09-05T07:04:00+02:00,2026-09-05T07:04:38+02:00,2026-09-05T07:04:38+02:00,38.0,1,Gjøvik,VYG:Line:R31,Skøyen-Jaren-Gjøvik,R31,rail,VYG:ServiceJourney:BUS-205_655096-R,True,actual,False,,,,,2026-09-05T08:24:10.398942+02:00
NSR:StopPlace:59872,Oslo S,2026-09-05T07:16:00+02:00,2026-09-05T07:16:38+02:00,2026-09-05T07:16:38+02:00,38.0,1,Ski,VYG:Line:L2,Stabekk-Oslo S-Ski,L2,rail,VYG:ServiceJourney:2709-HVK_443915-R,True,actual,False,,,,,2026-09-05T08:24:10.398942+02:00
NSR:StopPlace:59649,Nydalen stasjon,2026-09-05T08:16:00+02:00,2026-09-05T08:16:38+02:00,2026-09-05T08:16:38+02:00,38.0,1,Simensbråten,RUT:Line:23,Lysaker - Simensbråten,23,bus,RUT:ServiceJourney:cf1f1f532709b609fad32364b6fb4219,True,actual,False,,,,,2026-09-05T08:24:10.398942+02:00
NSR:StopPlace:59643,Grefsen stasjon,2026-09-05T06:08:00+02:00,2026-09-05T06:08:38+02:00,2026-09-05T06:08:38+02:00,38.0,1,,NBU:Line:cb7b555c-f96e-42d5-84bf-a5e08c0145c2,Radiumhospitalet via Økern-Storo-Tåsen,FB3,bus,NBU:ServiceJourney:7e8f1121-38e8-4f93-8f25-4ee6aec74728:610200354,True,actual,False,,,,,2026-09-05T08:24:10.398942+02:00
NSR:StopPlace:59643,Grefsen stasjon,2026-09-05T06:48:00+02:00,2026-09-05T06:48:38+02:00,2026-09-05T06:48:38+02:00,38.0,1,Gaustadalléen,RUT:Line:18,Grefsen st [4311] - Rikshospitalet,18,tram,RUT:ServiceJourney:81fdc6f2be9c84f282456188d8082614,True,actual,False,,,,,2026-09-05T08:24:10.398942+02:00
NSR:StopPlace:60640,Heimdal stasjon,2026-09-05T07:26:00+02:00,2026-09-05T07:26:38+02:00,2026-09-05T07:26:38+02:00,38.0,1,Strindheim via Kolstad-sentrum,ATB:Line:2_2,Strindheim- Lade- sentrum- Sau,2,bus,ATB:ServiceJourney:2_251215112549997_6009,True,actual,False,,,,,2026-09-05T08:24:10.398942+02:00
NSR:StopPlace:60640,Heimdal stasjon,2026-09-05T08:23:00+02:00,2026-09-05T08:23:38+02:00,2026-09-05T08:23:38+02:00,38.0,1,Flatåsen/N. Flatåsen via Kolstad k.,ATB:Line:2_16,Flatåsen- Heimdal- Torgård,16,bus,ATB:ServiceJourney:16_251215112550580_6003,True,actual,False,,,,,2026-09-05T08:24:10.398942+02:00
NSR:StopPlace:59654,Stabekk stasjon,2026-09-05T08:06:00+02:00,2026-09-05T08:06:38+02:00,2026-09-05T08:06:38+02:00,38.0,1,Moss,VYG:Line:R21,Stabekk-Oslo S-Moss,R21,rail,VYG:ServiceJourney:1113-HVK_442988-R,True,actual,False,,,,,2026-09-05T08:24:10.398942+02:00
NSR:StopPlace:59654,Stabekk stasjon,2026-09-05T08:22:00+02:00,2026-09-05T08:22:38+02:00,2026-09-05T08:22:38+02:00,38.0,1,Nationaltheatret,RUT:Line:150,Gullhaug - Nationaltheatret,150,bus,RUT:ServiceJourney:e784e80a85ab179ab40c46b3f8b4b328,True,actual,False,,,,,2026-09-05T08:24:10.398942+02:00
NSR:StopPlace:60944,Ski stasjon,2026-09-05T05:39:00+02:00,2026-09-05T05:39:38+02:00,2026-09-05T05:39:38+02:00,38.0,1,Stabekk,VYG:Line:L2,Stabekk-Oslo S-Ski,L2,rail,VYG:ServiceJourney:2708-SKI_443914-R,True,actual,False,,,,,2026-09-05T08:24:10.398942+02:00
NSR:StopPlace:60944,Ski stasjon,2026-09-05T07:45:00+02:00,2026-09-05T07:45:38+02:00,2026-09-05T07:45:38+02:00,38.0,1,Drøbak - Seiersten,RUT:Line:510,Bøleråsen - Ski - Ås - Drøbak,510,bus,RUT:ServiceJourney:97de686329da633b53ec93412c303213,True,actual,False,,,,,2026-09-05T08:24:10.398942+02:00
NSR:StopPlace:60047,Melhus skysstasjon,2026-09-05T06:53:00+02:00,2026-09-05T06:53:38+02:00,2026-09-05T06:53:38+02:00,38.0,1,Brekkåsen,ATB:Line:2_82,Hesttrøa-Brekkåsen,82,bus,ATB:ServiceJourney:82_251215112550778_6003,True,actual,False,Linje 82 og 504,Avvikende kjøring for linje 82 og 504 pga Hølondvegen er stengt. ,general,normal,2026-09-05T08:24:10.398942+02:00
NSR:StopPlace:59638,Myrvoll stasjon,2026-09-05T07:07:00+02:00,2026-09-05T07:07:38+02:00,2026-09-05T07:07:38+02:00,38.0,1,Kolbotn torg,RUT:Line:580,Kolbotn - Ski,580,bus,RUT:ServiceJourney:ada99c57568b1105dad575507a01c79c,True,actual,False,,,,,2026-09-05T08:24:10.398942+02:00
NSR:StopPlace:59638,Myrvoll stasjon,2026-09-05T07:51:00+02:00,2026-09-05T07:51:38+02:00,2026-09-05T07:51:38+02:00,38.0,1,Stabekk,VYG:Line:L2,Stabekk-Oslo S-Ski,L2,rail,VYG:ServiceJourney:2716-SKI_443922-R,True,actual,False,,,,,2026-09-05T08:24:10.398942+02:00
NSR:StopPlace:58963,Jessheim stasjon,2026-09-05T07:07:00+02:00,2026-09-05T07:07:38+02:00,2026-09-05T07:07:38+02:00,38.0,1,Drammen,VYG:Line:R13,Drammen-Oslo S-Dal,R13,rail,VYG:ServiceJourney:1610_443230-R,True,actual,False,,,,,2026-09-05T08:24:10.398942+02:00
NSR:StopPlace:58936,Skatval stasjon,2026-09-05T08:05:00+02:00,2026-09-05T08:05:38+02:00,2026-09-05T08:05:38+02:00,38.0,1,Steinkjer,SJN:Line:26,Trønderbanen,R70,rail,SJN:ServiceJourney:425_56054-R,True,actual,False,,,,,2026-09-05T08:24:10.398942+02:00
NSR:StopPlace:58799,Rygge stasjon,2026-09-05T07:59:00+02:00,2026-09-05T07:59:38+02:00,2026-09-05T07:59:38+02:00,38.0,1,Oslo S,VYG:Line:RE20,Oslo S-Halden-Göteborg (X-Border),RE20,rail,VYG:ServiceJourney:108_442966-R,True,actual,False,,,,,2026-09-05T08:24:10.398942+02:00
NSR:StopPlace:58857,Lørenskog stasjon,2026-09-05T07:13:00+02:00,2026-09-05T07:13:38+02:00,2026-09-05T07:13:38+02:00,38.0,1,Stovner,RUT:Line:120,Nesåsen - Stovner,120,bus,RUT:ServiceJourney:b33b3bd02fda644d0b618e3fb06c595f,True,actual,False,,,,,2026-09-05T08:24:10.398942+02:00
NSR:StopPlace:58873,Skoppum stasjon,2026-09-05T07:41:00+02:00,2026-09-05T07:41:38+02:00,2026-09-05T07:41:38+02:00,38.0,1,Stokke,VYG:Line:RE11,Eidsvoll-Oslo S-Skien,RE11,rail,VYG:ServiceJourney:BUS-805_654217-R,True,actual,False,,,,,2026-09-05T08:24:10.398942+02:00
NSR:StopPlace:58823,Jaren stasjon,2026-09-05T08:10:00+02:00,2026-09-05T08:10:38+02:00,2026-09-05T08:10:38+02:00,38.0,1,Bleiken,VYG:Line:R31,Skøyen-Jaren-Gjøvik,R31,rail,VYG:ServiceJourney:BUS-208_655126-R,True,actual,False,,,,,2026-09-05T08:24:10.398942+02:00
NSR:StopPlace:61979,Hellvik stasjon,2026-09-05T07:59:00+02:00,2026-09-05T07:59:38+02:00,2026-09-05T07:59:38+02:00,38.0,1,Egersund,GOA:Line:59,Jærbanen,L5,rail,GOA:ServiceJourney:3012_63044-R,True,actual,False,,,,,2026-09-05T08:24:10.398942+02:00
NSR:StopPlace:60944,Ski stasjon,2026-09-05T06:39:00+02:00,2026-09-05T06:39:37+02:00,2026-09-05T06:39:37+02:00,37.0,1,Stabekk,VYG:Line:L2,Stabekk-Oslo S-Ski,L2,rail,VYG:ServiceJourney:2712-SKI_443918-R,True,actual,False,,,,,2026-09-05T08:24:10.398942+02:00
NSR:StopPlace:60077,Støren stasjon,2026-09-05T05:39:00+02:00,2026-09-05T05:39:37+02:00,2026-09-05T05:39:37+02:00,37.0,1,Trondheim S,SJN:Line:21,Dovrebanen,F6,rail,SJN:ServiceJourney:405-LOD_30131-R,True,actual,False,,,,,2026-09-05T08:24:10.398942+02:00
NSR:StopPlace:59635,Hauketo stasjon,2026-09-05T06:28:00+02:00,2026-09-05T06:28:37+02:00,2026-09-05T06:28:37+02:00,37.0,1,Filipstad,RUT:Line:81,Fornebu - Myrvoll stasjon,81,bus,RUT:ServiceJourney:ecc648054f6ab3e1e422eb4b40201467,True,actual,False,,,,,2026-09-05T08:24:10.398942+02:00
NSR:StopPlace:59639,Sonsveien stasjon,2026-09-05T05:34:00+02:00,2026-09-05T05:34:37+02:00,2026-09-05T05:34:37+02:00,37.0,1,Stabekk,VYG:Line:R21,Stabekk-Oslo S-Moss,R21,rail,VYG:ServiceJourney:1106-MOS_442977-R,True,actual,False,,,,,2026-09-05T08:24:10.398942+02:00
NSR:StopPlace:58948,Stjørdal stasjon,2026-09-05T07:59:00+02:00,2026-09-05T07:59:37+02:00,2026-09-05T07:59:37+02:00,37.0,1,Steinkjer,SJN:Line:26,Trønderbanen,R70,rail,SJN:ServiceJourney:425_56054-R,True,actual,False,,,,,2026-09-05T08:24:10.398942+02:00
NSR:StopPlace:58795,Kambo stasjon,2026-09-05T08:00:00+02:00,2026-09-05T08:00:37+02:00,2026-09-05T08:00:37+02:00,37.0,1,Stabekk,VYG:Line:R21,Stabekk-Oslo S-Moss,R21,rail,VYG:ServiceJourney:1116-MOS_442991-R,True,actual,False,,,,,2026-09-05T08:24:10.398942+02:00
NSR:StopPlace:58862,Strømmen stasjon,2026-09-05T06:45:00+02:00,2026-09-05T06:45:37+02:00,2026-09-05T06:45:37+02:00,37.0,1,Spikkestad,VYG:Line:L1,Spikkestad-Oslo S-Lillestrøm,L1,rail,VYG:ServiceJourney:2209_443598-R,True,actual,False,,,,,2026-09-05T08:24:10.398942+02:00
NSR:StopPlace:610,Sandvika stasjon,2026-09-05T07:05:00+02:00,2026-09-05T07:05:37+02:00,2026-09-05T07:05:37+02:00,37.0,1,Eidsvoll,VYG:Line:RE11,Eidsvoll-Oslo S-Skien,RE11,rail,VYG:ServiceJourney:804-DRM_652700-R,True,actual,False,,,,,2026-09-05T08:24:10.398942+02:00
NSR:StopPlace:60944,Ski stasjon,2026-09-05T03:03:00+02:00,2026-09-05T03:03:37+02:00,2026-09-05T03:03:37+02:00,37.0,1,Nationaltheatret,RUT:Line:3981,Nationaltheatret - Ski,81N,bus,RUT:ServiceJourney:94e755a5c2d91f613a523f300e5187bc,True,actual,False,,,,,2026-09-05T03:37:34.550234+02:00
NSR:StopPlace:59872,Oslo S,2026-09-05T07:04:00+02:00,2026-09-05T07:04:36+02:00,2026-09-05T07:04:36+02:00,36.0,1,Kongsvinger,VYG:Line:R14,Asker-Oslo S-Kongsvinger,R14,rail,VYG:ServiceJourney:1005_442910-R,True,actual,False,,,,,2026-09-05T08:24:10.398942+02:00
NSR:StopPlace:59646,Høvik stasjon,2026-09-05T07:26:00+02:00,2026-09-05T07:26:36+02:00,2026-09-05T07:26:36+02:00,36.0,1,Spikkestad,VYG:Line:L1,Spikkestad-Oslo S-Lillestrøm,L1,rail,VYG:ServiceJourney:2209_443598-R,True,actual,False,,,,,2026-09-05T08:24:10.398942+02:00
NSR:StopPlace:59648,Kjelsås stasjon,2026-09-05T07:40:00+02:00,2026-09-05T07:40:36+02:00,2026-09-05T07:40:36+02:00,36.0,1,Kværnerbyen,RUT:Line:54,Kværnerbyen - Kjelsås stasjon,54,bus,RUT:ServiceJourney:3d5db3b49a4988431b5305b76819bbe5,True,actual,False,,,,,2026-09-05T08:24:10.398942+02:00
NSR:StopPlace:59648,Kjelsås stasjon,2026-09-05T07:55:00+02:00,2026-09-05T07:55:36+02:00,2026-09-05T07:55:36+02:00,36.0,1,Majorstuen,RUT:Line:25,Majorstuen-Haugerud,25,bus,RUT:ServiceJourney:964a969615d2b6c49b4240c7d2c2ae65,True,actual,False,,,,,2026-09-05T08:24:10.398942+02:00
NSR:StopPlace:60640,Heimdal stasjon,2026-09-05T07:02:00+02:00,2026-09-05T07:02:36+02:00,2026-09-05T07:02:36+02:00,36.0,1,Lund,ATB:Line:2_2,Strindheim- Lade- sentrum- Sau,2,bus,ATB:ServiceJourney:2_251215112550140_6004,True,actual,False,,,,,2026-09-05T08:24:10.398942+02:00
NSR:StopPlace:59651,Skøyen stasjon,2026-09-05T06:13:00+02:00,2026-09-05T06:13:36+02:00,2026-09-05T06:13:36+02:00,36.0,1,Stabekk,VYG:Line:R21,Stabekk-Oslo S-Moss,R21,rail,VYG:ServiceJourney:1106-MOS_442977-R,True,actual,False,,,,,2026-09-05T08:24:10.398942+02:00
NSR:StopPlace:59651,Skøyen stasjon,2026-09-05T06:36:00+02:00,2026-09-05T06:36:36+02:00,2026-09-05T06:36:36+02:00,36.0,1,Ski,VYG:Line:L2,Stabekk-Oslo S-Ski,L2,rail,VYG:ServiceJourney:2707-HVK_699728-R,True,actual,False,,,,,2026-09-05T08:24:10.398942+02:00
NSR:StopPlace:59651,Skøyen stasjon,2026-09-05T06:38:00+02:00,2026-09-05T06:38:36+02:00,2026-09-05T06:38:36+02:00,36.0,1,Galgeberg,RUT:Line:20,Skøyen - Galgeberg,20,bus,RUT:ServiceJourney:95423d13387dddd9621e6762c3611971,True,actual,False,,,,,2026-09-05T08:24:10.398942+02:00
NSR:StopPlace:60944,Ski stasjon,2026-09-05T08:14:00+02:00,2026-09-05T08:14:36+02:00,2026-09-05T08:14:36+02:00,36.0,1,Ski næringspark,RUT:Line:520,Vinterbro - Ski stasjon,520,bus,RUT:ServiceJourney:1feb51cd6709cf3915a3d9879e765007,True,actual,False,,,,,2026-09-05T08:24:10.398942+02:00
NSR:StopPlace:59635,Hauketo stasjon,2026-09-05T07:33:00+02:00,2026-09-05T07:33:36+02:00,2026-09-05T07:33:36+02:00,36.0,1,Brenna,RUT:Line:73,Holmlia stasjon - Brenna,73,bus,RUT:ServiceJourney:af9df7dd0d862d3bb65981df7f8aab43,True,actual,False,,,,,2026-09-05T08:24:10.398942+02:00
NSR:StopPlace:59636,Holmlia stasjon,2026-09-05T06:06:00+02:00,2026-09-05T06:06:36+02:00,2026-09-05T06:06:36+02:00,36.0,1,Krummedike,RUT:Line:2077,Holmlia stasjon - Asperudåsen,77B,bus,RUT:ServiceJourney:92c073142af62cecc5992f011837d203,True,actual,False,,,,,2026-09-05T08:24:10.398942+02:00
NSR:StopPlace:59636,Holmlia stasjon,2026-09-05T07:42:00+02:00,2026-09-05T07:42:36+02:00,2026-09-05T07:42:36+02:00,36.0,1,Krummedike,RUT:Line:2077,Holmlia stasjon - Asperudåsen,77B,bus,RUT:ServiceJourney:1188e0611c8e2ce71271a0f93b47169f,True,actual,False,,,,,2026-09-05T08:24:10.398942+02:00
NSR:StopPlace:58798,Rakkestad stasjon,2026-09-05T07:45:00+02:00,2026-09-05T07:45:36+02:00,2026-09-05T07:45:36+02:00,36.0,1,Oslo S,VYG:Line:R22,Skøyen-Oslo S-Mysen-Rakkestad,R22,rail,VYG:ServiceJourney:1910_443447-R,True,actual,False,,,,,2026-09-05T08:24:10.398942+02:00
NSR:StopPlace:58839,Steinberg stasjon,2026-09-05T06:02:00+02:00,2026-09-05T06:02:36+02:00,2026-09-05T06:02:36+02:00,36.0,1,Eidsvoll,VYG:Line:R12,Kongsberg-Oslo S-Eidsvoll,R12,rail,VYG:ServiceJourney:504_444295-R,True,actual,False,,,,,2026-09-05T08:24:10.398942+02:00
NSR:StopPlace:58853,Kolbotn stasjon,2026-09-05T07:43:00+02:00,2026-09-05T07:43:36+02:00,2026-09-05T07:43:36+02:00,36.0,1,Ski stasjon,RUT:Line:580,Kolbotn - Ski,580,bus,RUT:ServiceJourney:45b04a80c34f35be1b51837377335a4c,True,actual,False,,,,,2026-09-05T08:24:10.398942+02:00
NSR:StopPlace:58853,Kolbotn stasjon,2026-09-05T08:20:00+02:00,2026-09-05T08:20:36+02:00,2026-09-05T08:20:36+02:00,36.0,1,Kolbotn,RUT:Line:87,Hauketo stasjon - Kolbotn,87,bus,RUT:ServiceJourney:d1f2e6cc108c1bb66c4357324154263c,True,actual,False,,,,,2026-09-05T08:24:10.398942+02:00
NSR:StopPlace:58858,Nittedal stasjon,2026-09-05T07:20:00+02:00,2026-09-05T07:20:36+02:00,2026-09-05T07:20:36+02:00,36.0,1,Lørenskog sentrum,RUT:Line:385,Nittedal stasjon - Olavsgaard - Ahus,385,bus,RUT:ServiceJourney:bf827268469e39fad72ecdb5cc24e89a,True,actual,False,,,,,2026-09-05T08:24:10.398942+02:00
NSR:StopPlace:58851,Heggedal stasjon,2026-09-05T05:54:00+02:00,2026-09-05T05:54:36+02:00,2026-09-05T05:54:36+02:00,36.0,1,Lillestrøm,VYG:Line:L1,Spikkestad-Oslo S-Lillestrøm,L1,rail,VYG:ServiceJourney:2208_452017-R,True,actual,False,,,,,2026-09-05T08:24:10.398942+02:00
NSR:StopPlace:58851,Heggedal stasjon,2026-09-05T06:29:00+02:00,2026-09-05T06:29:36+02:00,2026-09-05T06:29:36+02:00,36.0,1,Rustadgrenda,RUT:Line:286,Rustadgrenda-Heggedal,286,bus,RUT:ServiceJourney:6a45a7949b32d78de20089ad19fb256b,True,actual,False,,,,,2026-09-05T08:24:10.398942+02:00
NSR:StopPlace:58865,Vestby stasjon,2026-09-05T07:40:00+02:00,2026-09-05T07:40:36+02:00,2026-09-05T07:40:36+02:00,36.0,1,Stabekk,VYG:Line:R21,Stabekk-Oslo S-Moss,R21,rail,VYG:ServiceJourney:1114-MOS_442989-R,True,actual,False,,,,,2026-09-05T08:24:10.398942+02:00
NSR:StopPlace:58862,Strømmen stasjon,2026-09-05T08:15:00+02:00,2026-09-05T08:15:36+02:00,2026-09-05T08:15:36+02:00,36.0,1,Spikkestad,VYG:Line:L1,Spikkestad-Oslo S-Lillestrøm,L1,rail,VYG:ServiceJourney:2215_443608-R,True,actual,False,,,,,2026-09-05T08:24:10.398942+02:00
NSR:StopPlace:58801,Sarpsborg stasjon,2026-09-05T08:13:00+02:00,2026-09-05T08:13:36+02:00,2026-09-05T08:13:36+02:00,36.0,1,Blessom,OST:Line:1_13,Kalnes - Blessom,13,bus,OST:ServiceJourney:13_260325121470820_604,True,actual,False,,,,,2026-09-05T08:24:10.398942+02:00
NSR:StopPlace:58211,Oslo lufthavn,2026-09-05T05:30:00+02:00,2026-09-05T05:30:36+02:00,2026-09-05T05:30:36+02:00,36.0,1,Radiumhospitalet via Økern-Storo-Tåsen,NBU:Line:cb7b555c-f96e-42d5-84bf-a5e08c0145c2,Radiumhospitalet via Økern-Storo-Tåsen,FB3,bus,NBU:ServiceJourney:f807e8c9-0419-4952-a9bb-70d09ffd95cc,True,actual,False,,,,,2026-09-05T08:24:10.398942+02:00
NSR:StopPlace:610,Sandvika stasjon,2026-09-05T08:18:00+02:00,2026-09-05T08:18:36+02:00,2026-09-05T08:18:36+02:00,36.0,1,Lillestrøm,VYG:Line:L1,Spikkestad-Oslo S-Lillestrøm,L1,rail,VYG:ServiceJourney:2216_443609-R,True,actual,False,,,,,2026-09-05T08:24:10.398942+02:00
NSR:StopPlace:62339,Lillestrøm stasjon,2026-09-05T06:55:00+02:00,2026-09-05T06:55:36+02:00,2026-09-05T06:55:36+02:00,36.0,1,Dal,VYG:Line:R13,Drammen-Oslo S-Dal,R13,rail,VYG:ServiceJourney:1607_443224-R,True,actual,False,Heis i spor 1 og 2 er ute av bruk på grunn av vedlikehold.,Heis i spor 1 og 2 er ute av bruk på grunn av vedlikehold.,general,normal,2026-09-05T08:24:10.398942+02:00
NSR:StopPlace:62341,Tangen stasjon,2026-09-05T06:36:00+02:00,2026-09-05T06:36:36+02:00,2026-09-05T06:36:36+02:00,36.0,1,Drammen,VYG:Line:RE10,Drammen-Oslo S-Lillehammer,RE10,rail,VYG:ServiceJourney:304-HHS_487829-R,True,actual,False,,,,,2026-09-05T08:24:10.398942+02:00
NSR:StopPlace:59648,Kjelsås stasjon,2026-09-05T02:48:00+02:00,2026-09-05T02:48:36+02:00,2026-09-05T02:48:36+02:00,36.0,1,Majorstuen,RUT:Line:3911,Majorstuen - Kjelsås,11N,bus,RUT:ServiceJourney:ab5eff86aa31fa7d0e979ee816002767,True,actual,False,,,,,2026-09-05T03:37:34.550234+02:00
NSR:StopPlace:59654,Stabekk stasjon,2026-09-05T02:52:00+02:00,2026-09-05T02:52:36+02:00,2026-09-05T02:52:36+02:00,36.0,1,Nationaltheatret,RUT:Line:150,Gullhaug - Nationaltheatret,150,bus,RUT:ServiceJourney:f2f28fd77a4a7fb3a008b39266eb9e3e,True,actual,False,,,,,2026-09-05T03:37:34.550234+02:00
NSR:StopPlace:61466,Vakås stasjon,2026-09-05T06:41:00+02:00,2026-09-05T06:41:35+02:00,2026-09-05T06:41:35+02:00,35.0,1,Spikkestad,VYG:Line:L1,Spikkestad-Oslo S-Lillestrøm,L1,rail,VYG:ServiceJourney:2205_481233-R,True,actual,False,,,,,2026-09-05T08:24:10.398942+02:00
NSR:StopPlace:61326,Gulskogen stasjon,2026-09-05T07:47:00+02:00,2026-09-05T07:47:35+02:00,2026-09-05T07:47:35+02:00,35.0,1,Kongsberg,VYG:Line:R12,Kongsberg-Oslo S-Eidsvoll,R12,rail,VYG:ServiceJourney:505_444297-R,True,actual,False,,,,,2026-09-05T08:24:10.398942+02:00
NSR:StopPlace:59647,Dal stasjon,2026-09-05T06:41:00+02:00,2026-09-05T06:41:35+02:00,2026-09-05T06:41:35+02:00,35.0,1,Jessheim,RUT:Line:430,Eidsvoll - Jessheim,430,bus,RUT:ServiceJourney:e5261e286cec8ef4fbf32cd90d86b0a7,True,actual,False,,,,,2026-09-05T08:24:10.398942+02:00
NSR:StopPlace:59648,Kjelsås stasjon,2026-09-05T06:41:00+02:00,2026-09-05T06:41:35+02:00,2026-09-05T06:41:35+02:00,35.0,1,Haugerud,RUT:Line:25,Majorstuen-Haugerud,25,bus,RUT:ServiceJourney:33bd0f02da7014562054636118cdb905,True,actual,False,,,,,2026-09-05T08:24:10.398942+02:00
NSR:StopPlace:59641,Fjellhamar stasjon,2026-09-05T08:17:00+02:00,2026-09-05T08:17:35+02:00,2026-09-05T08:17:35+02:00,35.0,1,Spikkestad,VYG:Line:L1,Spikkestad-Oslo S-Lillestrøm,L1,rail,VYG:ServiceJourney:2215_443608-R,True,actual,False,,,,,2026-09-05T08:24:10.398942+02:00
NSR:StopPlace:59651,Skøyen stasjon,2026-09-05T06:40:00+02:00,2026-09-05T06:40:35+02:00,2026-09-05T06:40:35+02:00,35.0,1,Lilleaker,RUT:Line:3013,Buss for linje 13,13B,bus,RUT:ServiceJourney:4f62aaeebe61da834f2cea0bcb401418,True,actual,False,Linje 13: Buss for trikk mellom Thune og Lilleaker ,Vi kjører buss for trikk (linje 13B) mellom Thune og Lilleaker. Bussen stopper ikke på Sollerud. 13B betjener Thune fra midlertidig holdeplass i Drammensveien,incident,normal,2026-09-05T08:24:10.398942+02:00
NSR:StopPlace:60944,Ski stasjon,2026-09-05T08:09:00+02:00,2026-09-05T08:09:35+02:00,2026-09-05T08:09:35+02:00,35.0,1,Stabekk,VYG:Line:L2,Stabekk-Oslo S-Ski,L2,rail,VYG:ServiceJourney:2718-SKI_443924-R,True,actual,False,,,,,2026-09-05T08:24:10.398942+02:00
NSR:StopPlace:59244,Egersund stasjon,2026-09-05T08:17:00+02:00,2026-09-05T08:17:35+02:00,2026-09-05T08:17:35+02:00,35.0,1,Stavanger,GOA:Line:59,Jærbanen,L5,rail,GOA:ServiceJourney:3017_63049-R,True,actual,False,,,,,2026-09-05T08:24:10.398942+02:00
NSR:StopPlace:59635,Hauketo stasjon,2026-09-05T07:02:00+02:00,2026-09-05T07:02:35+02:00,2026-09-05T07:02:35+02:00,35.0,1,Stabekk,VYG:Line:L2,Stabekk-Oslo S-Ski,L2,rail,VYG:ServiceJourney:2712-SKI_443918-R,True,actual,False,,,,,2026-09-05T08:24:10.398942+02:00
NSR:StopPlace:59635,Hauketo stasjon,2026-09-05T07:03:00+02:00,2026-09-05T07:03:35+02:00,2026-09-05T07:03:35+02:00,35.0,1,Myrvoll stasjon,RUT:Line:81,Fornebu - Myrvoll stasjon,81,bus,RUT:ServiceJourney:d648969f0c9a5f252b4d348d5d64bcb6,True,actual,False,,,,,2026-09-05T08:24:10.398942+02:00
NSR:StopPlace:58798,Rakkestad stasjon,2026-09-05T06:40:00+02:00,2026-09-05T06:40:35+02:00,2026-09-05T06:40:35+02:00,35.0,1,Oslo S,VYG:Line:R22,Skøyen-Oslo S-Mysen-Rakkestad,R22,rail,VYG:ServiceJourney:1908_443444-R,True,actual,False,,,,,2026-09-05T08:24:10.398942+02:00
NSR:StopPlace:58834,Hokksund stasjon,2026-09-05T06:57:00+02:00,2026-09-05T06:57:35+02:00,2026-09-05T06:57:35+02:00,35.0,1,Drammen via Mjøndalen,BRA:Line:4_6101,Drammen-Vikersund/Hønefoss,101,bus,BRA:ServiceJourney:6101_260415100161287_6002,True,actual,False,,,,,2026-09-05T08:24:10.398942+02:00
NSR:StopPlace:58856,Lysaker stasjon,2026-09-05T06:11:00+02:00,2026-09-05T06:11:35+02:00,2026-09-05T06:11:35+02:00,35.0,1,Fornebu,RUT:Line:31,Snarøya - Fornebu - Tonsenhagen - Grorud,31,bus,RUT:ServiceJourney:46e7b0de649fbcdf67638fc2b6061e69,True,actual,False,,,,,2026-09-05T08:24:10.398942+02:00
NSR:StopPlace:58865,Vestby stasjon,2026-09-05T06:50:00+02:00,2026-09-05T06:50:35+02:00,2026-09-05T06:50:35+02:00,35.0,1,Randem,RUT:Line:533,Randem - Vestby stasjon,533,bus,RUT:ServiceJourney:904f54c14c65fdb10e5208d6a23c2a1c,True,actual,False,,,,,2026-09-05T08:24:10.398942+02:00
NSR:StopPlace:58876,Tønsberg stasjon,2026-09-05T06:08:00+02:00,2026-09-05T06:08:35+02:00,2026-09-05T06:08:35+02:00,35.0,1,Drammen,VYG:Line:RE11,Eidsvoll-Oslo S-Skien,RE11,rail,VYG:ServiceJourney:BUS-804_654207-R,True,actual,False,,,,,2026-09-05T08:24:10.398942+02:00
NSR:StopPlace:58211,Oslo lufthavn,2026-09-05T05:15:00+02:00,2026-09-05T05:15:35+02:00,2026-09-05T05:15:35+02:00,35.0,1,Majorstuen via Torshov-Sagene,NBU:Line:a7cafc59-feaf-4e61-9fa1-b7dce4ffe970,Majorstuen via Torshov-Sagene,FB1,bus,NBU:ServiceJourney:67acc2a7-96e5-4d47-874b-39a92a77bc9c,True,actual,False,,,,,2026-09-05T08:24:10.398942+02:00
NSR:StopPlace:101,Sagdalen stasjon,2026-09-05T05:43:00+02:00,2026-09-05T05:43:35+02:00,2026-09-05T05:43:35+02:00,35.0,1,Spikkestad,VYG:Line:L1,Spikkestad-Oslo S-Lillestrøm,L1,rail,VYG:ServiceJourney:2205_481233-R,True,actual,False,,,,,2026-09-05T08:24:10.398942+02:00
NSR:StopPlace:610,Sandvika stasjon,2026-09-05T08:20:00+02:00,2026-09-05T08:20:35+02:00,2026-09-05T08:20:35+02:00,35.0,1,Oslo Lufthavn,FLT:Line:FLY1,FLY1,FLY1,rail,FLT:ServiceJourney:1-2614-3725-20260905,True,actual,False,,,,,2026-09-05T08:24:10.398942+02:00
NSR:StopPlace:59872,Oslo S,2026-09-05T06:54:00+02:00,2026-09-05T06:54:34+02:00,2026-09-05T06:54:34+02:00,34.0,1,Eidsvoll,VYG:Line:R12,Kongsberg-Oslo S-Eidsvoll,R12,rail,VYG:ServiceJourney:504_444295-R,True,actual,False,,,,,2026-09-05T08:24:10.398942+02:00
NSR:StopPlace:59643,Grefsen stasjon,2026-09-05T06:49:00+02:00,2026-09-05T06:49:34+02:00,2026-09-05T06:49:34+02:00,34.0,1,Simensbråten,RUT:Line:23,Lysaker - Simensbråten,23,bus,RUT:ServiceJourney:2bad7acbd59923bf7a81543f594423ae,True,actual,False,,,,,2026-09-05T08:24:10.398942+02:00
NSR:StopPlace:59651,Skøyen stasjon,2026-09-05T06:08:00+02:00,2026-09-05T06:08:34+02:00,2026-09-05T06:08:34+02:00,34.0,1,Galgeberg,RUT:Line:20,Skøyen - Galgeberg,20,bus,RUT:ServiceJourney:cf44dc5547a3294fa824a7e1a2467863,True,actual,False,,,,,2026-09-05T08:24:10.398942+02:00
NSR:StopPlace:59952,Drammen stasjon,2026-09-05T06:05:00+02:00,2026-09-05T06:05:34+02:00,2026-09-05T06:05:34+02:00,34.0,1,Dal,VYG:Line:R13,Drammen-Oslo S-Dal,R13,rail,VYG:ServiceJourney:1607_443224-R,True,actual,False,,,,,2026-09-05T08:24:10.398942+02:00
NSR:StopPlace:59952,Drammen stasjon,2026-09-05T08:22:00+02:00,2026-09-05T08:22:34+02:00,2026-09-05T08:22:34+02:00,34.0,1,Tønsberg,VYG:Line:RE11,Eidsvoll-Oslo S-Skien,RE11,rail,VYG:ServiceJourney:BUS-807_654230-R,True,actual,False,,,,,2026-09-05T08:24:10.398942+02:00
NSR:StopPlace:60944,Ski stasjon,2026-09-05T08:21:00+02:00,2026-09-05T08:21:34+02:00,2026-09-05T08:21:34+02:00,34.0,1,Kolbotn torg,RUT:Line:580,Kolbotn - Ski,580,bus,RUT:ServiceJourney:36b5c67cdafe5b9adf0b25ea39af3088,True,actual,False,,,,,2026-09-05T08:24:10.398942+02:00
NSR:StopPlace:60077,Støren stasjon,2026-09-05T08:11:00+02:00,2026-09-05T08:11:34+02:00,2026-09-05T08:11:34+02:00,34.0,1,Steinkjer,SJN:Line:26,Trønderbanen,R70,rail,SJN:ServiceJourney:429_56089-R,True,actual,False,,,,,2026-09-05T08:24:10.398942+02:00
NSR:StopPlace:59635,Hauketo stasjon,2026-09-05T07:27:00+02:00,2026-09-05T07:27:34+02:00,2026-09-05T07:27:34+02:00,34.0,1,Åsbråten,RUT:Line:79,Grorud T - Åsbråten,79,bus,RUT:ServiceJourney:6e0095866cec7e1969d495c8330e09dc,True,actual,False,,,,,2026-09-05T08:24:10.398942+02:00
NSR:StopPlace:59635,Hauketo stasjon,2026-09-05T07:28:00+02:00,2026-09-05T07:28:34+02:00,2026-09-05T07:28:34+02:00,34.0,1,Filipstad,RUT:Line:81,Fornebu - Myrvoll stasjon,81,bus,RUT:ServiceJourney:c7a7522e5e236a64d9bd7e61ffaaca34,True,actual,False,,,,,2026-09-05T08:24:10.398942+02:00
NSR:StopPlace:59636,Holmlia stasjon,2026-09-05T06:42:00+02:00,2026-09-05T06:42:34+02:00,2026-09-05T06:42:34+02:00,34.0,1,Krummedike,RUT:Line:2077,Holmlia stasjon - Asperudåsen,77B,bus,RUT:ServiceJourney:12322c97f627611f8a0be1c4edca102c,True,actual,False,,,,,2026-09-05T08:24:10.398942+02:00
NSR:StopPlace:59636,Holmlia stasjon,2026-09-05T07:36:00+02:00,2026-09-05T07:36:34+02:00,2026-09-05T07:36:34+02:00,34.0,1,Krummedike,RUT:Line:2077,Holmlia stasjon - Asperudåsen,77B,bus,RUT:ServiceJourney:1188e0611c8e2ce71271a0f93b47169f,True,actual,False,,,,,2026-09-05T08:24:10.398942+02:00
NSR:StopPlace:58856,Lysaker stasjon,2026-09-05T06:21:00+02:00,2026-09-05T06:21:34+02:00,2026-09-05T06:21:34+02:00,34.0,1,Spikkestad,VYG:Line:L1,Spikkestad-Oslo S-Lillestrøm,L1,rail,VYG:ServiceJourney:2205_481233-R,True,actual,False,,,,,2026-09-05T08:24:10.398942+02:00
NSR:StopPlace:58823,Jaren stasjon,2026-09-05T05:10:00+02:00,2026-09-05T05:10:34+02:00,2026-09-05T05:10:34+02:00,34.0,1,Oslo S,VYG:Line:R31,Skøyen-Jaren-Gjøvik,R31,rail,VYG:ServiceJourney:BUS-202_655079-R,True,actual,False,,,,,2026-09-05T08:24:10.398942+02:00
NSR:StopPlace:62339,Lillestrøm stasjon,2026-09-05T07:56:00+02:00,2026-09-05T07:56:34+02:00,2026-09-05T07:56:34+02:00,34.0,1,Kongsberg,VYG:Line:R12,Kongsberg-Oslo S-Eidsvoll,R12,rail,VYG:ServiceJourney:507_444300-R,True,actual,False,Heis i spor 1 og 2 er ute av bruk på grunn av vedlikehold.,Heis i spor 1 og 2 er ute av bruk på grunn av vedlikehold.,general,normal,2026-09-05T08:24:10.398942+02:00
NSR:StopPlace:62392,Slependen stasjon,2026-09-05T05:45:00+02:00,2026-09-05T05:45:34+02:00,2026-09-05T05:45:34+02:00,34.0,1,Lillestrøm,VYG:Line:L1,Spikkestad-Oslo S-Lillestrøm,L1,rail,VYG:ServiceJourney:2206_443594-R,True,actual,False,,,,,2026-09-05T08:24:10.398942+02:00
NSR:StopPlace:62392,Slependen stasjon,2026-09-05T07:03:00+02:00,2026-09-05T07:03:34+02:00,2026-09-05T07:03:34+02:00,34.0,1,Spikkestad,VYG:Line:L1,Spikkestad-Oslo S-Lillestrøm,L1,rail,VYG:ServiceJourney:2207_443595-R,True,actual,False,,,,,2026-09-05T08:24:10.398942+02:00
NSR:StopPlace:59641,Fjellhamar stasjon,2026-09-05T07:17:00+02:00,2026-09-05T07:17:33+02:00,2026-09-05T07:17:33+02:00,33.0,1,Spikkestad,VYG:Line:L1,Spikkestad-Oslo S-Lillestrøm,L1,rail,VYG:ServiceJourney:2211_443602-R,True,actual,False,,,,,2026-09-05T08:24:10.398942+02:00
NSR:StopPlace:59952,Drammen stasjon,2026-09-05T06:22:00+02:00,2026-09-05T06:22:33+02:00,2026-09-05T06:22:33+02:00,33.0,1,Oslo Lufthavn,FLT:Line:FLY1,FLY1,FLY1,rail,FLT:ServiceJourney:1-2614-3715-20260905,True,actual,False,,,,,2026-09-05T08:24:10.398942+02:00
NSR:StopPlace:60944,Ski stasjon,2026-09-05T06:35:00+02:00,2026-09-05T06:35:33+02:00,2026-09-05T06:35:33+02:00,33.0,1,Moss,VYG:Line:R21,Stabekk-Oslo S-Moss,R21,rail,VYG:ServiceJourney:1105-HVK_442976-R,True,actual,False,,,,,2026-09-05T08:24:10.398942+02:00
NSR:StopPlace:60944,Ski stasjon,2026-09-05T06:42:00+02:00,2026-09-05T06:42:33+02:00,2026-09-05T06:42:33+02:00,33.0,1,Vinterbro,RUT:Line:520,Vinterbro - Ski stasjon,520,bus,RUT:ServiceJourney:9266bbd49253ebc6606305bfd14667c4,True,actual,False,,,,,2026-09-05T08:24:10.398942+02:00
NSR:StopPlace:59977,Trondheim S,2026-09-05T07:09:00+02:00,2026-09-05T07:09:33+02:00,2026-09-05T07:09:33+02:00,33.0,1,Vikåsen via Singsaker,ATB:Line:2_25,Vikåsen- Strindheim- Singsaker,25,bus,ATB:ServiceJourney:25_251215112543432_6005,True,actual,False,,,,,2026-09-05T08:24:10.398942+02:00
NSR:StopPlace:59616,Asker stasjon,2026-09-05T06:14:00+02:00,2026-09-05T06:14:33+02:00,2026-09-05T06:14:33+02:00,33.0,1,Oslo Lufthavn,FLT:Line:FLY1,FLY1,FLY1,rail,FLT:ServiceJourney:1-2614-3713-20260905,True,actual,False,,,,,2026-09-05T08:24:10.398942+02:00
NSR:StopPlace:59620,Grorud stasjon,2026-09-05T07:04:00+02:00,2026-09-05T07:04:33+02:00,2026-09-05T07:04:33+02:00,33.0,1,Åsbråten,RUT:Line:79,Grorud T - Åsbråten,79,bus,RUT:ServiceJourney:53d239ef01b41a21f1c25138ef7db4d5,True,actual,False,,,,,2026-09-05T08:24:10.398942+02:00
NSR:StopPlace:59635,Hauketo stasjon,2026-09-05T07:33:00+02:00,2026-09-05T07:33:33+02:00,2026-09-05T07:33:33+02:00,33.0,1,Grorud T,RUT:Line:79,Grorud T - Åsbråten,79,bus,RUT:ServiceJourney:443dd908e21fee156523a47820597818,True,actual,False,,,,,2026-09-05T08:24:10.398942+02:00
NSR:StopPlace:59639,Sonsveien stasjon,2026-09-05T07:34:00+02:00,2026-09-05T07:34:33+02:00,2026-09-05T07:34:33+02:00,33.0,1,Stabekk,VYG:Line:R21,Stabekk-Oslo S-Moss,R21,rail,VYG:ServiceJourney:1114-MOS_442989-R,True,actual,False,,,,,2026-09-05T08:24:10.398942+02:00
NSR:StopPlace:58404,Nationaltheatret,2026-09-05T06:23:00+02:00,2026-09-05T06:23:33+02:00,2026-09-05T06:23:33+02:00,33.0,1,Sognsvann,RUT:Line:5,Sognsvann - Vestli,5,metro,RUT:ServiceJourney:b738a93962da7c16851704e259efb281,True,actual,False,Buss for t-bane (4B) mellom Nydalen og Økern,Linje 4 kjører kun mellom Bergkrystallen og Stortinget. Benytt linje 5 for reiser mellom Stortinget og Nydalen via Ullevål stadion. Se reiseplanlegger for detaljer rundt din reise.,incident,normal,2026-09-05T08:24:10.398942+02:00
NSR:StopPlace:58921,Vennesla stasjon,2026-09-05T08:07:00+02:00,2026-09-05T08:07:33+02:00,2026-09-05T08:07:33+02:00,33.0,1,Oslo S,GOA:Line:50,Sørtoget region,F5,rail,GOA:ServiceJourney:704-KRS_65441-R,True,actual,False,,,,,2026-09-05T08:24:10.398942+02:00
NSR:StopPlace:58845,Eidsvoll verk stasjon,2026-09-05T07:25:00+02:00,2026-09-05T07:25:33+02:00,2026-09-05T07:25:33+02:00,33.0,1,Eidsvoll,VYG:Line:R12,Kongsberg-Oslo S-Eidsvoll,R12,rail,VYG:ServiceJourney:504_444295-R,True,actual,False,,,,,2026-09-05T08:24:10.398942+02:00
NSR:StopPlace:58857,Lørenskog stasjon,2026-09-05T08:13:00+02:00,2026-09-05T08:13:33+02:00,2026-09-05T08:13:33+02:00,33.0,1,Stovner,RUT:Line:120,Nesåsen - Stovner,120,bus,RUT:ServiceJourney:4bae21bb777731055d825a0df7f4f364,True,actual,False,,,,,2026-09-05T08:24:10.398942+02:00
NSR:StopPlace:58862,Strømmen stasjon,2026-09-05T07:15:00+02:00,2026-09-05T07:15:33+02:00,2026-09-05T07:15:33+02:00,33.0,1,Spikkestad,VYG:Line:L1,Spikkestad-Oslo S-Lillestrøm,L1,rail,VYG:ServiceJourney:2211_443602-R,True,actual,False,,,,,2026-09-05T08:24:10.398942+02:00
NSR:StopPlace:58817,Eina stasjon,2026-09-05T06:37:00+02:00,2026-09-05T06:37:33+02:00,2026-09-05T06:37:33+02:00,33.0,1,Oslo S,VYG:Line:R31,Skøyen-Jaren-Gjøvik,R31,rail,VYG:ServiceJourney:BUS-206_655105-R,True,actual,False,,,,,2026-09-05T08:24:10.398942+02:00
NSR:StopPlace:58211,Oslo lufthavn,2026-09-05T05:50:00+02:00,2026-09-05T05:50:33+02:00,2026-09-05T05:50:33+02:00,33.0,1,Drammen,FLT:Line:FLY1,FLY1,FLY1,rail,FLT:ServiceJourney:1-2614-3704-20260905,True,actual,False,,,,,2026-09-05T08:24:10.398942+02:00
NSR:StopPlace:461,Lundamo stasjon,2026-09-05T06:21:00+02:00,2026-09-05T06:21:33+02:00,2026-09-05T06:21:33+02:00,33.0,1,Steinkjer,SJN:Line:26,Trønderbanen,R70,rail,SJN:ServiceJourney:425_56054-R,True,actual,False,,,,,2026-09-05T08:24:10.398942+02:00
NSR:StopPlace:610,Sandvika stasjon,2026-09-05T07:14:00+02:00,2026-09-05T07:14:33+02:00,2026-09-05T07:14:33+02:00,33.0,1,Asker,VYG:Line:R14,Asker-Oslo S-Kongsvinger,R14,rail,VYG:ServiceJourney:1004_442909-R,True,actual,False,,,,,2026-09-05T08:24:10.398942+02:00
NSR:StopPlace:62392,Slependen stasjon,2026-09-05T08:15:00+02:00,2026-09-05T08:15:33+02:00,2026-09-05T08:15:33+02:00,33.0,1,Lillestrøm,VYG:Line:L1,Spikkestad-Oslo S-Lillestrøm,L1,rail,VYG:ServiceJourney:2216_443609-R,True,actual,False,,,,,2026-09-05T08:24:10.398942+02:00
NSR:StopPlace:61735,Hell stasjon,2026-09-05T07:50:00+02:00,2026-09-05T07:50:32+02:00,2026-09-05T07:50:32+02:00,32.0,1,Steinkjer,SJN:Line:26,Trønderbanen,R70,rail,SJN:ServiceJourney:425_56054-R,True,actual,False,,,,,2026-09-05T08:24:10.398942+02:00
NSR:StopPlace:59872,Oslo S,2026-09-05T06:00:00+02:00,2026-09-05T06:00:32+02:00,2026-09-05T06:00:32+02:00,32.0,1,Oslo Lufthavn,FLT:Line:FLY1,FLY1,FLY1,rail,FLT:ServiceJourney:1-2614-3709-20260905,True,actual,False,,,,,2026-09-05T08:24:10.398942+02:00
NSR:StopPlace:59643,Grefsen stasjon,2026-09-05T07:19:00+02:00,2026-09-05T07:19:32+02:00,2026-09-05T07:19:32+02:00,32.0,1,Simensbråten,RUT:Line:23,Lysaker - Simensbråten,23,bus,RUT:ServiceJourney:08f4344594915895c74152946e53782c,True,actual,False,,,,,2026-09-05T08:24:10.398942+02:00
NSR:StopPlace:60640,Heimdal stasjon,2026-09-05T07:23:00+02:00,2026-09-05T07:23:32+02:00,2026-09-05T07:23:32+02:00,32.0,1,Flatåsen/N. Flatåsen via Kolstad k.,ATB:Line:2_16,Flatåsen- Heimdal- Torgård,16,bus,ATB:ServiceJourney:16_251215112550588_6001,True,actual,False,,,,,2026-09-05T08:24:10.398942+02:00
NSR:StopPlace:59651,Skøyen stasjon,2026-09-05T06:29:00+02:00,2026-09-05T06:29:32+02:00,2026-09-05T06:29:32+02:00,32.0,1,Oslo Lufthavn,FLT:Line:FLY1,FLY1,FLY1,rail,FLT:ServiceJourney:1-2614-3713-20260905,True,actual,False,,,,,2026-09-05T08:24:10.398942+02:00
NSR:StopPlace:59654,Stabekk stasjon,2026-09-05T06:22:00+02:00,2026-09-05T06:22:32+02:00,2026-09-05T06:22:32+02:00,32.0,1,Nationaltheatret,RUT:Line:150,Gullhaug - Nationaltheatret,150,bus,RUT:ServiceJourney:f61bb0e7a4a289da1c44bfd4f70cc729,True,actual,False,,,,,2026-09-05T08:24:10.398942+02:00
NSR:StopPlace:60736,Spikkestad stasjon,2026-09-05T05:46:00+02:00,2026-09-05T05:46:32+02:00,2026-09-05T05:46:32+02:00,32.0,1,Lillestrøm,VYG:Line:L1,Spikkestad-Oslo S-Lillestrøm,L1,rail,VYG:ServiceJourney:2208_452017-R,True,actual,False,,,,,2026-09-05T08:24:10.398942+02:00
NSR:StopPlace:59952,Drammen stasjon,2026-09-05T07:47:00+02:00,2026-09-05T07:47:32+02:00,2026-09-05T07:47:32+02:00,32.0,1,Eidsvoll,VYG:Line:RE11,Eidsvoll-Oslo S-Skien,RE11,rail,VYG:ServiceJourney:806-DRM_652706-R,True,actual,False,,,,,2026-09-05T08:24:10.398942+02:00
NSR:StopPlace:60944,Ski stasjon,2026-09-05T07:44:00+02:00,2026-09-05T07:44:32+02:00,2026-09-05T07:44:32+02:00,32.0,1,Oslo S,VYG:Line:R22,Skøyen-Oslo S-Mysen-Rakkestad,R22,rail,VYG:ServiceJourney:1908_443444-R,True,actual,False,,,,,2026-09-05T08:24:10.398942+02:00
NSR:StopPlace:59616,Asker stasjon,2026-09-05T07:05:00+02:00,2026-09-05T07:05:32+02:00,2026-09-05T07:05:32+02:00,32.0,1,Blakstad,RUT:Line:290,Asker - Blakstad,290,bus,RUT:ServiceJourney:83f3513a7f9e0e078979771ce425c373,True,actual,False,,,,,2026-09-05T08:24:10.398942+02:00
NSR:StopPlace:58925,Gausel stasjon,2026-09-05T07:45:00+02:00,2026-09-05T07:45:32+02:00,2026-09-05T07:45:32+02:00,32.0,1,Vardenes via UiS-Stavanger,KOL:Line:8_1007,6,6,bus,KOL:ServiceJourney:1007_260729080906689_4003,True,actual,False,,,,,2026-09-05T08:24:10.398942+02:00
NSR:StopPlace:58854,Langhus stasjon,2026-09-05T07:12:00+02:00,2026-09-05T07:12:32+02:00,2026-09-05T07:12:32+02:00,32.0,1,Stabekk,VYG:Line:L2,Stabekk-Oslo S-Ski,L2,rail,VYG:ServiceJourney:2714-SKI_443920-R,True,actual,False,,,,,2026-09-05T08:24:10.398942+02:00
NSR:StopPlace:101,Sagdalen stasjon,2026-09-05T08:13:00+02:00,2026-09-05T08:13:32+02:00,2026-09-05T08:13:32+02:00,32.0,1,Spikkestad,VYG:Line:L1,Spikkestad-Oslo S-Lillestrøm,L1,rail,VYG:ServiceJourney:2215_443608-R,True,actual,False,,,,,2026-09-05T08:24:10.398942+02:00
NSR:StopPlace:62373,Berkåk stasjon,2026-09-05T05:11:00+02:00,2026-09-05T05:11:32+02:00,2026-09-05T05:11:32+02:00,32.0,1,Trondheim S,SJN:Line:21,Dovrebanen,F6,rail,SJN:ServiceJourney:405-LOD_30131-R,True,actual,False,,,,,2026-09-05T08:24:10.398942+02:00
NSR:StopPlace:59648,Kjelsås stasjon,2026-09-05T03:03:00+02:00,2026-09-05T03:03:32+02:00,2026-09-05T03:03:32+02:00,32.0,1,Majorstuen,RUT:Line:3912,Majorstuen - Kjelsås,12N,bus,RUT:ServiceJourney:3746e95f3f1193dcf4133fbf5711d797,True,actual,False,,,,,2026-09-05T03:37:34.550234+02:00
NSR:StopPlace:59638,Myrvoll stasjon,2026-09-05T03:00:00+02:00,2026-09-05T03:00:32+02:00,2026-09-05T03:00:32+02:00,32.0,1,Ski stasjon,RUT:Line:3981,Nationaltheatret - Ski,81N,bus,RUT:ServiceJourney:83a1f95879a59b762f5a6a6bd21b1833,True,actual,False,,,,,2026-09-05T03:37:34.550234+02:00
NSR:StopPlace:59872,Oslo S,2026-09-05T06:41:00+02:00,2026-09-05T06:41:31+02:00,2026-09-05T06:41:31+02:00,31.0,1,Lillestrøm,VYG:Line:L1,Spikkestad-Oslo S-Lillestrøm,L1,rail,VYG:ServiceJourney:2208_452017-R,True,actual,False,,,,,2026-09-05T08:24:10.398942+02:00
NSR:StopPlace:59646,Høvik stasjon,2026-09-05T07:23:00+02:00,2026-09-05T07:23:31+02:00,2026-09-05T07:23:31+02:00,31.0,1,Lillestrøm,VYG:Line:L1,Spikkestad-Oslo S-Lillestrøm,L1,rail,VYG:ServiceJourney:2212_443603-R,True,actual,False,,,,,2026-09-05T08:24:10.398942+02:00
NSR:StopPlace:59649,Nydalen stasjon,2026-09-05T05:33:00+02:00,2026-09-05T05:33:31+02:00,2026-09-05T05:33:31+02:00,31.0,1,Oslo lufthavn,NBU:Line:cb7b555c-f96e-42d5-84bf-a5e08c0145c2,Radiumhospitalet via Økern-Storo-Tåsen,FB3,bus,NBU:ServiceJourney:3121e207-6839-438e-a24e-a659162dd02c,True,actual,False,,,,,2026-09-05T08:24:10.398942+02:00
NSR:StopPlace:59952,Drammen stasjon,2026-09-05T05:22:00+02:00,2026-09-05T05:22:31+02:00,2026-09-05T05:22:31+02:00,31.0,1,Oslo Lufthavn,FLT:Line:FLY1,FLY1,FLY1,rail,FLT:ServiceJourney:1-2614-3709-20260905,True,actual,False,,,,,2026-09-05T08:24:10.398942+02:00
NSR:StopPlace:59616,Asker stasjon,2026-09-05T07:49:00+02:00,2026-09-05T07:49:31+02:00,2026-09-05T07:49:31+02:00,31.0,1,Dal,VYG:Line:R13,Drammen-Oslo S-Dal,R13,rail,VYG:ServiceJourney:1613_443238-R,True,actual,False,,,,,2026-09-05T08:24:10.398942+02:00
NSR:StopPlace:58404,Nationaltheatret,2026-09-05T06:25:00+02:00,2026-09-05T06:25:31+02:00,2026-09-05T06:25:31+02:00,31.0,1,Fornebu,RUT:Line:31,Snarøya - Fornebu - Tonsenhagen - Grorud,31,bus,RUT:ServiceJourney:ec03b270c8099c4f1e6207782fe9c36c,True,actual,False,,,,,2026-09-05T08:24:10.398942+02:00
NSR:StopPlace:58931,Fannrem stasjon,2026-09-05T07:55:00+02:00,2026-09-05T07:55:31+02:00,2026-09-05T07:55:31+02:00,31.0,1,Trondheim S via Orkanger skysst.,ATB:Line:2_310,Trondheim - Orkanger - Fannrem,310,bus,ATB:ServiceJourney:310_260106098639837_6001,True,actual,False,,,,,2026-09-05T08:24:10.398942+02:00
NSR:StopPlace:58948,Stjørdal stasjon,2026-09-05T07:55:00+02:00,2026-09-05T07:55:31+02:00,2026-09-05T07:55:31+02:00,31.0,1,Trondheim,ATB:Line:2_311,Stjørdal - Trondheim,311,bus,ATB:ServiceJourney:311_260106098642708_6002,True,actual,False,Endret tilbud ved Vikelvvegen,Sydgående avkjøringsrampe fra E6 ved Reppe er stengt frem til 21. september. Vikelvvegen og Ranheim fabrikker til sentrum blir ikke betjent av linje 311 i perioden. ,general,normal,2026-09-05T08:24:10.398942+02:00
NSR:StopPlace:58864,Sørumsand stasjon,2026-09-05T05:51:00+02:00,2026-09-05T05:51:31+02:00,2026-09-05T05:51:31+02:00,31.0,1,Skedsmokorset,RUT:Line:365,Sørumsand - Frogner - Skedsmokorset,365,bus,RUT:ServiceJourney:dbba22bc9c68ce5b39c3a431929e000f,True,actual,False,,,,,2026-09-05T08:24:10.398942+02:00
NSR:StopPlace:58871,Sande stasjon,2026-09-05T06:20:00+02:00,2026-09-05T06:20:31+02:00,2026-09-05T06:20:31+02:00,31.0,1,Stokke,VYG:Line:RE11,Eidsvoll-Oslo S-Skien,RE11,rail,VYG:ServiceJourney:BUS-883_654491-R,True,actual,False,,,,,2026-09-05T08:24:10.398942+02:00
NSR:StopPlace:58809,Koppang stasjon,2026-09-05T08:12:00+02:00,2026-09-05T08:12:31+02:00,2026-09-05T08:12:31+02:00,31.0,1,Hamar,SJN:Line:25,Rørosbanen,R60,rail,SJN:ServiceJourney:2380_37659-R,True,actual,False,,,,,2026-09-05T08:24:10.398942+02:00
NSR:StopPlace:58823,Jaren stasjon,2026-09-05T07:06:00+02:00,2026-09-05T07:06:31+02:00,2026-09-05T07:06:31+02:00,31.0,1,Oslo S,VYG:Line:R31,Skøyen-Jaren-Gjøvik,R31,rail,VYG:ServiceJourney:BUS-206_655105-R,True,actual,False,,,,,2026-09-05T08:24:10.398942+02:00
NSR:StopPlace:58211,Oslo lufthavn,2026-09-05T06:54:00+02:00,2026-09-05T06:54:31+02:00,2026-09-05T06:54:31+02:00,31.0,1,Kopperud,RUT:Line:420,Maura -  Jessheim,420,bus,RUT:ServiceJourney:5f4cca7e38e20edf7ea0b5169800fd27,True,actual,False,,,,,2026-09-05T08:24:10.398942+02:00
NSR:StopPlace:62339,Lillestrøm stasjon,2026-09-05T05:40:00+02:00,2026-09-05T05:40:31+02:00,2026-09-05T05:40:31+02:00,31.0,1,Spikkestad,VYG:Line:L1,Spikkestad-Oslo S-Lillestrøm,L1,rail,VYG:ServiceJourney:2205_481233-R,True,actual,False,Heis i spor 1 og 2 er ute av bruk på grunn av vedlikehold.,Heis i spor 1 og 2 er ute av bruk på grunn av vedlikehold.,general,normal,2026-09-05T08:24:10.398942+02:00
NSR:StopPlace:60944,Ski stasjon,2026-09-05T03:03:00+02:00,2026-09-05T03:03:31+02:00,2026-09-05T03:03:31+02:00,31.0,1,Bøleråsen,RUT:Line:510,Bøleråsen - Ski - Ås - Drøbak,510,bus,RUT:ServiceJourney:fde1407f47648c81e161f9d1a7597ea9,True,actual,False,,,,,2026-09-05T03:37:34.550234+02:00
NSR:StopPlace:59620,Grorud stasjon,2026-09-05T03:24:00+02:00,2026-09-05T03:24:31+02:00,2026-09-05T03:24:31+02:00,31.0,1,Oslo lufthavn,NBU:Line:cb7b555c-f96e-42d5-84bf-a5e08c0145c2,Radiumhospitalet via Økern-Storo-Tåsen,FB3,bus,NBU:ServiceJourney:1acabfe4-a7c3-4f3a-8e1d-d522228235e9,True,actual,False,,,,,2026-09-05T03:37:34.550234+02:00
NSR:StopPlace:58860,Oppegård stasjon,2026-09-05T02:35:00+02:00,2026-09-05T02:35:31+02:00,2026-09-05T02:35:31+02:00,31.0,1,Ski stasjon,RUT:Line:3981,Nationaltheatret - Ski,81N,bus,RUT:ServiceJourney:cdfb268a7f8567e8b6c2896f83d0b8c7,True,actual,False,,,,,2026-09-05T03:37:34.550234+02:00
NSR:StopPlace:61291,Stavanger stasjon,2026-09-05T07:53:00+02:00,2026-09-05T07:53:30+02:00,2026-09-05T07:53:30+02:00,30.0,1,Egersund,GOA:Line:59,Jærbanen,L5,rail,GOA:ServiceJourney:3016_63048-R,True,actual,False,,,,,2026-09-05T08:24:10.398942+02:00
NSR:StopPlace:59872,Oslo S,2026-09-05T06:41:00+02:00,2026-09-05T06:41:30+02:00,2026-09-05T06:41:30+02:00,30.0,1,Spikkestad,VYG:Line:L1,Spikkestad-Oslo S-Lillestrøm,L1,rail,VYG:ServiceJourney:2207_443595-R,True,actual,False,,,,,2026-09-05T08:24:10.398942+02:00
NSR:StopPlace:60640,Heimdal stasjon,2026-09-05T06:35:00+02:00,2026-09-05T06:35:30+02:00,2026-09-05T06:35:30+02:00,30.0,1,Lundåsen,ATB:Line:2_46,Torgård- Lundåsen,46,bus,ATB:ServiceJourney:46_251215112544120_6004,True,actual,False,,,,,2026-09-05T08:24:10.398942+02:00
NSR:StopPlace:60944,Ski stasjon,2026-09-05T08:12:00+02:00,2026-09-05T08:12:30+02:00,2026-09-05T08:12:30+02:00,30.0,1,Vinterbro,RUT:Line:520,Vinterbro - Ski stasjon,520,bus,RUT:ServiceJourney:09bd2cd5c31dc608c48290c0dc8493cc,True,actual,False,,,,,2026-09-05T08:24:10.398942+02:00
NSR:StopPlace:59616,Asker stasjon,2026-09-05T06:46:00+02:00,2026-09-05T06:46:30+02:00,2026-09-05T06:46:30+02:00,30.0,1,Spikkestad,VYG:Line:L1,Spikkestad-Oslo S-Lillestrøm,L1,rail,VYG:ServiceJourney:2205_481233-R,True,actual,False,,,,,2026-09-05T08:24:10.398942+02:00
NSR:StopPlace:59636,Holmlia stasjon,2026-09-05T07:06:00+02:00,2026-09-05T07:06:30+02:00,2026-09-05T07:06:30+02:00,30.0,1,Krummedike,RUT:Line:2077,Holmlia stasjon - Asperudåsen,77B,bus,RUT:ServiceJourney:78440c0c6ccffb85727581c15eb35058,True,actual,False,,,,,2026-09-05T08:24:10.398942+02:00
NSR:StopPlace:58866,Vevelstad stasjon,2026-09-05T06:44:00+02:00,2026-09-05T06:44:30+02:00,2026-09-05T06:44:30+02:00,30.0,1,Stabekk,VYG:Line:L2,Stabekk-Oslo S-Ski,L2,rail,VYG:ServiceJourney:2712-SKI_443918-R,True,actual,False,,,,,2026-09-05T08:24:10.398942+02:00
NSR:StopPlace:58866,Vevelstad stasjon,2026-09-05T07:14:00+02:00,2026-09-05T07:14:30+02:00,2026-09-05T07:14:30+02:00,30.0,1,Stabekk,VYG:Line:L2,Stabekk-Oslo S-Ski,L2,rail,VYG:ServiceJourney:2714-SKI_443920-R,True,actual,False,,,,,2026-09-05T08:24:10.398942+02:00
NSR:StopPlace:58866,Vevelstad stasjon,2026-09-05T08:14:00+02:00,2026-09-05T08:14:30+02:00,2026-09-05T08:14:30+02:00,30.0,1,Stabekk,VYG:Line:L2,Stabekk-Oslo S-Ski,L2,rail,VYG:ServiceJourney:2718-SKI_443924-R,True,actual,False,,,,,2026-09-05T08:24:10.398942+02:00
NSR:StopPlace:58861,Solbråtan stasjon,2026-09-05T08:23:00+02:00,2026-09-05T08:23:30+02:00,2026-09-05T08:23:30+02:00,30.0,1,Stabekk,VYG:Line:L2,Stabekk-Oslo S-Ski,L2,rail,VYG:ServiceJourney:2718-SKI_443924-R,True,actual,False,,,,,2026-09-05T08:24:10.398942+02:00
NSR:StopPlace:702,Sandnes sentrum stasjon,2026-09-05T06:46:00+02:00,2026-09-05T06:46:30+02:00,2026-09-05T06:46:30+02:00,30.0,1,Oslo S,GOA:Line:50,Sørtoget region,F5,rail,GOA:ServiceJourney:706-KVB_68388-R,True,actual,False,,,,,2026-09-05T08:24:10.398942+02:00
NSR:StopPlace:61463,Nordstrand stasjon,2026-09-05T06:52:00+02:00,2026-09-05T06:52:29+02:00,2026-09-05T06:52:29+02:00,29.0,1,Ski,VYG:Line:L2,Stabekk-Oslo S-Ski,L2,rail,VYG:ServiceJourney:2707-HVK_699728-R,True,actual,False,,,,,2026-09-05T08:24:10.398942+02:00
NSR:StopPlace:61301,Movatn stasjon,2026-09-05T08:16:00+02:00,2026-09-05T08:16:29+02:00,2026-09-05T08:16:29+02:00,29.0,1,Nydalen,VYG:Line:R31,Skøyen-Jaren-Gjøvik,R31,rail,VYG:ServiceJourney:BUS-206_655109-R,True,actual,False,,,,,2026-09-05T08:24:10.398942+02:00
NSR:StopPlace:59872,Oslo S,2026-09-05T07:11:00+02:00,2026-09-05T07:11:29+02:00,2026-09-05T07:11:29+02:00,29.0,1,Lillestrøm,VYG:Line:L1,Spikkestad-Oslo S-Lillestrøm,L1,rail,VYG:ServiceJourney:2210_443600-R,True,actual,False,,,,,2026-09-05T08:24:10.398942+02:00
NSR:StopPlace:60736,Spikkestad stasjon,2026-09-05T07:16:00+02:00,2026-09-05T07:16:29+02:00,2026-09-05T07:16:29+02:00,29.0,1,Lillestrøm,VYG:Line:L1,Spikkestad-Oslo S-Lillestrøm,L1,rail,VYG:ServiceJourney:2214_443606-R,True,actual,False,,,,,2026-09-05T08:24:10.398942+02:00
NSR:StopPlace:60944,Ski stasjon,2026-09-05T07:09:00+02:00,2026-09-05T07:09:29+02:00,2026-09-05T07:09:29+02:00,29.0,1,Stabekk,VYG:Line:L2,Stabekk-Oslo S-Ski,L2,rail,VYG:ServiceJourney:2714-SKI_443920-R,True,actual,False,,,,,2026-09-05T08:24:10.398942+02:00
NSR:StopPlace:60944,Ski stasjon,2026-09-05T08:05:00+02:00,2026-09-05T08:05:29+02:00,2026-09-05T08:05:29+02:00,29.0,1,Moss,VYG:Line:R21,Stabekk-Oslo S-Moss,R21,rail,VYG:ServiceJourney:1111-HVK_442986-R,True,actual,False,,,,,2026-09-05T08:24:10.398942+02:00
NSR:StopPlace:60053,Halden stasjon,2026-09-05T05:05:00+02:00,2026-09-05T05:05:29+02:00,2026-09-05T05:05:29+02:00,29.0,1,Oslo S,VYG:Line:RE20,Oslo S-Halden-Göteborg (X-Border),RE20,rail,VYG:ServiceJourney:104_442952-R,True,actual,False,,,,,2026-09-05T08:24:10.398942+02:00
NSR:StopPlace:59620,Grorud stasjon,2026-09-05T06:34:00+02:00,2026-09-05T06:34:29+02:00,2026-09-05T06:34:29+02:00,29.0,1,Åsbråten,RUT:Line:79,Grorud T - Åsbråten,79,bus,RUT:ServiceJourney:6e0095866cec7e1969d495c8330e09dc,True,actual,False,,,,,2026-09-05T08:24:10.398942+02:00
NSR:StopPlace:59635,Hauketo stasjon,2026-09-05T07:25:00+02:00,2026-09-05T07:25:29+02:00,2026-09-05T07:25:29+02:00,29.0,1,Holmlia stasjon,RUT:Line:77,Holmlia stasjon - Bjørndal,77,bus,RUT:ServiceJourney:5fa3a77510576c4b9d91ff3c740f33d4,True,actual,False,,,,,2026-09-05T08:24:10.398942+02:00
NSR:StopPlace:59635,Hauketo stasjon,2026-09-05T07:33:00+02:00,2026-09-05T07:33:29+02:00,2026-09-05T07:33:29+02:00,29.0,1,Myrvoll stasjon,RUT:Line:81,Fornebu - Myrvoll stasjon,81,bus,RUT:ServiceJourney:2adedaae8e5c932d9b545b75d4107a82,True,actual,False,,,,,2026-09-05T08:24:10.398942+02:00
NSR:StopPlace:59635,Hauketo stasjon,2026-09-05T08:03:00+02:00,2026-09-05T08:03:29+02:00,2026-09-05T08:03:29+02:00,29.0,1,Myrvoll stasjon,RUT:Line:81,Fornebu - Myrvoll stasjon,81,bus,RUT:ServiceJourney:48e050d2b1d69271423d1695fcc7268b,True,actual,False,,,,,2026-09-05T08:24:10.398942+02:00
NSR:StopPlace:59639,Sonsveien stasjon,2026-09-05T08:09:00+02:00,2026-09-05T08:09:29+02:00,2026-09-05T08:09:29+02:00,29.0,1,Moss,RUT:Line:540,Moss - Son - Vestby stasjon,540,bus,RUT:ServiceJourney:39e138d95c53a73162051c70ad5f0903,True,actual,False,,,,,2026-09-05T08:24:10.398942+02:00
NSR:StopPlace:58950,Åsen stasjon,2026-09-05T08:20:00+02:00,2026-09-05T08:20:29+02:00,2026-09-05T08:20:29+02:00,29.0,1,Steinkjer,SJN:Line:26,Trønderbanen,R70,rail,SJN:ServiceJourney:425_56054-R,True,actual,False,,,,,2026-09-05T08:24:10.398942+02:00
NSR:StopPlace:58930,Larvik stasjon,2026-09-05T08:05:00+02:00,2026-09-05T08:05:29+02:00,2026-09-05T08:05:29+02:00,29.0,1,Larvik-Nordbyen,VKT:Line:81,Nordbyen-Nevlunghavn,81,bus,VKT:ServiceJourney:18149,True,actual,False,,,,,2026-09-05T08:24:10.398942+02:00
NSR:StopPlace:58853,Kolbotn stasjon,2026-09-05T07:49:00+02:00,2026-09-05T07:49:29+02:00,2026-09-05T07:49:29+02:00,29.0,1,Kolbotn torg,RUT:Line:580,Kolbotn - Ski,580,bus,RUT:ServiceJourney:fd5aacf441ceabeca2e52e5e02821d99,True,actual,False,,,,,2026-09-05T08:24:10.398942+02:00
NSR:StopPlace:58858,Nittedal stasjon,2026-09-05T07:26:00+02:00,2026-09-05T07:26:29+02:00,2026-09-05T07:26:29+02:00,29.0,1,Oslo S,VYG:Line:R31,Skøyen-Jaren-Gjøvik,R31,rail,VYG:ServiceJourney:BUS-204_655089-R,True,actual,False,,,,,2026-09-05T08:24:10.398942+02:00
NSR:StopPlace:58851,Heggedal stasjon,2026-09-05T07:29:00+02:00,2026-09-05T07:29:29+02:00,2026-09-05T07:29:29+02:00,29.0,1,Asker,RUT:Line:280,Asker - Dikemark - Heggedal,280,bus,RUT:ServiceJourney:dfcaf5500d54345abd03a0efbe86dd36,True,actual,False,,,,,2026-09-05T08:24:10.398942+02:00
NSR:StopPlace:58869,Ås stasjon,2026-09-05T07:15:00+02:00,2026-09-05T07:15:29+02:00,2026-09-05T07:15:29+02:00,29.0,1,Stabekk,VYG:Line:R21,Stabekk-Oslo S-Moss,R21,rail,VYG:ServiceJourney:1112-MOS_442987-R,True,actual,False,,,,,2026-09-05T08:24:10.398942+02:00
NSR:StopPlace:206,Mariero stasjon,2026-09-05T07:59:00+02:00,2026-09-05T07:59:29+02:00,2026-09-05T07:59:29+02:00,29.0,1,Egersund,GOA:Line:59,Jærbanen,L5,rail,GOA:ServiceJourney:3016_63048-R,True,actual,False,,,,,2026-09-05T08:24:10.398942+02:00
NSR:StopPlace:610,Sandvika stasjon,2026-09-05T07:20:00+02:00,2026-09-05T07:20:29+02:00,2026-09-05T07:20:29+02:00,29.0,1,Oslo Lufthavn,FLT:Line:FLY1,FLY1,FLY1,rail,FLT:ServiceJourney:1-2614-3719-20260905,True,actual,False,,,,,2026-09-05T08:24:10.398942+02:00
NSR:StopPlace:62309,Ljan stasjon,2026-09-05T06:54:00+02:00,2026-09-05T06:54:29+02:00,2026-09-05T06:54:29+02:00,29.0,1,Ski,VYG:Line:L2,Stabekk-Oslo S-Ski,L2,rail,VYG:ServiceJourney:2707-HVK_699728-R,True,actual,False,,,,,2026-09-05T08:24:10.398942+02:00
NSR:StopPlace:59636,Holmlia stasjon,2026-09-05T02:15:00+02:00,2026-09-05T02:15:29+02:00,2026-09-05T02:15:29+02:00,29.0,1,Kringsjå,RUT:Line:3919,Kringsjå - Åsbråten,19N,bus,RUT:ServiceJourney:44bf3df31a9ffeef8a29a1f76dec10f1,True,actual,False,,,,,2026-09-05T03:37:34.550234+02:00
NSR:StopPlace:58891,Vegårshei stasjon,2026-09-05T02:01:00+02:00,2026-09-05T02:01:29+02:00,2026-09-05T02:01:29+02:00,29.0,1,Stavanger,GOA:Line:50,Sørtoget region,F5,rail,GOA:ServiceJourney:725-LOD_67061-R,True,actual,False,,,,,2026-09-05T03:37:34.550234+02:00
NSR:StopPlace:61251,Øksnavadporten stasjon,2026-09-05T07:05:00+02:00,2026-09-05T07:05:28+02:00,2026-09-05T07:05:28+02:00,28.0,1,Stavanger,GOA:Line:59,Jærbanen,L5,rail,GOA:ServiceJourney:3007_63039-R,True,actual,False,,,,,2026-09-05T08:24:10.398942+02:00
NSR:StopPlace:61466,Vakås stasjon,2026-09-05T07:41:00+02:00,2026-09-05T07:41:28+02:00,2026-09-05T07:41:28+02:00,28.0,1,Spikkestad,VYG:Line:L1,Spikkestad-Oslo S-Lillestrøm,L1,rail,VYG:ServiceJourney:2209_443598-R,True,actual,False,,,,,2026-09-05T08:24:10.398942+02:00
NSR:StopPlace:61464,Hvalstad stasjon,2026-09-05T05:40:00+02:00,2026-09-05T05:40:28+02:00,2026-09-05T05:40:28+02:00,28.0,1,Lillestrøm,VYG:Line:L1,Spikkestad-Oslo S-Lillestrøm,L1,rail,VYG:ServiceJourney:2206_443594-R,True,actual,False,,,,,2026-09-05T08:24:10.398942+02:00
NSR:StopPlace:41,Hanaborg stasjon,2026-09-05T08:19:00+02:00,2026-09-05T08:19:28+02:00,2026-09-05T08:19:28+02:00,28.0,1,Spikkestad,VYG:Line:L1,Spikkestad-Oslo S-Lillestrøm,L1,rail,VYG:ServiceJourney:2215_443608-R,True,actual,False,,,,,2026-09-05T08:24:10.398942+02:00
NSR:StopPlace:59872,Oslo S,2026-09-05T06:11:00+02:00,2026-09-05T06:11:28+02:00,2026-09-05T06:11:28+02:00,28.0,1,Spikkestad,VYG:Line:L1,Spikkestad-Oslo S-Lillestrøm,L1,rail,VYG:ServiceJourney:2205_481233-R,True,actual,False,,,,,2026-09-05T08:24:10.398942+02:00
NSR:StopPlace:59872,Oslo S,2026-09-05T06:40:00+02:00,2026-09-05T06:40:28+02:00,2026-09-05T06:40:28+02:00,28.0,1,Oslo Lufthavn,FLT:Line:FLY1,FLY1,FLY1,rail,FLT:ServiceJourney:1-2614-3713-20260905,True,actual,False,,,,,2026-09-05T08:24:10.398942+02:00
NSR:StopPlace:60640,Heimdal stasjon,2026-09-05T07:16:00+02:00,2026-09-05T07:16:28+02:00,2026-09-05T07:16:28+02:00,28.0,1,Lundåsen,ATB:Line:2_46,Torgård- Lundåsen,46,bus,ATB:ServiceJourney:46_251215112544121_6006,True,actual,False,,,,,2026-09-05T08:24:10.398942+02:00
NSR:StopPlace:59651,Skøyen stasjon,2026-09-05T06:43:00+02:00,2026-09-05T06:43:28+02:00,2026-09-05T06:43:28+02:00,28.0,1,Stabekk,VYG:Line:R21,Stabekk-Oslo S-Moss,R21,rail,VYG:ServiceJourney:1108-MOS_442979-R,True,actual,False,,,,,2026-09-05T08:24:10.398942+02:00
NSR:StopPlace:60736,Spikkestad stasjon,2026-09-05T06:46:00+02:00,2026-09-05T06:46:28+02:00,2026-09-05T06:46:28+02:00,28.0,1,Lillestrøm,VYG:Line:L1,Spikkestad-Oslo S-Lillestrøm,L1,rail,VYG:ServiceJourney:2212_443603-R,True,actual,False,,,,,2026-09-05T08:24:10.398942+02:00
NSR:StopPlace:59957,Klepp stasjon,2026-09-05T07:02:00+02:00,2026-09-05T07:02:28+02:00,2026-09-05T07:02:28+02:00,28.0,1,Stavanger,GOA:Line:59,Jærbanen,L5,rail,GOA:ServiceJourney:3007_63039-R,True,actual,False,,,,,2026-09-05T08:24:10.398942+02:00
NSR:StopPlace:59636,Holmlia stasjon,2026-09-05T06:29:00+02:00,2026-09-05T06:29:28+02:00,2026-09-05T06:29:28+02:00,28.0,1,Brenna,RUT:Line:73,Holmlia stasjon - Brenna,73,bus,RUT:ServiceJourney:2f809dce42aeff603554042a40f89e62,True,actual,False,,,,,2026-09-05T08:24:10.398942+02:00
NSR:StopPlace:58404,Nationaltheatret,2026-09-05T06:27:00+02:00,2026-09-05T06:27:28+02:00,2026-09-05T06:27:28+02:00,28.0,1,Nydalen,RUT:Line:5,Sognsvann - Vestli,5,metro,RUT:ServiceJourney:ec68fd1532a4213c93d44ce03ec48af6,True,actual,False,Buss for t-bane (4B) mellom Nydalen og Økern,Linje 4 kjører kun mellom Bergkrystallen og Stortinget. Benytt linje 5 for reiser mellom Stortinget og Nydalen via Ullevål stadion. Se reiseplanlegger for detaljer rundt din reise.,incident,normal,2026-09-05T08:24:10.398942+02:00
NSR:StopPlace:58964,Kløfta stasjon,2026-09-05T08:03:00+02:00,2026-09-05T08:03:28+02:00,2026-09-05T08:03:28+02:00,28.0,1,Oslo lufthavn,RUT:Line:425,Kløfta – Oslo lufthavn,425,bus,RUT:ServiceJourney:2b55e36c2f7818c8230e1e927b812c24,True,actual,False,,,,,2026-09-05T08:24:10.398942+02:00
NSR:StopPlace:58856,Lysaker stasjon,2026-09-05T06:48:00+02:00,2026-09-05T06:48:28+02:00,2026-09-05T06:48:28+02:00,28.0,1,Skøyen,RUT:Line:140,Bekkestua - Østerås - Skøyen,140,bus,RUT:ServiceJourney:5cf5981bf45da4b09f427a5b843076a5,True,actual,False,,,,,2026-09-05T08:24:10.398942+02:00
NSR:StopPlace:58865,Vestby stasjon,2026-09-05T07:50:00+02:00,2026-09-05T07:50:28+02:00,2026-09-05T07:50:28+02:00,28.0,1,Randem,RUT:Line:533,Randem - Vestby stasjon,533,bus,RUT:ServiceJourney:ff96f86476afaad4b535cd9644d02795,True,actual,False,,,,,2026-09-05T08:24:10.398942+02:00
NSR:StopPlace:58865,Vestby stasjon,2026-09-05T08:20:00+02:00,2026-09-05T08:20:28+02:00,2026-09-05T08:20:28+02:00,28.0,1,Randem,RUT:Line:533,Randem - Vestby stasjon,533,bus,RUT:ServiceJourney:6a2e9e7a6e2250c5734004285d344303,True,actual,False,,,,,2026-09-05T08:24:10.398942+02:00
NSR:StopPlace:58869,Ås stasjon,2026-09-05T06:40:00+02:00,2026-09-05T06:40:28+02:00,2026-09-05T06:40:28+02:00,28.0,1,Moss,VYG:Line:R21,Stabekk-Oslo S-Moss,R21,rail,VYG:ServiceJourney:1105-HVK_442976-R,True,actual,False,,,,,2026-09-05T08:24:10.398942+02:00
NSR:StopPlace:58870,Holmestrand stasjon,2026-09-05T06:35:00+02:00,2026-09-05T06:35:28+02:00,2026-09-05T06:35:28+02:00,28.0,1,Stokke,VYG:Line:RE11,Eidsvoll-Oslo S-Skien,RE11,rail,VYG:ServiceJourney:BUS-883_654491-R,True,actual,False,,,,,2026-09-05T08:24:10.398942+02:00
NSR:StopPlace:461,Lundamo stasjon,2026-09-05T07:26:00+02:00,2026-09-05T07:26:28+02:00,2026-09-05T07:26:28+02:00,28.0,1,Steinkjer,SJN:Line:26,Trønderbanen,R70,rail,SJN:ServiceJourney:427_56087-R,True,actual,False,,,,,2026-09-05T08:24:10.398942+02:00
NSR:StopPlace:400,Ler stasjon,2026-09-05T06:31:00+02:00,2026-09-05T06:31:28+02:00,2026-09-05T06:31:28+02:00,28.0,1,Steinkjer,SJN:Line:26,Trønderbanen,R70,rail,SJN:ServiceJourney:425_56054-R,True,actual,False,,,,,2026-09-05T08:24:10.398942+02:00
NSR:StopPlace:62339,Lillestrøm stasjon,2026-09-05T07:30:00+02:00,2026-09-05T07:30:28+02:00,2026-09-05T07:30:28+02:00,28.0,1,Oslo Lufthavn,FLT:Line:FLY1,FLY1,FLY1,rail,FLT:ServiceJourney:1-2614-3717-20260905,True,actual,False,Heis i spor 1 og 2 er ute av bruk på grunn av vedlikehold.,Heis i spor 1 og 2 er ute av bruk på grunn av vedlikehold.,general,normal,2026-09-05T08:24:10.398942+02:00
NSR:StopPlace:62339,Lillestrøm stasjon,2026-09-05T07:46:00+02:00,2026-09-05T07:46:28+02:00,2026-09-05T07:46:28+02:00,28.0,1,Asker,VYG:Line:R14,Asker-Oslo S-Kongsvinger,R14,rail,VYG:ServiceJourney:1006_442911-R,True,actual,False,Heis i spor 1 og 2 er ute av bruk på grunn av vedlikehold.,Heis i spor 1 og 2 er ute av bruk på grunn av vedlikehold.,general,normal,2026-09-05T08:24:10.398942+02:00
NSR:StopPlace:62341,Tangen stasjon,2026-09-05T07:34:00+02:00,2026-09-05T07:34:28+02:00,2026-09-05T07:34:28+02:00,28.0,1,Drammen,VYG:Line:RE10,Drammen-Oslo S-Lillehammer,RE10,rail,VYG:ServiceJourney:306-HHS_487830-R,True,actual,False,,,,,2026-09-05T08:24:10.398942+02:00
NSR:StopPlace:58952,Bodø stasjon,2026-09-05T02:55:00+02:00,2026-09-05T02:55:28+02:00,2026-09-05T02:55:28+02:00,28.0,1,Løpsmarka,NOR:Line:12_8044,Tverlandet - Bodø sentrum - Løpsmarka Nattbuss,4 N,bus,NOR:ServiceJourney:8044_251012124900686_2043,True,actual,False,,,,,2026-09-05T03:37:34.550234+02:00
NSR:StopPlace:61463,Nordstrand stasjon,2026-09-05T08:07:00+02:00,2026-09-05T08:07:27+02:00,2026-09-05T08:07:27+02:00,27.0,1,Stabekk,VYG:Line:L2,Stabekk-Oslo S-Ski,L2,rail,VYG:ServiceJourney:2716-SKI_443922-R,True,actual,False,,,,,2026-09-05T08:24:10.398942+02:00
NSR:StopPlace:61464,Hvalstad stasjon,2026-09-05T06:10:00+02:00,2026-09-05T06:10:27+02:00,2026-09-05T06:10:27+02:00,27.0,1,Lillestrøm,VYG:Line:L1,Spikkestad-Oslo S-Lillestrøm,L1,rail,VYG:ServiceJourney:2208_452017-R,True,actual,False,,,,,2026-09-05T08:24:10.398942+02:00
NSR:StopPlace:59872,Oslo S,2026-09-05T06:56:00+02:00,2026-09-05T06:56:27+02:00,2026-09-05T06:56:27+02:00,27.0,1,Rakkestad,VYG:Line:R22,Skøyen-Oslo S-Mysen-Rakkestad,R22,rail,VYG:ServiceJourney:1905-LOD_452016-R,True,actual,False,,,,,2026-09-05T08:24:10.398942+02:00
NSR:StopPlace:59872,Oslo S,2026-09-05T07:17:00+02:00,2026-09-05T07:17:27+02:00,2026-09-05T07:17:27+02:00,27.0,1,Stabekk,VYG:Line:L2,Stabekk-Oslo S-Ski,L2,rail,VYG:ServiceJourney:2712-SKI_443918-R,True,actual,False,,,,,2026-09-05T08:24:10.398942+02:00
NSR:StopPlace:59648,Kjelsås stasjon,2026-09-05T06:40:00+02:00,2026-09-05T06:40:27+02:00,2026-09-05T06:40:27+02:00,27.0,1,Kværnerbyen,RUT:Line:54,Kværnerbyen - Kjelsås stasjon,54,bus,RUT:ServiceJourney:5e62378b96db72e8d03dbccec63cd97b,True,actual,False,,,,,2026-09-05T08:24:10.398942+02:00
NSR:StopPlace:59641,Fjellhamar stasjon,2026-09-05T06:49:00+02:00,2026-09-05T06:49:27+02:00,2026-09-05T06:49:27+02:00,27.0,1,Ahus,RUT:Line:315,Vallerudtoppen - Ahus,315,bus,RUT:ServiceJourney:a0b80adf032d3505b383f320b13d8579,True,actual,False,,,,,2026-09-05T08:24:10.398942+02:00
NSR:StopPlace:59643,Grefsen stasjon,2026-09-05T08:23:00+02:00,2026-09-05T08:23:27+02:00,2026-09-05T08:23:27+02:00,27.0,1,Gaustadalléen,RUT:Line:17,Rikshospitalet - Sinsen o/ Carl Berner,17,tram,RUT:ServiceJourney:6f323519622982653d354fee69cf5d06,True,actual,False,,,,,2026-09-05T08:24:10.398942+02:00
NSR:StopPlace:59651,Skøyen stasjon,2026-09-05T06:23:00+02:00,2026-09-05T06:23:27+02:00,2026-09-05T06:23:27+02:00,27.0,1,Stabekk,VYG:Line:L2,Stabekk-Oslo S-Ski,L2,rail,VYG:ServiceJourney:2708-SKI_443914-R,True,actual,False,,,,,2026-09-05T08:24:10.398942+02:00
NSR:StopPlace:59654,Stabekk stasjon,2026-09-05T07:26:00+02:00,2026-09-05T07:26:27+02:00,2026-09-05T07:26:27+02:00,27.0,1,Lillestrøm,VYG:Line:L1,Spikkestad-Oslo S-Lillestrøm,L1,rail,VYG:ServiceJourney:2212_443603-R,True,actual,False,,,,,2026-09-05T08:24:10.398942+02:00
NSR:StopPlace:59616,Asker stasjon,2026-09-05T07:14:00+02:00,2026-09-05T07:14:27+02:00,2026-09-05T07:14:27+02:00,27.0,1,Oslo Lufthavn,FLT:Line:FLY1,FLY1,FLY1,rail,FLT:ServiceJourney:1-2614-3719-20260905,True,actual,False,,,,,2026-09-05T08:24:10.398942+02:00
NSR:StopPlace:59635,Hauketo stasjon,2026-09-05T05:58:00+02:00,2026-09-05T05:58:27+02:00,2026-09-05T05:58:27+02:00,27.0,1,Filipstad,RUT:Line:81,Fornebu - Myrvoll stasjon,81,bus,RUT:ServiceJourney:90b36db12c8fcc20f645b3e523da3202,True,actual,False,,,,,2026-09-05T08:24:10.398942+02:00
NSR:StopPlace:59636,Holmlia stasjon,2026-09-05T06:59:00+02:00,2026-09-05T06:59:27+02:00,2026-09-05T06:59:27+02:00,27.0,1,Ski,VYG:Line:L2,Stabekk-Oslo S-Ski,L2,rail,VYG:ServiceJourney:2707-HVK_699728-R,True,actual,False,,,,,2026-09-05T08:24:10.398942+02:00
NSR:StopPlace:58925,Gausel stasjon,2026-09-05T07:40:00+02:00,2026-09-05T07:40:27+02:00,2026-09-05T07:40:27+02:00,27.0,1,Sandnes,KOL:Line:8_1001,1,1,bus,KOL:ServiceJourney:1001_251008118355329_3003,True,actual,False,,,,,2026-09-05T08:24:10.398942+02:00
NSR:StopPlace:58797,Mysen stasjon,2026-09-05T08:00:00+02:00,2026-09-05T08:00:27+02:00,2026-09-05T08:00:27+02:00,27.0,1,Oslo S,VYG:Line:R22,Skøyen-Oslo S-Mysen-Rakkestad,R22,rail,VYG:ServiceJourney:1910_443447-R,True,actual,False,,,,,2026-09-05T08:24:10.398942+02:00
NSR:StopPlace:58836,Mjøndalen stasjon,2026-09-05T07:49:00+02:00,2026-09-05T07:49:27+02:00,2026-09-05T07:49:27+02:00,27.0,1,Hokksund,BRA:Line:4_6101,Drammen-Vikersund/Hønefoss,101,bus,BRA:ServiceJourney:6101_260415100161225_6001,True,actual,False,,,,,2026-09-05T08:24:10.398942+02:00
NSR:StopPlace:58840,Vestfossen stasjon,2026-09-05T05:53:00+02:00,2026-09-05T05:53:27+02:00,2026-09-05T05:53:27+02:00,27.0,1,Eidsvoll,VYG:Line:R12,Kongsberg-Oslo S-Eidsvoll,R12,rail,VYG:ServiceJourney:504_444295-R,True,actual,False,,,,,2026-09-05T08:24:10.398942+02:00
NSR:StopPlace:58853,Kolbotn stasjon,2026-09-05T08:11:00+02:00,2026-09-05T08:11:27+02:00,2026-09-05T08:11:27+02:00,27.0,1,Hauketo stasjon,RUT:Line:87,Hauketo stasjon - Kolbotn,87,bus,RUT:ServiceJourney:f088e89fcf24760b6244ffca8951aaf3,True,actual,False,,,,,2026-09-05T08:24:10.398942+02:00
NSR:StopPlace:58856,Lysaker stasjon,2026-09-05T05:59:00+02:00,2026-09-05T05:59:27+02:00,2026-09-05T05:59:27+02:00,27.0,1,Lillestrøm,VYG:Line:L1,Spikkestad-Oslo S-Lillestrøm,L1,rail,VYG:ServiceJourney:2206_443594-R,True,actual,False,,,,,2026-09-05T08:24:10.398942+02:00
NSR:StopPlace:58857,Lørenskog stasjon,2026-09-05T08:21:00+02:00,2026-09-05T08:21:27+02:00,2026-09-05T08:21:27+02:00,27.0,1,Spikkestad,VYG:Line:L1,Spikkestad-Oslo S-Lillestrøm,L1,rail,VYG:ServiceJourney:2215_443608-R,True,actual,False,,,,,2026-09-05T08:24:10.398942+02:00
NSR:StopPlace:58858,Nittedal stasjon,2026-09-05T07:41:00+02:00,2026-09-05T07:41:27+02:00,2026-09-05T07:41:27+02:00,27.0,1,Dam,RUT:Line:386,Nittedal stasjon - Kruttverket - Dam,386,bus,RUT:ServiceJourney:a504c7bb545607b31dc90e430eb52e26,True,actual,False,,,,,2026-09-05T08:24:10.398942+02:00
NSR:StopPlace:58861,Solbråtan stasjon,2026-09-05T08:11:00+02:00,2026-09-05T08:11:27+02:00,2026-09-05T08:11:27+02:00,27.0,1,Tårnåsen,RUT:Line:83,Jernbanetorget - Tårnåsen,83,bus,RUT:ServiceJourney:fc91275d3b6e537846a65163d7c29539,True,actual,False,Linje 80E og 83 får Hausmanns bru som ny endeholdeplass fra 29. juni,"Bussene stopper ikke på Jernbanetorget etter 29. juni, men starter og stopper på Hausmanns bru i Nylandsveien.",incident,normal,2026-09-05T08:24:10.398942+02:00
NSR:StopPlace:58870,Holmestrand stasjon,2026-09-05T07:38:00+02:00,2026-09-05T07:38:27+02:00,2026-09-05T07:38:27+02:00,27.0,1,Drammen,VYG:Line:RE11,Eidsvoll-Oslo S-Skien,RE11,rail,VYG:ServiceJourney:BUS-806_654225-R,True,actual,False,,,,,2026-09-05T08:24:10.398942+02:00
NSR:StopPlace:58803,Tomter stasjon,2026-09-05T07:24:00+02:00,2026-09-05T07:24:27+02:00,2026-09-05T07:24:27+02:00,27.0,1,Rakkestad,VYG:Line:R22,Skøyen-Oslo S-Mysen-Rakkestad,R22,rail,VYG:ServiceJourney:1905-LOD_452016-R,True,actual,False,,,,,2026-09-05T08:24:10.398942+02:00
NSR:StopPlace:58809,Koppang stasjon,2026-09-05T08:08:00+02:00,2026-09-05T08:08:27+02:00,2026-09-05T08:08:27+02:00,27.0,1,Rendalen - Tynset,INN:Line:180,Koppang - Rendalen - Tynset,180,bus,INN:ServiceJourney:54706,True,actual,False,,,,,2026-09-05T08:24:10.398942+02:00
NSR:StopPlace:58813,Skarnes stasjon,2026-09-05T07:54:00+02:00,2026-09-05T07:54:27+02:00,2026-09-05T07:54:27+02:00,27.0,1,Asker,VYG:Line:R14,Asker-Oslo S-Kongsvinger,R14,rail,VYG:ServiceJourney:1008_442913-R,True,actual,False,,,,,2026-09-05T08:24:10.398942+02:00
NSR:StopPlace:101,Sagdalen stasjon,2026-09-05T06:43:00+02:00,2026-09-05T06:43:27+02:00,2026-09-05T06:43:27+02:00,27.0,1,Spikkestad,VYG:Line:L1,Spikkestad-Oslo S-Lillestrøm,L1,rail,VYG:ServiceJourney:2209_443598-R,True,actual,False,,,,,2026-09-05T08:24:10.398942+02:00
NSR:StopPlace:610,Sandvika stasjon,2026-09-05T07:15:00+02:00,2026-09-05T07:15:27+02:00,2026-09-05T07:15:27+02:00,27.0,1,Lillehammer,VYG:Line:RE10,Drammen-Oslo S-Lillehammer,RE10,rail,VYG:ServiceJourney:307-SUD_444139-R,True,actual,False,,,,,2026-09-05T08:24:10.398942+02:00
NSR:StopPlace:610,Sandvika stasjon,2026-09-05T07:31:00+02:00,2026-09-05T07:31:27+02:00,2026-09-05T07:31:27+02:00,27.0,1,Spikkestad,VYG:Line:L1,Spikkestad-Oslo S-Lillestrøm,L1,rail,VYG:ServiceJourney:2209_443598-R,True,actual,False,,,,,2026-09-05T08:24:10.398942+02:00
NSR:StopPlace:610,Sandvika stasjon,2026-09-05T08:14:00+02:00,2026-09-05T08:14:27+02:00,2026-09-05T08:14:27+02:00,27.0,1,Asker,VYG:Line:R14,Asker-Oslo S-Kongsvinger,R14,rail,VYG:ServiceJourney:1006_442911-R,True,actual,False,,,,,2026-09-05T08:24:10.398942+02:00
NSR:StopPlace:59616,Asker stasjon,2026-09-05T03:08:00+02:00,2026-09-05T03:08:27+02:00,2026-09-05T03:08:27+02:00,27.0,1,Blakstad,RUT:Line:290,Asker - Blakstad,290,bus,RUT:ServiceJourney:c0a81dd1a1a811c12c7bafff90369d09,True,actual,False,,,,,2026-09-05T03:37:34.550234+02:00
NSR:StopPlace:61466,Vakås stasjon,2026-09-05T05:38:00+02:00,2026-09-05T05:38:26+02:00,2026-09-05T05:38:26+02:00,26.0,1,Lillestrøm,VYG:Line:L1,Spikkestad-Oslo S-Lillestrøm,L1,rail,VYG:ServiceJourney:2206_443594-R,True,actual,False,,,,,2026-09-05T08:24:10.398942+02:00
NSR:StopPlace:61466,Vakås stasjon,2026-09-05T07:38:00+02:00,2026-09-05T07:38:26+02:00,2026-09-05T07:38:26+02:00,26.0,1,Lillestrøm,VYG:Line:L1,Spikkestad-Oslo S-Lillestrøm,L1,rail,VYG:ServiceJourney:2214_443606-R,True,actual,False,,,,,2026-09-05T08:24:10.398942+02:00
NSR:StopPlace:61463,Nordstrand stasjon,2026-09-05T06:07:00+02:00,2026-09-05T06:07:26+02:00,2026-09-05T06:07:26+02:00,26.0,1,Stabekk,VYG:Line:L2,Stabekk-Oslo S-Ski,L2,rail,VYG:ServiceJourney:2708-SKI_443914-R,True,actual,False,,,,,2026-09-05T08:24:10.398942+02:00
NSR:StopPlace:59649,Nydalen stasjon,2026-09-05T06:03:00+02:00,2026-09-05T06:03:26+02:00,2026-09-05T06:03:26+02:00,26.0,1,,NBU:Line:cb7b555c-f96e-42d5-84bf-a5e08c0145c2,Radiumhospitalet via Økern-Storo-Tåsen,FB3,bus,NBU:ServiceJourney:7e8f1121-38e8-4f93-8f25-4ee6aec74728:610200354,True,actual,False,,,,,2026-09-05T08:24:10.398942+02:00
NSR:StopPlace:59650,Nyland stasjon,2026-09-05T08:21:00+02:00,2026-09-05T08:21:26+02:00,2026-09-05T08:21:26+02:00,26.0,1,Lillestrøm,VYG:Line:L1,Spikkestad-Oslo S-Lillestrøm,L1,rail,VYG:ServiceJourney:2214_443606-R,True,actual,False,,,,,2026-09-05T08:24:10.398942+02:00
NSR:StopPlace:59654,Stabekk stasjon,2026-09-05T07:00:00+02:00,2026-09-05T07:00:26+02:00,2026-09-05T07:00:26+02:00,26.0,1,Ski,VYG:Line:L2,Stabekk-Oslo S-Ski,L2,rail,VYG:ServiceJourney:2709-HVK_443915-R,True,actual,False,,,,,2026-09-05T08:24:10.398942+02:00
NSR:StopPlace:59244,Egersund stasjon,2026-09-05T07:41:00+02:00,2026-09-05T07:41:26+02:00,2026-09-05T07:41:26+02:00,26.0,1,Oslo S,GOA:Line:50,Sørtoget region,F5,rail,GOA:ServiceJourney:706-KVB_68388-R,True,actual,False,,,,,2026-09-05T08:24:10.398942+02:00
NSR:StopPlace:59616,Asker stasjon,2026-09-05T07:30:00+02:00,2026-09-05T07:30:26+02:00,2026-09-05T07:30:26+02:00,26.0,1,Kongsberg,VYG:Line:R12,Kongsberg-Oslo S-Eidsvoll,R12,rail,VYG:ServiceJourney:505_444297-R,True,actual,False,,,,,2026-09-05T08:24:10.398942+02:00
NSR:StopPlace:58845,Eidsvoll verk stasjon,2026-09-05T07:31:00+02:00,2026-09-05T07:31:26+02:00,2026-09-05T07:31:26+02:00,26.0,1,Jessheim,RUT:Line:430,Eidsvoll - Jessheim,430,bus,RUT:ServiceJourney:eb7358736f1db552814e0e98c67ffa9a,True,actual,False,,,,,2026-09-05T08:24:10.398942+02:00
NSR:StopPlace:58852,Høn stasjon,2026-09-05T07:43:00+02:00,2026-09-05T07:43:26+02:00,2026-09-05T07:43:26+02:00,26.0,1,Spikkestad,VYG:Line:L1,Spikkestad-Oslo S-Lillestrøm,L1,rail,VYG:ServiceJourney:2209_443598-R,True,actual,False,,,,,2026-09-05T08:24:10.398942+02:00
NSR:StopPlace:58857,Lørenskog stasjon,2026-09-05T06:13:00+02:00,2026-09-05T06:13:26+02:00,2026-09-05T06:13:26+02:00,26.0,1,Stovner,RUT:Line:120,Nesåsen - Stovner,120,bus,RUT:ServiceJourney:7d65aa90adae479ed26119b0a99d25d7,True,actual,False,,,,,2026-09-05T08:24:10.398942+02:00
NSR:StopPlace:58858,Nittedal stasjon,2026-09-05T08:11:00+02:00,2026-09-05T08:11:26+02:00,2026-09-05T08:11:26+02:00,26.0,1,Dam,RUT:Line:386,Nittedal stasjon - Kruttverket - Dam,386,bus,RUT:ServiceJourney:10ddf1187c60047c035bc2a319a07008,True,actual,False,,,,,2026-09-05T08:24:10.398942+02:00
NSR:StopPlace:58865,Vestby stasjon,2026-09-05T07:10:00+02:00,2026-09-05T07:10:26+02:00,2026-09-05T07:10:26+02:00,26.0,1,Stabekk,VYG:Line:R21,Stabekk-Oslo S-Moss,R21,rail,VYG:ServiceJourney:1112-MOS_442987-R,True,actual,False,,,,,2026-09-05T08:24:10.398942+02:00
NSR:StopPlace:58866,Vevelstad stasjon,2026-09-05T07:34:00+02:00,2026-09-05T07:34:26+02:00,2026-09-05T07:34:26+02:00,26.0,1,Drøbak - Seiersten,RUT:Line:510,Bøleråsen - Ski - Ås - Drøbak,510,bus,RUT:ServiceJourney:97de686329da633b53ec93412c303213,True,actual,False,,,,,2026-09-05T08:24:10.398942+02:00
NSR:StopPlace:58820,Harestua stasjon,2026-09-05T06:56:00+02:00,2026-09-05T06:56:26+02:00,2026-09-05T06:56:26+02:00,26.0,1,Oslo S,VYG:Line:R31,Skøyen-Jaren-Gjøvik,R31,rail,VYG:ServiceJourney:BUS-204_655089-R,True,actual,False,,,,,2026-09-05T08:24:10.398942+02:00
NSR:StopPlace:628,Darbu stasjon,2026-09-05T08:11:00+02:00,2026-09-05T08:11:26+02:00,2026-09-05T08:11:26+02:00,26.0,1,Kongsberg,VYG:Line:R12,Kongsberg-Oslo S-Eidsvoll,R12,rail,VYG:ServiceJourney:505_444297-R,True,actual,False,,,,,2026-09-05T08:24:10.398942+02:00
NSR:StopPlace:61291,Stavanger stasjon,2026-09-05T06:45:00+02:00,2026-09-05T06:45:25+02:00,2026-09-05T06:45:25+02:00,25.0,1,Egersund,GOA:Line:59,Jærbanen,L5,rail,GOA:ServiceJourney:3012_63044-R,True,actual,False,,,,,2026-09-05T08:24:10.398942+02:00
NSR:StopPlace:60640,Heimdal stasjon,2026-09-05T07:56:00+02:00,2026-09-05T07:56:25+02:00,2026-09-05T07:56:25+02:00,25.0,1,Lundåsen,ATB:Line:2_46,Torgård- Lundåsen,46,bus,ATB:ServiceJourney:46_251215112544122_6008,True,actual,False,,,,,2026-09-05T08:24:10.398942+02:00
NSR:StopPlace:60640,Heimdal stasjon,2026-09-05T07:59:00+02:00,2026-09-05T07:59:25+02:00,2026-09-05T07:59:25+02:00,25.0,1,Steinkjer,SJN:Line:26,Trønderbanen,R70,rail,SJN:ServiceJourney:427_56087-R,True,actual,False,,,,,2026-09-05T08:24:10.398942+02:00
NSR:StopPlace:60736,Spikkestad stasjon,2026-09-05T08:16:00+02:00,2026-09-05T08:16:25+02:00,2026-09-05T08:16:25+02:00,25.0,1,Lillestrøm,VYG:Line:L1,Spikkestad-Oslo S-Lillestrøm,L1,rail,VYG:ServiceJourney:2218_443612-R,True,actual,False,,,,,2026-09-05T08:24:10.398942+02:00
NSR:StopPlace:59952,Drammen stasjon,2026-09-05T07:22:00+02:00,2026-09-05T07:22:25+02:00,2026-09-05T07:22:25+02:00,25.0,1,Oslo Lufthavn,FLT:Line:FLY1,FLY1,FLY1,rail,FLT:ServiceJourney:1-2614-3721-20260905,True,actual,False,,,,,2026-09-05T08:24:10.398942+02:00
NSR:StopPlace:59977,Trondheim S,2026-09-05T06:31:00+02:00,2026-09-05T06:31:25+02:00,2026-09-05T06:31:25+02:00,25.0,1,Fortuna/Sæterb. via Strindheim,ATB:Line:2_10,Sæterbakken- Strindheim- Sentrum- Ratesvingen,10,bus,ATB:ServiceJourney:10_260311106204951_6001,True,actual,False,,,,,2026-09-05T08:24:10.398942+02:00
NSR:StopPlace:59636,Holmlia stasjon,2026-09-05T07:29:00+02:00,2026-09-05T07:29:25+02:00,2026-09-05T07:29:25+02:00,25.0,1,Ski,VYG:Line:L2,Stabekk-Oslo S-Ski,L2,rail,VYG:ServiceJourney:2709-HVK_443915-R,True,actual,False,,,,,2026-09-05T08:24:10.398942+02:00
NSR:StopPlace:59636,Holmlia stasjon,2026-09-05T07:34:00+02:00,2026-09-05T07:34:25+02:00,2026-09-05T07:34:25+02:00,25.0,1,Åsbråten,RUT:Line:79,Grorud T - Åsbråten,79,bus,RUT:ServiceJourney:6e0095866cec7e1969d495c8330e09dc,True,actual,False,,,,,2026-09-05T08:24:10.398942+02:00
NSR:StopPlace:59639,Sonsveien stasjon,2026-09-05T06:51:00+02:00,2026-09-05T06:51:25+02:00,2026-09-05T06:51:25+02:00,25.0,1,Moss,VYG:Line:R21,Stabekk-Oslo S-Moss,R21,rail,VYG:ServiceJourney:1105-HVK_442976-R,True,actual,False,,,,,2026-09-05T08:24:10.398942+02:00
NSR:StopPlace:58864,Sørumsand stasjon,2026-09-05T07:29:00+02:00,2026-09-05T07:29:25+02:00,2026-09-05T07:29:25+02:00,25.0,1,Asker,VYG:Line:R14,Asker-Oslo S-Kongsvinger,R14,rail,VYG:ServiceJourney:1006_442911-R,True,actual,False,,,,,2026-09-05T08:24:10.398942+02:00
NSR:StopPlace:58865,Vestby stasjon,2026-09-05T06:45:00+02:00,2026-09-05T06:45:25+02:00,2026-09-05T06:45:25+02:00,25.0,1,Moss,VYG:Line:R21,Stabekk-Oslo S-Moss,R21,rail,VYG:ServiceJourney:1105-HVK_442976-R,True,actual,False,,,,,2026-09-05T08:24:10.398942+02:00
NSR:StopPlace:58877,Bø stasjon,2026-09-05T05:11:00+02:00,2026-09-05T05:11:25+02:00,2026-09-05T05:11:25+02:00,25.0,1,Oslo S,GOA:Line:50,Sørtoget region,F5,rail,GOA:ServiceJourney:726-KVB_63257-R,True,actual,False,,,,,2026-09-05T08:24:10.398942+02:00
NSR:StopPlace:58816,Dombås stasjon,2026-09-05T05:23:00+02:00,2026-09-05T05:23:25+02:00,2026-09-05T05:23:25+02:00,25.0,1,Drammen,VYG:Line:RE10,Drammen-Oslo S-Lillehammer,RE10,rail,VYG:ServiceJourney:358-DOM_621902-R,True,actual,False,,,,,2026-09-05T08:24:10.398942+02:00
NSR:StopPlace:610,Sandvika stasjon,2026-09-05T07:25:00+02:00,2026-09-05T07:25:25+02:00,2026-09-05T07:25:25+02:00,25.0,1,Dal,VYG:Line:R13,Drammen-Oslo S-Dal,R13,rail,VYG:ServiceJourney:1611_443232-R,True,actual,False,,,,,2026-09-05T08:24:10.398942+02:00
NSR:StopPlace:62308,Alna stasjon,2026-09-05T07:18:00+02:00,2026-09-05T07:18:25+02:00,2026-09-05T07:18:25+02:00,25.0,1,Lillestrøm,VYG:Line:L1,Spikkestad-Oslo S-Lillestrøm,L1,rail,VYG:ServiceJourney:2210_443600-R,True,actual,False,,,,,2026-09-05T08:24:10.398942+02:00
NSR:StopPlace:62310,Brusand stasjon,2026-09-05T07:47:00+02:00,2026-09-05T07:47:25+02:00,2026-09-05T07:47:25+02:00,25.0,1,Egersund,GOA:Line:59,Jærbanen,L5,rail,GOA:ServiceJourney:3012_63044-R,True,actual,False,,,,,2026-09-05T08:24:10.398942+02:00
NSR:StopPlace:59649,Nydalen stasjon,2026-09-05T06:33:00+02:00,2026-09-05T06:33:24+02:00,2026-09-05T06:33:24+02:00,24.0,1,Oslo lufthavn,NBU:Line:cb7b555c-f96e-42d5-84bf-a5e08c0145c2,Radiumhospitalet via Økern-Storo-Tåsen,FB3,bus,NBU:ServiceJourney:9d7c5d7e-fd86-44cd-8efe-6d4c69eeceeb,True,actual,False,,,,,2026-09-05T08:24:10.398942+02:00
NSR:StopPlace:59952,Drammen stasjon,2026-09-05T06:57:00+02:00,2026-09-05T06:57:24+02:00,2026-09-05T06:57:24+02:00,24.0,1,Lillehammer,VYG:Line:RE10,Drammen-Oslo S-Lillehammer,RE10,rail,VYG:ServiceJourney:307-SUD_444139-R,True,actual,False,,,,,2026-09-05T08:24:10.398942+02:00
NSR:StopPlace:60944,Ski stasjon,2026-09-05T07:21:00+02:00,2026-09-05T07:21:24+02:00,2026-09-05T07:21:24+02:00,24.0,1,Kolbotn torg,RUT:Line:580,Kolbotn - Ski,580,bus,RUT:ServiceJourney:fd5aacf441ceabeca2e52e5e02821d99,True,actual,False,,,,,2026-09-05T08:24:10.398942+02:00
NSR:StopPlace:60944,Ski stasjon,2026-09-05T07:22:00+02:00,2026-09-05T07:22:24+02:00,2026-09-05T07:22:24+02:00,24.0,1,Stabekk,VYG:Line:R21,Stabekk-Oslo S-Moss,R21,rail,VYG:ServiceJourney:1112-MOS_442987-R,True,actual,False,,,,,2026-09-05T08:24:10.398942+02:00
NSR:StopPlace:60944,Ski stasjon,2026-09-05T07:32:00+02:00,2026-09-05T07:32:24+02:00,2026-09-05T07:32:24+02:00,24.0,1,Oslo bussterminal,RUT:Line:515,Ski - Oslo,515,bus,RUT:ServiceJourney:efdae343f970c265b6eb98251e543e52,True,actual,False,,,,,2026-09-05T08:24:10.398942+02:00
NSR:StopPlace:59977,Trondheim S,2026-09-05T06:48:00+02:00,2026-09-05T06:48:24+02:00,2026-09-05T06:48:24+02:00,24.0,1,Pirbadet,ATB:Line:2_23,Brattøra - St. Olavs - Hallset - Flatåsen - Sandmoen,23,bus,ATB:ServiceJourney:23_251215112545605_6001,True,actual,False,,,,,2026-09-05T08:24:10.398942+02:00
NSR:StopPlace:59635,Hauketo stasjon,2026-09-05T07:35:00+02:00,2026-09-05T07:35:24+02:00,2026-09-05T07:35:24+02:00,24.0,1,Bjørndal,RUT:Line:77,Holmlia stasjon - Bjørndal,77,bus,RUT:ServiceJourney:6f62d4fca519042a23ad069d301d2916,True,actual,False,,,,,2026-09-05T08:24:10.398942+02:00
NSR:StopPlace:59638,Myrvoll stasjon,2026-09-05T05:51:00+02:00,2026-09-05T05:51:24+02:00,2026-09-05T05:51:24+02:00,24.0,1,Stabekk,VYG:Line:L2,Stabekk-Oslo S-Ski,L2,rail,VYG:ServiceJourney:2708-SKI_443914-R,True,actual,False,,,,,2026-09-05T08:24:10.398942+02:00
NSR:StopPlace:59638,Myrvoll stasjon,2026-09-05T08:21:00+02:00,2026-09-05T08:21:24+02:00,2026-09-05T08:21:24+02:00,24.0,1,Stabekk,VYG:Line:L2,Stabekk-Oslo S-Ski,L2,rail,VYG:ServiceJourney:2718-SKI_443924-R,True,actual,False,,,,,2026-09-05T08:24:10.398942+02:00
NSR:StopPlace:59639,Sonsveien stasjon,2026-09-05T06:04:00+02:00,2026-09-05T06:04:24+02:00,2026-09-05T06:04:24+02:00,24.0,1,Stabekk,VYG:Line:R21,Stabekk-Oslo S-Moss,R21,rail,VYG:ServiceJourney:1108-MOS_442979-R,True,actual,False,,,,,2026-09-05T08:24:10.398942+02:00
NSR:StopPlace:58404,Nationaltheatret,2026-09-05T06:23:00+02:00,2026-09-05T06:23:24+02:00,2026-09-05T06:23:24+02:00,24.0,1,Lilleaker,RUT:Line:13,Bekkestua - Ljabru,13,tram,RUT:ServiceJourney:79b43d3c617e722c52dbc0e42eeeacd0,True,actual,False,Linje 13: Buss for trikk direkte mellom Thune og Furulund - Lilleaker ,Vi kjører buss for trikk (linje 13B) direkte mellom Thune og Furulund - Lilleaker. Bussen stopper ikke på Sollerud. 13B betjener Thune fra midlertidig holdeplass i Drammensveien,incident,normal,2026-09-05T08:24:10.398942+02:00
NSR:StopPlace:58839,Steinberg stasjon,2026-09-05T07:56:00+02:00,2026-09-05T07:56:24+02:00,2026-09-05T07:56:24+02:00,24.0,1,Kongsberg,VYG:Line:R12,Kongsberg-Oslo S-Eidsvoll,R12,rail,VYG:ServiceJourney:505_444297-R,True,actual,False,,,,,2026-09-05T08:24:10.398942+02:00
NSR:StopPlace:58856,Lysaker stasjon,2026-09-05T06:06:00+02:00,2026-09-05T06:06:24+02:00,2026-09-05T06:06:24+02:00,24.0,1,Oslo Lufthavn,FLT:Line:FLY1,FLY1,FLY1,rail,FLT:ServiceJourney:1-2614-3711-20260905,True,actual,False,,,,,2026-09-05T08:24:10.398942+02:00
NSR:StopPlace:58858,Nittedal stasjon,2026-09-05T06:16:00+02:00,2026-09-05T06:16:24+02:00,2026-09-05T06:16:24+02:00,24.0,1,Oslo S,VYG:Line:R31,Skøyen-Jaren-Gjøvik,R31,rail,VYG:ServiceJourney:BUS-202_655079-R,True,actual,False,,,,,2026-09-05T08:24:10.398942+02:00
NSR:StopPlace:58851,Heggedal stasjon,2026-09-05T06:55:00+02:00,2026-09-05T06:55:24+02:00,2026-09-05T06:55:24+02:00,24.0,1,Spikkestad,VYG:Line:L1,Spikkestad-Oslo S-Lillestrøm,L1,rail,VYG:ServiceJourney:2205_481233-R,True,actual,False,,,,,2026-09-05T08:24:10.398942+02:00
NSR:StopPlace:58865,Vestby stasjon,2026-09-05T06:40:00+02:00,2026-09-05T06:40:24+02:00,2026-09-05T06:40:24+02:00,24.0,1,Stabekk,VYG:Line:R21,Stabekk-Oslo S-Moss,R21,rail,VYG:ServiceJourney:1110-MOS_442985-R,True,actual,False,,,,,2026-09-05T08:24:10.398942+02:00
NSR:StopPlace:58865,Vestby stasjon,2026-09-05T08:15:00+02:00,2026-09-05T08:15:24+02:00,2026-09-05T08:15:24+02:00,24.0,1,Moss,VYG:Line:R21,Stabekk-Oslo S-Moss,R21,rail,VYG:ServiceJourney:1111-HVK_442986-R,True,actual,False,,,,,2026-09-05T08:24:10.398942+02:00
NSR:StopPlace:58861,Solbråtan stasjon,2026-09-05T06:53:00+02:00,2026-09-05T06:53:24+02:00,2026-09-05T06:53:24+02:00,24.0,1,Stabekk,VYG:Line:L2,Stabekk-Oslo S-Ski,L2,rail,VYG:ServiceJourney:2712-SKI_443918-R,True,actual,False,,,,,2026-09-05T08:24:10.398942+02:00
NSR:StopPlace:58862,Strømmen stasjon,2026-09-05T06:15:00+02:00,2026-09-05T06:15:24+02:00,2026-09-05T06:15:24+02:00,24.0,1,Spikkestad,VYG:Line:L1,Spikkestad-Oslo S-Lillestrøm,L1,rail,VYG:ServiceJourney:2207_443595-R,True,actual,False,,,,,2026-09-05T08:24:10.398942+02:00
NSR:StopPlace:58871,Sande stasjon,2026-09-05T07:56:00+02:00,2026-09-05T07:56:24+02:00,2026-09-05T07:56:24+02:00,24.0,1,Drammen,VYG:Line:RE11,Eidsvoll-Oslo S-Skien,RE11,rail,VYG:ServiceJourney:BUS-806_654224-R,True,actual,False,,,,,2026-09-05T08:24:10.398942+02:00
NSR:StopPlace:101,Sagdalen stasjon,2026-09-05T06:13:00+02:00,2026-09-05T06:13:24+02:00,2026-09-05T06:13:24+02:00,24.0,1,Spikkestad,VYG:Line:L1,Spikkestad-Oslo S-Lillestrøm,L1,rail,VYG:ServiceJourney:2207_443595-R,True,actual,False,,,,,2026-09-05T08:24:10.398942+02:00
NSR:StopPlace:610,Sandvika stasjon,2026-09-05T07:55:00+02:00,2026-09-05T07:55:24+02:00,2026-09-05T07:55:24+02:00,24.0,1,Dal,VYG:Line:R13,Drammen-Oslo S-Dal,R13,rail,VYG:ServiceJourney:1613_443238-R,True,actual,False,,,,,2026-09-05T08:24:10.398942+02:00
NSR:StopPlace:62310,Brusand stasjon,2026-09-05T06:36:00+02:00,2026-09-05T06:36:24+02:00,2026-09-05T06:36:24+02:00,24.0,1,Stavanger,GOA:Line:59,Jærbanen,L5,rail,GOA:ServiceJourney:3007_63039-R,True,actual,False,,,,,2026-09-05T08:24:10.398942+02:00
NSR:StopPlace:62339,Lillestrøm stasjon,2026-09-05T08:13:00+02:00,2026-09-05T08:13:24+02:00,2026-09-05T08:13:24+02:00,24.0,1,Trondheim S,SJN:Line:21,Dovrebanen,F6,rail,SJN:ServiceJourney:43-LOD_47893-R,True,actual,False,Heis i spor 1 og 2 er ute av bruk på grunn av vedlikehold.,Heis i spor 1 og 2 er ute av bruk på grunn av vedlikehold.,general,normal,2026-09-05T08:24:10.398942+02:00
NSR:StopPlace:62393,Billingstad stasjon,2026-09-05T07:43:00+02:00,2026-09-05T07:43:24+02:00,2026-09-05T07:43:24+02:00,24.0,1,Lillestrøm,VYG:Line:L1,Spikkestad-Oslo S-Lillestrøm,L1,rail,VYG:ServiceJourney:2214_443606-R,True,actual,False,,,,,2026-09-05T08:24:10.398942+02:00
NSR:StopPlace:59620,Grorud stasjon,2026-09-05T02:48:00+02:00,2026-09-05T02:48:24+02:00,2026-09-05T02:48:24+02:00,24.0,1,Vestli,RUT:Line:3905,Jernbanetorget - Vestli T,5N,bus,RUT:ServiceJourney:a6164f4c49a7b0090d8f0f4aa5e0226d,True,actual,False,,,,,2026-09-05T03:37:34.550234+02:00
NSR:StopPlace:61464,Hvalstad stasjon,2026-09-05T07:39:00+02:00,2026-09-05T07:39:23+02:00,2026-09-05T07:39:23+02:00,23.0,1,Spikkestad,VYG:Line:L1,Spikkestad-Oslo S-Lillestrøm,L1,rail,VYG:ServiceJourney:2209_443598-R,True,actual,False,,,,,2026-09-05T08:24:10.398942+02:00
NSR:StopPlace:61315,Nerdrum stasjon,2026-09-05T07:38:00+02:00,2026-09-05T07:38:23+02:00,2026-09-05T07:38:23+02:00,23.0,1,Asker,VYG:Line:R14,Asker-Oslo S-Kongsvinger,R14,rail,VYG:ServiceJourney:1006_442911-R,True,actual,False,,,,,2026-09-05T08:24:10.398942+02:00
NSR:StopPlace:59872,Oslo S,2026-09-05T07:14:00+02:00,2026-09-05T07:14:23+02:00,2026-09-05T07:14:23+02:00,23.0,1,Halden,VYG:Line:RE20,Oslo S-Halden-Göteborg (X-Border),RE20,rail,VYG:ServiceJourney:105_481133-R,True,actual,False,,,,,2026-09-05T08:24:10.398942+02:00
NSR:StopPlace:59651,Skøyen stasjon,2026-09-05T06:17:00+02:00,2026-09-05T06:17:23+02:00,2026-09-05T06:17:23+02:00,23.0,1,Spikkestad,VYG:Line:L1,Spikkestad-Oslo S-Lillestrøm,L1,rail,VYG:ServiceJourney:2205_481233-R,True,actual,False,,,,,2026-09-05T08:24:10.398942+02:00
NSR:StopPlace:59651,Skøyen stasjon,2026-09-05T06:53:00+02:00,2026-09-05T06:53:23+02:00,2026-09-05T06:53:23+02:00,23.0,1,Stabekk,VYG:Line:L2,Stabekk-Oslo S-Ski,L2,rail,VYG:ServiceJourney:2710-SKI_443916-R,True,actual,False,,,,,2026-09-05T08:24:10.398942+02:00
NSR:StopPlace:60944,Ski stasjon,2026-09-05T07:09:00+02:00,2026-09-05T07:09:23+02:00,2026-09-05T07:09:23+02:00,23.0,1,Rakkestad,VYG:Line:R22,Skøyen-Oslo S-Mysen-Rakkestad,R22,rail,VYG:ServiceJourney:1905-LOD_452016-R,True,actual,False,,,,,2026-09-05T08:24:10.398942+02:00
NSR:StopPlace:60944,Ski stasjon,2026-09-05T08:22:00+02:00,2026-09-05T08:22:23+02:00,2026-09-05T08:22:23+02:00,23.0,1,Stabekk,VYG:Line:R21,Stabekk-Oslo S-Moss,R21,rail,VYG:ServiceJourney:1116-MOS_442991-R,True,actual,False,,,,,2026-09-05T08:24:10.398942+02:00
NSR:StopPlace:60053,Halden stasjon,2026-09-05T06:02:00+02:00,2026-09-05T06:02:23+02:00,2026-09-05T06:02:23+02:00,23.0,1,Oslo S,VYG:Line:RE20,Oslo S-Halden-Göteborg (X-Border),RE20,rail,VYG:ServiceJourney:106_442959-R,True,actual,False,,,,,2026-09-05T08:24:10.398942+02:00
NSR:StopPlace:59616,Asker stasjon,2026-09-05T07:34:00+02:00,2026-09-05T07:34:23+02:00,2026-09-05T07:34:23+02:00,23.0,1,Lillestrøm,VYG:Line:L1,Spikkestad-Oslo S-Lillestrøm,L1,rail,VYG:ServiceJourney:2214_443606-R,True,actual,False,,,,,2026-09-05T08:24:10.398942+02:00
NSR:StopPlace:59636,Holmlia stasjon,2026-09-05T07:27:00+02:00,2026-09-05T07:27:23+02:00,2026-09-05T07:27:23+02:00,23.0,1,Bjørndal,RUT:Line:77,Holmlia stasjon - Bjørndal,77,bus,RUT:ServiceJourney:6f62d4fca519042a23ad069d301d2916,True,actual,False,,,,,2026-09-05T08:24:10.398942+02:00
NSR:StopPlace:58843,Blommenholm stasjon,2026-09-05T08:20:00+02:00,2026-09-05T08:20:23+02:00,2026-09-05T08:20:23+02:00,23.0,1,Lillestrøm,VYG:Line:L1,Spikkestad-Oslo S-Lillestrøm,L1,rail,VYG:ServiceJourney:2216_443609-R,True,actual,False,,,,,2026-09-05T08:24:10.398942+02:00
NSR:StopPlace:58846,Fetsund stasjon,2026-09-05T07:36:00+02:00,2026-09-05T07:36:23+02:00,2026-09-05T07:36:23+02:00,23.0,1,Asker,VYG:Line:R14,Asker-Oslo S-Kongsvinger,R14,rail,VYG:ServiceJourney:1006_442911-R,True,actual,False,,,,,2026-09-05T08:24:10.398942+02:00
NSR:StopPlace:58851,Heggedal stasjon,2026-09-05T05:24:00+02:00,2026-09-05T05:24:23+02:00,2026-09-05T05:24:23+02:00,23.0,1,Lillestrøm,VYG:Line:L1,Spikkestad-Oslo S-Lillestrøm,L1,rail,VYG:ServiceJourney:2206_443594-R,True,actual,False,,,,,2026-09-05T08:24:10.398942+02:00
NSR:StopPlace:58869,Ås stasjon,2026-09-05T08:10:00+02:00,2026-09-05T08:10:23+02:00,2026-09-05T08:10:23+02:00,23.0,1,Moss,VYG:Line:R21,Stabekk-Oslo S-Moss,R21,rail,VYG:ServiceJourney:1111-HVK_442986-R,True,actual,False,,,,,2026-09-05T08:24:10.398942+02:00
NSR:StopPlace:58800,Råde stasjon,2026-09-05T06:49:00+02:00,2026-09-05T06:49:23+02:00,2026-09-05T06:49:23+02:00,23.0,1,Oslo S,VYG:Line:RE20,Oslo S-Halden-Göteborg (X-Border),RE20,rail,VYG:ServiceJourney:106_442959-R,True,actual,False,,,,,2026-09-05T08:24:10.398942+02:00
NSR:StopPlace:58801,Sarpsborg stasjon,2026-09-05T07:27:00+02:00,2026-09-05T07:27:23+02:00,2026-09-05T07:27:23+02:00,23.0,1,Oslo S,VYG:Line:RE20,Oslo S-Halden-Göteborg (X-Border),RE20,rail,VYG:ServiceJourney:108_442966-R,True,actual,False,,,,,2026-09-05T08:24:10.398942+02:00
NSR:StopPlace:58211,Oslo lufthavn,2026-09-05T07:13:00+02:00,2026-09-05T07:13:23+02:00,2026-09-05T07:13:23+02:00,23.0,1,Skien,VYG:Line:RE11,Eidsvoll-Oslo S-Skien,RE11,rail,VYG:ServiceJourney:807-EVL_652708-R,True,actual,False,,,,,2026-09-05T08:24:10.398942+02:00
NSR:StopPlace:62308,Alna stasjon,2026-09-05T08:18:00+02:00,2026-09-05T08:18:23+02:00,2026-09-05T08:18:23+02:00,23.0,1,Lillestrøm,VYG:Line:L1,Spikkestad-Oslo S-Lillestrøm,L1,rail,VYG:ServiceJourney:2214_443606-R,True,actual,False,,,,,2026-09-05T08:24:10.398942+02:00
NSR:StopPlace:61291,Stavanger stasjon,2026-09-05T06:32:00+02:00,2026-09-05T06:32:22+02:00,2026-09-05T06:32:22+02:00,22.0,1,Oslo S,GOA:Line:50,Sørtoget region,F5,rail,GOA:ServiceJourney:706-KVB_68388-R,True,actual,False,,,,,2026-09-05T08:24:10.398942+02:00
NSR:StopPlace:61169,Marienborg stasjon,2026-09-05T06:57:00+02:00,2026-09-05T06:57:22+02:00,2026-09-05T06:57:22+02:00,22.0,1,Pirbadet via St. Olavs hospital,ATB:Line:2_23,Brattøra - St. Olavs - Hallset - Flatåsen - Sandmoen,23,bus,ATB:ServiceJourney:23_251215112545606_6003,True,actual,False,,,,,2026-09-05T08:24:10.398942+02:00
NSR:StopPlace:61466,Vakås stasjon,2026-09-05T07:08:00+02:00,2026-09-05T07:08:22+02:00,2026-09-05T07:08:22+02:00,22.0,1,Lillestrøm,VYG:Line:L1,Spikkestad-Oslo S-Lillestrøm,L1,rail,VYG:ServiceJourney:2212_443603-R,True,actual,False,,,,,2026-09-05T08:24:10.398942+02:00
NSR:StopPlace:61315,Nerdrum stasjon,2026-09-05T06:38:00+02:00,2026-09-05T06:38:22+02:00,2026-09-05T06:38:22+02:00,22.0,1,Asker,VYG:Line:R14,Asker-Oslo S-Kongsvinger,R14,rail,VYG:ServiceJourney:1004_442909-R,True,actual,False,,,,,2026-09-05T08:24:10.398942+02:00
NSR:StopPlace:61872,Nærbø stasjon,2026-09-05T06:50:00+02:00,2026-09-05T06:50:22+02:00,2026-09-05T06:50:22+02:00,22.0,1,Stavanger,GOA:Line:59,Jærbanen,L5,rail,GOA:ServiceJourney:3007_63039-R,True,actual,False,,,,,2026-09-05T08:24:10.398942+02:00
NSR:StopPlace:60640,Heimdal stasjon,2026-09-05T06:56:00+02:00,2026-09-05T06:56:22+02:00,2026-09-05T06:56:22+02:00,22.0,1,Steinkjer,SJN:Line:26,Trønderbanen,R70,rail,SJN:ServiceJourney:425_56054-R,True,actual,False,,,,,2026-09-05T08:24:10.398942+02:00
NSR:StopPlace:59651,Skøyen stasjon,2026-09-05T06:54:00+02:00,2026-09-05T06:54:22+02:00,2026-09-05T06:54:22+02:00,22.0,1,Kongsvinger,VYG:Line:R14,Asker-Oslo S-Kongsvinger,R14,rail,VYG:ServiceJourney:1005_442910-R,True,actual,False,,,,,2026-09-05T08:24:10.398942+02:00
NSR:StopPlace:59654,Stabekk stasjon,2026-09-05T06:52:00+02:00,2026-09-05T06:52:22+02:00,2026-09-05T06:52:22+02:00,22.0,1,Nationaltheatret,RUT:Line:150,Gullhaug - Nationaltheatret,150,bus,RUT:ServiceJourney:fc2c65c236ef8a0fa5e5e526b738a0fa,True,actual,False,,,,,2026-09-05T08:24:10.398942+02:00
NSR:StopPlace:60944,Ski stasjon,2026-09-05T06:46:00+02:00,2026-09-05T06:46:22+02:00,2026-09-05T06:46:22+02:00,22.0,1,Hebekk / Finstad,RUT:Line:525,Kråkstad - Ski - Kråkstad,525,bus,RUT:ServiceJourney:9ea1685a7baa68a5dc35c036abf9c04b,True,actual,False,,,,,2026-09-05T08:24:10.398942+02:00
NSR:StopPlace:60047,Melhus skysstasjon,2026-09-05T07:23:00+02:00,2026-09-05T07:23:22+02:00,2026-09-05T07:23:22+02:00,22.0,1,Brekkåsen,ATB:Line:2_82,Hesttrøa-Brekkåsen,82,bus,ATB:ServiceJourney:82_251215112550775_6005,True,actual,False,Linje 82 og 504,Avvikende kjøring for linje 82 og 504 pga Hølondvegen er stengt. ,general,normal,2026-09-05T08:24:10.398942+02:00
NSR:StopPlace:60053,Halden stasjon,2026-09-05T07:06:00+02:00,2026-09-05T07:06:22+02:00,2026-09-05T07:06:22+02:00,22.0,1,Oslo S,VYG:Line:RE20,Oslo S-Halden-Göteborg (X-Border),RE20,rail,VYG:ServiceJourney:108_442966-R,True,actual,False,,,,,2026-09-05T08:24:10.398942+02:00
NSR:StopPlace:59616,Asker stasjon,2026-09-05T07:34:00+02:00,2026-09-05T07:34:22+02:00,2026-09-05T07:34:22+02:00,22.0,1,Oslo Lufthavn,FLT:Line:FLY1,FLY1,FLY1,rail,FLT:ServiceJourney:1-2614-3721-20260905,True,actual,False,,,,,2026-09-05T08:24:10.398942+02:00
NSR:StopPlace:59639,Sonsveien stasjon,2026-09-05T07:04:00+02:00,2026-09-05T07:04:22+02:00,2026-09-05T07:04:22+02:00,22.0,1,Stabekk,VYG:Line:R21,Stabekk-Oslo S-Moss,R21,rail,VYG:ServiceJourney:1112-MOS_442987-R,True,actual,False,,,,,2026-09-05T08:24:10.398942+02:00
NSR:StopPlace:58404,Nationaltheatret,2026-09-05T06:14:00+02:00,2026-09-05T06:14:22+02:00,2026-09-05T06:14:22+02:00,22.0,1,Vestli,RUT:Line:5,Sognsvann - Vestli,5,metro,RUT:ServiceJourney:3b47402913894705a2ff698ca42f89a9,True,actual,False,Buss for t-bane (4B) mellom Nydalen og Økern,Linje 4 kjører kun mellom Bergkrystallen og Stortinget. Benytt linje 5 for reiser mellom Stortinget og Nydalen via Ullevål stadion. Se reiseplanlegger for detaljer rundt din reise.,incident,normal,2026-09-05T08:24:10.398942+02:00
NSR:StopPlace:58963,Jessheim stasjon,2026-09-05T07:58:00+02:00,2026-09-05T07:58:22+02:00,2026-09-05T07:58:22+02:00,22.0,1,Fenstad,RUT:Line:440,Fenstad/Nordkisa - Oslo lufthavn,440,bus,RUT:ServiceJourney:4d8b3b438ac587b93dcff1fae86c83f1,True,actual,False,,,,,2026-09-05T08:24:10.398942+02:00
NSR:StopPlace:58963,Jessheim stasjon,2026-09-05T08:01:00+02:00,2026-09-05T08:01:22+02:00,2026-09-05T08:01:22+02:00,22.0,1,Oslo lufthavn,RUT:Line:440,Fenstad/Nordkisa - Oslo lufthavn,440,bus,RUT:ServiceJourney:ff8a4c68729cf2509fcde8cf9ad2ce05,True,actual,False,,,,,2026-09-05T08:24:10.398942+02:00
NSR:StopPlace:58947,Steinkjer stasjon,2026-09-05T07:34:00+02:00,2026-09-05T07:34:22+02:00,2026-09-05T07:34:22+02:00,22.0,1,Lundamo,SJN:Line:26,Trønderbanen,R70,rail,SJN:ServiceJourney:426_56055-R,True,actual,False,,,,,2026-09-05T08:24:10.398942+02:00
NSR:StopPlace:58795,Kambo stasjon,2026-09-05T07:00:00+02:00,2026-09-05T07:00:22+02:00,2026-09-05T07:00:22+02:00,22.0,1,Stabekk,VYG:Line:R21,Stabekk-Oslo S-Moss,R21,rail,VYG:ServiceJourney:1112-MOS_442987-R,True,actual,False,,,,,2026-09-05T08:24:10.398942+02:00
NSR:StopPlace:58796,Moss stasjon,2026-09-05T08:08:00+02:00,2026-09-05T08:08:22+02:00,2026-09-05T08:08:22+02:00,22.0,1,Oslo S,VYG:Line:RE20,Oslo S-Halden-Göteborg (X-Border),RE20,rail,VYG:ServiceJourney:108_442966-R,True,actual,False,,,,,2026-09-05T08:24:10.398942+02:00
NSR:StopPlace:58836,Mjøndalen stasjon,2026-09-05T06:05:00+02:00,2026-09-05T06:05:22+02:00,2026-09-05T06:05:22+02:00,22.0,1,Eidsvoll,VYG:Line:R12,Kongsberg-Oslo S-Eidsvoll,R12,rail,VYG:ServiceJourney:504_444295-R,True,actual,False,,,,,2026-09-05T08:24:10.398942+02:00
NSR:StopPlace:58845,Eidsvoll verk stasjon,2026-09-05T07:55:00+02:00,2026-09-05T07:55:22+02:00,2026-09-05T07:55:22+02:00,22.0,1,Eidsvoll,VYG:Line:RE11,Eidsvoll-Oslo S-Skien,RE11,rail,VYG:ServiceJourney:804-DRM_652700-R,True,actual,False,,,,,2026-09-05T08:24:10.398942+02:00
NSR:StopPlace:58823,Jaren stasjon,2026-09-05T07:10:00+02:00,2026-09-05T07:10:22+02:00,2026-09-05T07:10:22+02:00,22.0,1,Roa,VYG:Line:R31,Skøyen-Jaren-Gjøvik,R31,rail,VYG:ServiceJourney:BUS-206_655106-R,True,actual,False,,,,,2026-09-05T08:24:10.398942+02:00
NSR:StopPlace:58211,Oslo lufthavn,2026-09-05T07:03:00+02:00,2026-09-05T07:03:22+02:00,2026-09-05T07:03:22+02:00,22.0,1,Drammen,VYG:Line:RE10,Drammen-Oslo S-Lillehammer,RE10,rail,VYG:ServiceJourney:304-HHS_487829-R,True,actual,False,,,,,2026-09-05T08:24:10.398942+02:00
NSR:StopPlace:144,Skansen stasjon,2026-09-05T07:07:00+02:00,2026-09-05T07:07:22+02:00,2026-09-05T07:07:22+02:00,22.0,1,Steinkjer,SJN:Line:26,Trønderbanen,R70,rail,SJN:ServiceJourney:425_56054-R,True,actual,False,,,,,2026-09-05T08:24:10.398942+02:00
NSR:StopPlace:62339,Lillestrøm stasjon,2026-09-05T08:05:00+02:00,2026-09-05T08:05:22+02:00,2026-09-05T08:05:22+02:00,22.0,1,Eidsvoll,VYG:Line:R12,Kongsberg-Oslo S-Eidsvoll,R12,rail,VYG:ServiceJourney:506_444299-R,True,actual,False,Heis i spor 1 og 2 er ute av bruk på grunn av vedlikehold.,Heis i spor 1 og 2 er ute av bruk på grunn av vedlikehold.,general,normal,2026-09-05T08:24:10.398942+02:00
NSR:StopPlace:62393,Billingstad stasjon,2026-09-05T07:36:00+02:00,2026-09-05T07:36:22+02:00,2026-09-05T07:36:22+02:00,22.0,1,Spikkestad,VYG:Line:L1,Spikkestad-Oslo S-Lillestrøm,L1,rail,VYG:ServiceJourney:2209_443598-R,True,actual,False,,,,,2026-09-05T08:24:10.398942+02:00
NSR:StopPlace:59654,Stabekk stasjon,2026-09-05T02:22:00+02:00,2026-09-05T02:22:22+02:00,2026-09-05T02:22:22+02:00,22.0,1,Nationaltheatret,RUT:Line:150,Gullhaug - Nationaltheatret,150,bus,RUT:ServiceJourney:7fb421c6c36950d27cd643536a139463,True,actual,False,,,,,2026-09-05T03:37:34.550234+02:00
NSR:StopPlace:59620,Grorud stasjon,2026-09-05T02:18:00+02:00,2026-09-05T02:18:22+02:00,2026-09-05T02:18:22+02:00,22.0,1,Vestli,RUT:Line:3905,Jernbanetorget - Vestli T,5N,bus,RUT:ServiceJourney:18d6c5c5e1eca222728c9803b700ed89,True,actual,False,,,,,2026-09-05T03:37:34.550234+02:00
NSR:StopPlace:61169,Marienborg stasjon,2026-09-05T07:17:00+02:00,2026-09-05T07:17:21+02:00,2026-09-05T07:17:21+02:00,21.0,1,Pirbadet via St. Olavs hospital,ATB:Line:2_23,Brattøra - St. Olavs - Hallset - Flatåsen - Sandmoen,23,bus,ATB:ServiceJourney:23_251215112545607_6005,True,actual,False,,,,,2026-09-05T08:24:10.398942+02:00
NSR:StopPlace:61464,Hvalstad stasjon,2026-09-05T07:10:00+02:00,2026-09-05T07:10:21+02:00,2026-09-05T07:10:21+02:00,21.0,1,Lillestrøm,VYG:Line:L1,Spikkestad-Oslo S-Lillestrøm,L1,rail,VYG:ServiceJourney:2212_443603-R,True,actual,False,,,,,2026-09-05T08:24:10.398942+02:00
NSR:StopPlace:61314,Hovin stasjon,2026-09-05T07:19:00+02:00,2026-09-05T07:19:21+02:00,2026-09-05T07:19:21+02:00,21.0,1,Steinkjer,SJN:Line:26,Trønderbanen,R70,rail,SJN:ServiceJourney:427_56087-R,True,actual,False,,,,,2026-09-05T08:24:10.398942+02:00
NSR:StopPlace:33,Ranheim stasjon,2026-09-05T07:27:00+02:00,2026-09-05T07:27:21+02:00,2026-09-05T07:27:21+02:00,21.0,1,Steinkjer,SJN:Line:26,Trønderbanen,R70,rail,SJN:ServiceJourney:425_56054-R,True,actual,False,,,,,2026-09-05T08:24:10.398942+02:00
NSR:StopPlace:59649,Nydalen stasjon,2026-09-05T06:46:00+02:00,2026-09-05T06:46:21+02:00,2026-09-05T06:46:21+02:00,21.0,1,Simensbråten,RUT:Line:23,Lysaker - Simensbråten,23,bus,RUT:ServiceJourney:2bad7acbd59923bf7a81543f594423ae,True,actual,False,,,,,2026-09-05T08:24:10.398942+02:00
NSR:StopPlace:59643,Grefsen stasjon,2026-09-05T07:23:00+02:00,2026-09-05T07:23:21+02:00,2026-09-05T07:23:21+02:00,21.0,1,Gaustadalléen,RUT:Line:17,Rikshospitalet - Sinsen o/ Carl Berner,17,tram,RUT:ServiceJourney:b4f63c690c2e25b2176050bd42a5f3e3,True,actual,False,,,,,2026-09-05T08:24:10.398942+02:00
NSR:StopPlace:59643,Grefsen stasjon,2026-09-05T08:08:00+02:00,2026-09-05T08:08:21+02:00,2026-09-05T08:08:21+02:00,21.0,1,Oslo lufthavn,NBU:Line:cb7b555c-f96e-42d5-84bf-a5e08c0145c2,Radiumhospitalet via Økern-Storo-Tåsen,FB3,bus,NBU:ServiceJourney:f97e170a-8e1a-4da7-8fbb-f9e52d727e11,True,actual,False,,,,,2026-09-05T08:24:10.398942+02:00
NSR:StopPlace:59653,Haugenstua stasjon,2026-09-05T06:25:00+02:00,2026-09-05T06:25:21+02:00,2026-09-05T06:25:21+02:00,21.0,1,Spikkestad,VYG:Line:L1,Spikkestad-Oslo S-Lillestrøm,L1,rail,VYG:ServiceJourney:2207_443595-R,True,actual,False,,,,,2026-09-05T08:24:10.398942+02:00
NSR:StopPlace:60736,Spikkestad stasjon,2026-09-05T07:46:00+02:00,2026-09-05T07:46:21+02:00,2026-09-05T07:46:21+02:00,21.0,1,Lillestrøm,VYG:Line:L1,Spikkestad-Oslo S-Lillestrøm,L1,rail,VYG:ServiceJourney:2216_443609-R,True,actual,False,,,,,2026-09-05T08:24:10.398942+02:00
NSR:StopPlace:60047,Melhus skysstasjon,2026-09-05T07:26:00+02:00,2026-09-05T07:26:21+02:00,2026-09-05T07:26:21+02:00,21.0,1,B Dora via Ekra-Tillerterminalen,ATB:Line:2_71,MelhusSkyss-Trondheim,71,bus,ATB:ServiceJourney:71_251215112545714_6006,True,actual,False,,,,,2026-09-05T08:24:10.398942+02:00
NSR:StopPlace:60047,Melhus skysstasjon,2026-09-05T08:23:00+02:00,2026-09-05T08:23:21+02:00,2026-09-05T08:23:21+02:00,21.0,1,Brekkåsen,ATB:Line:2_82,Hesttrøa-Brekkåsen,82,bus,ATB:ServiceJourney:82_251215112550776_6009,True,actual,False,Linje 82 og 504,Avvikende kjøring for linje 82 og 504 pga Hølondvegen er stengt. ,general,normal,2026-09-05T08:24:10.398942+02:00
NSR:StopPlace:60569,Sirevåg stasjon,2026-09-05T07:28:00+02:00,2026-09-05T07:28:21+02:00,2026-09-05T07:28:21+02:00,21.0,1,Stavanger,GOA:Line:59,Jærbanen,L5,rail,GOA:ServiceJourney:3013_63045-R,True,actual,False,,,,,2026-09-05T08:24:10.398942+02:00
NSR:StopPlace:59616,Asker stasjon,2026-09-05T07:19:00+02:00,2026-09-05T07:19:21+02:00,2026-09-05T07:19:21+02:00,21.0,1,Lierbyen - Drammen,BRA:Line:4_6071,Drammen - Stoppen - Lierbyen - Asker,71,bus,BRA:ServiceJourney:6071_260415100160689_6000,True,actual,False,Fra 17/8 går linje 61-63-71-73-251-261 og skolebusser fra holdeplass ved Skutebrygga ut av byen.Les mer på brakar.no/trafikkmeldinger.,,general,normal,2026-09-05T08:24:10.398942+02:00
NSR:StopPlace:59616,Asker stasjon,2026-09-05T07:46:00+02:00,2026-09-05T07:46:21+02:00,2026-09-05T07:46:21+02:00,21.0,1,Spikkestad,VYG:Line:L1,Spikkestad-Oslo S-Lillestrøm,L1,rail,VYG:ServiceJourney:2209_443598-R,True,actual,False,,,,,2026-09-05T08:24:10.398942+02:00
NSR:StopPlace:60603,Kongsberg stasjon,2026-09-05T06:34:00+02:00,2026-09-05T06:34:21+02:00,2026-09-05T06:34:21+02:00,21.0,1,Eidsvoll,VYG:Line:R12,Kongsberg-Oslo S-Eidsvoll,R12,rail,VYG:ServiceJourney:506_444299-R,True,actual,False,,,,,2026-09-05T08:24:10.398942+02:00
NSR:StopPlace:59636,Holmlia stasjon,2026-09-05T06:12:00+02:00,2026-09-05T06:12:21+02:00,2026-09-05T06:12:21+02:00,21.0,1,Krummedike,RUT:Line:2077,Holmlia stasjon - Asperudåsen,77B,bus,RUT:ServiceJourney:92c073142af62cecc5992f011837d203,True,actual,False,,,,,2026-09-05T08:24:10.398942+02:00
NSR:StopPlace:58930,Larvik stasjon,2026-09-05T08:07:00+02:00,2026-09-05T08:07:21+02:00,2026-09-05T08:07:21+02:00,21.0,1,Larvik-Sandefjord,VKT:Line:3,Busk-Sandefjord-Larvik-Veldre,3,bus,VKT:ServiceJourney:17570,True,actual,False,,,,,2026-09-05T08:24:10.398942+02:00
NSR:StopPlace:58853,Kolbotn stasjon,2026-09-05T07:25:00+02:00,2026-09-05T07:25:21+02:00,2026-09-05T07:25:21+02:00,21.0,1,Stabekk,VYG:Line:L2,Stabekk-Oslo S-Ski,L2,rail,VYG:ServiceJourney:2714-SKI_443920-R,True,actual,False,,,,,2026-09-05T08:24:10.398942+02:00
NSR:StopPlace:58856,Lysaker stasjon,2026-09-05T06:39:00+02:00,2026-09-05T06:39:21+02:00,2026-09-05T06:39:21+02:00,21.0,1,Moss,VYG:Line:R21,Stabekk-Oslo S-Moss,R21,rail,VYG:ServiceJourney:1107-HVK_442978-R,True,actual,False,,,,,2026-09-05T08:24:10.398942+02:00
NSR:StopPlace:58856,Lysaker stasjon,2026-09-05T06:46:00+02:00,2026-09-05T06:46:21+02:00,2026-09-05T06:46:21+02:00,21.0,1,Oslo Lufthavn,FLT:Line:FLY1,FLY1,FLY1,rail,FLT:ServiceJourney:1-2614-3715-20260905,True,actual,False,,,,,2026-09-05T08:24:10.398942+02:00
NSR:StopPlace:610,Sandvika stasjon,2026-09-05T07:24:00+02:00,2026-09-05T07:24:21+02:00,2026-09-05T07:24:21+02:00,21.0,1,Kongsberg,VYG:Line:R12,Kongsberg-Oslo S-Eidsvoll,R12,rail,VYG:ServiceJourney:505_444297-R,True,actual,False,,,,,2026-09-05T08:24:10.398942+02:00
NSR:StopPlace:610,Sandvika stasjon,2026-09-05T07:45:00+02:00,2026-09-05T07:45:21+02:00,2026-09-05T07:45:21+02:00,21.0,1,Kongsvinger,VYG:Line:R14,Asker-Oslo S-Kongsvinger,R14,rail,VYG:ServiceJourney:1007_442912-R,True,actual,False,,,,,2026-09-05T08:24:10.398942+02:00
NSR:StopPlace:62339,Lillestrøm stasjon,2026-09-05T07:50:00+02:00,2026-09-05T07:50:21+02:00,2026-09-05T07:50:21+02:00,21.0,1,Oslo Lufthavn,FLT:Line:FLY1,FLY1,FLY1,rail,FLT:ServiceJourney:1-2614-3719-20260905,True,actual,False,Heis i spor 1 og 2 er ute av bruk på grunn av vedlikehold.,Heis i spor 1 og 2 er ute av bruk på grunn av vedlikehold.,general,normal,2026-09-05T08:24:10.398942+02:00
NSR:StopPlace:61979,Hellvik stasjon,2026-09-05T07:23:00+02:00,2026-09-05T07:23:21+02:00,2026-09-05T07:23:21+02:00,21.0,1,Stavanger,GOA:Line:59,Jærbanen,L5,rail,GOA:ServiceJourney:3013_63045-R,True,actual,False,,,,,2026-09-05T08:24:10.398942+02:00
NSR:StopPlace:58865,Vestby stasjon,2026-09-05T02:20:00+02:00,2026-09-05T02:20:21+02:00,2026-09-05T02:20:21+02:00,21.0,1,Oslo bussterminal,RUT:Line:2540,Oslo - Ski - Ås - Vestby (nattbuss),540N,bus,RUT:ServiceJourney:ba964e91569185fae7625005827ec4e2,True,actual,False,,,,,2026-09-05T03:37:34.550234+02:00
NSR:StopPlace:59872,Oslo S,2026-09-05T06:47:00+02:00,2026-09-05T06:47:20+02:00,2026-09-05T06:47:20+02:00,20.0,1,Stabekk,VYG:Line:L2,Stabekk-Oslo S-Ski,L2,rail,VYG:ServiceJourney:2710-SKI_443916-R,True,actual,False,,,,,2026-09-05T08:24:10.398942+02:00
NSR:StopPlace:59872,Oslo S,2026-09-05T07:09:00+02:00,2026-09-05T07:09:20+02:00,2026-09-05T07:09:20+02:00,20.0,1,Kongsberg,VYG:Line:R12,Kongsberg-Oslo S-Eidsvoll,R12,rail,VYG:ServiceJourney:505_444297-R,True,actual,False,,,,,2026-09-05T08:24:10.398942+02:00
NSR:StopPlace:59650,Nyland stasjon,2026-09-05T06:22:00+02:00,2026-09-05T06:22:20+02:00,2026-09-05T06:22:20+02:00,20.0,1,-,NBU:Line:cb7b555c-f96e-42d5-84bf-a5e08c0145c2,Radiumhospitalet via Økern-Storo-Tåsen,FB3,bus,NBU:ServiceJourney:7e8f1121-38e8-4f93-8f25-4ee6aec74728:610200354,True,actual,False,,,,,2026-09-05T08:24:10.398942+02:00
NSR:StopPlace:59651,Skøyen stasjon,2026-09-05T06:53:00+02:00,2026-09-05T06:53:20+02:00,2026-09-05T06:53:20+02:00,20.0,1,Galgeberg,RUT:Line:20,Skøyen - Galgeberg,20,bus,RUT:ServiceJourney:07e6e4a90022eb98dda70b4b6250fd42,True,actual,False,,,,,2026-09-05T08:24:10.398942+02:00
NSR:StopPlace:59654,Stabekk stasjon,2026-09-05T06:26:00+02:00,2026-09-05T06:26:20+02:00,2026-09-05T06:26:20+02:00,20.0,1,Lillestrøm,VYG:Line:L1,Spikkestad-Oslo S-Lillestrøm,L1,rail,VYG:ServiceJourney:2208_452017-R,True,actual,False,,,,,2026-09-05T08:24:10.398942+02:00
NSR:StopPlace:59654,Stabekk stasjon,2026-09-05T06:30:00+02:00,2026-09-05T06:30:20+02:00,2026-09-05T06:30:20+02:00,20.0,1,Ski,VYG:Line:L2,Stabekk-Oslo S-Ski,L2,rail,VYG:ServiceJourney:2707-HVK_699728-R,True,actual,False,,,,,2026-09-05T08:24:10.398942+02:00
NSR:StopPlace:60736,Spikkestad stasjon,2026-09-05T06:16:00+02:00,2026-09-05T06:16:20+02:00,2026-09-05T06:16:20+02:00,20.0,1,Lillestrøm,VYG:Line:L1,Spikkestad-Oslo S-Lillestrøm,L1,rail,VYG:ServiceJourney:2210_443600-R,True,actual,False,,,,,2026-09-05T08:24:10.398942+02:00
NSR:StopPlace:59952,Drammen stasjon,2026-09-05T07:02:00+02:00,2026-09-05T07:02:20+02:00,2026-09-05T07:02:20+02:00,20.0,1,Oslo Lufthavn,FLT:Line:FLY1,FLY1,FLY1,rail,FLT:ServiceJourney:1-2614-3719-20260905,True,actual,False,,,,,2026-09-05T08:24:10.398942+02:00
NSR:StopPlace:60944,Ski stasjon,2026-09-05T07:09:00+02:00,2026-09-05T07:09:20+02:00,2026-09-05T07:09:20+02:00,20.0,1,Kråkstad,RUT:Line:525,Kråkstad - Ski - Kråkstad,525,bus,RUT:ServiceJourney:9ea1685a7baa68a5dc35c036abf9c04b,True,actual,False,,,,,2026-09-05T08:24:10.398942+02:00
NSR:StopPlace:59977,Trondheim S,2026-09-05T07:08:00+02:00,2026-09-05T07:08:20+02:00,2026-09-05T07:08:20+02:00,20.0,1,Pirbadet,ATB:Line:2_23,Brattøra - St. Olavs - Hallset - Flatåsen - Sandmoen,23,bus,ATB:ServiceJourney:23_251215112545606_6003,True,actual,False,,,,,2026-09-05T08:24:10.398942+02:00
NSR:StopPlace:60047,Melhus skysstasjon,2026-09-05T06:13:00+02:00,2026-09-05T06:13:20+02:00,2026-09-05T06:13:20+02:00,20.0,1,Brekkåsen,ATB:Line:2_82,Hesttrøa-Brekkåsen,82,bus,ATB:ServiceJourney:82_251215112550794_6001,True,actual,False,Linje 82 og 504,Avvikende kjøring for linje 82 og 504 pga Hølondvegen er stengt. ,general,normal,2026-09-05T08:24:10.398942+02:00
NSR:StopPlace:59244,Egersund stasjon,2026-09-05T06:03:00+02:00,2026-09-05T06:03:20+02:00,2026-09-05T06:03:20+02:00,20.0,1,Stavanger,GOA:Line:50,Sørtoget region,F5,rail,GOA:ServiceJourney:725-LOD_67061-R,True,actual,False,,,,,2026-09-05T08:24:10.398942+02:00
NSR:StopPlace:59616,Asker stasjon,2026-09-05T07:39:00+02:00,2026-09-05T07:39:20+02:00,2026-09-05T07:39:20+02:00,20.0,1,Kongsvinger,VYG:Line:R14,Asker-Oslo S-Kongsvinger,R14,rail,VYG:ServiceJourney:1007_442912-R,True,actual,False,,,,,2026-09-05T08:24:10.398942+02:00
NSR:StopPlace:59635,Hauketo stasjon,2026-09-05T07:32:00+02:00,2026-09-05T07:32:20+02:00,2026-09-05T07:32:20+02:00,20.0,1,Stabekk,VYG:Line:L2,Stabekk-Oslo S-Ski,L2,rail,VYG:ServiceJourney:2714-SKI_443920-R,True,actual,False,,,,,2026-09-05T08:24:10.398942+02:00
NSR:StopPlace:59636,Holmlia stasjon,2026-09-05T07:12:00+02:00,2026-09-05T07:12:20+02:00,2026-09-05T07:12:20+02:00,20.0,1,Krummedike,RUT:Line:2077,Holmlia stasjon - Asperudåsen,77B,bus,RUT:ServiceJourney:78440c0c6ccffb85727581c15eb35058,True,actual,False,,,,,2026-09-05T08:24:10.398942+02:00
NSR:StopPlace:59636,Holmlia stasjon,2026-09-05T08:00:00+02:00,2026-09-05T08:00:20+02:00,2026-09-05T08:00:20+02:00,20.0,1,Stabekk,VYG:Line:L2,Stabekk-Oslo S-Ski,L2,rail,VYG:ServiceJourney:2716-SKI_443922-R,True,actual,False,,,,,2026-09-05T08:24:10.398942+02:00
NSR:StopPlace:59638,Myrvoll stasjon,2026-09-05T07:05:00+02:00,2026-09-05T07:05:20+02:00,2026-09-05T07:05:20+02:00,20.0,1,Filipstad,RUT:Line:81,Fornebu - Myrvoll stasjon,81,bus,RUT:ServiceJourney:c7a7522e5e236a64d9bd7e61ffaaca34,True,actual,False,,,,,2026-09-05T08:24:10.398942+02:00
NSR:StopPlace:58797,Mysen stasjon,2026-09-05T07:59:00+02:00,2026-09-05T07:59:20+02:00,2026-09-05T07:59:20+02:00,20.0,1,Rakkestad,VYG:Line:R22,Skøyen-Oslo S-Mysen-Rakkestad,R22,rail,VYG:ServiceJourney:1905-LOD_452016-R,True,actual,False,,,,,2026-09-05T08:24:10.398942+02:00
NSR:StopPlace:58856,Lysaker stasjon,2026-09-05T06:29:00+02:00,2026-09-05T06:29:20+02:00,2026-09-05T06:29:20+02:00,20.0,1,Lillestrøm,VYG:Line:L1,Spikkestad-Oslo S-Lillestrøm,L1,rail,VYG:ServiceJourney:2208_452017-R,True,actual,False,,,,,2026-09-05T08:24:10.398942+02:00
NSR:StopPlace:58856,Lysaker stasjon,2026-09-05T06:51:00+02:00,2026-09-05T06:51:20+02:00,2026-09-05T06:51:20+02:00,20.0,1,Spikkestad,VYG:Line:L1,Spikkestad-Oslo S-Lillestrøm,L1,rail,VYG:ServiceJourney:2207_443595-R,True,actual,False,,,,,2026-09-05T08:24:10.398942+02:00
NSR:StopPlace:58801,Sarpsborg stasjon,2026-09-05T06:23:00+02:00,2026-09-05T06:23:20+02:00,2026-09-05T06:23:20+02:00,20.0,1,Oslo S,VYG:Line:RE20,Oslo S-Halden-Göteborg (X-Border),RE20,rail,VYG:ServiceJourney:106_442959-R,True,actual,False,,,,,2026-09-05T08:24:10.398942+02:00
NSR:StopPlace:62308,Alna stasjon,2026-09-05T06:32:00+02:00,2026-09-05T06:32:20+02:00,2026-09-05T06:32:20+02:00,20.0,1,Spikkestad,VYG:Line:L1,Spikkestad-Oslo S-Lillestrøm,L1,rail,VYG:ServiceJourney:2207_443595-R,True,actual,False,,,,,2026-09-05T08:24:10.398942+02:00
NSR:StopPlace:62339,Lillestrøm stasjon,2026-09-05T06:50:00+02:00,2026-09-05T06:50:20+02:00,2026-09-05T06:50:20+02:00,20.0,1,Oslo Lufthavn,FLT:Line:FLY1,FLY1,FLY1,rail,FLT:ServiceJourney:1-2614-3713-20260905,True,actual,False,Heis i spor 1 og 2 er ute av bruk på grunn av vedlikehold.,Heis i spor 1 og 2 er ute av bruk på grunn av vedlikehold.,general,normal,2026-09-05T08:24:10.398942+02:00
NSR:StopPlace:62339,Lillestrøm stasjon,2026-09-05T07:35:00+02:00,2026-09-05T07:35:20+02:00,2026-09-05T07:35:20+02:00,20.0,1,Eidsvoll,VYG:Line:RE11,Eidsvoll-Oslo S-Skien,RE11,rail,VYG:ServiceJourney:804-DRM_652700-R,True,actual,False,Heis i spor 1 og 2 er ute av bruk på grunn av vedlikehold.,Heis i spor 1 og 2 er ute av bruk på grunn av vedlikehold.,general,normal,2026-09-05T08:24:10.398942+02:00
NSR:StopPlace:62393,Billingstad stasjon,2026-09-05T06:43:00+02:00,2026-09-05T06:43:20+02:00,2026-09-05T06:43:20+02:00,20.0,1,Lillestrøm,VYG:Line:L1,Spikkestad-Oslo S-Lillestrøm,L1,rail,VYG:ServiceJourney:2210_443600-R,True,actual,False,,,,,2026-09-05T08:24:10.398942+02:00
NSR:StopPlace:61466,Vakås stasjon,2026-09-05T06:08:00+02:00,2026-09-05T06:08:19+02:00,2026-09-05T06:08:19+02:00,19.0,1,Lillestrøm,VYG:Line:L1,Spikkestad-Oslo S-Lillestrøm,L1,rail,VYG:ServiceJourney:2208_452017-R,True,actual,False,,,,,2026-09-05T08:24:10.398942+02:00
NSR:StopPlace:61872,Nærbø stasjon,2026-09-05T07:34:00+02:00,2026-09-05T07:34:19+02:00,2026-09-05T07:34:19+02:00,19.0,1,Egersund,GOA:Line:59,Jærbanen,L5,rail,GOA:ServiceJourney:3012_63044-R,True,actual,False,,,,,2026-09-05T08:24:10.398942+02:00
NSR:StopPlace:59647,Dal stasjon,2026-09-05T05:41:00+02:00,2026-09-05T05:41:19+02:00,2026-09-05T05:41:19+02:00,19.0,1,Jessheim,RUT:Line:430,Eidsvoll - Jessheim,430,bus,RUT:ServiceJourney:8b48d662e3b331abf3cb7b82fc155628,True,actual,False,,,,,2026-09-05T08:24:10.398942+02:00
NSR:StopPlace:59641,Fjellhamar stasjon,2026-09-05T06:17:00+02:00,2026-09-05T06:17:19+02:00,2026-09-05T06:17:19+02:00,19.0,1,Spikkestad,VYG:Line:L1,Spikkestad-Oslo S-Lillestrøm,L1,rail,VYG:ServiceJourney:2207_443595-R,True,actual,False,,,,,2026-09-05T08:24:10.398942+02:00
NSR:StopPlace:59643,Grefsen stasjon,2026-09-05T08:03:00+02:00,2026-09-05T08:03:19+02:00,2026-09-05T08:03:19+02:00,19.0,1,Gaustadalléen,RUT:Line:17,Rikshospitalet - Sinsen o/ Carl Berner,17,tram,RUT:ServiceJourney:68823a95c5ef1a84441bd6d628a7b7e2,True,actual,False,,,,,2026-09-05T08:24:10.398942+02:00
NSR:StopPlace:60736,Spikkestad stasjon,2026-09-05T05:16:00+02:00,2026-09-05T05:16:19+02:00,2026-09-05T05:16:19+02:00,19.0,1,Lillestrøm,VYG:Line:L1,Spikkestad-Oslo S-Lillestrøm,L1,rail,VYG:ServiceJourney:2206_443594-R,True,actual,False,,,,,2026-09-05T08:24:10.398942+02:00
NSR:StopPlace:60944,Ski stasjon,2026-09-05T06:22:00+02:00,2026-09-05T06:22:19+02:00,2026-09-05T06:22:19+02:00,19.0,1,Stabekk,VYG:Line:R21,Stabekk-Oslo S-Moss,R21,rail,VYG:ServiceJourney:1108-MOS_442979-R,True,actual,False,,,,,2026-09-05T08:24:10.398942+02:00
NSR:StopPlace:60944,Ski stasjon,2026-09-05T07:52:00+02:00,2026-09-05T07:52:19+02:00,2026-09-05T07:52:19+02:00,19.0,1,Stabekk,VYG:Line:R21,Stabekk-Oslo S-Moss,R21,rail,VYG:ServiceJourney:1114-MOS_442989-R,True,actual,False,,,,,2026-09-05T08:24:10.398942+02:00
NSR:StopPlace:60944,Ski stasjon,2026-09-05T08:04:00+02:00,2026-09-05T08:04:19+02:00,2026-09-05T08:04:19+02:00,19.0,1,Kråkstad,RUT:Line:525,Kråkstad - Ski - Kråkstad,525,bus,RUT:ServiceJourney:ab518bbaae87e53502cf11919ed9749e,True,actual,False,,,,,2026-09-05T08:24:10.398942+02:00
NSR:StopPlace:59977,Trondheim S,2026-09-05T06:14:00+02:00,2026-09-05T06:14:19+02:00,2026-09-05T06:14:19+02:00,19.0,1,Hurtigbåtterminalen,ATB:Line:2_25,Vikåsen- Strindheim- Singsaker,25,bus,ATB:ServiceJourney:25_251215112543279_6004,True,actual,False,,,,,2026-09-05T08:24:10.398942+02:00
NSR:StopPlace:59977,Trondheim S,2026-09-05T06:17:00+02:00,2026-09-05T06:17:19+02:00,2026-09-05T06:17:19+02:00,19.0,1,Grillstad via Ladeham.-Strindh.,ATB:Line:2_20,Grillstad - Strindheim - Ladehammeren- Sentrum - Romolslia,20,bus,ATB:ServiceJourney:20_251215112548068_6001,True,actual,False,,,,,2026-09-05T08:24:10.398942+02:00
NSR:StopPlace:59636,Holmlia stasjon,2026-09-05T07:57:00+02:00,2026-09-05T07:57:19+02:00,2026-09-05T07:57:19+02:00,19.0,1,Bjørndal,RUT:Line:77,Holmlia stasjon - Bjørndal,77,bus,RUT:ServiceJourney:fefaa5f5170f5ee0dfd8a485092bc8aa,True,actual,False,,,,,2026-09-05T08:24:10.398942+02:00
NSR:StopPlace:59637,Rosenholm stasjon,2026-09-05T07:58:00+02:00,2026-09-05T07:58:19+02:00,2026-09-05T07:58:19+02:00,19.0,1,Stabekk,VYG:Line:L2,Stabekk-Oslo S-Ski,L2,rail,VYG:ServiceJourney:2716-SKI_443922-R,True,actual,False,,,,,2026-09-05T08:24:10.398942+02:00
NSR:StopPlace:59639,Sonsveien stasjon,2026-09-05T06:34:00+02:00,2026-09-05T06:34:19+02:00,2026-09-05T06:34:19+02:00,19.0,1,Stabekk,VYG:Line:R21,Stabekk-Oslo S-Moss,R21,rail,VYG:ServiceJourney:1110-MOS_442985-R,True,actual,False,,,,,2026-09-05T08:24:10.398942+02:00
NSR:StopPlace:58864,Sørumsand stasjon,2026-09-05T06:29:00+02:00,2026-09-05T06:29:19+02:00,2026-09-05T06:29:19+02:00,19.0,1,Asker,VYG:Line:R14,Asker-Oslo S-Kongsvinger,R14,rail,VYG:ServiceJourney:1004_442909-R,True,actual,False,,,,,2026-09-05T08:24:10.398942+02:00
NSR:StopPlace:58802,Spydeberg stasjon,2026-09-05T07:32:00+02:00,2026-09-05T07:32:19+02:00,2026-09-05T07:32:19+02:00,19.0,1,Rakkestad,VYG:Line:R22,Skøyen-Oslo S-Mysen-Rakkestad,R22,rail,VYG:ServiceJourney:1905-LOD_452016-R,True,actual,False,,,,,2026-09-05T08:24:10.398942+02:00
NSR:StopPlace:63079,Skeiane stasjon,2026-09-05T06:06:00+02:00,2026-09-05T06:06:19+02:00,2026-09-05T06:06:19+02:00,19.0,1,Egersund,GOA:Line:59,Jærbanen,L5,rail,GOA:ServiceJourney:3008_63040-R,True,actual,False,,,,,2026-09-05T08:24:10.398942+02:00
NSR:StopPlace:393,Leangen stasjon,2026-09-05T07:21:00+02:00,2026-09-05T07:21:19+02:00,2026-09-05T07:21:19+02:00,19.0,1,Steinkjer,SJN:Line:26,Trønderbanen,R70,rail,SJN:ServiceJourney:425_56054-R,True,actual,False,,,,,2026-09-05T08:24:10.398942+02:00
NSR:StopPlace:62339,Lillestrøm stasjon,2026-09-05T07:05:00+02:00,2026-09-05T07:05:19+02:00,2026-09-05T07:05:19+02:00,19.0,1,Eidsvoll,VYG:Line:R12,Kongsberg-Oslo S-Eidsvoll,R12,rail,VYG:ServiceJourney:504_444295-R,True,actual,False,Heis i spor 1 og 2 er ute av bruk på grunn av vedlikehold.,Heis i spor 1 og 2 er ute av bruk på grunn av vedlikehold.,general,normal,2026-09-05T08:24:10.398942+02:00
NSR:StopPlace:58866,Vevelstad stasjon,2026-09-05T03:13:00+02:00,2026-09-05T03:13:19+02:00,2026-09-05T03:13:19+02:00,19.0,1,Bøleråsen,RUT:Line:510,Bøleråsen - Ski - Ås - Drøbak,510,bus,RUT:ServiceJourney:fde1407f47648c81e161f9d1a7597ea9,True,actual,False,,,,,2026-09-05T03:37:34.550234+02:00
NSR:StopPlace:61169,Marienborg stasjon,2026-09-05T07:57:00+02:00,2026-09-05T07:57:18+02:00,2026-09-05T07:57:18+02:00,18.0,1,Pirbadet via St. Olavs hospital,ATB:Line:2_23,Brattøra - St. Olavs - Hallset - Flatåsen - Sandmoen,23,bus,ATB:ServiceJourney:23_251215112545608_6009,True,actual,False,,,,,2026-09-05T08:24:10.398942+02:00
NSR:StopPlace:61466,Vakås stasjon,2026-09-05T08:08:00+02:00,2026-09-05T08:08:18+02:00,2026-09-05T08:08:18+02:00,18.0,1,Lillestrøm,VYG:Line:L1,Spikkestad-Oslo S-Lillestrøm,L1,rail,VYG:ServiceJourney:2216_443609-R,True,actual,False,,,,,2026-09-05T08:24:10.398942+02:00
NSR:StopPlace:61463,Nordstrand stasjon,2026-09-05T08:22:00+02:00,2026-09-05T08:22:18+02:00,2026-09-05T08:22:18+02:00,18.0,1,Ski,VYG:Line:L2,Stabekk-Oslo S-Ski,L2,rail,VYG:ServiceJourney:2713-HVK_699742-R,True,actual,False,,,,,2026-09-05T08:24:10.398942+02:00
NSR:StopPlace:59872,Oslo S,2026-09-05T06:07:00+02:00,2026-09-05T06:07:18+02:00,2026-09-05T06:07:18+02:00,18.0,1,Stabekk,VYG:Line:R21,Stabekk-Oslo S-Moss,R21,rail,VYG:ServiceJourney:1106-MOS_442977-R,True,actual,False,,,,,2026-09-05T08:24:10.398942+02:00
NSR:StopPlace:59872,Oslo S,2026-09-05T06:59:00+02:00,2026-09-05T06:59:18+02:00,2026-09-05T06:59:18+02:00,18.0,1,Asker,VYG:Line:R14,Asker-Oslo S-Kongsvinger,R14,rail,VYG:ServiceJourney:1004_442909-R,True,actual,False,,,,,2026-09-05T08:24:10.398942+02:00
NSR:StopPlace:59658,Moi stasjon,2026-09-05T08:18:00+02:00,2026-09-05T08:18:18+02:00,2026-09-05T08:18:18+02:00,18.0,1,Oslo S,GOA:Line:50,Sørtoget region,F5,rail,GOA:ServiceJourney:706-KVB_68388-R,True,actual,False,,,,,2026-09-05T08:24:10.398942+02:00
NSR:StopPlace:60944,Ski stasjon,2026-09-05T07:27:00+02:00,2026-09-05T07:27:18+02:00,2026-09-05T07:27:18+02:00,18.0,1,Halden,VYG:Line:RE20,Oslo S-Halden-Göteborg (X-Border),RE20,rail,VYG:ServiceJourney:105_481133-R,True,actual,False,,,,,2026-09-05T08:24:10.398942+02:00
NSR:StopPlace:60047,Melhus skysstasjon,2026-09-05T06:56:00+02:00,2026-09-05T06:56:18+02:00,2026-09-05T06:56:18+02:00,18.0,1,Dora via E6 - City Syd E6,ATB:Line:2_71,MelhusSkyss-Trondheim,71,bus,ATB:ServiceJourney:71_251215112545854_6004,True,actual,False,,,,,2026-09-05T08:24:10.398942+02:00
NSR:StopPlace:59616,Asker stasjon,2026-09-05T07:09:00+02:00,2026-09-05T07:09:18+02:00,2026-09-05T07:09:18+02:00,18.0,1,Lillehammer,VYG:Line:RE10,Drammen-Oslo S-Lillehammer,RE10,rail,VYG:ServiceJourney:307-SUD_444139-R,True,actual,False,,,,,2026-09-05T08:24:10.398942+02:00
NSR:StopPlace:59635,Hauketo stasjon,2026-09-05T07:27:00+02:00,2026-09-05T07:27:18+02:00,2026-09-05T07:27:18+02:00,18.0,1,Ski,VYG:Line:L2,Stabekk-Oslo S-Ski,L2,rail,VYG:ServiceJourney:2709-HVK_443915-R,True,actual,False,,,,,2026-09-05T08:24:10.398942+02:00
NSR:StopPlace:59635,Hauketo stasjon,2026-09-05T07:57:00+02:00,2026-09-05T07:57:18+02:00,2026-09-05T07:57:18+02:00,18.0,1,Åsbråten,RUT:Line:79,Grorud T - Åsbråten,79,bus,RUT:ServiceJourney:53d239ef01b41a21f1c25138ef7db4d5,True,actual,False,,,,,2026-09-05T08:24:10.398942+02:00
NSR:StopPlace:59638,Myrvoll stasjon,2026-09-05T07:56:00+02:00,2026-09-05T07:56:18+02:00,2026-09-05T07:56:18+02:00,18.0,1,Ski stasjon,RUT:Line:580,Kolbotn - Ski,580,bus,RUT:ServiceJourney:45b04a80c34f35be1b51837377335a4c,True,actual,False,,,,,2026-09-05T08:24:10.398942+02:00
NSR:StopPlace:58797,Mysen stasjon,2026-09-05T06:55:00+02:00,2026-09-05T06:55:18+02:00,2026-09-05T06:55:18+02:00,18.0,1,Oslo S,VYG:Line:R22,Skøyen-Oslo S-Mysen-Rakkestad,R22,rail,VYG:ServiceJourney:1908_443444-R,True,actual,False,,,,,2026-09-05T08:24:10.398942+02:00
NSR:StopPlace:58815,Bleiken stasjon,2026-09-05T05:55:00+02:00,2026-09-05T05:55:18+02:00,2026-09-05T05:55:18+02:00,18.0,1,Roa,VYG:Line:R31,Skøyen-Jaren-Gjøvik,R31,rail,VYG:ServiceJourney:BUS-204_655087-R,True,actual,False,,,,,2026-09-05T08:24:10.398942+02:00
NSR:StopPlace:58815,Bleiken stasjon,2026-09-05T07:55:00+02:00,2026-09-05T07:55:18+02:00,2026-09-05T07:55:18+02:00,18.0,1,Roa,VYG:Line:R31,Skøyen-Jaren-Gjøvik,R31,rail,VYG:ServiceJourney:BUS-208_655125-R,True,actual,False,,,,,2026-09-05T08:24:10.398942+02:00
NSR:StopPlace:101,Sagdalen stasjon,2026-09-05T07:13:00+02:00,2026-09-05T07:13:18+02:00,2026-09-05T07:13:18+02:00,18.0,1,Spikkestad,VYG:Line:L1,Spikkestad-Oslo S-Lillestrøm,L1,rail,VYG:ServiceJourney:2211_443602-R,True,actual,False,,,,,2026-09-05T08:24:10.398942+02:00
NSR:StopPlace:62309,Ljan stasjon,2026-09-05T08:05:00+02:00,2026-09-05T08:05:18+02:00,2026-09-05T08:05:18+02:00,18.0,1,Stabekk,VYG:Line:L2,Stabekk-Oslo S-Ski,L2,rail,VYG:ServiceJourney:2716-SKI_443922-R,True,actual,False,,,,,2026-09-05T08:24:10.398942+02:00
NSR:StopPlace:61291,Stavanger stasjon,2026-09-05T05:47:00+02:00,2026-09-05T05:47:17+02:00,2026-09-05T05:47:17+02:00,17.0,1,Egersund,GOA:Line:59,Jærbanen,L5,rail,GOA:ServiceJourney:3008_63040-R,True,actual,False,,,,,2026-09-05T08:24:10.398942+02:00
NSR:StopPlace:61326,Gulskogen stasjon,2026-09-05T06:12:00+02:00,2026-09-05T06:12:17+02:00,2026-09-05T06:12:17+02:00,17.0,1,Eidsvoll,VYG:Line:R12,Kongsberg-Oslo S-Eidsvoll,R12,rail,VYG:ServiceJourney:504_444295-R,True,actual,False,,,,,2026-09-05T08:24:10.398942+02:00
NSR:StopPlace:59872,Oslo S,2026-09-05T06:17:00+02:00,2026-09-05T06:17:17+02:00,2026-09-05T06:17:17+02:00,17.0,1,Stabekk,VYG:Line:L2,Stabekk-Oslo S-Ski,L2,rail,VYG:ServiceJourney:2708-SKI_443914-R,True,actual,False,,,,,2026-09-05T08:24:10.398942+02:00
NSR:StopPlace:59872,Oslo S,2026-09-05T07:07:00+02:00,2026-09-05T07:07:17+02:00,2026-09-05T07:07:17+02:00,17.0,1,Stabekk,VYG:Line:R21,Stabekk-Oslo S-Moss,R21,rail,VYG:ServiceJourney:1110-MOS_442985-R,True,actual,False,,,,,2026-09-05T08:24:10.398942+02:00
NSR:StopPlace:59648,Kjelsås stasjon,2026-09-05T06:42:00+02:00,2026-09-05T06:42:17+02:00,2026-09-05T06:42:17+02:00,17.0,1,Nydalen,VYG:Line:R31,Skøyen-Jaren-Gjøvik,R31,rail,VYG:ServiceJourney:BUS-202_655081-R,True,actual,False,,,,,2026-09-05T08:24:10.398942+02:00
NSR:StopPlace:59641,Fjellhamar stasjon,2026-09-05T07:03:00+02:00,2026-09-05T07:03:17+02:00,2026-09-05T07:03:17+02:00,17.0,1,Vallerudtoppen,RUT:Line:315,Vallerudtoppen - Ahus,315,bus,RUT:ServiceJourney:12328f114cf796496b6d7e567ec81472,True,actual,False,,,,,2026-09-05T08:24:10.398942+02:00
NSR:StopPlace:59654,Stabekk stasjon,2026-09-05T07:22:00+02:00,2026-09-05T07:22:17+02:00,2026-09-05T07:22:17+02:00,17.0,1,Nationaltheatret,RUT:Line:150,Gullhaug - Nationaltheatret,150,bus,RUT:ServiceJourney:01be0097f8f8fcd15c1354ca15910d48,True,actual,False,,,,,2026-09-05T08:24:10.398942+02:00
NSR:StopPlace:59952,Drammen stasjon,2026-09-05T08:22:00+02:00,2026-09-05T08:22:17+02:00,2026-09-05T08:22:17+02:00,17.0,1,Oslo Lufthavn,FLT:Line:FLY1,FLY1,FLY1,rail,FLT:ServiceJourney:1-2614-3727-20260905,True,actual,False,,,,,2026-09-05T08:24:10.398942+02:00
NSR:StopPlace:59957,Klepp stasjon,2026-09-05T07:22:00+02:00,2026-09-05T07:22:17+02:00,2026-09-05T07:22:17+02:00,17.0,1,Egersund,GOA:Line:59,Jærbanen,L5,rail,GOA:ServiceJourney:3012_63044-R,True,actual,False,,,,,2026-09-05T08:24:10.398942+02:00
NSR:StopPlace:60944,Ski stasjon,2026-09-05T05:52:00+02:00,2026-09-05T05:52:17+02:00,2026-09-05T05:52:17+02:00,17.0,1,Stabekk,VYG:Line:R21,Stabekk-Oslo S-Moss,R21,rail,VYG:ServiceJourney:1106-MOS_442977-R,True,actual,False,,,,,2026-09-05T08:24:10.398942+02:00
NSR:StopPlace:60944,Ski stasjon,2026-09-05T07:04:00+02:00,2026-09-05T07:04:17+02:00,2026-09-05T07:04:17+02:00,17.0,1,Kråkstad,RUT:Line:525,Kråkstad - Ski - Kråkstad,525,bus,RUT:ServiceJourney:9ea1685a7baa68a5dc35c036abf9c04b,True,actual,False,,,,,2026-09-05T08:24:10.398942+02:00
NSR:StopPlace:60944,Ski stasjon,2026-09-05T08:09:00+02:00,2026-09-05T08:09:17+02:00,2026-09-05T08:09:17+02:00,17.0,1,Kråkstad,RUT:Line:525,Kråkstad - Ski - Kråkstad,525,bus,RUT:ServiceJourney:ab518bbaae87e53502cf11919ed9749e,True,actual,False,,,,,2026-09-05T08:24:10.398942+02:00
NSR:StopPlace:60047,Melhus skysstasjon,2026-09-05T07:53:00+02:00,2026-09-05T07:53:17+02:00,2026-09-05T07:53:17+02:00,17.0,1,Brekkåsen,ATB:Line:2_82,Hesttrøa-Brekkåsen,82,bus,ATB:ServiceJourney:82_251215112550779_6007,True,actual,False,Linje 82 og 504,Avvikende kjøring for linje 82 og 504 pga Hølondvegen er stengt. ,general,normal,2026-09-05T08:24:10.398942+02:00
NSR:StopPlace:59636,Holmlia stasjon,2026-09-05T05:59:00+02:00,2026-09-05T05:59:17+02:00,2026-09-05T05:59:17+02:00,17.0,1,Brenna,RUT:Line:73,Holmlia stasjon - Brenna,73,bus,RUT:ServiceJourney:74796e1e12b01808d710658fe28b9c4d,True,actual,False,,,,,2026-09-05T08:24:10.398942+02:00
NSR:StopPlace:59637,Rosenholm stasjon,2026-09-05T06:58:00+02:00,2026-09-05T06:58:17+02:00,2026-09-05T06:58:17+02:00,17.0,1,Stabekk,VYG:Line:L2,Stabekk-Oslo S-Ski,L2,rail,VYG:ServiceJourney:2712-SKI_443918-R,True,actual,False,,,,,2026-09-05T08:24:10.398942+02:00
NSR:StopPlace:58856,Lysaker stasjon,2026-09-05T06:33:00+02:00,2026-09-05T06:33:17+02:00,2026-09-05T06:33:17+02:00,17.0,1,Ski,VYG:Line:L2,Stabekk-Oslo S-Ski,L2,rail,VYG:ServiceJourney:2707-HVK_699728-R,True,actual,False,,,,,2026-09-05T08:24:10.398942+02:00
NSR:StopPlace:58808,Kongsvinger stasjon,2026-09-05T06:35:00+02:00,2026-09-05T06:35:17+02:00,2026-09-05T06:35:17+02:00,17.0,1,Asker,VYG:Line:R14,Asker-Oslo S-Kongsvinger,R14,rail,VYG:ServiceJourney:1006_442911-R,True,actual,False,,,,,2026-09-05T08:24:10.398942+02:00
NSR:StopPlace:60944,Ski stasjon,2026-09-05T02:33:00+02:00,2026-09-05T02:33:17+02:00,2026-09-05T02:33:17+02:00,17.0,1,Nationaltheatret,RUT:Line:3981,Nationaltheatret - Ski,81N,bus,RUT:ServiceJourney:d57d37693b47d750af1361fb535c92d3,True,actual,False,,,,,2026-09-05T03:37:34.550234+02:00
NSR:StopPlace:61464,Hvalstad stasjon,2026-09-05T07:09:00+02:00,2026-09-05T07:09:16+02:00,2026-09-05T07:09:16+02:00,16.0,1,Spikkestad,VYG:Line:L1,Spikkestad-Oslo S-Lillestrøm,L1,rail,VYG:ServiceJourney:2207_443595-R,True,actual,False,,,,,2026-09-05T08:24:10.398942+02:00
NSR:StopPlace:61897,Bryn stasjon,2026-09-05T08:15:00+02:00,2026-09-05T08:15:16+02:00,2026-09-05T08:15:16+02:00,16.0,1,Lillestrøm,VYG:Line:L1,Spikkestad-Oslo S-Lillestrøm,L1,rail,VYG:ServiceJourney:2214_443606-R,True,actual,False,,,,,2026-09-05T08:24:10.398942+02:00
NSR:StopPlace:59872,Oslo S,2026-09-05T06:37:00+02:00,2026-09-05T06:37:16+02:00,2026-09-05T06:37:16+02:00,16.0,1,Stabekk,VYG:Line:R21,Stabekk-Oslo S-Moss,R21,rail,VYG:ServiceJourney:1108-MOS_442979-R,True,actual,False,,,,,2026-09-05T08:24:10.398942+02:00
NSR:StopPlace:59872,Oslo S,2026-09-05T07:29:00+02:00,2026-09-05T07:29:16+02:00,2026-09-05T07:29:16+02:00,16.0,1,Drammen,VYG:Line:RE10,Drammen-Oslo S-Lillehammer,RE10,rail,VYG:ServiceJourney:304-HHS_487829-R,True,actual,False,,,,,2026-09-05T08:24:10.398942+02:00
NSR:StopPlace:59654,Stabekk stasjon,2026-09-05T06:36:00+02:00,2026-09-05T06:36:16+02:00,2026-09-05T06:36:16+02:00,16.0,1,Moss,VYG:Line:R21,Stabekk-Oslo S-Moss,R21,rail,VYG:ServiceJourney:1107-HVK_442978-R,True,actual,False,,,,,2026-09-05T08:24:10.398942+02:00
NSR:StopPlace:59952,Drammen stasjon,2026-09-05T07:35:00+02:00,2026-09-05T07:35:16+02:00,2026-09-05T07:35:16+02:00,16.0,1,Dal,VYG:Line:R13,Drammen-Oslo S-Dal,R13,rail,VYG:ServiceJourney:1613_443238-R,True,actual,False,,,,,2026-09-05T08:24:10.398942+02:00
NSR:StopPlace:60944,Ski stasjon,2026-09-05T06:21:00+02:00,2026-09-05T06:21:16+02:00,2026-09-05T06:21:16+02:00,16.0,1,Kolbotn torg,RUT:Line:580,Kolbotn - Ski,580,bus,RUT:ServiceJourney:c76b098e42469e6e9d6d3b78e81c1b0d,True,actual,False,,,,,2026-09-05T08:24:10.398942+02:00
NSR:StopPlace:60944,Ski stasjon,2026-09-05T06:32:00+02:00,2026-09-05T06:32:16+02:00,2026-09-05T06:32:16+02:00,16.0,1,Oslo bussterminal,RUT:Line:515,Ski - Oslo,515,bus,RUT:ServiceJourney:7570bfc5e6d5c8204b637bea50f844b7,True,actual,False,,,,,2026-09-05T08:24:10.398942+02:00
NSR:StopPlace:60944,Ski stasjon,2026-09-05T07:51:00+02:00,2026-09-05T07:51:16+02:00,2026-09-05T07:51:16+02:00,16.0,1,Kolbotn torg,RUT:Line:580,Kolbotn - Ski,580,bus,RUT:ServiceJourney:7feb0f9d5401d4238dbbc6487a1e108e,True,actual,False,,,,,2026-09-05T08:24:10.398942+02:00
NSR:StopPlace:59977,Trondheim S,2026-09-05T06:51:00+02:00,2026-09-05T06:51:16+02:00,2026-09-05T06:51:16+02:00,16.0,1,Fortuna/Sæterb. via Strindheim,ATB:Line:2_10,Sæterbakken- Strindheim- Sentrum- Ratesvingen,10,bus,ATB:ServiceJourney:10_260311106204956_6003,True,actual,False,,,,,2026-09-05T08:24:10.398942+02:00
NSR:StopPlace:59637,Rosenholm stasjon,2026-09-05T05:58:00+02:00,2026-09-05T05:58:16+02:00,2026-09-05T05:58:16+02:00,16.0,1,Stabekk,VYG:Line:L2,Stabekk-Oslo S-Ski,L2,rail,VYG:ServiceJourney:2708-SKI_443914-R,True,actual,False,,,,,2026-09-05T08:24:10.398942+02:00
NSR:StopPlace:59638,Myrvoll stasjon,2026-09-05T07:26:00+02:00,2026-09-05T07:26:16+02:00,2026-09-05T07:26:16+02:00,16.0,1,Ski stasjon,RUT:Line:580,Kolbotn - Ski,580,bus,RUT:ServiceJourney:cbab767d2d86bfd4ebe91be9306d573c,True,actual,False,,,,,2026-09-05T08:24:10.398942+02:00
NSR:StopPlace:58795,Kambo stasjon,2026-09-05T07:30:00+02:00,2026-09-05T07:30:16+02:00,2026-09-05T07:30:16+02:00,16.0,1,Stabekk,VYG:Line:R21,Stabekk-Oslo S-Moss,R21,rail,VYG:ServiceJourney:1114-MOS_442989-R,True,actual,False,,,,,2026-09-05T08:24:10.398942+02:00
NSR:StopPlace:58796,Moss stasjon,2026-09-05T06:53:00+02:00,2026-09-05T06:53:16+02:00,2026-09-05T06:53:16+02:00,16.0,1,Stabekk,VYG:Line:R21,Stabekk-Oslo S-Moss,R21,rail,VYG:ServiceJourney:1112-MOS_442987-R,True,actual,False,,,,,2026-09-05T08:24:10.398942+02:00
NSR:StopPlace:58847,Frogner stasjon,2026-09-05T08:04:00+02:00,2026-09-05T08:04:16+02:00,2026-09-05T08:04:16+02:00,16.0,1,Dal,VYG:Line:R13,Drammen-Oslo S-Dal,R13,rail,VYG:ServiceJourney:1611_443232-R,True,actual,False,,,,,2026-09-05T08:24:10.398942+02:00
NSR:StopPlace:58856,Lysaker stasjon,2026-09-05T06:09:00+02:00,2026-09-05T06:09:16+02:00,2026-09-05T06:09:16+02:00,16.0,1,Moss,VYG:Line:R21,Stabekk-Oslo S-Moss,R21,rail,VYG:ServiceJourney:1105-HVK_442976-R,True,actual,False,,,,,2026-09-05T08:24:10.398942+02:00
NSR:StopPlace:58861,Solbråtan stasjon,2026-09-05T07:23:00+02:00,2026-09-05T07:23:16+02:00,2026-09-05T07:23:16+02:00,16.0,1,Stabekk,VYG:Line:L2,Stabekk-Oslo S-Ski,L2,rail,VYG:ServiceJourney:2714-SKI_443920-R,True,actual,False,,,,,2026-09-05T08:24:10.398942+02:00
NSR:StopPlace:58800,Råde stasjon,2026-09-05T08:03:00+02:00,2026-09-05T08:03:16+02:00,2026-09-05T08:03:16+02:00,16.0,1,Halden,VYG:Line:RE20,Oslo S-Halden-Göteborg (X-Border),RE20,rail,VYG:ServiceJourney:105_481133-R,True,actual,False,,,,,2026-09-05T08:24:10.398942+02:00
NSR:StopPlace:58802,Spydeberg stasjon,2026-09-05T07:15:00+02:00,2026-09-05T07:15:16+02:00,2026-09-05T07:15:16+02:00,16.0,1,Oslo S,VYG:Line:R22,Skøyen-Oslo S-Mysen-Rakkestad,R22,rail,VYG:ServiceJourney:1908_443444-R,True,actual,False,,,,,2026-09-05T08:24:10.398942+02:00
NSR:StopPlace:610,Sandvika stasjon,2026-09-05T06:20:00+02:00,2026-09-05T06:20:16+02:00,2026-09-05T06:20:16+02:00,16.0,1,Oslo Lufthavn,FLT:Line:FLY1,FLY1,FLY1,rail,FLT:ServiceJourney:1-2614-3713-20260905,True,actual,False,,,,,2026-09-05T08:24:10.398942+02:00
NSR:StopPlace:610,Sandvika stasjon,2026-09-05T08:04:00+02:00,2026-09-05T08:04:16+02:00,2026-09-05T08:04:16+02:00,16.0,1,Drammen,VYG:Line:R13,Drammen-Oslo S-Dal,R13,rail,VYG:ServiceJourney:1610_443230-R,True,actual,False,,,,,2026-09-05T08:24:10.398942+02:00
NSR:StopPlace:62311,Vigrestad stasjon,2026-09-05T06:41:00+02:00,2026-09-05T06:41:16+02:00,2026-09-05T06:41:16+02:00,16.0,1,Stavanger,GOA:Line:59,Jærbanen,L5,rail,GOA:ServiceJourney:3007_63039-R,True,actual,False,,,,,2026-09-05T08:24:10.398942+02:00
NSR:StopPlace:62311,Vigrestad stasjon,2026-09-05T07:43:00+02:00,2026-09-05T07:43:16+02:00,2026-09-05T07:43:16+02:00,16.0,1,Egersund,GOA:Line:59,Jærbanen,L5,rail,GOA:ServiceJourney:3012_63044-R,True,actual,False,,,,,2026-09-05T08:24:10.398942+02:00
NSR:StopPlace:62393,Billingstad stasjon,2026-09-05T06:13:00+02:00,2026-09-05T06:13:16+02:00,2026-09-05T06:13:16+02:00,16.0,1,Lillestrøm,VYG:Line:L1,Spikkestad-Oslo S-Lillestrøm,L1,rail,VYG:ServiceJourney:2208_452017-R,True,actual,False,,,,,2026-09-05T08:24:10.398942+02:00
NSR:StopPlace:60944,Ski stasjon,2026-09-05T02:45:00+02:00,2026-09-05T02:45:16+02:00,2026-09-05T02:45:16+02:00,16.0,1,Korsegården,RUT:Line:510,Bøleråsen - Ski - Ås - Drøbak,510,bus,RUT:ServiceJourney:fea980341c1c369cccd67f66fce5e45b,True,actual,False,,,,,2026-09-05T03:37:34.550234+02:00
NSR:StopPlace:59620,Grorud stasjon,2026-09-05T03:18:00+02:00,2026-09-05T03:18:16+02:00,2026-09-05T03:18:16+02:00,16.0,1,Vestli,RUT:Line:3905,Jernbanetorget - Vestli T,5N,bus,RUT:ServiceJourney:fbe4aeef9476ed511d4411ddece73cc2,True,actual,False,,,,,2026-09-05T03:37:34.550234+02:00
NSR:StopPlace:61326,Gulskogen stasjon,2026-09-05T08:12:00+02:00,2026-09-05T08:12:15+02:00,2026-09-05T08:12:15+02:00,15.0,1,Eidsvoll,VYG:Line:R12,Kongsberg-Oslo S-Eidsvoll,R12,rail,VYG:ServiceJourney:508_444301-R,True,actual,False,,,,,2026-09-05T08:24:10.398942+02:00
NSR:StopPlace:59872,Oslo S,2026-09-05T07:37:00+02:00,2026-09-05T07:37:15+02:00,2026-09-05T07:37:15+02:00,15.0,1,Stabekk,VYG:Line:R21,Stabekk-Oslo S-Moss,R21,rail,VYG:ServiceJourney:1112-MOS_442987-R,True,actual,False,,,,,2026-09-05T08:24:10.398942+02:00
NSR:StopPlace:59872,Oslo S,2026-09-05T07:39:00+02:00,2026-09-05T07:39:15+02:00,2026-09-05T07:39:15+02:00,15.0,1,Skien,VYG:Line:RE11,Eidsvoll-Oslo S-Skien,RE11,rail,VYG:ServiceJourney:807-EVL_652708-R,True,actual,False,,,,,2026-09-05T08:24:10.398942+02:00
NSR:StopPlace:59643,Grefsen stasjon,2026-09-05T06:11:00+02:00,2026-09-05T06:11:15+02:00,2026-09-05T06:11:15+02:00,15.0,1,Lysaker,RUT:Line:23,Lysaker - Simensbråten,23,bus,RUT:ServiceJourney:c2f6f8ee87814ca195298205a01f887f,True,actual,False,,,,,2026-09-05T08:24:10.398942+02:00
NSR:StopPlace:59643,Grefsen stasjon,2026-09-05T07:51:00+02:00,2026-09-05T07:51:15+02:00,2026-09-05T07:51:15+02:00,15.0,1,Gaustadalléen,RUT:Line:18,Grefsen st [4311] - Rikshospitalet,18,tram,RUT:ServiceJourney:431af28ea672f883aa6e58dd61409dc3,True,actual,False,,,,,2026-09-05T08:24:10.398942+02:00
NSR:StopPlace:59651,Skøyen stasjon,2026-09-05T06:58:00+02:00,2026-09-05T06:58:15+02:00,2026-09-05T06:58:15+02:00,15.0,1,Grorud T,RUT:Line:31,Snarøya - Fornebu - Tonsenhagen - Grorud,31,bus,RUT:ServiceJourney:d02e902fe30f2e68b9593bbe7febf005,True,actual,False,,,,,2026-09-05T08:24:10.398942+02:00
NSR:StopPlace:59952,Drammen stasjon,2026-09-05T07:42:00+02:00,2026-09-05T07:42:15+02:00,2026-09-05T07:42:15+02:00,15.0,1,Oslo Lufthavn,FLT:Line:FLY1,FLY1,FLY1,rail,FLT:ServiceJourney:1-2614-3723-20260905,True,actual,False,,,,,2026-09-05T08:24:10.398942+02:00
NSR:StopPlace:60944,Ski stasjon,2026-09-05T07:14:00+02:00,2026-09-05T07:14:15+02:00,2026-09-05T07:14:15+02:00,15.0,1,Ski næringspark,RUT:Line:520,Vinterbro - Ski stasjon,520,bus,RUT:ServiceJourney:7eaf1748ede5dce9b121ffad59a02270,True,actual,False,,,,,2026-09-05T08:24:10.398942+02:00
NSR:StopPlace:59977,Trondheim S,2026-09-05T07:30:00+02:00,2026-09-05T07:30:15+02:00,2026-09-05T07:30:15+02:00,15.0,1,Fannrem via fv. 800 og Orkanger,ATB:Line:2_410,Trondheim - Orkanger - (Fannrem) via fv. 800,410,bus,ATB:ServiceJourney:410_260106098640156_6002,True,actual,False,,,,,2026-09-05T08:24:10.398942+02:00
NSR:StopPlace:59616,Asker stasjon,2026-09-05T05:34:00+02:00,2026-09-05T05:34:15+02:00,2026-09-05T05:34:15+02:00,15.0,1,Lillestrøm,VYG:Line:L1,Spikkestad-Oslo S-Lillestrøm,L1,rail,VYG:ServiceJourney:2206_443594-R,True,actual,False,,,,,2026-09-05T08:24:10.398942+02:00
NSR:StopPlace:59616,Asker stasjon,2026-09-05T06:34:00+02:00,2026-09-05T06:34:15+02:00,2026-09-05T06:34:15+02:00,15.0,1,Lillestrøm,VYG:Line:L1,Spikkestad-Oslo S-Lillestrøm,L1,rail,VYG:ServiceJourney:2210_443600-R,True,actual,False,,,,,2026-09-05T08:24:10.398942+02:00
NSR:StopPlace:59616,Asker stasjon,2026-09-05T07:16:00+02:00,2026-09-05T07:16:15+02:00,2026-09-05T07:16:15+02:00,15.0,1,Spikkestad,VYG:Line:L1,Spikkestad-Oslo S-Lillestrøm,L1,rail,VYG:ServiceJourney:2207_443595-R,True,actual,False,,,,,2026-09-05T08:24:10.398942+02:00
NSR:StopPlace:59635,Hauketo stasjon,2026-09-05T05:55:00+02:00,2026-09-05T05:55:15+02:00,2026-09-05T05:55:15+02:00,15.0,1,Holmlia stasjon,RUT:Line:77,Holmlia stasjon - Bjørndal,77,bus,RUT:ServiceJourney:b77d79d9024ad0f33382e5e163812b28,True,actual,False,,,,,2026-09-05T08:24:10.398942+02:00
NSR:StopPlace:59636,Holmlia stasjon,2026-09-05T06:00:00+02:00,2026-09-05T06:00:15+02:00,2026-09-05T06:00:15+02:00,15.0,1,Stabekk,VYG:Line:L2,Stabekk-Oslo S-Ski,L2,rail,VYG:ServiceJourney:2708-SKI_443914-R,True,actual,False,,,,,2026-09-05T08:24:10.398942+02:00
NSR:StopPlace:59637,Rosenholm stasjon,2026-09-05T07:28:00+02:00,2026-09-05T07:28:15+02:00,2026-09-05T07:28:15+02:00,15.0,1,Stabekk,VYG:Line:L2,Stabekk-Oslo S-Ski,L2,rail,VYG:ServiceJourney:2714-SKI_443920-R,True,actual,False,,,,,2026-09-05T08:24:10.398942+02:00
NSR:StopPlace:59638,Myrvoll stasjon,2026-09-05T06:51:00+02:00,2026-09-05T06:51:15+02:00,2026-09-05T06:51:15+02:00,15.0,1,Stabekk,VYG:Line:L2,Stabekk-Oslo S-Ski,L2,rail,VYG:ServiceJourney:2712-SKI_443918-R,True,actual,False,,,,,2026-09-05T08:24:10.398942+02:00
NSR:StopPlace:58404,Nationaltheatret,2026-09-05T05:55:00+02:00,2026-09-05T05:55:15+02:00,2026-09-05T05:55:15+02:00,15.0,1,Fornebu,RUT:Line:31,Snarøya - Fornebu - Tonsenhagen - Grorud,31,bus,RUT:ServiceJourney:46e7b0de649fbcdf67638fc2b6061e69,True,actual,False,,,,,2026-09-05T08:24:10.398942+02:00
NSR:StopPlace:58796,Moss stasjon,2026-09-05T07:24:00+02:00,2026-09-05T07:24:15+02:00,2026-09-05T07:24:15+02:00,15.0,1,Stabekk,VYG:Line:R21,Stabekk-Oslo S-Moss,R21,rail,VYG:ServiceJourney:1114-MOS_442989-R,True,actual,False,,,,,2026-09-05T08:24:10.398942+02:00
NSR:StopPlace:58851,Heggedal stasjon,2026-09-05T07:55:00+02:00,2026-09-05T07:55:15+02:00,2026-09-05T07:55:15+02:00,15.0,1,Spikkestad,VYG:Line:L1,Spikkestad-Oslo S-Lillestrøm,L1,rail,VYG:ServiceJourney:2209_443598-R,True,actual,False,,,,,2026-09-05T08:24:10.398942+02:00
NSR:StopPlace:58893,Grovane stasjon,2026-09-05T08:07:00+02:00,2026-09-05T08:07:15+02:00,2026-09-05T08:07:15+02:00,15.0,1,Kristiansand via Moseidmoen - Mosby,AKT:Line:30,Kvadraturen - Mosby - Vennesl,30,bus,AKT:ServiceJourney:102071_6092_48_58440_61200_40001545,True,actual,False,,,,,2026-09-05T08:24:10.398942+02:00
NSR:StopPlace:58823,Jaren stasjon,2026-09-05T06:10:00+02:00,2026-09-05T06:10:15+02:00,2026-09-05T06:10:15+02:00,15.0,1,Roa,VYG:Line:R31,Skøyen-Jaren-Gjøvik,R31,rail,VYG:ServiceJourney:BUS-204_655087-R,True,actual,False,,,,,2026-09-05T08:24:10.398942+02:00
NSR:StopPlace:144,Skansen stasjon,2026-09-05T08:11:00+02:00,2026-09-05T08:11:15+02:00,2026-09-05T08:11:15+02:00,15.0,1,Steinkjer,SJN:Line:26,Trønderbanen,R70,rail,SJN:ServiceJourney:427_56087-R,True,actual,False,,,,,2026-09-05T08:24:10.398942+02:00
NSR:StopPlace:610,Sandvika stasjon,2026-09-05T08:15:00+02:00,2026-09-05T08:15:15+02:00,2026-09-05T08:15:15+02:00,15.0,1,Lillehammer,VYG:Line:RE10,Drammen-Oslo S-Lillehammer,RE10,rail,VYG:ServiceJourney:309-SUD_444149-R,True,actual,False,,,,,2026-09-05T08:24:10.398942+02:00
NSR:StopPlace:62339,Lillestrøm stasjon,2026-09-05T08:10:00+02:00,2026-09-05T08:10:15+02:00,2026-09-05T08:10:15+02:00,15.0,1,Oslo Lufthavn,FLT:Line:FLY1,FLY1,FLY1,rail,FLT:ServiceJourney:1-2614-3721-20260905,True,actual,False,Heis i spor 1 og 2 er ute av bruk på grunn av vedlikehold.,Heis i spor 1 og 2 er ute av bruk på grunn av vedlikehold.,general,normal,2026-09-05T08:24:10.398942+02:00
NSR:StopPlace:59643,Grefsen stasjon,2026-09-05T05:38:00+02:00,2026-09-05T05:38:14+02:00,2026-09-05T05:38:14+02:00,14.0,1,Oslo lufthavn,NBU:Line:cb7b555c-f96e-42d5-84bf-a5e08c0145c2,Radiumhospitalet via Økern-Storo-Tåsen,FB3,bus,NBU:ServiceJourney:3121e207-6839-438e-a24e-a659162dd02c,True,actual,False,,,,,2026-09-05T08:24:10.398942+02:00
NSR:StopPlace:59643,Grefsen stasjon,2026-09-05T07:11:00+02:00,2026-09-05T07:11:14+02:00,2026-09-05T07:11:14+02:00,14.0,1,Gaustadalléen,RUT:Line:18,Grefsen st [4311] - Rikshospitalet,18,tram,RUT:ServiceJourney:a97977ecfb79b6c4b28a9c19b8655ff7,True,actual,False,,,,,2026-09-05T08:24:10.398942+02:00
NSR:StopPlace:60944,Ski stasjon,2026-09-05T06:52:00+02:00,2026-09-05T06:52:14+02:00,2026-09-05T06:52:14+02:00,14.0,1,Stabekk,VYG:Line:R21,Stabekk-Oslo S-Moss,R21,rail,VYG:ServiceJourney:1110-MOS_442985-R,True,actual,False,,,,,2026-09-05T08:24:10.398942+02:00
NSR:StopPlace:60944,Ski stasjon,2026-09-05T07:28:00+02:00,2026-09-05T07:28:14+02:00,2026-09-05T07:28:14+02:00,14.0,1,Oslo S,VYG:Line:RE20,Oslo S-Halden-Göteborg (X-Border),RE20,rail,VYG:ServiceJourney:106_442959-R,True,actual,False,,,,,2026-09-05T08:24:10.398942+02:00
NSR:StopPlace:60016,Kråkstad stasjon,2026-09-05T07:35:00+02:00,2026-09-05T07:35:14+02:00,2026-09-05T07:35:14+02:00,14.0,1,Oslo S,VYG:Line:R22,Skøyen-Oslo S-Mysen-Rakkestad,R22,rail,VYG:ServiceJourney:1908_443444-R,True,actual,False,,,,,2026-09-05T08:24:10.398942+02:00
NSR:StopPlace:60045,Hamar stasjon,2026-09-05T06:18:00+02:00,2026-09-05T06:18:14+02:00,2026-09-05T06:18:14+02:00,14.0,1,Drammen,VYG:Line:RE10,Drammen-Oslo S-Lillehammer,RE10,rail,VYG:ServiceJourney:304-HHS_487829-R,True,actual,False,,,,,2026-09-05T08:24:10.398942+02:00
NSR:StopPlace:60053,Halden stasjon,2026-09-05T08:12:00+02:00,2026-09-05T08:12:14+02:00,2026-09-05T08:12:14+02:00,14.0,1,Oslo S,VYG:Line:RE20,Oslo S-Halden-Göteborg (X-Border),RE20,rail,VYG:ServiceJourney:110-HLD_451934-R,True,actual,False,,,,,2026-09-05T08:24:10.398942+02:00
NSR:StopPlace:59616,Asker stasjon,2026-09-05T06:04:00+02:00,2026-09-05T06:04:14+02:00,2026-09-05T06:04:14+02:00,14.0,1,Lillestrøm,VYG:Line:L1,Spikkestad-Oslo S-Lillestrøm,L1,rail,VYG:ServiceJourney:2208_452017-R,True,actual,False,,,,,2026-09-05T08:24:10.398942+02:00
NSR:StopPlace:59616,Asker stasjon,2026-09-05T07:04:00+02:00,2026-09-05T07:04:14+02:00,2026-09-05T07:04:14+02:00,14.0,1,Lillestrøm,VYG:Line:L1,Spikkestad-Oslo S-Lillestrøm,L1,rail,VYG:ServiceJourney:2212_443603-R,True,actual,False,,,,,2026-09-05T08:24:10.398942+02:00
NSR:StopPlace:59635,Hauketo stasjon,2026-09-05T06:57:00+02:00,2026-09-05T06:57:14+02:00,2026-09-05T06:57:14+02:00,14.0,1,Ski,VYG:Line:L2,Stabekk-Oslo S-Ski,L2,rail,VYG:ServiceJourney:2707-HVK_699728-R,True,actual,False,,,,,2026-09-05T08:24:10.398942+02:00
NSR:StopPlace:58856,Lysaker stasjon,2026-09-05T06:27:00+02:00,2026-09-05T06:27:14+02:00,2026-09-05T06:27:14+02:00,14.0,1,Stabekk,VYG:Line:L2,Stabekk-Oslo S-Ski,L2,rail,VYG:ServiceJourney:2708-SKI_443914-R,True,actual,False,,,,,2026-09-05T08:24:10.398942+02:00
NSR:StopPlace:261,Ganddal stasjon,2026-09-05T08:09:00+02:00,2026-09-05T08:09:14+02:00,2026-09-05T08:09:14+02:00,14.0,1,Stavanger,GOA:Line:59,Jærbanen,L5,rail,GOA:ServiceJourney:3013_63045-R,True,actual,False,,,,,2026-09-05T08:24:10.398942+02:00
NSR:StopPlace:59638,Myrvoll stasjon,2026-09-05T03:30:00+02:00,2026-09-05T03:30:14+02:00,2026-09-05T03:30:14+02:00,14.0,1,Ski stasjon,RUT:Line:3981,Nationaltheatret - Ski,81N,bus,RUT:ServiceJourney:0d904a2b671f59cbb6eec9049b0afae4,True,actual,False,,,,,2026-09-05T03:37:34.550234+02:00
NSR:StopPlace:61169,Marienborg stasjon,2026-09-05T06:28:00+02:00,2026-09-05T06:28:13+02:00,2026-09-05T06:28:13+02:00,13.0,1,Havstad,ATB:Line:2_13,Østmarka - Strindheim - Lerkendal - Havstad,13,bus,ATB:ServiceJourney:13_251215112552738_6002,True,actual,False,,,,,2026-09-05T08:24:10.398942+02:00
NSR:StopPlace:61169,Marienborg stasjon,2026-09-05T07:04:00+02:00,2026-09-05T07:04:13+02:00,2026-09-05T07:04:13+02:00,13.0,1,Steinkjer,SJN:Line:26,Trønderbanen,R70,rail,SJN:ServiceJourney:425_56054-R,True,actual,False,,,,,2026-09-05T08:24:10.398942+02:00
NSR:StopPlace:61463,Nordstrand stasjon,2026-09-05T07:07:00+02:00,2026-09-05T07:07:13+02:00,2026-09-05T07:07:13+02:00,13.0,1,Stabekk,VYG:Line:L2,Stabekk-Oslo S-Ski,L2,rail,VYG:ServiceJourney:2712-SKI_443918-R,True,actual,False,,,,,2026-09-05T08:24:10.398942+02:00
NSR:StopPlace:61314,Hovin stasjon,2026-09-05T06:12:00+02:00,2026-09-05T06:12:13+02:00,2026-09-05T06:12:13+02:00,13.0,1,Steinkjer,SJN:Line:26,Trønderbanen,R70,rail,SJN:ServiceJourney:425_56054-R,True,actual,False,,,,,2026-09-05T08:24:10.398942+02:00
NSR:StopPlace:59952,Drammen stasjon,2026-09-05T06:02:00+02:00,2026-09-05T06:02:13+02:00,2026-09-05T06:02:13+02:00,13.0,1,Oslo Lufthavn,FLT:Line:FLY1,FLY1,FLY1,rail,FLT:ServiceJourney:1-2614-3713-20260905,True,actual,False,,,,,2026-09-05T08:24:10.398942+02:00
NSR:StopPlace:60569,Sirevåg stasjon,2026-09-05T06:30:00+02:00,2026-09-05T06:30:13+02:00,2026-09-05T06:30:13+02:00,13.0,1,Stavanger,GOA:Line:59,Jærbanen,L5,rail,GOA:ServiceJourney:3007_63039-R,True,actual,False,,,,,2026-09-05T08:24:10.398942+02:00
NSR:StopPlace:59616,Asker stasjon,2026-09-05T06:39:00+02:00,2026-09-05T06:39:13+02:00,2026-09-05T06:39:13+02:00,13.0,1,Kongsvinger,VYG:Line:R14,Asker-Oslo S-Kongsvinger,R14,rail,VYG:ServiceJourney:1005_442910-R,True,actual,False,,,,,2026-09-05T08:24:10.398942+02:00
NSR:StopPlace:60603,Kongsberg stasjon,2026-09-05T07:34:00+02:00,2026-09-05T07:34:13+02:00,2026-09-05T07:34:13+02:00,13.0,1,Eidsvoll,VYG:Line:R12,Kongsberg-Oslo S-Eidsvoll,R12,rail,VYG:ServiceJourney:508_444301-R,True,actual,False,,,,,2026-09-05T08:24:10.398942+02:00
NSR:StopPlace:59635,Hauketo stasjon,2026-09-05T06:55:00+02:00,2026-09-05T06:55:13+02:00,2026-09-05T06:55:13+02:00,13.0,1,Holmlia stasjon,RUT:Line:77,Holmlia stasjon - Bjørndal,77,bus,RUT:ServiceJourney:031d6387b98db5e9e02d8a98f12e4e6f,True,actual,False,,,,,2026-09-05T08:24:10.398942+02:00
NSR:StopPlace:59635,Hauketo stasjon,2026-09-05T07:03:00+02:00,2026-09-05T07:03:13+02:00,2026-09-05T07:03:13+02:00,13.0,1,Brenna,RUT:Line:73,Holmlia stasjon - Brenna,73,bus,RUT:ServiceJourney:58dee8377d74eba65af4bfa99da0f1e1,True,actual,False,,,,,2026-09-05T08:24:10.398942+02:00
NSR:StopPlace:59636,Holmlia stasjon,2026-09-05T05:55:00+02:00,2026-09-05T05:55:13+02:00,2026-09-05T05:55:13+02:00,13.0,1,Grorud T,RUT:Line:79,Grorud T - Åsbråten,79,bus,RUT:ServiceJourney:79bb673a1daf92dfba37d780c4551e4b,True,actual,False,,,,,2026-09-05T08:24:10.398942+02:00
NSR:StopPlace:58925,Gausel stasjon,2026-09-05T07:47:00+02:00,2026-09-05T07:47:13+02:00,2026-09-05T07:47:13+02:00,13.0,1,Stavanger,KOL:Line:8_1001,1,1,bus,KOL:ServiceJourney:1001_251008118383359_4004,True,actual,False,,,,,2026-09-05T08:24:10.398942+02:00
NSR:StopPlace:58794,Fredrikstad stasjon,2026-09-05T08:17:00+02:00,2026-09-05T08:17:13+02:00,2026-09-05T08:17:13+02:00,13.0,1,Halden,VYG:Line:RE20,Oslo S-Halden-Göteborg (X-Border),RE20,rail,VYG:ServiceJourney:105_481133-R,True,actual,False,,,,,2026-09-05T08:24:10.398942+02:00
NSR:StopPlace:58836,Mjøndalen stasjon,2026-09-05T07:53:00+02:00,2026-09-05T07:53:13+02:00,2026-09-05T07:53:13+02:00,13.0,1,Kongsberg,VYG:Line:R12,Kongsberg-Oslo S-Eidsvoll,R12,rail,VYG:ServiceJourney:505_444297-R,True,actual,False,,,,,2026-09-05T08:24:10.398942+02:00
NSR:StopPlace:58840,Vestfossen stasjon,2026-09-05T08:06:00+02:00,2026-09-05T08:06:13+02:00,2026-09-05T08:06:13+02:00,13.0,1,Kongsberg,VYG:Line:R12,Kongsberg-Oslo S-Eidsvoll,R12,rail,VYG:ServiceJourney:505_444297-R,True,actual,False,,,,,2026-09-05T08:24:10.398942+02:00
NSR:StopPlace:58855,Leirsund stasjon,2026-09-05T08:00:00+02:00,2026-09-05T08:00:13+02:00,2026-09-05T08:00:13+02:00,13.0,1,Dal,VYG:Line:R13,Drammen-Oslo S-Dal,R13,rail,VYG:ServiceJourney:1611_443232-R,True,actual,False,,,,,2026-09-05T08:24:10.398942+02:00
NSR:StopPlace:58856,Lysaker stasjon,2026-09-05T06:51:00+02:00,2026-09-05T06:51:13+02:00,2026-09-05T06:51:13+02:00,13.0,1,Kongsvinger,VYG:Line:R14,Asker-Oslo S-Kongsvinger,R14,rail,VYG:ServiceJourney:1005_442910-R,True,actual,False,,,,,2026-09-05T08:24:10.398942+02:00
NSR:StopPlace:58861,Solbråtan stasjon,2026-09-05T07:11:00+02:00,2026-09-05T07:11:13+02:00,2026-09-05T07:11:13+02:00,13.0,1,Tårnåsen,RUT:Line:83,Jernbanetorget - Tårnåsen,83,bus,RUT:ServiceJourney:71ff456ffff6196796b43938b43dbbda,True,actual,False,Linje 80E og 83 får Hausmanns bru som ny endeholdeplass fra 29. juni,"Bussene stopper ikke på Jernbanetorget etter 29. juni, men starter og stopper på Hausmanns bru i Nylandsveien.",incident,normal,2026-09-05T08:24:10.398942+02:00
NSR:StopPlace:58211,Oslo lufthavn,2026-09-05T05:54:00+02:00,2026-09-05T05:54:13+02:00,2026-09-05T05:54:13+02:00,13.0,1,Kopperud,RUT:Line:420,Maura -  Jessheim,420,bus,RUT:ServiceJourney:a21da047389d904cc423a61f6b9ce36c,True,actual,False,,,,,2026-09-05T08:24:10.398942+02:00
NSR:StopPlace:610,Sandvika stasjon,2026-09-05T07:40:00+02:00,2026-09-05T07:40:13+02:00,2026-09-05T07:40:13+02:00,13.0,1,Oslo Lufthavn,FLT:Line:FLY1,FLY1,FLY1,rail,FLT:ServiceJourney:1-2614-3721-20260905,True,actual,False,,,,,2026-09-05T08:24:10.398942+02:00
NSR:StopPlace:62393,Billingstad stasjon,2026-09-05T07:13:00+02:00,2026-09-05T07:13:13+02:00,2026-09-05T07:13:13+02:00,13.0,1,Lillestrøm,VYG:Line:L1,Spikkestad-Oslo S-Lillestrøm,L1,rail,VYG:ServiceJourney:2212_443603-R,True,actual,False,,,,,2026-09-05T08:24:10.398942+02:00
NSR:StopPlace:61979,Hellvik stasjon,2026-09-05T06:24:00+02:00,2026-09-05T06:24:13+02:00,2026-09-05T06:24:13+02:00,13.0,1,Stavanger,GOA:Line:59,Jærbanen,L5,rail,GOA:ServiceJourney:3007_63039-R,True,actual,False,,,,,2026-09-05T08:24:10.398942+02:00
NSR:StopPlace:61251,Øksnavadporten stasjon,2026-09-05T06:13:00+02:00,2026-09-05T06:13:12+02:00,2026-09-05T06:13:12+02:00,12.0,1,Egersund,GOA:Line:59,Jærbanen,L5,rail,GOA:ServiceJourney:3008_63040-R,True,actual,False,,,,,2026-09-05T08:24:10.398942+02:00
NSR:StopPlace:61463,Nordstrand stasjon,2026-09-05T07:37:00+02:00,2026-09-05T07:37:12+02:00,2026-09-05T07:37:12+02:00,12.0,1,Stabekk,VYG:Line:L2,Stabekk-Oslo S-Ski,L2,rail,VYG:ServiceJourney:2714-SKI_443920-R,True,actual,False,,,,,2026-09-05T08:24:10.398942+02:00
NSR:StopPlace:61464,Hvalstad stasjon,2026-09-05T08:10:00+02:00,2026-09-05T08:10:12+02:00,2026-09-05T08:10:12+02:00,12.0,1,Lillestrøm,VYG:Line:L1,Spikkestad-Oslo S-Lillestrøm,L1,rail,VYG:ServiceJourney:2216_443609-R,True,actual,False,,,,,2026-09-05T08:24:10.398942+02:00
NSR:StopPlace:53,Røros stasjon,2026-09-05T06:18:00+02:00,2026-09-05T06:18:12+02:00,2026-09-05T06:18:12+02:00,12.0,1,Hamar,SJN:Line:25,Rørosbanen,R60,rail,SJN:ServiceJourney:2380_37659-R,True,actual,False,,,,,2026-09-05T08:24:10.398942+02:00
NSR:StopPlace:59646,Høvik stasjon,2026-09-05T06:56:00+02:00,2026-09-05T06:56:12+02:00,2026-09-05T06:56:12+02:00,12.0,1,Spikkestad,VYG:Line:L1,Spikkestad-Oslo S-Lillestrøm,L1,rail,VYG:ServiceJourney:2207_443595-R,True,actual,False,,,,,2026-09-05T08:24:10.398942+02:00
NSR:StopPlace:60640,Heimdal stasjon,2026-09-05T07:36:00+02:00,2026-09-05T07:36:12+02:00,2026-09-05T07:36:12+02:00,12.0,1,Ringvål,ATB:Line:2_78,Heimdal- Ringvål (-Spongdal),78,bus,ATB:ServiceJourney:78_251215112544265_6002,True,actual,False,,,,,2026-09-05T08:24:10.398942+02:00
NSR:StopPlace:60640,Heimdal stasjon,2026-09-05T08:11:00+02:00,2026-09-05T08:11:12+02:00,2026-09-05T08:11:12+02:00,12.0,1,Kattem,ATB:Line:2_1,Ranheim - Strindheim - sentrum - Tiller - Heimdal - Kattem,1,bus,ATB:ServiceJourney:1_251215112546313_6010,True,actual,False,,,,,2026-09-05T08:24:10.398942+02:00
NSR:StopPlace:59651,Skøyen stasjon,2026-09-05T05:47:00+02:00,2026-09-05T05:47:12+02:00,2026-09-05T05:47:12+02:00,12.0,1,Galgeberg,RUT:Line:20,Skøyen - Galgeberg,20,bus,RUT:ServiceJourney:e3a2b6368b2e699057d59749f85bfb94,True,actual,False,,,,,2026-09-05T08:24:10.398942+02:00
NSR:StopPlace:59654,Stabekk stasjon,2026-09-05T07:56:00+02:00,2026-09-05T07:56:12+02:00,2026-09-05T07:56:12+02:00,12.0,1,Lillestrøm,VYG:Line:L1,Spikkestad-Oslo S-Lillestrøm,L1,rail,VYG:ServiceJourney:2214_443606-R,True,actual,False,,,,,2026-09-05T08:24:10.398942+02:00
NSR:StopPlace:59952,Drammen stasjon,2026-09-05T07:43:00+02:00,2026-09-05T07:43:12+02:00,2026-09-05T07:43:12+02:00,12.0,1,Kongsberg,VYG:Line:R12,Kongsberg-Oslo S-Eidsvoll,R12,rail,VYG:ServiceJourney:505_444297-R,True,actual,False,,,,,2026-09-05T08:24:10.398942+02:00
NSR:StopPlace:60603,Kongsberg stasjon,2026-09-05T05:34:00+02:00,2026-09-05T05:34:12+02:00,2026-09-05T05:34:12+02:00,12.0,1,Eidsvoll,VYG:Line:R12,Kongsberg-Oslo S-Eidsvoll,R12,rail,VYG:ServiceJourney:504_444295-R,True,actual,False,,,,,2026-09-05T08:24:10.398942+02:00
NSR:StopPlace:59635,Hauketo stasjon,2026-09-05T06:03:00+02:00,2026-09-05T06:03:12+02:00,2026-09-05T06:03:12+02:00,12.0,1,Brenna,RUT:Line:73,Holmlia stasjon - Brenna,73,bus,RUT:ServiceJourney:74796e1e12b01808d710658fe28b9c4d,True,actual,False,,,,,2026-09-05T08:24:10.398942+02:00
NSR:StopPlace:59635,Hauketo stasjon,2026-09-05T07:24:00+02:00,2026-09-05T07:24:12+02:00,2026-09-05T07:24:12+02:00,12.0,1,Holmlia stasjon,RUT:Line:73,Holmlia stasjon - Brenna,73,bus,RUT:ServiceJourney:0e7257cd67e650ff296752828220cae2,True,actual,False,,,,,2026-09-05T08:24:10.398942+02:00
NSR:StopPlace:59636,Holmlia stasjon,2026-09-05T07:00:00+02:00,2026-09-05T07:00:12+02:00,2026-09-05T07:00:12+02:00,12.0,1,Stabekk,VYG:Line:L2,Stabekk-Oslo S-Ski,L2,rail,VYG:ServiceJourney:2712-SKI_443918-R,True,actual,False,,,,,2026-09-05T08:24:10.398942+02:00
NSR:StopPlace:59638,Myrvoll stasjon,2026-09-05T07:21:00+02:00,2026-09-05T07:21:12+02:00,2026-09-05T07:21:12+02:00,12.0,1,Stabekk,VYG:Line:L2,Stabekk-Oslo S-Ski,L2,rail,VYG:ServiceJourney:2714-SKI_443920-R,True,actual,False,,,,,2026-09-05T08:24:10.398942+02:00
NSR:StopPlace:58404,Nationaltheatret,2026-09-05T06:22:00+02:00,2026-09-05T06:22:12+02:00,2026-09-05T06:22:12+02:00,12.0,1,Grorud T,RUT:Line:31,Snarøya - Fornebu - Tonsenhagen - Grorud,31,bus,RUT:ServiceJourney:92bed3a4a515d9c8207c7d27a2ccbe97,True,actual,False,,,,,2026-09-05T08:24:10.398942+02:00
NSR:StopPlace:58924,Bryne stasjon,2026-09-05T07:28:00+02:00,2026-09-05T07:28:12+02:00,2026-09-05T07:28:12+02:00,12.0,1,Egersund,GOA:Line:59,Jærbanen,L5,rail,GOA:ServiceJourney:3012_63044-R,True,actual,False,,,,,2026-09-05T08:24:10.398942+02:00
NSR:StopPlace:58856,Lysaker stasjon,2026-09-05T06:26:00+02:00,2026-09-05T06:26:12+02:00,2026-09-05T06:26:12+02:00,12.0,1,Oslo Lufthavn,FLT:Line:FLY1,FLY1,FLY1,rail,FLT:ServiceJourney:1-2614-3713-20260905,True,actual,False,,,,,2026-09-05T08:24:10.398942+02:00
NSR:StopPlace:58856,Lysaker stasjon,2026-09-05T06:47:00+02:00,2026-09-05T06:47:12+02:00,2026-09-05T06:47:12+02:00,12.0,1,Stabekk,VYG:Line:R21,Stabekk-Oslo S-Moss,R21,rail,VYG:ServiceJourney:1108-MOS_442979-R,True,actual,False,,,,,2026-09-05T08:24:10.398942+02:00
NSR:StopPlace:58813,Skarnes stasjon,2026-09-05T06:48:00+02:00,2026-09-05T06:48:12+02:00,2026-09-05T06:48:12+02:00,12.0,1,Asker,VYG:Line:R14,Asker-Oslo S-Kongsvinger,R14,rail,VYG:ServiceJourney:1006_442911-R,True,actual,False,,,,,2026-09-05T08:24:10.398942+02:00
NSR:StopPlace:261,Ganddal stasjon,2026-09-05T06:09:00+02:00,2026-09-05T06:09:12+02:00,2026-09-05T06:09:12+02:00,12.0,1,Egersund,GOA:Line:59,Jærbanen,L5,rail,GOA:ServiceJourney:3008_63040-R,True,actual,False,,,,,2026-09-05T08:24:10.398942+02:00
NSR:StopPlace:420,Lillehammer stasjon,2026-09-05T07:22:00+02:00,2026-09-05T07:22:12+02:00,2026-09-05T07:22:12+02:00,12.0,1,Drammen,VYG:Line:RE10,Drammen-Oslo S-Lillehammer,RE10,rail,VYG:ServiceJourney:358-DOM_621902-R,True,actual,False,,,,,2026-09-05T08:24:10.398942+02:00
NSR:StopPlace:62309,Ljan stasjon,2026-09-05T07:35:00+02:00,2026-09-05T07:35:12+02:00,2026-09-05T07:35:12+02:00,12.0,1,Stabekk,VYG:Line:L2,Stabekk-Oslo S-Ski,L2,rail,VYG:ServiceJourney:2714-SKI_443920-R,True,actual,False,,,,,2026-09-05T08:24:10.398942+02:00
NSR:StopPlace:62339,Lillestrøm stasjon,2026-09-05T07:55:00+02:00,2026-09-05T07:55:12+02:00,2026-09-05T07:55:12+02:00,12.0,1,Dal,VYG:Line:R13,Drammen-Oslo S-Dal,R13,rail,VYG:ServiceJourney:1611_443232-R,True,actual,False,Heis i spor 1 og 2 er ute av bruk på grunn av vedlikehold.,Heis i spor 1 og 2 er ute av bruk på grunn av vedlikehold.,general,normal,2026-09-05T08:24:10.398942+02:00
NSR:StopPlace:59636,Holmlia stasjon,2026-09-05T02:29:00+02:00,2026-09-05T02:29:12+02:00,2026-09-05T02:29:12+02:00,12.0,1,Fløysbonn,RUT:Line:3983,Nationaltheatret - Fløysbonn,83N,bus,RUT:ServiceJourney:7a56380ae2ef238fd4d2db607875c3ed,True,actual,False,,,,,2026-09-05T03:37:34.550234+02:00
NSR:StopPlace:61466,Vakås stasjon,2026-09-05T07:11:00+02:00,2026-09-05T07:11:11+02:00,2026-09-05T07:11:11+02:00,11.0,1,Spikkestad,VYG:Line:L1,Spikkestad-Oslo S-Lillestrøm,L1,rail,VYG:ServiceJourney:2207_443595-R,True,actual,False,,,,,2026-09-05T08:24:10.398942+02:00
NSR:StopPlace:41,Hanaborg stasjon,2026-09-05T06:19:00+02:00,2026-09-05T06:19:11+02:00,2026-09-05T06:19:11+02:00,11.0,1,Spikkestad,VYG:Line:L1,Spikkestad-Oslo S-Lillestrøm,L1,rail,VYG:ServiceJourney:2207_443595-R,True,actual,False,,,,,2026-09-05T08:24:10.398942+02:00
NSR:StopPlace:59649,Nydalen stasjon,2026-09-05T06:46:00+02:00,2026-09-05T06:46:11+02:00,2026-09-05T06:46:11+02:00,11.0,1,Lysaker,RUT:Line:23,Lysaker - Simensbråten,23,bus,RUT:ServiceJourney:ac7c67617ab4a96ade28914851a4e7a1,True,actual,False,,,,,2026-09-05T08:24:10.398942+02:00
NSR:StopPlace:59654,Stabekk stasjon,2026-09-05T06:56:00+02:00,2026-09-05T06:56:11+02:00,2026-09-05T06:56:11+02:00,11.0,1,Lillestrøm,VYG:Line:L1,Spikkestad-Oslo S-Lillestrøm,L1,rail,VYG:ServiceJourney:2210_443600-R,True,actual,False,,,,,2026-09-05T08:24:10.398942+02:00
NSR:StopPlace:59952,Drammen stasjon,2026-09-05T05:42:00+02:00,2026-09-05T05:42:11+02:00,2026-09-05T05:42:11+02:00,11.0,1,Oslo Lufthavn,FLT:Line:FLY1,FLY1,FLY1,rail,FLT:ServiceJourney:1-2614-3711-20260905,True,actual,False,,,,,2026-09-05T08:24:10.398942+02:00
NSR:StopPlace:59952,Drammen stasjon,2026-09-05T06:17:00+02:00,2026-09-05T06:17:11+02:00,2026-09-05T06:17:11+02:00,11.0,1,Eidsvoll,VYG:Line:R12,Kongsberg-Oslo S-Eidsvoll,R12,rail,VYG:ServiceJourney:504_444295-R,True,actual,False,,,,,2026-09-05T08:24:10.398942+02:00
NSR:StopPlace:59952,Drammen stasjon,2026-09-05T08:02:00+02:00,2026-09-05T08:02:11+02:00,2026-09-05T08:02:11+02:00,11.0,1,Oslo Lufthavn,FLT:Line:FLY1,FLY1,FLY1,rail,FLT:ServiceJourney:1-2614-3725-20260905,True,actual,False,,,,,2026-09-05T08:24:10.398942+02:00
NSR:StopPlace:59616,Asker stasjon,2026-09-05T06:59:00+02:00,2026-09-05T06:59:11+02:00,2026-09-05T06:59:11+02:00,11.0,1,Eidsvoll,VYG:Line:RE11,Eidsvoll-Oslo S-Skien,RE11,rail,VYG:ServiceJourney:804-DRM_652700-R,True,actual,False,,,,,2026-09-05T08:24:10.398942+02:00
NSR:StopPlace:59635,Hauketo stasjon,2026-09-05T06:24:00+02:00,2026-09-05T06:24:11+02:00,2026-09-05T06:24:11+02:00,11.0,1,Holmlia stasjon,RUT:Line:73,Holmlia stasjon - Brenna,73,bus,RUT:ServiceJourney:208cade5fd3cfbd47593baf6e65a391b,True,actual,False,,,,,2026-09-05T08:24:10.398942+02:00
NSR:StopPlace:59635,Hauketo stasjon,2026-09-05T08:05:00+02:00,2026-09-05T08:05:11+02:00,2026-09-05T08:05:11+02:00,11.0,1,Bjørndal,RUT:Line:77,Holmlia stasjon - Bjørndal,77,bus,RUT:ServiceJourney:fefaa5f5170f5ee0dfd8a485092bc8aa,True,actual,False,,,,,2026-09-05T08:24:10.398942+02:00
NSR:StopPlace:59636,Holmlia stasjon,2026-09-05T06:55:00+02:00,2026-09-05T06:55:11+02:00,2026-09-05T06:55:11+02:00,11.0,1,Grorud T,RUT:Line:79,Grorud T - Åsbråten,79,bus,RUT:ServiceJourney:e02dadb079e1e9bd4ba96e3ce62421c8,True,actual,False,,,,,2026-09-05T08:24:10.398942+02:00
NSR:StopPlace:59636,Holmlia stasjon,2026-09-05T06:59:00+02:00,2026-09-05T06:59:11+02:00,2026-09-05T06:59:11+02:00,11.0,1,Brenna,RUT:Line:73,Holmlia stasjon - Brenna,73,bus,RUT:ServiceJourney:58dee8377d74eba65af4bfa99da0f1e1,True,actual,False,,,,,2026-09-05T08:24:10.398942+02:00
NSR:StopPlace:58794,Fredrikstad stasjon,2026-09-05T07:10:00+02:00,2026-09-05T07:10:11+02:00,2026-09-05T07:10:11+02:00,11.0,1,Kalnes,OST:Line:1_4,Fredrikstad - Kalnes,4,bus,OST:ServiceJourney:4_260325121471331_603,True,actual,False,,,,,2026-09-05T08:24:10.398942+02:00
NSR:StopPlace:58796,Moss stasjon,2026-09-05T07:50:00+02:00,2026-09-05T07:50:11+02:00,2026-09-05T07:50:11+02:00,11.0,1,Halden,VYG:Line:RE20,Oslo S-Halden-Göteborg (X-Border),RE20,rail,VYG:ServiceJourney:105_481133-R,True,actual,False,,,,,2026-09-05T08:24:10.398942+02:00
NSR:StopPlace:58834,Hokksund stasjon,2026-09-05T05:59:00+02:00,2026-09-05T05:59:11+02:00,2026-09-05T05:59:11+02:00,11.0,1,Eidsvoll,VYG:Line:R12,Kongsberg-Oslo S-Eidsvoll,R12,rail,VYG:ServiceJourney:504_444295-R,True,actual,False,,,,,2026-09-05T08:24:10.398942+02:00
NSR:StopPlace:58851,Heggedal stasjon,2026-09-05T07:25:00+02:00,2026-09-05T07:25:11+02:00,2026-09-05T07:25:11+02:00,11.0,1,Spikkestad,VYG:Line:L1,Spikkestad-Oslo S-Lillestrøm,L1,rail,VYG:ServiceJourney:2207_443595-R,True,actual,False,,,,,2026-09-05T08:24:10.398942+02:00
NSR:StopPlace:58851,Heggedal stasjon,2026-09-05T07:55:00+02:00,2026-09-05T07:55:11+02:00,2026-09-05T07:55:11+02:00,11.0,1,Lillestrøm,VYG:Line:L1,Spikkestad-Oslo S-Lillestrøm,L1,rail,VYG:ServiceJourney:2216_443609-R,True,actual,False,,,,,2026-09-05T08:24:10.398942+02:00
NSR:StopPlace:58879,Lunde stasjon,2026-09-05T04:58:00+02:00,2026-09-05T04:58:11+02:00,2026-09-05T04:58:11+02:00,11.0,1,Oslo S,GOA:Line:50,Sørtoget region,F5,rail,GOA:ServiceJourney:726-KVB_63257-R,True,actual,False,,,,,2026-09-05T08:24:10.398942+02:00
NSR:StopPlace:58802,Spydeberg stasjon,2026-09-05T08:21:00+02:00,2026-09-05T08:21:11+02:00,2026-09-05T08:21:11+02:00,11.0,1,Oslo S,VYG:Line:R22,Skøyen-Oslo S-Mysen-Rakkestad,R22,rail,VYG:ServiceJourney:1910_443447-R,True,actual,False,,,,,2026-09-05T08:24:10.398942+02:00
NSR:StopPlace:58805,Brumunddal stasjon,2026-09-05T06:05:00+02:00,2026-09-05T06:05:11+02:00,2026-09-05T06:05:11+02:00,11.0,1,Drammen,VYG:Line:RE10,Drammen-Oslo S-Lillehammer,RE10,rail,VYG:ServiceJourney:304-HHS_487829-R,True,actual,False,,,,,2026-09-05T08:24:10.398942+02:00
NSR:StopPlace:62309,Ljan stasjon,2026-09-05T07:05:00+02:00,2026-09-05T07:05:11+02:00,2026-09-05T07:05:11+02:00,11.0,1,Stabekk,VYG:Line:L2,Stabekk-Oslo S-Ski,L2,rail,VYG:ServiceJourney:2712-SKI_443918-R,True,actual,False,,,,,2026-09-05T08:24:10.398942+02:00
NSR:StopPlace:62339,Lillestrøm stasjon,2026-09-05T06:46:00+02:00,2026-09-05T06:46:11+02:00,2026-09-05T06:46:11+02:00,11.0,1,Asker,VYG:Line:R14,Asker-Oslo S-Kongsvinger,R14,rail,VYG:ServiceJourney:1004_442909-R,True,actual,False,Heis i spor 1 og 2 er ute av bruk på grunn av vedlikehold.,Heis i spor 1 og 2 er ute av bruk på grunn av vedlikehold.,general,normal,2026-09-05T08:24:10.398942+02:00
NSR:StopPlace:62339,Lillestrøm stasjon,2026-09-05T07:16:00+02:00,2026-09-05T07:16:11+02:00,2026-09-05T07:16:11+02:00,11.0,1,Drammen,VYG:Line:RE10,Drammen-Oslo S-Lillehammer,RE10,rail,VYG:ServiceJourney:304-HHS_487829-R,True,actual,False,Heis i spor 1 og 2 er ute av bruk på grunn av vedlikehold.,Heis i spor 1 og 2 er ute av bruk på grunn av vedlikehold.,general,normal,2026-09-05T08:24:10.398942+02:00
NSR:StopPlace:62339,Lillestrøm stasjon,2026-09-05T07:26:00+02:00,2026-09-05T07:26:11+02:00,2026-09-05T07:26:11+02:00,11.0,1,Skien,VYG:Line:RE11,Eidsvoll-Oslo S-Skien,RE11,rail,VYG:ServiceJourney:807-EVL_652708-R,True,actual,False,Heis i spor 1 og 2 er ute av bruk på grunn av vedlikehold.,Heis i spor 1 og 2 er ute av bruk på grunn av vedlikehold.,general,normal,2026-09-05T08:24:10.398942+02:00
NSR:StopPlace:59649,Nydalen stasjon,2026-09-05T05:46:00+02:00,2026-09-05T05:46:10+02:00,2026-09-05T05:46:10+02:00,10.0,1,Lysaker,RUT:Line:23,Lysaker - Simensbråten,23,bus,RUT:ServiceJourney:00f90cc91ea2516df1d91c855ed04190,True,actual,False,,,,,2026-09-05T08:24:10.398942+02:00
NSR:StopPlace:60640,Heimdal stasjon,2026-09-05T07:31:00+02:00,2026-09-05T07:31:10+02:00,2026-09-05T07:31:10+02:00,10.0,1,Kattem,ATB:Line:2_1,Ranheim - Strindheim - sentrum - Tiller - Heimdal - Kattem,1,bus,ATB:ServiceJourney:1_251215112546311_6006,True,actual,False,,,,,2026-09-05T08:24:10.398942+02:00
NSR:StopPlace:59654,Stabekk stasjon,2026-09-05T07:24:00+02:00,2026-09-05T07:24:10+02:00,2026-09-05T07:24:10+02:00,10.0,1,Spikkestad,VYG:Line:L1,Spikkestad-Oslo S-Lillestrøm,L1,rail,VYG:ServiceJourney:2209_443598-R,True,actual,False,,,,,2026-09-05T08:24:10.398942+02:00
NSR:StopPlace:59654,Stabekk stasjon,2026-09-05T07:30:00+02:00,2026-09-05T07:30:10+02:00,2026-09-05T07:30:10+02:00,10.0,1,Ski,VYG:Line:L2,Stabekk-Oslo S-Ski,L2,rail,VYG:ServiceJourney:2711-HVK_699737-R,True,actual,False,,,,,2026-09-05T08:24:10.398942+02:00
NSR:StopPlace:59654,Stabekk stasjon,2026-09-05T07:36:00+02:00,2026-09-05T07:36:10+02:00,2026-09-05T07:36:10+02:00,10.0,1,Moss,VYG:Line:R21,Stabekk-Oslo S-Moss,R21,rail,VYG:ServiceJourney:1111-HVK_442986-R,True,actual,False,,,,,2026-09-05T08:24:10.398942+02:00
NSR:StopPlace:59244,Egersund stasjon,2026-09-05T06:15:00+02:00,2026-09-05T06:15:10+02:00,2026-09-05T06:15:10+02:00,10.0,1,Stavanger,GOA:Line:59,Jærbanen,L5,rail,GOA:ServiceJourney:3007_63039-R,True,actual,False,,,,,2026-09-05T08:24:10.398942+02:00
NSR:StopPlace:60271,Varhaug stasjon,2026-09-05T06:46:00+02:00,2026-09-05T06:46:10+02:00,2026-09-05T06:46:10+02:00,10.0,1,Stavanger,GOA:Line:59,Jærbanen,L5,rail,GOA:ServiceJourney:3007_63039-R,True,actual,False,,,,,2026-09-05T08:24:10.398942+02:00
NSR:StopPlace:59635,Hauketo stasjon,2026-09-05T06:58:00+02:00,2026-09-05T06:58:10+02:00,2026-09-05T06:58:10+02:00,10.0,1,Filipstad,RUT:Line:81,Fornebu - Myrvoll stasjon,81,bus,RUT:ServiceJourney:e7d7898a52580143efef01fe0a2ad5ea,True,actual,False,,,,,2026-09-05T08:24:10.398942+02:00
NSR:StopPlace:59636,Holmlia stasjon,2026-09-05T07:30:00+02:00,2026-09-05T07:30:10+02:00,2026-09-05T07:30:10+02:00,10.0,1,Stabekk,VYG:Line:L2,Stabekk-Oslo S-Ski,L2,rail,VYG:ServiceJourney:2714-SKI_443920-R,True,actual,False,,,,,2026-09-05T08:24:10.398942+02:00
NSR:StopPlace:59636,Holmlia stasjon,2026-09-05T07:55:00+02:00,2026-09-05T07:55:10+02:00,2026-09-05T07:55:10+02:00,10.0,1,Grorud T,RUT:Line:79,Grorud T - Åsbråten,79,bus,RUT:ServiceJourney:7e588d9c4e7f5db751e0255568610842,True,actual,False,,,,,2026-09-05T08:24:10.398942+02:00
NSR:StopPlace:59636,Holmlia stasjon,2026-09-05T08:04:00+02:00,2026-09-05T08:04:10+02:00,2026-09-05T08:04:10+02:00,10.0,1,Åsbråten,RUT:Line:79,Grorud T - Åsbråten,79,bus,RUT:ServiceJourney:53d239ef01b41a21f1c25138ef7db4d5,True,actual,False,,,,,2026-09-05T08:24:10.398942+02:00
NSR:StopPlace:58404,Nationaltheatret,2026-09-05T05:52:00+02:00,2026-09-05T05:52:10+02:00,2026-09-05T05:52:10+02:00,10.0,1,Grorud T,RUT:Line:31,Snarøya - Fornebu - Tonsenhagen - Grorud,31,bus,RUT:ServiceJourney:d3e5b33e5c8c1eb34d01dcf68d316aeb,True,actual,False,,,,,2026-09-05T08:24:10.398942+02:00
NSR:StopPlace:58952,Bodø stasjon,2026-09-05T06:32:00+02:00,2026-09-05T06:32:10+02:00,2026-09-05T06:32:10+02:00,10.0,1,Tverlandet,NOR:Line:12_8004,Tverlandet - Bodø sentrum - Løpsmarka,4,bus,NOR:ServiceJourney:8004_251012124900475_3001,True,actual,False,,,,,2026-09-05T08:24:10.398942+02:00
NSR:StopPlace:58932,Hommelvik stasjon,2026-09-05T07:44:00+02:00,2026-09-05T07:44:10+02:00,2026-09-05T07:44:10+02:00,10.0,1,Steinkjer,SJN:Line:26,Trønderbanen,R70,rail,SJN:ServiceJourney:425_56054-R,True,actual,False,,,,,2026-09-05T08:24:10.398942+02:00
NSR:StopPlace:58836,Mjøndalen stasjon,2026-09-05T07:06:00+02:00,2026-09-05T07:06:10+02:00,2026-09-05T07:06:10+02:00,10.0,1,Drammen sykehus,BRA:Line:4_6001,Drammen sykehus Brakerøya - Sørensvingen / Mjøndalen,1,bus,BRA:ServiceJourney:6001_260415100161850_6004,True,actual,False,,,,,2026-09-05T08:24:10.398942+02:00
NSR:StopPlace:58851,Heggedal stasjon,2026-09-05T06:24:00+02:00,2026-09-05T06:24:10+02:00,2026-09-05T06:24:10+02:00,10.0,1,Lillestrøm,VYG:Line:L1,Spikkestad-Oslo S-Lillestrøm,L1,rail,VYG:ServiceJourney:2210_443600-R,True,actual,False,,,,,2026-09-05T08:24:10.398942+02:00
NSR:StopPlace:58878,Drangedal stasjon,2026-09-05T04:36:00+02:00,2026-09-05T04:36:10+02:00,2026-09-05T04:36:10+02:00,10.0,1,Oslo S,GOA:Line:50,Sørtoget region,F5,rail,GOA:ServiceJourney:726-KVB_63257-R,True,actual,False,,,,,2026-09-05T08:24:10.398942+02:00
NSR:StopPlace:420,Lillehammer stasjon,2026-09-05T05:31:00+02:00,2026-09-05T05:31:10+02:00,2026-09-05T05:31:10+02:00,10.0,1,Drammen,VYG:Line:RE10,Drammen-Oslo S-Lillehammer,RE10,rail,VYG:ServiceJourney:304-HHS_487829-R,True,actual,False,,,,,2026-09-05T08:24:10.398942+02:00
NSR:StopPlace:420,Lillehammer stasjon,2026-09-05T08:15:00+02:00,2026-09-05T08:15:10+02:00,2026-09-05T08:15:10+02:00,10.0,1,Drammen,VYG:Line:RE10,Drammen-Oslo S-Lillehammer,RE10,rail,VYG:ServiceJourney:310-LHM_444152-R,True,actual,False,,,,,2026-09-05T08:24:10.398942+02:00
NSR:StopPlace:61897,Bryn stasjon,2026-09-05T07:15:00+02:00,2026-09-05T07:15:09+02:00,2026-09-05T07:15:09+02:00,9.0,1,Lillestrøm,VYG:Line:L1,Spikkestad-Oslo S-Lillestrøm,L1,rail,VYG:ServiceJourney:2210_443600-R,True,actual,False,,,,,2026-09-05T08:24:10.398942+02:00
NSR:StopPlace:59646,Høvik stasjon,2026-09-05T06:23:00+02:00,2026-09-05T06:23:09+02:00,2026-09-05T06:23:09+02:00,9.0,1,Lillestrøm,VYG:Line:L1,Spikkestad-Oslo S-Lillestrøm,L1,rail,VYG:ServiceJourney:2208_452017-R,True,actual,False,,,,,2026-09-05T08:24:10.398942+02:00
NSR:StopPlace:60640,Heimdal stasjon,2026-09-05T07:11:00+02:00,2026-09-05T07:11:09+02:00,2026-09-05T07:11:09+02:00,9.0,1,Kattem,ATB:Line:2_1,Ranheim - Strindheim - sentrum - Tiller - Heimdal - Kattem,1,bus,ATB:ServiceJourney:1_251215112546310_6004,True,actual,False,,,,,2026-09-05T08:24:10.398942+02:00
NSR:StopPlace:60640,Heimdal stasjon,2026-09-05T08:22:00+02:00,2026-09-05T08:22:09+02:00,2026-09-05T08:22:09+02:00,9.0,1,Lund,ATB:Line:2_2,Strindheim- Lade- sentrum- Sau,2,bus,ATB:ServiceJourney:2_251215112550144_6012,True,actual,False,,,,,2026-09-05T08:24:10.398942+02:00
NSR:StopPlace:59654,Stabekk stasjon,2026-09-05T06:06:00+02:00,2026-09-05T06:06:09+02:00,2026-09-05T06:06:09+02:00,9.0,1,Moss,VYG:Line:R21,Stabekk-Oslo S-Moss,R21,rail,VYG:ServiceJourney:1105-HVK_442976-R,True,actual,False,,,,,2026-09-05T08:24:10.398942+02:00
NSR:StopPlace:59952,Drammen stasjon,2026-09-05T06:42:00+02:00,2026-09-05T06:42:09+02:00,2026-09-05T06:42:09+02:00,9.0,1,Oslo Lufthavn,FLT:Line:FLY1,FLY1,FLY1,rail,FLT:ServiceJourney:1-2614-3717-20260905,True,actual,False,,,,,2026-09-05T08:24:10.398942+02:00
NSR:StopPlace:60944,Ski stasjon,2026-09-05T06:44:00+02:00,2026-09-05T06:44:09+02:00,2026-09-05T06:44:09+02:00,9.0,1,Ski næringspark,RUT:Line:520,Vinterbro - Ski stasjon,520,bus,RUT:ServiceJourney:2240f821129b24369fa93a90746e50b4,True,actual,False,,,,,2026-09-05T08:24:10.398942+02:00
NSR:StopPlace:60047,Melhus skysstasjon,2026-09-05T06:42:00+02:00,2026-09-05T06:42:09+02:00,2026-09-05T06:42:09+02:00,9.0,1,Steinkjer,SJN:Line:26,Trønderbanen,R70,rail,SJN:ServiceJourney:425_56054-R,True,actual,False,,,,,2026-09-05T08:24:10.398942+02:00
NSR:StopPlace:59616,Asker stasjon,2026-09-05T06:54:00+02:00,2026-09-05T06:54:09+02:00,2026-09-05T06:54:09+02:00,9.0,1,Oslo Lufthavn,FLT:Line:FLY1,FLY1,FLY1,rail,FLT:ServiceJourney:1-2614-3717-20260905,True,actual,False,,,,,2026-09-05T08:24:10.398942+02:00
NSR:StopPlace:59635,Hauketo stasjon,2026-09-05T06:03:00+02:00,2026-09-05T06:03:09+02:00,2026-09-05T06:03:09+02:00,9.0,1,Grorud T,RUT:Line:79,Grorud T - Åsbråten,79,bus,RUT:ServiceJourney:79bb673a1daf92dfba37d780c4551e4b,True,actual,False,,,,,2026-09-05T08:24:10.398942+02:00
NSR:StopPlace:59635,Hauketo stasjon,2026-09-05T07:54:00+02:00,2026-09-05T07:54:09+02:00,2026-09-05T07:54:09+02:00,9.0,1,Holmlia stasjon,RUT:Line:73,Holmlia stasjon - Brenna,73,bus,RUT:ServiceJourney:cc803cc741b93065d4832539e827f3ec,True,actual,False,,,,,2026-09-05T08:24:10.398942+02:00
NSR:StopPlace:58404,Nationaltheatret,2026-09-05T05:47:00+02:00,2026-09-05T05:47:09+02:00,2026-09-05T05:47:09+02:00,9.0,1,Kjelsås,RUT:Line:3912,Majorstuen - Kjelsås,12N,bus,RUT:ServiceJourney:511a16aa39fbe0efd485a6995d4060ec,True,actual,False,,,,,2026-09-05T08:24:10.398942+02:00
NSR:StopPlace:58793,Askim stasjon,2026-09-05T07:41:00+02:00,2026-09-05T07:41:09+02:00,2026-09-05T07:41:09+02:00,9.0,1,Rakkestad,VYG:Line:R22,Skøyen-Oslo S-Mysen-Rakkestad,R22,rail,VYG:ServiceJourney:1905-LOD_452016-R,True,actual,False,,,,,2026-09-05T08:24:10.398942+02:00
NSR:StopPlace:58796,Moss stasjon,2026-09-05T07:54:00+02:00,2026-09-05T07:54:09+02:00,2026-09-05T07:54:09+02:00,9.0,1,Stabekk,VYG:Line:R21,Stabekk-Oslo S-Moss,R21,rail,VYG:ServiceJourney:1116-MOS_442991-R,True,actual,False,,,,,2026-09-05T08:24:10.398942+02:00
NSR:StopPlace:58834,Hokksund stasjon,2026-09-05T07:57:00+02:00,2026-09-05T07:57:09+02:00,2026-09-05T07:57:09+02:00,9.0,1,Drammen via Mjøndalen,BRA:Line:4_6101,Drammen-Vikersund/Hønefoss,101,bus,BRA:ServiceJourney:6101_260415100161323_6004,True,actual,False,,,,,2026-09-05T08:24:10.398942+02:00
NSR:StopPlace:58853,Kolbotn stasjon,2026-09-05T08:13:00+02:00,2026-09-05T08:13:09+02:00,2026-09-05T08:13:09+02:00,9.0,1,Ski stasjon,RUT:Line:580,Kolbotn - Ski,580,bus,RUT:ServiceJourney:ecad011fc39660c7f3d6f196a3571f96,True,actual,False,,,,,2026-09-05T08:24:10.398942+02:00
NSR:StopPlace:58856,Lysaker stasjon,2026-09-05T06:53:00+02:00,2026-09-05T06:53:09+02:00,2026-09-05T06:53:09+02:00,9.0,1,Grorud T,RUT:Line:31,Snarøya - Fornebu - Tonsenhagen - Grorud,31,bus,RUT:ServiceJourney:d02e902fe30f2e68b9593bbe7febf005,True,actual,False,,,,,2026-09-05T08:24:10.398942+02:00
NSR:StopPlace:58857,Lørenskog stasjon,2026-09-05T06:21:00+02:00,2026-09-05T06:21:09+02:00,2026-09-05T06:21:09+02:00,9.0,1,Spikkestad,VYG:Line:L1,Spikkestad-Oslo S-Lillestrøm,L1,rail,VYG:ServiceJourney:2207_443595-R,True,actual,False,,,,,2026-09-05T08:24:10.398942+02:00
NSR:StopPlace:610,Sandvika stasjon,2026-09-05T07:44:00+02:00,2026-09-05T07:44:09+02:00,2026-09-05T07:44:09+02:00,9.0,1,Drammen,VYG:Line:RE10,Drammen-Oslo S-Lillehammer,RE10,rail,VYG:ServiceJourney:304-HHS_487829-R,True,actual,False,,,,,2026-09-05T08:24:10.398942+02:00
NSR:StopPlace:62393,Billingstad stasjon,2026-09-05T05:43:00+02:00,2026-09-05T05:43:09+02:00,2026-09-05T05:43:09+02:00,9.0,1,Lillestrøm,VYG:Line:L1,Spikkestad-Oslo S-Lillestrøm,L1,rail,VYG:ServiceJourney:2206_443594-R,True,actual,False,,,,,2026-09-05T08:24:10.398942+02:00
NSR:StopPlace:62393,Billingstad stasjon,2026-09-05T08:13:00+02:00,2026-09-05T08:13:09+02:00,2026-09-05T08:13:09+02:00,9.0,1,Lillestrøm,VYG:Line:L1,Spikkestad-Oslo S-Lillestrøm,L1,rail,VYG:ServiceJourney:2216_443609-R,True,actual,False,,,,,2026-09-05T08:24:10.398942+02:00
NSR:StopPlace:58853,Kolbotn stasjon,2026-09-05T02:46:00+02:00,2026-09-05T02:46:09+02:00,2026-09-05T02:46:09+02:00,9.0,1,Fløysbonn,RUT:Line:3983,Nationaltheatret - Fløysbonn,83N,bus,RUT:ServiceJourney:7a56380ae2ef238fd4d2db607875c3ed,True,actual,False,,,,,2026-09-05T03:37:34.550234+02:00
NSR:StopPlace:8,Paradis stasjon,2026-09-05T07:56:00+02:00,2026-09-05T07:56:08+02:00,2026-09-05T07:56:08+02:00,8.0,1,Egersund,GOA:Line:59,Jærbanen,L5,rail,GOA:ServiceJourney:3016_63048-R,True,actual,False,,,,,2026-09-05T08:24:10.398942+02:00
NSR:StopPlace:59654,Stabekk stasjon,2026-09-05T08:00:00+02:00,2026-09-05T08:00:08+02:00,2026-09-05T08:00:08+02:00,8.0,1,Ski,VYG:Line:L2,Stabekk-Oslo S-Ski,L2,rail,VYG:ServiceJourney:2713-HVK_699742-R,True,actual,False,,,,,2026-09-05T08:24:10.398942+02:00
NSR:StopPlace:59957,Klepp stasjon,2026-09-05T06:16:00+02:00,2026-09-05T06:16:08+02:00,2026-09-05T06:16:08+02:00,8.0,1,Egersund,GOA:Line:59,Jærbanen,L5,rail,GOA:ServiceJourney:3008_63040-R,True,actual,False,,,,,2026-09-05T08:24:10.398942+02:00
NSR:StopPlace:59977,Trondheim S,2026-09-05T07:04:00+02:00,2026-09-05T07:04:08+02:00,2026-09-05T07:04:08+02:00,8.0,1,Storlien,SJN:Line:72,Meråkerbanen,R71,rail,SJN:ServiceJourney:1303_53534-R,True,actual,False,,,,,2026-09-05T08:24:10.398942+02:00
NSR:StopPlace:60047,Melhus skysstasjon,2026-09-05T07:47:00+02:00,2026-09-05T07:47:08+02:00,2026-09-05T07:47:08+02:00,8.0,1,Steinkjer,SJN:Line:26,Trønderbanen,R70,rail,SJN:ServiceJourney:427_56087-R,True,actual,False,,,,,2026-09-05T08:24:10.398942+02:00
NSR:StopPlace:59261,Trondheim lufthavn,2026-09-05T07:53:00+02:00,2026-09-05T07:53:08+02:00,2026-09-05T07:53:08+02:00,8.0,1,Steinkjer,SJN:Line:26,Trønderbanen,R70,rail,SJN:ServiceJourney:425_56054-R,True,actual,False,,,,,2026-09-05T08:24:10.398942+02:00
NSR:StopPlace:59616,Asker stasjon,2026-09-05T07:50:00+02:00,2026-09-05T07:50:08+02:00,2026-09-05T07:50:08+02:00,8.0,1,Drammen,VYG:Line:RE10,Drammen-Oslo S-Lillehammer,RE10,rail,VYG:ServiceJourney:304-HHS_487829-R,True,actual,False,,,,,2026-09-05T08:24:10.398942+02:00
NSR:StopPlace:59635,Hauketo stasjon,2026-09-05T06:54:00+02:00,2026-09-05T06:54:08+02:00,2026-09-05T06:54:08+02:00,8.0,1,Holmlia stasjon,RUT:Line:73,Holmlia stasjon - Brenna,73,bus,RUT:ServiceJourney:e5de08ab388469314fc30b5b34946ecb,True,actual,False,,,,,2026-09-05T08:24:10.398942+02:00
NSR:StopPlace:59635,Hauketo stasjon,2026-09-05T06:57:00+02:00,2026-09-05T06:57:08+02:00,2026-09-05T06:57:08+02:00,8.0,1,Åsbråten,RUT:Line:79,Grorud T - Åsbråten,79,bus,RUT:ServiceJourney:cebf74c270765ddcf669d01a603f36dc,True,actual,False,,,,,2026-09-05T08:24:10.398942+02:00
NSR:StopPlace:58404,Nationaltheatret,2026-09-05T06:10:00+02:00,2026-09-05T06:10:08+02:00,2026-09-05T06:10:08+02:00,8.0,1,Frognerseteren,RUT:Line:1,Frognerseteren - Bergkrystallen,1,metro,RUT:ServiceJourney:d8ad8223c89867dce04c93f33b7c00e9,True,actual,False,,,,,2026-09-05T08:24:10.398942+02:00
NSR:StopPlace:58924,Bryne stasjon,2026-09-05T07:07:00+02:00,2026-09-05T07:07:08+02:00,2026-09-05T07:07:08+02:00,8.0,1,Oslo S,GOA:Line:50,Sørtoget region,F5,rail,GOA:ServiceJourney:706-KVB_68388-R,True,actual,False,,,,,2026-09-05T08:24:10.398942+02:00
NSR:StopPlace:58886,Arendal stasjon,2026-09-05T08:22:00+02:00,2026-09-05T08:22:08+02:00,2026-09-05T08:22:08+02:00,8.0,1,Rykene via Arendal sentrum,AKT:Line:102,Tromøy Øst-Arendal-Rykene,102,bus,AKT:ServiceJourney:72025_241_72_57120_60540_40001667,True,actual,False,,,,,2026-09-05T08:24:10.398942+02:00
NSR:StopPlace:59654,Stabekk stasjon,2026-09-05T07:06:00+02:00,2026-09-05T07:06:07+02:00,2026-09-05T07:06:07+02:00,7.0,1,Moss,VYG:Line:R21,Stabekk-Oslo S-Moss,R21,rail,VYG:ServiceJourney:1109-HVK_442980-R,True,actual,False,,,,,2026-09-05T08:24:10.398942+02:00
NSR:StopPlace:59952,Drammen stasjon,2026-09-05T06:47:00+02:00,2026-09-05T06:47:07+02:00,2026-09-05T06:47:07+02:00,7.0,1,Eidsvoll,VYG:Line:RE11,Eidsvoll-Oslo S-Skien,RE11,rail,VYG:ServiceJourney:804-DRM_652700-R,True,actual,False,,,,,2026-09-05T08:24:10.398942+02:00
NSR:StopPlace:58404,Nationaltheatret,2026-09-05T06:19:00+02:00,2026-09-05T06:19:07+02:00,2026-09-05T06:19:07+02:00,7.0,1,Ellingsrudåsen,RUT:Line:2,Østerås - Ellingsrudåsen,2,metro,RUT:ServiceJourney:e85bd1de7b7ebed491912b6234fe8cda,True,actual,False,,,,,2026-09-05T08:24:10.398942+02:00
NSR:StopPlace:62309,Ljan stasjon,2026-09-05T06:05:00+02:00,2026-09-05T06:05:07+02:00,2026-09-05T06:05:07+02:00,7.0,1,Stabekk,VYG:Line:L2,Stabekk-Oslo S-Ski,L2,rail,VYG:ServiceJourney:2708-SKI_443914-R,True,actual,False,,,,,2026-09-05T08:24:10.398942+02:00
NSR:StopPlace:61334,Ogna stasjon,2026-09-05T06:48:00+02:00,2026-09-05T06:48:06+02:00,2026-09-05T06:48:06+02:00,6.0,1,Egersund,GOA:Line:59,Jærbanen,L5,rail,GOA:ServiceJourney:3008_63040-R,True,actual,False,,,,,2026-09-05T08:24:10.398942+02:00
NSR:StopPlace:60640,Heimdal stasjon,2026-09-05T06:51:00+02:00,2026-09-05T06:51:06+02:00,2026-09-05T06:51:06+02:00,6.0,1,Kattem,ATB:Line:2_1,Ranheim - Strindheim - sentrum - Tiller - Heimdal - Kattem,1,bus,ATB:ServiceJourney:1_251215112546309_6002,True,actual,False,,,,,2026-09-05T08:24:10.398942+02:00
NSR:StopPlace:59654,Stabekk stasjon,2026-09-05T05:56:00+02:00,2026-09-05T05:56:06+02:00,2026-09-05T05:56:06+02:00,6.0,1,Lillestrøm,VYG:Line:L1,Spikkestad-Oslo S-Lillestrøm,L1,rail,VYG:ServiceJourney:2206_443594-R,True,actual,False,,,,,2026-09-05T08:24:10.398942+02:00
NSR:StopPlace:59952,Drammen stasjon,2026-09-05T07:05:00+02:00,2026-09-05T07:05:06+02:00,2026-09-05T07:05:06+02:00,6.0,1,Dal,VYG:Line:R13,Drammen-Oslo S-Dal,R13,rail,VYG:ServiceJourney:1611_443232-R,True,actual,False,,,,,2026-09-05T08:24:10.398942+02:00
NSR:StopPlace:60045,Hamar stasjon,2026-09-05T08:11:00+02:00,2026-09-05T08:11:06+02:00,2026-09-05T08:11:06+02:00,6.0,1,Drammen,VYG:Line:RE10,Drammen-Oslo S-Lillehammer,RE10,rail,VYG:ServiceJourney:358-DOM_621902-R,True,actual,False,,,,,2026-09-05T08:24:10.398942+02:00
NSR:StopPlace:60569,Sirevåg stasjon,2026-09-05T06:51:00+02:00,2026-09-05T06:51:06+02:00,2026-09-05T06:51:06+02:00,6.0,1,Egersund,GOA:Line:59,Jærbanen,L5,rail,GOA:ServiceJourney:3008_63040-R,True,actual,False,,,,,2026-09-05T08:24:10.398942+02:00
NSR:StopPlace:59635,Hauketo stasjon,2026-09-05T06:25:00+02:00,2026-09-05T06:25:06+02:00,2026-09-05T06:25:06+02:00,6.0,1,Holmlia stasjon,RUT:Line:77,Holmlia stasjon - Bjørndal,77,bus,RUT:ServiceJourney:85dfdcbfcff73abfa31d74052042dedf,True,actual,False,,,,,2026-09-05T08:24:10.398942+02:00
NSR:StopPlace:58856,Lysaker stasjon,2026-09-05T06:31:00+02:00,2026-09-05T06:31:06+02:00,2026-09-05T06:31:06+02:00,6.0,1,Dal,VYG:Line:R13,Drammen-Oslo S-Dal,R13,rail,VYG:ServiceJourney:1607_443224-R,True,actual,False,,,,,2026-09-05T08:24:10.398942+02:00
NSR:StopPlace:58856,Lysaker stasjon,2026-09-05T06:57:00+02:00,2026-09-05T06:57:06+02:00,2026-09-05T06:57:06+02:00,6.0,1,Stabekk,VYG:Line:L2,Stabekk-Oslo S-Ski,L2,rail,VYG:ServiceJourney:2710-SKI_443916-R,True,actual,False,,,,,2026-09-05T08:24:10.398942+02:00
NSR:StopPlace:610,Sandvika stasjon,2026-09-05T06:45:00+02:00,2026-09-05T06:45:06+02:00,2026-09-05T06:45:06+02:00,6.0,1,Kongsvinger,VYG:Line:R14,Asker-Oslo S-Kongsvinger,R14,rail,VYG:ServiceJourney:1005_442910-R,True,actual,False,,,,,2026-09-05T08:24:10.398942+02:00
NSR:StopPlace:62339,Lillestrøm stasjon,2026-09-05T08:16:00+02:00,2026-09-05T08:16:06+02:00,2026-09-05T08:16:06+02:00,6.0,1,Drammen,VYG:Line:RE10,Drammen-Oslo S-Lillehammer,RE10,rail,VYG:ServiceJourney:306-HHS_487830-R,True,actual,False,Heis i spor 1 og 2 er ute av bruk på grunn av vedlikehold.,Heis i spor 1 og 2 er ute av bruk på grunn av vedlikehold.,general,normal,2026-09-05T08:24:10.398942+02:00
NSR:StopPlace:61334,Ogna stasjon,2026-09-05T07:51:00+02:00,2026-09-05T07:51:05+02:00,2026-09-05T07:51:05+02:00,5.0,1,Egersund,GOA:Line:59,Jærbanen,L5,rail,GOA:ServiceJourney:3012_63044-R,True,actual,False,,,,,2026-09-05T08:24:10.398942+02:00
NSR:StopPlace:59952,Drammen stasjon,2026-09-05T07:57:00+02:00,2026-09-05T07:57:05+02:00,2026-09-05T07:57:05+02:00,5.0,1,Lillehammer,VYG:Line:RE10,Drammen-Oslo S-Lillehammer,RE10,rail,VYG:ServiceJourney:309-SUD_444149-R,True,actual,False,,,,,2026-09-05T08:24:10.398942+02:00
NSR:StopPlace:60569,Sirevåg stasjon,2026-09-05T07:54:00+02:00,2026-09-05T07:54:05+02:00,2026-09-05T07:54:05+02:00,5.0,1,Egersund,GOA:Line:59,Jærbanen,L5,rail,GOA:ServiceJourney:3012_63044-R,True,actual,False,,,,,2026-09-05T08:24:10.398942+02:00
NSR:StopPlace:59636,Holmlia stasjon,2026-09-05T07:04:00+02:00,2026-09-05T07:04:05+02:00,2026-09-05T07:04:05+02:00,5.0,1,Åsbråten,RUT:Line:79,Grorud T - Åsbråten,79,bus,RUT:ServiceJourney:cebf74c270765ddcf669d01a603f36dc,True,actual,False,,,,,2026-09-05T08:24:10.398942+02:00
NSR:StopPlace:58925,Gausel stasjon,2026-09-05T08:19:00+02:00,2026-09-05T08:19:05+02:00,2026-09-05T08:19:05+02:00,5.0,1,Stavanger,GOA:Line:59,Jærbanen,L5,rail,GOA:ServiceJourney:3013_63045-R,True,actual,False,,,,,2026-09-05T08:24:10.398942+02:00
NSR:StopPlace:58805,Brumunddal stasjon,2026-09-05T07:56:00+02:00,2026-09-05T07:56:05+02:00,2026-09-05T07:56:05+02:00,5.0,1,Drammen,VYG:Line:RE10,Drammen-Oslo S-Lillehammer,RE10,rail,VYG:ServiceJourney:358-DOM_621902-R,True,actual,False,,,,,2026-09-05T08:24:10.398942+02:00
NSR:StopPlace:58808,Kongsvinger stasjon,2026-09-05T05:37:00+02:00,2026-09-05T05:37:05+02:00,2026-09-05T05:37:05+02:00,5.0,1,Asker,VYG:Line:R14,Asker-Oslo S-Kongsvinger,R14,rail,VYG:ServiceJourney:1004_442909-R,True,actual,False,,,,,2026-09-05T08:24:10.398942+02:00
NSR:StopPlace:58808,Kongsvinger stasjon,2026-09-05T07:38:00+02:00,2026-09-05T07:38:05+02:00,2026-09-05T07:38:05+02:00,5.0,1,Asker,VYG:Line:R14,Asker-Oslo S-Kongsvinger,R14,rail,VYG:ServiceJourney:1008_442913-R,True,actual,False,,,,,2026-09-05T08:24:10.398942+02:00
NSR:StopPlace:58211,Oslo lufthavn,2026-09-05T05:45:00+02:00,2026-09-05T05:45:05+02:00,2026-09-05T05:45:05+02:00,5.0,1,Oslo sentrum via Helsfyr-Hasle-Bislett,NBU:Line:a7c15243-8873-4aee-a8b4-8d22e8ad31dc,Oslo sentrum via Helsfyr-Hasle-Bislett,FB5,bus,NBU:ServiceJourney:c595eb43-57ef-4a9c-884f-162db629127d,True,actual,False,,,,,2026-09-05T08:24:10.398942+02:00
NSR:StopPlace:62339,Lillestrøm stasjon,2026-09-05T07:36:00+02:00,2026-09-05T07:36:05+02:00,2026-09-05T07:36:05+02:00,5.0,1,Drammen,VYG:Line:R13,Drammen-Oslo S-Dal,R13,rail,VYG:ServiceJourney:1610_443230-R,True,actual,False,Heis i spor 1 og 2 er ute av bruk på grunn av vedlikehold.,Heis i spor 1 og 2 er ute av bruk på grunn av vedlikehold.,general,normal,2026-09-05T08:24:10.398942+02:00
NSR:StopPlace:62393,Billingstad stasjon,2026-09-05T07:06:00+02:00,2026-09-05T07:06:05+02:00,2026-09-05T07:06:05+02:00,5.0,1,Spikkestad,VYG:Line:L1,Spikkestad-Oslo S-Lillestrøm,L1,rail,VYG:ServiceJourney:2207_443595-R,True,actual,False,,,,,2026-09-05T08:24:10.398942+02:00
NSR:StopPlace:58404,Nationaltheatret,2026-09-05T06:29:00+02:00,2026-09-05T06:29:04+02:00,2026-09-05T06:29:04+02:00,4.0,1,Vestli,RUT:Line:5,Sognsvann - Vestli,5,metro,RUT:ServiceJourney:3a8f0ac9c8b3c6c45b36ea83000cd075,True,actual,False,Buss for t-bane (4B) mellom Nydalen og Økern,Linje 4 kjører kun mellom Bergkrystallen og Stortinget. Benytt linje 5 for reiser mellom Stortinget og Nydalen via Ullevål stadion. Se reiseplanlegger for detaljer rundt din reise.,incident,normal,2026-09-05T08:24:10.398942+02:00
NSR:StopPlace:610,Sandvika stasjon,2026-09-05T07:01:00+02:00,2026-09-05T07:01:04+02:00,2026-09-05T07:01:04+02:00,4.0,1,Spikkestad,VYG:Line:L1,Spikkestad-Oslo S-Lillestrøm,L1,rail,VYG:ServiceJourney:2207_443595-R,True,actual,False,,,,,2026-09-05T08:24:10.398942+02:00
NSR:StopPlace:61872,Nærbø stasjon,2026-09-05T06:29:00+02:00,2026-09-05T06:29:03+02:00,2026-09-05T06:29:03+02:00,3.0,1,Egersund,GOA:Line:59,Jærbanen,L5,rail,GOA:ServiceJourney:3008_63040-R,True,actual,False,,,,,2026-09-05T08:24:10.398942+02:00
NSR:StopPlace:59654,Stabekk stasjon,2026-09-05T06:54:00+02:00,2026-09-05T06:54:03+02:00,2026-09-05T06:54:03+02:00,3.0,1,Spikkestad,VYG:Line:L1,Spikkestad-Oslo S-Lillestrøm,L1,rail,VYG:ServiceJourney:2207_443595-R,True,actual,False,,,,,2026-09-05T08:24:10.398942+02:00
NSR:StopPlace:59244,Egersund stasjon,2026-09-05T07:17:00+02:00,2026-09-05T07:17:03+02:00,2026-09-05T07:17:03+02:00,3.0,1,Stavanger,GOA:Line:59,Jærbanen,L5,rail,GOA:ServiceJourney:3013_63045-R,True,actual,False,,,,,2026-09-05T08:24:10.398942+02:00
NSR:StopPlace:59635,Hauketo stasjon,2026-09-05T07:03:00+02:00,2026-09-05T07:03:03+02:00,2026-09-05T07:03:03+02:00,3.0,1,Grorud T,RUT:Line:79,Grorud T - Åsbråten,79,bus,RUT:ServiceJourney:e02dadb079e1e9bd4ba96e3ce62421c8,True,actual,False,,,,,2026-09-05T08:24:10.398942+02:00
NSR:StopPlace:58930,Larvik stasjon,2026-09-05T08:09:00+02:00,2026-09-05T08:09:03+02:00,2026-09-05T08:09:03+02:00,3.0,1,Veldre,VKT:Line:3,Busk-Sandefjord-Larvik-Veldre,3,bus,VKT:ServiceJourney:17500,True,actual,False,,,,,2026-09-05T08:24:10.398942+02:00
NSR:StopPlace:58836,Mjøndalen stasjon,2026-09-05T08:12:00+02:00,2026-09-05T08:12:03+02:00,2026-09-05T08:12:03+02:00,3.0,1,Drammen,BRA:Line:4_6101,Drammen-Vikersund/Hønefoss,101,bus,BRA:ServiceJourney:6101_260415100161323_6004,True,actual,False,,,,,2026-09-05T08:24:10.398942+02:00
NSR:StopPlace:62311,Vigrestad stasjon,2026-09-05T07:43:00+02:00,2026-09-05T07:43:03+02:00,2026-09-05T07:43:03+02:00,3.0,1,Stavanger,GOA:Line:59,Jærbanen,L5,rail,GOA:ServiceJourney:3013_63045-R,True,actual,False,,,,,2026-09-05T08:24:10.398942+02:00
NSR:StopPlace:61979,Hellvik stasjon,2026-09-05T06:56:00+02:00,2026-09-05T06:56:03+02:00,2026-09-05T06:56:03+02:00,3.0,1,Egersund,GOA:Line:59,Jærbanen,L5,rail,GOA:ServiceJourney:3008_63040-R,True,actual,False,,,,,2026-09-05T08:24:10.398942+02:00
NSR:StopPlace:61169,Marienborg stasjon,2026-09-05T08:08:00+02:00,2026-09-05T08:08:02+02:00,2026-09-05T08:08:02+02:00,2.0,1,Steinkjer,SJN:Line:26,Trønderbanen,R70,rail,SJN:ServiceJourney:427_56087-R,True,actual,False,,,,,2026-09-05T08:24:10.398942+02:00
NSR:StopPlace:59635,Hauketo stasjon,2026-09-05T07:55:00+02:00,2026-09-05T07:55:02+02:00,2026-09-05T07:55:02+02:00,2.0,1,Holmlia stasjon,RUT:Line:77,Holmlia stasjon - Bjørndal,77,bus,RUT:ServiceJourney:120be8e252892769882c95eecc69c47d,True,actual,False,,,,,2026-09-05T08:24:10.398942+02:00
NSR:StopPlace:58404,Nationaltheatret,2026-09-05T06:33:00+02:00,2026-09-05T06:33:02+02:00,2026-09-05T06:33:02+02:00,2.0,1,Veitvet,RUT:Line:5,Sognsvann - Vestli,5,metro,RUT:ServiceJourney:53555ec661f0b7014b62d6f724859845,True,actual,False,Buss for t-bane (4B) mellom Nydalen og Økern,Linje 4 kjører kun mellom Bergkrystallen og Stortinget. Benytt linje 5 for reiser mellom Stortinget og Nydalen via Ullevål stadion. Se reiseplanlegger for detaljer rundt din reise.,incident,normal,2026-09-05T08:24:10.398942+02:00
NSR:StopPlace:58834,Hokksund stasjon,2026-09-05T08:01:00+02:00,2026-09-05T08:01:02+02:00,2026-09-05T08:01:02+02:00,2.0,1,Kongsberg,VYG:Line:R12,Kongsberg-Oslo S-Eidsvoll,R12,rail,VYG:ServiceJourney:505_444297-R,True,actual,False,,,,,2026-09-05T08:24:10.398942+02:00
NSR:StopPlace:58844,Eidsvoll stasjon,2026-09-05T08:01:00+02:00,2026-09-05T08:01:02+02:00,2026-09-05T08:01:02+02:00,2.0,1,Skien,VYG:Line:RE11,Eidsvoll-Oslo S-Skien,RE11,rail,VYG:ServiceJourney:809-EVL_652714-R,True,actual,False,,,,,2026-09-05T08:24:10.398942+02:00
NSR:StopPlace:59952,Drammen stasjon,2026-09-05T08:05:00+02:00,2026-09-05T08:05:01+02:00,2026-09-05T08:05:01+02:00,1.0,1,Dal,VYG:Line:R13,Drammen-Oslo S-Dal,R13,rail,VYG:ServiceJourney:1615_443244-R,True,actual,False,,,,,2026-09-05T08:24:10.398942+02:00
NSR:StopPlace:60271,Varhaug stasjon,2026-09-05T06:33:00+02:00,2026-09-05T06:33:01+02:00,2026-09-05T06:33:01+02:00,1.0,1,Egersund,GOA:Line:59,Jærbanen,L5,rail,GOA:ServiceJourney:3008_63040-R,True,actual,False,,,,,2026-09-05T08:24:10.398942+02:00
NSR:StopPlace:59635,Hauketo stasjon,2026-09-05T08:03:00+02:00,2026-09-05T08:03:01+02:00,2026-09-05T08:03:01+02:00,1.0,1,Grorud T,RUT:Line:79,Grorud T - Åsbråten,79,bus,RUT:ServiceJourney:7e588d9c4e7f5db751e0255568610842,True,actual,False,,,,,2026-09-05T08:24:10.398942+02:00
NSR:StopPlace:58799,Rygge stasjon,2026-09-05T07:57:00+02:00,2026-09-05T07:57:01+02:00,2026-09-05T07:57:01+02:00,1.0,1,Halden,VYG:Line:RE20,Oslo S-Halden-Göteborg (X-Border),RE20,rail,VYG:ServiceJourney:105_481133-R,True,actual,False,,,,,2026-09-05T08:24:10.398942+02:00
NSR:StopPlace:58811,Moelv stasjon,2026-09-05T07:44:00+02:00,2026-09-05T07:44:01+02:00,2026-09-05T07:44:01+02:00,1.0,1,Drammen,VYG:Line:RE10,Drammen-Oslo S-Lillehammer,RE10,rail,VYG:ServiceJourney:358-DOM_621902-R,True,actual,False,,,,,2026-09-05T08:24:10.398942+02:00
NSR:StopPlace:63079,Skeiane stasjon,2026-09-05T08:12:00+02:00,2026-09-05T08:12:01+02:00,2026-09-05T08:12:01+02:00,1.0,1,Stavanger,GOA:Line:59,Jærbanen,L5,rail,GOA:ServiceJourney:3013_63045-R,True,actual,False,,,,,2026-09-05T08:24:10.398942+02:00
NSR:StopPlace:61251,Øksnavadporten stasjon,2026-09-05T08:05:00+02:00,2026-09-05T08:05:00+02:00,2026-09-05T08:05:00+02:00,0.0,0,Stavanger,GOA:Line:59,Jærbanen,L5,rail,GOA:ServiceJourney:3013_63045-R,True,actual,False,,,,,2026-09-05T08:24:10.398942+02:00
NSR:StopPlace:61169,Marienborg stasjon,2026-09-05T06:29:00+02:00,2026-09-05T06:28:20+02:00,2026-09-05T06:28:20+02:00,0.0,0,Romolslia,ATB:Line:2_20,Grillstad - Strindheim - Ladehammeren- Sentrum - Romolslia,20,bus,ATB:ServiceJourney:20_251215112548166_6002,True,actual,False,,,,,2026-09-05T08:24:10.398942+02:00
NSR:StopPlace:61169,Marienborg stasjon,2026-09-05T07:37:00+02:00,2026-09-05T07:36:36+02:00,2026-09-05T07:36:36+02:00,0.0,0,Pirbadet via St. Olavs hospital,ATB:Line:2_23,Brattøra - St. Olavs - Hallset - Flatåsen - Sandmoen,23,bus,ATB:ServiceJourney:23_251215112548520_6007,True,actual,False,,,,,2026-09-05T08:24:10.398942+02:00
NSR:StopPlace:61334,Ogna stasjon,2026-09-05T06:33:00+02:00,2026-09-05T06:32:39+02:00,2026-09-05T06:32:39+02:00,0.0,0,Stavanger,GOA:Line:59,Jærbanen,L5,rail,GOA:ServiceJourney:3007_63039-R,True,actual,False,,,,,2026-09-05T08:24:10.398942+02:00
NSR:StopPlace:61334,Ogna stasjon,2026-09-05T07:31:00+02:00,2026-09-05T07:30:50+02:00,2026-09-05T07:30:50+02:00,0.0,0,Stavanger,GOA:Line:59,Jærbanen,L5,rail,GOA:ServiceJourney:3013_63045-R,True,actual,False,,,,,2026-09-05T08:24:10.398942+02:00
NSR:StopPlace:53,Røros stasjon,2026-09-05T07:00:00+02:00,2026-09-05T07:00:00+02:00,2026-09-05T07:00:00+02:00,0.0,0,Trondheim S,SJN:Line:25,Rørosbanen,R60,rail,SJN:ServiceJourney:413_40624-R,True,actual,False,,,,,2026-09-05T08:24:10.398942+02:00
NSR:StopPlace:61872,Nærbø stasjon,2026-09-05T07:52:00+02:00,2026-09-05T07:51:53+02:00,2026-09-05T07:51:53+02:00,0.0,0,Stavanger,GOA:Line:59,Jærbanen,L5,rail,GOA:ServiceJourney:3013_63045-R,True,actual,False,,,,,2026-09-05T08:24:10.398942+02:00
NSR:StopPlace:61897,Bryn stasjon,2026-09-05T06:35:00+02:00,2026-09-05T06:34:48+02:00,2026-09-05T06:34:48+02:00,0.0,0,Spikkestad,VYG:Line:L1,Spikkestad-Oslo S-Lillestrøm,L1,rail,VYG:ServiceJourney:2207_443595-R,True,actual,False,,,,,2026-09-05T08:24:10.398942+02:00
NSR:StopPlace:59646,Høvik stasjon,2026-09-05T05:53:00+02:00,2026-09-05T05:52:58+02:00,2026-09-05T05:52:58+02:00,0.0,0,Lillestrøm,VYG:Line:L1,Spikkestad-Oslo S-Lillestrøm,L1,rail,VYG:ServiceJourney:2206_443594-R,True,actual,False,,,,,2026-09-05T08:24:10.398942+02:00
NSR:StopPlace:59646,Høvik stasjon,2026-09-05T06:53:00+02:00,2026-09-05T06:52:58+02:00,2026-09-05T06:52:58+02:00,0.0,0,Lillestrøm,VYG:Line:L1,Spikkestad-Oslo S-Lillestrøm,L1,rail,VYG:ServiceJourney:2210_443600-R,True,actual,False,,,,,2026-09-05T08:24:10.398942+02:00
NSR:StopPlace:59646,Høvik stasjon,2026-09-05T07:53:00+02:00,2026-09-05T07:52:56+02:00,2026-09-05T07:52:56+02:00,0.0,0,Lillestrøm,VYG:Line:L1,Spikkestad-Oslo S-Lillestrøm,L1,rail,VYG:ServiceJourney:2214_443606-R,True,actual,False,,,,,2026-09-05T08:24:10.398942+02:00
NSR:StopPlace:59646,Høvik stasjon,2026-09-05T08:23:00+02:00,2026-09-05T08:22:58+02:00,2026-09-05T08:22:58+02:00,0.0,0,Lillestrøm,VYG:Line:L1,Spikkestad-Oslo S-Lillestrøm,L1,rail,VYG:ServiceJourney:2216_443609-R,True,actual,False,,,,,2026-09-05T08:24:10.398942+02:00
NSR:StopPlace:59648,Kjelsås stasjon,2026-09-05T07:39:00+02:00,2026-09-05T07:33:54+02:00,2026-09-05T07:33:54+02:00,0.0,0,Nydalen,VYG:Line:R31,Skøyen-Jaren-Gjøvik,R31,rail,VYG:ServiceJourney:BUS-204_655090-R,True,actual,False,,,,,2026-09-05T08:24:10.398942+02:00
NSR:StopPlace:59649,Nydalen stasjon,2026-09-05T06:16:00+02:00,2026-09-05T06:15:34+02:00,2026-09-05T06:15:34+02:00,0.0,0,Lysaker,RUT:Line:23,Lysaker - Simensbråten,23,bus,RUT:ServiceJourney:c2f6f8ee87814ca195298205a01f887f,True,actual,False,,,,,2026-09-05T08:24:10.398942+02:00
NSR:StopPlace:59649,Nydalen stasjon,2026-09-05T07:16:00+02:00,2026-09-05T07:15:59+02:00,2026-09-05T07:15:59+02:00,0.0,0,Simensbråten,RUT:Line:23,Lysaker - Simensbråten,23,bus,RUT:ServiceJourney:08f4344594915895c74152946e53782c,True,actual,False,,,,,2026-09-05T08:24:10.398942+02:00
NSR:StopPlace:59649,Nydalen stasjon,2026-09-05T07:46:00+02:00,2026-09-05T07:45:46+02:00,2026-09-05T07:45:46+02:00,0.0,0,Simensbråten,RUT:Line:23,Lysaker - Simensbråten,23,bus,RUT:ServiceJourney:ec57e511e47c79fde0739b66a0795787,True,actual,False,,,,,2026-09-05T08:24:10.398942+02:00
NSR:StopPlace:59649,Nydalen stasjon,2026-09-05T07:46:00+02:00,2026-09-05T07:46:00+02:00,2026-09-05T07:46:00+02:00,0.0,0,Lysaker,RUT:Line:23,Lysaker - Simensbråten,23,bus,RUT:ServiceJourney:7c58532cf658f5646dc385931143300f,True,actual,False,,,,,2026-09-05T08:24:10.398942+02:00
NSR:StopPlace:59649,Nydalen stasjon,2026-09-05T08:03:00+02:00,2026-09-05T08:03:00+02:00,2026-09-05T08:03:00+02:00,0.0,0,Oslo lufthavn,NBU:Line:cb7b555c-f96e-42d5-84bf-a5e08c0145c2,Radiumhospitalet via Økern-Storo-Tåsen,FB3,bus,NBU:ServiceJourney:f97e170a-8e1a-4da7-8fbb-f9e52d727e11,True,actual,False,,,,,2026-09-05T08:24:10.398942+02:00
NSR:StopPlace:59957,Klepp stasjon,2026-09-05T08:03:00+02:00,2026-09-05T08:02:48+02:00,2026-09-05T08:02:48+02:00,0.0,0,Stavanger,GOA:Line:59,Jærbanen,L5,rail,GOA:ServiceJourney:3013_63045-R,True,actual,False,,,,,2026-09-05T08:24:10.398942+02:00
NSR:StopPlace:59977,Trondheim S,2026-09-05T06:19:00+02:00,2026-09-05T06:18:40+02:00,2026-09-05T06:18:40+02:00,0.0,0,Romolslia via St. Olavs hospital,ATB:Line:2_20,Grillstad - Strindheim - Ladehammeren- Sentrum - Romolslia,20,bus,ATB:ServiceJourney:20_251215112548166_6002,True,actual,False,,,,,2026-09-05T08:24:10.398942+02:00
NSR:StopPlace:59977,Trondheim S,2026-09-05T06:52:00+02:00,2026-09-05T06:51:44+02:00,2026-09-05T06:51:44+02:00,0.0,0,Hurtigbåtterminalen,ATB:Line:2_25,Vikåsen- Strindheim- Singsaker,25,bus,ATB:ServiceJourney:25_251215112543281_6008,True,actual,False,,,,,2026-09-05T08:24:10.398942+02:00
NSR:StopPlace:59977,Trondheim S,2026-09-05T07:14:00+02:00,2026-09-05T07:13:53+02:00,2026-09-05T07:13:53+02:00,0.0,0,Steinkjer,SJN:Line:26,Trønderbanen,R70,rail,SJN:ServiceJourney:425_56054-R,True,actual,False,,,,,2026-09-05T08:24:10.398942+02:00
NSR:StopPlace:59091,Storekvina stasjon,2026-09-05T04:53:00+02:00,2026-09-05T04:53:00+02:00,2026-09-05T04:53:00+02:00,0.0,0,Stavanger,GOA:Line:50,Sørtoget region,F5,rail,GOA:ServiceJourney:725-LOD_67061-R,True,actual,False,,,,,2026-09-05T08:24:10.398942+02:00
NSR:StopPlace:59243,Mo i Rana stasjon,2026-09-05T07:56:00+02:00,2026-09-05T07:56:00+02:00,2026-09-05T07:56:00+02:00,0.0,0,Bodø,SJN:Line:71,Nordlandsbanen,F7,rail,SJN:ServiceJourney:473_35127-R,True,actual,False,,,,,2026-09-05T08:24:10.398942+02:00
NSR:StopPlace:59243,Mo i Rana stasjon,2026-09-05T08:11:00+02:00,2026-09-05T08:11:00+02:00,2026-09-05T08:11:00+02:00,0.0,0,Trondheim S,SJN:Line:71,Nordlandsbanen,F7,rail,SJN:ServiceJourney:478_42792-R,True,actual,False,,,,,2026-09-05T08:24:10.398942+02:00
NSR:StopPlace:60271,Varhaug stasjon,2026-09-05T07:48:00+02:00,2026-09-05T07:47:55+02:00,2026-09-05T07:47:55+02:00,0.0,0,Stavanger,GOA:Line:59,Jærbanen,L5,rail,GOA:ServiceJourney:3013_63045-R,True,actual,False,,,,,2026-09-05T08:24:10.398942+02:00
NSR:StopPlace:59635,Hauketo stasjon,2026-09-05T08:13:00+02:00,2026-09-05T08:13:00+02:00,2026-09-05T08:13:00+02:00,0.0,0,Ski stasjon,RUT:Line:515,Ski - Oslo,515,bus,RUT:ServiceJourney:c08f50ae390e577f2dddcecc50309cfb,True,actual,False,,,,,2026-09-05T08:24:10.398942+02:00
NSR:StopPlace:58404,Nationaltheatret,2026-09-05T06:20:00+02:00,2026-09-05T06:19:41+02:00,2026-09-05T06:19:41+02:00,0.0,0,Majorstuen,RUT:Line:15,Jernbanetorget - Majorstuen via Nat,15,tram,RUT:ServiceJourney:35d12b2b4774746d29d8425c1225683e,True,actual,False,,,,,2026-09-05T08:24:10.398942+02:00
NSR:StopPlace:58952,Bodø stasjon,2026-09-05T07:32:00+02:00,2026-09-05T07:31:49+02:00,2026-09-05T07:31:49+02:00,0.0,0,Tverlandet,NOR:Line:12_8004,Tverlandet - Bodø sentrum - Løpsmarka,4,bus,NOR:ServiceJourney:8004_251012124900477_3002,True,actual,False,,,,,2026-09-05T08:24:10.398942+02:00
NSR:StopPlace:58921,Vennesla stasjon,2026-09-05T08:14:00+02:00,2026-09-05T08:12:59+02:00,2026-09-05T08:12:59+02:00,0.0,0,Vennesla - Grovane st. via Moseidmoen,AKT:Line:30,Kvadraturen - Mosby - Vennesl,30,bus,AKT:ServiceJourney:102010_6081_49_55800_58500_40001566,True,actual,False,,,,,2026-09-05T08:24:10.398942+02:00
NSR:StopPlace:58924,Bryne stasjon,2026-09-05T07:59:00+02:00,2026-09-05T07:58:50+02:00,2026-09-05T07:58:50+02:00,0.0,0,Stavanger,GOA:Line:59,Jærbanen,L5,rail,GOA:ServiceJourney:3013_63045-R,True,actual,False,,,,,2026-09-05T08:24:10.398942+02:00
NSR:StopPlace:58925,Gausel stasjon,2026-09-05T07:32:00+02:00,2026-09-05T07:31:58+02:00,2026-09-05T07:31:58+02:00,0.0,0,Stavanger,KOL:Line:8_1003,2,2,bus,KOL:ServiceJourney:1003_251008123103062_4002,True,actual,False,,,,,2026-09-05T08:24:10.398942+02:00
NSR:StopPlace:58925,Gausel stasjon,2026-09-05T07:55:00+02:00,2026-09-05T07:53:15+02:00,2026-09-05T07:53:15+02:00,0.0,0,Forus,KOL:Line:8_1003,2,2,bus,KOL:ServiceJourney:1003_251008123077768_3002,True,actual,False,,,,,2026-09-05T08:24:10.398942+02:00
NSR:StopPlace:58925,Gausel stasjon,2026-09-05T08:02:00+02:00,2026-09-05T08:01:55+02:00,2026-09-05T08:01:55+02:00,0.0,0,Stavanger,KOL:Line:8_1003,2,2,bus,KOL:ServiceJourney:1003_251008123103198_4003,True,actual,False,,,,,2026-09-05T08:24:10.398942+02:00
NSR:StopPlace:58925,Gausel stasjon,2026-09-05T08:06:00+02:00,2026-09-05T08:05:50+02:00,2026-09-05T08:05:50+02:00,0.0,0,Sandnes,KOL:Line:8_1007,6,6,bus,KOL:ServiceJourney:1007_260729080906063_3002,True,actual,False,,,,,2026-09-05T08:24:10.398942+02:00
NSR:StopPlace:58925,Gausel stasjon,2026-09-05T08:10:00+02:00,2026-09-05T08:06:54+02:00,2026-09-05T08:06:54+02:00,0.0,0,Sandnes,KOL:Line:8_1001,1,1,bus,KOL:ServiceJourney:1001_251008118355453_3004,True,actual,False,,,,,2026-09-05T08:24:10.398942+02:00
NSR:StopPlace:58839,Steinberg stasjon,2026-09-05T08:05:00+02:00,2026-09-05T08:04:13+02:00,2026-09-05T08:04:13+02:00,0.0,0,Drammen via Mjøndalen,BRA:Line:4_6101,Drammen-Vikersund/Hønefoss,101,bus,BRA:ServiceJourney:6101_260415100161323_6004,True,actual,False,,,,,2026-09-05T08:24:10.398942+02:00
NSR:StopPlace:58844,Eidsvoll stasjon,2026-09-05T06:31:00+02:00,2026-09-05T06:30:53+02:00,2026-09-05T06:30:53+02:00,0.0,0,Kongsberg,VYG:Line:R12,Kongsberg-Oslo S-Eidsvoll,R12,rail,VYG:ServiceJourney:505_444297-R,True,actual,False,,,,,2026-09-05T08:24:10.398942+02:00
NSR:StopPlace:58844,Eidsvoll stasjon,2026-09-05T06:53:00+02:00,2026-09-05T06:52:51+02:00,2026-09-05T06:52:51+02:00,0.0,0,Drammen,VYG:Line:RE10,Drammen-Oslo S-Lillehammer,RE10,rail,VYG:ServiceJourney:304-HHS_487829-R,True,actual,False,,,,,2026-09-05T08:24:10.398942+02:00
NSR:StopPlace:58844,Eidsvoll stasjon,2026-09-05T07:01:00+02:00,2026-09-05T07:00:51+02:00,2026-09-05T07:00:51+02:00,0.0,0,Skien,VYG:Line:RE11,Eidsvoll-Oslo S-Skien,RE11,rail,VYG:ServiceJourney:807-EVL_652708-R,True,actual,False,,,,,2026-09-05T08:24:10.398942+02:00
NSR:StopPlace:58844,Eidsvoll stasjon,2026-09-05T07:31:00+02:00,2026-09-05T07:30:48+02:00,2026-09-05T07:30:48+02:00,0.0,0,Kongsberg,VYG:Line:R12,Kongsberg-Oslo S-Eidsvoll,R12,rail,VYG:ServiceJourney:507_444300-R,True,actual,False,,,,,2026-09-05T08:24:10.398942+02:00
NSR:StopPlace:58844,Eidsvoll stasjon,2026-09-05T07:53:00+02:00,2026-09-05T07:52:53+02:00,2026-09-05T07:52:53+02:00,0.0,0,Drammen,VYG:Line:RE10,Drammen-Oslo S-Lillehammer,RE10,rail,VYG:ServiceJourney:306-HHS_487830-R,True,actual,False,,,,,2026-09-05T08:24:10.398942+02:00
NSR:StopPlace:58868,Årnes stasjon,2026-09-05T07:07:00+02:00,2026-09-05T07:06:46+02:00,2026-09-05T07:06:46+02:00,0.0,0,Asker,VYG:Line:R14,Asker-Oslo S-Kongsvinger,R14,rail,VYG:ServiceJourney:1006_442911-R,True,actual,False,,,,,2026-09-05T08:24:10.398942+02:00
NSR:StopPlace:58876,Tønsberg stasjon,2026-09-05T07:03:00+02:00,2026-09-05T07:01:48+02:00,2026-09-05T07:01:48+02:00,0.0,0,Stokke,VYG:Line:RE11,Eidsvoll-Oslo S-Skien,RE11,rail,VYG:ServiceJourney:BUS-883_654491-R,True,actual,False,,,,,2026-09-05T08:24:10.398942+02:00
NSR:StopPlace:58876,Tønsberg stasjon,2026-09-05T08:03:00+02:00,2026-09-05T08:00:11+02:00,2026-09-05T08:00:11+02:00,0.0,0,Stokke,VYG:Line:RE11,Eidsvoll-Oslo S-Skien,RE11,rail,VYG:ServiceJourney:BUS-805_654211-R,True,actual,False,,,,,2026-09-05T08:24:10.398942+02:00
NSR:StopPlace:58870,Holmestrand stasjon,2026-09-05T07:35:00+02:00,2026-09-05T07:33:01+02:00,2026-09-05T07:33:01+02:00,0.0,0,Stokke,VYG:Line:RE11,Eidsvoll-Oslo S-Skien,RE11,rail,VYG:ServiceJourney:BUS-805_654211-R,True,actual,False,,,,,2026-09-05T08:24:10.398942+02:00
NSR:StopPlace:58884,Skien stasjon,2026-09-05T07:58:00+02:00,2026-09-05T07:56:30+02:00,2026-09-05T07:56:30+02:00,0.0,0,Siljan,TEL:Line:8047,Siljan-Skien-Åfoss,P7,bus,TEL:ServiceJourney:117626,True,actual,False,,,,,2026-09-05T08:24:10.398942+02:00
NSR:StopPlace:58892,Audnedal stasjon,2026-09-05T04:31:00+02:00,2026-09-05T04:30:23+02:00,2026-09-05T04:30:23+02:00,0.0,0,Stavanger,GOA:Line:50,Sørtoget region,F5,rail,GOA:ServiceJourney:725-LOD_67061-R,True,actual,False,,,,,2026-09-05T08:24:10.398942+02:00
NSR:StopPlace:58817,Eina stasjon,2026-09-05T07:37:00+02:00,2026-09-05T07:36:54+02:00,2026-09-05T07:36:54+02:00,0.0,0,Oslo S,VYG:Line:R31,Skøyen-Jaren-Gjøvik,R31,rail,VYG:ServiceJourney:BUS-208_655124-R,True,actual,False,,,,,2026-09-05T08:24:10.398942+02:00
NSR:StopPlace:58823,Jaren stasjon,2026-09-05T08:10:00+02:00,2026-09-05T08:08:53+02:00,2026-09-05T08:08:53+02:00,0.0,0,Roa,VYG:Line:R31,Skøyen-Jaren-Gjøvik,R31,rail,VYG:ServiceJourney:BUS-208_655125-R,True,actual,False,,,,,2026-09-05T08:24:10.398942+02:00
NSR:StopPlace:313,Høybråten stasjon,2026-09-05T06:23:00+02:00,2026-09-05T06:22:59+02:00,2026-09-05T06:22:59+02:00,0.0,0,Spikkestad,VYG:Line:L1,Spikkestad-Oslo S-Lillestrøm,L1,rail,VYG:ServiceJourney:2207_443595-R,True,actual,False,,,,,2026-09-05T08:24:10.398942+02:00
NSR:StopPlace:316,Oppdal stasjon,2026-09-05T04:41:00+02:00,2026-09-05T04:40:41+02:00,2026-09-05T04:40:41+02:00,0.0,0,Trondheim S,SJN:Line:21,Dovrebanen,F6,rail,SJN:ServiceJourney:405-LOD_30131-R,True,actual,False,,,,,2026-09-05T08:24:10.398942+02:00
NSR:StopPlace:362,Jåttåvågen stasjon,2026-09-05T08:22:00+02:00,2026-09-05T08:21:58+02:00,2026-09-05T08:21:58+02:00,0.0,0,Stavanger,GOA:Line:59,Jærbanen,L5,rail,GOA:ServiceJourney:3013_63045-R,True,actual,False,,,,,2026-09-05T08:24:10.398942+02:00
NSR:StopPlace:369,Kvål stasjon,2026-09-05T06:36:00+02:00,2026-09-05T06:35:06+02:00,2026-09-05T06:35:06+02:00,0.0,0,Steinkjer,SJN:Line:26,Trønderbanen,R70,rail,SJN:ServiceJourney:425_56054-R,True,actual,False,,,,,2026-09-05T08:24:10.398942+02:00
NSR:StopPlace:369,Kvål stasjon,2026-09-05T07:38:00+02:00,2026-09-05T07:37:37+02:00,2026-09-05T07:37:37+02:00,0.0,0,Steinkjer,SJN:Line:26,Trønderbanen,R70,rail,SJN:ServiceJourney:427_56087-R,True,actual,False,,,,,2026-09-05T08:24:10.398942+02:00
NSR:StopPlace:374,Göteborg Centralstation,2026-09-05T08:10:00+02:00,2026-09-05T08:09:00+02:00,2026-09-05T08:09:00+02:00,0.0,0,Oslo S,VYG:Line:RE20,Oslo S-Halden-Göteborg (X-Border),RE20,rail,VYG:ServiceJourney:384-114_674565-R,True,actual,False,,,,,2026-09-05T08:24:10.398942+02:00
NSR:StopPlace:702,Sandnes sentrum stasjon,2026-09-05T06:04:00+02:00,2026-09-05T06:03:58+02:00,2026-09-05T06:03:58+02:00,0.0,0,Egersund,GOA:Line:59,Jærbanen,L5,rail,GOA:ServiceJourney:3008_63040-R,True,actual,False,,,,,2026-09-05T08:24:10.398942+02:00
NSR:StopPlace:702,Sandnes sentrum stasjon,2026-09-05T08:14:00+02:00,2026-09-05T08:13:58+02:00,2026-09-05T08:13:58+02:00,0.0,0,Stavanger,GOA:Line:59,Jærbanen,L5,rail,GOA:ServiceJourney:3013_63045-R,True,actual,False,,,,,2026-09-05T08:24:10.398942+02:00
NSR:StopPlace:62310,Brusand stasjon,2026-09-05T07:35:00+02:00,2026-09-05T07:34:53+02:00,2026-09-05T07:34:53+02:00,0.0,0,Stavanger,GOA:Line:59,Jærbanen,L5,rail,GOA:ServiceJourney:3013_63045-R,True,actual,False,,,,,2026-09-05T08:24:10.398942+02:00
NSR:StopPlace:61251,Øksnavadporten stasjon,2026-09-06T01:19:00+02:00,2026-09-05T01:20:17+02:00,2026-09-05T01:20:17+02:00,0.0,0,Egersund,GOA:Line:59,Jærbanen,L5,rail,GOA:ServiceJourney:3090_63143-R,True,actual,False,,,,,2026-09-05T03:37:34.550234+02:00
NSR:StopPlace:61291,Stavanger stasjon,2026-09-06T00:53:00+02:00,2026-09-05T00:53:34+02:00,2026-09-05T00:53:34+02:00,0.0,0,Egersund,GOA:Line:59,Jærbanen,L5,rail,GOA:ServiceJourney:3090_63143-R,True,actual,False,,,,,2026-09-05T03:37:34.550234+02:00
NSR:StopPlace:61291,Stavanger stasjon,2026-09-06T01:53:00+02:00,2026-09-05T01:53:54+02:00,2026-09-05T01:53:54+02:00,0.0,0,Egersund,GOA:Line:59,Jærbanen,L5,rail,GOA:ServiceJourney:3092_63145-R,True,actual,False,,,,,2026-09-05T03:37:34.550234+02:00
NSR:StopPlace:8,Paradis stasjon,2026-09-06T00:56:00+02:00,2026-09-05T00:56:07+02:00,2026-09-05T00:56:07+02:00,0.0,0,Egersund,GOA:Line:59,Jærbanen,L5,rail,GOA:ServiceJourney:3090_63143-R,True,actual,False,,,,,2026-09-05T03:37:34.550234+02:00
NSR:StopPlace:8,Paradis stasjon,2026-09-06T01:56:00+02:00,2026-09-05T01:56:33+02:00,2026-09-05T01:56:33+02:00,0.0,0,Egersund,GOA:Line:59,Jærbanen,L5,rail,GOA:ServiceJourney:3092_63145-R,True,actual,False,,,,,2026-09-05T03:37:34.550234+02:00
NSR:StopPlace:61334,Ogna stasjon,2026-09-06T01:33:00+02:00,2026-09-05T01:33:34+02:00,2026-09-05T01:33:34+02:00,0.0,0,Stavanger,GOA:Line:59,Jærbanen,L5,rail,GOA:ServiceJourney:3093_63146-R,True,actual,False,,,,,2026-09-05T03:37:34.550234+02:00
NSR:StopPlace:61334,Ogna stasjon,2026-09-06T01:51:00+02:00,2026-09-05T01:51:23+02:00,2026-09-05T01:51:23+02:00,0.0,0,Egersund,GOA:Line:59,Jærbanen,L5,rail,GOA:ServiceJourney:3090_63143-R,True,actual,False,,,,,2026-09-05T03:37:34.550234+02:00
NSR:StopPlace:61872,Nærbø stasjon,2026-09-06T01:33:00+02:00,2026-09-05T01:34:46+02:00,2026-09-05T01:34:46+02:00,0.0,0,Egersund,GOA:Line:59,Jærbanen,L5,rail,GOA:ServiceJourney:3090_63143-R,True,actual,False,,,,,2026-09-05T03:37:34.550234+02:00
NSR:StopPlace:61872,Nærbø stasjon,2026-09-06T01:52:00+02:00,2026-09-05T01:53:04+02:00,2026-09-05T01:53:04+02:00,0.0,0,Stavanger,GOA:Line:59,Jærbanen,L5,rail,GOA:ServiceJourney:3093_63146-R,True,actual,False,,,,,2026-09-05T03:37:34.550234+02:00
NSR:StopPlace:59649,Nydalen stasjon,2026-09-05T03:33:00+02:00,2026-09-05T03:32:54+02:00,2026-09-05T03:32:54+02:00,0.0,0,-,NBU:Line:cb7b555c-f96e-42d5-84bf-a5e08c0145c2,Radiumhospitalet via Økern-Storo-Tåsen,FB3,bus,NBU:ServiceJourney:2a1f9e25-a384-4773-a648-91bce13fb380:610200354,True,actual,False,,,,,2026-09-05T03:37:34.550234+02:00
NSR:StopPlace:59957,Klepp stasjon,2026-09-06T01:22:00+02:00,2026-09-05T01:22:58+02:00,2026-09-05T01:22:58+02:00,0.0,0,Egersund,GOA:Line:59,Jærbanen,L5,rail,GOA:ServiceJourney:3090_63143-R,True,actual,False,,,,,2026-09-05T03:37:34.550234+02:00
NSR:StopPlace:59244,Egersund stasjon,2026-09-06T01:19:00+02:00,2026-09-05T01:19:14+02:00,2026-09-05T01:19:14+02:00,0.0,0,Stavanger,GOA:Line:59,Jærbanen,L5,rail,GOA:ServiceJourney:3093_63146-R,True,actual,False,,,,,2026-09-05T03:37:34.550234+02:00
NSR:StopPlace:60271,Varhaug stasjon,2026-09-06T01:38:00+02:00,2026-09-05T01:38:55+02:00,2026-09-05T01:38:55+02:00,0.0,0,Egersund,GOA:Line:59,Jærbanen,L5,rail,GOA:ServiceJourney:3090_63143-R,True,actual,False,,,,,2026-09-05T03:37:34.550234+02:00
NSR:StopPlace:60271,Varhaug stasjon,2026-09-06T01:48:00+02:00,2026-09-05T01:48:51+02:00,2026-09-05T01:48:51+02:00,0.0,0,Stavanger,GOA:Line:59,Jærbanen,L5,rail,GOA:ServiceJourney:3093_63146-R,True,actual,False,,,,,2026-09-05T03:37:34.550234+02:00
NSR:StopPlace:60569,Sirevåg stasjon,2026-09-06T01:30:00+02:00,2026-09-05T01:30:43+02:00,2026-09-05T01:30:43+02:00,0.0,0,Stavanger,GOA:Line:59,Jærbanen,L5,rail,GOA:ServiceJourney:3093_63146-R,True,actual,False,,,,,2026-09-05T03:37:34.550234+02:00
NSR:StopPlace:60569,Sirevåg stasjon,2026-09-06T01:54:00+02:00,2026-09-05T01:54:23+02:00,2026-09-05T01:54:23+02:00,0.0,0,Egersund,GOA:Line:59,Jærbanen,L5,rail,GOA:ServiceJourney:3090_63143-R,True,actual,False,,,,,2026-09-05T03:37:34.550234+02:00
NSR:StopPlace:58952,Bodø stasjon,2026-09-05T02:32:00+02:00,2026-09-05T02:31:07+02:00,2026-09-05T02:31:07+02:00,0.0,0,Tverlandet,NOR:Line:12_8044,Tverlandet - Bodø sentrum - Løpsmarka Nattbuss,4 N,bus,NOR:ServiceJourney:8044_251012124900682_1003,True,actual,False,,,,,2026-09-05T03:37:34.550234+02:00
NSR:StopPlace:58924,Bryne stasjon,2026-09-06T01:27:00+02:00,2026-09-05T01:28:37+02:00,2026-09-05T01:28:37+02:00,0.0,0,Egersund,GOA:Line:59,Jærbanen,L5,rail,GOA:ServiceJourney:3090_63143-R,True,actual,False,,,,,2026-09-05T03:37:34.550234+02:00
NSR:StopPlace:58924,Bryne stasjon,2026-09-06T01:58:00+02:00,2026-09-05T01:59:04+02:00,2026-09-05T01:59:04+02:00,0.0,0,Stavanger,GOA:Line:59,Jærbanen,L5,rail,GOA:ServiceJourney:3093_63146-R,True,actual,False,,,,,2026-09-05T03:37:34.550234+02:00
NSR:StopPlace:58925,Gausel stasjon,2026-09-06T01:05:00+02:00,2026-09-05T01:05:20+02:00,2026-09-05T01:05:20+02:00,0.0,0,Egersund,GOA:Line:59,Jærbanen,L5,rail,GOA:ServiceJourney:3090_63143-R,True,actual,False,,,,,2026-09-05T03:37:34.550234+02:00
NSR:StopPlace:63079,Skeiane stasjon,2026-09-06T01:12:00+02:00,2026-09-05T01:13:17+02:00,2026-09-05T01:13:17+02:00,0.0,0,Egersund,GOA:Line:59,Jærbanen,L5,rail,GOA:ServiceJourney:3090_63143-R,True,actual,False,,,,,2026-09-05T03:37:34.550234+02:00
NSR:StopPlace:362,Jåttåvågen stasjon,2026-09-06T01:02:00+02:00,2026-09-05T01:02:40+02:00,2026-09-05T01:02:40+02:00,0.0,0,Egersund,GOA:Line:59,Jærbanen,L5,rail,GOA:ServiceJourney:3090_63143-R,True,actual,False,,,,,2026-09-05T03:37:34.550234+02:00
NSR:StopPlace:206,Mariero stasjon,2026-09-06T00:59:00+02:00,2026-09-05T00:59:22+02:00,2026-09-05T00:59:22+02:00,0.0,0,Egersund,GOA:Line:59,Jærbanen,L5,rail,GOA:ServiceJourney:3090_63143-R,True,actual,False,,,,,2026-09-05T03:37:34.550234+02:00
NSR:StopPlace:206,Mariero stasjon,2026-09-06T01:59:00+02:00,2026-09-05T01:59:37+02:00,2026-09-05T01:59:37+02:00,0.0,0,Egersund,GOA:Line:59,Jærbanen,L5,rail,GOA:ServiceJourney:3092_63145-R,True,actual,False,,,,,2026-09-05T03:37:34.550234+02:00
NSR:StopPlace:261,Ganddal stasjon,2026-09-06T01:15:00+02:00,2026-09-05T01:16:17+02:00,2026-09-05T01:16:17+02:00,0.0,0,Egersund,GOA:Line:59,Jærbanen,L5,rail,GOA:ServiceJourney:3090_63143-R,True,actual,False,,,,,2026-09-05T03:37:34.550234+02:00
NSR:StopPlace:702,Sandnes sentrum stasjon,2026-09-06T01:10:00+02:00,2026-09-05T01:10:37+02:00,2026-09-05T01:10:37+02:00,0.0,0,Egersund,GOA:Line:59,Jærbanen,L5,rail,GOA:ServiceJourney:3090_63143-R,True,actual,False,,,,,2026-09-05T03:37:34.550234+02:00
NSR:StopPlace:62311,Vigrestad stasjon,2026-09-06T01:43:00+02:00,2026-09-05T01:43:57+02:00,2026-09-05T01:43:57+02:00,0.0,0,Stavanger,GOA:Line:59,Jærbanen,L5,rail,GOA:ServiceJourney:3093_63146-R,True,actual,False,,,,,2026-09-05T03:37:34.550234+02:00
NSR:StopPlace:62311,Vigrestad stasjon,2026-09-06T01:43:00+02:00,2026-09-05T01:44:05+02:00,2026-09-05T01:44:05+02:00,0.0,0,Egersund,GOA:Line:59,Jærbanen,L5,rail,GOA:ServiceJourney:3090_63143-R,True,actual,False,,,,,2026-09-05T03:37:34.550234+02:00
NSR:StopPlace:62310,Brusand stasjon,2026-09-06T01:36:00+02:00,2026-09-05T01:37:20+02:00,2026-09-05T01:37:20+02:00,0.0,0,Stavanger,GOA:Line:59,Jærbanen,L5,rail,GOA:ServiceJourney:3093_63146-R,True,actual,False,,,,,2026-09-05T03:37:34.550234+02:00
NSR:StopPlace:62310,Brusand stasjon,2026-09-06T01:47:00+02:00,2026-09-05T01:48:01+02:00,2026-09-05T01:48:01+02:00,0.0,0,Egersund,GOA:Line:59,Jærbanen,L5,rail,GOA:ServiceJourney:3090_63143-R,True,actual,False,,,,,2026-09-05T03:37:34.550234+02:00
NSR:StopPlace:61979,Hellvik stasjon,2026-09-06T01:25:00+02:00,2026-09-05T01:25:43+02:00,2026-09-05T01:25:43+02:00,0.0,0,Stavanger,GOA:Line:59,Jærbanen,L5,rail,GOA:ServiceJourney:3093_63146-R,True,actual,False,,,,,2026-09-05T03:37:34.550234+02:00
NSR:StopPlace:61979,Hellvik stasjon,2026-09-06T01:59:00+02:00,2026-09-05T01:58:53+02:00,2026-09-05T01:58:53+02:00,0.0,0,Egersund,GOA:Line:59,Jærbanen,L5,rail,GOA:ServiceJourney:3090_63143-R,True,actual,False,,,,,2026-09-05T03:37:34.550234+02:00
NSR:StopPlace:58925,Gausel stasjon,2026-09-05T02:10:00+02:00,2026-09-04T02:09:37+02:00,2026-09-04T02:09:37+02:00,0.0,0,Sandnes,KOL:Line:8_1001,1,1,bus,KOL:ServiceJourney:1001_251008118354645_1129,True,actual,False,,,,,2026-09-04T03:36:16.371511+02:00
NSR:StopPlace:58925,Gausel stasjon,2026-09-05T02:47:00+02:00,2026-09-04T02:47:27+02:00,2026-09-04T02:47:27+02:00,0.0,0,Stavanger,KOL:Line:8_1001,1,1,bus,KOL:ServiceJourney:1001_251008118382769_2130,True,actual,False,,,,,2026-09-04T03:36:16.371511+02:00
NSR:StopPlace:58925,Gausel stasjon,2026-09-05T03:10:00+02:00,2026-09-04T03:11:57+02:00,2026-09-04T03:11:57+02:00,0.0,0,Sandnes,KOL:Line:8_1001,1,1,bus,KOL:ServiceJourney:1001_251008118354756_1131,True,actual,False,,,,,2026-09-04T03:36:16.371511+02:00
NSR:StopPlace:59647,Dal stasjon,2026-09-05T05:54:00+02:00,2026-09-05T06:15:00+02:00,,1260.0,1,Lillestrøm bussterminal 15,VYG:Line:R13,Drammen-Oslo S-Dal,R13,rail,VYG:ServiceJourney:da8b5f94-26b8-49b7-b0d7-97f124d35807-1606-2026-09-05-0,True,expected,False,Vy kjører taxi på strekningen,Vy kjører taxi på strekningen,incident,normal,2026-09-05T08:24:10.398942+02:00
NSR:StopPlace:58859,Nordby stasjon,2026-09-05T06:07:55+02:00,2026-09-05T06:22:55+02:00,,900.0,1,Lillestrøm bussterminal 15,VYG:Line:R13,Drammen-Oslo S-Dal,R13,rail,VYG:ServiceJourney:3b9f8d64-aa13-4ed0-809e-f43fb9d29c4f-1606-2026-09-05-0,True,expected,False,Vy kjører taxi på strekningen,Vy kjører taxi på strekningen,incident,normal,2026-09-05T08:24:10.398942+02:00
NSR:StopPlace:58850,Hauerseter stasjon,2026-09-05T06:00:00+02:00,2026-09-05T06:15:00+02:00,,900.0,1,Lillestrøm bussterminal 15,VYG:Line:R13,Drammen-Oslo S-Dal,R13,rail,VYG:ServiceJourney:3b9f8d64-aa13-4ed0-809e-f43fb9d29c4f-1606-2026-09-05-0,True,expected,False,Vy kjører taxi på strekningen,Vy kjører taxi på strekningen,incident,normal,2026-09-05T08:24:10.398942+02:00
NSR:StopPlace:58966,Porsgrunn stasjon,2026-09-05T08:27:10+02:00,2026-09-05T08:40:02+02:00,,772.0,1,Skien stasjon,VYG:Line:RE11,Eidsvoll-Oslo S-Skien,RE11,rail,VYG:ServiceJourney:96d67fdf-0fc3-4d48-8754-1b725e83c1fc-90883-2026-09-05-0,True,expected,False,,,,,2026-09-05T08:24:10.398942+02:00
NSR:StopPlace:59261,Trondheim lufthavn,2026-09-05T09:02:00+02:00,2026-09-05T09:09:38+02:00,,458.0,1,Stjørdal stasjon,ATB:Line:2_70,Stjørdal/Hommelvik- Trondheim,70,bus,ATB:ServiceJourney:70_251215112547111_6009,True,expected,False,,,,,2026-09-05T08:24:10.398942+02:00
NSR:StopPlace:58893,Grovane stasjon,2026-09-05T06:37:00+02:00,2026-09-05T06:44:13+02:00,,433.0,1,Kristiansand,AKT:Line:31,Kvadraturen - Sødal - Vennesla,31,bus,AKT:ServiceJourney:102300_6072_44_47640_49860_3950001,True,expected,False,,,,,2026-09-05T08:24:10.398942+02:00
NSR:StopPlace:58876,Tønsberg stasjon,2026-09-05T08:23:00+02:00,2026-09-05T08:30:00+02:00,,420.0,1,Tønsberg,VKT:Line:520,Tønsberg-Stokke,520,bus,VKT:ServiceJourney:17330,True,expected,False,,,,,2026-09-05T08:24:10.398942+02:00
NSR:StopPlace:59648,Kjelsås stasjon,2026-09-05T08:34:00+02:00,2026-09-05T08:40:50+02:00,,410.0,1,Nydalen,VYG:Line:R31,Skøyen-Jaren-Gjøvik,R31,rail,VYG:ServiceJourney:BUS-206_655109-R,True,expected,False,,,,,2026-09-05T08:24:10.398942+02:00
NSR:StopPlace:58932,Hommelvik stasjon,2026-09-05T08:51:00+02:00,2026-09-05T08:57:41+02:00,,401.0,1,Stjørdal stasjon,ATB:Line:2_70,Stjørdal/Hommelvik- Trondheim,70,bus,ATB:ServiceJourney:70_251215112547111_6009,True,expected,False,,,,,2026-09-05T08:24:10.398942+02:00
NSR:StopPlace:58816,Dombås stasjon,2026-09-05T03:36:00+02:00,2026-09-05T03:42:40+02:00,,400.0,1,Trondheim S,SJN:Line:21,Dovrebanen,F6,rail,SJN:ServiceJourney:405-LOD_30131-R,True,expected,False,,,,,2026-09-05T03:37:34.550234+02:00
NSR:StopPlace:58954,Fauske stasjon,2026-09-05T08:30:00+02:00,2026-09-05T08:36:01+02:00,,361.0,1,Bodø lufthavn,NOR:Line:12_8100,Bodø - Fauske - Narvik/Sortland,100,bus,NOR:ServiceJourney:8100_260126119355193_4005,True,expected,False,,,,,2026-09-05T08:24:10.398942+02:00
NSR:StopPlace:58823,Jaren stasjon,2026-09-05T09:12:00+02:00,2026-09-05T09:17:46+02:00,,346.0,1,Gjøvik,VYG:Line:R31,Skøyen-Jaren-Gjøvik,R31,rail,VYG:ServiceJourney:BUS-207_655114-R,True,expected,False,,,,,2026-09-05T08:24:10.398942+02:00
NSR:StopPlace:59261,Trondheim lufthavn,2026-09-05T08:32:00+02:00,2026-09-05T08:37:32+02:00,,332.0,1,Stjørdal stasjon,ATB:Line:2_70,Stjørdal/Hommelvik- Trondheim,70,bus,ATB:ServiceJourney:70_251215112547110_6007,True,expected,False,,,,,2026-09-05T08:24:10.398942+02:00
NSR:StopPlace:58818,Gran stasjon,2026-09-05T09:07:00+02:00,2026-09-05T09:12:10+02:00,,310.0,1,Gjøvik,VYG:Line:R31,Skøyen-Jaren-Gjøvik,R31,rail,VYG:ServiceJourney:BUS-207_655114-R,True,expected,False,,,,,2026-09-05T08:24:10.398942+02:00
NSR:StopPlace:59637,Rosenholm stasjon,2026-09-05T08:01:00+02:00,2026-09-05T08:06:00+02:00,,300.0,1,Ski,VYG:Line:L2,Stabekk-Oslo S-Ski,L2,rail,VYG:ServiceJourney:2711-HVK_699737-R,True,expected,False,,,,,2026-09-05T08:24:10.398942+02:00
NSR:StopPlace:59646,Høvik stasjon,2026-09-05T08:26:00+02:00,2026-09-05T08:30:57+02:00,,297.0,1,Spikkestad,VYG:Line:L1,Spikkestad-Oslo S-Lillestrøm,L1,rail,VYG:ServiceJourney:2213_443604-R,True,expected,False,,,,,2026-09-05T08:24:10.398942+02:00
NSR:StopPlace:59654,Stabekk stasjon,2026-09-05T08:24:00+02:00,2026-09-05T08:28:57+02:00,,297.0,1,Spikkestad,VYG:Line:L1,Spikkestad-Oslo S-Lillestrøm,L1,rail,VYG:ServiceJourney:2213_443604-R,True,expected,False,,,,,2026-09-05T08:24:10.398942+02:00
NSR:StopPlace:58843,Blommenholm stasjon,2026-09-05T08:28:00+02:00,2026-09-05T08:32:57+02:00,,297.0,1,Spikkestad,VYG:Line:L1,Spikkestad-Oslo S-Lillestrøm,L1,rail,VYG:ServiceJourney:2213_443604-R,True,expected,False,,,,,2026-09-05T08:24:10.398942+02:00
NSR:StopPlace:58930,Larvik stasjon,2026-09-05T09:10:00+02:00,2026-09-05T09:14:56+02:00,,296.0,1,Stavern-Kysthospitalet,VKT:Line:4,Torp-Sandefjord-Larvik-Stavern,4,bus,VKT:ServiceJourney:17641,True,expected,False,,,,,2026-09-05T08:24:10.398942+02:00
NSR:StopPlace:59646,Høvik stasjon,2026-09-05T03:33:00+02:00,2026-09-05T03:37:54+02:00,,294.0,1,Sandvika,RUT:Line:3250,Nationaltheatretl - Sandvika- Slemmestad- Sætre,250N,bus,RUT:ServiceJourney:f516ef75ad08da70492128f89c9bd1e0,True,expected,False,,,,,2026-09-05T03:37:34.550234+02:00
NSR:StopPlace:59637,Rosenholm stasjon,2026-09-05T04:02:00+02:00,2026-09-05T04:06:54+02:00,,294.0,1,Fløysbonn,RUT:Line:3983,Nationaltheatret - Fløysbonn,83N,bus,RUT:ServiceJourney:13737ee555d6a39d502e1f0b76963ba4,True,expected,False,,,,,2026-09-05T03:37:34.550234+02:00
NSR:StopPlace:58853,Kolbotn stasjon,2026-09-05T04:16:00+02:00,2026-09-05T04:20:54+02:00,,294.0,1,Fløysbonn,RUT:Line:3983,Nationaltheatret - Fløysbonn,83N,bus,RUT:ServiceJourney:13737ee555d6a39d502e1f0b76963ba4,True,expected,False,,,,,2026-09-05T03:37:34.550234+02:00
NSR:StopPlace:59638,Myrvoll stasjon,2026-09-05T04:00:00+02:00,2026-09-05T04:04:49+02:00,,289.0,1,Ski stasjon,RUT:Line:3981,Nationaltheatret - Ski,81N,bus,RUT:ServiceJourney:7f5b2979d85321fb544d8c79d20fa699,True,expected,False,,,,,2026-09-05T03:37:34.550234+02:00
NSR:StopPlace:58860,Oppegård stasjon,2026-09-05T04:05:00+02:00,2026-09-05T04:09:49+02:00,,289.0,1,Ski stasjon,RUT:Line:3981,Nationaltheatret - Ski,81N,bus,RUT:ServiceJourney:7f5b2979d85321fb544d8c79d20fa699,True,expected,False,,,,,2026-09-05T03:37:34.550234+02:00
NSR:StopPlace:58826,Reinsvoll stasjon,2026-09-05T08:33:00+02:00,2026-09-05T08:37:46+02:00,,286.0,1,Raufoss-Gjøvik,INN:Line:46,Lena-Raufoss-Gjøvik-Kapp-Lena,B46,bus,INN:ServiceJourney:76851,True,expected,False,,,,,2026-09-05T08:24:10.398942+02:00
NSR:StopPlace:59620,Grorud stasjon,2026-09-05T07:57:00+02:00,2026-09-05T08:01:42+02:00,,282.0,1,Spikkestad,VYG:Line:L1,Spikkestad-Oslo S-Lillestrøm,L1,rail,VYG:ServiceJourney:2213_443604-R,True,expected,False,,,,,2026-09-05T08:24:10.398942+02:00
NSR:StopPlace:610,Sandvika stasjon,2026-09-05T08:31:00+02:00,2026-09-05T08:35:41+02:00,,281.0,1,Spikkestad,VYG:Line:L1,Spikkestad-Oslo S-Lillestrøm,L1,rail,VYG:ServiceJourney:2213_443604-R,True,expected,False,,,,,2026-09-05T08:24:10.398942+02:00
NSR:StopPlace:62392,Slependen stasjon,2026-09-05T08:33:00+02:00,2026-09-05T08:37:41+02:00,,281.0,1,Spikkestad,VYG:Line:L1,Spikkestad-Oslo S-Lillestrøm,L1,rail,VYG:ServiceJourney:2213_443604-R,True,expected,False,,,,,2026-09-05T08:24:10.398942+02:00
NSR:StopPlace:60640,Heimdal stasjon,2026-09-05T08:30:00+02:00,2026-09-05T08:34:36+02:00,,276.0,1,Oslo S,SJN:Line:21,Dovrebanen,F6,rail,SJN:ServiceJourney:42-TND_30140-R,True,expected,False,,,,,2026-09-05T08:24:10.398942+02:00
NSR:StopPlace:58871,Sande stasjon,2026-09-05T06:53:00+02:00,2026-09-05T06:57:33+02:00,,273.0,1,Drammen,VYG:Line:RE11,Eidsvoll-Oslo S-Skien,RE11,rail,VYG:ServiceJourney:BUS-804_654209-R,True,expected,False,,,,,2026-09-05T08:24:10.398942+02:00
NSR:StopPlace:58932,Hommelvik stasjon,2026-09-05T08:21:00+02:00,2026-09-05T08:25:07+02:00,,247.0,1,Stjørdal stasjon,ATB:Line:2_70,Stjørdal/Hommelvik- Trondheim,70,bus,ATB:ServiceJourney:70_251215112547110_6007,True,expected,False,,,,,2026-09-05T08:24:10.398942+02:00
NSR:StopPlace:58821,Hjerkinn stasjon,2026-09-05T04:01:00+02:00,2026-09-05T04:05:05+02:00,,245.0,1,Trondheim S,SJN:Line:21,Dovrebanen,F6,rail,SJN:ServiceJourney:405-LOD_30131-R,True,expected,False,,,,,2026-09-05T03:37:34.550234+02:00
NSR:StopPlace:58853,Kolbotn stasjon,2026-09-05T08:03:00+02:00,2026-09-05T08:07:02+02:00,,242.0,1,Ski,VYG:Line:L2,Stabekk-Oslo S-Ski,L2,rail,VYG:ServiceJourney:2711-HVK_699737-R,True,expected,False,,,,,2026-09-05T08:24:10.398942+02:00
NSR:StopPlace:62393,Billingstad stasjon,2026-09-05T08:36:00+02:00,2026-09-05T08:40:01+02:00,,241.0,1,Spikkestad,VYG:Line:L1,Spikkestad-Oslo S-Lillestrøm,L1,rail,VYG:ServiceJourney:2213_443604-R,True,expected,False,,,,,2026-09-05T08:24:10.398942+02:00
NSR:StopPlace:58861,Solbråtan stasjon,2026-09-05T08:05:00+02:00,2026-09-05T08:08:55+02:00,,235.0,1,Ski,VYG:Line:L2,Stabekk-Oslo S-Ski,L2,rail,VYG:ServiceJourney:2711-HVK_699737-R,True,expected,False,,,,,2026-09-05T08:24:10.398942+02:00
NSR:StopPlace:61464,Hvalstad stasjon,2026-09-05T08:39:00+02:00,2026-09-05T08:42:40+02:00,,220.0,1,Spikkestad,VYG:Line:L1,Spikkestad-Oslo S-Lillestrøm,L1,rail,VYG:ServiceJourney:2213_443604-R,True,expected,False,,,,,2026-09-05T08:24:10.398942+02:00
NSR:StopPlace:61465,Rise stasjon,2026-09-05T08:20:00+02:00,2026-09-05T08:23:33+02:00,,213.0,1,Nelaug,GOA:Line:53,Sørtoget lokal,R50,rail,GOA:ServiceJourney:2064_63017-R,True,expected,False,,,,,2026-09-05T08:24:10.398942+02:00
NSR:StopPlace:59652,Tøyen stasjon,2026-09-05T08:27:00+02:00,2026-09-05T08:30:33+02:00,,213.0,1,Tonsenhagen,RUT:Line:60,Vippetangen-Tonsenhagen,60,bus,RUT:ServiceJourney:2bb5a13f10dc7e1828869d5f18fe94a4,True,expected,False,,,,,2026-09-05T08:24:10.398942+02:00
NSR:StopPlace:62352,Stoa stasjon,2026-09-05T08:14:00+02:00,2026-09-05T08:17:33+02:00,,213.0,1,Nelaug,GOA:Line:53,Sørtoget lokal,R50,rail,GOA:ServiceJourney:2064_63017-R,True,expected,False,,,,,2026-09-05T08:24:10.398942+02:00
NSR:StopPlace:62351,Bråstad stasjon,2026-09-05T08:15:00+02:00,2026-09-05T08:18:33+02:00,,213.0,1,Nelaug,GOA:Line:53,Sørtoget lokal,R50,rail,GOA:ServiceJourney:2064_63017-R,True,expected,False,,,,,2026-09-05T08:24:10.398942+02:00
NSR:StopPlace:61466,Vakås stasjon,2026-09-05T08:41:00+02:00,2026-09-05T08:44:27+02:00,,207.0,1,Spikkestad,VYG:Line:L1,Spikkestad-Oslo S-Lillestrøm,L1,rail,VYG:ServiceJourney:2213_443604-R,True,expected,False,,,,,2026-09-05T08:24:10.398942+02:00
NSR:StopPlace:6,Greverud stasjon,2026-09-05T08:10:00+02:00,2026-09-05T08:13:18+02:00,,198.0,1,Ski,VYG:Line:L2,Stabekk-Oslo S-Ski,L2,rail,VYG:ServiceJourney:2711-HVK_699737-R,True,expected,False,,,,,2026-09-05T08:24:10.398942+02:00
NSR:StopPlace:59638,Myrvoll stasjon,2026-09-05T08:08:00+02:00,2026-09-05T08:11:18+02:00,,198.0,1,Ski,VYG:Line:L2,Stabekk-Oslo S-Ski,L2,rail,VYG:ServiceJourney:2711-HVK_699737-R,True,expected,False,,,,,2026-09-05T08:24:10.398942+02:00
NSR:StopPlace:60078,Kongsvoll stasjon,2026-09-05T04:10:00+02:00,2026-09-05T04:13:17+02:00,,197.0,1,Trondheim S,SJN:Line:21,Dovrebanen,F6,rail,SJN:ServiceJourney:405-LOD_30131-R,True,expected,False,,,,,2026-09-05T03:37:34.550234+02:00
NSR:StopPlace:61169,Marienborg stasjon,2026-09-05T08:37:00+02:00,2026-09-05T08:40:15+02:00,,195.0,1,Pirbadet via St. Olavs hospital,ATB:Line:2_23,Brattøra - St. Olavs - Hallset - Flatåsen - Sandmoen,23,bus,ATB:ServiceJourney:23_251215112545609_6013,True,expected,False,,,,,2026-09-05T08:24:10.398942+02:00
NSR:StopPlace:58866,Vevelstad stasjon,2026-09-05T08:14:00+02:00,2026-09-05T08:17:10+02:00,,190.0,1,Ski,VYG:Line:L2,Stabekk-Oslo S-Ski,L2,rail,VYG:ServiceJourney:2711-HVK_699737-R,True,expected,False,,,,,2026-09-05T08:24:10.398942+02:00
NSR:StopPlace:58860,Oppegård stasjon,2026-09-05T08:12:00+02:00,2026-09-05T08:15:10+02:00,,190.0,1,Ski,VYG:Line:L2,Stabekk-Oslo S-Ski,L2,rail,VYG:ServiceJourney:2711-HVK_699737-R,True,expected,False,,,,,2026-09-05T08:24:10.398942+02:00
NSR:StopPlace:58853,Kolbotn stasjon,2026-09-05T03:38:00+02:00,2026-09-05T03:41:10+02:00,,190.0,1,Mastemyr,RUT:Line:3983,Nationaltheatret - Fløysbonn,83N,bus,RUT:ServiceJourney:4b7898bd2cbdf6c190c622997f6fea99,True,expected,False,,,,,2026-09-05T03:37:34.550234+02:00
NSR:StopPlace:58971,Mosjøen stasjon,2026-09-05T08:31:00+02:00,2026-09-05T08:34:07+02:00,,187.0,1,Mosjøen,NOR:Line:12_3705,Mosjøen-Sandnessjøen,705,bus,NOR:ServiceJourney:3705_260319084414960_3002,True,expected,False,,,,,2026-09-05T08:24:10.398942+02:00
NSR:StopPlace:58852,Høn stasjon,2026-09-05T08:43:00+02:00,2026-09-05T08:46:03+02:00,,183.0,1,Spikkestad,VYG:Line:L1,Spikkestad-Oslo S-Lillestrøm,L1,rail,VYG:ServiceJourney:2213_443604-R,True,expected,False,,,,,2026-09-05T08:24:10.398942+02:00
NSR:StopPlace:58842,Blaker stasjon,2026-09-05T08:21:00+02:00,2026-09-05T08:24:00+02:00,,180.0,1,Asker,VYG:Line:R14,Asker-Oslo S-Kongsvinger,R14,rail,VYG:ServiceJourney:1008_442913-R,True,expected,False,,,,,2026-09-05T08:24:10.398942+02:00
NSR:StopPlace:58854,Langhus stasjon,2026-09-05T08:16:00+02:00,2026-09-05T08:19:00+02:00,,180.0,1,Ski,VYG:Line:L2,Stabekk-Oslo S-Ski,L2,rail,VYG:ServiceJourney:2711-HVK_699737-R,True,expected,False,,,,,2026-09-05T08:24:10.398942+02:00
NSR:StopPlace:61169,Marienborg stasjon,2026-09-05T08:44:00+02:00,2026-09-05T08:46:54+02:00,,174.0,1,Havstad,ATB:Line:2_13,Østmarka - Strindheim - Lerkendal - Havstad,13,bus,ATB:ServiceJourney:13_251215112552759_6016,True,expected,False,,,,,2026-09-05T08:24:10.398942+02:00
NSR:StopPlace:58825,Raufoss stasjon,2026-09-05T08:45:00+02:00,2026-09-05T08:47:46+02:00,,166.0,1,Gjøvik-Kapp,INN:Line:46,Lena-Raufoss-Gjøvik-Kapp-Lena,B46,bus,INN:ServiceJourney:76851,True,expected,False,,,,,2026-09-05T08:24:10.398942+02:00
NSR:StopPlace:59261,Trondheim lufthavn,2026-09-05T08:24:00+02:00,2026-09-05T08:26:44+02:00,,164.0,1,Bodø,SJN:Line:71,Nordlandsbanen,F7,rail,SJN:ServiceJourney:471_46158-R,True,expected,False,,,,,2026-09-05T08:24:10.398942+02:00
NSR:StopPlace:61169,Marienborg stasjon,2026-09-05T09:14:00+02:00,2026-09-05T09:16:39+02:00,,159.0,1,Havstad,ATB:Line:2_13,Østmarka - Strindheim - Lerkendal - Havstad,13,bus,ATB:ServiceJourney:13_251215112552760_6020,True,expected,False,,,,,2026-09-05T08:24:10.398942+02:00
NSR:StopPlace:58888,Blakstad stasjon,2026-09-05T08:25:00+02:00,2026-09-05T08:27:39+02:00,,159.0,1,Nelaug,GOA:Line:53,Sørtoget lokal,R50,rail,GOA:ServiceJourney:2064_63017-R,True,expected,False,,,,,2026-09-05T08:24:10.398942+02:00
NSR:StopPlace:62355,Froland stasjon,2026-09-05T08:28:00+02:00,2026-09-05T08:30:39+02:00,,159.0,1,Nelaug,GOA:Line:53,Sørtoget lokal,R50,rail,GOA:ServiceJourney:2064_63017-R,True,expected,False,,,,,2026-09-05T08:24:10.398942+02:00
NSR:StopPlace:61169,Marienborg stasjon,2026-09-05T08:59:00+02:00,2026-09-05T09:01:35+02:00,,155.0,1,Havstad,ATB:Line:2_13,Østmarka - Strindheim - Lerkendal - Havstad,13,bus,ATB:ServiceJourney:13_251215112552745_6018,True,expected,False,,,,,2026-09-05T08:24:10.398942+02:00
NSR:StopPlace:60047,Melhus skysstasjon,2026-09-05T08:23:00+02:00,2026-09-05T08:25:32+02:00,,152.0,1,Hesttrøa via Melhus skysstasjon,ATB:Line:2_82,Hesttrøa-Brekkåsen,82,bus,ATB:ServiceJourney:82_251215112550667_6010,True,expected,False,Linje 82 og 504,Avvikende kjøring for linje 82 og 504 pga Hølondvegen er stengt. ,general,normal,2026-09-05T08:24:10.398942+02:00
NSR:StopPlace:58932,Hommelvik stasjon,2026-09-05T09:01:00+02:00,2026-09-05T09:03:30+02:00,,150.0,1,Marienborg via Brattøra,ATB:Line:2_70,Stjørdal/Hommelvik- Trondheim,70,bus,ATB:ServiceJourney:70_251215112547026_6016,True,expected,False,,,,,2026-09-05T08:24:10.398942+02:00
NSR:StopPlace:425,Vinstra stasjon,2026-09-05T03:35:00+02:00,2026-09-05T03:37:27+02:00,,147.0,1,Oslo S,SJN:Line:21,Dovrebanen,F6,rail,SJN:ServiceJourney:406-TND_30133-R,True,expected,False,,,,,2026-09-05T03:37:34.550234+02:00
NSR:StopPlace:61169,Marienborg stasjon,2026-09-05T08:29:00+02:00,2026-09-05T08:31:24+02:00,,144.0,1,Havstad,ATB:Line:2_13,Østmarka - Strindheim - Lerkendal - Havstad,13,bus,ATB:ServiceJourney:13_251215112552744_6014,True,expected,False,,,,,2026-09-05T08:24:10.398942+02:00
NSR:StopPlace:59638,Myrvoll stasjon,2026-09-05T03:49:00+02:00,2026-09-05T03:51:24+02:00,,144.0,1,Ødegården,RUT:Line:3981,Nationaltheatret - Ski,81N,bus,RUT:ServiceJourney:81e0d6ea48f164a251156f7305926e9c,True,expected,False,,,,,2026-09-05T03:37:34.550234+02:00
NSR:StopPlace:58860,Oppegård stasjon,2026-09-05T03:43:00+02:00,2026-09-05T03:45:24+02:00,,144.0,1,Ødegården,RUT:Line:3981,Nationaltheatret - Ski,81N,bus,RUT:ServiceJourney:81e0d6ea48f164a251156f7305926e9c,True,expected,False,,,,,2026-09-05T03:37:34.550234+02:00
NSR:StopPlace:60737,Bondivann stasjon,2026-09-05T08:49:00+02:00,2026-09-05T08:51:21+02:00,,141.0,1,Spikkestad,VYG:Line:L1,Spikkestad-Oslo S-Lillestrøm,L1,rail,VYG:ServiceJourney:2213_443604-R,True,expected,False,,,,,2026-09-05T08:24:10.398942+02:00
NSR:StopPlace:60735,Gullhella stasjon,2026-09-05T08:51:00+02:00,2026-09-05T08:53:21+02:00,,141.0,1,Spikkestad,VYG:Line:L1,Spikkestad-Oslo S-Lillestrøm,L1,rail,VYG:ServiceJourney:2213_443604-R,True,expected,False,,,,,2026-09-05T08:24:10.398942+02:00
NSR:StopPlace:58921,Vennesla stasjon,2026-09-05T07:48:00+02:00,2026-09-05T07:50:19+02:00,,139.0,1,Kristiansand,AKT:Line:31,Kvadraturen - Sødal - Vennesla,31,bus,AKT:ServiceJourney:102301_6112_44_54840_57060_3950001,True,expected,False,,,,,2026-09-05T08:24:10.398942+02:00
NSR:StopPlace:60047,Melhus skysstasjon,2026-09-05T08:53:00+02:00,2026-09-05T08:55:17+02:00,,137.0,1,Hesttrøa via Melhus skysstasjon,ATB:Line:2_82,Hesttrøa-Brekkåsen,82,bus,ATB:ServiceJourney:82_251215112550656_6012,True,expected,False,Linje 82 og 504,Avvikende kjøring for linje 82 og 504 pga Hølondvegen er stengt. ,general,normal,2026-09-05T08:24:10.398942+02:00
NSR:StopPlace:58948,Stjørdal stasjon,2026-09-05T08:28:00+02:00,2026-09-05T08:30:16+02:00,,136.0,1,Bodø,SJN:Line:71,Nordlandsbanen,F7,rail,SJN:ServiceJourney:471_46158-R,True,expected,False,,,,,2026-09-05T08:24:10.398942+02:00
NSR:StopPlace:59977,Trondheim S,2026-09-05T07:16:00+02:00,2026-09-05T07:18:15+02:00,,135.0,1,Strindheim via Lade,ATB:Line:2_2,Strindheim- Lade- sentrum- Sau,2,bus,ATB:ServiceJourney:2_251215112549995_6005,True,expected,False,,,,,2026-09-05T08:24:10.398942+02:00
NSR:StopPlace:58846,Fetsund stasjon,2026-09-05T08:22:00+02:00,2026-09-05T08:24:14+02:00,,134.0,1,Kongsvinger,VYG:Line:R14,Asker-Oslo S-Kongsvinger,R14,rail,VYG:ServiceJourney:1007_442912-R,True,expected,False,,,,,2026-09-05T08:24:10.398942+02:00
NSR:StopPlace:61169,Marienborg stasjon,2026-09-05T09:08:00+02:00,2026-09-05T09:10:13+02:00,,133.0,1,Østmarka via Lerkendal-Strindh.,ATB:Line:2_13,Østmarka - Strindheim - Lerkendal - Havstad,13,bus,ATB:ServiceJourney:13_251215112552809_6019,True,expected,False,,,,,2026-09-05T08:24:10.398942+02:00
NSR:StopPlace:58819,Grua stasjon,2026-09-05T08:29:00+02:00,2026-09-05T08:31:11+02:00,,131.0,1,Oslo S,VYG:Line:R31,Skøyen-Jaren-Gjøvik,R31,rail,VYG:ServiceJourney:BUS-208_655124-R,True,expected,False,,,,,2026-09-05T08:24:10.398942+02:00
NSR:StopPlace:62354,Bøylestad stasjon,2026-09-05T08:34:00+02:00,2026-09-05T08:36:11+02:00,,131.0,1,Nelaug,GOA:Line:53,Sørtoget lokal,R50,rail,GOA:ServiceJourney:2064_63017-R,True,expected,False,,,,,2026-09-05T08:24:10.398942+02:00
NSR:StopPlace:59648,Kjelsås stasjon,2026-09-05T08:41:00+02:00,2026-09-05T08:43:10+02:00,,130.0,1,Haugerud,RUT:Line:25,Majorstuen-Haugerud,25,bus,RUT:ServiceJourney:bbad3dcbb71ab1e7d8115eb594bf0660,True,expected,False,,,,,2026-09-05T08:24:10.398942+02:00
NSR:StopPlace:60640,Heimdal stasjon,2026-09-05T08:31:00+02:00,2026-09-05T08:33:10+02:00,,130.0,1,Torgård via Tillerringen,ATB:Line:2_16,Flatåsen- Heimdal- Torgård,16,bus,ATB:ServiceJourney:16_251215112550477_6004,True,expected,False,,,,,2026-09-05T08:24:10.398942+02:00
NSR:StopPlace:59261,Trondheim lufthavn,2026-09-05T08:05:00+02:00,2026-09-05T08:07:00+02:00,,120.0,1,Tromsø,AVI:Line:WF_TRF-TOS,Sandefjord-Tromsø,,air,AVI:ServiceJourney:WF1343-02-1471637572,True,expected,False,,,,,2026-09-05T08:24:10.398942+02:00
NSR:StopPlace:61169,Marienborg stasjon,2026-09-05T08:53:00+02:00,2026-09-05T08:54:57+02:00,,117.0,1,Østmarka via Lerkendal-Strindh.,ATB:Line:2_13,Østmarka - Strindheim - Lerkendal - Havstad,13,bus,ATB:ServiceJourney:13_251215112552808_6017,True,expected,False,,,,,2026-09-05T08:24:10.398942+02:00
NSR:StopPlace:59638,Myrvoll stasjon,2026-09-05T08:37:00+02:00,2026-09-05T08:38:56+02:00,,116.0,1,Kolbotn torg,RUT:Line:580,Kolbotn - Ski,580,bus,RUT:ServiceJourney:36b5c67cdafe5b9adf0b25ea39af3088,True,expected,False,,,,,2026-09-05T08:24:10.398942+02:00
NSR:StopPlace:58853,Kolbotn stasjon,2026-09-05T08:49:00+02:00,2026-09-05T08:50:56+02:00,,116.0,1,Kolbotn torg,RUT:Line:580,Kolbotn - Ski,580,bus,RUT:ServiceJourney:36b5c67cdafe5b9adf0b25ea39af3088,True,expected,False,,,,,2026-09-05T08:24:10.398942+02:00
NSR:StopPlace:58860,Oppegård stasjon,2026-09-05T08:31:00+02:00,2026-09-05T08:32:56+02:00,,116.0,1,Kolbotn torg,RUT:Line:580,Kolbotn - Ski,580,bus,RUT:ServiceJourney:36b5c67cdafe5b9adf0b25ea39af3088,True,expected,False,,,,,2026-09-05T08:24:10.398942+02:00
NSR:StopPlace:58853,Kolbotn stasjon,2026-09-05T03:46:00+02:00,2026-09-05T03:47:55+02:00,,115.0,1,Fløysbonn,RUT:Line:3983,Nationaltheatret - Fløysbonn,83N,bus,RUT:ServiceJourney:600c67b9d6e08096924dd61a70f1f4a0,True,expected,False,,,,,2026-09-05T03:37:34.550234+02:00
NSR:StopPlace:61169,Marienborg stasjon,2026-09-05T08:33:00+02:00,2026-09-05T08:34:51+02:00,,111.0,1,Østmarka via Lerkendal-Strindh.,ATB:Line:2_13,Østmarka - Strindheim - Lerkendal - Havstad,13,bus,ATB:ServiceJourney:13_251215112552849_6015,True,expected,False,,,,,2026-09-05T08:24:10.398942+02:00
NSR:StopPlace:58854,Langhus stasjon,2026-09-05T08:24:00+02:00,2026-09-05T08:25:46+02:00,,106.0,1,Drøbak - Seiersten,RUT:Line:510,Bøleråsen - Ski - Ås - Drøbak,510,bus,RUT:ServiceJourney:ad4e8c2f7566cea8f7c55dda734ecd57,True,expected,False,,,,,2026-09-05T08:24:10.398942+02:00
NSR:StopPlace:59649,Nydalen stasjon,2026-09-05T08:46:00+02:00,2026-09-05T08:47:44+02:00,,104.0,1,Lysaker,RUT:Line:23,Lysaker - Simensbråten,23,bus,RUT:ServiceJourney:b95a5abcbcc0aa04c3a776b873348efd,True,expected,False,,,,,2026-09-05T08:24:10.398942+02:00
NSR:StopPlace:59643,Grefsen stasjon,2026-09-05T08:41:00+02:00,2026-09-05T08:42:44+02:00,,104.0,1,Lysaker,RUT:Line:23,Lysaker - Simensbråten,23,bus,RUT:ServiceJourney:b95a5abcbcc0aa04c3a776b873348efd,True,expected,False,,,,,2026-09-05T08:24:10.398942+02:00
NSR:StopPlace:58845,Eidsvoll verk stasjon,2026-09-05T08:25:00+02:00,2026-09-05T08:26:44+02:00,,104.0,1,Eidsvoll,VYG:Line:R12,Kongsberg-Oslo S-Eidsvoll,R12,rail,VYG:ServiceJourney:506_444299-R,True,expected,False,,,,,2026-09-05T08:24:10.398942+02:00
NSR:StopPlace:61169,Marienborg stasjon,2026-09-05T08:29:00+02:00,2026-09-05T08:30:43+02:00,,103.0,1,Romolslia,ATB:Line:2_20,Grillstad - Strindheim - Ladehammeren- Sentrum - Romolslia,20,bus,ATB:ServiceJourney:20_251215112548147_6010,True,expected,False,,,,,2026-09-05T08:24:10.398942+02:00
NSR:StopPlace:60047,Melhus skysstasjon,2026-09-05T03:59:00+02:00,2026-09-05T04:00:41+02:00,,101.0,1,Brekkåsen,ATB:Line:2_110,Nattbuss Trondheim- Melhus,110,bus,ATB:ServiceJourney:110_251215112544871_6006,True,expected,False,,,,,2026-09-05T03:37:34.550234+02:00
NSR:StopPlace:58838,Røyken stasjon,2026-09-05T08:59:00+02:00,2026-09-05T09:00:39+02:00,,99.0,1,Spikkestad,VYG:Line:L1,Spikkestad-Oslo S-Lillestrøm,L1,rail,VYG:ServiceJourney:2213_443604-R,True,expected,False,,,,,2026-09-05T08:24:10.398942+02:00
NSR:StopPlace:58851,Heggedal stasjon,2026-09-05T08:55:00+02:00,2026-09-05T08:56:39+02:00,,99.0,1,Spikkestad,VYG:Line:L1,Spikkestad-Oslo S-Lillestrøm,L1,rail,VYG:ServiceJourney:2213_443604-R,True,expected,False,,,,,2026-09-05T08:24:10.398942+02:00
NSR:StopPlace:59654,Stabekk stasjon,2026-09-05T03:39:00+02:00,2026-09-05T03:40:38+02:00,,98.0,1,Gullhaug,RUT:Line:150,Gullhaug - Nationaltheatret,150,bus,RUT:ServiceJourney:b902697725652b8b79f319a32bd86956,True,expected,False,Holdeplass Stabekk stasjon i retning mot Bekkestua er flyttet ca. 50 meter bakover.,Dette skyldes anleggsarbeid i området.,incident,normal,2026-09-05T03:37:34.550234+02:00
NSR:StopPlace:61169,Marienborg stasjon,2026-09-05T09:22:00+02:00,2026-09-05T09:23:37+02:00,,97.0,1,Sandmoen via Flatåsen,ATB:Line:2_23,Brattøra - St. Olavs - Hallset - Flatåsen - Sandmoen,23,bus,ATB:ServiceJourney:23_251215112548523_6018,True,expected,False,,,,,2026-09-05T08:24:10.398942+02:00
NSR:StopPlace:61169,Marienborg stasjon,2026-09-05T02:05:00+02:00,2026-09-05T02:06:36+02:00,,96.0,1,Flatåsen via Byåsen,ATB:Line:2_101,Nattbuss Byåsen/Flatåsen,101,bus,ATB:ServiceJourney:101_251215112544847_6006,True,expected,False,,,,,2026-09-05T03:37:34.550234+02:00
NSR:StopPlace:61169,Marienborg stasjon,2026-09-05T08:57:00+02:00,2026-09-05T08:58:35+02:00,,95.0,1,Pirbadet via St. Olavs hospital,ATB:Line:2_23,Brattøra - St. Olavs - Hallset - Flatåsen - Sandmoen,23,bus,ATB:ServiceJourney:23_251215112545610_6015,True,expected,False,,,,,2026-09-05T08:24:10.398942+02:00
NSR:StopPlace:61169,Marienborg stasjon,2026-09-05T09:04:00+02:00,2026-09-05T09:05:35+02:00,,95.0,1,Grillstad via St. Olavs h- Ladeham.,ATB:Line:2_20,Grillstad - Strindheim - Ladehammeren- Sentrum - Romolslia,20,bus,ATB:ServiceJourney:20_251215112548050_6013,True,expected,False,,,,,2026-09-05T08:24:10.398942+02:00
NSR:StopPlace:61169,Marienborg stasjon,2026-09-05T09:02:00+02:00,2026-09-05T09:03:33+02:00,,93.0,1,Sandmoen via Flatåsen,ATB:Line:2_23,Brattøra - St. Olavs - Hallset - Flatåsen - Sandmoen,23,bus,ATB:ServiceJourney:23_251215112545488_6016,True,expected,False,,,,,2026-09-05T08:24:10.398942+02:00
NSR:StopPlace:59620,Grorud stasjon,2026-09-05T08:24:00+02:00,2026-09-05T08:25:33+02:00,,93.0,1,Oslo lufthavn,NBU:Line:cb7b555c-f96e-42d5-84bf-a5e08c0145c2,Radiumhospitalet via Økern-Storo-Tåsen,FB3,bus,NBU:ServiceJourney:f97e170a-8e1a-4da7-8fbb-f9e52d727e11,True,expected,False,,,,,2026-09-05T08:24:10.398942+02:00
NSR:StopPlace:58795,Kambo stasjon,2026-09-05T08:26:00+02:00,2026-09-05T08:27:31+02:00,,91.0,1,Moss,RUT:Line:540,Moss - Son - Vestby stasjon,540,bus,RUT:ServiceJourney:39e138d95c53a73162051c70ad5f0903,True,expected,False,,,,,2026-09-05T08:24:10.398942+02:00
NSR:StopPlace:274,Hunderfossen stasjon,2026-09-05T07:00:00+02:00,2026-09-05T07:01:31+02:00,,91.0,1,Drammen,VYG:Line:RE10,Drammen-Oslo S-Lillehammer,RE10,rail,VYG:ServiceJourney:358-DOM_621902-R,True,expected,False,,,,,2026-09-05T08:24:10.398942+02:00
NSR:StopPlace:60640,Heimdal stasjon,2026-09-05T02:18:00+02:00,2026-09-05T02:19:31+02:00,,91.0,1,Lundåsen,ATB:Line:2_109,Nattbuss Bjørndalen/Kattem/Lun,109,bus,ATB:ServiceJourney:109_251215112543889_6006,True,expected,False,,,,,2026-09-05T03:37:34.550234+02:00
NSR:StopPlace:60640,Heimdal stasjon,2026-09-05T03:48:00+02:00,2026-09-05T03:49:31+02:00,,91.0,1,Lundåsen,ATB:Line:2_109,Nattbuss Bjørndalen/Kattem/Lun,109,bus,ATB:ServiceJourney:109_251215112543888_6002,True,expected,False,,,,,2026-09-05T03:37:34.550234+02:00
NSR:StopPlace:59620,Grorud stasjon,2026-09-05T08:24:00+02:00,2026-09-05T08:25:28+02:00,,88.0,1,Grorud T,RUT:Line:79,Grorud T - Åsbråten,79,bus,RUT:ServiceJourney:443dd908e21fee156523a47820597818,True,expected,False,,,,,2026-09-05T08:24:10.398942+02:00
NSR:StopPlace:58925,Gausel stasjon,2026-09-05T08:32:00+02:00,2026-09-05T08:33:28+02:00,,88.0,1,Stavanger,KOL:Line:8_1003,2,2,bus,KOL:ServiceJourney:1003_251008123103324_4004,True,expected,False,,,,,2026-09-05T08:24:10.398942+02:00
NSR:StopPlace:58875,Torp stasjon,2026-09-05T06:54:15+02:00,2026-09-05T06:55:43+02:00,,88.0,1,Stokke stasjon,VYG:Line:RE11,Eidsvoll-Oslo S-Skien,RE11,rail,VYG:ServiceJourney:63d7efc4-6580-4756-a09c-6f2138311be4-90806-2026-09-05-0,True,expected,False,,,,,2026-09-05T08:24:10.398942+02:00
NSR:StopPlace:59977,Trondheim S,2026-09-05T06:56:00+02:00,2026-09-05T06:57:26+02:00,,86.0,1,Strindheim via Lade,ATB:Line:2_2,Strindheim- Lade- sentrum- Sau,2,bus,ATB:ServiceJourney:2_251215112549994_6003,True,expected,False,,,,,2026-09-05T08:24:10.398942+02:00
NSR:StopPlace:61169,Marienborg stasjon,2026-09-05T03:35:00+02:00,2026-09-05T03:36:26+02:00,,86.0,1,Flatåsen via Byåsen,ATB:Line:2_101,Nattbuss Byåsen/Flatåsen,101,bus,ATB:ServiceJourney:101_251215112544846_6002,True,expected,False,,,,,2026-09-05T03:37:34.550234+02:00
NSR:StopPlace:61169,Marienborg stasjon,2026-09-05T02:35:00+02:00,2026-09-05T02:36:25+02:00,,85.0,1,Flatåsen via Byåsen,ATB:Line:2_101,Nattbuss Byåsen/Flatåsen,101,bus,ATB:ServiceJourney:101_251215112544850_6008,True,expected,False,,,,,2026-09-05T03:37:34.550234+02:00
NSR:StopPlace:59650,Nyland stasjon,2026-09-05T03:46:00+02:00,2026-09-05T03:47:25+02:00,,85.0,1,Vestli,RUT:Line:3905,Jernbanetorget - Vestli T,5N,bus,RUT:ServiceJourney:d92c2a8faeda5860723018b99dd3174e,True,expected,False,,,,,2026-09-05T03:37:34.550234+02:00
NSR:StopPlace:59620,Grorud stasjon,2026-09-05T03:48:00+02:00,2026-09-05T03:49:25+02:00,,85.0,1,Vestli,RUT:Line:3905,Jernbanetorget - Vestli T,5N,bus,RUT:ServiceJourney:d92c2a8faeda5860723018b99dd3174e,True,expected,False,,,,,2026-09-05T03:37:34.550234+02:00
NSR:StopPlace:61169,Marienborg stasjon,2026-09-05T03:05:00+02:00,2026-09-05T03:06:24+02:00,,84.0,1,Flatåsen via Byåsen,ATB:Line:2_101,Nattbuss Byåsen/Flatåsen,101,bus,ATB:ServiceJourney:101_251215112544848_6010,True,expected,False,,,,,2026-09-05T03:37:34.550234+02:00
NSR:StopPlace:60077,Støren stasjon,2026-09-05T09:04:00+02:00,2026-09-05T09:05:21+02:00,,81.0,1,Oslo S,SJN:Line:21,Dovrebanen,F6,rail,SJN:ServiceJourney:42-TND_30140-R,True,expected,False,,,,,2026-09-05T08:24:10.398942+02:00
NSR:StopPlace:59654,Stabekk stasjon,2026-09-05T08:39:00+02:00,2026-09-05T08:40:20+02:00,,80.0,1,Gullhaug,RUT:Line:150,Gullhaug - Nationaltheatret,150,bus,RUT:ServiceJourney:67d61ef4fb066cc8fcb4ef168098c028,True,expected,False,Holdeplass Stabekk stasjon i retning mot Bekkestua er flyttet ca. 50 meter bakover.,Dette skyldes anleggsarbeid i området.,incident,normal,2026-09-05T08:24:10.398942+02:00
NSR:StopPlace:60640,Heimdal stasjon,2026-09-05T03:18:00+02:00,2026-09-05T03:19:20+02:00,,80.0,1,Lundåsen,ATB:Line:2_109,Nattbuss Bjørndalen/Kattem/Lun,109,bus,ATB:ServiceJourney:109_251215112543890_6010,True,expected,False,,,,,2026-09-05T03:37:34.550234+02:00
NSR:StopPlace:60640,Heimdal stasjon,2026-09-05T02:48:00+02:00,2026-09-05T02:49:18+02:00,,78.0,1,Lundåsen,ATB:Line:2_109,Nattbuss Bjørndalen/Kattem/Lun,109,bus,ATB:ServiceJourney:109_251215112543887_6008,True,expected,False,,,,,2026-09-05T03:37:34.550234+02:00
NSR:StopPlace:61460,Flaten stasjon,2026-09-05T08:41:00+02:00,2026-09-05T08:42:17+02:00,,77.0,1,Nelaug,GOA:Line:53,Sørtoget lokal,R50,rail,GOA:ServiceJourney:2064_63017-R,True,expected,False,,,,,2026-09-05T08:24:10.398942+02:00
NSR:StopPlace:58851,Heggedal stasjon,2026-09-05T08:24:00+02:00,2026-09-05T08:25:15+02:00,,75.0,1,Lillestrøm,VYG:Line:L1,Spikkestad-Oslo S-Lillestrøm,L1,rail,VYG:ServiceJourney:2218_443612-R,True,expected,False,,,,,2026-09-05T08:24:10.398942+02:00
NSR:StopPlace:59789,Skotbu stasjon,2026-09-05T08:22:00+02:00,2026-09-05T08:23:14+02:00,,74.0,1,Rakkestad,VYG:Line:R22,Skøyen-Oslo S-Mysen-Rakkestad,R22,rail,VYG:ServiceJourney:1907_443443-R,True,expected,False,,,,,2026-09-05T08:24:10.398942+02:00
NSR:StopPlace:58874,Stokke stasjon,2026-09-05T08:22:00+02:00,2026-09-05T08:23:13+02:00,,73.0,1,Tønsberg,VKT:Line:520,Tønsberg-Stokke,520,bus,VKT:ServiceJourney:17331,True,expected,False,,,,,2026-09-05T08:24:10.398942+02:00
NSR:StopPlace:58876,Tønsberg stasjon,2026-09-05T08:53:00+02:00,2026-09-05T08:54:13+02:00,,73.0,1,Tønsberg,VKT:Line:520,Tønsberg-Stokke,520,bus,VKT:ServiceJourney:17331,True,expected,False,,,,,2026-09-05T08:24:10.398942+02:00
NSR:StopPlace:61334,Ogna stasjon,2026-09-05T08:49:00+02:00,2026-09-05T08:50:12+02:00,,72.0,1,Egersund,GOA:Line:59,Jærbanen,L5,rail,GOA:ServiceJourney:3016_63048-R,True,expected,False,,,,,2026-09-05T08:24:10.398942+02:00
NSR:StopPlace:61872,Nærbø stasjon,2026-09-05T08:32:00+02:00,2026-09-05T08:33:12+02:00,,72.0,1,Egersund,GOA:Line:59,Jærbanen,L5,rail,GOA:ServiceJourney:3016_63048-R,True,expected,False,,,,,2026-09-05T08:24:10.398942+02:00
NSR:StopPlace:60735,Gullhella stasjon,2026-09-05T08:27:00+02:00,2026-09-05T08:28:12+02:00,,72.0,1,Lillestrøm,VYG:Line:L1,Spikkestad-Oslo S-Lillestrøm,L1,rail,VYG:ServiceJourney:2218_443612-R,True,expected,False,,,,,2026-09-05T08:24:10.398942+02:00
NSR:StopPlace:60271,Varhaug stasjon,2026-09-05T08:36:00+02:00,2026-09-05T08:37:12+02:00,,72.0,1,Egersund,GOA:Line:59,Jærbanen,L5,rail,GOA:ServiceJourney:3016_63048-R,True,expected,False,,,,,2026-09-05T08:24:10.398942+02:00
NSR:StopPlace:60569,Sirevåg stasjon,2026-09-05T08:52:00+02:00,2026-09-05T08:53:12+02:00,,72.0,1,Egersund,GOA:Line:59,Jærbanen,L5,rail,GOA:ServiceJourney:3016_63048-R,True,expected,False,,,,,2026-09-05T08:24:10.398942+02:00
NSR:StopPlace:58924,Bryne stasjon,2026-09-05T08:26:00+02:00,2026-09-05T08:27:12+02:00,,72.0,1,Egersund,GOA:Line:59,Jærbanen,L5,rail,GOA:ServiceJourney:3016_63048-R,True,expected,False,,,,,2026-09-05T08:24:10.398942+02:00
NSR:StopPlace:62311,Vigrestad stasjon,2026-09-05T08:41:00+02:00,2026-09-05T08:42:12+02:00,,72.0,1,Egersund,GOA:Line:59,Jærbanen,L5,rail,GOA:ServiceJourney:3016_63048-R,True,expected,False,,,,,2026-09-05T08:24:10.398942+02:00
NSR:StopPlace:62310,Brusand stasjon,2026-09-05T08:45:00+02:00,2026-09-05T08:46:12+02:00,,72.0,1,Egersund,GOA:Line:59,Jærbanen,L5,rail,GOA:ServiceJourney:3016_63048-R,True,expected,False,,,,,2026-09-05T08:24:10.398942+02:00
NSR:StopPlace:61979,Hellvik stasjon,2026-09-05T08:57:00+02:00,2026-09-05T08:58:12+02:00,,72.0,1,Egersund,GOA:Line:59,Jærbanen,L5,rail,GOA:ServiceJourney:3016_63048-R,True,expected,False,,,,,2026-09-05T08:24:10.398942+02:00
NSR:StopPlace:59261,Trondheim lufthavn,2026-09-05T08:50:00+02:00,2026-09-05T08:51:11+02:00,,71.0,1,Marienborg via Brattøra,ATB:Line:2_70,Stjørdal/Hommelvik- Trondheim,70,bus,ATB:ServiceJourney:70_251215112547026_6016,True,expected,False,,,,,2026-09-05T08:24:10.398942+02:00
NSR:StopPlace:58932,Hommelvik stasjon,2026-09-05T08:32:00+02:00,2026-09-05T08:33:08+02:00,,68.0,1,Marienborg via Brattøra,ATB:Line:2_70,Stjørdal/Hommelvik- Trondheim,70,bus,ATB:ServiceJourney:70_251215112546935_6014,True,expected,False,,,,,2026-09-05T08:24:10.398942+02:00
NSR:StopPlace:59789,Skotbu stasjon,2026-09-05T07:18:00+02:00,2026-09-05T07:19:05+02:00,,65.0,1,Rakkestad,VYG:Line:R22,Skøyen-Oslo S-Mysen-Rakkestad,R22,rail,VYG:ServiceJourney:1905-LOD_452016-R,True,expected,False,,,,,2026-09-05T08:24:10.398942+02:00
NSR:StopPlace:60737,Bondivann stasjon,2026-09-05T08:19:00+02:00,2026-09-05T08:20:03+02:00,,63.0,1,Spikkestad,VYG:Line:L1,Spikkestad-Oslo S-Lillestrøm,L1,rail,VYG:ServiceJourney:2211_443602-R,True,expected,False,,,,,2026-09-05T08:24:10.398942+02:00
NSR:StopPlace:60735,Gullhella stasjon,2026-09-05T08:21:00+02:00,2026-09-05T08:22:03+02:00,,63.0,1,Spikkestad,VYG:Line:L1,Spikkestad-Oslo S-Lillestrøm,L1,rail,VYG:ServiceJourney:2211_443602-R,True,expected,False,,,,,2026-09-05T08:24:10.398942+02:00
NSR:StopPlace:60640,Heimdal stasjon,2026-09-05T08:41:00+02:00,2026-09-05T08:42:02+02:00,,62.0,1,Strindheim via Kolstad-sentrum,ATB:Line:2_2,Strindheim- Lade- sentrum- Sau,2,bus,ATB:ServiceJourney:2_251215112550001_6017,True,expected,False,,,,,2026-09-05T08:24:10.398942+02:00
NSR:StopPlace:59653,Haugenstua stasjon,2026-09-05T08:25:00+02:00,2026-09-05T08:26:00+02:00,,60.0,1,Lillestrøm,VYG:Line:L1,Spikkestad-Oslo S-Lillestrøm,L1,rail,VYG:ServiceJourney:2214_443606-R,True,expected,False,,,,,2026-09-05T08:24:10.398942+02:00
NSR:StopPlace:59637,Rosenholm stasjon,2026-09-05T07:01:00+02:00,2026-09-05T07:02:00+02:00,,60.0,1,Ski,VYG:Line:L2,Stabekk-Oslo S-Ski,L2,rail,VYG:ServiceJourney:2707-HVK_699728-R,True,expected,False,,,,,2026-09-05T08:24:10.398942+02:00
NSR:StopPlace:59637,Rosenholm stasjon,2026-09-05T07:31:00+02:00,2026-09-05T07:32:00+02:00,,60.0,1,Ski,VYG:Line:L2,Stabekk-Oslo S-Ski,L2,rail,VYG:ServiceJourney:2709-HVK_443915-R,True,expected,False,,,,,2026-09-05T08:24:10.398942+02:00
NSR:StopPlace:313,Høybråten stasjon,2026-09-05T08:23:00+02:00,2026-09-05T08:24:00+02:00,,60.0,1,Spikkestad,VYG:Line:L1,Spikkestad-Oslo S-Lillestrøm,L1,rail,VYG:ServiceJourney:2215_443608-R,True,expected,False,,,,,2026-09-05T08:24:10.398942+02:00
NSR:StopPlace:60735,Gullhella stasjon,2026-09-05T06:57:00+02:00,2026-09-05T06:57:58+02:00,,58.0,1,Lillestrøm,VYG:Line:L1,Spikkestad-Oslo S-Lillestrøm,L1,rail,VYG:ServiceJourney:2212_443603-R,True,expected,False,,,,,2026-09-05T08:24:10.398942+02:00
NSR:StopPlace:58876,Tønsberg stasjon,2026-09-05T08:06:00+02:00,2026-09-05T08:06:58+02:00,,58.0,1,Stokke - Sørby,VKT:Line:520,Tønsberg-Stokke,520,bus,VKT:ServiceJourney:17258,True,expected,False,,,,,2026-09-05T08:24:10.398942+02:00
NSR:StopPlace:313,Høybråten stasjon,2026-09-05T08:27:00+02:00,2026-09-05T08:27:58+02:00,,58.0,1,Lillestrøm,VYG:Line:L1,Spikkestad-Oslo S-Lillestrøm,L1,rail,VYG:ServiceJourney:2214_443606-R,True,expected,False,,,,,2026-09-05T08:24:10.398942+02:00
NSR:StopPlace:58818,Gran stasjon,2026-09-05T09:10:00+02:00,2026-09-05T09:10:54+02:00,,54.0,1,Oslo S,VYG:Line:R31,Skøyen-Jaren-Gjøvik,R31,rail,VYG:ServiceJourney:BUS-210_655144-R,True,expected,False,,,,,2026-09-05T08:24:10.398942+02:00
NSR:StopPlace:59648,Kjelsås stasjon,2026-09-05T08:25:00+02:00,2026-09-05T08:25:53+02:00,,53.0,1,Majorstuen,RUT:Line:25,Majorstuen-Haugerud,25,bus,RUT:ServiceJourney:c4747abedac70869a3c0edb572dcf351,True,expected,False,,,,,2026-09-05T08:24:10.398942+02:00
NSR:StopPlace:59641,Fjellhamar stasjon,2026-09-05T08:49:00+02:00,2026-09-05T08:49:53+02:00,,53.0,1,Ahus,RUT:Line:315,Vallerudtoppen - Ahus,315,bus,RUT:ServiceJourney:61f341f32ed6abfe7ce6889c0f841f8e,True,expected,False,,,,,2026-09-05T08:24:10.398942+02:00
NSR:StopPlace:58921,Vennesla stasjon,2026-09-05T08:36:00+02:00,2026-09-05T08:36:53+02:00,,53.0,1,Vennesla - Grovane st.,AKT:Line:31,Kvadraturen - Sødal - Vennesla,31,bus,AKT:ServiceJourney:102266_6081_42_59400_61260_3950310,True,expected,False,,,,,2026-09-05T08:24:10.398942+02:00
NSR:StopPlace:58875,Torp stasjon,2026-09-05T08:21:00+02:00,2026-09-05T08:21:53+02:00,,53.0,1,Eidsvoll,VYG:Line:RE11,Eidsvoll-Oslo S-Skien,RE11,rail,VYG:ServiceJourney:90808_646815-R,True,expected,False,,,,,2026-09-05T08:24:10.398942+02:00
NSR:StopPlace:60640,Heimdal stasjon,2026-09-05T08:37:00+02:00,2026-09-05T08:37:51+02:00,,51.0,1,Torgård,ATB:Line:2_46,Torgård- Lundåsen,46,bus,ATB:ServiceJourney:46_251215112544206_6009,True,expected,False,,,,,2026-09-05T08:24:10.398942+02:00
NSR:StopPlace:58871,Sande stasjon,2026-09-05T08:22:00+02:00,2026-09-05T08:22:51+02:00,,51.0,1,Skoger-Drammen,VKT:Line:10,Drammen-Skoger-Sande,10,bus,VKT:ServiceJourney:104220,True,expected,False,,,,,2026-09-05T08:24:10.398942+02:00
NSR:StopPlace:62336,Knapstad stasjon,2026-09-05T06:11:00+02:00,2026-09-05T06:11:51+02:00,,51.0,1,Oslo S,VYG:Line:R22,Skøyen-Oslo S-Mysen-Rakkestad,R22,rail,VYG:ServiceJourney:1906_443441-R,True,expected,False,,,,,2026-09-05T08:24:10.398942+02:00
NSR:StopPlace:59789,Skotbu stasjon,2026-09-05T06:20:00+02:00,2026-09-05T06:20:50+02:00,,50.0,1,Oslo S,VYG:Line:R22,Skøyen-Oslo S-Mysen-Rakkestad,R22,rail,VYG:ServiceJourney:1906_443441-R,True,expected,False,,,,,2026-09-05T08:24:10.398942+02:00
NSR:StopPlace:58952,Bodø stasjon,2026-09-05T08:32:00+02:00,2026-09-05T08:32:49+02:00,,49.0,1,Tverlandet,NOR:Line:12_8004,Tverlandet - Bodø sentrum - Løpsmarka,4,bus,NOR:ServiceJourney:8004_251012124900478_3003,True,expected,False,,,,,2026-09-05T08:24:10.398942+02:00
NSR:StopPlace:60640,Heimdal stasjon,2026-09-05T08:36:00+02:00,2026-09-05T08:36:48+02:00,,48.0,1,Lundåsen,ATB:Line:2_46,Torgård- Lundåsen,46,bus,ATB:ServiceJourney:46_251215112544123_6010,True,expected,False,,,,,2026-09-05T08:24:10.398942+02:00
NSR:StopPlace:59620,Grorud stasjon,2026-09-05T08:27:00+02:00,2026-09-05T08:27:47+02:00,,47.0,1,Stovner,RUT:Line:65,Furuset T - Stovner T via Smedstua,65,bus,RUT:ServiceJourney:72d13ce3c6602f89ed7af336319d8cbb,True,expected,False,,,,,2026-09-05T08:24:10.398942+02:00
NSR:StopPlace:60735,Gullhella stasjon,2026-09-05T05:57:00+02:00,2026-09-05T05:57:46+02:00,,46.0,1,Lillestrøm,VYG:Line:L1,Spikkestad-Oslo S-Lillestrøm,L1,rail,VYG:ServiceJourney:2208_452017-R,True,expected,False,,,,,2026-09-05T08:24:10.398942+02:00
NSR:StopPlace:60735,Gullhella stasjon,2026-09-05T07:27:00+02:00,2026-09-05T07:27:45+02:00,,45.0,1,Lillestrøm,VYG:Line:L1,Spikkestad-Oslo S-Lillestrøm,L1,rail,VYG:ServiceJourney:2214_443606-R,True,expected,False,,,,,2026-09-05T08:24:10.398942+02:00
NSR:StopPlace:58857,Lørenskog stasjon,2026-09-05T08:29:00+02:00,2026-09-05T08:29:45+02:00,,45.0,1,Lillestrøm,VYG:Line:L1,Spikkestad-Oslo S-Lillestrøm,L1,rail,VYG:ServiceJourney:2214_443606-R,True,expected,False,,,,,2026-09-05T08:24:10.398942+02:00
NSR:StopPlace:60640,Heimdal stasjon,2026-09-05T08:41:00+02:00,2026-09-05T08:41:42+02:00,,42.0,1,Ranheim via Tiller-sentrum,ATB:Line:2_1,Ranheim - Strindheim - sentrum - Tiller - Heimdal - Kattem,1,bus,ATB:ServiceJourney:1_251215112545888_6017,True,expected,False,,,,,2026-09-05T08:24:10.398942+02:00
NSR:StopPlace:60640,Heimdal stasjon,2026-09-05T07:51:00+02:00,2026-09-05T07:51:41+02:00,,41.0,1,Kattem,ATB:Line:2_1,Ranheim - Strindheim - sentrum - Tiller - Heimdal - Kattem,1,bus,ATB:ServiceJourney:1_251215112546312_6008,True,expected,False,,,,,2026-09-05T08:24:10.398942+02:00
NSR:StopPlace:61413,Heia stasjon,2026-09-05T05:36:00+02:00,2026-09-05T05:36:37+02:00,,37.0,1,Oslo S,VYG:Line:R22,Skøyen-Oslo S-Mysen-Rakkestad,R22,rail,VYG:ServiceJourney:1906_443441-R,True,expected,False,,,,,2026-09-05T08:24:10.398942+02:00
NSR:StopPlace:58921,Vennesla stasjon,2026-09-05T09:14:00+02:00,2026-09-05T09:14:37+02:00,,37.0,1,Vennesla - Grovane st. via Moseidmoen,AKT:Line:30,Kvadraturen - Mosby - Vennesl,30,bus,AKT:ServiceJourney:102011_6101_49_63000_65700_40001566,True,expected,False,,,,,2026-09-05T08:24:10.398942+02:00
NSR:StopPlace:58853,Kolbotn stasjon,2026-09-05T08:37:00+02:00,2026-09-05T08:37:37+02:00,,37.0,1,Tårnåsen,RUT:Line:83,Jernbanetorget - Tårnåsen,83,bus,RUT:ServiceJourney:768be301de6fe954b279ef90aedde99b,True,expected,False,Linje 80E og 83 får Hausmanns bru som ny endeholdeplass fra 29. juni,"Bussene stopper ikke på Jernbanetorget etter 29. juni, men starter og stopper på Hausmanns bru i Nylandsveien.",incident,normal,2026-09-05T08:24:10.398942+02:00
NSR:StopPlace:58861,Solbråtan stasjon,2026-09-05T08:41:00+02:00,2026-09-05T08:41:37+02:00,,37.0,1,Tårnåsen,RUT:Line:83,Jernbanetorget - Tårnåsen,83,bus,RUT:ServiceJourney:768be301de6fe954b279ef90aedde99b,True,expected,False,Linje 80E og 83 får Hausmanns bru som ny endeholdeplass fra 29. juni,"Bussene stopper ikke på Jernbanetorget etter 29. juni, men starter og stopper på Hausmanns bru i Nylandsveien.",incident,normal,2026-09-05T08:24:10.398942+02:00
NSR:StopPlace:61413,Heia stasjon,2026-09-05T07:48:00+02:00,2026-09-05T07:48:36+02:00,,36.0,1,Oslo S,VYG:Line:R22,Skøyen-Oslo S-Mysen-Rakkestad,R22,rail,VYG:ServiceJourney:1910_443447-R,True,expected,False,,,,,2026-09-05T08:24:10.398942+02:00
NSR:StopPlace:41,Hanaborg stasjon,2026-09-05T08:31:00+02:00,2026-09-05T08:31:36+02:00,,36.0,1,Lillestrøm,VYG:Line:L1,Spikkestad-Oslo S-Lillestrøm,L1,rail,VYG:ServiceJourney:2214_443606-R,True,expected,False,,,,,2026-09-05T08:24:10.398942+02:00
NSR:StopPlace:58795,Kambo stasjon,2026-09-05T08:25:00+02:00,2026-09-05T08:25:36+02:00,,36.0,1,Moss,VYG:Line:R21,Stabekk-Oslo S-Moss,R21,rail,VYG:ServiceJourney:1111-HVK_442986-R,True,expected,False,,,,,2026-09-05T08:24:10.398942+02:00
NSR:StopPlace:58823,Jaren stasjon,2026-09-05T08:37:00+02:00,2026-09-05T08:37:36+02:00,,36.0,1,Gjøvik,VYG:Line:R31,Skøyen-Jaren-Gjøvik,R31,rail,VYG:ServiceJourney:BUS-205_655096-R,True,expected,False,,,,,2026-09-05T08:24:10.398942+02:00
NSR:StopPlace:61413,Heia stasjon,2026-09-05T06:43:00+02:00,2026-09-05T06:43:35+02:00,,35.0,1,Oslo S,VYG:Line:R22,Skøyen-Oslo S-Mysen-Rakkestad,R22,rail,VYG:ServiceJourney:1908_443444-R,True,expected,False,,,,,2026-09-05T08:24:10.398942+02:00
NSR:StopPlace:58886,Arendal stasjon,2026-09-05T08:37:00+02:00,2026-09-05T08:37:35+02:00,,35.0,1,Grimstad via Arendal sentrum,AKT:Line:101,Eydehavn-Arendal-Grimstad N/S,101,bus,AKT:ServiceJourney:71781_551_89_60000_64560_40000971,True,expected,False,,,,,2026-09-05T08:24:10.398942+02:00
NSR:StopPlace:58811,Moelv stasjon,2026-09-05T08:26:00+02:00,2026-09-05T08:26:35+02:00,,35.0,1,Hamar,INN:Line:100,Hamar - Gjøvik,100,bus,INN:ServiceJourney:83518,True,expected,False,,,,,2026-09-05T08:24:10.398942+02:00
NSR:StopPlace:62341,Tangen stasjon,2026-09-05T08:25:00+02:00,2026-09-05T08:25:35+02:00,,35.0,1,Lillehammer,VYG:Line:RE10,Drammen-Oslo S-Lillehammer,RE10,rail,VYG:ServiceJourney:307-SUD_444139-R,True,expected,False,,,,,2026-09-05T08:24:10.398942+02:00
NSR:StopPlace:58925,Gausel stasjon,2026-09-05T08:47:00+02:00,2026-09-05T08:47:34+02:00,,34.0,1,Stavanger,KOL:Line:8_1001,1,1,bus,KOL:ServiceJourney:1001_251008118383618_4006,True,expected,False,,,,,2026-09-05T08:24:10.398942+02:00
NSR:StopPlace:58925,Gausel stasjon,2026-09-05T09:06:00+02:00,2026-09-05T09:06:32+02:00,,32.0,1,Sandnes,KOL:Line:8_1007,6,6,bus,KOL:ServiceJourney:1007_260729080906067_3004,True,expected,False,,,,,2026-09-05T08:24:10.398942+02:00
NSR:StopPlace:58849,Hakadal stasjon,2026-09-05T03:48:00+02:00,2026-09-05T03:48:32+02:00,,32.0,1,Løvstad,RUT:Line:390,Kongskog/Hellerudhaugen - Oslo bussterminal,390,bus,RUT:ServiceJourney:7d44bc5ab05d8e37fc65f6f502186ff0,True,expected,False,,,,,2026-09-05T03:37:34.550234+02:00
NSR:StopPlace:58827,Stai stasjon,2026-09-05T08:20:00+02:00,2026-09-05T08:20:31+02:00,,31.0,1,Hamar,SJN:Line:25,Rørosbanen,R60,rail,SJN:ServiceJourney:2380_37659-R,True,expected,False,,,,,2026-09-05T08:24:10.398942+02:00
NSR:StopPlace:59653,Haugenstua stasjon,2026-09-05T08:25:00+02:00,2026-09-05T08:25:30+02:00,,30.0,1,Spikkestad,VYG:Line:L1,Spikkestad-Oslo S-Lillestrøm,L1,rail,VYG:ServiceJourney:2215_443608-R,True,expected,False,,,,,2026-09-05T08:24:10.398942+02:00
NSR:StopPlace:58862,Strømmen stasjon,2026-09-05T08:36:00+02:00,2026-09-05T08:36:30+02:00,,30.0,1,Nittedal,RUT:Line:385,Nittedal stasjon - Olavsgaard - Ahus,385,bus,RUT:ServiceJourney:0d3e60ed9daa105ff7c19b8e2aea110d,True,expected,False,,,,,2026-09-05T08:24:10.398942+02:00
NSR:StopPlace:58838,Røyken stasjon,2026-09-05T07:19:00+02:00,2026-09-05T07:19:29+02:00,,29.0,1,Lillestrøm,VYG:Line:L1,Spikkestad-Oslo S-Lillestrøm,L1,rail,VYG:ServiceJourney:2214_443606-R,True,expected,False,,,,,2026-09-05T08:24:10.398942+02:00
NSR:StopPlace:58842,Blaker stasjon,2026-09-05T08:34:00+02:00,2026-09-05T08:34:29+02:00,,29.0,1,Kongsvinger,VYG:Line:R14,Asker-Oslo S-Kongsvinger,R14,rail,VYG:ServiceJourney:1007_442912-R,True,expected,False,,,,,2026-09-05T08:24:10.398942+02:00
NSR:StopPlace:58864,Sørumsand stasjon,2026-09-05T08:30:00+02:00,2026-09-05T08:30:29+02:00,,29.0,1,Kongsvinger,VYG:Line:R14,Asker-Oslo S-Kongsvinger,R14,rail,VYG:ServiceJourney:1007_442912-R,True,expected,False,,,,,2026-09-05T08:24:10.398942+02:00
NSR:StopPlace:58925,Gausel stasjon,2026-09-05T09:10:00+02:00,2026-09-05T09:10:28+02:00,,28.0,1,Sandnes,KOL:Line:8_1001,1,1,bus,KOL:ServiceJourney:1001_251008118355699_3006,True,expected,False,,,,,2026-09-05T08:24:10.398942+02:00
NSR:StopPlace:58838,Røyken stasjon,2026-09-05T06:49:00+02:00,2026-09-05T06:49:28+02:00,,28.0,1,Lillestrøm,VYG:Line:L1,Spikkestad-Oslo S-Lillestrøm,L1,rail,VYG:ServiceJourney:2212_443603-R,True,expected,False,,,,,2026-09-05T08:24:10.398942+02:00
NSR:StopPlace:58853,Kolbotn stasjon,2026-09-05T08:25:00+02:00,2026-09-05T08:25:28+02:00,,28.0,1,Stabekk,VYG:Line:L2,Stabekk-Oslo S-Ski,L2,rail,VYG:ServiceJourney:2718-SKI_443924-R,True,expected,False,,,,,2026-09-05T08:24:10.398942+02:00
NSR:StopPlace:60640,Heimdal stasjon,2026-09-05T08:31:00+02:00,2026-09-05T08:31:27+02:00,,27.0,1,Kattem,ATB:Line:2_1,Ranheim - Strindheim - sentrum - Tiller - Heimdal - Kattem,1,bus,ATB:ServiceJourney:1_251215112546314_6012,True,expected,False,,,,,2026-09-05T08:24:10.398942+02:00
NSR:StopPlace:60017,Slitu stasjon,2026-09-05T08:04:00+02:00,2026-09-05T08:04:27+02:00,,27.0,1,Oslo S,VYG:Line:R22,Skøyen-Oslo S-Mysen-Rakkestad,R22,rail,VYG:ServiceJourney:1910_443447-R,True,expected,False,,,,,2026-09-05T08:24:10.398942+02:00
NSR:StopPlace:62336,Knapstad stasjon,2026-09-05T07:28:00+02:00,2026-09-05T07:28:27+02:00,,27.0,1,Rakkestad,VYG:Line:R22,Skøyen-Oslo S-Mysen-Rakkestad,R22,rail,VYG:ServiceJourney:1905-LOD_452016-R,True,expected,False,,,,,2026-09-05T08:24:10.398942+02:00
NSR:StopPlace:58925,Gausel stasjon,2026-09-05T09:17:00+02:00,2026-09-05T09:17:26+02:00,,26.0,1,Stavanger,KOL:Line:8_1001,1,1,bus,KOL:ServiceJourney:1001_251008118383749_4007,True,expected,False,,,,,2026-09-05T08:24:10.398942+02:00
NSR:StopPlace:62335,Eidsberg stasjon,2026-09-05T05:40:00+02:00,2026-09-05T05:40:26+02:00,,26.0,1,Oslo S,VYG:Line:R22,Skøyen-Oslo S-Mysen-Rakkestad,R22,rail,VYG:ServiceJourney:1906_443441-R,True,expected,False,,,,,2026-09-05T08:24:10.398942+02:00
NSR:StopPlace:59649,Nydalen stasjon,2026-09-05T08:46:00+02:00,2026-09-05T08:46:25+02:00,,25.0,1,Simensbråten,RUT:Line:23,Lysaker - Simensbråten,23,bus,RUT:ServiceJourney:9ba156857277283bc1c4e39f3ea97e28,True,expected,False,,,,,2026-09-05T08:24:10.398942+02:00
NSR:StopPlace:59643,Grefsen stasjon,2026-09-05T08:49:00+02:00,2026-09-05T08:49:25+02:00,,25.0,1,Simensbråten,RUT:Line:23,Lysaker - Simensbråten,23,bus,RUT:ServiceJourney:9ba156857277283bc1c4e39f3ea97e28,True,expected,False,,,,,2026-09-05T08:24:10.398942+02:00
NSR:StopPlace:58838,Røyken stasjon,2026-09-05T08:19:00+02:00,2026-09-05T08:19:25+02:00,,25.0,1,Lillestrøm,VYG:Line:L1,Spikkestad-Oslo S-Lillestrøm,L1,rail,VYG:ServiceJourney:2218_443612-R,True,expected,False,,,,,2026-09-05T08:24:10.398942+02:00
NSR:StopPlace:62335,Eidsberg stasjon,2026-09-05T07:52:00+02:00,2026-09-05T07:52:25+02:00,,25.0,1,Oslo S,VYG:Line:R22,Skøyen-Oslo S-Mysen-Rakkestad,R22,rail,VYG:ServiceJourney:1910_443447-R,True,expected,False,,,,,2026-09-05T08:24:10.398942+02:00
NSR:StopPlace:60017,Slitu stasjon,2026-09-05T05:52:00+02:00,2026-09-05T05:52:24+02:00,,24.0,1,Oslo S,VYG:Line:R22,Skøyen-Oslo S-Mysen-Rakkestad,R22,rail,VYG:ServiceJourney:1906_443441-R,True,expected,False,,,,,2026-09-05T08:24:10.398942+02:00
NSR:StopPlace:58925,Gausel stasjon,2026-09-05T08:55:00+02:00,2026-09-05T08:55:24+02:00,,24.0,1,Forus,KOL:Line:8_1003,2,2,bus,KOL:ServiceJourney:1003_251008123078030_3004,True,expected,False,,,,,2026-09-05T08:24:10.398942+02:00
NSR:StopPlace:62336,Knapstad stasjon,2026-09-05T07:18:00+02:00,2026-09-05T07:18:24+02:00,,24.0,1,Oslo S,VYG:Line:R22,Skøyen-Oslo S-Mysen-Rakkestad,R22,rail,VYG:ServiceJourney:1908_443444-R,True,expected,False,,,,,2026-09-05T08:24:10.398942+02:00
NSR:StopPlace:62335,Eidsberg stasjon,2026-09-05T06:47:00+02:00,2026-09-05T06:47:24+02:00,,24.0,1,Oslo S,VYG:Line:R22,Skøyen-Oslo S-Mysen-Rakkestad,R22,rail,VYG:ServiceJourney:1908_443444-R,True,expected,False,,,,,2026-09-05T08:24:10.398942+02:00
NSR:StopPlace:58862,Strømmen stasjon,2026-09-05T08:58:00+02:00,2026-09-05T08:58:22+02:00,,22.0,1,Lørenskog sentrum,RUT:Line:385,Nittedal stasjon - Olavsgaard - Ahus,385,bus,RUT:ServiceJourney:5c351377f666fd653d348fec41b02e52,True,expected,False,,,,,2026-09-05T08:24:10.398942+02:00
NSR:StopPlace:58838,Røyken stasjon,2026-09-05T07:49:00+02:00,2026-09-05T07:49:21+02:00,,21.0,1,Lillestrøm,VYG:Line:L1,Spikkestad-Oslo S-Lillestrøm,L1,rail,VYG:ServiceJourney:2216_443609-R,True,expected,False,,,,,2026-09-05T08:24:10.398942+02:00
NSR:StopPlace:58851,Heggedal stasjon,2026-09-05T08:25:00+02:00,2026-09-05T08:25:21+02:00,,21.0,1,Spikkestad,VYG:Line:L1,Spikkestad-Oslo S-Lillestrøm,L1,rail,VYG:ServiceJourney:2211_443602-R,True,expected,False,,,,,2026-09-05T08:24:10.398942+02:00
NSR:StopPlace:60735,Gullhella stasjon,2026-09-05T05:27:00+02:00,2026-09-05T05:27:20+02:00,,20.0,1,Lillestrøm,VYG:Line:L1,Spikkestad-Oslo S-Lillestrøm,L1,rail,VYG:ServiceJourney:2206_443594-R,True,expected,False,,,,,2026-09-05T08:24:10.398942+02:00
NSR:StopPlace:59635,Hauketo stasjon,2026-09-05T08:24:00+02:00,2026-09-05T08:24:20+02:00,,20.0,1,Holmlia stasjon,RUT:Line:73,Holmlia stasjon - Brenna,73,bus,RUT:ServiceJourney:a8a643f3b9d5307412d15ac25e033f82,True,expected,False,,,,,2026-09-05T08:24:10.398942+02:00
NSR:StopPlace:59636,Holmlia stasjon,2026-09-05T08:34:00+02:00,2026-09-05T08:34:20+02:00,,20.0,1,Åsbråten,RUT:Line:79,Grorud T - Åsbråten,79,bus,RUT:ServiceJourney:0b16692204ee942c7da0259267e4533f,True,expected,False,,,,,2026-09-05T08:24:10.398942+02:00
NSR:StopPlace:58838,Røyken stasjon,2026-09-05T06:19:00+02:00,2026-09-05T06:19:20+02:00,,20.0,1,Lillestrøm,VYG:Line:L1,Spikkestad-Oslo S-Lillestrøm,L1,rail,VYG:ServiceJourney:2210_443600-R,True,expected,False,,,,,2026-09-05T08:24:10.398942+02:00
NSR:StopPlace:58811,Moelv stasjon,2026-09-05T08:32:00+02:00,2026-09-05T08:32:20+02:00,,20.0,1,Gjøvik,INN:Line:100,Hamar - Gjøvik,100,bus,INN:ServiceJourney:83475,True,expected,False,,,,,2026-09-05T08:24:10.398942+02:00
NSR:StopPlace:58838,Røyken stasjon,2026-09-05T08:29:00+02:00,2026-09-05T08:29:19+02:00,,19.0,1,Spikkestad,VYG:Line:L1,Spikkestad-Oslo S-Lillestrøm,L1,rail,VYG:ServiceJourney:2211_443602-R,True,expected,False,,,,,2026-09-05T08:24:10.398942+02:00
NSR:StopPlace:62339,Lillestrøm stasjon,2026-09-05T08:25:00+02:00,2026-09-05T08:25:19+02:00,,19.0,1,Dal,VYG:Line:R13,Drammen-Oslo S-Dal,R13,rail,VYG:ServiceJourney:1613_443238-R,True,expected,False,Heis i spor 1 og 2 er ute av bruk på grunn av vedlikehold.,Heis i spor 1 og 2 er ute av bruk på grunn av vedlikehold.,general,normal,2026-09-05T08:24:10.398942+02:00
NSR:StopPlace:59643,Grefsen stasjon,2026-09-05T03:38:00+02:00,2026-09-05T03:38:18+02:00,,18.0,1,-,NBU:Line:cb7b555c-f96e-42d5-84bf-a5e08c0145c2,Radiumhospitalet via Økern-Storo-Tåsen,FB3,bus,NBU:ServiceJourney:2a1f9e25-a384-4773-a648-91bce13fb380:610200354,True,expected,False,,,,,2026-09-05T03:37:34.550234+02:00
NSR:StopPlace:59650,Nyland stasjon,2026-09-05T03:52:00+02:00,2026-09-05T03:52:18+02:00,,18.0,1,-,NBU:Line:cb7b555c-f96e-42d5-84bf-a5e08c0145c2,Radiumhospitalet via Økern-Storo-Tåsen,FB3,bus,NBU:ServiceJourney:2a1f9e25-a384-4773-a648-91bce13fb380:610200354,True,expected,False,,,,,2026-09-05T03:37:34.550234+02:00
NSR:StopPlace:610,Sandvika stasjon,2026-09-05T08:25:00+02:00,2026-09-05T08:25:17+02:00,,17.0,1,Dal,VYG:Line:R13,Drammen-Oslo S-Dal,R13,rail,VYG:ServiceJourney:1615_443244-R,True,expected,False,,,,,2026-09-05T08:24:10.398942+02:00
NSR:StopPlace:59620,Grorud stasjon,2026-09-05T08:54:00+02:00,2026-09-05T08:54:15+02:00,,15.0,1,Grorud T,RUT:Line:79,Grorud T - Åsbråten,79,bus,RUT:ServiceJourney:7e588d9c4e7f5db751e0255568610842,True,expected,False,,,,,2026-09-05T08:24:10.398942+02:00
NSR:StopPlace:58838,Røyken stasjon,2026-09-05T07:59:00+02:00,2026-09-05T07:59:13+02:00,,13.0,1,Spikkestad,VYG:Line:L1,Spikkestad-Oslo S-Lillestrøm,L1,rail,VYG:ServiceJourney:2209_443598-R,True,expected,False,,,,,2026-09-05T08:24:10.398942+02:00
NSR:StopPlace:59641,Fjellhamar stasjon,2026-09-05T08:33:00+02:00,2026-09-05T08:33:12+02:00,,12.0,1,Lillestrøm,VYG:Line:L1,Spikkestad-Oslo S-Lillestrøm,L1,rail,VYG:ServiceJourney:2214_443606-R,True,expected,False,,,,,2026-09-05T08:24:10.398942+02:00
NSR:StopPlace:58862,Strømmen stasjon,2026-09-05T08:35:00+02:00,2026-09-05T08:35:12+02:00,,12.0,1,Lillestrøm,VYG:Line:L1,Spikkestad-Oslo S-Lillestrøm,L1,rail,VYG:ServiceJourney:2214_443606-R,True,expected,False,,,,,2026-09-05T08:24:10.398942+02:00
NSR:StopPlace:60737,Bondivann stasjon,2026-09-05T08:00:00+02:00,2026-09-05T08:00:11+02:00,,11.0,1,Lillestrøm,VYG:Line:L1,Spikkestad-Oslo S-Lillestrøm,L1,rail,VYG:ServiceJourney:2216_443609-R,True,expected,False,,,,,2026-09-05T08:24:10.398942+02:00
NSR:StopPlace:60735,Gullhella stasjon,2026-09-05T07:58:00+02:00,2026-09-05T07:58:11+02:00,,11.0,1,Lillestrøm,VYG:Line:L1,Spikkestad-Oslo S-Lillestrøm,L1,rail,VYG:ServiceJourney:2216_443609-R,True,expected,False,,,,,2026-09-05T08:24:10.398942+02:00
NSR:StopPlace:60735,Gullhella stasjon,2026-09-05T06:27:00+02:00,2026-09-05T06:27:10+02:00,,10.0,1,Lillestrøm,VYG:Line:L1,Spikkestad-Oslo S-Lillestrøm,L1,rail,VYG:ServiceJourney:2210_443600-R,True,expected,False,,,,,2026-09-05T08:24:10.398942+02:00
NSR:StopPlace:58870,Holmestrand stasjon,2026-09-05T08:35:00+02:00,2026-09-05T08:35:09+02:00,,9.0,1,Stokke,VYG:Line:RE11,Eidsvoll-Oslo S-Skien,RE11,rail,VYG:ServiceJourney:BUS-807_654227-R,True,expected,False,,,,,2026-09-05T08:24:10.398942+02:00
NSR:StopPlace:58925,Gausel stasjon,2026-09-05T09:02:00+02:00,2026-09-05T09:02:06+02:00,,6.0,1,Stavanger,KOL:Line:8_1003,2,2,bus,KOL:ServiceJourney:1003_251008123103447_4005,True,expected,False,,,,,2026-09-05T08:24:10.398942+02:00
NSR:StopPlace:58820,Harestua stasjon,2026-09-05T08:42:00+02:00,2026-09-05T08:42:06+02:00,,6.0,1,Oslo S,VYG:Line:R31,Skøyen-Jaren-Gjøvik,R31,rail,VYG:ServiceJourney:BUS-208_655124-R,True,expected,False,,,,,2026-09-05T08:24:10.398942+02:00
NSR:StopPlace:62336,Knapstad stasjon,2026-09-05T08:24:00+02:00,2026-09-05T08:24:06+02:00,,6.0,1,Oslo S,VYG:Line:R22,Skøyen-Oslo S-Mysen-Rakkestad,R22,rail,VYG:ServiceJourney:1910_443447-R,True,expected,False,,,,,2026-09-05T08:24:10.398942+02:00
NSR:StopPlace:61251,Øksnavadporten stasjon,2026-09-05T09:05:00+02:00,2026-09-05T09:05:05+02:00,,5.0,1,Stavanger,GOA:Line:59,Jærbanen,L5,rail,GOA:ServiceJourney:3017_63049-R,True,expected,False,,,,,2026-09-05T08:24:10.398942+02:00
NSR:StopPlace:61334,Ogna stasjon,2026-09-05T08:31:00+02:00,2026-09-05T08:31:05+02:00,,5.0,1,Stavanger,GOA:Line:59,Jærbanen,L5,rail,GOA:ServiceJourney:3017_63049-R,True,expected,False,,,,,2026-09-05T08:24:10.398942+02:00
NSR:StopPlace:61872,Nærbø stasjon,2026-09-05T08:51:00+02:00,2026-09-05T08:51:05+02:00,,5.0,1,Stavanger,GOA:Line:59,Jærbanen,L5,rail,GOA:ServiceJourney:3017_63049-R,True,expected,False,,,,,2026-09-05T08:24:10.398942+02:00
NSR:StopPlace:59957,Klepp stasjon,2026-09-05T09:02:00+02:00,2026-09-05T09:02:05+02:00,,5.0,1,Stavanger,GOA:Line:59,Jærbanen,L5,rail,GOA:ServiceJourney:3017_63049-R,True,expected,False,,,,,2026-09-05T08:24:10.398942+02:00
NSR:StopPlace:60271,Varhaug stasjon,2026-09-05T08:46:00+02:00,2026-09-05T08:46:05+02:00,,5.0,1,Stavanger,GOA:Line:59,Jærbanen,L5,rail,GOA:ServiceJourney:3017_63049-R,True,expected,False,,,,,2026-09-05T08:24:10.398942+02:00
NSR:StopPlace:60569,Sirevåg stasjon,2026-09-05T08:28:00+02:00,2026-09-05T08:28:05+02:00,,5.0,1,Stavanger,GOA:Line:59,Jærbanen,L5,rail,GOA:ServiceJourney:3017_63049-R,True,expected,False,,,,,2026-09-05T08:24:10.398942+02:00
NSR:StopPlace:58924,Bryne stasjon,2026-09-05T08:58:00+02:00,2026-09-05T08:58:05+02:00,,5.0,1,Stavanger,GOA:Line:59,Jærbanen,L5,rail,GOA:ServiceJourney:3017_63049-R,True,expected,False,,,,,2026-09-05T08:24:10.398942+02:00
NSR:StopPlace:58925,Gausel stasjon,2026-09-05T09:19:00+02:00,2026-09-05T09:19:05+02:00,,5.0,1,Stavanger,GOA:Line:59,Jærbanen,L5,rail,GOA:ServiceJourney:3017_63049-R,True,expected,False,,,,,2026-09-05T08:24:10.398942+02:00
NSR:StopPlace:63079,Skeiane stasjon,2026-09-05T09:12:00+02:00,2026-09-05T09:12:05+02:00,,5.0,1,Stavanger,GOA:Line:59,Jærbanen,L5,rail,GOA:ServiceJourney:3017_63049-R,True,expected,False,,,,,2026-09-05T08:24:10.398942+02:00
NSR:StopPlace:101,Sagdalen stasjon,2026-09-05T08:37:00+02:00,2026-09-05T08:37:05+02:00,,5.0,1,Lillestrøm,VYG:Line:L1,Spikkestad-Oslo S-Lillestrøm,L1,rail,VYG:ServiceJourney:2214_443606-R,True,expected,False,,,,,2026-09-05T08:24:10.398942+02:00
NSR:StopPlace:362,Jåttåvågen stasjon,2026-09-05T09:22:00+02:00,2026-09-05T09:22:05+02:00,,5.0,1,Stavanger,GOA:Line:59,Jærbanen,L5,rail,GOA:ServiceJourney:3017_63049-R,True,expected,False,,,,,2026-09-05T08:24:10.398942+02:00
NSR:StopPlace:261,Ganddal stasjon,2026-09-05T09:09:00+02:00,2026-09-05T09:09:05+02:00,,5.0,1,Stavanger,GOA:Line:59,Jærbanen,L5,rail,GOA:ServiceJourney:3017_63049-R,True,expected,False,,,,,2026-09-05T08:24:10.398942+02:00
NSR:StopPlace:702,Sandnes sentrum stasjon,2026-09-05T09:14:00+02:00,2026-09-05T09:14:05+02:00,,5.0,1,Stavanger,GOA:Line:59,Jærbanen,L5,rail,GOA:ServiceJourney:3017_63049-R,True,expected,False,,,,,2026-09-05T08:24:10.398942+02:00
NSR:StopPlace:62311,Vigrestad stasjon,2026-09-05T08:41:00+02:00,2026-09-05T08:41:05+02:00,,5.0,1,Stavanger,GOA:Line:59,Jærbanen,L5,rail,GOA:ServiceJourney:3017_63049-R,True,expected,False,,,,,2026-09-05T08:24:10.398942+02:00
NSR:StopPlace:62310,Brusand stasjon,2026-09-05T08:34:00+02:00,2026-09-05T08:34:05+02:00,,5.0,1,Stavanger,GOA:Line:59,Jærbanen,L5,rail,GOA:ServiceJourney:3017_63049-R,True,expected,False,,,,,2026-09-05T08:24:10.398942+02:00
NSR:StopPlace:62339,Lillestrøm stasjon,2026-09-05T08:30:00+02:00,2026-09-05T08:30:05+02:00,,5.0,1,Oslo Lufthavn,FLT:Line:FLY1,FLY1,FLY1,rail,FLT:ServiceJourney:1-2614-3723-20260905,True,expected,False,Heis i spor 1 og 2 er ute av bruk på grunn av vedlikehold.,Heis i spor 1 og 2 er ute av bruk på grunn av vedlikehold.,general,normal,2026-09-05T08:24:10.398942+02:00
NSR:StopPlace:61979,Hellvik stasjon,2026-09-05T08:23:00+02:00,2026-09-05T08:23:05+02:00,,5.0,1,Stavanger,GOA:Line:59,Jærbanen,L5,rail,GOA:ServiceJourney:3017_63049-R,True,expected,False,,,,,2026-09-05T08:24:10.398942+02:00
NSR:StopPlace:58861,Solbråtan stasjon,2026-09-05T07:05:00+02:00,2026-09-05T07:05:04+02:00,,4.0,1,Ski,VYG:Line:L2,Stabekk-Oslo S-Ski,L2,rail,VYG:ServiceJourney:2707-HVK_699728-R,True,expected,False,,,,,2026-09-05T08:24:10.398942+02:00
NSR:StopPlace:58930,Larvik stasjon,2026-09-05T08:39:00+02:00,2026-09-05T08:39:02+02:00,,2.0,1,Veldre,VKT:Line:3,Busk-Sandefjord-Larvik-Veldre,3,bus,VKT:ServiceJourney:17501,True,expected,False,,,,,2026-09-05T08:24:10.398942+02:00
NSR:StopPlace:62309,Ljan stasjon,2026-09-05T08:24:00+02:00,2026-09-05T08:24:02+02:00,,2.0,1,Ski,VYG:Line:L2,Stabekk-Oslo S-Ski,L2,rail,VYG:ServiceJourney:2713-HVK_699742-R,True,expected,False,,,,,2026-09-05T08:24:10.398942+02:00
NSR:StopPlace:8,Paradis stasjon,2026-09-05T08:28:00+02:00,2026-09-05T08:28:00+02:00,,0.0,0,Stavanger,GOA:Line:59,Jærbanen,L5,rail,GOA:ServiceJourney:3013_63045-R,True,planned,False,,,,,2026-09-05T08:24:10.398942+02:00
NSR:StopPlace:6,Greverud stasjon,2026-09-05T07:10:00+02:00,2026-09-05T07:10:00+02:00,,0.0,0,Ski,VYG:Line:L2,Stabekk-Oslo S-Ski,L2,rail,VYG:ServiceJourney:2707-HVK_699728-R,True,planned,False,,,,,2026-09-05T08:24:10.398942+02:00
NSR:StopPlace:6,Greverud stasjon,2026-09-05T07:40:00+02:00,2026-09-05T07:40:00+02:00,,0.0,0,Ski,VYG:Line:L2,Stabekk-Oslo S-Ski,L2,rail,VYG:ServiceJourney:2709-HVK_443915-R,True,planned,False,,,,,2026-09-05T08:24:10.398942+02:00
NSR:StopPlace:6,Greverud stasjon,2026-09-05T08:40:00+02:00,2026-09-05T08:40:00+02:00,,0.0,0,Ski,VYG:Line:L2,Stabekk-Oslo S-Ski,L2,rail,VYG:ServiceJourney:2713-HVK_699742-R,True,planned,False,,,,,2026-09-05T08:24:10.398942+02:00
NSR:StopPlace:6,Greverud stasjon,2026-09-05T08:48:00+02:00,2026-09-05T08:48:00+02:00,,0.0,0,Stabekk,VYG:Line:L2,Stabekk-Oslo S-Ski,L2,rail,VYG:ServiceJourney:2720-SKI_443927-R,True,planned,False,,,,,2026-09-05T08:24:10.398942+02:00
NSR:StopPlace:6,Greverud stasjon,2026-09-05T09:10:00+02:00,2026-09-05T09:10:00+02:00,,0.0,0,Ski,VYG:Line:L2,Stabekk-Oslo S-Ski,L2,rail,VYG:ServiceJourney:2715-HVK_699747-R,True,planned,False,,,,,2026-09-05T08:24:10.398942+02:00
NSR:StopPlace:6,Greverud stasjon,2026-09-05T09:18:00+02:00,2026-09-05T09:18:00+02:00,,0.0,0,Stabekk,VYG:Line:L2,Stabekk-Oslo S-Ski,L2,rail,VYG:ServiceJourney:2722-SKI_443929-R,True,planned,False,,,,,2026-09-05T08:24:10.398942+02:00
NSR:StopPlace:61169,Marienborg stasjon,2026-09-05T08:42:00+02:00,2026-09-05T08:42:00+02:00,,0.0,0,Sandmoen via Flatåsen,ATB:Line:2_23,Brattøra - St. Olavs - Hallset - Flatåsen - Sandmoen,23,bus,ATB:ServiceJourney:23_251215112545487_6014,True,planned,False,,,,,2026-09-05T08:24:10.398942+02:00
NSR:StopPlace:61169,Marienborg stasjon,2026-09-05T09:08:00+02:00,2026-09-05T09:08:00+02:00,,0.0,0,Steinkjer,SJN:Line:26,Trønderbanen,R70,rail,SJN:ServiceJourney:429_56089-R,True,planned,False,,,,,2026-09-05T08:24:10.398942+02:00
NSR:StopPlace:61459,Reitan stasjon,2026-09-05T07:25:00+02:00,2026-09-05T07:25:00+02:00,,0.0,0,Trondheim S,SJN:Line:25,Rørosbanen,R60,rail,SJN:ServiceJourney:413_40624-R,True,planned,False,,,,,2026-09-05T08:24:10.398942+02:00
NSR:StopPlace:61457,Meråker stasjon,2026-09-05T08:25:00+02:00,2026-09-05T08:25:00+02:00,,0.0,0,Storlien,SJN:Line:72,Meråkerbanen,R71,rail,SJN:ServiceJourney:1303_53534-R,True,planned,False,,,,,2026-09-05T08:24:10.398942+02:00
NSR:StopPlace:61466,Vakås stasjon,2026-09-05T08:38:00+02:00,2026-09-05T08:38:00+02:00,,0.0,0,Lillestrøm,VYG:Line:L1,Spikkestad-Oslo S-Lillestrøm,L1,rail,VYG:ServiceJourney:2218_443612-R,True,planned,False,,,,,2026-09-05T08:24:10.398942+02:00
NSR:StopPlace:61466,Vakås stasjon,2026-09-05T09:08:00+02:00,2026-09-05T09:08:00+02:00,,0.0,0,Lillestrøm,VYG:Line:L1,Spikkestad-Oslo S-Lillestrøm,L1,rail,VYG:ServiceJourney:2220_443616-R,True,planned,False,,,,,2026-09-05T08:24:10.398942+02:00
NSR:StopPlace:61466,Vakås stasjon,2026-09-05T09:11:00+02:00,2026-09-05T09:11:00+02:00,,0.0,0,Spikkestad,VYG:Line:L1,Spikkestad-Oslo S-Lillestrøm,L1,rail,VYG:ServiceJourney:2215_443608-R,True,planned,False,,,,,2026-09-05T08:24:10.398942+02:00
NSR:StopPlace:61463,Nordstrand stasjon,2026-09-05T08:37:00+02:00,2026-09-05T08:37:00+02:00,,0.0,0,Stabekk,VYG:Line:L2,Stabekk-Oslo S-Ski,L2,rail,VYG:ServiceJourney:2718-SKI_443924-R,True,planned,False,,,,,2026-09-05T08:24:10.398942+02:00
NSR:StopPlace:61463,Nordstrand stasjon,2026-09-05T08:52:00+02:00,2026-09-05T08:52:00+02:00,,0.0,0,Ski,VYG:Line:L2,Stabekk-Oslo S-Ski,L2,rail,VYG:ServiceJourney:2715-HVK_699747-R,True,planned,False,,,,,2026-09-05T08:24:10.398942+02:00
NSR:StopPlace:61463,Nordstrand stasjon,2026-09-05T09:07:00+02:00,2026-09-05T09:07:00+02:00,,0.0,0,Stabekk,VYG:Line:L2,Stabekk-Oslo S-Ski,L2,rail,VYG:ServiceJourney:2720-SKI_443927-R,True,planned,False,,,,,2026-09-05T08:24:10.398942+02:00
NSR:StopPlace:61463,Nordstrand stasjon,2026-09-05T09:22:00+02:00,2026-09-05T09:22:00+02:00,,0.0,0,Ski,VYG:Line:L2,Stabekk-Oslo S-Ski,L2,rail,VYG:ServiceJourney:2717-HVK_699752-R,True,planned,False,,,,,2026-09-05T08:24:10.398942+02:00
NSR:StopPlace:61464,Hvalstad stasjon,2026-09-05T08:40:00+02:00,2026-09-05T08:40:00+02:00,,0.0,0,Lillestrøm,VYG:Line:L1,Spikkestad-Oslo S-Lillestrøm,L1,rail,VYG:ServiceJourney:2218_443612-R,True,planned,False,,,,,2026-09-05T08:24:10.398942+02:00
NSR:StopPlace:61464,Hvalstad stasjon,2026-09-05T09:09:00+02:00,2026-09-05T09:09:00+02:00,,0.0,0,Spikkestad,VYG:Line:L1,Spikkestad-Oslo S-Lillestrøm,L1,rail,VYG:ServiceJourney:2215_443608-R,True,planned,False,,,,,2026-09-05T08:24:10.398942+02:00
NSR:StopPlace:61464,Hvalstad stasjon,2026-09-05T09:10:00+02:00,2026-09-05T09:10:00+02:00,,0.0,0,Lillestrøm,VYG:Line:L1,Spikkestad-Oslo S-Lillestrøm,L1,rail,VYG:ServiceJourney:2220_443616-R,True,planned,False,,,,,2026-09-05T08:24:10.398942+02:00
NSR:StopPlace:61413,Heia stasjon,2026-09-05T08:07:00+02:00,2026-09-05T08:07:00+02:00,,0.0,0,Rakkestad,VYG:Line:R22,Skøyen-Oslo S-Mysen-Rakkestad,R22,rail,VYG:ServiceJourney:1905-LOD_452016-R,True,planned,False,,,,,2026-09-05T08:24:10.398942+02:00
NSR:StopPlace:61413,Heia stasjon,2026-09-05T08:48:00+02:00,2026-09-05T08:48:00+02:00,,0.0,0,Oslo S,VYG:Line:R22,Skøyen-Oslo S-Mysen-Rakkestad,R22,rail,VYG:ServiceJourney:1912_443451-R,True,planned,False,,,,,2026-09-05T08:24:10.398942+02:00
NSR:StopPlace:61413,Heia stasjon,2026-09-05T09:07:00+02:00,2026-09-05T09:07:00+02:00,,0.0,0,Rakkestad,VYG:Line:R22,Skøyen-Oslo S-Mysen-Rakkestad,R22,rail,VYG:ServiceJourney:1907_443443-R,True,planned,False,,,,,2026-09-05T08:24:10.398942+02:00
NSR:StopPlace:61326,Gulskogen stasjon,2026-09-05T08:47:00+02:00,2026-09-05T08:47:00+02:00,,0.0,0,Kongsberg,VYG:Line:R12,Kongsberg-Oslo S-Eidsvoll,R12,rail,VYG:ServiceJourney:507_444300-R,True,planned,False,,,,,2026-09-05T08:24:10.398942+02:00
NSR:StopPlace:61326,Gulskogen stasjon,2026-09-05T09:12:00+02:00,2026-09-05T09:12:00+02:00,,0.0,0,Eidsvoll,VYG:Line:R12,Kongsberg-Oslo S-Eidsvoll,R12,rail,VYG:ServiceJourney:510_444303-R,True,planned,False,,,,,2026-09-05T08:24:10.398942+02:00
NSR:StopPlace:61336,Trollhättan Centralstation,2026-09-05T08:44:00+02:00,2026-09-05T08:44:00+02:00,,0.0,0,Oslo S,VYG:Line:RE20,Oslo S-Halden-Göteborg (X-Border),RE20,rail,VYG:ServiceJourney:384-114_674565-R,True,planned,False,,,,,2026-09-05T08:24:10.398942+02:00
NSR:StopPlace:61341,Drevvatn stasjon,2026-09-05T07:05:00+02:00,2026-09-05T07:05:00+02:00,,0.0,0,Mo i Rana,SJN:Line:71,Nordlandsbanen,F7,rail,SJN:ServiceJourney:483_48266-R,True,planned,False,,,,,2026-09-05T08:24:10.398942+02:00
NSR:StopPlace:61341,Drevvatn stasjon,2026-09-05T08:51:00+02:00,2026-09-05T08:51:00+02:00,,0.0,0,Trondheim S,SJN:Line:71,Nordlandsbanen,F7,rail,SJN:ServiceJourney:478_42792-R,True,planned,False,,,,,2026-09-05T08:24:10.398942+02:00
NSR:StopPlace:61342,Rognes stasjon,2026-09-05T08:23:00+02:00,2026-09-05T08:23:00+02:00,,0.0,0,Trondheim S,SJN:Line:25,Rørosbanen,R60,rail,SJN:ServiceJourney:413_40624-R,True,planned,False,,,,,2026-09-05T08:24:10.398942+02:00
NSR:StopPlace:61388,Haltdalen stasjon,2026-09-05T07:44:00+02:00,2026-09-05T07:44:00+02:00,,0.0,0,Trondheim S,SJN:Line:25,Rørosbanen,R60,rail,SJN:ServiceJourney:413_40624-R,True,planned,False,,,,,2026-09-05T08:24:10.398942+02:00
NSR:StopPlace:61387,Skogn stasjon,2026-09-05T08:33:00+02:00,2026-09-05T08:33:00+02:00,,0.0,0,Steinkjer,SJN:Line:26,Trønderbanen,R70,rail,SJN:ServiceJourney:425_56054-R,True,planned,False,,,,,2026-09-05T08:24:10.398942+02:00
NSR:StopPlace:61381,Singsås stasjon,2026-09-05T08:08:00+02:00,2026-09-05T08:08:00+02:00,,0.0,0,Trondheim S,SJN:Line:25,Rørosbanen,R60,rail,SJN:ServiceJourney:413_40624-R,True,planned,False,,,,,2026-09-05T08:24:10.398942+02:00
NSR:StopPlace:61315,Nerdrum stasjon,2026-09-05T08:38:00+02:00,2026-09-05T08:38:00+02:00,,0.0,0,Asker,VYG:Line:R14,Asker-Oslo S-Kongsvinger,R14,rail,VYG:ServiceJourney:1008_442913-R,True,planned,False,,,,,2026-09-05T08:24:10.398942+02:00
NSR:StopPlace:61315,Nerdrum stasjon,2026-09-05T09:20:00+02:00,2026-09-05T09:20:00+02:00,,0.0,0,Kongsvinger,VYG:Line:R14,Asker-Oslo S-Kongsvinger,R14,rail,VYG:ServiceJourney:1009_442914-R,True,planned,False,,,,,2026-09-05T08:24:10.398942+02:00
NSR:StopPlace:61314,Hovin stasjon,2026-09-05T08:43:00+02:00,2026-09-05T08:43:00+02:00,,0.0,0,Trondheim S,SJN:Line:25,Rørosbanen,R60,rail,SJN:ServiceJourney:413_40624-R,True,planned,False,,,,,2026-09-05T08:24:10.398942+02:00
NSR:StopPlace:61696,Lunden stasjon,2026-09-05T08:23:00+02:00,2026-09-05T08:23:00+02:00,,0.0,0,Myrdal,VYG:Line:R45,Myrdal-Flåm,R45,rail,VYG:ServiceJourney:1852_465770-R,True,planned,False,,,,,2026-09-05T08:24:10.398942+02:00
NSR:StopPlace:45,Reinunga stasjon,2026-09-05T09:10:00+02:00,2026-09-05T09:10:00+02:00,,0.0,0,Myrdal,VYG:Line:R45,Myrdal-Flåm,R45,rail,VYG:ServiceJourney:1852_465770-R,True,planned,False,,,,,2026-09-05T08:24:10.398942+02:00
NSR:StopPlace:23,Rena stasjon,2026-09-05T08:57:00+02:00,2026-09-05T08:57:00+02:00,,0.0,0,Hamar,SJN:Line:25,Rørosbanen,R60,rail,SJN:ServiceJourney:2380_37659-R,True,planned,False,,,,,2026-09-05T08:24:10.398942+02:00
NSR:StopPlace:33,Ranheim stasjon,2026-09-05T08:29:00+02:00,2026-09-05T08:29:00+02:00,,0.0,0,Steinkjer,SJN:Line:26,Trønderbanen,R70,rail,SJN:ServiceJourney:427_56087-R,True,planned,False,,,,,2026-09-05T08:24:10.398942+02:00
NSR:StopPlace:41,Hanaborg stasjon,2026-09-05T08:49:00+02:00,2026-09-05T08:49:00+02:00,,0.0,0,Spikkestad,VYG:Line:L1,Spikkestad-Oslo S-Lillestrøm,L1,rail,VYG:ServiceJourney:2217_443610-R,True,planned,False,,,,,2026-09-05T08:24:10.398942+02:00
NSR:StopPlace:41,Hanaborg stasjon,2026-09-05T09:01:00+02:00,2026-09-05T09:01:00+02:00,,0.0,0,Lillestrøm,VYG:Line:L1,Spikkestad-Oslo S-Lillestrøm,L1,rail,VYG:ServiceJourney:2216_443609-R,True,planned,False,,,,,2026-09-05T08:24:10.398942+02:00
NSR:StopPlace:41,Hanaborg stasjon,2026-09-05T09:19:00+02:00,2026-09-05T09:19:00+02:00,,0.0,0,Spikkestad,VYG:Line:L1,Spikkestad-Oslo S-Lillestrøm,L1,rail,VYG:ServiceJourney:2219_443614-R,True,planned,False,,,,,2026-09-05T08:24:10.398942+02:00
NSR:StopPlace:61897,Bryn stasjon,2026-09-05T08:35:00+02:00,2026-09-05T08:35:00+02:00,,0.0,0,Spikkestad,VYG:Line:L1,Spikkestad-Oslo S-Lillestrøm,L1,rail,VYG:ServiceJourney:2215_443608-R,True,planned,False,,,,,2026-09-05T08:24:10.398942+02:00
NSR:StopPlace:61897,Bryn stasjon,2026-09-05T08:45:00+02:00,2026-09-05T08:45:00+02:00,,0.0,0,Lillestrøm,VYG:Line:L1,Spikkestad-Oslo S-Lillestrøm,L1,rail,VYG:ServiceJourney:2216_443609-R,True,planned,False,,,,,2026-09-05T08:24:10.398942+02:00
NSR:StopPlace:61897,Bryn stasjon,2026-09-05T09:05:00+02:00,2026-09-05T09:05:00+02:00,,0.0,0,Spikkestad,VYG:Line:L1,Spikkestad-Oslo S-Lillestrøm,L1,rail,VYG:ServiceJourney:2217_443610-R,True,planned,False,,,,,2026-09-05T08:24:10.398942+02:00
NSR:StopPlace:61897,Bryn stasjon,2026-09-05T09:15:00+02:00,2026-09-05T09:15:00+02:00,,0.0,0,Lillestrøm,VYG:Line:L1,Spikkestad-Oslo S-Lillestrøm,L1,rail,VYG:ServiceJourney:2218_443612-R,True,planned,False,,,,,2026-09-05T08:24:10.398942+02:00
NSR:StopPlace:61928,Blomheller stasjon,2026-09-05T08:52:00+02:00,2026-09-05T08:52:00+02:00,,0.0,0,Myrdal,VYG:Line:R45,Myrdal-Flåm,R45,rail,VYG:ServiceJourney:1852_465770-R,True,planned,False,,,,,2026-09-05T08:24:10.398942+02:00
NSR:StopPlace:61926,Håreina stasjon,2026-09-05T08:26:00+02:00,2026-09-05T08:26:00+02:00,,0.0,0,Myrdal,VYG:Line:R45,Myrdal-Flåm,R45,rail,VYG:ServiceJourney:1852_465770-R,True,planned,False,,,,,2026-09-05T08:24:10.398942+02:00
NSR:StopPlace:61927,Berekvam stasjon,2026-09-05T08:48:00+02:00,2026-09-05T08:48:00+02:00,,0.0,0,Myrdal,VYG:Line:R45,Myrdal-Flåm,R45,rail,VYG:ServiceJourney:1852_465770-R,True,planned,False,,,,,2026-09-05T08:24:10.398942+02:00
NSR:StopPlace:61735,Hell stasjon,2026-09-05T08:50:00+02:00,2026-09-05T08:50:00+02:00,,0.0,0,Steinkjer,SJN:Line:26,Trønderbanen,R70,rail,SJN:ServiceJourney:427_56087-R,True,planned,False,,,,,2026-09-05T08:24:10.398942+02:00
NSR:StopPlace:61735,Hell stasjon,2026-09-05T09:06:00+02:00,2026-09-05T09:06:00+02:00,,0.0,0,Lundamo,SJN:Line:26,Trønderbanen,R70,rail,SJN:ServiceJourney:426_56055-R,True,planned,False,,,,,2026-09-05T08:24:10.398942+02:00
NSR:StopPlace:61787,Gudå stasjon,2026-09-05T08:16:00+02:00,2026-09-05T08:16:00+02:00,,0.0,0,Storlien,SJN:Line:72,Meråkerbanen,R71,rail,SJN:ServiceJourney:1303_53534-R,True,planned,False,,,,,2026-09-05T08:24:10.398942+02:00
NSR:StopPlace:59789,Skotbu stasjon,2026-09-05T07:29:00+02:00,2026-09-05T07:29:00+02:00,,0.0,0,Oslo S,VYG:Line:R22,Skøyen-Oslo S-Mysen-Rakkestad,R22,rail,VYG:ServiceJourney:1908_443444-R,True,planned,False,,,,,2026-09-05T08:24:10.398942+02:00
NSR:StopPlace:59789,Skotbu stasjon,2026-09-05T08:32:00+02:00,2026-09-05T08:32:00+02:00,,0.0,0,Oslo S,VYG:Line:R22,Skøyen-Oslo S-Mysen-Rakkestad,R22,rail,VYG:ServiceJourney:1910_443447-R,True,planned,False,,,,,2026-09-05T08:24:10.398942+02:00
NSR:StopPlace:59789,Skotbu stasjon,2026-09-05T09:22:00+02:00,2026-09-05T09:22:00+02:00,,0.0,0,Rakkestad,VYG:Line:R22,Skøyen-Oslo S-Mysen-Rakkestad,R22,rail,VYG:ServiceJourney:1909_443446-R,True,planned,False,,,,,2026-09-05T08:24:10.398942+02:00
NSR:StopPlace:59646,Høvik stasjon,2026-09-05T08:40:00+02:00,2026-09-05T08:40:00+02:00,,0.0,0,Asker,RUT:Line:270,Asker - Sandvika (- Fornebu),270,bus,RUT:ServiceJourney:c8a8911a2f2295a1905bc6c3932d15de,True,planned,False,,,,,2026-09-05T08:24:10.398942+02:00
NSR:StopPlace:59646,Høvik stasjon,2026-09-05T08:53:00+02:00,2026-09-05T08:53:00+02:00,,0.0,0,Lillestrøm,VYG:Line:L1,Spikkestad-Oslo S-Lillestrøm,L1,rail,VYG:ServiceJourney:2218_443612-R,True,planned,False,,,,,2026-09-05T08:24:10.398942+02:00
NSR:StopPlace:59646,Høvik stasjon,2026-09-05T08:56:00+02:00,2026-09-05T08:56:00+02:00,,0.0,0,Spikkestad,VYG:Line:L1,Spikkestad-Oslo S-Lillestrøm,L1,rail,VYG:ServiceJourney:2215_443608-R,True,planned,False,,,,,2026-09-05T08:24:10.398942+02:00
NSR:StopPlace:59646,Høvik stasjon,2026-09-05T09:23:00+02:00,2026-09-05T09:23:00+02:00,,0.0,0,Lillestrøm,VYG:Line:L1,Spikkestad-Oslo S-Lillestrøm,L1,rail,VYG:ServiceJourney:2220_443616-R,True,planned,False,,,,,2026-09-05T08:24:10.398942+02:00
NSR:StopPlace:59647,Dal stasjon,2026-09-05T06:54:00+02:00,2026-09-05T06:54:00+02:00,,0.0,0,Lillestrøm bussterminal 15,VYG:Line:R13,Drammen-Oslo S-Dal,R13,rail,VYG:ServiceJourney:ff9086b1-9fa5-4d9a-8d30-c8a778b4c95f-1610-2026-09-05-0,True,planned,False,Vy kjører maxitaxi på strekningen,Vy kjører maxitaxi på strekningen,incident,normal,2026-09-05T08:24:10.398942+02:00
NSR:StopPlace:59647,Dal stasjon,2026-09-05T07:24:00+02:00,2026-09-05T07:24:00+02:00,,0.0,0,Jessheim,VYG:Line:R13,Drammen-Oslo S-Dal,R13,rail,VYG:ServiceJourney:a3872adb-9517-41d2-b607-ca7534fb8d71-1612-2026-09-05-0,True,planned,False,Vy kjører maxitaxi på strekningen,Vy kjører maxitaxi på strekningen,incident,normal,2026-09-05T08:24:10.398942+02:00
NSR:StopPlace:59647,Dal stasjon,2026-09-05T07:24:00+02:00,2026-09-05T07:24:00+02:00,,0.0,0,Jessheim,VYG:Line:R13,Drammen-Oslo S-Dal,R13,rail,VYG:ServiceJourney:b1875084-e074-4de6-975c-552625f19a59-1612-2026-09-05-0,True,planned,False,Vy kjører maxitaxi på strekningen,Vy kjører maxitaxi på strekningen,incident,normal,2026-09-05T08:24:10.398942+02:00
NSR:StopPlace:59647,Dal stasjon,2026-09-05T08:24:00+02:00,2026-09-05T08:24:00+02:00,,0.0,0,Jessheim,VYG:Line:R13,Drammen-Oslo S-Dal,R13,rail,VYG:ServiceJourney:e0482090-6b14-4de3-ab9f-2931415990d5-1616-2026-09-05-0,True,planned,False,Vy kjører maxitaxi på strekningen | Stengt: Dal–Jessheim,"Vy kjører maxitaxi på strekningen | Dal–Jessheim er stengt for togtrafikk. Du må regne med forsinkelser, og at noen tog kan bli innstilt. Dette skyldes feil på en sporveksel. Bane NOR jobber med å rette feilen. Ny oppdatering kommer 5. september kl. 09:00.",incident | incident,normal | normal,2026-09-05T08:24:10.398942+02:00
NSR:StopPlace:59647,Dal stasjon,2026-09-05T08:24:00+02:00,2026-09-05T08:24:00+02:00,,0.0,0,Jessheim,VYG:Line:R13,Drammen-Oslo S-Dal,R13,rail,VYG:ServiceJourney:91f4df7b-d056-4b4a-9bad-fecbd47a5653-1616-2026-09-05-0,True,planned,False,Stengt: Dal–Jessheim | Vy kjører maxitaxi på strekningen,"Dal–Jessheim er stengt for togtrafikk. Du må regne med forsinkelser, og at noen tog kan bli innstilt. Dette skyldes feil på en sporveksel. Bane NOR jobber med å rette feilen. Ny oppdatering kommer 5. september kl. 09:00. | Vy kjører maxitaxi på strekningen",incident | incident,normal | normal,2026-09-05T08:24:10.398942+02:00
NSR:StopPlace:59647,Dal stasjon,2026-09-05T08:28:14+02:00,2026-09-05T08:28:14+02:00,,0.0,0,Jessheim,VYG:Line:R13,Drammen-Oslo S-Dal,R13,rail,VYG:ServiceJourney:ae0e1e0a-9f8c-4193-a0a9-5e614f522525-1618-2026-09-05-1,True,planned,False,Stengt: Dal–Jessheim | Vy kjører minibuss på strekningen,"Dal–Jessheim er stengt for togtrafikk. Du må regne med forsinkelser, og at noen tog kan bli innstilt. Dette skyldes feil på en sporveksel. Bane NOR jobber med å rette feilen. Ny oppdatering kommer 5. september kl. 09:00. | Vy kjører minibuss på strekningen",incident | incident,normal | normal,2026-09-05T08:24:10.398942+02:00
NSR:StopPlace:59647,Dal stasjon,2026-09-05T08:35:51+02:00,2026-09-05T08:35:51+02:00,,0.0,0,Jessheim,VYG:Line:R13,Drammen-Oslo S-Dal,R13,rail,VYG:ServiceJourney:e734a875-2232-40ab-8029-551d2c6c578d-1618-2026-09-05-1,True,planned,False,Stengt: Dal–Jessheim | Vy kjører minibuss på strekningen,"Dal–Jessheim er stengt for togtrafikk. Du må regne med forsinkelser, og at noen tog kan bli innstilt. Dette skyldes feil på en sporveksel. Bane NOR jobber med å rette feilen. Ny oppdatering kommer 5. september kl. 09:00. | Vy kjører minibuss på strekningen",incident | incident,normal | normal,2026-09-05T08:24:10.398942+02:00
NSR:StopPlace:59647,Dal stasjon,2026-09-05T08:41:00+02:00,2026-09-05T08:41:00+02:00,,0.0,0,Jessheim,RUT:Line:430,Eidsvoll - Jessheim,430,bus,RUT:ServiceJourney:3c6c2b95e86d0050d390e5db2dd0032e,True,planned,False,,,,,2026-09-05T08:24:10.398942+02:00
NSR:StopPlace:59647,Dal stasjon,2026-09-05T08:46:00+02:00,2026-09-05T08:46:00+02:00,,0.0,0,Eidsvoll,RUT:Line:430,Eidsvoll - Jessheim,430,bus,RUT:ServiceJourney:8d8aa4b5e4856bf6835ed519a11950b2,True,planned,False,,,,,2026-09-05T08:24:10.398942+02:00
NSR:StopPlace:59647,Dal stasjon,2026-09-05T09:16:14+02:00,2026-09-05T09:16:14+02:00,,0.0,0,Jessheim,VYG:Line:R13,Drammen-Oslo S-Dal,R13,rail,VYG:ServiceJourney:ae0e1e0a-9f8c-4193-a0a9-5e614f522525-1618-2026-09-05-3,True,planned,False,Vy kjører minibuss på strekningen | Stengt: Dal–Jessheim,"Vy kjører minibuss på strekningen | Dal–Jessheim er stengt for togtrafikk. Du må regne med forsinkelser, og at noen tog kan bli innstilt. Dette skyldes feil på en sporveksel. Bane NOR jobber med å rette feilen. Ny oppdatering kommer 5. september kl. 09:00.",incident | incident,normal | normal,2026-09-05T08:24:10.398942+02:00
NSR:StopPlace:59647,Dal stasjon,2026-09-05T09:23:51+02:00,2026-09-05T09:23:51+02:00,,0.0,0,Jessheim,VYG:Line:R13,Drammen-Oslo S-Dal,R13,rail,VYG:ServiceJourney:e734a875-2232-40ab-8029-551d2c6c578d-1618-2026-09-05-3,True,planned,False,Stengt: Dal–Jessheim | Vy kjører minibuss på strekningen,"Dal–Jessheim er stengt for togtrafikk. Du må regne med forsinkelser, og at noen tog kan bli innstilt. Dette skyldes feil på en sporveksel. Bane NOR jobber med å rette feilen. Ny oppdatering kommer 5. september kl. 09:00. | Vy kjører minibuss på strekningen",incident | incident,normal | normal,2026-09-05T08:24:10.398942+02:00
NSR:StopPlace:59648,Kjelsås stasjon,2026-09-05T08:23:00+02:00,2026-09-05T08:23:00+02:00,,0.0,0,Movatn,VYG:Line:R31,Skøyen-Jaren-Gjøvik,R31,rail,VYG:ServiceJourney:BUS-207_655116-R,True,planned,False,,,,,2026-09-05T08:24:10.398942+02:00
NSR:StopPlace:59648,Kjelsås stasjon,2026-09-05T08:40:00+02:00,2026-09-05T08:40:00+02:00,,0.0,0,Kværnerbyen,RUT:Line:54,Kværnerbyen - Kjelsås stasjon,54,bus,RUT:ServiceJourney:8e66b152eb9d5a376cf8fe5ea7f8de68,True,planned,False,,,,,2026-09-05T08:24:10.398942+02:00
NSR:StopPlace:59648,Kjelsås stasjon,2026-09-05T08:55:00+02:00,2026-09-05T08:55:00+02:00,,0.0,0,Majorstuen,RUT:Line:25,Majorstuen-Haugerud,25,bus,RUT:ServiceJourney:c56b4cf88b3414e08f52b45a54ee7cc1,True,planned,False,,,,,2026-09-05T08:24:10.398942+02:00
NSR:StopPlace:59648,Kjelsås stasjon,2026-09-05T09:11:00+02:00,2026-09-05T09:11:00+02:00,,0.0,0,Haugerud,RUT:Line:25,Majorstuen-Haugerud,25,bus,RUT:ServiceJourney:a04ade1e75188db4fa4661f5983ceb25,True,planned,False,,,,,2026-09-05T08:24:10.398942+02:00
NSR:StopPlace:59649,Nydalen stasjon,2026-09-05T06:03:00+02:00,2026-09-05T06:03:00+02:00,,0.0,0,Oslo lufthavn,NBU:Line:cb7b555c-f96e-42d5-84bf-a5e08c0145c2,Radiumhospitalet via Økern-Storo-Tåsen,FB3,bus,NBU:ServiceJourney:7e8f1121-38e8-4f93-8f25-4ee6aec74728,True,planned,False,,,,,2026-09-05T08:24:10.398942+02:00
NSR:StopPlace:59649,Nydalen stasjon,2026-09-05T08:25:00+02:00,2026-09-05T08:25:00+02:00,,0.0,0,Gjøvik,VYG:Line:R31,Skøyen-Jaren-Gjøvik,R31,rail,VYG:ServiceJourney:BUS-207_655117-R,True,planned,False,,,,,2026-09-05T08:24:10.398942+02:00
NSR:StopPlace:59649,Nydalen stasjon,2026-09-05T09:03:00+02:00,2026-09-05T09:03:00+02:00,,0.0,0,-,NBU:Line:cb7b555c-f96e-42d5-84bf-a5e08c0145c2,Radiumhospitalet via Økern-Storo-Tåsen,FB3,bus,NBU:ServiceJourney:80ade2bb-3a30-4b2b-872e-b6b05f110897:610200354,True,planned,False,,,,,2026-09-05T08:24:10.398942+02:00
NSR:StopPlace:59649,Nydalen stasjon,2026-09-05T09:03:00+02:00,2026-09-05T09:03:00+02:00,,0.0,0,Oslo lufthavn,NBU:Line:cb7b555c-f96e-42d5-84bf-a5e08c0145c2,Radiumhospitalet via Økern-Storo-Tåsen,FB3,bus,NBU:ServiceJourney:80ade2bb-3a30-4b2b-872e-b6b05f110897,True,planned,False,,,,,2026-09-05T08:24:10.398942+02:00
NSR:StopPlace:59649,Nydalen stasjon,2026-09-05T09:16:00+02:00,2026-09-05T09:16:00+02:00,,0.0,0,Simensbråten,RUT:Line:23,Lysaker - Simensbråten,23,bus,RUT:ServiceJourney:6b808229a64eb8b9a25a897478570165,True,planned,False,,,,,2026-09-05T08:24:10.398942+02:00
NSR:StopPlace:59641,Fjellhamar stasjon,2026-09-05T08:47:00+02:00,2026-09-05T08:47:00+02:00,,0.0,0,Spikkestad,VYG:Line:L1,Spikkestad-Oslo S-Lillestrøm,L1,rail,VYG:ServiceJourney:2217_443610-R,True,planned,False,,,,,2026-09-05T08:24:10.398942+02:00
NSR:StopPlace:59641,Fjellhamar stasjon,2026-09-05T09:03:00+02:00,2026-09-05T09:03:00+02:00,,0.0,0,Lillestrøm,VYG:Line:L1,Spikkestad-Oslo S-Lillestrøm,L1,rail,VYG:ServiceJourney:2216_443609-R,True,planned,False,,,,,2026-09-05T08:24:10.398942+02:00
NSR:StopPlace:59641,Fjellhamar stasjon,2026-09-05T09:17:00+02:00,2026-09-05T09:17:00+02:00,,0.0,0,Spikkestad,VYG:Line:L1,Spikkestad-Oslo S-Lillestrøm,L1,rail,VYG:ServiceJourney:2219_443614-R,True,planned,False,,,,,2026-09-05T08:24:10.398942+02:00
NSR:StopPlace:59642,Rånåsfoss stasjon,2026-09-05T08:38:00+02:00,2026-09-05T08:38:00+02:00,,0.0,0,Kongsvinger,VYG:Line:R14,Asker-Oslo S-Kongsvinger,R14,rail,VYG:ServiceJourney:1007_442912-R,True,planned,False,,,,,2026-09-05T08:24:10.398942+02:00
NSR:StopPlace:59642,Rånåsfoss stasjon,2026-09-05T09:18:00+02:00,2026-09-05T09:18:00+02:00,,0.0,0,Asker,VYG:Line:R14,Asker-Oslo S-Kongsvinger,R14,rail,VYG:ServiceJourney:1010_442915-R,True,planned,False,,,,,2026-09-05T08:24:10.398942+02:00
NSR:StopPlace:59643,Grefsen stasjon,2026-09-05T06:08:00+02:00,2026-09-05T06:08:00+02:00,,0.0,0,Oslo lufthavn,NBU:Line:cb7b555c-f96e-42d5-84bf-a5e08c0145c2,Radiumhospitalet via Økern-Storo-Tåsen,FB3,bus,NBU:ServiceJourney:7e8f1121-38e8-4f93-8f25-4ee6aec74728,True,planned,False,,,,,2026-09-05T08:24:10.398942+02:00
NSR:StopPlace:59643,Grefsen stasjon,2026-09-05T08:28:00+02:00,2026-09-05T08:28:00+02:00,,0.0,0,Gjøvik,VYG:Line:R31,Skøyen-Jaren-Gjøvik,R31,rail,VYG:ServiceJourney:BUS-207_655117-R,True,planned,False,,,,,2026-09-05T08:24:10.398942+02:00
NSR:StopPlace:59643,Grefsen stasjon,2026-09-05T08:31:00+02:00,2026-09-05T08:31:00+02:00,,0.0,0,Gaustadalléen,RUT:Line:18,Grefsen st [4311] - Rikshospitalet,18,tram,RUT:ServiceJourney:2c29d45b21e5a8ff31ec8e9ca67a9f49,True,planned,False,,,,,2026-09-05T08:24:10.398942+02:00
NSR:StopPlace:59643,Grefsen stasjon,2026-09-05T09:08:00+02:00,2026-09-05T09:08:00+02:00,,0.0,0,-,NBU:Line:cb7b555c-f96e-42d5-84bf-a5e08c0145c2,Radiumhospitalet via Økern-Storo-Tåsen,FB3,bus,NBU:ServiceJourney:80ade2bb-3a30-4b2b-872e-b6b05f110897:610200354,True,planned,False,,,,,2026-09-05T08:24:10.398942+02:00
NSR:StopPlace:59643,Grefsen stasjon,2026-09-05T09:08:00+02:00,2026-09-05T09:08:00+02:00,,0.0,0,Oslo lufthavn,NBU:Line:cb7b555c-f96e-42d5-84bf-a5e08c0145c2,Radiumhospitalet via Økern-Storo-Tåsen,FB3,bus,NBU:ServiceJourney:80ade2bb-3a30-4b2b-872e-b6b05f110897,True,planned,False,,,,,2026-09-05T08:24:10.398942+02:00
NSR:StopPlace:59643,Grefsen stasjon,2026-09-05T09:19:00+02:00,2026-09-05T09:19:00+02:00,,0.0,0,Simensbråten,RUT:Line:23,Lysaker - Simensbråten,23,bus,RUT:ServiceJourney:6b808229a64eb8b9a25a897478570165,True,planned,False,,,,,2026-09-05T08:24:10.398942+02:00
NSR:StopPlace:60640,Heimdal stasjon,2026-09-05T08:36:00+02:00,2026-09-05T08:36:00+02:00,,0.0,0,Ringvål,ATB:Line:2_78,Heimdal- Ringvål (-Spongdal),78,bus,ATB:ServiceJourney:78_251215112544266_6004,True,planned,False,,,,,2026-09-05T08:24:10.398942+02:00
NSR:StopPlace:59650,Nyland stasjon,2026-09-05T06:22:00+02:00,2026-09-05T06:22:00+02:00,,0.0,0,Oslo lufthavn,NBU:Line:cb7b555c-f96e-42d5-84bf-a5e08c0145c2,Radiumhospitalet via Økern-Storo-Tåsen,FB3,bus,NBU:ServiceJourney:7e8f1121-38e8-4f93-8f25-4ee6aec74728,True,planned,False,,,,,2026-09-05T08:24:10.398942+02:00
NSR:StopPlace:59650,Nyland stasjon,2026-09-05T08:29:00+02:00,2026-09-05T08:29:00+02:00,,0.0,0,Spikkestad,VYG:Line:L1,Spikkestad-Oslo S-Lillestrøm,L1,rail,VYG:ServiceJourney:2215_443608-R,True,planned,False,,,,,2026-09-05T08:24:10.398942+02:00
NSR:StopPlace:59650,Nyland stasjon,2026-09-05T08:51:00+02:00,2026-09-05T08:51:00+02:00,,0.0,0,Lillestrøm,VYG:Line:L1,Spikkestad-Oslo S-Lillestrøm,L1,rail,VYG:ServiceJourney:2216_443609-R,True,planned,False,,,,,2026-09-05T08:24:10.398942+02:00
NSR:StopPlace:59650,Nyland stasjon,2026-09-05T08:59:00+02:00,2026-09-05T08:59:00+02:00,,0.0,0,Spikkestad,VYG:Line:L1,Spikkestad-Oslo S-Lillestrøm,L1,rail,VYG:ServiceJourney:2217_443610-R,True,planned,False,,,,,2026-09-05T08:24:10.398942+02:00
NSR:StopPlace:59650,Nyland stasjon,2026-09-05T09:21:00+02:00,2026-09-05T09:21:00+02:00,,0.0,0,Lillestrøm,VYG:Line:L1,Spikkestad-Oslo S-Lillestrøm,L1,rail,VYG:ServiceJourney:2218_443612-R,True,planned,False,,,,,2026-09-05T08:24:10.398942+02:00
NSR:StopPlace:59650,Nyland stasjon,2026-09-05T09:22:00+02:00,2026-09-05T09:22:00+02:00,,0.0,0,Oslo lufthavn,NBU:Line:cb7b555c-f96e-42d5-84bf-a5e08c0145c2,Radiumhospitalet via Økern-Storo-Tåsen,FB3,bus,NBU:ServiceJourney:80ade2bb-3a30-4b2b-872e-b6b05f110897,True,planned,False,,,,,2026-09-05T08:24:10.398942+02:00
NSR:StopPlace:59650,Nyland stasjon,2026-09-05T09:22:00+02:00,2026-09-05T09:22:00+02:00,,0.0,0,-,NBU:Line:cb7b555c-f96e-42d5-84bf-a5e08c0145c2,Radiumhospitalet via Økern-Storo-Tåsen,FB3,bus,NBU:ServiceJourney:80ade2bb-3a30-4b2b-872e-b6b05f110897:610200354,True,planned,False,,,,,2026-09-05T08:24:10.398942+02:00
NSR:StopPlace:59652,Tøyen stasjon,2026-09-05T08:44:00+02:00,2026-09-05T08:44:00+02:00,,0.0,0,Vippetangen,RUT:Line:60,Vippetangen-Tonsenhagen,60,bus,RUT:ServiceJourney:9e96a45f851350d936bb94dd48c3f3ae,True,planned,False,,,,,2026-09-05T08:24:10.398942+02:00
NSR:StopPlace:59652,Tøyen stasjon,2026-09-05T08:57:00+02:00,2026-09-05T08:57:00+02:00,,0.0,0,Tonsenhagen,RUT:Line:60,Vippetangen-Tonsenhagen,60,bus,RUT:ServiceJourney:d8f8847a9747dd40782c3bba0e16d344,True,planned,False,,,,,2026-09-05T08:24:10.398942+02:00
NSR:StopPlace:59653,Haugenstua stasjon,2026-09-05T08:55:00+02:00,2026-09-05T08:55:00+02:00,,0.0,0,Spikkestad,VYG:Line:L1,Spikkestad-Oslo S-Lillestrøm,L1,rail,VYG:ServiceJourney:2217_443610-R,True,planned,False,,,,,2026-09-05T08:24:10.398942+02:00
NSR:StopPlace:59653,Haugenstua stasjon,2026-09-05T08:55:00+02:00,2026-09-05T08:55:00+02:00,,0.0,0,Lillestrøm,VYG:Line:L1,Spikkestad-Oslo S-Lillestrøm,L1,rail,VYG:ServiceJourney:2216_443609-R,True,planned,False,,,,,2026-09-05T08:24:10.398942+02:00
NSR:StopPlace:59654,Stabekk stasjon,2026-09-05T08:26:00+02:00,2026-09-05T08:26:00+02:00,,0.0,0,Lillestrøm,VYG:Line:L1,Spikkestad-Oslo S-Lillestrøm,L1,rail,VYG:ServiceJourney:2216_443609-R,True,planned,False,,,,,2026-09-05T08:24:10.398942+02:00
NSR:StopPlace:59654,Stabekk stasjon,2026-09-05T08:30:00+02:00,2026-09-05T08:30:00+02:00,,0.0,0,Ski,VYG:Line:L2,Stabekk-Oslo S-Ski,L2,rail,VYG:ServiceJourney:2715-HVK_699747-R,True,planned,False,,,,,2026-09-05T08:24:10.398942+02:00
NSR:StopPlace:59654,Stabekk stasjon,2026-09-05T08:36:00+02:00,2026-09-05T08:36:00+02:00,,0.0,0,Moss,VYG:Line:R21,Stabekk-Oslo S-Moss,R21,rail,VYG:ServiceJourney:1115-HVK_442990-R,True,planned,False,,,,,2026-09-05T08:24:10.398942+02:00
NSR:StopPlace:59654,Stabekk stasjon,2026-09-05T08:52:00+02:00,2026-09-05T08:52:00+02:00,,0.0,0,Nationaltheatret,RUT:Line:150,Gullhaug - Nationaltheatret,150,bus,RUT:ServiceJourney:8e35db7402028fcb009ccc6bcf038411,True,planned,False,,,,,2026-09-05T08:24:10.398942+02:00
NSR:StopPlace:59654,Stabekk stasjon,2026-09-05T08:54:00+02:00,2026-09-05T08:54:00+02:00,,0.0,0,Spikkestad,VYG:Line:L1,Spikkestad-Oslo S-Lillestrøm,L1,rail,VYG:ServiceJourney:2215_443608-R,True,planned,False,,,,,2026-09-05T08:24:10.398942+02:00
NSR:StopPlace:59654,Stabekk stasjon,2026-09-05T08:56:00+02:00,2026-09-05T08:56:00+02:00,,0.0,0,Lillestrøm,VYG:Line:L1,Spikkestad-Oslo S-Lillestrøm,L1,rail,VYG:ServiceJourney:2218_443612-R,True,planned,False,,,,,2026-09-05T08:24:10.398942+02:00
NSR:StopPlace:59654,Stabekk stasjon,2026-09-05T09:00:00+02:00,2026-09-05T09:00:00+02:00,,0.0,0,Ski,VYG:Line:L2,Stabekk-Oslo S-Ski,L2,rail,VYG:ServiceJourney:2717-HVK_699752-R,True,planned,False,,,,,2026-09-05T08:24:10.398942+02:00
NSR:StopPlace:59654,Stabekk stasjon,2026-09-05T09:06:00+02:00,2026-09-05T09:06:00+02:00,,0.0,0,Moss,VYG:Line:R21,Stabekk-Oslo S-Moss,R21,rail,VYG:ServiceJourney:1117-HVK_442992-R,True,planned,False,,,,,2026-09-05T08:24:10.398942+02:00
NSR:StopPlace:59654,Stabekk stasjon,2026-09-05T09:09:00+02:00,2026-09-05T09:09:00+02:00,,0.0,0,Gullhaug,RUT:Line:150,Gullhaug - Nationaltheatret,150,bus,RUT:ServiceJourney:69cc11a74cfce16f1eefbc234b42776c,True,planned,False,Holdeplass Stabekk stasjon i retning mot Bekkestua er flyttet ca. 50 meter bakover.,Dette skyldes anleggsarbeid i området.,incident,normal,2026-09-05T08:24:10.398942+02:00
NSR:StopPlace:59654,Stabekk stasjon,2026-09-05T09:22:00+02:00,2026-09-05T09:22:00+02:00,,0.0,0,Nationaltheatret,RUT:Line:150,Gullhaug - Nationaltheatret,150,bus,RUT:ServiceJourney:24cd62762de9cf60b1ed15936c13cffe,True,planned,False,,,,,2026-09-05T08:24:10.398942+02:00
NSR:StopPlace:59654,Stabekk stasjon,2026-09-05T09:24:00+02:00,2026-09-05T09:24:00+02:00,,0.0,0,Spikkestad,VYG:Line:L1,Spikkestad-Oslo S-Lillestrøm,L1,rail,VYG:ServiceJourney:2217_443610-R,True,planned,False,,,,,2026-09-05T08:24:10.398942+02:00
NSR:StopPlace:59687,Grong stasjon,2026-09-05T08:30:00+02:00,2026-09-05T08:30:00+02:00,,0.0,0,AMFI Steinkjer,ATB:Line:2_690,Grong - Steinkjer,690,bus,ATB:ServiceJourney:690_260106098640798_6002,True,planned,False,,,,,2026-09-05T08:24:10.398942+02:00
NSR:StopPlace:59687,Grong stasjon,2026-09-05T08:30:00+02:00,2026-09-05T08:30:00+02:00,,0.0,0,Namsos skysstasjon,ATB:Line:2_695,Namsos - Grong - (Harran),695,bus,ATB:ServiceJourney:695_260106098642441_6001,True,planned,False,,,,,2026-09-05T08:24:10.398942+02:00
NSR:StopPlace:59703,Åndalsnes stasjon,2026-09-05T09:17:00+02:00,2026-09-05T09:17:00+02:00,,0.0,0,Åndalsnes,MOR:Line:420,Fram Ekspress Molde-Åndalsnes,420,bus,MOR:ServiceJourney:420_602_9150000047246558,True,planned,False,,,,,2026-09-05T08:24:10.398942+02:00
NSR:StopPlace:59703,Åndalsnes stasjon,2026-09-05T09:24:00+02:00,2026-09-05T09:24:00+02:00,,0.0,0,Dombås,SJN:Line:22,Raumabanen,R65,rail,SJN:ServiceJourney:2342_30108-R,True,planned,False,,,,,2026-09-05T08:24:10.398942+02:00
NSR:StopPlace:60736,Spikkestad stasjon,2026-09-05T08:46:00+02:00,2026-09-05T08:46:00+02:00,,0.0,0,Lillestrøm,VYG:Line:L1,Spikkestad-Oslo S-Lillestrøm,L1,rail,VYG:ServiceJourney:2220_443616-R,True,planned,False,,,,,2026-09-05T08:24:10.398942+02:00
NSR:StopPlace:60736,Spikkestad stasjon,2026-09-05T09:16:00+02:00,2026-09-05T09:16:00+02:00,,0.0,0,Lillestrøm,VYG:Line:L1,Spikkestad-Oslo S-Lillestrøm,L1,rail,VYG:ServiceJourney:2222_443619-R,True,planned,False,,,,,2026-09-05T08:24:10.398942+02:00
NSR:StopPlace:60737,Bondivann stasjon,2026-09-05T05:30:00+02:00,2026-09-05T05:30:00+02:00,,0.0,0,Lillestrøm,VYG:Line:L1,Spikkestad-Oslo S-Lillestrøm,L1,rail,VYG:ServiceJourney:2206_443594-R,True,planned,False,,,,,2026-09-05T08:24:10.398942+02:00
NSR:StopPlace:60737,Bondivann stasjon,2026-09-05T06:00:00+02:00,2026-09-05T06:00:00+02:00,,0.0,0,Lillestrøm,VYG:Line:L1,Spikkestad-Oslo S-Lillestrøm,L1,rail,VYG:ServiceJourney:2208_452017-R,True,planned,False,,,,,2026-09-05T08:24:10.398942+02:00
NSR:StopPlace:60737,Bondivann stasjon,2026-09-05T06:30:00+02:00,2026-09-05T06:30:00+02:00,,0.0,0,Lillestrøm,VYG:Line:L1,Spikkestad-Oslo S-Lillestrøm,L1,rail,VYG:ServiceJourney:2210_443600-R,True,planned,False,,,,,2026-09-05T08:24:10.398942+02:00
NSR:StopPlace:60737,Bondivann stasjon,2026-09-05T06:49:00+02:00,2026-09-05T06:49:00+02:00,,0.0,0,Spikkestad,VYG:Line:L1,Spikkestad-Oslo S-Lillestrøm,L1,rail,VYG:ServiceJourney:2205_481233-R,True,planned,False,,,,,2026-09-05T08:24:10.398942+02:00
NSR:StopPlace:60737,Bondivann stasjon,2026-09-05T07:00:00+02:00,2026-09-05T07:00:00+02:00,,0.0,0,Lillestrøm,VYG:Line:L1,Spikkestad-Oslo S-Lillestrøm,L1,rail,VYG:ServiceJourney:2212_443603-R,True,planned,False,,,,,2026-09-05T08:24:10.398942+02:00
NSR:StopPlace:60737,Bondivann stasjon,2026-09-05T07:19:00+02:00,2026-09-05T07:19:00+02:00,,0.0,0,Spikkestad,VYG:Line:L1,Spikkestad-Oslo S-Lillestrøm,L1,rail,VYG:ServiceJourney:2207_443595-R,True,planned,False,,,,,2026-09-05T08:24:10.398942+02:00
NSR:StopPlace:60737,Bondivann stasjon,2026-09-05T07:30:00+02:00,2026-09-05T07:30:00+02:00,,0.0,0,Lillestrøm,VYG:Line:L1,Spikkestad-Oslo S-Lillestrøm,L1,rail,VYG:ServiceJourney:2214_443606-R,True,planned,False,,,,,2026-09-05T08:24:10.398942+02:00
NSR:StopPlace:60737,Bondivann stasjon,2026-09-05T07:49:00+02:00,2026-09-05T07:49:00+02:00,,0.0,0,Spikkestad,VYG:Line:L1,Spikkestad-Oslo S-Lillestrøm,L1,rail,VYG:ServiceJourney:2209_443598-R,True,planned,False,,,,,2026-09-05T08:24:10.398942+02:00
NSR:StopPlace:60737,Bondivann stasjon,2026-09-05T08:30:00+02:00,2026-09-05T08:30:00+02:00,,0.0,0,Lillestrøm,VYG:Line:L1,Spikkestad-Oslo S-Lillestrøm,L1,rail,VYG:ServiceJourney:2218_443612-R,True,planned,False,,,,,2026-09-05T08:24:10.398942+02:00
NSR:StopPlace:60737,Bondivann stasjon,2026-09-05T09:00:00+02:00,2026-09-05T09:00:00+02:00,,0.0,0,Lillestrøm,VYG:Line:L1,Spikkestad-Oslo S-Lillestrøm,L1,rail,VYG:ServiceJourney:2220_443616-R,True,planned,False,,,,,2026-09-05T08:24:10.398942+02:00
NSR:StopPlace:60737,Bondivann stasjon,2026-09-05T09:19:00+02:00,2026-09-05T09:19:00+02:00,,0.0,0,Spikkestad,VYG:Line:L1,Spikkestad-Oslo S-Lillestrøm,L1,rail,VYG:ServiceJourney:2215_443608-R,True,planned,False,,,,,2026-09-05T08:24:10.398942+02:00
NSR:StopPlace:60735,Gullhella stasjon,2026-09-05T06:51:00+02:00,2026-09-05T06:51:00+02:00,,0.0,0,Spikkestad,VYG:Line:L1,Spikkestad-Oslo S-Lillestrøm,L1,rail,VYG:ServiceJourney:2205_481233-R,True,planned,False,,,,,2026-09-05T08:24:10.398942+02:00
NSR:StopPlace:60735,Gullhella stasjon,2026-09-05T07:21:00+02:00,2026-09-05T07:21:00+02:00,,0.0,0,Spikkestad,VYG:Line:L1,Spikkestad-Oslo S-Lillestrøm,L1,rail,VYG:ServiceJourney:2207_443595-R,True,planned,False,,,,,2026-09-05T08:24:10.398942+02:00
NSR:StopPlace:60735,Gullhella stasjon,2026-09-05T07:51:00+02:00,2026-09-05T07:51:00+02:00,,0.0,0,Spikkestad,VYG:Line:L1,Spikkestad-Oslo S-Lillestrøm,L1,rail,VYG:ServiceJourney:2209_443598-R,True,planned,False,,,,,2026-09-05T08:24:10.398942+02:00
NSR:StopPlace:60735,Gullhella stasjon,2026-09-05T08:58:00+02:00,2026-09-05T08:58:00+02:00,,0.0,0,Lillestrøm,VYG:Line:L1,Spikkestad-Oslo S-Lillestrøm,L1,rail,VYG:ServiceJourney:2220_443616-R,True,planned,False,,,,,2026-09-05T08:24:10.398942+02:00
NSR:StopPlace:60735,Gullhella stasjon,2026-09-05T09:21:00+02:00,2026-09-05T09:21:00+02:00,,0.0,0,Spikkestad,VYG:Line:L1,Spikkestad-Oslo S-Lillestrøm,L1,rail,VYG:ServiceJourney:2215_443608-R,True,planned,False,,,,,2026-09-05T08:24:10.398942+02:00
NSR:StopPlace:59952,Drammen stasjon,2026-09-05T07:22:00+02:00,2026-09-05T07:22:00+02:00,,0.0,0,Tønsberg,VYG:Line:RE11,Eidsvoll-Oslo S-Skien,RE11,rail,VYG:ServiceJourney:BUS-805_654213-R,True,planned,False,,,,,2026-09-05T08:24:10.398942+02:00
NSR:StopPlace:59952,Drammen stasjon,2026-09-05T08:35:00+02:00,2026-09-05T08:35:00+02:00,,0.0,0,Dal,VYG:Line:R13,Drammen-Oslo S-Dal,R13,rail,VYG:ServiceJourney:1617_443249-R,True,planned,False,,,,,2026-09-05T08:24:10.398942+02:00
NSR:StopPlace:59952,Drammen stasjon,2026-09-05T08:42:00+02:00,2026-09-05T08:42:00+02:00,,0.0,0,Oslo Lufthavn,FLT:Line:FLY1,FLY1,FLY1,rail,FLT:ServiceJourney:1-2614-3729-20260905,True,planned,False,,,,,2026-09-05T08:24:10.398942+02:00
NSR:StopPlace:59952,Drammen stasjon,2026-09-05T08:43:00+02:00,2026-09-05T08:43:00+02:00,,0.0,0,Kongsberg,VYG:Line:R12,Kongsberg-Oslo S-Eidsvoll,R12,rail,VYG:ServiceJourney:507_444300-R,True,planned,False,,,,,2026-09-05T08:24:10.398942+02:00
NSR:StopPlace:59952,Drammen stasjon,2026-09-05T08:47:00+02:00,2026-09-05T08:47:00+02:00,,0.0,0,Eidsvoll,VYG:Line:RE11,Eidsvoll-Oslo S-Skien,RE11,rail,VYG:ServiceJourney:808-DRM_652712-R,True,planned,False,,,,,2026-09-05T08:24:10.398942+02:00
NSR:StopPlace:59952,Drammen stasjon,2026-09-05T08:57:00+02:00,2026-09-05T08:57:00+02:00,,0.0,0,Lillehammer,VYG:Line:RE10,Drammen-Oslo S-Lillehammer,RE10,rail,VYG:ServiceJourney:311-SUD_481289-R,True,planned,False,,,,,2026-09-05T08:24:10.398942+02:00
NSR:StopPlace:59952,Drammen stasjon,2026-09-05T09:02:00+02:00,2026-09-05T09:02:00+02:00,,0.0,0,Oslo Lufthavn,FLT:Line:FLY1,FLY1,FLY1,rail,FLT:ServiceJourney:1-2614-3731-20260905,True,planned,False,,,,,2026-09-05T08:24:10.398942+02:00
NSR:StopPlace:59952,Drammen stasjon,2026-09-05T09:05:00+02:00,2026-09-05T09:05:00+02:00,,0.0,0,Dal,VYG:Line:R13,Drammen-Oslo S-Dal,R13,rail,VYG:ServiceJourney:1619_443253-R,True,planned,False,,,,,2026-09-05T08:24:10.398942+02:00
NSR:StopPlace:59952,Drammen stasjon,2026-09-05T09:17:00+02:00,2026-09-05T09:17:00+02:00,,0.0,0,Eidsvoll,VYG:Line:R12,Kongsberg-Oslo S-Eidsvoll,R12,rail,VYG:ServiceJourney:510_444303-R,True,planned,False,,,,,2026-09-05T08:24:10.398942+02:00
NSR:StopPlace:59952,Drammen stasjon,2026-09-05T09:20:00+02:00,2026-09-05T09:20:00+02:00,,0.0,0,Bergen,VYG:Line:F4,Oslo S-Bergen,F4,rail,VYG:ServiceJourney:BUS-63_652384-R,True,planned,False,,,,,2026-09-05T08:24:10.398942+02:00
NSR:StopPlace:59957,Klepp stasjon,2026-09-05T08:27:00+02:00,2026-09-05T08:27:00+02:00,,0.0,0,Verdalen via Kleppekrossen,KOL:Line:8_2024,59,59,bus,KOL:ServiceJourney:2024_260409073596993_4001,True,planned,False,,,,,2026-09-05T08:24:10.398942+02:00
NSR:StopPlace:59958,Voss stasjon,2026-09-05T08:30:00+02:00,2026-09-05T08:30:00+02:00,,0.0,0,Stalheim hotell,SKY:Line:950,Bergen-Voss-Gudvangen,950,bus,SKY:ServiceJourney:950-205170-20948227,True,planned,False,,,,,2026-09-05T08:24:10.398942+02:00
NSR:StopPlace:60944,Ski stasjon,2026-09-05T08:26:00+02:00,2026-09-05T08:26:00+02:00,,0.0,0,Göteborg C,VYG:Line:RE20,Oslo S-Halden-Göteborg (X-Border),RE20,rail,VYG:ServiceJourney:107-385_465652-R,True,planned,False,,,,,2026-09-05T08:24:10.398942+02:00
NSR:StopPlace:59983,Bergen stasjon,2026-09-05T07:04:00+02:00,2026-09-05T07:04:00+02:00,,0.0,0,Voss,VYG:Line:R40,Bergen-Voss-Myrdal-Ål,R40,rail,VYG:ServiceJourney:BUS-1804_659324-R,True,planned,False,,,,,2026-09-05T08:24:10.398942+02:00
NSR:StopPlace:60017,Slitu stasjon,2026-09-05T06:59:00+02:00,2026-09-05T06:59:00+02:00,,0.0,0,Oslo S,VYG:Line:R22,Skøyen-Oslo S-Mysen-Rakkestad,R22,rail,VYG:ServiceJourney:1908_443444-R,True,planned,False,,,,,2026-09-05T08:24:10.398942+02:00
NSR:StopPlace:60017,Slitu stasjon,2026-09-05T07:46:00+02:00,2026-09-05T07:46:00+02:00,,0.0,0,Rakkestad,VYG:Line:R22,Skøyen-Oslo S-Mysen-Rakkestad,R22,rail,VYG:ServiceJourney:1905-LOD_452016-R,True,planned,False,,,,,2026-09-05T08:24:10.398942+02:00
NSR:StopPlace:60017,Slitu stasjon,2026-09-05T08:50:00+02:00,2026-09-05T08:50:00+02:00,,0.0,0,Rakkestad,VYG:Line:R22,Skøyen-Oslo S-Mysen-Rakkestad,R22,rail,VYG:ServiceJourney:1907_443443-R,True,planned,False,,,,,2026-09-05T08:24:10.398942+02:00
NSR:StopPlace:60017,Slitu stasjon,2026-09-05T09:04:00+02:00,2026-09-05T09:04:00+02:00,,0.0,0,Oslo S,VYG:Line:R22,Skøyen-Oslo S-Mysen-Rakkestad,R22,rail,VYG:ServiceJourney:1912_443451-R,True,planned,False,,,,,2026-09-05T08:24:10.398942+02:00
NSR:StopPlace:60016,Kråkstad stasjon,2026-09-05T08:36:00+02:00,2026-09-05T08:36:00+02:00,,0.0,0,Oslo S,VYG:Line:R22,Skøyen-Oslo S-Mysen-Rakkestad,R22,rail,VYG:ServiceJourney:1910_443447-R,True,planned,False,,,,,2026-09-05T08:24:10.398942+02:00
NSR:StopPlace:60016,Kråkstad stasjon,2026-09-05T09:18:00+02:00,2026-09-05T09:18:00+02:00,,0.0,0,Rakkestad,VYG:Line:R22,Skøyen-Oslo S-Mysen-Rakkestad,R22,rail,VYG:ServiceJourney:1909_443446-R,True,planned,False,,,,,2026-09-05T08:24:10.398942+02:00
NSR:StopPlace:60049,Hønefoss stasjon,2026-09-05T08:45:00+02:00,2026-09-05T08:45:00+02:00,,0.0,0,Bergen,VYG:Line:F4,Oslo S-Bergen,F4,rail,VYG:ServiceJourney:BUS-61_652380-R,True,planned,False,,,,,2026-09-05T08:24:10.398942+02:00
NSR:StopPlace:60049,Hønefoss stasjon,2026-09-05T08:45:00+02:00,2026-09-05T08:45:00+02:00,,0.0,0,Bergen,VYG:Line:F4,Oslo S-Bergen,F4,rail,VYG:ServiceJourney:BUS-61_652379-R,True,planned,False,,,,,2026-09-05T08:24:10.398942+02:00
NSR:StopPlace:60047,Melhus skysstasjon,2026-09-05T08:26:00+02:00,2026-09-05T08:26:00+02:00,,0.0,0,B Dora via Ekra-Tillerterminalen,ATB:Line:2_71,MelhusSkyss-Trondheim,71,bus,ATB:ServiceJourney:71_251215112545715_6010,True,planned,False,,,,,2026-09-05T08:24:10.398942+02:00
NSR:StopPlace:60047,Melhus skysstasjon,2026-09-05T08:46:00+02:00,2026-09-05T08:46:00+02:00,,0.0,0,Steinkjer,SJN:Line:26,Trønderbanen,R70,rail,SJN:ServiceJourney:429_56089-R,True,planned,False,,,,,2026-09-05T08:24:10.398942+02:00
NSR:StopPlace:60047,Melhus skysstasjon,2026-09-05T08:53:00+02:00,2026-09-05T08:53:00+02:00,,0.0,0,Brekkåsen,ATB:Line:2_82,Hesttrøa-Brekkåsen,82,bus,ATB:ServiceJourney:82_251215112550780_6011,True,planned,False,Linje 82 og 504,Avvikende kjøring for linje 82 og 504 pga Hølondvegen er stengt. ,general,normal,2026-09-05T08:24:10.398942+02:00
NSR:StopPlace:60047,Melhus skysstasjon,2026-09-05T08:56:00+02:00,2026-09-05T08:56:00+02:00,,0.0,0,Dora via E6 - City Syd E6,ATB:Line:2_71,MelhusSkyss-Trondheim,71,bus,ATB:ServiceJourney:71_251215112545622_6012,True,planned,False,,,,,2026-09-05T08:24:10.398942+02:00
NSR:StopPlace:60047,Melhus skysstasjon,2026-09-05T09:09:00+02:00,2026-09-05T09:09:00+02:00,,0.0,0,Trondheim S,SJN:Line:25,Rørosbanen,R60,rail,SJN:ServiceJourney:413_40624-R,True,planned,False,,,,,2026-09-05T08:24:10.398942+02:00
NSR:StopPlace:60047,Melhus skysstasjon,2026-09-05T09:23:00+02:00,2026-09-05T09:23:00+02:00,,0.0,0,Brekkåsen,ATB:Line:2_82,Hesttrøa-Brekkåsen,82,bus,ATB:ServiceJourney:82_251215112550777_6013,True,planned,False,Linje 82 og 504,Avvikende kjøring for linje 82 og 504 pga Hølondvegen er stengt. ,general,normal,2026-09-05T08:24:10.398942+02:00
NSR:StopPlace:60045,Hamar stasjon,2026-09-05T08:52:00+02:00,2026-09-05T08:52:00+02:00,,0.0,0,Lillehammer,VYG:Line:RE10,Drammen-Oslo S-Lillehammer,RE10,rail,VYG:ServiceJourney:307-SUD_444139-R,True,planned,False,,,,,2026-09-05T08:24:10.398942+02:00
NSR:StopPlace:60045,Hamar stasjon,2026-09-05T09:11:00+02:00,2026-09-05T09:11:00+02:00,,0.0,0,Drammen,VYG:Line:RE10,Drammen-Oslo S-Lillehammer,RE10,rail,VYG:ServiceJourney:310-LHM_444152-R,True,planned,False,,,,,2026-09-05T08:24:10.398942+02:00
NSR:StopPlace:60045,Hamar stasjon,2026-09-05T09:12:00+02:00,2026-09-05T09:12:00+02:00,,0.0,0,Trondheim S,SJN:Line:21,Dovrebanen,F6,rail,SJN:ServiceJourney:43-LOD_47893-R,True,planned,False,,,,,2026-09-05T08:24:10.398942+02:00
NSR:StopPlace:60053,Halden stasjon,2026-09-05T08:46:00+02:00,2026-09-05T08:46:00+02:00,,0.0,0,Halden sentrum,OST:Line:1_34,Remmen-Sykehuset,34,bus,OST:ServiceJourney:34_260325121472311_602,True,planned,False,,,,,2026-09-05T08:24:10.398942+02:00
NSR:StopPlace:60053,Halden stasjon,2026-09-05T09:03:00+02:00,2026-09-05T09:03:00+02:00,,0.0,0,Oslo S,VYG:Line:RE20,Oslo S-Halden-Göteborg (X-Border),RE20,rail,VYG:ServiceJourney:112_442995-R,True,planned,False,,,,,2026-09-05T08:24:10.398942+02:00
NSR:StopPlace:60053,Halden stasjon,2026-09-05T09:08:00+02:00,2026-09-05T09:08:00+02:00,,0.0,0,Halden sentrum,OST:Line:1_35,Næridsrød - Tistedal,35,bus,OST:ServiceJourney:35_260325121472365_604,True,planned,False,,,,,2026-09-05T08:24:10.398942+02:00
NSR:StopPlace:60053,Halden stasjon,2026-09-05T09:22:00+02:00,2026-09-05T09:22:00+02:00,,0.0,0,Halden sentrum,OST:Line:1_32,Brekkerød-Stenrød,32,bus,OST:ServiceJourney:32_260325121472788_601,True,planned,False,,,,,2026-09-05T08:24:10.398942+02:00
NSR:StopPlace:60077,Støren stasjon,2026-09-05T08:37:00+02:00,2026-09-05T08:37:00+02:00,,0.0,0,Trondheim S,SJN:Line:25,Rørosbanen,R60,rail,SJN:ServiceJourney:413_40624-R,True,planned,False,,,,,2026-09-05T08:24:10.398942+02:00
NSR:StopPlace:59091,Storekvina stasjon,2026-09-05T08:42:00+02:00,2026-09-05T08:42:00+02:00,,0.0,0,Oslo S,GOA:Line:50,Sørtoget region,F5,rail,GOA:ServiceJourney:706-KVB_68388-R,True,planned,False,,,,,2026-09-05T08:24:10.398942+02:00
NSR:StopPlace:59092,Gyland stasjon,2026-09-05T08:36:00+02:00,2026-09-05T08:36:00+02:00,,0.0,0,Oslo S,GOA:Line:50,Sørtoget region,F5,rail,GOA:ServiceJourney:706-KVB_68388-R,True,planned,False,,,,,2026-09-05T08:24:10.398942+02:00
NSR:StopPlace:59243,Mo i Rana stasjon,2026-09-05T09:12:00+02:00,2026-09-05T09:12:00+02:00,,0.0,0,Båsmobakken,NOR:Line:12_8371,Grubbåsen - Båsmobakken/Skillevollen,1,bus,NOR:ServiceJourney:8371_251012124858501_3001,True,planned,False,,,,,2026-09-05T08:24:10.398942+02:00
NSR:StopPlace:59243,Mo i Rana stasjon,2026-09-05T09:12:00+02:00,2026-09-05T09:12:00+02:00,,0.0,0,Sykehuset Mo,NOR:Line:12_8372,Kvernkroken - Sykehuset Mo,2,bus,NOR:ServiceJourney:8372_251012124855376_3001,True,planned,False,,,,,2026-09-05T08:24:10.398942+02:00
NSR:StopPlace:59261,Trondheim lufthavn,2026-09-05T06:35:00+02:00,2026-09-05T06:27:00+02:00,,0.0,0,Oslo,AVI:Line:DY_OSL-TRD,Oslo-Trondheim,,air,AVI:ServiceJourney:DY741-01-416742281,True,expected,False,,,,,2026-09-05T08:24:10.398942+02:00
NSR:StopPlace:59261,Trondheim lufthavn,2026-09-05T07:00:00+02:00,2026-09-05T06:44:00+02:00,,0.0,0,Oslo,AVI:Line:SK_OSL-TRD,Oslo-Trondheim,,air,AVI:ServiceJourney:SK341-02-465081146,True,expected,False,,,,,2026-09-05T08:24:10.398942+02:00
NSR:StopPlace:59261,Trondheim lufthavn,2026-09-05T08:00:00+02:00,2026-09-05T07:53:00+02:00,,0.0,0,Oslo,AVI:Line:DY_OSL-TRD,Oslo-Trondheim,,air,AVI:ServiceJourney:DY749-01-416742281,True,expected,False,,,,,2026-09-05T08:24:10.398942+02:00
NSR:StopPlace:59261,Trondheim lufthavn,2026-09-05T08:30:00+02:00,2026-09-05T08:30:00+02:00,,0.0,0,Oslo,AVI:Line:SK_OSL-TRD,Oslo-Trondheim,,air,AVI:ServiceJourney:SK347-03-465081146,True,planned,False,,,,,2026-09-05T08:24:10.398942+02:00
NSR:StopPlace:59261,Trondheim lufthavn,2026-09-05T08:53:00+02:00,2026-09-05T08:53:00+02:00,,0.0,0,Steinkjer,SJN:Line:26,Trønderbanen,R70,rail,SJN:ServiceJourney:427_56087-R,True,planned,False,,,,,2026-09-05T08:24:10.398942+02:00
NSR:StopPlace:59261,Trondheim lufthavn,2026-09-05T09:03:00+02:00,2026-09-05T09:03:00+02:00,,0.0,0,Lundamo,SJN:Line:26,Trønderbanen,R70,rail,SJN:ServiceJourney:426_56055-R,True,planned,False,,,,,2026-09-05T08:24:10.398942+02:00
NSR:StopPlace:59261,Trondheim lufthavn,2026-09-05T09:10:00+02:00,2026-09-05T09:10:00+02:00,,0.0,0,Bergen,AVI:Line:WF_BGO-TRD,Bergen-Trondheim,,air,AVI:ServiceJourney:WF1302-03-126351987,True,planned,False,,,,,2026-09-05T08:24:10.398942+02:00
NSR:StopPlace:59261,Trondheim lufthavn,2026-09-05T09:20:00+02:00,2026-09-05T09:20:00+02:00,,0.0,0,Oslo,AVI:Line:DY_OSL-TRD,Oslo-Trondheim,,air,AVI:ServiceJourney:DY751-01-416742281,True,planned,False,,,,,2026-09-05T08:24:10.398942+02:00
NSR:StopPlace:60603,Kongsberg stasjon,2026-09-05T08:35:00+02:00,2026-09-05T08:35:00+02:00,,0.0,0,Eidsvoll,VYG:Line:R12,Kongsberg-Oslo S-Eidsvoll,R12,rail,VYG:ServiceJourney:510_444303-R,True,planned,False,,,,,2026-09-05T08:24:10.398942+02:00
NSR:StopPlace:59620,Grorud stasjon,2026-09-05T06:24:00+02:00,2026-09-05T06:24:00+02:00,,0.0,0,Oslo lufthavn,NBU:Line:cb7b555c-f96e-42d5-84bf-a5e08c0145c2,Radiumhospitalet via Økern-Storo-Tåsen,FB3,bus,NBU:ServiceJourney:7e8f1121-38e8-4f93-8f25-4ee6aec74728,True,planned,False,,,,,2026-09-05T08:24:10.398942+02:00
NSR:StopPlace:59620,Grorud stasjon,2026-09-05T08:23:00+02:00,2026-09-05T08:23:00+02:00,,0.0,0,Lillestrøm,VYG:Line:L1,Spikkestad-Oslo S-Lillestrøm,L1,rail,VYG:ServiceJourney:2214_443606-R,True,planned,False,,,,,2026-09-05T08:24:10.398942+02:00
NSR:StopPlace:59620,Grorud stasjon,2026-09-05T08:27:00+02:00,2026-09-05T08:27:00+02:00,,0.0,0,Spikkestad,VYG:Line:L1,Spikkestad-Oslo S-Lillestrøm,L1,rail,VYG:ServiceJourney:2215_443608-R,True,planned,False,,,,,2026-09-05T08:24:10.398942+02:00
NSR:StopPlace:59620,Grorud stasjon,2026-09-05T08:34:00+02:00,2026-09-05T08:34:00+02:00,,0.0,0,Åsbråten,RUT:Line:79,Grorud T - Åsbråten,79,bus,RUT:ServiceJourney:69ee0990b9a0b8fbb9e50539ad2486cd,True,planned,False,,,,,2026-09-05T08:24:10.398942+02:00
NSR:StopPlace:59620,Grorud stasjon,2026-09-05T08:35:00+02:00,2026-09-05T08:35:00+02:00,,0.0,0,Helsfyr,RUT:Line:66,Helsfyr T - Grorud T,66,bus,RUT:ServiceJourney:39b9a62371e5017087cfde5f09d26939,True,planned,False,,,,,2026-09-05T08:24:10.398942+02:00
NSR:StopPlace:59620,Grorud stasjon,2026-09-05T08:45:00+02:00,2026-09-05T08:45:00+02:00,,0.0,0,Furuset,RUT:Line:65,Furuset T - Stovner T via Smedstua,65,bus,RUT:ServiceJourney:88da87da1f9a70e6d9ea53c08ff5f996,True,planned,False,,,,,2026-09-05T08:24:10.398942+02:00
NSR:StopPlace:59620,Grorud stasjon,2026-09-05T08:47:00+02:00,2026-09-05T08:47:00+02:00,,0.0,0,Grorud T,RUT:Line:66,Helsfyr T - Grorud T,66,bus,RUT:ServiceJourney:c359a21a8c195c61b92c5445668c8ae1,True,planned,False,,,,,2026-09-05T08:24:10.398942+02:00
NSR:StopPlace:59620,Grorud stasjon,2026-09-05T08:53:00+02:00,2026-09-05T08:53:00+02:00,,0.0,0,Lillestrøm,VYG:Line:L1,Spikkestad-Oslo S-Lillestrøm,L1,rail,VYG:ServiceJourney:2216_443609-R,True,planned,False,,,,,2026-09-05T08:24:10.398942+02:00
NSR:StopPlace:59620,Grorud stasjon,2026-09-05T08:57:00+02:00,2026-09-05T08:57:00+02:00,,0.0,0,Spikkestad,VYG:Line:L1,Spikkestad-Oslo S-Lillestrøm,L1,rail,VYG:ServiceJourney:2217_443610-R,True,planned,False,,,,,2026-09-05T08:24:10.398942+02:00
NSR:StopPlace:59620,Grorud stasjon,2026-09-05T08:57:00+02:00,2026-09-05T08:57:00+02:00,,0.0,0,Stovner,RUT:Line:65,Furuset T - Stovner T via Smedstua,65,bus,RUT:ServiceJourney:84fab63035c2db758238ce061a939397,True,planned,False,,,,,2026-09-05T08:24:10.398942+02:00
NSR:StopPlace:59620,Grorud stasjon,2026-09-05T09:23:00+02:00,2026-09-05T09:23:00+02:00,,0.0,0,Lillestrøm,VYG:Line:L1,Spikkestad-Oslo S-Lillestrøm,L1,rail,VYG:ServiceJourney:2218_443612-R,True,planned,False,,,,,2026-09-05T08:24:10.398942+02:00
NSR:StopPlace:59636,Holmlia stasjon,2026-09-05T08:25:00+02:00,2026-09-05T08:25:00+02:00,,0.0,0,Grorud T,RUT:Line:79,Grorud T - Åsbråten,79,bus,RUT:ServiceJourney:61af0549010f8c1a9518794f03596059,True,planned,False,,,,,2026-09-05T08:24:10.398942+02:00
NSR:StopPlace:59636,Holmlia stasjon,2026-09-05T08:27:00+02:00,2026-09-05T08:27:00+02:00,,0.0,0,Bjørndal,RUT:Line:77,Holmlia stasjon - Bjørndal,77,bus,RUT:ServiceJourney:14730298986794f3e71fa151d973c934,True,planned,False,,,,,2026-09-05T08:24:10.398942+02:00
NSR:StopPlace:59636,Holmlia stasjon,2026-09-05T08:29:00+02:00,2026-09-05T08:29:00+02:00,,0.0,0,Ski,VYG:Line:L2,Stabekk-Oslo S-Ski,L2,rail,VYG:ServiceJourney:2713-HVK_699742-R,True,planned,False,,,,,2026-09-05T08:24:10.398942+02:00
NSR:StopPlace:59636,Holmlia stasjon,2026-09-05T08:29:00+02:00,2026-09-05T08:29:00+02:00,,0.0,0,Brenna,RUT:Line:73,Holmlia stasjon - Brenna,73,bus,RUT:ServiceJourney:3808600169956431948b194dc9eb78cc,True,planned,False,,,,,2026-09-05T08:24:10.398942+02:00
NSR:StopPlace:59636,Holmlia stasjon,2026-09-05T08:30:00+02:00,2026-09-05T08:30:00+02:00,,0.0,0,Stabekk,VYG:Line:L2,Stabekk-Oslo S-Ski,L2,rail,VYG:ServiceJourney:2718-SKI_443924-R,True,planned,False,,,,,2026-09-05T08:24:10.398942+02:00
NSR:StopPlace:59636,Holmlia stasjon,2026-09-05T08:44:00+02:00,2026-09-05T08:44:00+02:00,,0.0,0,Brenna,RUT:Line:73,Holmlia stasjon - Brenna,73,bus,RUT:ServiceJourney:3bb6d56394ab1b2838038ee7fee3fab1,True,planned,False,,,,,2026-09-05T08:24:10.398942+02:00
NSR:StopPlace:59637,Rosenholm stasjon,2026-09-05T08:28:00+02:00,2026-09-05T08:28:00+02:00,,0.0,0,Stabekk,VYG:Line:L2,Stabekk-Oslo S-Ski,L2,rail,VYG:ServiceJourney:2718-SKI_443924-R,True,planned,False,,,,,2026-09-05T08:24:10.398942+02:00
NSR:StopPlace:59637,Rosenholm stasjon,2026-09-05T08:31:00+02:00,2026-09-05T08:31:00+02:00,,0.0,0,Ski,VYG:Line:L2,Stabekk-Oslo S-Ski,L2,rail,VYG:ServiceJourney:2713-HVK_699742-R,True,planned,False,,,,,2026-09-05T08:24:10.398942+02:00
NSR:StopPlace:59637,Rosenholm stasjon,2026-09-05T08:58:00+02:00,2026-09-05T08:58:00+02:00,,0.0,0,Stabekk,VYG:Line:L2,Stabekk-Oslo S-Ski,L2,rail,VYG:ServiceJourney:2720-SKI_443927-R,True,planned,False,,,,,2026-09-05T08:24:10.398942+02:00
NSR:StopPlace:59637,Rosenholm stasjon,2026-09-05T09:01:00+02:00,2026-09-05T09:01:00+02:00,,0.0,0,Ski,VYG:Line:L2,Stabekk-Oslo S-Ski,L2,rail,VYG:ServiceJourney:2715-HVK_699747-R,True,planned,False,,,,,2026-09-05T08:24:10.398942+02:00
NSR:StopPlace:59638,Myrvoll stasjon,2026-09-05T07:08:00+02:00,2026-09-05T07:08:00+02:00,,0.0,0,Ski,VYG:Line:L2,Stabekk-Oslo S-Ski,L2,rail,VYG:ServiceJourney:2707-HVK_699728-R,True,planned,False,,,,,2026-09-05T08:24:10.398942+02:00
NSR:StopPlace:59638,Myrvoll stasjon,2026-09-05T07:38:00+02:00,2026-09-05T07:38:00+02:00,,0.0,0,Ski,VYG:Line:L2,Stabekk-Oslo S-Ski,L2,rail,VYG:ServiceJourney:2709-HVK_443915-R,True,planned,False,,,,,2026-09-05T08:24:10.398942+02:00
NSR:StopPlace:59638,Myrvoll stasjon,2026-09-05T08:26:00+02:00,2026-09-05T08:26:00+02:00,,0.0,0,Ski stasjon,RUT:Line:580,Kolbotn - Ski,580,bus,RUT:ServiceJourney:ecad011fc39660c7f3d6f196a3571f96,True,planned,False,,,,,2026-09-05T08:24:10.398942+02:00
NSR:StopPlace:59638,Myrvoll stasjon,2026-09-05T08:35:00+02:00,2026-09-05T08:35:00+02:00,,0.0,0,Filipstad,RUT:Line:81,Fornebu - Myrvoll stasjon,81,bus,RUT:ServiceJourney:f418bfc53904cf403ca89ee425113624,True,planned,False,,,,,2026-09-05T08:24:10.398942+02:00
NSR:StopPlace:59638,Myrvoll stasjon,2026-09-05T08:38:00+02:00,2026-09-05T08:38:00+02:00,,0.0,0,Ski,VYG:Line:L2,Stabekk-Oslo S-Ski,L2,rail,VYG:ServiceJourney:2713-HVK_699742-R,True,planned,False,,,,,2026-09-05T08:24:10.398942+02:00
NSR:StopPlace:59638,Myrvoll stasjon,2026-09-05T08:51:00+02:00,2026-09-05T08:51:00+02:00,,0.0,0,Stabekk,VYG:Line:L2,Stabekk-Oslo S-Ski,L2,rail,VYG:ServiceJourney:2720-SKI_443927-R,True,planned,False,,,,,2026-09-05T08:24:10.398942+02:00
NSR:StopPlace:59638,Myrvoll stasjon,2026-09-05T08:56:00+02:00,2026-09-05T08:56:00+02:00,,0.0,0,Ski stasjon,RUT:Line:580,Kolbotn - Ski,580,bus,RUT:ServiceJourney:630b71ab6b11695bc57216a4c3da8210,True,planned,False,,,,,2026-09-05T08:24:10.398942+02:00
NSR:StopPlace:59638,Myrvoll stasjon,2026-09-05T09:08:00+02:00,2026-09-05T09:08:00+02:00,,0.0,0,Ski,VYG:Line:L2,Stabekk-Oslo S-Ski,L2,rail,VYG:ServiceJourney:2715-HVK_699747-R,True,planned,False,,,,,2026-09-05T08:24:10.398942+02:00
NSR:StopPlace:59638,Myrvoll stasjon,2026-09-05T09:21:00+02:00,2026-09-05T09:21:00+02:00,,0.0,0,Stabekk,VYG:Line:L2,Stabekk-Oslo S-Ski,L2,rail,VYG:ServiceJourney:2722-SKI_443929-R,True,planned,False,,,,,2026-09-05T08:24:10.398942+02:00
NSR:StopPlace:59639,Sonsveien stasjon,2026-09-05T08:25:00+02:00,2026-09-05T08:25:00+02:00,,0.0,0,Store Brevik - Son - Deør,RUT:Line:2545,Son med klokka,545A,bus,RUT:ServiceJourney:c3fa43985040834d6e938d39e6000809,True,planned,False,,,,,2026-09-05T08:24:10.398942+02:00
NSR:StopPlace:59639,Sonsveien stasjon,2026-09-05T08:34:00+02:00,2026-09-05T08:34:00+02:00,,0.0,0,Stabekk,VYG:Line:R21,Stabekk-Oslo S-Moss,R21,rail,VYG:ServiceJourney:1118-MOS_442993-R,True,planned,False,,,,,2026-09-05T08:24:10.398942+02:00
NSR:StopPlace:59639,Sonsveien stasjon,2026-09-05T08:51:00+02:00,2026-09-05T08:51:00+02:00,,0.0,0,Moss,VYG:Line:R21,Stabekk-Oslo S-Moss,R21,rail,VYG:ServiceJourney:1113-HVK_442988-R,True,planned,False,,,,,2026-09-05T08:24:10.398942+02:00
NSR:StopPlace:59639,Sonsveien stasjon,2026-09-05T09:04:00+02:00,2026-09-05T09:04:00+02:00,,0.0,0,Stabekk,VYG:Line:R21,Stabekk-Oslo S-Moss,R21,rail,VYG:ServiceJourney:1120-MOS_442996-R,True,planned,False,,,,,2026-09-05T08:24:10.398942+02:00
NSR:StopPlace:59639,Sonsveien stasjon,2026-09-05T09:09:00+02:00,2026-09-05T09:09:00+02:00,,0.0,0,Moss,RUT:Line:540,Moss - Son - Vestby stasjon,540,bus,RUT:ServiceJourney:16dd1ce58c670fbdcd19bd99b8dbc312,True,planned,False,,,,,2026-09-05T08:24:10.398942+02:00
NSR:StopPlace:59639,Sonsveien stasjon,2026-09-05T09:12:00+02:00,2026-09-05T09:12:00+02:00,,0.0,0,Vestby stasjon,RUT:Line:540,Moss - Son - Vestby stasjon,540,bus,RUT:ServiceJourney:f2860b6c6f7f720acaeb8a92d317e808,True,planned,False,,,,,2026-09-05T08:24:10.398942+02:00
NSR:StopPlace:59639,Sonsveien stasjon,2026-09-05T09:21:00+02:00,2026-09-05T09:21:00+02:00,,0.0,0,Moss,VYG:Line:R21,Stabekk-Oslo S-Moss,R21,rail,VYG:ServiceJourney:1115-HVK_442990-R,True,planned,False,,,,,2026-09-05T08:24:10.398942+02:00
NSR:StopPlace:58951,Bjerka stasjon,2026-09-05T07:25:00+02:00,2026-09-05T07:25:00+02:00,,0.0,0,Mo i Rana,SJN:Line:71,Nordlandsbanen,F7,rail,SJN:ServiceJourney:483_48266-R,True,planned,False,,,,,2026-09-05T08:24:10.398942+02:00
NSR:StopPlace:58951,Bjerka stasjon,2026-09-05T08:31:00+02:00,2026-09-05T08:31:00+02:00,,0.0,0,Trondheim S,SJN:Line:71,Nordlandsbanen,F7,rail,SJN:ServiceJourney:478_42792-R,True,planned,False,,,,,2026-09-05T08:24:10.398942+02:00
NSR:StopPlace:58952,Bodø stasjon,2026-09-05T08:55:00+02:00,2026-09-05T08:54:50+02:00,,0.0,0,Løpsmarka,NOR:Line:12_8004,Tverlandet - Bodø sentrum - Løpsmarka,4,bus,NOR:ServiceJourney:8004_251012124900514_4003,True,expected,False,,,,,2026-09-05T08:24:10.398942+02:00
NSR:StopPlace:58953,Dunderland stasjon,2026-09-05T08:29:00+02:00,2026-09-05T08:29:00+02:00,,0.0,0,Bodø,SJN:Line:71,Nordlandsbanen,F7,rail,SJN:ServiceJourney:473_35127-R,True,planned,False,,,,,2026-09-05T08:24:10.398942+02:00
NSR:StopPlace:58954,Fauske stasjon,2026-09-05T08:35:00+02:00,2026-09-05T08:35:00+02:00,,0.0,0,Narvik - Sortland,NOR:Line:12_8100,Bodø - Fauske - Narvik/Sortland,100,bus,NOR:ServiceJourney:8100_260126119370466_3020,True,planned,False,,,,,2026-09-05T08:24:10.398942+02:00
NSR:StopPlace:58950,Åsen stasjon,2026-09-05T08:36:00+02:00,2026-09-05T08:36:00+02:00,,0.0,0,Lundamo,SJN:Line:26,Trønderbanen,R70,rail,SJN:ServiceJourney:426_56055-R,True,planned,False,,,,,2026-09-05T08:24:10.398942+02:00
NSR:StopPlace:58950,Åsen stasjon,2026-09-05T09:21:00+02:00,2026-09-05T09:21:00+02:00,,0.0,0,Steinkjer,SJN:Line:26,Trønderbanen,R70,rail,SJN:ServiceJourney:427_56087-R,True,planned,False,,,,,2026-09-05T08:24:10.398942+02:00
NSR:StopPlace:58963,Jessheim stasjon,2026-09-05T08:04:14+02:00,2026-09-05T08:04:14+02:00,,0.0,0,Dal,VYG:Line:R13,Drammen-Oslo S-Dal,R13,rail,VYG:ServiceJourney:ae0e1e0a-9f8c-4193-a0a9-5e614f522525-1618-2026-09-05-0,True,planned,False,Vy kjører minibuss på strekningen | Stengt: Dal–Jessheim,"Vy kjører minibuss på strekningen | Dal–Jessheim er stengt for togtrafikk. Du må regne med forsinkelser, og at noen tog kan bli innstilt. Dette skyldes feil på en sporveksel. Bane NOR jobber med å rette feilen. Ny oppdatering kommer 5. september kl. 09:00.",incident | incident,normal | normal,2026-09-05T08:24:10.398942+02:00
NSR:StopPlace:58963,Jessheim stasjon,2026-09-05T08:11:51+02:00,2026-09-05T08:11:51+02:00,,0.0,0,Dal,VYG:Line:R13,Drammen-Oslo S-Dal,R13,rail,VYG:ServiceJourney:e734a875-2232-40ab-8029-551d2c6c578d-1618-2026-09-05-0,True,planned,False,Stengt: Dal–Jessheim | Vy kjører minibuss på strekningen,"Dal–Jessheim er stengt for togtrafikk. Du må regne med forsinkelser, og at noen tog kan bli innstilt. Dette skyldes feil på en sporveksel. Bane NOR jobber med å rette feilen. Ny oppdatering kommer 5. september kl. 09:00. | Vy kjører minibuss på strekningen",incident | incident,normal | normal,2026-09-05T08:24:10.398942+02:00
NSR:StopPlace:58963,Jessheim stasjon,2026-09-05T08:21:00+02:00,2026-09-05T08:21:00+02:00,,0.0,0,Dal,VYG:Line:R13,Drammen-Oslo S-Dal,R13,rail,VYG:ServiceJourney:1611_443232-R,True,planned,False,Minibuss for tog | Stengt: Dal–Jessheim | Innstilt Jessheim–Dal,"Vi har bestilt minibusser. Det kan ta tid før dette er på plass på alle stasjoner, så du må regne med noe ventetid. | Dal–Jessheim er stengt for togtrafikk. Du må regne med forsinkelser, og at noen tog kan bli innstilt. Dette skyldes feil på en sporveksel. Bane NOR jobber med å rette feilen. Ny oppdatering kommer 5. september kl. 09:00. | Toget er innstilt mellom Jessheim og Dal. Dette skyldes feil på en sporveksel.",incident | incident | incident,normal | normal | normal,2026-09-05T08:24:10.398942+02:00
NSR:StopPlace:58963,Jessheim stasjon,2026-09-05T08:21:00+02:00,2026-09-05T08:21:00+02:00,,0.0,0,Dal stasjon,VYG:Line:R13,Drammen-Oslo S-Dal,R13,rail,VYG:ServiceJourney:3c6c46bc-0278-4a7b-8846-6b0ed7745ced-1611-2026-09-05-0,True,planned,False,Stengt: Dal–Jessheim | Vy kjører minibuss på strekningen,"Dal–Jessheim er stengt for togtrafikk. Du må regne med forsinkelser, og at noen tog kan bli innstilt. Dette skyldes feil på en sporveksel. Bane NOR jobber med å rette feilen. Ny oppdatering kommer 5. september kl. 09:00. | Vy kjører minibuss på strekningen",incident | incident,normal | normal,2026-09-05T08:24:10.398942+02:00
NSR:StopPlace:58963,Jessheim stasjon,2026-09-05T08:25:00+02:00,2026-09-05T08:25:00+02:00,,0.0,0,Eidsvoll,RUT:Line:430,Eidsvoll - Jessheim,430,bus,RUT:ServiceJourney:8d8aa4b5e4856bf6835ed519a11950b2,True,planned,False,,,,,2026-09-05T08:24:10.398942+02:00
NSR:StopPlace:58963,Jessheim stasjon,2026-09-05T08:33:00+02:00,2026-09-05T08:33:00+02:00,,0.0,0,Kopperud,RUT:Line:420,Maura -  Jessheim,420,bus,RUT:ServiceJourney:5c4e448c86dd8ed7ef29b4cb1e1f5a31,True,planned,False,,,,,2026-09-05T08:24:10.398942+02:00
NSR:StopPlace:58963,Jessheim stasjon,2026-09-05T08:52:14+02:00,2026-09-05T08:52:14+02:00,,0.0,0,Dal,VYG:Line:R13,Drammen-Oslo S-Dal,R13,rail,VYG:ServiceJourney:ae0e1e0a-9f8c-4193-a0a9-5e614f522525-1618-2026-09-05-2,True,planned,False,Stengt: Dal–Jessheim | Vy kjører minibuss på strekningen,"Dal–Jessheim er stengt for togtrafikk. Du må regne med forsinkelser, og at noen tog kan bli innstilt. Dette skyldes feil på en sporveksel. Bane NOR jobber med å rette feilen. Ny oppdatering kommer 5. september kl. 09:00. | Vy kjører minibuss på strekningen",incident | incident,normal | normal,2026-09-05T08:24:10.398942+02:00
NSR:StopPlace:58963,Jessheim stasjon,2026-09-05T08:58:00+02:00,2026-09-05T08:58:00+02:00,,0.0,0,Nordkisa,RUT:Line:440,Fenstad/Nordkisa - Oslo lufthavn,440,bus,RUT:ServiceJourney:264ad685f936d06aa1ecfc181834aac2,True,planned,False,,,,,2026-09-05T08:24:10.398942+02:00
NSR:StopPlace:58963,Jessheim stasjon,2026-09-05T08:59:51+02:00,2026-09-05T08:59:51+02:00,,0.0,0,Dal,VYG:Line:R13,Drammen-Oslo S-Dal,R13,rail,VYG:ServiceJourney:e734a875-2232-40ab-8029-551d2c6c578d-1618-2026-09-05-2,True,planned,False,Stengt: Dal–Jessheim | Vy kjører minibuss på strekningen,"Dal–Jessheim er stengt for togtrafikk. Du må regne med forsinkelser, og at noen tog kan bli innstilt. Dette skyldes feil på en sporveksel. Bane NOR jobber med å rette feilen. Ny oppdatering kommer 5. september kl. 09:00. | Vy kjører minibuss på strekningen",incident | incident,normal | normal,2026-09-05T08:24:10.398942+02:00
NSR:StopPlace:58963,Jessheim stasjon,2026-09-05T09:01:00+02:00,2026-09-05T09:01:00+02:00,,0.0,0,Oslo lufthavn,RUT:Line:440,Fenstad/Nordkisa - Oslo lufthavn,440,bus,RUT:ServiceJourney:e3ac852e73648ccade613babff2550d3,True,planned,False,,,,,2026-09-05T08:24:10.398942+02:00
NSR:StopPlace:58963,Jessheim stasjon,2026-09-05T09:21:00+02:00,2026-09-05T09:21:00+02:00,,0.0,0,Dal,VYG:Line:R13,Drammen-Oslo S-Dal,R13,rail,VYG:ServiceJourney:1615_443244-R,True,planned,False,Stengt: Dal–Jessheim,"Dal–Jessheim er stengt for togtrafikk. Du må regne med forsinkelser, og at noen tog kan bli innstilt. Dette skyldes feil på en sporveksel. Bane NOR jobber med å rette feilen. Ny oppdatering kommer 5. september kl. 09:00.",incident,normal,2026-09-05T08:24:10.398942+02:00
NSR:StopPlace:58964,Kløfta stasjon,2026-09-05T08:44:00+02:00,2026-09-05T08:44:00+02:00,,0.0,0,Dal,VYG:Line:R13,Drammen-Oslo S-Dal,R13,rail,VYG:ServiceJourney:1613_443238-R,True,planned,False,,,,,2026-09-05T08:24:10.398942+02:00
NSR:StopPlace:58964,Kløfta stasjon,2026-09-05T08:44:00+02:00,2026-09-05T08:44:00+02:00,,0.0,0,Drammen,VYG:Line:R13,Drammen-Oslo S-Dal,R13,rail,VYG:ServiceJourney:1616_481143-R,True,planned,False,,,,,2026-09-05T08:24:10.398942+02:00
NSR:StopPlace:58964,Kløfta stasjon,2026-09-05T08:51:00+02:00,2026-09-05T08:51:00+02:00,,0.0,0,Kløfta,RUT:Line:425,Kløfta – Oslo lufthavn,425,bus,RUT:ServiceJourney:67ca3fbcb8d55aed80dec49ece52a5c5,True,planned,False,,,,,2026-09-05T08:24:10.398942+02:00
NSR:StopPlace:58964,Kløfta stasjon,2026-09-05T09:14:00+02:00,2026-09-05T09:14:00+02:00,,0.0,0,Dal,VYG:Line:R13,Drammen-Oslo S-Dal,R13,rail,VYG:ServiceJourney:1615_443244-R,True,planned,False,,,,,2026-09-05T08:24:10.398942+02:00
NSR:StopPlace:58964,Kløfta stasjon,2026-09-05T09:14:00+02:00,2026-09-05T09:14:00+02:00,,0.0,0,Drammen,VYG:Line:R13,Drammen-Oslo S-Dal,R13,rail,VYG:ServiceJourney:1618_443252-R,True,planned,False,,,,,2026-09-05T08:24:10.398942+02:00
NSR:StopPlace:58966,Porsgrunn stasjon,2026-09-05T08:47:00+02:00,2026-09-05T08:47:00+02:00,,0.0,0,Eidsvoll,VYG:Line:RE11,Eidsvoll-Oslo S-Skien,RE11,rail,VYG:ServiceJourney:90810_646817-R,True,planned,False,Heis på Porsgrunn ute av drift,Heisen på Porsgrunn til spor 2 er ute av drift.,general,normal,2026-09-05T08:24:10.398942+02:00
NSR:StopPlace:58966,Porsgrunn stasjon,2026-09-05T09:15:00+02:00,2026-09-05T09:15:00+02:00,,0.0,0,Skien,VYG:Line:RE11,Eidsvoll-Oslo S-Skien,RE11,rail,VYG:ServiceJourney:90805_646812-R,True,planned,False,Heis på Porsgrunn ute av drift,Heisen på Porsgrunn til spor 2 er ute av drift.,general,normal,2026-09-05T08:24:10.398942+02:00
NSR:StopPlace:58960,Trofors stasjon,2026-09-05T09:07:00+02:00,2026-09-05T09:07:00+02:00,,0.0,0,Mosjøen stasjon,NOR:Line:12_8231,Susendal-Hattfjelldal-Trofors-,231,bus,NOR:ServiceJourney:8231_251111096187195_3001,True,planned,False,,,,,2026-09-05T08:24:10.398942+02:00
NSR:StopPlace:58961,Skonseng stasjon,2026-09-05T08:07:00+02:00,2026-09-05T08:07:00+02:00,,0.0,0,Bodø,SJN:Line:71,Nordlandsbanen,F7,rail,SJN:ServiceJourney:473_35127-R,True,planned,False,,,,,2026-09-05T08:24:10.398942+02:00
NSR:StopPlace:58971,Mosjøen stasjon,2026-09-05T09:16:00+02:00,2026-09-05T09:16:00+02:00,,0.0,0,Trondheim S,SJN:Line:71,Nordlandsbanen,F7,rail,SJN:ServiceJourney:478_42792-R,True,planned,False,,,,,2026-09-05T08:24:10.398942+02:00
NSR:StopPlace:58972,Lønsdal stasjon,2026-09-05T09:17:00+02:00,2026-09-05T09:17:00+02:00,,0.0,0,Bodø,SJN:Line:71,Nordlandsbanen,F7,rail,SJN:ServiceJourney:473_35127-R,True,planned,False,,,,,2026-09-05T08:24:10.398942+02:00
NSR:StopPlace:58917,Marnardal stasjon,2026-09-05T09:13:00+02:00,2026-09-05T09:13:00+02:00,,0.0,0,Oslo S,GOA:Line:50,Sørtoget region,F5,rail,GOA:ServiceJourney:706-KVB_68388-R,True,planned,False,,,,,2026-09-05T08:24:10.398942+02:00
NSR:StopPlace:58918,Nodeland stasjon,2026-09-05T08:51:00+02:00,2026-09-05T08:51:00+02:00,,0.0,0,Høllen,AKT:Line:1048,Høllen - Nodelandsheia,48,bus,AKT:ServiceJourney:100728_6112_22_63240_64560_1099022,True,planned,False,,,,,2026-09-05T08:24:10.398942+02:00
NSR:StopPlace:58919,Sira stasjon,2026-09-05T08:25:00+02:00,2026-09-05T08:25:00+02:00,,0.0,0,Oslo S,GOA:Line:50,Sørtoget region,F5,rail,GOA:ServiceJourney:706-KVB_68388-R,True,planned,False,,,,,2026-09-05T08:24:10.398942+02:00
NSR:StopPlace:58920,Snartemo stasjon,2026-09-05T08:53:00+02:00,2026-09-05T08:53:00+02:00,,0.0,0,Oslo S,GOA:Line:50,Sørtoget region,F5,rail,GOA:ServiceJourney:706-KVB_68388-R,True,planned,False,,,,,2026-09-05T08:24:10.398942+02:00
NSR:StopPlace:58921,Vennesla stasjon,2026-09-05T08:48:00+02:00,2026-09-05T08:48:00+02:00,,0.0,0,Kristiansand,AKT:Line:31,Kvadraturen - Sødal - Vennesla,31,bus,AKT:ServiceJourney:102302_6132_44_62040_64260_3950001,True,planned,False,,,,,2026-09-05T08:24:10.398942+02:00
NSR:StopPlace:58921,Vennesla stasjon,2026-09-05T09:23:00+02:00,2026-09-05T09:23:00+02:00,,0.0,0,Kristiansand via Mosby,AKT:Line:30,Kvadraturen - Mosby - Vennesl,30,bus,AKT:ServiceJourney:102072_6112_48_65640_68400_40001545,True,planned,False,,,,,2026-09-05T08:24:10.398942+02:00
NSR:StopPlace:58924,Bryne stasjon,2026-09-05T09:10:00+02:00,2026-09-05T09:10:00+02:00,,0.0,0,Lyefjell,KOL:Line:8_2017,50,50,bus,KOL:ServiceJourney:2017_260407061524777_4001,True,planned,False,,,,,2026-09-05T08:24:10.398942+02:00
NSR:StopPlace:58925,Gausel stasjon,2026-09-05T08:25:00+02:00,2026-09-05T08:24:09+02:00,,0.0,0,Forus,KOL:Line:8_1003,2,2,bus,KOL:ServiceJourney:1003_251008123077898_3003,True,expected,False,,,,,2026-09-05T08:24:10.398942+02:00
NSR:StopPlace:58925,Gausel stasjon,2026-09-05T08:36:00+02:00,2026-09-05T08:34:53+02:00,,0.0,0,Sandnes,KOL:Line:8_1007,6,6,bus,KOL:ServiceJourney:1007_260729080905542_3003,True,expected,False,,,,,2026-09-05T08:24:10.398942+02:00
NSR:StopPlace:58925,Gausel stasjon,2026-09-05T08:40:00+02:00,2026-09-05T08:39:42+02:00,,0.0,0,Sandnes,KOL:Line:8_1001,1,1,bus,KOL:ServiceJourney:1001_251008118355576_3005,True,expected,False,,,,,2026-09-05T08:24:10.398942+02:00
NSR:StopPlace:58926,Dale stasjon,2026-09-05T08:04:00+02:00,2026-09-05T08:04:00+02:00,,0.0,0,Bergen,VYG:Line:R40,Bergen-Voss-Myrdal-Ål,R40,rail,VYG:ServiceJourney:BUS-1811_659334-R,True,planned,False,,,,,2026-09-05T08:24:10.398942+02:00
NSR:StopPlace:58926,Dale stasjon,2026-09-05T09:15:00+02:00,2026-09-05T09:15:00+02:00,,0.0,0,Mo,SKY:Line:923,Modalen - Dale,923,bus,SKY:ServiceJourney:923-185768-18016424,True,planned,False,,,,,2026-09-05T08:24:10.398942+02:00
NSR:StopPlace:58927,Flåm stasjon,2026-09-05T08:20:00+02:00,2026-09-05T08:20:00+02:00,,0.0,0,Myrdal,VYG:Line:R45,Myrdal-Flåm,R45,rail,VYG:ServiceJourney:1852_465770-R,True,planned,False,,,,,2026-09-05T08:24:10.398942+02:00
NSR:StopPlace:58930,Larvik stasjon,2026-09-05T08:00:00+02:00,2026-09-05T08:00:00+02:00,,0.0,0,Skien stasjon,VYG:Line:RE11,Eidsvoll-Oslo S-Skien,RE11,rail,VYG:ServiceJourney:96d67fdf-0fc3-4d48-8754-1b725e83c1fc-90883-2026-09-05-0,True,planned,False,,,,,2026-09-05T08:24:10.398942+02:00
NSR:StopPlace:58930,Larvik stasjon,2026-09-05T08:37:00+02:00,2026-09-05T08:37:00+02:00,,0.0,0,Larvik-Sandefjord,VKT:Line:3,Busk-Sandefjord-Larvik-Veldre,3,bus,VKT:ServiceJourney:17571,True,planned,False,,,,,2026-09-05T08:24:10.398942+02:00
NSR:StopPlace:58930,Larvik stasjon,2026-09-05T08:40:00+02:00,2026-09-05T08:40:00+02:00,,0.0,0,Stavern-Kysthospitalet,VKT:Line:4,Torp-Sandefjord-Larvik-Stavern,4,bus,VKT:ServiceJourney:17640,True,planned,False,,,,,2026-09-05T08:24:10.398942+02:00
NSR:StopPlace:58930,Larvik stasjon,2026-09-05T09:02:00+02:00,2026-09-05T09:02:00+02:00,,0.0,0,Eidsvoll,VYG:Line:RE11,Eidsvoll-Oslo S-Skien,RE11,rail,VYG:ServiceJourney:90810_646817-R,True,planned,False,,,,,2026-09-05T08:24:10.398942+02:00
NSR:StopPlace:58930,Larvik stasjon,2026-09-05T09:03:00+02:00,2026-09-05T09:03:00+02:00,,0.0,0,Skien,VYG:Line:RE11,Eidsvoll-Oslo S-Skien,RE11,rail,VYG:ServiceJourney:90805_646812-R,True,planned,False,,,,,2026-09-05T08:24:10.398942+02:00
NSR:StopPlace:58930,Larvik stasjon,2026-09-05T09:05:00+02:00,2026-09-05T09:05:00+02:00,,0.0,0,Larvik-Nordbyen,VKT:Line:81,Nordbyen-Nevlunghavn,81,bus,VKT:ServiceJourney:18151,True,planned,False,,,,,2026-09-05T08:24:10.398942+02:00
NSR:StopPlace:58930,Larvik stasjon,2026-09-05T09:09:00+02:00,2026-09-05T09:09:00+02:00,,0.0,0,Veldre,VKT:Line:3,Busk-Sandefjord-Larvik-Veldre,3,bus,VKT:ServiceJourney:17502,True,planned,False,,,,,2026-09-05T08:24:10.398942+02:00
NSR:StopPlace:58931,Fannrem stasjon,2026-09-05T08:55:00+02:00,2026-09-05T08:55:00+02:00,,0.0,0,Trondheim S via Orkanger skysst.,ATB:Line:2_310,Trondheim - Orkanger - Fannrem,310,bus,ATB:ServiceJourney:310_260106098639838_6003,True,planned,False,,,,,2026-09-05T08:24:10.398942+02:00
NSR:StopPlace:58932,Hommelvik stasjon,2026-09-05T08:44:00+02:00,2026-09-05T08:44:00+02:00,,0.0,0,Steinkjer,SJN:Line:26,Trønderbanen,R70,rail,SJN:ServiceJourney:427_56087-R,True,planned,False,,,,,2026-09-05T08:24:10.398942+02:00
NSR:StopPlace:58932,Hommelvik stasjon,2026-09-05T09:12:00+02:00,2026-09-05T09:12:00+02:00,,0.0,0,Lundamo,SJN:Line:26,Trønderbanen,R70,rail,SJN:ServiceJourney:426_56055-R,True,planned,False,,,,,2026-09-05T08:24:10.398942+02:00
NSR:StopPlace:58933,Hegra stasjon,2026-09-05T07:43:00+02:00,2026-09-05T07:43:00+02:00,,0.0,0,Storlien,SJN:Line:72,Meråkerbanen,R71,rail,SJN:ServiceJourney:1303_53534-R,True,planned,False,,,,,2026-09-05T08:24:10.398942+02:00
NSR:StopPlace:58935,Levanger stasjon,2026-09-05T08:44:00+02:00,2026-09-05T08:44:00+02:00,,0.0,0,Steinkjer,SJN:Line:26,Trønderbanen,R70,rail,SJN:ServiceJourney:425_56054-R,True,planned,False,,,,,2026-09-05T08:24:10.398942+02:00
NSR:StopPlace:58935,Levanger stasjon,2026-09-05T09:15:00+02:00,2026-09-05T09:15:00+02:00,,0.0,0,Bodø,SJN:Line:71,Nordlandsbanen,F7,rail,SJN:ServiceJourney:471_46158-R,True,planned,False,,,,,2026-09-05T08:24:10.398942+02:00
NSR:StopPlace:58936,Skatval stasjon,2026-09-05T08:52:00+02:00,2026-09-05T08:52:00+02:00,,0.0,0,Lundamo,SJN:Line:26,Trønderbanen,R70,rail,SJN:ServiceJourney:426_56055-R,True,planned,False,,,,,2026-09-05T08:24:10.398942+02:00
NSR:StopPlace:58936,Skatval stasjon,2026-09-05T09:06:00+02:00,2026-09-05T09:06:00+02:00,,0.0,0,Steinkjer,SJN:Line:26,Trønderbanen,R70,rail,SJN:ServiceJourney:427_56087-R,True,planned,False,,,,,2026-09-05T08:24:10.398942+02:00
NSR:StopPlace:58948,Stjørdal stasjon,2026-09-05T08:27:00+02:00,2026-09-05T08:27:00+02:00,,0.0,0,Remyra via Stokkanvegen,ATB:Line:2_91,91 StjørdalSt-Remyrv.,91,bus,ATB:ServiceJourney:91_260220075617415_6006,True,planned,False,,,,,2026-09-05T08:24:10.398942+02:00
NSR:StopPlace:58948,Stjørdal stasjon,2026-09-05T08:32:00+02:00,2026-09-05T08:32:00+02:00,,0.0,0,Husbyåsen via Terrassehusene,ATB:Line:2_92,92 StjørdalSt-HusbySnu.,92,bus,ATB:ServiceJourney:92_260219106442284_6004,True,planned,False,,,,,2026-09-05T08:24:10.398942+02:00
NSR:StopPlace:58948,Stjørdal stasjon,2026-09-05T08:46:00+02:00,2026-09-05T08:46:00+02:00,,0.0,0,Marienborg via Brattøra,ATB:Line:2_70,Stjørdal/Hommelvik- Trondheim,70,bus,ATB:ServiceJourney:70_251215112547026_6016,True,planned,False,,,,,2026-09-05T08:24:10.398942+02:00
NSR:StopPlace:58948,Stjørdal stasjon,2026-09-05T09:00:00+02:00,2026-09-05T09:00:00+02:00,,0.0,0,Steinkjer,SJN:Line:26,Trønderbanen,R70,rail,SJN:ServiceJourney:427_56087-R,True,planned,False,,,,,2026-09-05T08:24:10.398942+02:00
NSR:StopPlace:58948,Stjørdal stasjon,2026-09-05T09:00:00+02:00,2026-09-05T09:00:00+02:00,,0.0,0,Lundamo,SJN:Line:26,Trønderbanen,R70,rail,SJN:ServiceJourney:426_56055-R,True,planned,False,,,,,2026-09-05T08:24:10.398942+02:00
NSR:StopPlace:58797,Mysen stasjon,2026-09-05T08:59:00+02:00,2026-09-05T08:59:00+02:00,,0.0,0,Rakkestad,VYG:Line:R22,Skøyen-Oslo S-Mysen-Rakkestad,R22,rail,VYG:ServiceJourney:1907_443443-R,True,planned,False,,,,,2026-09-05T08:24:10.398942+02:00
NSR:StopPlace:58797,Mysen stasjon,2026-09-05T09:00:00+02:00,2026-09-05T09:00:00+02:00,,0.0,0,Oslo S,VYG:Line:R22,Skøyen-Oslo S-Mysen-Rakkestad,R22,rail,VYG:ServiceJourney:1912_443451-R,True,planned,False,,,,,2026-09-05T08:24:10.398942+02:00
NSR:StopPlace:58798,Rakkestad stasjon,2026-09-05T08:45:00+02:00,2026-09-05T08:45:00+02:00,,0.0,0,Oslo S,VYG:Line:R22,Skøyen-Oslo S-Mysen-Rakkestad,R22,rail,VYG:ServiceJourney:1912_443451-R,True,planned,False,,,,,2026-09-05T08:24:10.398942+02:00
NSR:StopPlace:58799,Rygge stasjon,2026-09-05T08:54:00+02:00,2026-09-05T08:54:00+02:00,,0.0,0,Göteborg C,VYG:Line:RE20,Oslo S-Halden-Göteborg (X-Border),RE20,rail,VYG:ServiceJourney:107-385_465652-R,True,planned,False,,,,,2026-09-05T08:24:10.398942+02:00
NSR:StopPlace:58799,Rygge stasjon,2026-09-05T09:05:00+02:00,2026-09-05T09:05:00+02:00,,0.0,0,Oslo S,VYG:Line:RE20,Oslo S-Halden-Göteborg (X-Border),RE20,rail,VYG:ServiceJourney:110-HLD_451934-R,True,planned,False,,,,,2026-09-05T08:24:10.398942+02:00
NSR:StopPlace:58790,Verdal stasjon,2026-09-05T08:58:00+02:00,2026-09-05T08:58:00+02:00,,0.0,0,Steinkjer,SJN:Line:26,Trønderbanen,R70,rail,SJN:ServiceJourney:425_56054-R,True,planned,False,,,,,2026-09-05T08:24:10.398942+02:00
NSR:StopPlace:58793,Askim stasjon,2026-09-05T08:45:00+02:00,2026-09-05T08:45:00+02:00,,0.0,0,Rakkestad,VYG:Line:R22,Skøyen-Oslo S-Mysen-Rakkestad,R22,rail,VYG:ServiceJourney:1907_443443-R,True,planned,False,,,,,2026-09-05T08:24:10.398942+02:00
NSR:StopPlace:58793,Askim stasjon,2026-09-05T09:10:00+02:00,2026-09-05T09:10:00+02:00,,0.0,0,Oslo S,VYG:Line:R22,Skøyen-Oslo S-Mysen-Rakkestad,R22,rail,VYG:ServiceJourney:1912_443451-R,True,planned,False,,,,,2026-09-05T08:24:10.398942+02:00
NSR:StopPlace:58794,Fredrikstad stasjon,2026-09-05T08:45:00+02:00,2026-09-05T08:45:00+02:00,,0.0,0,Oslo S,VYG:Line:RE20,Oslo S-Halden-Göteborg (X-Border),RE20,rail,VYG:ServiceJourney:110-HLD_451934-R,True,planned,False,,,,,2026-09-05T08:24:10.398942+02:00
NSR:StopPlace:58794,Fredrikstad stasjon,2026-09-05T09:14:00+02:00,2026-09-05T09:14:00+02:00,,0.0,0,Göteborg C,VYG:Line:RE20,Oslo S-Halden-Göteborg (X-Border),RE20,rail,VYG:ServiceJourney:107-385_465652-R,True,planned,False,,,,,2026-09-05T08:24:10.398942+02:00
NSR:StopPlace:58795,Kambo stasjon,2026-09-05T08:30:00+02:00,2026-09-05T08:30:00+02:00,,0.0,0,Stabekk,VYG:Line:R21,Stabekk-Oslo S-Moss,R21,rail,VYG:ServiceJourney:1118-MOS_442993-R,True,planned,False,,,,,2026-09-05T08:24:10.398942+02:00
NSR:StopPlace:58795,Kambo stasjon,2026-09-05T08:54:00+02:00,2026-09-05T08:54:00+02:00,,0.0,0,Vestby stasjon,RUT:Line:540,Moss - Son - Vestby stasjon,540,bus,RUT:ServiceJourney:f2860b6c6f7f720acaeb8a92d317e808,True,planned,False,,,,,2026-09-05T08:24:10.398942+02:00
NSR:StopPlace:58795,Kambo stasjon,2026-09-05T08:55:00+02:00,2026-09-05T08:55:00+02:00,,0.0,0,Moss,VYG:Line:R21,Stabekk-Oslo S-Moss,R21,rail,VYG:ServiceJourney:1113-HVK_442988-R,True,planned,False,,,,,2026-09-05T08:24:10.398942+02:00
NSR:StopPlace:58795,Kambo stasjon,2026-09-05T09:00:00+02:00,2026-09-05T09:00:00+02:00,,0.0,0,Stabekk,VYG:Line:R21,Stabekk-Oslo S-Moss,R21,rail,VYG:ServiceJourney:1120-MOS_442996-R,True,planned,False,,,,,2026-09-05T08:24:10.398942+02:00
NSR:StopPlace:58796,Moss stasjon,2026-09-05T08:24:00+02:00,2026-09-05T08:24:00+02:00,,0.0,0,Stabekk,VYG:Line:R21,Stabekk-Oslo S-Moss,R21,rail,VYG:ServiceJourney:1118-MOS_442993-R,True,planned,False,,,,,2026-09-05T08:24:10.398942+02:00
NSR:StopPlace:58796,Moss stasjon,2026-09-05T08:46:00+02:00,2026-09-05T08:46:00+02:00,,0.0,0,Göteborg C,VYG:Line:RE20,Oslo S-Halden-Göteborg (X-Border),RE20,rail,VYG:ServiceJourney:107-385_465652-R,True,planned,False,,,,,2026-09-05T08:24:10.398942+02:00
NSR:StopPlace:58796,Moss stasjon,2026-09-05T08:54:00+02:00,2026-09-05T08:54:00+02:00,,0.0,0,Stabekk,VYG:Line:R21,Stabekk-Oslo S-Moss,R21,rail,VYG:ServiceJourney:1120-MOS_442996-R,True,planned,False,,,,,2026-09-05T08:24:10.398942+02:00
NSR:StopPlace:58796,Moss stasjon,2026-09-05T09:13:00+02:00,2026-09-05T09:13:00+02:00,,0.0,0,Oslo S,VYG:Line:RE20,Oslo S-Halden-Göteborg (X-Border),RE20,rail,VYG:ServiceJourney:110-HLD_451934-R,True,planned,False,,,,,2026-09-05T08:24:10.398942+02:00
NSR:StopPlace:58796,Moss stasjon,2026-09-05T09:24:00+02:00,2026-09-05T09:24:00+02:00,,0.0,0,Stabekk,VYG:Line:R21,Stabekk-Oslo S-Moss,R21,rail,VYG:ServiceJourney:1122-MOS_442998-R,True,planned,False,,,,,2026-09-05T08:24:10.398942+02:00
NSR:StopPlace:58830,Brakerøya stasjon,2026-09-05T08:38:00+02:00,2026-09-05T08:38:00+02:00,,0.0,0,Dal,VYG:Line:R13,Drammen-Oslo S-Dal,R13,rail,VYG:ServiceJourney:1617_443249-R,True,planned,False,,,,,2026-09-05T08:24:10.398942+02:00
NSR:StopPlace:58830,Brakerøya stasjon,2026-09-05T09:08:00+02:00,2026-09-05T09:08:00+02:00,,0.0,0,Dal,VYG:Line:R13,Drammen-Oslo S-Dal,R13,rail,VYG:ServiceJourney:1619_443253-R,True,planned,False,,,,,2026-09-05T08:24:10.398942+02:00
NSR:StopPlace:58832,Geilo stasjon,2026-09-05T09:20:00+02:00,2026-09-05T09:20:00+02:00,,0.0,0,Nesbyen,BRA:Line:4_6330,Gol-Geilo,330,bus,BRA:ServiceJourney:6330_260415100163968_6000,True,planned,False,,,,,2026-09-05T08:24:10.398942+02:00
NSR:StopPlace:58834,Hokksund stasjon,2026-09-05T08:57:00+02:00,2026-09-05T08:57:00+02:00,,0.0,0,Drammen via Mjøndalen,BRA:Line:4_6101,Drammen-Vikersund/Hønefoss,101,bus,BRA:ServiceJourney:6101_260415100161288_6006,True,planned,False,,,,,2026-09-05T08:24:10.398942+02:00
NSR:StopPlace:58834,Hokksund stasjon,2026-09-05T08:59:00+02:00,2026-09-05T08:59:00+02:00,,0.0,0,Eidsvoll,VYG:Line:R12,Kongsberg-Oslo S-Eidsvoll,R12,rail,VYG:ServiceJourney:510_444303-R,True,planned,False,,,,,2026-09-05T08:24:10.398942+02:00
NSR:StopPlace:58834,Hokksund stasjon,2026-09-05T09:01:00+02:00,2026-09-05T09:01:00+02:00,,0.0,0,Kongsberg,VYG:Line:R12,Kongsberg-Oslo S-Eidsvoll,R12,rail,VYG:ServiceJourney:507_444300-R,True,planned,False,,,,,2026-09-05T08:24:10.398942+02:00
NSR:StopPlace:58834,Hokksund stasjon,2026-09-05T09:17:00+02:00,2026-09-05T09:17:00+02:00,,0.0,0,Ormåsen,BRA:Line:4_6117,Hokksund - Ormåsen,117,bus,BRA:ServiceJourney:6117_260622052304187_6001,True,planned,False,,,,,2026-09-05T08:24:10.398942+02:00
NSR:StopPlace:58835,Lier stasjon,2026-09-05T08:41:00+02:00,2026-09-05T08:41:00+02:00,,0.0,0,Dal,VYG:Line:R13,Drammen-Oslo S-Dal,R13,rail,VYG:ServiceJourney:1617_443249-R,True,planned,False,,,,,2026-09-05T08:24:10.398942+02:00
NSR:StopPlace:58835,Lier stasjon,2026-09-05T09:11:00+02:00,2026-09-05T09:11:00+02:00,,0.0,0,Dal,VYG:Line:R13,Drammen-Oslo S-Dal,R13,rail,VYG:ServiceJourney:1619_443253-R,True,planned,False,,,,,2026-09-05T08:24:10.398942+02:00
NSR:StopPlace:58836,Mjøndalen stasjon,2026-09-05T08:24:00+02:00,2026-09-05T08:24:00+02:00,,0.0,0,Drammen via Gulskogen,BRA:Line:4_6052,Drammen - Mjøndalen,52,bus,BRA:ServiceJourney:6052_260415100161120_6000,True,planned,False,5/9 er linje 52 helt innstilt fra 13.30 på grunn av halvmaraton. Les mer på brakar.no,,general,normal,2026-09-05T08:24:10.398942+02:00
NSR:StopPlace:58836,Mjøndalen stasjon,2026-09-05T08:36:00+02:00,2026-09-05T08:36:00+02:00,,0.0,0,Drammen sykehus,BRA:Line:4_6001,Drammen sykehus Brakerøya - Sørensvingen / Mjøndalen,1,bus,BRA:ServiceJourney:6001_260415100161853_6010,True,planned,False,,,,,2026-09-05T08:24:10.398942+02:00
NSR:StopPlace:58836,Mjøndalen stasjon,2026-09-05T08:49:00+02:00,2026-09-05T08:47:59+02:00,,0.0,0,Hokksund,BRA:Line:4_6101,Drammen-Vikersund/Hønefoss,101,bus,BRA:ServiceJourney:6101_260415100161226_6003,True,expected,False,,,,,2026-09-05T08:24:10.398942+02:00
NSR:StopPlace:58836,Mjøndalen stasjon,2026-09-05T08:53:00+02:00,2026-09-05T08:53:00+02:00,,0.0,0,Kongsberg,VYG:Line:R12,Kongsberg-Oslo S-Eidsvoll,R12,rail,VYG:ServiceJourney:507_444300-R,True,planned,False,,,,,2026-09-05T08:24:10.398942+02:00
NSR:StopPlace:58836,Mjøndalen stasjon,2026-09-05T09:05:00+02:00,2026-09-05T09:05:00+02:00,,0.0,0,Eidsvoll,VYG:Line:R12,Kongsberg-Oslo S-Eidsvoll,R12,rail,VYG:ServiceJourney:510_444303-R,True,planned,False,,,,,2026-09-05T08:24:10.398942+02:00
NSR:StopPlace:58836,Mjøndalen stasjon,2026-09-05T09:06:00+02:00,2026-09-05T09:06:00+02:00,,0.0,0,Drammen sykehus,BRA:Line:4_6001,Drammen sykehus Brakerøya - Sørensvingen / Mjøndalen,1,bus,BRA:ServiceJourney:6001_260415100161854_6014,True,planned,False,,,,,2026-09-05T08:24:10.398942+02:00
NSR:StopPlace:58836,Mjøndalen stasjon,2026-09-05T09:12:00+02:00,2026-09-05T09:12:00+02:00,,0.0,0,Drammen,BRA:Line:4_6101,Drammen-Vikersund/Hønefoss,101,bus,BRA:ServiceJourney:6101_260415100161288_6006,True,planned,False,,,,,2026-09-05T08:24:10.398942+02:00
NSR:StopPlace:58836,Mjøndalen stasjon,2026-09-05T09:24:00+02:00,2026-09-05T09:24:00+02:00,,0.0,0,Drammen via Gulskogen,BRA:Line:4_6052,Drammen - Mjøndalen,52,bus,BRA:ServiceJourney:6052_260415100161121_6002,True,planned,False,5/9 er linje 52 helt innstilt fra 13.30 på grunn av halvmaraton. Les mer på brakar.no,,general,normal,2026-09-05T08:24:10.398942+02:00
NSR:StopPlace:58838,Røyken stasjon,2026-09-05T08:45:00+02:00,2026-09-05T08:45:00+02:00,,0.0,0,Asker,RUT:Line:260,Hyggen - Bråset -Slemmestad (- Asker),260,bus,RUT:ServiceJourney:b572f3a277bad9ea051dfdd50f55b9d9,True,planned,False,,,,,2026-09-05T08:24:10.398942+02:00
NSR:StopPlace:58838,Røyken stasjon,2026-09-05T08:49:00+02:00,2026-09-05T08:49:00+02:00,,0.0,0,Lillestrøm,VYG:Line:L1,Spikkestad-Oslo S-Lillestrøm,L1,rail,VYG:ServiceJourney:2220_443616-R,True,planned,False,,,,,2026-09-05T08:24:10.398942+02:00
NSR:StopPlace:58838,Røyken stasjon,2026-09-05T09:03:00+02:00,2026-09-05T09:03:00+02:00,,0.0,0,Bråset,RUT:Line:260,Hyggen - Bråset -Slemmestad (- Asker),260,bus,RUT:ServiceJourney:1ecf7d002629616641f0cb35a9eeff1c,True,planned,False,,,,,2026-09-05T08:24:10.398942+02:00
NSR:StopPlace:58838,Røyken stasjon,2026-09-05T09:08:00+02:00,2026-09-05T09:08:00+02:00,,0.0,0,Sætre,RUT:Line:261,Drammen - Lahell - Røyken - Sætre,261,bus,RUT:ServiceJourney:faa3461e1d434dbf04c4298680158b05,True,planned,False,Fra 17/8 går linje 61-63-71-73-251-261 og skolebusser fra holdeplass ved Skutebrygga ut av byen.Les mer på brakar.no/trafikkmeldinger.,,general,normal,2026-09-05T08:24:10.398942+02:00
NSR:StopPlace:58838,Røyken stasjon,2026-09-05T09:19:00+02:00,2026-09-05T09:19:00+02:00,,0.0,0,Lillestrøm,VYG:Line:L1,Spikkestad-Oslo S-Lillestrøm,L1,rail,VYG:ServiceJourney:2222_443619-R,True,planned,False,,,,,2026-09-05T08:24:10.398942+02:00
NSR:StopPlace:58839,Steinberg stasjon,2026-09-05T08:54:00+02:00,2026-09-05T08:52:59+02:00,,0.0,0,Hokksund,BRA:Line:4_6101,Drammen-Vikersund/Hønefoss,101,bus,BRA:ServiceJourney:6101_260415100161226_6003,True,expected,False,,,,,2026-09-05T08:24:10.398942+02:00
NSR:StopPlace:58839,Steinberg stasjon,2026-09-05T09:02:00+02:00,2026-09-05T09:02:00+02:00,,0.0,0,Eidsvoll,VYG:Line:R12,Kongsberg-Oslo S-Eidsvoll,R12,rail,VYG:ServiceJourney:510_444303-R,True,planned,False,,,,,2026-09-05T08:24:10.398942+02:00
NSR:StopPlace:58839,Steinberg stasjon,2026-09-05T09:05:00+02:00,2026-09-05T09:05:00+02:00,,0.0,0,Drammen via Mjøndalen,BRA:Line:4_6101,Drammen-Vikersund/Hønefoss,101,bus,BRA:ServiceJourney:6101_260415100161288_6006,True,planned,False,,,,,2026-09-05T08:24:10.398942+02:00
NSR:StopPlace:58842,Blaker stasjon,2026-09-05T09:21:00+02:00,2026-09-05T09:21:00+02:00,,0.0,0,Asker,VYG:Line:R14,Asker-Oslo S-Kongsvinger,R14,rail,VYG:ServiceJourney:1010_442915-R,True,planned,False,,,,,2026-09-05T08:24:10.398942+02:00
NSR:StopPlace:58843,Blommenholm stasjon,2026-09-05T08:50:00+02:00,2026-09-05T08:50:00+02:00,,0.0,0,Lillestrøm,VYG:Line:L1,Spikkestad-Oslo S-Lillestrøm,L1,rail,VYG:ServiceJourney:2218_443612-R,True,planned,False,,,,,2026-09-05T08:24:10.398942+02:00
NSR:StopPlace:58843,Blommenholm stasjon,2026-09-05T08:58:00+02:00,2026-09-05T08:58:00+02:00,,0.0,0,Spikkestad,VYG:Line:L1,Spikkestad-Oslo S-Lillestrøm,L1,rail,VYG:ServiceJourney:2215_443608-R,True,planned,False,,,,,2026-09-05T08:24:10.398942+02:00
NSR:StopPlace:58843,Blommenholm stasjon,2026-09-05T09:20:00+02:00,2026-09-05T09:20:00+02:00,,0.0,0,Lillestrøm,VYG:Line:L1,Spikkestad-Oslo S-Lillestrøm,L1,rail,VYG:ServiceJourney:2220_443616-R,True,planned,False,,,,,2026-09-05T08:24:10.398942+02:00
NSR:StopPlace:58844,Eidsvoll stasjon,2026-09-05T08:31:00+02:00,2026-09-05T08:31:00+02:00,,0.0,0,Kongsberg,VYG:Line:R12,Kongsberg-Oslo S-Eidsvoll,R12,rail,VYG:ServiceJourney:509_444302-R,True,planned,False,,,,,2026-09-05T08:24:10.398942+02:00
NSR:StopPlace:58844,Eidsvoll stasjon,2026-09-05T08:53:00+02:00,2026-09-05T08:53:00+02:00,,0.0,0,Drammen,VYG:Line:RE10,Drammen-Oslo S-Lillehammer,RE10,rail,VYG:ServiceJourney:358-DOM_621902-R,True,planned,False,,,,,2026-09-05T08:24:10.398942+02:00
NSR:StopPlace:58844,Eidsvoll stasjon,2026-09-05T09:01:00+02:00,2026-09-05T09:01:00+02:00,,0.0,0,Skien,VYG:Line:RE11,Eidsvoll-Oslo S-Skien,RE11,rail,VYG:ServiceJourney:811-EVL_652719-R,True,planned,False,,,,,2026-09-05T08:24:10.398942+02:00
NSR:StopPlace:58844,Eidsvoll stasjon,2026-09-05T09:08:00+02:00,2026-09-05T09:08:00+02:00,,0.0,0,Lillehammer,VYG:Line:RE10,Drammen-Oslo S-Lillehammer,RE10,rail,VYG:ServiceJourney:309-SUD_444149-R,True,planned,False,,,,,2026-09-05T08:24:10.398942+02:00
NSR:StopPlace:58844,Eidsvoll stasjon,2026-09-05T09:14:00+02:00,2026-09-05T09:14:00+02:00,,0.0,0,Eidsvoll,RUT:Line:430,Eidsvoll - Jessheim,430,bus,RUT:ServiceJourney:8d8aa4b5e4856bf6835ed519a11950b2,True,planned,False,,,,,2026-09-05T08:24:10.398942+02:00
NSR:StopPlace:58845,Eidsvoll verk stasjon,2026-09-05T08:31:00+02:00,2026-09-05T08:31:00+02:00,,0.0,0,Jessheim,RUT:Line:430,Eidsvoll - Jessheim,430,bus,RUT:ServiceJourney:3c6c2b95e86d0050d390e5db2dd0032e,True,planned,False,,,,,2026-09-05T08:24:10.398942+02:00
NSR:StopPlace:58845,Eidsvoll verk stasjon,2026-09-05T08:35:00+02:00,2026-09-05T08:35:00+02:00,,0.0,0,Kongsberg,VYG:Line:R12,Kongsberg-Oslo S-Eidsvoll,R12,rail,VYG:ServiceJourney:509_444302-R,True,planned,False,,,,,2026-09-05T08:24:10.398942+02:00
NSR:StopPlace:58845,Eidsvoll verk stasjon,2026-09-05T08:55:00+02:00,2026-09-05T08:55:00+02:00,,0.0,0,Eidsvoll,VYG:Line:RE11,Eidsvoll-Oslo S-Skien,RE11,rail,VYG:ServiceJourney:806-DRM_652706-R,True,planned,False,,,,,2026-09-05T08:24:10.398942+02:00
NSR:StopPlace:58845,Eidsvoll verk stasjon,2026-09-05T09:00:00+02:00,2026-09-05T09:00:00+02:00,,0.0,0,Eidsvoll,RUT:Line:430,Eidsvoll - Jessheim,430,bus,RUT:ServiceJourney:8d8aa4b5e4856bf6835ed519a11950b2,True,planned,False,,,,,2026-09-05T08:24:10.398942+02:00
NSR:StopPlace:58845,Eidsvoll verk stasjon,2026-09-05T09:05:00+02:00,2026-09-05T09:05:00+02:00,,0.0,0,Skien,VYG:Line:RE11,Eidsvoll-Oslo S-Skien,RE11,rail,VYG:ServiceJourney:811-EVL_652719-R,True,planned,False,,,,,2026-09-05T08:24:10.398942+02:00
NSR:StopPlace:58846,Fetsund stasjon,2026-09-05T08:36:00+02:00,2026-09-05T08:36:00+02:00,,0.0,0,Asker,VYG:Line:R14,Asker-Oslo S-Kongsvinger,R14,rail,VYG:ServiceJourney:1008_442913-R,True,planned,False,,,,,2026-09-05T08:24:10.398942+02:00
NSR:StopPlace:58846,Fetsund stasjon,2026-09-05T09:22:00+02:00,2026-09-05T09:22:00+02:00,,0.0,0,Kongsvinger,VYG:Line:R14,Asker-Oslo S-Kongsvinger,R14,rail,VYG:ServiceJourney:1009_442914-R,True,planned,False,,,,,2026-09-05T08:24:10.398942+02:00
NSR:StopPlace:58847,Frogner stasjon,2026-09-05T08:34:00+02:00,2026-09-05T08:34:00+02:00,,0.0,0,Dal,VYG:Line:R13,Drammen-Oslo S-Dal,R13,rail,VYG:ServiceJourney:1613_443238-R,True,planned,False,,,,,2026-09-05T08:24:10.398942+02:00
NSR:StopPlace:58847,Frogner stasjon,2026-09-05T08:51:00+02:00,2026-09-05T08:51:00+02:00,,0.0,0,Drammen,VYG:Line:R13,Drammen-Oslo S-Dal,R13,rail,VYG:ServiceJourney:1616_481143-R,True,planned,False,,,,,2026-09-05T08:24:10.398942+02:00
NSR:StopPlace:58847,Frogner stasjon,2026-09-05T09:04:00+02:00,2026-09-05T09:04:00+02:00,,0.0,0,Dal,VYG:Line:R13,Drammen-Oslo S-Dal,R13,rail,VYG:ServiceJourney:1615_443244-R,True,planned,False,,,,,2026-09-05T08:24:10.398942+02:00
NSR:StopPlace:58847,Frogner stasjon,2026-09-05T09:21:00+02:00,2026-09-05T09:21:00+02:00,,0.0,0,Drammen,VYG:Line:R13,Drammen-Oslo S-Dal,R13,rail,VYG:ServiceJourney:1618_443252-R,True,planned,False,,,,,2026-09-05T08:24:10.398942+02:00
NSR:StopPlace:58848,Haga stasjon,2026-09-05T08:44:00+02:00,2026-09-05T08:44:00+02:00,,0.0,0,Kongsvinger,VYG:Line:R14,Asker-Oslo S-Kongsvinger,R14,rail,VYG:ServiceJourney:1007_442912-R,True,planned,False,,,,,2026-09-05T08:24:10.398942+02:00
NSR:StopPlace:58848,Haga stasjon,2026-09-05T09:13:00+02:00,2026-09-05T09:13:00+02:00,,0.0,0,Asker,VYG:Line:R14,Asker-Oslo S-Kongsvinger,R14,rail,VYG:ServiceJourney:1010_442915-R,True,planned,False,,,,,2026-09-05T08:24:10.398942+02:00
NSR:StopPlace:58849,Hakadal stasjon,2026-09-05T09:20:00+02:00,2026-09-05T09:20:00+02:00,,0.0,0,Kongskog,RUT:Line:390,Kongskog/Hellerudhaugen - Oslo bussterminal,390,bus,RUT:ServiceJourney:6cc1c1ebcad376faeb06b654c7219040,True,planned,False,,,,,2026-09-05T08:24:10.398942+02:00
NSR:StopPlace:58840,Vestfossen stasjon,2026-09-05T08:53:00+02:00,2026-09-05T08:53:00+02:00,,0.0,0,Eidsvoll,VYG:Line:R12,Kongsberg-Oslo S-Eidsvoll,R12,rail,VYG:ServiceJourney:510_444303-R,True,planned,False,,,,,2026-09-05T08:24:10.398942+02:00
NSR:StopPlace:58840,Vestfossen stasjon,2026-09-05T09:06:00+02:00,2026-09-05T09:06:00+02:00,,0.0,0,Kongsberg,VYG:Line:R12,Kongsberg-Oslo S-Eidsvoll,R12,rail,VYG:ServiceJourney:507_444300-R,True,planned,False,,,,,2026-09-05T08:24:10.398942+02:00
NSR:StopPlace:58852,Høn stasjon,2026-09-05T08:36:00+02:00,2026-09-05T08:36:00+02:00,,0.0,0,Lillestrøm,VYG:Line:L1,Spikkestad-Oslo S-Lillestrøm,L1,rail,VYG:ServiceJourney:2218_443612-R,True,planned,False,,,,,2026-09-05T08:24:10.398942+02:00
NSR:StopPlace:58852,Høn stasjon,2026-09-05T09:06:00+02:00,2026-09-05T09:06:00+02:00,,0.0,0,Lillestrøm,VYG:Line:L1,Spikkestad-Oslo S-Lillestrøm,L1,rail,VYG:ServiceJourney:2220_443616-R,True,planned,False,,,,,2026-09-05T08:24:10.398942+02:00
NSR:StopPlace:58852,Høn stasjon,2026-09-05T09:13:00+02:00,2026-09-05T09:13:00+02:00,,0.0,0,Spikkestad,VYG:Line:L1,Spikkestad-Oslo S-Lillestrøm,L1,rail,VYG:ServiceJourney:2215_443608-R,True,planned,False,,,,,2026-09-05T08:24:10.398942+02:00
NSR:StopPlace:58853,Kolbotn stasjon,2026-09-05T08:33:00+02:00,2026-09-05T08:33:00+02:00,,0.0,0,Ski,VYG:Line:L2,Stabekk-Oslo S-Ski,L2,rail,VYG:ServiceJourney:2713-HVK_699742-R,True,planned,False,,,,,2026-09-05T08:24:10.398942+02:00
NSR:StopPlace:58853,Kolbotn stasjon,2026-09-05T08:41:00+02:00,2026-09-05T08:41:00+02:00,,0.0,0,Hauketo stasjon,RUT:Line:87,Hauketo stasjon - Kolbotn,87,bus,RUT:ServiceJourney:8efd5a28d2a4e4ff916f1b857741e392,True,planned,False,,,,,2026-09-05T08:24:10.398942+02:00
NSR:StopPlace:58853,Kolbotn stasjon,2026-09-05T08:43:00+02:00,2026-09-05T08:43:00+02:00,,0.0,0,Ski stasjon,RUT:Line:580,Kolbotn - Ski,580,bus,RUT:ServiceJourney:630b71ab6b11695bc57216a4c3da8210,True,planned,False,,,,,2026-09-05T08:24:10.398942+02:00
NSR:StopPlace:58853,Kolbotn stasjon,2026-09-05T08:49:00+02:00,2026-09-05T08:49:00+02:00,,0.0,0,Bjørvika,RUT:Line:83,Jernbanetorget - Tårnåsen,83,bus,RUT:ServiceJourney:e7105882a26573be67bee76c1346c2c0,True,planned,False,Linje 80E og 83 får Hausmanns bru som ny endeholdeplass fra 29. juni,"Bussene stopper ikke på Jernbanetorget etter 29. juni, men starter og stopper på Hausmanns bru i Nylandsveien.",incident,normal,2026-09-05T08:24:10.398942+02:00
NSR:StopPlace:58853,Kolbotn stasjon,2026-09-05T08:55:00+02:00,2026-09-05T08:55:00+02:00,,0.0,0,Stabekk,VYG:Line:L2,Stabekk-Oslo S-Ski,L2,rail,VYG:ServiceJourney:2720-SKI_443927-R,True,planned,False,,,,,2026-09-05T08:24:10.398942+02:00
NSR:StopPlace:58853,Kolbotn stasjon,2026-09-05T09:03:00+02:00,2026-09-05T09:03:00+02:00,,0.0,0,Ski,VYG:Line:L2,Stabekk-Oslo S-Ski,L2,rail,VYG:ServiceJourney:2715-HVK_699747-R,True,planned,False,,,,,2026-09-05T08:24:10.398942+02:00
NSR:StopPlace:58853,Kolbotn stasjon,2026-09-05T09:07:00+02:00,2026-09-05T09:07:00+02:00,,0.0,0,Tårnåsen,RUT:Line:83,Jernbanetorget - Tårnåsen,83,bus,RUT:ServiceJourney:8ee85c21160e20898dd76058cb1d9f67,True,planned,False,Linje 80E og 83 får Hausmanns bru som ny endeholdeplass fra 29. juni,"Bussene stopper ikke på Jernbanetorget etter 29. juni, men starter og stopper på Hausmanns bru i Nylandsveien.",incident,normal,2026-09-05T08:24:10.398942+02:00
NSR:StopPlace:58853,Kolbotn stasjon,2026-09-05T09:13:00+02:00,2026-09-05T09:13:00+02:00,,0.0,0,Ski stasjon,RUT:Line:580,Kolbotn - Ski,580,bus,RUT:ServiceJourney:a07d9d5b51ab018b5a7421001902841e,True,planned,False,,,,,2026-09-05T08:24:10.398942+02:00
NSR:StopPlace:58854,Langhus stasjon,2026-09-05T08:39:00+02:00,2026-09-05T08:39:00+02:00,,0.0,0,Drøbak - Frogn vgs.,RUT:Line:510,Bøleråsen - Ski - Ås - Drøbak,510,bus,RUT:ServiceJourney:5174fa03474d2c7f8c87c2d80c4d218c,True,planned,False,,,,,2026-09-05T08:24:10.398942+02:00
NSR:StopPlace:58854,Langhus stasjon,2026-09-05T08:42:00+02:00,2026-09-05T08:42:00+02:00,,0.0,0,Stabekk,VYG:Line:L2,Stabekk-Oslo S-Ski,L2,rail,VYG:ServiceJourney:2720-SKI_443927-R,True,planned,False,,,,,2026-09-05T08:24:10.398942+02:00
NSR:StopPlace:58854,Langhus stasjon,2026-09-05T08:46:00+02:00,2026-09-05T08:46:00+02:00,,0.0,0,Ski,VYG:Line:L2,Stabekk-Oslo S-Ski,L2,rail,VYG:ServiceJourney:2713-HVK_699742-R,True,planned,False,,,,,2026-09-05T08:24:10.398942+02:00
NSR:StopPlace:58854,Langhus stasjon,2026-09-05T08:54:00+02:00,2026-09-05T08:54:00+02:00,,0.0,0,Drøbak - Seiersten,RUT:Line:510,Bøleråsen - Ski - Ås - Drøbak,510,bus,RUT:ServiceJourney:d6a542adc81310e58375ed3ec0cc358e,True,planned,False,,,,,2026-09-05T08:24:10.398942+02:00
NSR:StopPlace:58854,Langhus stasjon,2026-09-05T08:59:00+02:00,2026-09-05T08:59:00+02:00,,0.0,0,Bøleråsen,RUT:Line:510,Bøleråsen - Ski - Ås - Drøbak,510,bus,RUT:ServiceJourney:853905f03990e096b3649bdd8404f85d,True,planned,False,,,,,2026-09-05T08:24:10.398942+02:00
NSR:StopPlace:58854,Langhus stasjon,2026-09-05T09:09:00+02:00,2026-09-05T09:09:00+02:00,,0.0,0,Drøbak - Frogn vgs.,RUT:Line:510,Bøleråsen - Ski - Ås - Drøbak,510,bus,RUT:ServiceJourney:5e06def0b77e53ba90a0d3c85c5d2835,True,planned,False,,,,,2026-09-05T08:24:10.398942+02:00
NSR:StopPlace:58854,Langhus stasjon,2026-09-05T09:12:00+02:00,2026-09-05T09:12:00+02:00,,0.0,0,Stabekk,VYG:Line:L2,Stabekk-Oslo S-Ski,L2,rail,VYG:ServiceJourney:2722-SKI_443929-R,True,planned,False,,,,,2026-09-05T08:24:10.398942+02:00
NSR:StopPlace:58854,Langhus stasjon,2026-09-05T09:16:00+02:00,2026-09-05T09:16:00+02:00,,0.0,0,Ski,VYG:Line:L2,Stabekk-Oslo S-Ski,L2,rail,VYG:ServiceJourney:2715-HVK_699747-R,True,planned,False,,,,,2026-09-05T08:24:10.398942+02:00
NSR:StopPlace:58854,Langhus stasjon,2026-09-05T09:24:00+02:00,2026-09-05T09:24:00+02:00,,0.0,0,Drøbak - Seiersten,RUT:Line:510,Bøleråsen - Ski - Ås - Drøbak,510,bus,RUT:ServiceJourney:53dd1ecf56d36049c2ec629879990534,True,planned,False,,,,,2026-09-05T08:24:10.398942+02:00
NSR:StopPlace:58855,Leirsund stasjon,2026-09-05T07:55:00+02:00,2026-09-05T07:55:00+02:00,,0.0,0,Drammen,VYG:Line:R13,Drammen-Oslo S-Dal,R13,rail,VYG:ServiceJourney:1612_443236-R,True,planned,False,,,,,2026-09-05T08:24:10.398942+02:00
NSR:StopPlace:58855,Leirsund stasjon,2026-09-05T08:25:00+02:00,2026-09-05T08:25:00+02:00,,0.0,0,Drammen,VYG:Line:R13,Drammen-Oslo S-Dal,R13,rail,VYG:ServiceJourney:1614_443243-R,True,planned,False,,,,,2026-09-05T08:24:10.398942+02:00
NSR:StopPlace:58855,Leirsund stasjon,2026-09-05T08:30:00+02:00,2026-09-05T08:30:00+02:00,,0.0,0,Dal,VYG:Line:R13,Drammen-Oslo S-Dal,R13,rail,VYG:ServiceJourney:1613_443238-R,True,planned,False,,,,,2026-09-05T08:24:10.398942+02:00
NSR:StopPlace:58855,Leirsund stasjon,2026-09-05T08:55:00+02:00,2026-09-05T08:55:00+02:00,,0.0,0,Drammen,VYG:Line:R13,Drammen-Oslo S-Dal,R13,rail,VYG:ServiceJourney:1616_481143-R,True,planned,False,,,,,2026-09-05T08:24:10.398942+02:00
NSR:StopPlace:58855,Leirsund stasjon,2026-09-05T09:00:00+02:00,2026-09-05T09:00:00+02:00,,0.0,0,Dal,VYG:Line:R13,Drammen-Oslo S-Dal,R13,rail,VYG:ServiceJourney:1615_443244-R,True,planned,False,,,,,2026-09-05T08:24:10.398942+02:00
NSR:StopPlace:58857,Lørenskog stasjon,2026-09-05T08:37:00+02:00,2026-09-05T08:37:00+02:00,,0.0,0,Nesåsen,RUT:Line:120,Nesåsen - Stovner,120,bus,RUT:ServiceJourney:3bfc9886d8bec9bf5d167785308446bc,True,planned,False,,,,,2026-09-05T08:24:10.398942+02:00
NSR:StopPlace:58857,Lørenskog stasjon,2026-09-05T08:43:00+02:00,2026-09-05T08:43:00+02:00,,0.0,0,Stovner,RUT:Line:120,Nesåsen - Stovner,120,bus,RUT:ServiceJourney:6f2c8cdc5cf3c0b2552c5064679356cc,True,planned,False,,,,,2026-09-05T08:24:10.398942+02:00
NSR:StopPlace:58857,Lørenskog stasjon,2026-09-05T08:51:00+02:00,2026-09-05T08:51:00+02:00,,0.0,0,Spikkestad,VYG:Line:L1,Spikkestad-Oslo S-Lillestrøm,L1,rail,VYG:ServiceJourney:2217_443610-R,True,planned,False,,,,,2026-09-05T08:24:10.398942+02:00
NSR:StopPlace:58857,Lørenskog stasjon,2026-09-05T08:59:00+02:00,2026-09-05T08:59:00+02:00,,0.0,0,Lillestrøm,VYG:Line:L1,Spikkestad-Oslo S-Lillestrøm,L1,rail,VYG:ServiceJourney:2216_443609-R,True,planned,False,,,,,2026-09-05T08:24:10.398942+02:00
NSR:StopPlace:58857,Lørenskog stasjon,2026-09-05T09:21:00+02:00,2026-09-05T09:21:00+02:00,,0.0,0,Spikkestad,VYG:Line:L1,Spikkestad-Oslo S-Lillestrøm,L1,rail,VYG:ServiceJourney:2219_443614-R,True,planned,False,,,,,2026-09-05T08:24:10.398942+02:00
NSR:StopPlace:58858,Nittedal stasjon,2026-09-05T09:12:00+02:00,2026-09-05T09:12:00+02:00,,0.0,0,Oslo S,VYG:Line:R31,Skøyen-Jaren-Gjøvik,R31,rail,VYG:ServiceJourney:BUS-208_655124-R,True,planned,False,,,,,2026-09-05T08:24:10.398942+02:00
NSR:StopPlace:58859,Nordby stasjon,2026-09-05T07:09:52+02:00,2026-09-05T07:09:52+02:00,,0.0,0,Lillestrøm bussterminal 15,VYG:Line:R13,Drammen-Oslo S-Dal,R13,rail,VYG:ServiceJourney:ff9086b1-9fa5-4d9a-8d30-c8a778b4c95f-1610-2026-09-05-0,True,planned,False,Vy kjører maxitaxi på strekningen,Vy kjører maxitaxi på strekningen,incident,normal,2026-09-05T08:24:10.398942+02:00
NSR:StopPlace:58859,Nordby stasjon,2026-09-05T07:29:18+02:00,2026-09-05T07:29:18+02:00,,0.0,0,Dal stasjon,VYG:Line:R13,Drammen-Oslo S-Dal,R13,rail,VYG:ServiceJourney:3c6c8b4b-e39b-4c6d-ac82-22a8b99aa01d-1607-2026-09-05-0,True,planned,False,Vy kjører maxitaxi på strekningen,Vy kjører maxitaxi på strekningen,incident,normal,2026-09-05T08:24:10.398942+02:00
NSR:StopPlace:58859,Nordby stasjon,2026-09-05T07:39:52+02:00,2026-09-05T07:39:52+02:00,,0.0,0,Jessheim,VYG:Line:R13,Drammen-Oslo S-Dal,R13,rail,VYG:ServiceJourney:a3872adb-9517-41d2-b607-ca7534fb8d71-1612-2026-09-05-0,True,planned,False,Vy kjører maxitaxi på strekningen,Vy kjører maxitaxi på strekningen,incident,normal,2026-09-05T08:24:10.398942+02:00
NSR:StopPlace:58859,Nordby stasjon,2026-09-05T07:39:52+02:00,2026-09-05T07:39:52+02:00,,0.0,0,Jessheim,VYG:Line:R13,Drammen-Oslo S-Dal,R13,rail,VYG:ServiceJourney:b1875084-e074-4de6-975c-552625f19a59-1612-2026-09-05-0,True,planned,False,Vy kjører maxitaxi på strekningen,Vy kjører maxitaxi på strekningen,incident,normal,2026-09-05T08:24:10.398942+02:00
NSR:StopPlace:58859,Nordby stasjon,2026-09-05T08:08:14+02:00,2026-09-05T08:08:14+02:00,,0.0,0,Dal,VYG:Line:R13,Drammen-Oslo S-Dal,R13,rail,VYG:ServiceJourney:ae0e1e0a-9f8c-4193-a0a9-5e614f522525-1618-2026-09-05-0,True,planned,False,Vy kjører minibuss på strekningen | Stengt: Dal–Jessheim,"Vy kjører minibuss på strekningen | Dal–Jessheim er stengt for togtrafikk. Du må regne med forsinkelser, og at noen tog kan bli innstilt. Dette skyldes feil på en sporveksel. Bane NOR jobber med å rette feilen. Ny oppdatering kommer 5. september kl. 09:00.",incident | incident,normal | normal,2026-09-05T08:24:10.398942+02:00
NSR:StopPlace:58859,Nordby stasjon,2026-09-05T08:15:51+02:00,2026-09-05T08:15:51+02:00,,0.0,0,Dal,VYG:Line:R13,Drammen-Oslo S-Dal,R13,rail,VYG:ServiceJourney:e734a875-2232-40ab-8029-551d2c6c578d-1618-2026-09-05-0,True,planned,False,Stengt: Dal–Jessheim | Vy kjører minibuss på strekningen,"Dal–Jessheim er stengt for togtrafikk. Du må regne med forsinkelser, og at noen tog kan bli innstilt. Dette skyldes feil på en sporveksel. Bane NOR jobber med å rette feilen. Ny oppdatering kommer 5. september kl. 09:00. | Vy kjører minibuss på strekningen",incident | incident,normal | normal,2026-09-05T08:24:10.398942+02:00
NSR:StopPlace:58859,Nordby stasjon,2026-09-05T08:26:18+02:00,2026-09-05T08:26:18+02:00,,0.0,0,Dal stasjon,VYG:Line:R13,Drammen-Oslo S-Dal,R13,rail,VYG:ServiceJourney:3c6c46bc-0278-4a7b-8846-6b0ed7745ced-1611-2026-09-05-0,True,planned,False,Stengt: Dal–Jessheim | Vy kjører minibuss på strekningen,"Dal–Jessheim er stengt for togtrafikk. Du må regne med forsinkelser, og at noen tog kan bli innstilt. Dette skyldes feil på en sporveksel. Bane NOR jobber med å rette feilen. Ny oppdatering kommer 5. september kl. 09:00. | Vy kjører minibuss på strekningen",incident | incident,normal | normal,2026-09-05T08:24:10.398942+02:00
NSR:StopPlace:58859,Nordby stasjon,2026-09-05T08:39:52+02:00,2026-09-05T08:39:52+02:00,,0.0,0,Jessheim,VYG:Line:R13,Drammen-Oslo S-Dal,R13,rail,VYG:ServiceJourney:91f4df7b-d056-4b4a-9bad-fecbd47a5653-1616-2026-09-05-0,True,planned,False,Stengt: Dal–Jessheim | Vy kjører maxitaxi på strekningen,"Dal–Jessheim er stengt for togtrafikk. Du må regne med forsinkelser, og at noen tog kan bli innstilt. Dette skyldes feil på en sporveksel. Bane NOR jobber med å rette feilen. Ny oppdatering kommer 5. september kl. 09:00. | Vy kjører maxitaxi på strekningen",incident | incident,normal | normal,2026-09-05T08:24:10.398942+02:00
NSR:StopPlace:58859,Nordby stasjon,2026-09-05T08:39:52+02:00,2026-09-05T08:39:52+02:00,,0.0,0,Jessheim,VYG:Line:R13,Drammen-Oslo S-Dal,R13,rail,VYG:ServiceJourney:e0482090-6b14-4de3-ab9f-2931415990d5-1616-2026-09-05-0,True,planned,False,Vy kjører maxitaxi på strekningen | Stengt: Dal–Jessheim,"Vy kjører maxitaxi på strekningen | Dal–Jessheim er stengt for togtrafikk. Du må regne med forsinkelser, og at noen tog kan bli innstilt. Dette skyldes feil på en sporveksel. Bane NOR jobber med å rette feilen. Ny oppdatering kommer 5. september kl. 09:00.",incident | incident,normal | normal,2026-09-05T08:24:10.398942+02:00
NSR:StopPlace:58859,Nordby stasjon,2026-09-05T08:46:14+02:00,2026-09-05T08:46:14+02:00,,0.0,0,Jessheim,VYG:Line:R13,Drammen-Oslo S-Dal,R13,rail,VYG:ServiceJourney:ae0e1e0a-9f8c-4193-a0a9-5e614f522525-1618-2026-09-05-1,True,planned,False,Stengt: Dal–Jessheim | Vy kjører minibuss på strekningen,"Dal–Jessheim er stengt for togtrafikk. Du må regne med forsinkelser, og at noen tog kan bli innstilt. Dette skyldes feil på en sporveksel. Bane NOR jobber med å rette feilen. Ny oppdatering kommer 5. september kl. 09:00. | Vy kjører minibuss på strekningen",incident | incident,normal | normal,2026-09-05T08:24:10.398942+02:00
NSR:StopPlace:58859,Nordby stasjon,2026-09-05T08:53:51+02:00,2026-09-05T08:53:51+02:00,,0.0,0,Jessheim,VYG:Line:R13,Drammen-Oslo S-Dal,R13,rail,VYG:ServiceJourney:e734a875-2232-40ab-8029-551d2c6c578d-1618-2026-09-05-1,True,planned,False,Stengt: Dal–Jessheim | Vy kjører minibuss på strekningen,"Dal–Jessheim er stengt for togtrafikk. Du må regne med forsinkelser, og at noen tog kan bli innstilt. Dette skyldes feil på en sporveksel. Bane NOR jobber med å rette feilen. Ny oppdatering kommer 5. september kl. 09:00. | Vy kjører minibuss på strekningen",incident | incident,normal | normal,2026-09-05T08:24:10.398942+02:00
NSR:StopPlace:58859,Nordby stasjon,2026-09-05T08:56:14+02:00,2026-09-05T08:56:14+02:00,,0.0,0,Dal,VYG:Line:R13,Drammen-Oslo S-Dal,R13,rail,VYG:ServiceJourney:ae0e1e0a-9f8c-4193-a0a9-5e614f522525-1618-2026-09-05-2,True,planned,False,Stengt: Dal–Jessheim | Vy kjører minibuss på strekningen,"Dal–Jessheim er stengt for togtrafikk. Du må regne med forsinkelser, og at noen tog kan bli innstilt. Dette skyldes feil på en sporveksel. Bane NOR jobber med å rette feilen. Ny oppdatering kommer 5. september kl. 09:00. | Vy kjører minibuss på strekningen",incident | incident,normal | normal,2026-09-05T08:24:10.398942+02:00
NSR:StopPlace:58859,Nordby stasjon,2026-09-05T09:03:51+02:00,2026-09-05T09:03:51+02:00,,0.0,0,Dal,VYG:Line:R13,Drammen-Oslo S-Dal,R13,rail,VYG:ServiceJourney:e734a875-2232-40ab-8029-551d2c6c578d-1618-2026-09-05-2,True,planned,False,Stengt: Dal–Jessheim | Vy kjører minibuss på strekningen,"Dal–Jessheim er stengt for togtrafikk. Du må regne med forsinkelser, og at noen tog kan bli innstilt. Dette skyldes feil på en sporveksel. Bane NOR jobber med å rette feilen. Ny oppdatering kommer 5. september kl. 09:00. | Vy kjører minibuss på strekningen",incident | incident,normal | normal,2026-09-05T08:24:10.398942+02:00
NSR:StopPlace:58859,Nordby stasjon,2026-09-05T09:23:00+02:00,2026-09-05T09:23:00+02:00,,0.0,0,Dal,VYG:Line:R13,Drammen-Oslo S-Dal,R13,rail,VYG:ServiceJourney:1615_443244-R,True,planned,False,Stengt: Dal–Jessheim,"Dal–Jessheim er stengt for togtrafikk. Du må regne med forsinkelser, og at noen tog kan bli innstilt. Dette skyldes feil på en sporveksel. Bane NOR jobber med å rette feilen. Ny oppdatering kommer 5. september kl. 09:00.",incident,normal,2026-09-05T08:24:10.398942+02:00
NSR:StopPlace:58850,Hauerseter stasjon,2026-09-05T07:01:57+02:00,2026-09-05T07:01:57+02:00,,0.0,0,Lillestrøm bussterminal 15,VYG:Line:R13,Drammen-Oslo S-Dal,R13,rail,VYG:ServiceJourney:ff9086b1-9fa5-4d9a-8d30-c8a778b4c95f-1610-2026-09-05-0,True,planned,False,Vy kjører maxitaxi på strekningen,Vy kjører maxitaxi på strekningen,incident,normal,2026-09-05T08:24:10.398942+02:00
NSR:StopPlace:58850,Hauerseter stasjon,2026-09-05T07:31:57+02:00,2026-09-05T07:31:57+02:00,,0.0,0,Jessheim,VYG:Line:R13,Drammen-Oslo S-Dal,R13,rail,VYG:ServiceJourney:a3872adb-9517-41d2-b607-ca7534fb8d71-1612-2026-09-05-0,True,planned,False,Vy kjører maxitaxi på strekningen,Vy kjører maxitaxi på strekningen,incident,normal,2026-09-05T08:24:10.398942+02:00
NSR:StopPlace:58850,Hauerseter stasjon,2026-09-05T07:31:57+02:00,2026-09-05T07:31:57+02:00,,0.0,0,Jessheim,VYG:Line:R13,Drammen-Oslo S-Dal,R13,rail,VYG:ServiceJourney:b1875084-e074-4de6-975c-552625f19a59-1612-2026-09-05-0,True,planned,False,Vy kjører maxitaxi på strekningen,Vy kjører maxitaxi på strekningen,incident,normal,2026-09-05T08:24:10.398942+02:00
NSR:StopPlace:58850,Hauerseter stasjon,2026-09-05T07:36:21+02:00,2026-09-05T07:36:21+02:00,,0.0,0,Dal stasjon,VYG:Line:R13,Drammen-Oslo S-Dal,R13,rail,VYG:ServiceJourney:3c6c8b4b-e39b-4c6d-ac82-22a8b99aa01d-1607-2026-09-05-0,True,planned,False,Vy kjører maxitaxi på strekningen,Vy kjører maxitaxi på strekningen,incident,normal,2026-09-05T08:24:10.398942+02:00
NSR:StopPlace:58850,Hauerseter stasjon,2026-09-05T08:15:14+02:00,2026-09-05T08:15:14+02:00,,0.0,0,Dal,VYG:Line:R13,Drammen-Oslo S-Dal,R13,rail,VYG:ServiceJourney:ae0e1e0a-9f8c-4193-a0a9-5e614f522525-1618-2026-09-05-0,True,planned,False,Vy kjører minibuss på strekningen | Stengt: Dal–Jessheim,"Vy kjører minibuss på strekningen | Dal–Jessheim er stengt for togtrafikk. Du må regne med forsinkelser, og at noen tog kan bli innstilt. Dette skyldes feil på en sporveksel. Bane NOR jobber med å rette feilen. Ny oppdatering kommer 5. september kl. 09:00.",incident | incident,normal | normal,2026-09-05T08:24:10.398942+02:00
NSR:StopPlace:58850,Hauerseter stasjon,2026-09-05T08:22:51+02:00,2026-09-05T08:22:51+02:00,,0.0,0,Dal,VYG:Line:R13,Drammen-Oslo S-Dal,R13,rail,VYG:ServiceJourney:e734a875-2232-40ab-8029-551d2c6c578d-1618-2026-09-05-0,True,planned,False,Stengt: Dal–Jessheim | Vy kjører minibuss på strekningen,"Dal–Jessheim er stengt for togtrafikk. Du må regne med forsinkelser, og at noen tog kan bli innstilt. Dette skyldes feil på en sporveksel. Bane NOR jobber med å rette feilen. Ny oppdatering kommer 5. september kl. 09:00. | Vy kjører minibuss på strekningen",incident | incident,normal | normal,2026-09-05T08:24:10.398942+02:00
NSR:StopPlace:58850,Hauerseter stasjon,2026-09-05T08:31:57+02:00,2026-09-05T08:31:57+02:00,,0.0,0,Jessheim,VYG:Line:R13,Drammen-Oslo S-Dal,R13,rail,VYG:ServiceJourney:91f4df7b-d056-4b4a-9bad-fecbd47a5653-1616-2026-09-05-0,True,planned,False,Stengt: Dal–Jessheim | Vy kjører maxitaxi på strekningen,"Dal–Jessheim er stengt for togtrafikk. Du må regne med forsinkelser, og at noen tog kan bli innstilt. Dette skyldes feil på en sporveksel. Bane NOR jobber med å rette feilen. Ny oppdatering kommer 5. september kl. 09:00. | Vy kjører maxitaxi på strekningen",incident | incident,normal | normal,2026-09-05T08:24:10.398942+02:00
NSR:StopPlace:58850,Hauerseter stasjon,2026-09-05T08:31:57+02:00,2026-09-05T08:31:57+02:00,,0.0,0,Jessheim,VYG:Line:R13,Drammen-Oslo S-Dal,R13,rail,VYG:ServiceJourney:e0482090-6b14-4de3-ab9f-2931415990d5-1616-2026-09-05-0,True,planned,False,Vy kjører maxitaxi på strekningen | Stengt: Dal–Jessheim,"Vy kjører maxitaxi på strekningen | Dal–Jessheim er stengt for togtrafikk. Du må regne med forsinkelser, og at noen tog kan bli innstilt. Dette skyldes feil på en sporveksel. Bane NOR jobber med å rette feilen. Ny oppdatering kommer 5. september kl. 09:00.",incident | incident,normal | normal,2026-09-05T08:24:10.398942+02:00
NSR:StopPlace:58850,Hauerseter stasjon,2026-09-05T08:33:21+02:00,2026-09-05T08:33:21+02:00,,0.0,0,Dal stasjon,VYG:Line:R13,Drammen-Oslo S-Dal,R13,rail,VYG:ServiceJourney:3c6c46bc-0278-4a7b-8846-6b0ed7745ced-1611-2026-09-05-0,True,planned,False,Stengt: Dal–Jessheim | Vy kjører minibuss på strekningen,"Dal–Jessheim er stengt for togtrafikk. Du må regne med forsinkelser, og at noen tog kan bli innstilt. Dette skyldes feil på en sporveksel. Bane NOR jobber med å rette feilen. Ny oppdatering kommer 5. september kl. 09:00. | Vy kjører minibuss på strekningen",incident | incident,normal | normal,2026-09-05T08:24:10.398942+02:00
NSR:StopPlace:58850,Hauerseter stasjon,2026-09-05T08:39:14+02:00,2026-09-05T08:39:14+02:00,,0.0,0,Jessheim,VYG:Line:R13,Drammen-Oslo S-Dal,R13,rail,VYG:ServiceJourney:ae0e1e0a-9f8c-4193-a0a9-5e614f522525-1618-2026-09-05-1,True,planned,False,Stengt: Dal–Jessheim | Vy kjører minibuss på strekningen,"Dal–Jessheim er stengt for togtrafikk. Du må regne med forsinkelser, og at noen tog kan bli innstilt. Dette skyldes feil på en sporveksel. Bane NOR jobber med å rette feilen. Ny oppdatering kommer 5. september kl. 09:00. | Vy kjører minibuss på strekningen",incident | incident,normal | normal,2026-09-05T08:24:10.398942+02:00
NSR:StopPlace:58850,Hauerseter stasjon,2026-09-05T08:46:51+02:00,2026-09-05T08:46:51+02:00,,0.0,0,Jessheim,VYG:Line:R13,Drammen-Oslo S-Dal,R13,rail,VYG:ServiceJourney:e734a875-2232-40ab-8029-551d2c6c578d-1618-2026-09-05-1,True,planned,False,Stengt: Dal–Jessheim | Vy kjører minibuss på strekningen,"Dal–Jessheim er stengt for togtrafikk. Du må regne med forsinkelser, og at noen tog kan bli innstilt. Dette skyldes feil på en sporveksel. Bane NOR jobber med å rette feilen. Ny oppdatering kommer 5. september kl. 09:00. | Vy kjører minibuss på strekningen",incident | incident,normal | normal,2026-09-05T08:24:10.398942+02:00
NSR:StopPlace:58850,Hauerseter stasjon,2026-09-05T09:03:14+02:00,2026-09-05T09:03:14+02:00,,0.0,0,Dal,VYG:Line:R13,Drammen-Oslo S-Dal,R13,rail,VYG:ServiceJourney:ae0e1e0a-9f8c-4193-a0a9-5e614f522525-1618-2026-09-05-2,True,planned,False,Stengt: Dal–Jessheim | Vy kjører minibuss på strekningen,"Dal–Jessheim er stengt for togtrafikk. Du må regne med forsinkelser, og at noen tog kan bli innstilt. Dette skyldes feil på en sporveksel. Bane NOR jobber med å rette feilen. Ny oppdatering kommer 5. september kl. 09:00. | Vy kjører minibuss på strekningen",incident | incident,normal | normal,2026-09-05T08:24:10.398942+02:00
NSR:StopPlace:58850,Hauerseter stasjon,2026-09-05T09:10:51+02:00,2026-09-05T09:10:51+02:00,,0.0,0,Dal,VYG:Line:R13,Drammen-Oslo S-Dal,R13,rail,VYG:ServiceJourney:e734a875-2232-40ab-8029-551d2c6c578d-1618-2026-09-05-2,True,planned,False,Stengt: Dal–Jessheim | Vy kjører minibuss på strekningen,"Dal–Jessheim er stengt for togtrafikk. Du må regne med forsinkelser, og at noen tog kan bli innstilt. Dette skyldes feil på en sporveksel. Bane NOR jobber med å rette feilen. Ny oppdatering kommer 5. september kl. 09:00. | Vy kjører minibuss på strekningen",incident | incident,normal | normal,2026-09-05T08:24:10.398942+02:00
NSR:StopPlace:58851,Heggedal stasjon,2026-09-05T08:29:00+02:00,2026-09-05T08:29:00+02:00,,0.0,0,Rustadgrenda,RUT:Line:286,Rustadgrenda-Heggedal,286,bus,RUT:ServiceJourney:2e161241d964f89ec8ee58ef2d81e6b5,True,planned,False,,,,,2026-09-05T08:24:10.398942+02:00
NSR:StopPlace:58851,Heggedal stasjon,2026-09-05T08:29:00+02:00,2026-09-05T08:29:00+02:00,,0.0,0,Asker,RUT:Line:280,Asker - Dikemark - Heggedal,280,bus,RUT:ServiceJourney:fea819288585782ab902a24af04c1b91,True,planned,False,,,,,2026-09-05T08:24:10.398942+02:00
NSR:StopPlace:58851,Heggedal stasjon,2026-09-05T08:55:00+02:00,2026-09-05T08:55:00+02:00,,0.0,0,Lillestrøm,VYG:Line:L1,Spikkestad-Oslo S-Lillestrøm,L1,rail,VYG:ServiceJourney:2220_443616-R,True,planned,False,,,,,2026-09-05T08:24:10.398942+02:00
NSR:StopPlace:58851,Heggedal stasjon,2026-09-05T09:24:00+02:00,2026-09-05T09:24:00+02:00,,0.0,0,Lillestrøm,VYG:Line:L1,Spikkestad-Oslo S-Lillestrøm,L1,rail,VYG:ServiceJourney:2222_443619-R,True,planned,False,,,,,2026-09-05T08:24:10.398942+02:00
NSR:StopPlace:58864,Sørumsand stasjon,2026-09-05T08:29:00+02:00,2026-09-05T08:29:00+02:00,,0.0,0,Asker,VYG:Line:R14,Asker-Oslo S-Kongsvinger,R14,rail,VYG:ServiceJourney:1008_442913-R,True,planned,False,,,,,2026-09-05T08:24:10.398942+02:00
NSR:StopPlace:58865,Vestby stasjon,2026-09-05T08:40:00+02:00,2026-09-05T08:40:00+02:00,,0.0,0,Stabekk,VYG:Line:R21,Stabekk-Oslo S-Moss,R21,rail,VYG:ServiceJourney:1118-MOS_442993-R,True,planned,False,,,,,2026-09-05T08:24:10.398942+02:00
NSR:StopPlace:58865,Vestby stasjon,2026-09-05T08:45:00+02:00,2026-09-05T08:45:00+02:00,,0.0,0,Moss,VYG:Line:R21,Stabekk-Oslo S-Moss,R21,rail,VYG:ServiceJourney:1113-HVK_442988-R,True,planned,False,,,,,2026-09-05T08:24:10.398942+02:00
NSR:StopPlace:58865,Vestby stasjon,2026-09-05T08:50:00+02:00,2026-09-05T08:50:00+02:00,,0.0,0,Moss,RUT:Line:540,Moss - Son - Vestby stasjon,540,bus,RUT:ServiceJourney:16dd1ce58c670fbdcd19bd99b8dbc312,True,planned,False,,,,,2026-09-05T08:24:10.398942+02:00
NSR:StopPlace:58865,Vestby stasjon,2026-09-05T08:50:00+02:00,2026-09-05T08:50:00+02:00,,0.0,0,Randem,RUT:Line:533,Randem - Vestby stasjon,533,bus,RUT:ServiceJourney:c640ac3e0fca3dff2558deee603b7c9b,True,planned,False,,,,,2026-09-05T08:24:10.398942+02:00
NSR:StopPlace:58865,Vestby stasjon,2026-09-05T09:10:00+02:00,2026-09-05T09:10:00+02:00,,0.0,0,Stabekk,VYG:Line:R21,Stabekk-Oslo S-Moss,R21,rail,VYG:ServiceJourney:1120-MOS_442996-R,True,planned,False,,,,,2026-09-05T08:24:10.398942+02:00
NSR:StopPlace:58865,Vestby stasjon,2026-09-05T09:15:00+02:00,2026-09-05T09:15:00+02:00,,0.0,0,Moss,VYG:Line:R21,Stabekk-Oslo S-Moss,R21,rail,VYG:ServiceJourney:1115-HVK_442990-R,True,planned,False,,,,,2026-09-05T08:24:10.398942+02:00
NSR:StopPlace:58866,Vevelstad stasjon,2026-09-05T07:14:00+02:00,2026-09-05T07:14:00+02:00,,0.0,0,Ski,VYG:Line:L2,Stabekk-Oslo S-Ski,L2,rail,VYG:ServiceJourney:2707-HVK_699728-R,True,planned,False,,,,,2026-09-05T08:24:10.398942+02:00
NSR:StopPlace:58866,Vevelstad stasjon,2026-09-05T07:44:00+02:00,2026-09-05T07:44:00+02:00,,0.0,0,Ski,VYG:Line:L2,Stabekk-Oslo S-Ski,L2,rail,VYG:ServiceJourney:2709-HVK_443915-R,True,planned,False,,,,,2026-09-05T08:24:10.398942+02:00
NSR:StopPlace:58866,Vevelstad stasjon,2026-09-05T08:36:00+02:00,2026-09-05T08:36:00+02:00,,0.0,0,Drøbak - Frogn vgs.,RUT:Line:510,Bøleråsen - Ski - Ås - Drøbak,510,bus,RUT:ServiceJourney:5174fa03474d2c7f8c87c2d80c4d218c,True,planned,False,,,,,2026-09-05T08:24:10.398942+02:00
NSR:StopPlace:58866,Vevelstad stasjon,2026-09-05T08:44:00+02:00,2026-09-05T08:44:00+02:00,,0.0,0,Ski,VYG:Line:L2,Stabekk-Oslo S-Ski,L2,rail,VYG:ServiceJourney:2713-HVK_699742-R,True,planned,False,,,,,2026-09-05T08:24:10.398942+02:00
NSR:StopPlace:58866,Vevelstad stasjon,2026-09-05T08:44:00+02:00,2026-09-05T08:44:00+02:00,,0.0,0,Stabekk,VYG:Line:L2,Stabekk-Oslo S-Ski,L2,rail,VYG:ServiceJourney:2720-SKI_443927-R,True,planned,False,,,,,2026-09-05T08:24:10.398942+02:00
NSR:StopPlace:58866,Vevelstad stasjon,2026-09-05T08:51:00+02:00,2026-09-05T08:51:00+02:00,,0.0,0,Drøbak - Seiersten,RUT:Line:510,Bøleråsen - Ski - Ås - Drøbak,510,bus,RUT:ServiceJourney:d6a542adc81310e58375ed3ec0cc358e,True,planned,False,,,,,2026-09-05T08:24:10.398942+02:00
NSR:StopPlace:58866,Vevelstad stasjon,2026-09-05T09:04:00+02:00,2026-09-05T09:04:00+02:00,,0.0,0,Bøleråsen,RUT:Line:510,Bøleråsen - Ski - Ås - Drøbak,510,bus,RUT:ServiceJourney:853905f03990e096b3649bdd8404f85d,True,planned,False,,,,,2026-09-05T08:24:10.398942+02:00
NSR:StopPlace:58866,Vevelstad stasjon,2026-09-05T09:06:00+02:00,2026-09-05T09:06:00+02:00,,0.0,0,Drøbak - Frogn vgs.,RUT:Line:510,Bøleråsen - Ski - Ås - Drøbak,510,bus,RUT:ServiceJourney:5e06def0b77e53ba90a0d3c85c5d2835,True,planned,False,,,,,2026-09-05T08:24:10.398942+02:00
NSR:StopPlace:58866,Vevelstad stasjon,2026-09-05T09:14:00+02:00,2026-09-05T09:14:00+02:00,,0.0,0,Ski,VYG:Line:L2,Stabekk-Oslo S-Ski,L2,rail,VYG:ServiceJourney:2715-HVK_699747-R,True,planned,False,,,,,2026-09-05T08:24:10.398942+02:00
NSR:StopPlace:58866,Vevelstad stasjon,2026-09-05T09:14:00+02:00,2026-09-05T09:14:00+02:00,,0.0,0,Stabekk,VYG:Line:L2,Stabekk-Oslo S-Ski,L2,rail,VYG:ServiceJourney:2722-SKI_443929-R,True,planned,False,,,,,2026-09-05T08:24:10.398942+02:00
NSR:StopPlace:58866,Vevelstad stasjon,2026-09-05T09:21:00+02:00,2026-09-05T09:21:00+02:00,,0.0,0,Drøbak - Seiersten,RUT:Line:510,Bøleråsen - Ski - Ås - Drøbak,510,bus,RUT:ServiceJourney:53dd1ecf56d36049c2ec629879990534,True,planned,False,,,,,2026-09-05T08:24:10.398942+02:00
NSR:StopPlace:58868,Årnes stasjon,2026-09-05T08:51:00+02:00,2026-09-05T08:51:00+02:00,,0.0,0,Kongsvinger,VYG:Line:R14,Asker-Oslo S-Kongsvinger,R14,rail,VYG:ServiceJourney:1007_442912-R,True,planned,False,,,,,2026-09-05T08:24:10.398942+02:00
NSR:StopPlace:58868,Årnes stasjon,2026-09-05T09:07:00+02:00,2026-09-05T09:07:00+02:00,,0.0,0,Asker,VYG:Line:R14,Asker-Oslo S-Kongsvinger,R14,rail,VYG:ServiceJourney:1010_442915-R,True,planned,False,,,,,2026-09-05T08:24:10.398942+02:00
NSR:StopPlace:58869,Ås stasjon,2026-09-05T08:40:00+02:00,2026-09-05T08:40:00+02:00,,0.0,0,Moss,VYG:Line:R21,Stabekk-Oslo S-Moss,R21,rail,VYG:ServiceJourney:1113-HVK_442988-R,True,planned,False,,,,,2026-09-05T08:24:10.398942+02:00
NSR:StopPlace:58869,Ås stasjon,2026-09-05T08:45:00+02:00,2026-09-05T08:45:00+02:00,,0.0,0,Stabekk,VYG:Line:R21,Stabekk-Oslo S-Moss,R21,rail,VYG:ServiceJourney:1118-MOS_442993-R,True,planned,False,,,,,2026-09-05T08:24:10.398942+02:00
NSR:StopPlace:58869,Ås stasjon,2026-09-05T09:10:00+02:00,2026-09-05T09:10:00+02:00,,0.0,0,Moss,VYG:Line:R21,Stabekk-Oslo S-Moss,R21,rail,VYG:ServiceJourney:1115-HVK_442990-R,True,planned,False,,,,,2026-09-05T08:24:10.398942+02:00
NSR:StopPlace:58869,Ås stasjon,2026-09-05T09:15:00+02:00,2026-09-05T09:15:00+02:00,,0.0,0,Stabekk,VYG:Line:R21,Stabekk-Oslo S-Moss,R21,rail,VYG:ServiceJourney:1120-MOS_442996-R,True,planned,False,,,,,2026-09-05T08:24:10.398942+02:00
NSR:StopPlace:58860,Oppegård stasjon,2026-09-05T07:12:00+02:00,2026-09-05T07:12:00+02:00,,0.0,0,Ski,VYG:Line:L2,Stabekk-Oslo S-Ski,L2,rail,VYG:ServiceJourney:2707-HVK_699728-R,True,planned,False,,,,,2026-09-05T08:24:10.398942+02:00
NSR:StopPlace:58860,Oppegård stasjon,2026-09-05T07:42:00+02:00,2026-09-05T07:42:00+02:00,,0.0,0,Ski,VYG:Line:L2,Stabekk-Oslo S-Ski,L2,rail,VYG:ServiceJourney:2709-HVK_443915-R,True,planned,False,,,,,2026-09-05T08:24:10.398942+02:00
NSR:StopPlace:58860,Oppegård stasjon,2026-09-05T08:31:00+02:00,2026-09-05T08:31:00+02:00,,0.0,0,Ski stasjon,RUT:Line:580,Kolbotn - Ski,580,bus,RUT:ServiceJourney:ecad011fc39660c7f3d6f196a3571f96,True,planned,False,,,,,2026-09-05T08:24:10.398942+02:00
NSR:StopPlace:58860,Oppegård stasjon,2026-09-05T08:42:00+02:00,2026-09-05T08:42:00+02:00,,0.0,0,Ski,VYG:Line:L2,Stabekk-Oslo S-Ski,L2,rail,VYG:ServiceJourney:2713-HVK_699742-R,True,planned,False,,,,,2026-09-05T08:24:10.398942+02:00
NSR:StopPlace:58860,Oppegård stasjon,2026-09-05T08:46:00+02:00,2026-09-05T08:46:00+02:00,,0.0,0,Stabekk,VYG:Line:L2,Stabekk-Oslo S-Ski,L2,rail,VYG:ServiceJourney:2720-SKI_443927-R,True,planned,False,,,,,2026-09-05T08:24:10.398942+02:00
NSR:StopPlace:58860,Oppegård stasjon,2026-09-05T09:01:00+02:00,2026-09-05T09:01:00+02:00,,0.0,0,Ski stasjon,RUT:Line:580,Kolbotn - Ski,580,bus,RUT:ServiceJourney:630b71ab6b11695bc57216a4c3da8210,True,planned,False,,,,,2026-09-05T08:24:10.398942+02:00
NSR:StopPlace:58860,Oppegård stasjon,2026-09-05T09:12:00+02:00,2026-09-05T09:12:00+02:00,,0.0,0,Ski,VYG:Line:L2,Stabekk-Oslo S-Ski,L2,rail,VYG:ServiceJourney:2715-HVK_699747-R,True,planned,False,,,,,2026-09-05T08:24:10.398942+02:00
NSR:StopPlace:58860,Oppegård stasjon,2026-09-05T09:16:00+02:00,2026-09-05T09:16:00+02:00,,0.0,0,Stabekk,VYG:Line:L2,Stabekk-Oslo S-Ski,L2,rail,VYG:ServiceJourney:2722-SKI_443929-R,True,planned,False,,,,,2026-09-05T08:24:10.398942+02:00
NSR:StopPlace:58861,Solbråtan stasjon,2026-09-05T07:35:00+02:00,2026-09-05T07:35:00+02:00,,0.0,0,Ski,VYG:Line:L2,Stabekk-Oslo S-Ski,L2,rail,VYG:ServiceJourney:2709-HVK_443915-R,True,planned,False,,,,,2026-09-05T08:24:10.398942+02:00
NSR:StopPlace:58861,Solbråtan stasjon,2026-09-05T08:35:00+02:00,2026-09-05T08:35:00+02:00,,0.0,0,Ski,VYG:Line:L2,Stabekk-Oslo S-Ski,L2,rail,VYG:ServiceJourney:2713-HVK_699742-R,True,planned,False,,,,,2026-09-05T08:24:10.398942+02:00
NSR:StopPlace:58861,Solbråtan stasjon,2026-09-05T08:45:00+02:00,2026-09-05T08:45:00+02:00,,0.0,0,Bjørvika,RUT:Line:83,Jernbanetorget - Tårnåsen,83,bus,RUT:ServiceJourney:e7105882a26573be67bee76c1346c2c0,True,planned,False,Linje 80E og 83 får Hausmanns bru som ny endeholdeplass fra 29. juni,"Bussene stopper ikke på Jernbanetorget etter 29. juni, men starter og stopper på Hausmanns bru i Nylandsveien.",incident,normal,2026-09-05T08:24:10.398942+02:00
NSR:StopPlace:58861,Solbråtan stasjon,2026-09-05T08:53:00+02:00,2026-09-05T08:53:00+02:00,,0.0,0,Stabekk,VYG:Line:L2,Stabekk-Oslo S-Ski,L2,rail,VYG:ServiceJourney:2720-SKI_443927-R,True,planned,False,,,,,2026-09-05T08:24:10.398942+02:00
NSR:StopPlace:58861,Solbråtan stasjon,2026-09-05T09:05:00+02:00,2026-09-05T09:05:00+02:00,,0.0,0,Ski,VYG:Line:L2,Stabekk-Oslo S-Ski,L2,rail,VYG:ServiceJourney:2715-HVK_699747-R,True,planned,False,,,,,2026-09-05T08:24:10.398942+02:00
NSR:StopPlace:58861,Solbråtan stasjon,2026-09-05T09:11:00+02:00,2026-09-05T09:11:00+02:00,,0.0,0,Tårnåsen,RUT:Line:83,Jernbanetorget - Tårnåsen,83,bus,RUT:ServiceJourney:8ee85c21160e20898dd76058cb1d9f67,True,planned,False,Linje 80E og 83 får Hausmanns bru som ny endeholdeplass fra 29. juni,"Bussene stopper ikke på Jernbanetorget etter 29. juni, men starter og stopper på Hausmanns bru i Nylandsveien.",incident,normal,2026-09-05T08:24:10.398942+02:00
NSR:StopPlace:58861,Solbråtan stasjon,2026-09-05T09:23:00+02:00,2026-09-05T09:23:00+02:00,,0.0,0,Stabekk,VYG:Line:L2,Stabekk-Oslo S-Ski,L2,rail,VYG:ServiceJourney:2722-SKI_443929-R,True,planned,False,,,,,2026-09-05T08:24:10.398942+02:00
NSR:StopPlace:58862,Strømmen stasjon,2026-09-05T08:45:00+02:00,2026-09-05T08:45:00+02:00,,0.0,0,Spikkestad,VYG:Line:L1,Spikkestad-Oslo S-Lillestrøm,L1,rail,VYG:ServiceJourney:2217_443610-R,True,planned,False,,,,,2026-09-05T08:24:10.398942+02:00
NSR:StopPlace:58862,Strømmen stasjon,2026-09-05T09:05:00+02:00,2026-09-05T09:05:00+02:00,,0.0,0,Lillestrøm,VYG:Line:L1,Spikkestad-Oslo S-Lillestrøm,L1,rail,VYG:ServiceJourney:2216_443609-R,True,planned,False,,,,,2026-09-05T08:24:10.398942+02:00
NSR:StopPlace:58862,Strømmen stasjon,2026-09-05T09:15:00+02:00,2026-09-05T09:15:00+02:00,,0.0,0,Spikkestad,VYG:Line:L1,Spikkestad-Oslo S-Lillestrøm,L1,rail,VYG:ServiceJourney:2219_443614-R,True,planned,False,,,,,2026-09-05T08:24:10.398942+02:00
NSR:StopPlace:58874,Stokke stasjon,2026-09-05T07:34:00+02:00,2026-09-05T07:34:00+02:00,,0.0,0,Skien stasjon,VYG:Line:RE11,Eidsvoll-Oslo S-Skien,RE11,rail,VYG:ServiceJourney:75ab5651-7b01-46b0-975b-e982c2fc37d3-90883-2026-09-05-0,True,planned,False,,,,,2026-09-05T08:24:10.398942+02:00
NSR:StopPlace:58874,Stokke stasjon,2026-09-05T07:34:00+02:00,2026-09-05T07:34:00+02:00,,0.0,0,Skien stasjon,VYG:Line:RE11,Eidsvoll-Oslo S-Skien,RE11,rail,VYG:ServiceJourney:96d67fdf-0fc3-4d48-8754-1b725e83c1fc-90883-2026-09-05-0,True,planned,False,,,,,2026-09-05T08:24:10.398942+02:00
NSR:StopPlace:58874,Stokke stasjon,2026-09-05T08:31:00+02:00,2026-09-05T08:31:00+02:00,,0.0,0,Drammen,VYG:Line:RE11,Eidsvoll-Oslo S-Skien,RE11,rail,VYG:ServiceJourney:BUS-808_654237-R,True,planned,False,,,,,2026-09-05T08:24:10.398942+02:00
NSR:StopPlace:58874,Stokke stasjon,2026-09-05T08:37:00+02:00,2026-09-05T08:37:00+02:00,,0.0,0,Sørby,VKT:Line:520,Tønsberg-Stokke,520,bus,VKT:ServiceJourney:17258,True,planned,False,,,,,2026-09-05T08:24:10.398942+02:00
NSR:StopPlace:58874,Stokke stasjon,2026-09-05T08:37:00+02:00,2026-09-05T08:37:00+02:00,,0.0,0,Skien,VYG:Line:RE11,Eidsvoll-Oslo S-Skien,RE11,rail,VYG:ServiceJourney:90805_646812-R,True,planned,False,,,,,2026-09-05T08:24:10.398942+02:00
NSR:StopPlace:58874,Stokke stasjon,2026-09-05T09:21:00+02:00,2026-09-05T09:21:00+02:00,,0.0,0,Tønsberg,VYG:Line:RE11,Eidsvoll-Oslo S-Skien,RE11,rail,VYG:ServiceJourney:BUS-807_654231-R,True,planned,False,,,,,2026-09-05T08:24:10.398942+02:00
NSR:StopPlace:58875,Torp stasjon,2026-09-05T07:43:47+02:00,2026-09-05T07:43:47+02:00,,0.0,0,Skien stasjon,VYG:Line:RE11,Eidsvoll-Oslo S-Skien,RE11,rail,VYG:ServiceJourney:75ab5651-7b01-46b0-975b-e982c2fc37d3-90883-2026-09-05-0,True,planned,False,,,,,2026-09-05T08:24:10.398942+02:00
NSR:StopPlace:58875,Torp stasjon,2026-09-05T08:42:00+02:00,2026-09-05T08:42:00+02:00,,0.0,0,Skien,VYG:Line:RE11,Eidsvoll-Oslo S-Skien,RE11,rail,VYG:ServiceJourney:90805_646812-R,True,planned,False,,,,,2026-09-05T08:24:10.398942+02:00
NSR:StopPlace:58875,Torp stasjon,2026-09-05T09:21:00+02:00,2026-09-05T09:21:00+02:00,,0.0,0,Eidsvoll,VYG:Line:RE11,Eidsvoll-Oslo S-Skien,RE11,rail,VYG:ServiceJourney:90810_646817-R,True,planned,False,,,,,2026-09-05T08:24:10.398942+02:00
NSR:StopPlace:58876,Tønsberg stasjon,2026-09-05T08:06:00+02:00,2026-09-05T08:06:00+02:00,,0.0,0,Sandefjord-Framnes,VKT:Line:1,Horten-Tønsberg-Sandefjord,1,bus,VKT:ServiceJourney:15593,True,planned,False,,,,,2026-09-05T08:24:10.398942+02:00
NSR:StopPlace:58876,Tønsberg stasjon,2026-09-05T08:36:00+02:00,2026-09-05T08:36:00+02:00,,0.0,0,Barkåker,VKT:Line:59,Barkåker-Tønsberg-Sandeåsen,59,bus,VKT:ServiceJourney:16073,True,planned,False,,,,,2026-09-05T08:24:10.398942+02:00
NSR:StopPlace:58876,Tønsberg stasjon,2026-09-05T09:03:00+02:00,2026-09-05T09:03:00+02:00,,0.0,0,Stokke,VYG:Line:RE11,Eidsvoll-Oslo S-Skien,RE11,rail,VYG:ServiceJourney:BUS-807_654227-R,True,planned,False,,,,,2026-09-05T08:24:10.398942+02:00
NSR:StopPlace:58876,Tønsberg stasjon,2026-09-05T09:06:00+02:00,2026-09-05T09:06:00+02:00,,0.0,0,Sandefjord-Framnes,VKT:Line:1,Horten-Tønsberg-Sandefjord,1,bus,VKT:ServiceJourney:15594,True,planned,False,,,,,2026-09-05T08:24:10.398942+02:00
NSR:StopPlace:58876,Tønsberg stasjon,2026-09-05T09:17:00+02:00,2026-09-05T09:17:00+02:00,,0.0,0,Tønsberg-Åsgårdstrand,VKT:Line:1,Horten-Tønsberg-Sandefjord,1,bus,VKT:ServiceJourney:15660,True,planned,False,,,,,2026-09-05T08:24:10.398942+02:00
NSR:StopPlace:58870,Holmestrand stasjon,2026-09-05T08:40:00+02:00,2026-09-05T08:40:00+02:00,,0.0,0,Hvitstein-Kleiverud,VKT:Line:30,Kleiverud-Holmestrand,30,bus,VKT:ServiceJourney:14876,True,planned,False,,,,,2026-09-05T08:24:10.398942+02:00
NSR:StopPlace:58872,Sandefjord stasjon,2026-09-05T06:46:25+02:00,2026-09-05T06:46:25+02:00,,0.0,0,Stokke stasjon,VYG:Line:RE11,Eidsvoll-Oslo S-Skien,RE11,rail,VYG:ServiceJourney:63d7efc4-6580-4756-a09c-6f2138311be4-90806-2026-09-05-0,True,planned,False,,,,,2026-09-05T08:24:10.398942+02:00
NSR:StopPlace:58872,Sandefjord stasjon,2026-09-05T07:51:33+02:00,2026-09-05T07:51:33+02:00,,0.0,0,Skien stasjon,VYG:Line:RE11,Eidsvoll-Oslo S-Skien,RE11,rail,VYG:ServiceJourney:75ab5651-7b01-46b0-975b-e982c2fc37d3-90883-2026-09-05-0,True,planned,False,,,,,2026-09-05T08:24:10.398942+02:00
NSR:StopPlace:58872,Sandefjord stasjon,2026-09-05T08:48:00+02:00,2026-09-05T08:48:00+02:00,,0.0,0,Skien,VYG:Line:RE11,Eidsvoll-Oslo S-Skien,RE11,rail,VYG:ServiceJourney:90805_646812-R,True,planned,False,,,,,2026-09-05T08:24:10.398942+02:00
NSR:StopPlace:58872,Sandefjord stasjon,2026-09-05T09:17:00+02:00,2026-09-05T09:17:00+02:00,,0.0,0,Eidsvoll,VYG:Line:RE11,Eidsvoll-Oslo S-Skien,RE11,rail,VYG:ServiceJourney:90810_646817-R,True,planned,False,,,,,2026-09-05T08:24:10.398942+02:00
NSR:StopPlace:58873,Skoppum stasjon,2026-09-05T06:38:00+02:00,2026-09-05T06:38:00+02:00,,0.0,0,Stokke,VYG:Line:RE11,Eidsvoll-Oslo S-Skien,RE11,rail,VYG:ServiceJourney:BUS-883_654495-R,True,planned,False,,,,,2026-09-05T08:24:10.398942+02:00
NSR:StopPlace:58886,Arendal stasjon,2026-09-05T08:27:00+02:00,2026-09-05T08:27:00+02:00,,0.0,0,Solåsen,AKT:Line:111,Sykehuset-Arendal-Solåsen,111,bus,AKT:ServiceJourney:73613_331_23_60600_61800_40001009,True,planned,False,,,,,2026-09-05T08:24:10.398942+02:00
NSR:StopPlace:58886,Arendal stasjon,2026-09-05T08:32:00+02:00,2026-09-05T08:32:00+02:00,,0.0,0,Tromøy Øst via Østre Tromøyvei,AKT:Line:102,Tromøy Øst-Arendal-Rykene,102,bus,AKT:ServiceJourney:72089_252_58_57960_60960_40000975,True,planned,False,,,,,2026-09-05T08:24:10.398942+02:00
NSR:StopPlace:58886,Arendal stasjon,2026-09-05T08:40:00+02:00,2026-09-05T08:40:00+02:00,,0.0,0,Arendal sentrum,AKT:Line:111,Sykehuset-Arendal-Solåsen,111,bus,AKT:ServiceJourney:73613_331_23_60600_61800_40001009,True,planned,False,,,,,2026-09-05T08:24:10.398942+02:00
NSR:StopPlace:58886,Arendal stasjon,2026-09-05T08:47:00+02:00,2026-09-05T08:47:00+02:00,,0.0,0,Eydehavn,AKT:Line:101,Eydehavn-Arendal-Grimstad N/S,101,bus,AKT:ServiceJourney:71911_532_79_57360_61560_40001426,True,planned,False,,,,,2026-09-05T08:24:10.398942+02:00
NSR:StopPlace:58886,Arendal stasjon,2026-09-05T08:52:00+02:00,2026-09-05T08:52:00+02:00,,0.0,0,Hisøy via Arendal sentrum,AKT:Line:103,Tromøy Vest-Arendal-Hisøy,103,bus,AKT:ServiceJourney:83481_231_54_61680_64320_40001671,True,planned,False,,,,,2026-09-05T08:24:10.398942+02:00
NSR:StopPlace:58886,Arendal stasjon,2026-09-05T08:57:00+02:00,2026-09-05T08:57:00+02:00,,0.0,0,Solåsen,AKT:Line:111,Sykehuset-Arendal-Solåsen,111,bus,AKT:ServiceJourney:73614_341_23_64200_65400_40001009,True,planned,False,,,,,2026-09-05T08:24:10.398942+02:00
NSR:StopPlace:58886,Arendal stasjon,2026-09-05T09:02:00+02:00,2026-09-05T09:02:00+02:00,,0.0,0,Tromøy Vest,AKT:Line:103,Tromøy Vest-Arendal-Hisøy,103,bus,AKT:ServiceJourney:83646_262_50_62160_64800_40001024,True,planned,False,,,,,2026-09-05T08:24:10.398942+02:00
NSR:StopPlace:58886,Arendal stasjon,2026-09-05T09:10:00+02:00,2026-09-05T09:10:00+02:00,,0.0,0,Arendal sentrum,AKT:Line:111,Sykehuset-Arendal-Solåsen,111,bus,AKT:ServiceJourney:73614_341_23_64200_65400_40001009,True,planned,False,,,,,2026-09-05T08:24:10.398942+02:00
NSR:StopPlace:58886,Arendal stasjon,2026-09-05T09:17:00+02:00,2026-09-05T09:17:00+02:00,,0.0,0,Eydehavn,AKT:Line:101,Eydehavn-Arendal-Grimstad N/S,101,bus,AKT:ServiceJourney:71912_542_87_60360_64860_40001426,True,planned,False,,,,,2026-09-05T08:24:10.398942+02:00
NSR:StopPlace:58886,Arendal stasjon,2026-09-05T09:22:00+02:00,2026-09-05T09:22:00+02:00,,0.0,0,Rykene via Arendal sentrum,AKT:Line:102,Tromøy Øst-Arendal-Rykene,102,bus,AKT:ServiceJourney:72026_251_72_64320_67740_40001667,True,planned,False,,,,,2026-09-05T08:24:10.398942+02:00
NSR:StopPlace:58884,Skien stasjon,2026-09-05T06:07:00+02:00,2026-09-05T06:07:00+02:00,,0.0,0,Stokke stasjon,VYG:Line:RE11,Eidsvoll-Oslo S-Skien,RE11,rail,VYG:ServiceJourney:4261a87f-a2c7-4238-8ff5-3bb3e96fda1a-90806-2026-09-05-0,True,planned,False,,,,,2026-09-05T08:24:10.398942+02:00
NSR:StopPlace:58884,Skien stasjon,2026-09-05T08:39:00+02:00,2026-09-05T08:39:00+02:00,,0.0,0,Eidsvoll,VYG:Line:RE11,Eidsvoll-Oslo S-Skien,RE11,rail,VYG:ServiceJourney:90810_646817-R,True,planned,False,,,,,2026-09-05T08:24:10.398942+02:00
NSR:StopPlace:58890,Nelaug stasjon,2026-09-05T08:54:00+02:00,2026-09-05T08:54:00+02:00,,0.0,0,Oslo S,GOA:Line:50,Sørtoget region,F5,rail,GOA:ServiceJourney:704-KRS_65441-R,True,planned,False,,,,,2026-09-05T08:24:10.398942+02:00
NSR:StopPlace:58891,Vegårshei stasjon,2026-09-05T09:08:00+02:00,2026-09-05T09:08:00+02:00,,0.0,0,Oslo S,GOA:Line:50,Sørtoget region,F5,rail,GOA:ServiceJourney:704-KRS_65441-R,True,planned,False,,,,,2026-09-05T08:24:10.398942+02:00
NSR:StopPlace:58892,Audnedal stasjon,2026-09-05T09:00:00+02:00,2026-09-05T09:00:00+02:00,,0.0,0,Oslo S,GOA:Line:50,Sørtoget region,F5,rail,GOA:ServiceJourney:706-KVB_68388-R,True,planned,False,,,,,2026-09-05T08:24:10.398942+02:00
NSR:StopPlace:58893,Grovane stasjon,2026-09-05T08:37:00+02:00,2026-09-05T08:37:00+02:00,,0.0,0,Kristiansand,AKT:Line:31,Kvadraturen - Sødal - Vennesla,31,bus,AKT:ServiceJourney:102302_6132_44_62040_64260_3950001,True,planned,False,,,,,2026-09-05T08:24:10.398942+02:00
NSR:StopPlace:58893,Grovane stasjon,2026-09-05T09:07:00+02:00,2026-09-05T09:07:00+02:00,,0.0,0,Kristiansand via Moseidmoen - Mosby,AKT:Line:30,Kvadraturen - Mosby - Vennesl,30,bus,AKT:ServiceJourney:102072_6112_48_65640_68400_40001545,True,planned,False,,,,,2026-09-05T08:24:10.398942+02:00
NSR:StopPlace:58800,Råde stasjon,2026-09-05T08:59:00+02:00,2026-09-05T08:59:00+02:00,,0.0,0,Oslo S,VYG:Line:RE20,Oslo S-Halden-Göteborg (X-Border),RE20,rail,VYG:ServiceJourney:110-HLD_451934-R,True,planned,False,,,,,2026-09-05T08:24:10.398942+02:00
NSR:StopPlace:58800,Råde stasjon,2026-09-05T09:00:00+02:00,2026-09-05T09:00:00+02:00,,0.0,0,Göteborg C,VYG:Line:RE20,Oslo S-Halden-Göteborg (X-Border),RE20,rail,VYG:ServiceJourney:107-385_465652-R,True,planned,False,,,,,2026-09-05T08:24:10.398942+02:00
NSR:StopPlace:58801,Sarpsborg stasjon,2026-09-05T08:31:00+02:00,2026-09-05T08:31:00+02:00,,0.0,0,Halden,VYG:Line:RE20,Oslo S-Halden-Göteborg (X-Border),RE20,rail,VYG:ServiceJourney:105_481133-R,True,planned,False,,,,,2026-09-05T08:24:10.398942+02:00
NSR:StopPlace:58801,Sarpsborg stasjon,2026-09-05T08:32:00+02:00,2026-09-05T08:32:00+02:00,,0.0,0,Oslo S,VYG:Line:RE20,Oslo S-Halden-Göteborg (X-Border),RE20,rail,VYG:ServiceJourney:110-HLD_451934-R,True,planned,False,,,,,2026-09-05T08:24:10.398942+02:00
NSR:StopPlace:58802,Spydeberg stasjon,2026-09-05T08:36:00+02:00,2026-09-05T08:36:00+02:00,,0.0,0,Rakkestad,VYG:Line:R22,Skøyen-Oslo S-Mysen-Rakkestad,R22,rail,VYG:ServiceJourney:1907_443443-R,True,planned,False,,,,,2026-09-05T08:24:10.398942+02:00
NSR:StopPlace:58802,Spydeberg stasjon,2026-09-05T09:20:00+02:00,2026-09-05T09:20:00+02:00,,0.0,0,Oslo S,VYG:Line:R22,Skøyen-Oslo S-Mysen-Rakkestad,R22,rail,VYG:ServiceJourney:1912_443451-R,True,planned,False,,,,,2026-09-05T08:24:10.398942+02:00
NSR:StopPlace:58803,Tomter stasjon,2026-09-05T08:28:00+02:00,2026-09-05T08:28:00+02:00,,0.0,0,Rakkestad,VYG:Line:R22,Skøyen-Oslo S-Mysen-Rakkestad,R22,rail,VYG:ServiceJourney:1907_443443-R,True,planned,False,,,,,2026-09-05T08:24:10.398942+02:00
NSR:StopPlace:58803,Tomter stasjon,2026-09-05T08:29:00+02:00,2026-09-05T08:29:00+02:00,,0.0,0,Oslo S,VYG:Line:R22,Skøyen-Oslo S-Mysen-Rakkestad,R22,rail,VYG:ServiceJourney:1910_443447-R,True,planned,False,,,,,2026-09-05T08:24:10.398942+02:00
NSR:StopPlace:58804,Alvdal stasjon,2026-09-05T09:20:00+02:00,2026-09-05T09:20:00+02:00,,0.0,0,Tynset,INN:Line:181,Tynset - Alvdal - Folldal,181,bus,INN:ServiceJourney:84472,True,planned,False,,,,,2026-09-05T08:24:10.398942+02:00
NSR:StopPlace:58805,Brumunddal stasjon,2026-09-05T08:49:00+02:00,2026-09-05T08:49:00+02:00,,0.0,0,Drammen,VYG:Line:RE10,Drammen-Oslo S-Lillehammer,RE10,rail,VYG:ServiceJourney:310-LHM_444152-R,True,planned,False,,,,,2026-09-05T08:24:10.398942+02:00
NSR:StopPlace:58805,Brumunddal stasjon,2026-09-05T09:03:00+02:00,2026-09-05T09:03:00+02:00,,0.0,0,Lillehammer,VYG:Line:RE10,Drammen-Oslo S-Lillehammer,RE10,rail,VYG:ServiceJourney:307-SUD_444139-R,True,planned,False,,,,,2026-09-05T08:24:10.398942+02:00
NSR:StopPlace:58806,Evenstad stasjon,2026-09-05T08:29:00+02:00,2026-09-05T08:29:00+02:00,,0.0,0,Hamar,SJN:Line:25,Rørosbanen,R60,rail,SJN:ServiceJourney:2380_37659-R,True,planned,False,,,,,2026-09-05T08:24:10.398942+02:00
NSR:StopPlace:58808,Kongsvinger stasjon,2026-09-05T08:35:00+02:00,2026-09-05T08:35:00+02:00,,0.0,0,Asker,VYG:Line:R14,Asker-Oslo S-Kongsvinger,R14,rail,VYG:ServiceJourney:1010_442915-R,True,planned,False,,,,,2026-09-05T08:24:10.398942+02:00
NSR:StopPlace:58811,Moelv stasjon,2026-09-05T08:37:00+02:00,2026-09-05T08:37:00+02:00,,0.0,0,Drammen,VYG:Line:RE10,Drammen-Oslo S-Lillehammer,RE10,rail,VYG:ServiceJourney:310-LHM_444152-R,True,planned,False,,,,,2026-09-05T08:24:10.398942+02:00
NSR:StopPlace:58811,Moelv stasjon,2026-09-05T09:15:00+02:00,2026-09-05T09:15:00+02:00,,0.0,0,Lillehammer,VYG:Line:RE10,Drammen-Oslo S-Lillehammer,RE10,rail,VYG:ServiceJourney:307-SUD_444139-R,True,planned,False,,,,,2026-09-05T08:24:10.398942+02:00
NSR:StopPlace:58813,Skarnes stasjon,2026-09-05T08:48:00+02:00,2026-09-05T08:48:00+02:00,,0.0,0,Asker,VYG:Line:R14,Asker-Oslo S-Kongsvinger,R14,rail,VYG:ServiceJourney:1010_442915-R,True,planned,False,,,,,2026-09-05T08:24:10.398942+02:00
NSR:StopPlace:58813,Skarnes stasjon,2026-09-05T09:07:00+02:00,2026-09-05T09:07:00+02:00,,0.0,0,Kongsvinger,VYG:Line:R14,Asker-Oslo S-Kongsvinger,R14,rail,VYG:ServiceJourney:1007_442912-R,True,planned,False,,,,,2026-09-05T08:24:10.398942+02:00
NSR:StopPlace:58815,Bleiken stasjon,2026-09-05T06:55:00+02:00,2026-09-05T06:55:00+02:00,,0.0,0,Roa,VYG:Line:R31,Skøyen-Jaren-Gjøvik,R31,rail,VYG:ServiceJourney:BUS-206_655106-R,True,planned,False,,,,,2026-09-05T08:24:10.398942+02:00
NSR:StopPlace:58817,Eina stasjon,2026-09-05T08:37:00+02:00,2026-09-05T08:37:00+02:00,,0.0,0,Oslo S,VYG:Line:R31,Skøyen-Jaren-Gjøvik,R31,rail,VYG:ServiceJourney:BUS-210_655144-R,True,planned,False,,,,,2026-09-05T08:24:10.398942+02:00
NSR:StopPlace:58818,Gran stasjon,2026-09-05T07:15:00+02:00,2026-09-05T07:15:00+02:00,,0.0,0,Roa,VYG:Line:R31,Skøyen-Jaren-Gjøvik,R31,rail,VYG:ServiceJourney:BUS-206_655106-R,True,planned,False,,,,,2026-09-05T08:24:10.398942+02:00
NSR:StopPlace:58818,Gran stasjon,2026-09-05T08:32:00+02:00,2026-09-05T08:32:00+02:00,,0.0,0,Gjøvik,VYG:Line:R31,Skøyen-Jaren-Gjøvik,R31,rail,VYG:ServiceJourney:BUS-205_655096-R,True,planned,False,,,,,2026-09-05T08:24:10.398942+02:00
NSR:StopPlace:58818,Gran stasjon,2026-09-05T08:58:00+02:00,2026-09-05T08:58:00+02:00,,0.0,0,Oslo S,VYG:Line:R31,Skøyen-Jaren-Gjøvik,R31,rail,VYG:ServiceJourney:BUS-210_655143-R,True,planned,False,,,,,2026-09-05T08:24:10.398942+02:00
NSR:StopPlace:58822,Opphus stasjon,2026-09-05T08:39:00+02:00,2026-09-05T08:39:00+02:00,,0.0,0,Hamar,SJN:Line:25,Rørosbanen,R60,rail,SJN:ServiceJourney:2380_37659-R,True,planned,False,,,,,2026-09-05T08:24:10.398942+02:00
NSR:StopPlace:58823,Jaren stasjon,2026-09-05T08:55:00+02:00,2026-09-05T08:55:00+02:00,,0.0,0,Gjøvik,VYG:Line:R31,Skøyen-Jaren-Gjøvik,R31,rail,VYG:ServiceJourney:BUS-205_655098-R,True,planned,False,,,,,2026-09-05T08:24:10.398942+02:00
NSR:StopPlace:58823,Jaren stasjon,2026-09-05T09:06:00+02:00,2026-09-05T09:06:00+02:00,,0.0,0,Oslo S,VYG:Line:R31,Skøyen-Jaren-Gjøvik,R31,rail,VYG:ServiceJourney:BUS-210_655144-R,True,planned,False,,,,,2026-09-05T08:24:10.398942+02:00
NSR:StopPlace:58824,Lunner stasjon,2026-09-05T06:23:00+02:00,2026-09-05T06:23:00+02:00,,0.0,0,Roa,VYG:Line:R31,Skøyen-Jaren-Gjøvik,R31,rail,VYG:ServiceJourney:BUS-204_655087-R,True,planned,False,,,,,2026-09-05T08:24:10.398942+02:00
NSR:StopPlace:58824,Lunner stasjon,2026-09-05T07:23:00+02:00,2026-09-05T07:23:00+02:00,,0.0,0,Roa,VYG:Line:R31,Skøyen-Jaren-Gjøvik,R31,rail,VYG:ServiceJourney:BUS-206_655106-R,True,planned,False,,,,,2026-09-05T08:24:10.398942+02:00
NSR:StopPlace:58824,Lunner stasjon,2026-09-05T08:23:00+02:00,2026-09-05T08:23:00+02:00,,0.0,0,Roa,VYG:Line:R31,Skøyen-Jaren-Gjøvik,R31,rail,VYG:ServiceJourney:BUS-208_655125-R,True,planned,False,,,,,2026-09-05T08:24:10.398942+02:00
NSR:StopPlace:58828,Roa stasjon,2026-09-05T08:21:00+02:00,2026-09-05T08:21:00+02:00,,0.0,0,Gjøvik,VYG:Line:R31,Skøyen-Jaren-Gjøvik,R31,rail,VYG:ServiceJourney:BUS-205_655096-R,True,planned,False,,,,,2026-09-05T08:24:10.398942+02:00
NSR:StopPlace:58828,Roa stasjon,2026-09-05T08:22:00+02:00,2026-09-05T08:22:00+02:00,,0.0,0,Oslo S,VYG:Line:R31,Skøyen-Jaren-Gjøvik,R31,rail,VYG:ServiceJourney:BUS-208_655124-R,True,planned,False,,,,,2026-09-05T08:24:10.398942+02:00
NSR:StopPlace:58828,Roa stasjon,2026-09-05T08:39:00+02:00,2026-09-05T08:39:00+02:00,,0.0,0,Gjøvik,VYG:Line:R31,Skøyen-Jaren-Gjøvik,R31,rail,VYG:ServiceJourney:BUS-205_655098-R,True,planned,False,,,,,2026-09-05T08:24:10.398942+02:00
NSR:StopPlace:58828,Roa stasjon,2026-09-05T09:22:00+02:00,2026-09-05T09:22:00+02:00,,0.0,0,Oslo S,VYG:Line:R31,Skøyen-Jaren-Gjøvik,R31,rail,VYG:ServiceJourney:BUS-210_655144-R,True,planned,False,,,,,2026-09-05T08:24:10.398942+02:00
NSR:StopPlace:58829,Stryken stasjon,2026-09-05T09:15:00+02:00,2026-09-05T09:15:00+02:00,,0.0,0,Gjøvik,VYG:Line:R31,Skøyen-Jaren-Gjøvik,R31,rail,VYG:ServiceJourney:BUS-207_655117-R,True,planned,False,,,,,2026-09-05T08:24:10.398942+02:00
NSR:StopPlace:58211,Oslo lufthavn,2026-09-05T07:10:00+02:00,2026-09-05T07:03:19+02:00,,0.0,0,Harstad/Narvik,AVI:Line:SK_OSL-EVE,Oslo-Harstad/Narvik,,air,AVI:ServiceJourney:SK4082-03-358537832,True,expected,False,,,,,2026-09-05T08:24:10.398942+02:00
NSR:StopPlace:101,Sagdalen stasjon,2026-09-05T08:43:00+02:00,2026-09-05T08:43:00+02:00,,0.0,0,Spikkestad,VYG:Line:L1,Spikkestad-Oslo S-Lillestrøm,L1,rail,VYG:ServiceJourney:2217_443610-R,True,planned,False,,,,,2026-09-05T08:24:10.398942+02:00
NSR:StopPlace:101,Sagdalen stasjon,2026-09-05T09:07:00+02:00,2026-09-05T09:07:00+02:00,,0.0,0,Lillestrøm,VYG:Line:L1,Spikkestad-Oslo S-Lillestrøm,L1,rail,VYG:ServiceJourney:2216_443609-R,True,planned,False,,,,,2026-09-05T08:24:10.398942+02:00
NSR:StopPlace:101,Sagdalen stasjon,2026-09-05T09:13:00+02:00,2026-09-05T09:13:00+02:00,,0.0,0,Spikkestad,VYG:Line:L1,Spikkestad-Oslo S-Lillestrøm,L1,rail,VYG:ServiceJourney:2219_443614-R,True,planned,False,,,,,2026-09-05T08:24:10.398942+02:00
NSR:StopPlace:117,Elverum stasjon,2026-09-05T09:20:00+02:00,2026-09-05T09:20:00+02:00,,0.0,0,Hamar,SJN:Line:25,Rørosbanen,R60,rail,SJN:ServiceJourney:2380_37659-R,True,planned,False,,,,,2026-09-05T08:24:10.398942+02:00
NSR:StopPlace:144,Skansen stasjon,2026-09-05T09:11:00+02:00,2026-09-05T09:11:00+02:00,,0.0,0,Steinkjer,SJN:Line:26,Trønderbanen,R70,rail,SJN:ServiceJourney:429_56089-R,True,planned,False,,,,,2026-09-05T08:24:10.398942+02:00
NSR:StopPlace:393,Leangen stasjon,2026-09-05T08:23:00+02:00,2026-09-05T08:23:00+02:00,,0.0,0,Steinkjer,SJN:Line:26,Trønderbanen,R70,rail,SJN:ServiceJourney:427_56087-R,True,planned,False,,,,,2026-09-05T08:24:10.398942+02:00
NSR:StopPlace:393,Leangen stasjon,2026-09-05T09:23:00+02:00,2026-09-05T09:23:00+02:00,,0.0,0,Steinkjer,SJN:Line:26,Trønderbanen,R70,rail,SJN:ServiceJourney:429_56089-R,True,planned,False,,,,,2026-09-05T08:24:10.398942+02:00
NSR:StopPlace:313,Høybråten stasjon,2026-09-05T08:53:00+02:00,2026-09-05T08:53:00+02:00,,0.0,0,Spikkestad,VYG:Line:L1,Spikkestad-Oslo S-Lillestrøm,L1,rail,VYG:ServiceJourney:2217_443610-R,True,planned,False,,,,,2026-09-05T08:24:10.398942+02:00
NSR:StopPlace:313,Høybråten stasjon,2026-09-05T08:57:00+02:00,2026-09-05T08:57:00+02:00,,0.0,0,Lillestrøm,VYG:Line:L1,Spikkestad-Oslo S-Lillestrøm,L1,rail,VYG:ServiceJourney:2216_443609-R,True,planned,False,,,,,2026-09-05T08:24:10.398942+02:00
NSR:StopPlace:313,Høybråten stasjon,2026-09-05T09:23:00+02:00,2026-09-05T09:23:00+02:00,,0.0,0,Spikkestad,VYG:Line:L1,Spikkestad-Oslo S-Lillestrøm,L1,rail,VYG:ServiceJourney:2219_443614-R,True,planned,False,,,,,2026-09-05T08:24:10.398942+02:00
NSR:StopPlace:331,Glåmos stasjon,2026-09-05T07:10:00+02:00,2026-09-05T07:10:00+02:00,,0.0,0,Trondheim S,SJN:Line:25,Rørosbanen,R60,rail,SJN:ServiceJourney:413_40624-R,True,planned,False,,,,,2026-09-05T08:24:10.398942+02:00
NSR:StopPlace:369,Kvål stasjon,2026-09-05T08:34:00+02:00,2026-09-05T08:34:00+02:00,,0.0,0,Steinkjer,SJN:Line:26,Trønderbanen,R70,rail,SJN:ServiceJourney:429_56089-R,True,planned,False,,,,,2026-09-05T08:24:10.398942+02:00
NSR:StopPlace:369,Kvål stasjon,2026-09-05T09:03:00+02:00,2026-09-05T09:03:00+02:00,,0.0,0,Trondheim S,SJN:Line:25,Rørosbanen,R60,rail,SJN:ServiceJourney:413_40624-R,True,planned,False,,,,,2026-09-05T08:24:10.398942+02:00
NSR:StopPlace:271,Lademoen stasjon,2026-09-05T07:16:00+02:00,2026-09-05T07:16:00+02:00,,0.0,0,Steinkjer,SJN:Line:26,Trønderbanen,R70,rail,SJN:ServiceJourney:425_56054-R,True,planned,False,,,,,2026-09-05T08:24:10.398942+02:00
NSR:StopPlace:271,Lademoen stasjon,2026-09-05T08:18:00+02:00,2026-09-05T08:18:00+02:00,,0.0,0,Steinkjer,SJN:Line:26,Trønderbanen,R70,rail,SJN:ServiceJourney:427_56087-R,True,planned,False,,,,,2026-09-05T08:24:10.398942+02:00
NSR:StopPlace:271,Lademoen stasjon,2026-09-05T09:18:00+02:00,2026-09-05T09:18:00+02:00,,0.0,0,Steinkjer,SJN:Line:26,Trønderbanen,R70,rail,SJN:ServiceJourney:429_56089-R,True,planned,False,,,,,2026-09-05T08:24:10.398942+02:00
NSR:StopPlace:206,Mariero stasjon,2026-09-05T08:25:00+02:00,2026-09-05T08:25:00+02:00,,0.0,0,Stavanger,GOA:Line:59,Jærbanen,L5,rail,GOA:ServiceJourney:3013_63045-R,True,planned,False,,,,,2026-09-05T08:24:10.398942+02:00
NSR:StopPlace:500,Bellingmo stasjon,2026-09-05T07:24:00+02:00,2026-09-05T07:24:00+02:00,,0.0,0,Hamar,SJN:Line:25,Rørosbanen,R60,rail,SJN:ServiceJourney:2380_37659-R,True,planned,False,,,,,2026-09-05T08:24:10.398942+02:00
NSR:StopPlace:535,Kjosfossen stasjon,2026-09-05T09:06:00+02:00,2026-09-05T09:06:00+02:00,,0.0,0,Myrdal,VYG:Line:R45,Myrdal-Flåm,R45,rail,VYG:ServiceJourney:1852_465770-R,True,planned,False,,,,,2026-09-05T08:24:10.398942+02:00
NSR:StopPlace:441,Auli stasjon,2026-09-05T08:41:00+02:00,2026-09-05T08:41:00+02:00,,0.0,0,Kongsvinger,VYG:Line:R14,Asker-Oslo S-Kongsvinger,R14,rail,VYG:ServiceJourney:1007_442912-R,True,planned,False,,,,,2026-09-05T08:24:10.398942+02:00
NSR:StopPlace:441,Auli stasjon,2026-09-05T09:15:00+02:00,2026-09-05T09:15:00+02:00,,0.0,0,Asker,VYG:Line:R14,Asker-Oslo S-Kongsvinger,R14,rail,VYG:ServiceJourney:1010_442915-R,True,planned,False,,,,,2026-09-05T08:24:10.398942+02:00
NSR:StopPlace:446,Langlete stasjon,2026-09-05T07:52:00+02:00,2026-09-05T07:52:00+02:00,,0.0,0,Trondheim S,SJN:Line:25,Rørosbanen,R60,rail,SJN:ServiceJourney:413_40624-R,True,planned,False,,,,,2026-09-05T08:24:10.398942+02:00
NSR:StopPlace:448,Vatnahalsen stasjon,2026-09-05T09:13:00+02:00,2026-09-05T09:13:00+02:00,,0.0,0,Myrdal,VYG:Line:R45,Myrdal-Flåm,R45,rail,VYG:ServiceJourney:1852_465770-R,True,planned,False,,,,,2026-09-05T08:24:10.398942+02:00
NSR:StopPlace:461,Lundamo stasjon,2026-09-05T08:23:00+02:00,2026-09-05T08:23:00+02:00,,0.0,0,Steinkjer,SJN:Line:26,Trønderbanen,R70,rail,SJN:ServiceJourney:429_56089-R,True,planned,False,,,,,2026-09-05T08:24:10.398942+02:00
NSR:StopPlace:461,Lundamo stasjon,2026-09-05T08:52:00+02:00,2026-09-05T08:52:00+02:00,,0.0,0,Trondheim S,SJN:Line:25,Rørosbanen,R60,rail,SJN:ServiceJourney:413_40624-R,True,planned,False,,,,,2026-09-05T08:24:10.398942+02:00
NSR:StopPlace:400,Ler stasjon,2026-09-05T08:29:00+02:00,2026-09-05T08:29:00+02:00,,0.0,0,Steinkjer,SJN:Line:26,Trønderbanen,R70,rail,SJN:ServiceJourney:429_56089-R,True,planned,False,,,,,2026-09-05T08:24:10.398942+02:00
NSR:StopPlace:400,Ler stasjon,2026-09-05T08:58:00+02:00,2026-09-05T08:58:00+02:00,,0.0,0,Trondheim S,SJN:Line:25,Rørosbanen,R60,rail,SJN:ServiceJourney:413_40624-R,True,planned,False,,,,,2026-09-05T08:24:10.398942+02:00
NSR:StopPlace:420,Lillehammer stasjon,2026-09-05T09:15:00+02:00,2026-09-05T09:15:00+02:00,,0.0,0,Drammen,VYG:Line:RE10,Drammen-Oslo S-Lillehammer,RE10,rail,VYG:ServiceJourney:312-HHS_486388-R,True,planned,False,,,,,2026-09-05T08:24:10.398942+02:00
NSR:StopPlace:416,Vikhammer stasjon,2026-09-05T08:34:00+02:00,2026-09-05T08:34:00+02:00,,0.0,0,Steinkjer,SJN:Line:26,Trønderbanen,R70,rail,SJN:ServiceJourney:427_56087-R,True,planned,False,,,,,2026-09-05T08:24:10.398942+02:00
NSR:StopPlace:416,Vikhammer stasjon,2026-09-05T09:21:00+02:00,2026-09-05T09:21:00+02:00,,0.0,0,Lundamo,SJN:Line:26,Trønderbanen,R70,rail,SJN:ServiceJourney:426_56055-R,True,planned,False,,,,,2026-09-05T08:24:10.398942+02:00
NSR:StopPlace:708,Stange stasjon,2026-09-05T08:34:00+02:00,2026-09-05T08:34:00+02:00,,0.0,0,Lillehammer,VYG:Line:RE10,Drammen-Oslo S-Lillehammer,RE10,rail,VYG:ServiceJourney:307-SUD_444139-R,True,planned,False,,,,,2026-09-05T08:24:10.398942+02:00
NSR:StopPlace:708,Stange stasjon,2026-09-05T09:20:00+02:00,2026-09-05T09:20:00+02:00,,0.0,0,Drammen,VYG:Line:RE10,Drammen-Oslo S-Lillehammer,RE10,rail,VYG:ServiceJourney:310-LHM_444152-R,True,planned,False,,,,,2026-09-05T08:24:10.398942+02:00
NSR:StopPlace:628,Darbu stasjon,2026-09-05T08:48:00+02:00,2026-09-05T08:48:00+02:00,,0.0,0,Eidsvoll,VYG:Line:R12,Kongsberg-Oslo S-Eidsvoll,R12,rail,VYG:ServiceJourney:510_444303-R,True,planned,False,,,,,2026-09-05T08:24:10.398942+02:00
NSR:StopPlace:628,Darbu stasjon,2026-09-05T09:11:00+02:00,2026-09-05T09:11:00+02:00,,0.0,0,Kongsberg,VYG:Line:R12,Kongsberg-Oslo S-Eidsvoll,R12,rail,VYG:ServiceJourney:507_444300-R,True,planned,False,,,,,2026-09-05T08:24:10.398942+02:00
NSR:StopPlace:610,Sandvika stasjon,2026-09-05T08:24:00+02:00,2026-09-05T08:24:00+02:00,,0.0,0,Kongsberg,VYG:Line:R12,Kongsberg-Oslo S-Eidsvoll,R12,rail,VYG:ServiceJourney:507_444300-R,True,planned,False,,,,,2026-09-05T08:24:10.398942+02:00
NSR:StopPlace:610,Sandvika stasjon,2026-09-05T08:34:00+02:00,2026-09-05T08:34:00+02:00,,0.0,0,Drammen,VYG:Line:R13,Drammen-Oslo S-Dal,R13,rail,VYG:ServiceJourney:1612_443236-R,True,planned,False,,,,,2026-09-05T08:24:10.398942+02:00
NSR:StopPlace:610,Sandvika stasjon,2026-09-05T08:35:00+02:00,2026-09-05T08:35:00+02:00,,0.0,0,Eidsvoll,VYG:Line:R12,Kongsberg-Oslo S-Eidsvoll,R12,rail,VYG:ServiceJourney:508_444301-R,True,planned,False,,,,,2026-09-05T08:24:10.398942+02:00
NSR:StopPlace:610,Sandvika stasjon,2026-09-05T08:40:00+02:00,2026-09-05T08:40:00+02:00,,0.0,0,Oslo Lufthavn,FLT:Line:FLY1,FLY1,FLY1,rail,FLT:ServiceJourney:1-2614-3727-20260905,True,planned,False,,,,,2026-09-05T08:24:10.398942+02:00
NSR:StopPlace:610,Sandvika stasjon,2026-09-05T08:44:00+02:00,2026-09-05T08:44:00+02:00,,0.0,0,Drammen,VYG:Line:RE10,Drammen-Oslo S-Lillehammer,RE10,rail,VYG:ServiceJourney:306-HHS_487830-R,True,planned,False,,,,,2026-09-05T08:24:10.398942+02:00
NSR:StopPlace:610,Sandvika stasjon,2026-09-05T08:45:00+02:00,2026-09-05T08:45:00+02:00,,0.0,0,Kongsvinger,VYG:Line:R14,Asker-Oslo S-Kongsvinger,R14,rail,VYG:ServiceJourney:1009_442914-R,True,planned,False,,,,,2026-09-05T08:24:10.398942+02:00
NSR:StopPlace:610,Sandvika stasjon,2026-09-05T08:48:00+02:00,2026-09-05T08:48:00+02:00,,0.0,0,Lillestrøm,VYG:Line:L1,Spikkestad-Oslo S-Lillestrøm,L1,rail,VYG:ServiceJourney:2218_443612-R,True,planned,False,,,,,2026-09-05T08:24:10.398942+02:00
NSR:StopPlace:62094,Lindeberg stasjon,2026-09-05T07:48:00+02:00,2026-09-05T07:48:00+02:00,,0.0,0,Drammen,VYG:Line:R13,Drammen-Oslo S-Dal,R13,rail,VYG:ServiceJourney:1612_443236-R,True,planned,False,,,,,2026-09-05T08:24:10.398942+02:00
NSR:StopPlace:62094,Lindeberg stasjon,2026-09-05T08:18:00+02:00,2026-09-05T08:18:00+02:00,,0.0,0,Drammen,VYG:Line:R13,Drammen-Oslo S-Dal,R13,rail,VYG:ServiceJourney:1614_443243-R,True,planned,False,,,,,2026-09-05T08:24:10.398942+02:00
NSR:StopPlace:62094,Lindeberg stasjon,2026-09-05T08:37:00+02:00,2026-09-05T08:37:00+02:00,,0.0,0,Dal,VYG:Line:R13,Drammen-Oslo S-Dal,R13,rail,VYG:ServiceJourney:1613_443238-R,True,planned,False,,,,,2026-09-05T08:24:10.398942+02:00
NSR:StopPlace:62094,Lindeberg stasjon,2026-09-05T08:48:00+02:00,2026-09-05T08:48:00+02:00,,0.0,0,Drammen,VYG:Line:R13,Drammen-Oslo S-Dal,R13,rail,VYG:ServiceJourney:1616_481143-R,True,planned,False,,,,,2026-09-05T08:24:10.398942+02:00
NSR:StopPlace:62094,Lindeberg stasjon,2026-09-05T09:07:00+02:00,2026-09-05T09:07:00+02:00,,0.0,0,Dal,VYG:Line:R13,Drammen-Oslo S-Dal,R13,rail,VYG:ServiceJourney:1615_443244-R,True,planned,False,,,,,2026-09-05T08:24:10.398942+02:00
NSR:StopPlace:62094,Lindeberg stasjon,2026-09-05T09:18:00+02:00,2026-09-05T09:18:00+02:00,,0.0,0,Drammen,VYG:Line:R13,Drammen-Oslo S-Dal,R13,rail,VYG:ServiceJourney:1618_443252-R,True,planned,False,,,,,2026-09-05T08:24:10.398942+02:00
NSR:StopPlace:62309,Ljan stasjon,2026-09-05T08:35:00+02:00,2026-09-05T08:35:00+02:00,,0.0,0,Stabekk,VYG:Line:L2,Stabekk-Oslo S-Ski,L2,rail,VYG:ServiceJourney:2718-SKI_443924-R,True,planned,False,,,,,2026-09-05T08:24:10.398942+02:00
NSR:StopPlace:62309,Ljan stasjon,2026-09-05T08:54:00+02:00,2026-09-05T08:54:00+02:00,,0.0,0,Ski,VYG:Line:L2,Stabekk-Oslo S-Ski,L2,rail,VYG:ServiceJourney:2715-HVK_699747-R,True,planned,False,,,,,2026-09-05T08:24:10.398942+02:00
NSR:StopPlace:62309,Ljan stasjon,2026-09-05T09:05:00+02:00,2026-09-05T09:05:00+02:00,,0.0,0,Stabekk,VYG:Line:L2,Stabekk-Oslo S-Ski,L2,rail,VYG:ServiceJourney:2720-SKI_443927-R,True,planned,False,,,,,2026-09-05T08:24:10.398942+02:00
NSR:StopPlace:62309,Ljan stasjon,2026-09-05T09:24:00+02:00,2026-09-05T09:24:00+02:00,,0.0,0,Ski,VYG:Line:L2,Stabekk-Oslo S-Ski,L2,rail,VYG:ServiceJourney:2717-HVK_699752-R,True,planned,False,,,,,2026-09-05T08:24:10.398942+02:00
NSR:StopPlace:62308,Alna stasjon,2026-09-05T08:32:00+02:00,2026-09-05T08:32:00+02:00,,0.0,0,Spikkestad,VYG:Line:L1,Spikkestad-Oslo S-Lillestrøm,L1,rail,VYG:ServiceJourney:2215_443608-R,True,planned,False,,,,,2026-09-05T08:24:10.398942+02:00
NSR:StopPlace:62308,Alna stasjon,2026-09-05T08:48:00+02:00,2026-09-05T08:48:00+02:00,,0.0,0,Lillestrøm,VYG:Line:L1,Spikkestad-Oslo S-Lillestrøm,L1,rail,VYG:ServiceJourney:2216_443609-R,True,planned,False,,,,,2026-09-05T08:24:10.398942+02:00
NSR:StopPlace:62308,Alna stasjon,2026-09-05T09:02:00+02:00,2026-09-05T09:02:00+02:00,,0.0,0,Spikkestad,VYG:Line:L1,Spikkestad-Oslo S-Lillestrøm,L1,rail,VYG:ServiceJourney:2217_443610-R,True,planned,False,,,,,2026-09-05T08:24:10.398942+02:00
NSR:StopPlace:62308,Alna stasjon,2026-09-05T09:18:00+02:00,2026-09-05T09:18:00+02:00,,0.0,0,Lillestrøm,VYG:Line:L1,Spikkestad-Oslo S-Lillestrøm,L1,rail,VYG:ServiceJourney:2218_443612-R,True,planned,False,,,,,2026-09-05T08:24:10.398942+02:00
NSR:StopPlace:62339,Lillestrøm stasjon,2026-09-05T08:06:00+02:00,2026-09-05T08:06:00+02:00,,0.0,0,Drammen,VYG:Line:R13,Drammen-Oslo S-Dal,R13,rail,VYG:ServiceJourney:1612_443236-R,True,planned,False,Heis i spor 1 og 2 er ute av bruk på grunn av vedlikehold.,Heis i spor 1 og 2 er ute av bruk på grunn av vedlikehold.,general,normal,2026-09-05T08:24:10.398942+02:00
NSR:StopPlace:62339,Lillestrøm stasjon,2026-09-05T08:26:00+02:00,2026-09-05T08:26:00+02:00,,0.0,0,Skien,VYG:Line:RE11,Eidsvoll-Oslo S-Skien,RE11,rail,VYG:ServiceJourney:809-EVL_652714-R,True,planned,False,Heis i spor 1 og 2 er ute av bruk på grunn av vedlikehold.,Heis i spor 1 og 2 er ute av bruk på grunn av vedlikehold.,general,normal,2026-09-05T08:24:10.398942+02:00
NSR:StopPlace:62339,Lillestrøm stasjon,2026-09-05T08:35:00+02:00,2026-09-05T08:35:00+02:00,,0.0,0,Eidsvoll,VYG:Line:RE11,Eidsvoll-Oslo S-Skien,RE11,rail,VYG:ServiceJourney:806-DRM_652706-R,True,planned,False,Heis i spor 1 og 2 er ute av bruk på grunn av vedlikehold.,Heis i spor 1 og 2 er ute av bruk på grunn av vedlikehold.,general,normal,2026-09-05T08:24:10.398942+02:00
NSR:StopPlace:62339,Lillestrøm stasjon,2026-09-05T08:36:00+02:00,2026-09-05T08:36:00+02:00,,0.0,0,Drammen,VYG:Line:R13,Drammen-Oslo S-Dal,R13,rail,VYG:ServiceJourney:1614_443243-R,True,planned,False,Heis i spor 1 og 2 er ute av bruk på grunn av vedlikehold.,Heis i spor 1 og 2 er ute av bruk på grunn av vedlikehold.,general,normal,2026-09-05T08:24:10.398942+02:00
NSR:StopPlace:62339,Lillestrøm stasjon,2026-09-05T08:40:00+02:00,2026-09-05T08:40:00+02:00,,0.0,0,Spikkestad,VYG:Line:L1,Spikkestad-Oslo S-Lillestrøm,L1,rail,VYG:ServiceJourney:2217_443610-R,True,planned,False,Heis i spor 1 og 2 er ute av bruk på grunn av vedlikehold.,Heis i spor 1 og 2 er ute av bruk på grunn av vedlikehold.,general,normal,2026-09-05T08:24:10.398942+02:00
NSR:StopPlace:62339,Lillestrøm stasjon,2026-09-05T08:45:00+02:00,2026-09-05T08:45:00+02:00,,0.0,0,Lillehammer,VYG:Line:RE10,Drammen-Oslo S-Lillehammer,RE10,rail,VYG:ServiceJourney:309-SUD_444149-R,True,planned,False,Heis i spor 1 og 2 er ute av bruk på grunn av vedlikehold.,Heis i spor 1 og 2 er ute av bruk på grunn av vedlikehold.,general,normal,2026-09-05T08:24:10.398942+02:00
NSR:StopPlace:62339,Lillestrøm stasjon,2026-09-05T08:46:00+02:00,2026-09-05T08:46:00+02:00,,0.0,0,Asker,VYG:Line:R14,Asker-Oslo S-Kongsvinger,R14,rail,VYG:ServiceJourney:1008_442913-R,True,planned,False,Heis i spor 1 og 2 er ute av bruk på grunn av vedlikehold.,Heis i spor 1 og 2 er ute av bruk på grunn av vedlikehold.,general,normal,2026-09-05T08:24:10.398942+02:00
NSR:StopPlace:62339,Lillestrøm stasjon,2026-09-05T08:50:00+02:00,2026-09-05T08:50:00+02:00,,0.0,0,Oslo Lufthavn,FLT:Line:FLY1,FLY1,FLY1,rail,FLT:ServiceJourney:1-2614-3725-20260905,True,planned,False,Heis i spor 1 og 2 er ute av bruk på grunn av vedlikehold.,Heis i spor 1 og 2 er ute av bruk på grunn av vedlikehold.,general,normal,2026-09-05T08:24:10.398942+02:00
NSR:StopPlace:62339,Lillestrøm stasjon,2026-09-05T08:55:00+02:00,2026-09-05T08:55:00+02:00,,0.0,0,Dal,VYG:Line:R13,Drammen-Oslo S-Dal,R13,rail,VYG:ServiceJourney:1615_443244-R,True,planned,False,Heis i spor 1 og 2 er ute av bruk på grunn av vedlikehold.,Heis i spor 1 og 2 er ute av bruk på grunn av vedlikehold.,general,normal,2026-09-05T08:24:10.398942+02:00
NSR:StopPlace:62339,Lillestrøm stasjon,2026-09-05T08:56:00+02:00,2026-09-05T08:56:00+02:00,,0.0,0,Kongsberg,VYG:Line:R12,Kongsberg-Oslo S-Eidsvoll,R12,rail,VYG:ServiceJourney:509_444302-R,True,planned,False,Heis i spor 1 og 2 er ute av bruk på grunn av vedlikehold.,Heis i spor 1 og 2 er ute av bruk på grunn av vedlikehold.,general,normal,2026-09-05T08:24:10.398942+02:00
NSR:StopPlace:62339,Lillestrøm stasjon,2026-09-05T09:05:00+02:00,2026-09-05T09:05:00+02:00,,0.0,0,Eidsvoll,VYG:Line:R12,Kongsberg-Oslo S-Eidsvoll,R12,rail,VYG:ServiceJourney:508_444301-R,True,planned,False,Heis i spor 1 og 2 er ute av bruk på grunn av vedlikehold.,Heis i spor 1 og 2 er ute av bruk på grunn av vedlikehold.,general,normal,2026-09-05T08:24:10.398942+02:00
NSR:StopPlace:62339,Lillestrøm stasjon,2026-09-05T09:06:00+02:00,2026-09-05T09:06:00+02:00,,0.0,0,Drammen,VYG:Line:R13,Drammen-Oslo S-Dal,R13,rail,VYG:ServiceJourney:1616_481143-R,True,planned,False,Heis i spor 1 og 2 er ute av bruk på grunn av vedlikehold.,Heis i spor 1 og 2 er ute av bruk på grunn av vedlikehold.,general,normal,2026-09-05T08:24:10.398942+02:00
NSR:StopPlace:62336,Knapstad stasjon,2026-09-05T08:32:00+02:00,2026-09-05T08:32:00+02:00,,0.0,0,Rakkestad,VYG:Line:R22,Skøyen-Oslo S-Mysen-Rakkestad,R22,rail,VYG:ServiceJourney:1907_443443-R,True,planned,False,,,,,2026-09-05T08:24:10.398942+02:00
NSR:StopPlace:62336,Knapstad stasjon,2026-09-05T09:23:00+02:00,2026-09-05T09:23:00+02:00,,0.0,0,Oslo S,VYG:Line:R22,Skøyen-Oslo S-Mysen-Rakkestad,R22,rail,VYG:ServiceJourney:1912_443451-R,True,planned,False,,,,,2026-09-05T08:24:10.398942+02:00
NSR:StopPlace:62335,Eidsberg stasjon,2026-09-05T08:03:00+02:00,2026-09-05T08:03:00+02:00,,0.0,0,Rakkestad,VYG:Line:R22,Skøyen-Oslo S-Mysen-Rakkestad,R22,rail,VYG:ServiceJourney:1905-LOD_452016-R,True,planned,False,,,,,2026-09-05T08:24:10.398942+02:00
NSR:StopPlace:62335,Eidsberg stasjon,2026-09-05T08:52:00+02:00,2026-09-05T08:52:00+02:00,,0.0,0,Oslo S,VYG:Line:R22,Skøyen-Oslo S-Mysen-Rakkestad,R22,rail,VYG:ServiceJourney:1912_443451-R,True,planned,False,,,,,2026-09-05T08:24:10.398942+02:00
NSR:StopPlace:62335,Eidsberg stasjon,2026-09-05T09:03:00+02:00,2026-09-05T09:03:00+02:00,,0.0,0,Rakkestad,VYG:Line:R22,Skøyen-Oslo S-Mysen-Rakkestad,R22,rail,VYG:ServiceJourney:1907_443443-R,True,planned,False,,,,,2026-09-05T08:24:10.398942+02:00
NSR:StopPlace:62341,Tangen stasjon,2026-09-05T08:34:00+02:00,2026-09-05T08:34:00+02:00,,0.0,0,Drammen,VYG:Line:RE10,Drammen-Oslo S-Lillehammer,RE10,rail,VYG:ServiceJourney:358-DOM_621902-R,True,planned,False,,,,,2026-09-05T08:24:10.398942+02:00
NSR:StopPlace:62344,Steinvik stasjon,2026-09-05T08:45:00+02:00,2026-09-05T08:45:00+02:00,,0.0,0,Hamar,SJN:Line:25,Rørosbanen,R60,rail,SJN:ServiceJourney:2380_37659-R,True,planned,False,,,,,2026-09-05T08:24:10.398942+02:00
NSR:StopPlace:62369,Lilleby stasjon,2026-09-05T07:18:00+02:00,2026-09-05T07:18:00+02:00,,0.0,0,Steinkjer,SJN:Line:26,Trønderbanen,R70,rail,SJN:ServiceJourney:425_56054-R,True,planned,False,,,,,2026-09-05T08:24:10.398942+02:00
NSR:StopPlace:62369,Lilleby stasjon,2026-09-05T08:20:00+02:00,2026-09-05T08:20:00+02:00,,0.0,0,Steinkjer,SJN:Line:26,Trønderbanen,R70,rail,SJN:ServiceJourney:427_56087-R,True,planned,False,,,,,2026-09-05T08:24:10.398942+02:00
NSR:StopPlace:62369,Lilleby stasjon,2026-09-05T09:20:00+02:00,2026-09-05T09:20:00+02:00,,0.0,0,Steinkjer,SJN:Line:26,Trønderbanen,R70,rail,SJN:ServiceJourney:429_56089-R,True,planned,False,,,,,2026-09-05T08:24:10.398942+02:00
NSR:StopPlace:62375,Kotsøy stasjon,2026-09-05T08:17:00+02:00,2026-09-05T08:17:00+02:00,,0.0,0,Trondheim S,SJN:Line:25,Rørosbanen,R60,rail,SJN:ServiceJourney:413_40624-R,True,planned,False,,,,,2026-09-05T08:24:10.398942+02:00
NSR:StopPlace:62374,Ålen stasjon,2026-09-05T07:31:00+02:00,2026-09-05T07:31:00+02:00,,0.0,0,Trondheim S,SJN:Line:25,Rørosbanen,R60,rail,SJN:ServiceJourney:413_40624-R,True,planned,False,,,,,2026-09-05T08:24:10.398942+02:00
NSR:StopPlace:62379,Bergsgrav stasjon,2026-09-05T08:54:00+02:00,2026-09-05T08:54:00+02:00,,0.0,0,Steinkjer,SJN:Line:26,Trønderbanen,R70,rail,SJN:ServiceJourney:425_56054-R,True,planned,False,,,,,2026-09-05T08:24:10.398942+02:00
NSR:StopPlace:62378,Røstad stasjon,2026-09-05T08:06:00+02:00,2026-09-05T08:06:00+02:00,,0.0,0,Lundamo,SJN:Line:26,Trønderbanen,R70,rail,SJN:ServiceJourney:426_56055-R,True,planned,False,,,,,2026-09-05T08:24:10.398942+02:00
NSR:StopPlace:62378,Røstad stasjon,2026-09-05T08:45:00+02:00,2026-09-05T08:45:00+02:00,,0.0,0,Steinkjer,SJN:Line:26,Trønderbanen,R70,rail,SJN:ServiceJourney:425_56054-R,True,planned,False,,,,,2026-09-05T08:24:10.398942+02:00
NSR:StopPlace:62377,Ronglan stasjon,2026-09-05T08:28:00+02:00,2026-09-05T08:28:00+02:00,,0.0,0,Lundamo,SJN:Line:26,Trønderbanen,R70,rail,SJN:ServiceJourney:426_56055-R,True,planned,False,,,,,2026-09-05T08:24:10.398942+02:00
NSR:StopPlace:62376,Kopperå stasjon,2026-09-05T08:33:00+02:00,2026-09-05T08:33:00+02:00,,0.0,0,Storlien,SJN:Line:72,Meråkerbanen,R71,rail,SJN:ServiceJourney:1303_53534-R,True,planned,False,,,,,2026-09-05T08:24:10.398942+02:00
NSR:StopPlace:62371,Sparbu stasjon,2026-09-05T07:42:00+02:00,2026-09-05T07:42:00+02:00,,0.0,0,Lundamo,SJN:Line:26,Trønderbanen,R70,rail,SJN:ServiceJourney:426_56055-R,True,planned,False,,,,,2026-09-05T08:24:10.398942+02:00
NSR:StopPlace:62370,Selsbakk stasjon,2026-09-05T09:24:00+02:00,2026-09-05T09:24:00+02:00,,0.0,0,Trondheim S,SJN:Line:25,Rørosbanen,R60,rail,SJN:ServiceJourney:413_40624-R,True,planned,False,,,,,2026-09-05T08:24:10.398942+02:00
NSR:StopPlace:62380,Røra stasjon,2026-09-05T09:06:00+02:00,2026-09-05T09:06:00+02:00,,0.0,0,Steinkjer,SJN:Line:26,Trønderbanen,R70,rail,SJN:ServiceJourney:425_56054-R,True,planned,False,,,,,2026-09-05T08:24:10.398942+02:00
NSR:StopPlace:62393,Billingstad stasjon,2026-09-05T08:43:00+02:00,2026-09-05T08:43:00+02:00,,0.0,0,Lillestrøm,VYG:Line:L1,Spikkestad-Oslo S-Lillestrøm,L1,rail,VYG:ServiceJourney:2218_443612-R,True,planned,False,,,,,2026-09-05T08:24:10.398942+02:00
NSR:StopPlace:62393,Billingstad stasjon,2026-09-05T09:06:00+02:00,2026-09-05T09:06:00+02:00,,0.0,0,Spikkestad,VYG:Line:L1,Spikkestad-Oslo S-Lillestrøm,L1,rail,VYG:ServiceJourney:2215_443608-R,True,planned,False,,,,,2026-09-05T08:24:10.398942+02:00
NSR:StopPlace:62393,Billingstad stasjon,2026-09-05T09:13:00+02:00,2026-09-05T09:13:00+02:00,,0.0,0,Lillestrøm,VYG:Line:L1,Spikkestad-Oslo S-Lillestrøm,L1,rail,VYG:ServiceJourney:2220_443616-R,True,planned,False,,,,,2026-09-05T08:24:10.398942+02:00
NSR:StopPlace:62392,Slependen stasjon,2026-09-05T08:45:00+02:00,2026-09-05T08:45:00+02:00,,0.0,0,Lillestrøm,VYG:Line:L1,Spikkestad-Oslo S-Lillestrøm,L1,rail,VYG:ServiceJourney:2218_443612-R,True,planned,False,,,,,2026-09-05T08:24:10.398942+02:00
NSR:StopPlace:62392,Slependen stasjon,2026-09-05T09:03:00+02:00,2026-09-05T09:03:00+02:00,,0.0,0,Spikkestad,VYG:Line:L1,Spikkestad-Oslo S-Lillestrøm,L1,rail,VYG:ServiceJourney:2215_443608-R,True,planned,False,,,,,2026-09-05T08:24:10.398942+02:00
NSR:StopPlace:62392,Slependen stasjon,2026-09-05T09:15:00+02:00,2026-09-05T09:15:00+02:00,,0.0,0,Lillestrøm,VYG:Line:L1,Spikkestad-Oslo S-Lillestrøm,L1,rail,VYG:ServiceJourney:2220_443616-R,True,planned,False,,,,,2026-09-05T08:24:10.398942+02:00
NSR:StopPlace:61608,Kristiansand stasjon,2026-09-05T03:45:00+02:00,2026-09-05T03:45:00+02:00,,0.0,0,Stavanger,GOA:Line:50,Sørtoget region,F5,rail,GOA:ServiceJourney:725-LOD_67061-R,True,planned,False,,,,,2026-09-05T03:37:34.550234+02:00
NSR:StopPlace:17,Ringebu stasjon,2026-09-05T03:53:00+02:00,2026-09-05T03:53:00+02:00,,0.0,0,Oslo S,SJN:Line:21,Dovrebanen,F6,rail,SJN:ServiceJourney:406-TND_30133-R,True,planned,False,,,,,2026-09-05T03:37:34.550234+02:00
NSR:StopPlace:59646,Høvik stasjon,2026-09-05T04:03:00+02:00,2026-09-05T04:03:00+02:00,,0.0,0,Sætre,RUT:Line:3250,Nationaltheatretl - Sandvika- Slemmestad- Sætre,250N,bus,RUT:ServiceJourney:bd7c68466cfe833581e409db7cb08ad5,True,planned,False,,,,,2026-09-05T03:37:34.550234+02:00
NSR:StopPlace:59647,Dal stasjon,2026-09-05T04:05:00+02:00,2026-09-05T04:05:00+02:00,,0.0,0,Oslo lufthavn,RUT:Line:430,Eidsvoll - Jessheim,430,bus,RUT:ServiceJourney:91d17557681b5924c3ecf3c4f80e36f7,True,planned,False,,,,,2026-09-05T03:37:34.550234+02:00
NSR:StopPlace:59648,Kjelsås stasjon,2026-09-05T03:40:00+02:00,2026-09-05T03:40:00+02:00,,0.0,0,Kværnerbyen,RUT:Line:54,Kværnerbyen - Kjelsås stasjon,54,bus,RUT:ServiceJourney:24ccc25d7c0674ac76e82a9606d0b36e,True,planned,False,,,,,2026-09-05T03:37:34.550234+02:00
NSR:StopPlace:59648,Kjelsås stasjon,2026-09-05T03:48:00+02:00,2026-09-05T03:48:00+02:00,,0.0,0,Majorstuen,RUT:Line:3911,Majorstuen - Kjelsås,11N,bus,RUT:ServiceJourney:0309d81b4f7e2a8c1bdf548c38ef56de,True,planned,False,,,,,2026-09-05T03:37:34.550234+02:00
NSR:StopPlace:59649,Nydalen stasjon,2026-09-05T03:33:00+02:00,2026-09-05T03:33:00+02:00,,0.0,0,Oslo lufthavn,NBU:Line:cb7b555c-f96e-42d5-84bf-a5e08c0145c2,Radiumhospitalet via Økern-Storo-Tåsen,FB3,bus,NBU:ServiceJourney:2a1f9e25-a384-4773-a648-91bce13fb380,True,planned,False,,,,,2026-09-05T03:37:34.550234+02:00
NSR:StopPlace:59649,Nydalen stasjon,2026-09-05T04:03:00+02:00,2026-09-05T04:03:00+02:00,,0.0,0,Oslo lufthavn,NBU:Line:cb7b555c-f96e-42d5-84bf-a5e08c0145c2,Radiumhospitalet via Økern-Storo-Tåsen,FB3,bus,NBU:ServiceJourney:140f97bd-3ebd-470f-b17f-80ea94bc611f,True,planned,False,,,,,2026-09-05T03:37:34.550234+02:00
NSR:StopPlace:59649,Nydalen stasjon,2026-09-05T04:33:00+02:00,2026-09-05T04:33:00+02:00,,0.0,0,Oslo lufthavn,NBU:Line:cb7b555c-f96e-42d5-84bf-a5e08c0145c2,Radiumhospitalet via Økern-Storo-Tåsen,FB3,bus,NBU:ServiceJourney:0e22b733-a412-4078-987f-4047b44fa091,True,planned,False,,,,,2026-09-05T03:37:34.550234+02:00
NSR:StopPlace:59643,Grefsen stasjon,2026-09-05T03:38:00+02:00,2026-09-05T03:38:00+02:00,,0.0,0,Oslo lufthavn,NBU:Line:cb7b555c-f96e-42d5-84bf-a5e08c0145c2,Radiumhospitalet via Økern-Storo-Tåsen,FB3,bus,NBU:ServiceJourney:2a1f9e25-a384-4773-a648-91bce13fb380,True,planned,False,,,,,2026-09-05T03:37:34.550234+02:00
NSR:StopPlace:59643,Grefsen stasjon,2026-09-05T04:08:00+02:00,2026-09-05T04:08:00+02:00,,0.0,0,Oslo lufthavn,NBU:Line:cb7b555c-f96e-42d5-84bf-a5e08c0145c2,Radiumhospitalet via Økern-Storo-Tåsen,FB3,bus,NBU:ServiceJourney:140f97bd-3ebd-470f-b17f-80ea94bc611f,True,planned,False,,,,,2026-09-05T03:37:34.550234+02:00
NSR:StopPlace:59650,Nyland stasjon,2026-09-05T03:52:00+02:00,2026-09-05T03:52:00+02:00,,0.0,0,Oslo lufthavn,NBU:Line:cb7b555c-f96e-42d5-84bf-a5e08c0145c2,Radiumhospitalet via Økern-Storo-Tåsen,FB3,bus,NBU:ServiceJourney:2a1f9e25-a384-4773-a648-91bce13fb380,True,planned,False,,,,,2026-09-05T03:37:34.550234+02:00
NSR:StopPlace:59650,Nyland stasjon,2026-09-05T04:22:00+02:00,2026-09-05T04:22:00+02:00,,0.0,0,Oslo lufthavn,NBU:Line:cb7b555c-f96e-42d5-84bf-a5e08c0145c2,Radiumhospitalet via Økern-Storo-Tåsen,FB3,bus,NBU:ServiceJourney:140f97bd-3ebd-470f-b17f-80ea94bc611f,True,planned,False,,,,,2026-09-05T03:37:34.550234+02:00
NSR:StopPlace:59654,Stabekk stasjon,2026-09-05T04:09:00+02:00,2026-09-05T04:09:00+02:00,,0.0,0,Gullhaug,RUT:Line:150,Gullhaug - Nationaltheatret,150,bus,RUT:ServiceJourney:d481376aa751ac3b54e71f01f45fdeae,True,planned,False,Holdeplass Stabekk stasjon i retning mot Bekkestua er flyttet ca. 50 meter bakover.,Dette skyldes anleggsarbeid i området.,incident,normal,2026-09-05T03:37:34.550234+02:00
NSR:StopPlace:59952,Drammen stasjon,2026-09-05T04:02:00+02:00,2026-09-05T04:02:00+02:00,,0.0,0,Oslo Lufthavn,FLT:Line:FLY1,FLY1,FLY1,rail,FLT:ServiceJourney:1-2614-3701-20260905,True,planned,False,,,,,2026-09-05T03:37:34.550234+02:00
NSR:StopPlace:59952,Drammen stasjon,2026-09-05T04:22:00+02:00,2026-09-05T04:22:00+02:00,,0.0,0,Oslo Lufthavn,FLT:Line:FLY1,FLY1,FLY1,rail,FLT:ServiceJourney:1-2614-3703-20260905,True,planned,False,,,,,2026-09-05T03:37:34.550234+02:00
NSR:StopPlace:59616,Asker stasjon,2026-09-05T04:14:00+02:00,2026-09-05T04:14:00+02:00,,0.0,0,Oslo Lufthavn,FLT:Line:FLY1,FLY1,FLY1,rail,FLT:ServiceJourney:1-2614-3701-20260905,True,planned,False,,,,,2026-09-05T03:37:34.550234+02:00
NSR:StopPlace:59616,Asker stasjon,2026-09-05T04:34:00+02:00,2026-09-05T04:34:00+02:00,,0.0,0,Oslo Lufthavn,FLT:Line:FLY1,FLY1,FLY1,rail,FLT:ServiceJourney:1-2614-3703-20260905,True,planned,False,,,,,2026-09-05T03:37:34.550234+02:00
NSR:StopPlace:59620,Grorud stasjon,2026-09-05T03:54:00+02:00,2026-09-05T03:54:00+02:00,,0.0,0,-,NBU:Line:cb7b555c-f96e-42d5-84bf-a5e08c0145c2,Radiumhospitalet via Økern-Storo-Tåsen,FB3,bus,NBU:ServiceJourney:2a1f9e25-a384-4773-a648-91bce13fb380:610200354,True,planned,False,,,,,2026-09-05T03:37:34.550234+02:00
NSR:StopPlace:59620,Grorud stasjon,2026-09-05T03:54:00+02:00,2026-09-05T03:54:00+02:00,,0.0,0,Oslo lufthavn,NBU:Line:cb7b555c-f96e-42d5-84bf-a5e08c0145c2,Radiumhospitalet via Økern-Storo-Tåsen,FB3,bus,NBU:ServiceJourney:2a1f9e25-a384-4773-a648-91bce13fb380,True,planned,False,,,,,2026-09-05T03:37:34.550234+02:00
NSR:StopPlace:59620,Grorud stasjon,2026-09-05T04:24:00+02:00,2026-09-05T04:24:00+02:00,,0.0,0,Oslo lufthavn,NBU:Line:cb7b555c-f96e-42d5-84bf-a5e08c0145c2,Radiumhospitalet via Økern-Storo-Tåsen,FB3,bus,NBU:ServiceJourney:140f97bd-3ebd-470f-b17f-80ea94bc611f,True,planned,False,,,,,2026-09-05T03:37:34.550234+02:00
NSR:StopPlace:59638,Myrvoll stasjon,2026-09-05T04:30:00+02:00,2026-09-05T04:30:00+02:00,,0.0,0,Ski stasjon,RUT:Line:3981,Nationaltheatret - Ski,81N,bus,RUT:ServiceJourney:9fd110f0f09df71fd3bb1a4a400eabcd,True,planned,False,,,,,2026-09-05T03:37:34.550234+02:00
NSR:StopPlace:58952,Bodø stasjon,2026-09-05T03:55:00+02:00,2026-09-05T03:55:00+02:00,,0.0,0,Løpsmarka,NOR:Line:12_8044,Tverlandet - Bodø sentrum - Løpsmarka Nattbuss,4 N,bus,NOR:ServiceJourney:8044_251012124900687_2044,True,planned,False,,,,,2026-09-05T03:37:34.550234+02:00
NSR:StopPlace:58917,Marnardal stasjon,2026-09-05T04:16:00+02:00,2026-09-05T04:16:00+02:00,,0.0,0,Stavanger,GOA:Line:50,Sørtoget region,F5,rail,GOA:ServiceJourney:725-LOD_67061-R,True,planned,False,,,,,2026-09-05T03:37:34.550234+02:00
NSR:StopPlace:58918,Nodeland stasjon,2026-09-05T03:56:00+02:00,2026-09-05T03:56:00+02:00,,0.0,0,Stavanger,GOA:Line:50,Sørtoget region,F5,rail,GOA:ServiceJourney:725-LOD_67061-R,True,planned,False,,,,,2026-09-05T03:37:34.550234+02:00
NSR:StopPlace:58844,Eidsvoll stasjon,2026-09-05T03:41:00+02:00,2026-09-05T03:41:00+02:00,,0.0,0,Oslo lufthavn,RUT:Line:430,Eidsvoll - Jessheim,430,bus,RUT:ServiceJourney:91d17557681b5924c3ecf3c4f80e36f7,True,planned,False,,,,,2026-09-05T03:37:34.550234+02:00
NSR:StopPlace:58845,Eidsvoll verk stasjon,2026-09-05T03:55:00+02:00,2026-09-05T03:55:00+02:00,,0.0,0,Oslo lufthavn,RUT:Line:430,Eidsvoll - Jessheim,430,bus,RUT:ServiceJourney:91d17557681b5924c3ecf3c4f80e36f7,True,planned,False,,,,,2026-09-05T03:37:34.550234+02:00
NSR:StopPlace:58860,Oppegård stasjon,2026-09-05T04:35:00+02:00,2026-09-05T04:35:00+02:00,,0.0,0,Ski stasjon,RUT:Line:3981,Nationaltheatret - Ski,81N,bus,RUT:ServiceJourney:9fd110f0f09df71fd3bb1a4a400eabcd,True,planned,False,,,,,2026-09-05T03:37:34.550234+02:00
NSR:StopPlace:58889,Gjerstad stasjon,2026-09-05T04:08:00+02:00,2026-09-05T04:08:00+02:00,,0.0,0,Oslo S,GOA:Line:50,Sørtoget region,F5,rail,GOA:ServiceJourney:726-KVB_63257-R,True,planned,False,,,,,2026-09-05T03:37:34.550234+02:00
NSR:StopPlace:58891,Vegårshei stasjon,2026-09-05T03:48:00+02:00,2026-09-05T03:48:00+02:00,,0.0,0,Oslo S,GOA:Line:50,Sørtoget region,F5,rail,GOA:ServiceJourney:726-KVB_63257-R,True,planned,False,,,,,2026-09-05T03:37:34.550234+02:00
NSR:StopPlace:274,Hunderfossen stasjon,2026-09-05T04:24:00+02:00,2026-09-05T04:24:00+02:00,,0.0,0,Oslo S,SJN:Line:21,Dovrebanen,F6,rail,SJN:ServiceJourney:406-TND_30133-R,True,planned,False,,,,,2026-09-05T03:37:34.550234+02:00
NSR:StopPlace:610,Sandvika stasjon,2026-09-05T04:20:00+02:00,2026-09-05T04:20:00+02:00,,0.0,0,Oslo Lufthavn,FLT:Line:FLY1,FLY1,FLY1,rail,FLT:ServiceJourney:1-2614-3701-20260905,True,planned,False,,,,,2026-09-05T03:37:34.550234+02:00
NSR:StopPlace:62456,Kvitfjell stasjon,2026-09-05T02:01:00+02:00,2026-09-05T02:01:00+02:00,,0.0,0,Trondheim S,SJN:Line:21,Dovrebanen,F6,rail,SJN:ServiceJourney:405-LOD_30131-R,True,planned,False,,,,,2026-09-05T03:37:34.550234+02:00
NSR:StopPlace:62456,Kvitfjell stasjon,2026-09-05T03:58:00+02:00,2026-09-05T03:58:00+02:00,,0.0,0,Oslo S,SJN:Line:21,Dovrebanen,F6,rail,SJN:ServiceJourney:406-TND_30133-R,True,planned,False,,,,,2026-09-05T03:37:34.550234+02:00
NSR:StopPlace:58925,Gausel stasjon,2026-09-05T03:47:00+02:00,2026-09-04T03:48:37+02:00,,0.0,0,Stavanger,KOL:Line:8_1001,1,1,bus,KOL:ServiceJourney:1001_251008118382885_2132,True,expected,False,,,,,2026-09-04T03:36:16.371511+02:00
NSR:StopPlace:58925,Gausel stasjon,2026-09-05T04:10:00+02:00,2026-09-04T04:10:10+02:00,,0.0,0,Sandnes,KOL:Line:8_1001,1,1,bus,KOL:ServiceJourney:1001_251008118354865_1133,True,expected,False,,,,,2026-09-04T03:36:16.371511+02:00
NSR:StopPlace:61251,Øksnavadporten stasjon,2026-09-05T09:19:00+02:00,2026-09-05T09:19:00+02:00,,0.0,0,Egersund,GOA:Line:59,Jærbanen,L5,rail,GOA:ServiceJourney:3020_63052-R,False,planned,False,,,,,2026-09-05T08:24:10.398942+02:00
NSR:StopPlace:61291,Stavanger stasjon,2026-09-05T08:47:00+02:00,2026-09-05T08:47:00+02:00,,0.0,0,Oslo S,GOA:Line:50,Sørtoget region,F5,rail,GOA:ServiceJourney:708-KVB_68390-R,False,planned,False,,,,,2026-09-05T08:24:10.398942+02:00
NSR:StopPlace:61291,Stavanger stasjon,2026-09-05T08:53:00+02:00,2026-09-05T08:53:00+02:00,,0.0,0,Egersund,GOA:Line:59,Jærbanen,L5,rail,GOA:ServiceJourney:3020_63052-R,False,planned,False,,,,,2026-09-05T08:24:10.398942+02:00
NSR:StopPlace:8,Paradis stasjon,2026-09-05T08:56:00+02:00,2026-09-05T08:56:00+02:00,,0.0,0,Egersund,GOA:Line:59,Jærbanen,L5,rail,GOA:ServiceJourney:3020_63052-R,False,planned,False,,,,,2026-09-05T08:24:10.398942+02:00
NSR:StopPlace:61169,Marienborg stasjon,2026-09-05T09:17:00+02:00,2026-09-05T09:17:00+02:00,,0.0,0,Pirbadet via St. Olavs hospital,ATB:Line:2_23,Brattøra - St. Olavs - Hallset - Flatåsen - Sandmoen,23,bus,ATB:ServiceJourney:23_251215112548526_6017,False,planned,False,,,,,2026-09-05T08:24:10.398942+02:00
NSR:StopPlace:61458,Mjølfjell stasjon,2026-09-05T09:22:00+02:00,2026-09-05T09:22:00+02:00,,0.0,0,Ørneberget,VYG:Line:R40,Bergen-Voss-Myrdal-Ål,R40,rail,VYG:ServiceJourney:BUS-1804_659325-R,False,planned,False,,,,,2026-09-05T08:24:10.398942+02:00
NSR:StopPlace:61460,Flaten stasjon,2026-09-05T09:04:00+02:00,2026-09-05T09:04:00+02:00,,0.0,0,Arendal,GOA:Line:53,Sørtoget lokal,R50,rail,GOA:ServiceJourney:2065_63018-R,False,planned,False,,,,,2026-09-05T08:24:10.398942+02:00
NSR:StopPlace:61383,Urdland stasjon,2026-09-05T09:02:00+02:00,2026-09-05T09:02:00+02:00,,0.0,0,Ørneberget,VYG:Line:R40,Bergen-Voss-Myrdal-Ål,R40,rail,VYG:ServiceJourney:BUS-1804_659325-R,False,planned,False,,,,,2026-09-05T08:24:10.398942+02:00
NSR:StopPlace:61314,Hovin stasjon,2026-09-05T09:19:00+02:00,2026-09-05T09:19:00+02:00,,0.0,0,Steinkjer,SJN:Line:26,Trønderbanen,R70,rail,SJN:ServiceJourney:431_56090-R,False,planned,False,,,,,2026-09-05T08:24:10.398942+02:00
NSR:StopPlace:61608,Kristiansand stasjon,2026-09-05T09:05:00+02:00,2026-09-05T09:05:00+02:00,,0.0,0,Stavanger,GOA:Line:50,Sørtoget region,F5,rail,GOA:ServiceJourney:B705-C4_74873-R,False,planned,False,,,,,2026-09-05T08:24:10.398942+02:00
NSR:StopPlace:61608,Kristiansand stasjon,2026-09-05T09:05:00+02:00,2026-09-05T09:05:00+02:00,,0.0,0,Stavanger,GOA:Line:50,Sørtoget region,F5,rail,GOA:ServiceJourney:B705-C5_74874-R,False,planned,False,,,,,2026-09-05T08:24:10.398942+02:00
NSR:StopPlace:61848,Söderhamn station,2026-09-05T07:34:00+02:00,2026-09-05T07:34:00+02:00,,0.0,0,Stockholm,SJV:Line:8ca80b34-505a-4d76-b047-58b01590d0e1,Luleå-Stockholm ,Luleå-Stockholm ,rail,SJV:ServiceJourney:a5d49afa-0d54-4c88-aed3-161717bb597d,False,planned,False,,,,,2026-09-05T08:24:10.398942+02:00
NSR:StopPlace:61846,Hudiksvall station,2026-09-05T06:45:00+02:00,2026-09-05T06:45:00+02:00,,0.0,0,Stockholm,SJV:Line:8ca80b34-505a-4d76-b047-58b01590d0e1,Luleå-Stockholm ,Luleå-Stockholm ,rail,SJV:ServiceJourney:a5d49afa-0d54-4c88-aed3-161717bb597d,False,planned,False,,,,,2026-09-05T08:24:10.398942+02:00
NSR:StopPlace:59872,Oslo S,2026-09-05T04:40:00+02:00,2026-09-05T04:40:00+02:00,,0.0,0,Oslo Lufthavn,FLT:Line:FLY1,FLY1,FLY1,rail,FLT:ServiceJourney:1-2614-3701-20260905,False,planned,False,,,,,2026-09-05T08:24:10.398942+02:00
NSR:StopPlace:59872,Oslo S,2026-09-05T05:00:00+02:00,2026-09-05T05:00:00+02:00,,0.0,0,Oslo Lufthavn,FLT:Line:FLY1,FLY1,FLY1,rail,FLT:ServiceJourney:1-2614-3703-20260905,False,planned,False,,,,,2026-09-05T08:24:10.398942+02:00
NSR:StopPlace:59872,Oslo S,2026-09-05T05:20:00+02:00,2026-09-05T05:20:00+02:00,,0.0,0,Oslo Lufthavn,FLT:Line:FLY1,FLY1,FLY1,rail,FLT:ServiceJourney:1-2614-3705-20260905,False,planned,False,,,,,2026-09-05T08:24:10.398942+02:00
NSR:StopPlace:59872,Oslo S,2026-09-05T05:40:00+02:00,2026-09-05T05:40:00+02:00,,0.0,0,Oslo Lufthavn,FLT:Line:FLY1,FLY1,FLY1,rail,FLT:ServiceJourney:1-2614-3707-20260905,False,planned,False,,,,,2026-09-05T08:24:10.398942+02:00
NSR:StopPlace:59872,Oslo S,2026-09-05T06:49:00+02:00,2026-09-05T06:49:00+02:00,,0.0,0,Drammen,VYG:Line:R13,Drammen-Oslo S-Dal,R13,rail,VYG:ServiceJourney:1606_443223-R,False,planned,False,,,,,2026-09-05T08:24:10.398942+02:00
NSR:StopPlace:59872,Oslo S,2026-09-05T07:04:00+02:00,2026-09-05T07:04:00+02:00,,0.0,0,Gjøvik,VYG:Line:R31,Skøyen-Jaren-Gjøvik,R31,rail,VYG:ServiceJourney:BUS-205_655095-R,False,planned,False,,,,,2026-09-05T08:24:10.398942+02:00
NSR:StopPlace:59872,Oslo S,2026-09-05T07:16:00+02:00,2026-09-05T07:16:00+02:00,,0.0,0,Karlstad-Stockholm,SJV:Line:cfac9102-49ef-476c-8663-a6d468ee4f36,Stockholm-Hallsberg-Karlstad-Oslo,70,rail,SJV:ServiceJourney:6bcdad44-579c-4040-a6ec-639bc3e56953,False,planned,False,,,,,2026-09-05T08:24:10.398942+02:00
NSR:StopPlace:59872,Oslo S,2026-09-05T07:25:00+02:00,2026-09-05T07:25:00+02:00,,0.0,0,Moi,GOA:Line:50,Sørtoget region,F5,rail,GOA:ServiceJourney:707-LOD_73726-R,False,planned,False,,,,,2026-09-05T08:24:10.398942+02:00
NSR:StopPlace:59646,Høvik stasjon,2026-09-05T05:10:00+02:00,2026-09-05T05:10:00+02:00,,0.0,0,Torpekspressen - Torp airport,UNI:Line:UE2,Oslo Bussterminal - Torp Lufhavn,FB25,bus,UNI:ServiceJourney:UE2-168008-46426716,False,planned,False,,,,,2026-09-05T08:24:10.398942+02:00
NSR:StopPlace:59646,Høvik stasjon,2026-09-05T06:05:00+02:00,2026-09-05T06:05:00+02:00,,0.0,0,Torpekspressen - Torp airport,UNI:Line:UE2,Oslo Bussterminal - Torp Lufhavn,FB25,bus,UNI:ServiceJourney:UE2-168008-46426718,False,planned,False,,,,,2026-09-05T08:24:10.398942+02:00
NSR:StopPlace:59646,Høvik stasjon,2026-09-05T06:15:00+02:00,2026-09-05T06:15:00+02:00,,0.0,0,Torpekspressen - Torp airport,UNI:Line:UE2,Oslo Bussterminal - Torp Lufhavn,FB25,bus,UNI:ServiceJourney:UE2-168008-46426720,False,planned,False,,,,,2026-09-05T08:24:10.398942+02:00
NSR:StopPlace:59646,Høvik stasjon,2026-09-05T09:10:00+02:00,2026-09-05T09:10:00+02:00,,0.0,0,Asker,RUT:Line:270,Asker - Sandvika (- Fornebu),270,bus,RUT:ServiceJourney:3b66c70534bb2a2bdbe588de2101d8dd,False,planned,False,,,,,2026-09-05T08:24:10.398942+02:00
NSR:StopPlace:59647,Dal stasjon,2026-09-05T05:54:00+02:00,2026-09-05T05:54:00+02:00,,0.0,0,Drammen,VYG:Line:R13,Drammen-Oslo S-Dal,R13,rail,VYG:ServiceJourney:1606_443223-R,False,planned,False,Innstilt Dal–Kløfta | Maxitaxi og taxi for tog,"Toget er innstilt mellom Dal og Kløfta. Dette skyldes feil på en sporveksel. | Vi har bestilt maxitaxier og taxier. Det kan ta tid før dette er på plass på alle stasjoner, så du må regne med noe ventetid.",incident | incident,normal | normal,2026-09-05T08:24:10.398942+02:00
NSR:StopPlace:59648,Kjelsås stasjon,2026-09-05T04:33:00+02:00,2026-09-05T04:33:00+02:00,,0.0,0,Majorstuen,RUT:Line:3912,Majorstuen - Kjelsås,12N,bus,RUT:ServiceJourney:ae69050b6a949b37618dfb86f35447ce,False,planned,False,,,,,2026-09-05T08:24:10.398942+02:00
NSR:StopPlace:59648,Kjelsås stasjon,2026-09-05T04:40:00+02:00,2026-09-05T04:40:00+02:00,,0.0,0,Kværnerbyen,RUT:Line:54,Kværnerbyen - Kjelsås stasjon,54,bus,RUT:ServiceJourney:48d12b32870f49f7ad8e20a48fcbce00,False,planned,False,,,,,2026-09-05T08:24:10.398942+02:00
NSR:StopPlace:59648,Kjelsås stasjon,2026-09-05T04:48:00+02:00,2026-09-05T04:48:00+02:00,,0.0,0,Majorstuen,RUT:Line:3911,Majorstuen - Kjelsås,11N,bus,RUT:ServiceJourney:f871a4fd1b4da69f3c6b2c45ea981114,False,planned,False,,,,,2026-09-05T08:24:10.398942+02:00
NSR:StopPlace:59648,Kjelsås stasjon,2026-09-05T05:03:00+02:00,2026-09-05T05:03:00+02:00,,0.0,0,Majorstuen,RUT:Line:3912,Majorstuen - Kjelsås,12N,bus,RUT:ServiceJourney:42125e84b72ba5f0121874ea84142879,False,planned,False,,,,,2026-09-05T08:24:10.398942+02:00
NSR:StopPlace:59648,Kjelsås stasjon,2026-09-05T05:18:00+02:00,2026-09-05T05:18:00+02:00,,0.0,0,Majorstuen,RUT:Line:3911,Majorstuen - Kjelsås,11N,bus,RUT:ServiceJourney:5e57df71d6eb0e990514c472d9d9784e,False,planned,False,,,,,2026-09-05T08:24:10.398942+02:00
NSR:StopPlace:59648,Kjelsås stasjon,2026-09-05T08:55:00+02:00,2026-09-05T08:55:00+02:00,,0.0,0,Kværnerbyen,RUT:Line:54,Kværnerbyen - Kjelsås stasjon,54,bus,RUT:ServiceJourney:cc11af87a23cff6dbdf2478a5e1a1fb9,False,planned,False,,,,,2026-09-05T08:24:10.398942+02:00
NSR:StopPlace:59648,Kjelsås stasjon,2026-09-05T09:10:00+02:00,2026-09-05T09:10:00+02:00,,0.0,0,Kværnerbyen,RUT:Line:54,Kværnerbyen - Kjelsås stasjon,54,bus,RUT:ServiceJourney:629def38389045e651bb5f2219afe74b,False,planned,False,,,,,2026-09-05T08:24:10.398942+02:00
NSR:StopPlace:59648,Kjelsås stasjon,2026-09-05T09:18:00+02:00,2026-09-05T09:18:00+02:00,,0.0,0,Gjøvik,VYG:Line:R31,Skøyen-Jaren-Gjøvik,R31,rail,VYG:ServiceJourney:BUS-209_655136-R,False,planned,False,,,,,2026-09-05T08:24:10.398942+02:00
NSR:StopPlace:59648,Kjelsås stasjon,2026-09-05T09:23:00+02:00,2026-09-05T09:23:00+02:00,,0.0,0,Snippen,VYG:Line:R31,Skøyen-Jaren-Gjøvik,R31,rail,VYG:ServiceJourney:BUS-209_655135-R,False,planned,False,,,,,2026-09-05T08:24:10.398942+02:00
NSR:StopPlace:59649,Nydalen stasjon,2026-09-05T05:03:00+02:00,2026-09-05T05:03:00+02:00,,0.0,0,Oslo lufthavn,NBU:Line:cb7b555c-f96e-42d5-84bf-a5e08c0145c2,Radiumhospitalet via Økern-Storo-Tåsen,FB3,bus,NBU:ServiceJourney:f0f7dd2e-b62b-4186-9b42-9757efdb8612,False,planned,False,,,,,2026-09-05T08:24:10.398942+02:00
NSR:StopPlace:59649,Nydalen stasjon,2026-09-05T09:16:00+02:00,2026-09-05T09:16:00+02:00,,0.0,0,Lysaker,RUT:Line:23,Lysaker - Simensbråten,23,bus,RUT:ServiceJourney:0b2d8b4ff715f0ad48802eab42816b35,False,planned,False,,,,,2026-09-05T08:24:10.398942+02:00
NSR:StopPlace:59641,Fjellhamar stasjon,2026-09-05T09:03:00+02:00,2026-09-05T09:03:00+02:00,,0.0,0,Vallerudtoppen,RUT:Line:315,Vallerudtoppen - Ahus,315,bus,RUT:ServiceJourney:383d95d6eb2f3e979f8885322f9d7c50,False,planned,False,,,,,2026-09-05T08:24:10.398942+02:00
NSR:StopPlace:59643,Grefsen stasjon,2026-09-05T04:38:00+02:00,2026-09-05T04:38:00+02:00,,0.0,0,Oslo lufthavn,NBU:Line:cb7b555c-f96e-42d5-84bf-a5e08c0145c2,Radiumhospitalet via Økern-Storo-Tåsen,FB3,bus,NBU:ServiceJourney:0e22b733-a412-4078-987f-4047b44fa091,False,planned,False,,,,,2026-09-05T08:24:10.398942+02:00
NSR:StopPlace:59643,Grefsen stasjon,2026-09-05T05:08:00+02:00,2026-09-05T05:08:00+02:00,,0.0,0,Oslo lufthavn,NBU:Line:cb7b555c-f96e-42d5-84bf-a5e08c0145c2,Radiumhospitalet via Økern-Storo-Tåsen,FB3,bus,NBU:ServiceJourney:f0f7dd2e-b62b-4186-9b42-9757efdb8612,False,planned,False,,,,,2026-09-05T08:24:10.398942+02:00
NSR:StopPlace:59643,Grefsen stasjon,2026-09-05T08:43:00+02:00,2026-09-05T08:43:00+02:00,,0.0,0,Gaustadalléen,RUT:Line:17,Rikshospitalet - Sinsen o/ Carl Berner,17,tram,RUT:ServiceJourney:acead8a6159699fb4b0534246720f2bc,False,planned,False,,,,,2026-09-05T08:24:10.398942+02:00
NSR:StopPlace:59643,Grefsen stasjon,2026-09-05T08:51:00+02:00,2026-09-05T08:51:00+02:00,,0.0,0,Gaustadalléen,RUT:Line:18,Grefsen st [4311] - Rikshospitalet,18,tram,RUT:ServiceJourney:5ef9fb254a77a4cedf500a4bdf49c84e,False,planned,False,,,,,2026-09-05T08:24:10.398942+02:00
NSR:StopPlace:59643,Grefsen stasjon,2026-09-05T09:03:00+02:00,2026-09-05T09:03:00+02:00,,0.0,0,Gaustadalléen,RUT:Line:17,Rikshospitalet - Sinsen o/ Carl Berner,17,tram,RUT:ServiceJourney:fd90d715de3824bd715bf0c516012b60,False,planned,False,,,,,2026-09-05T08:24:10.398942+02:00
NSR:StopPlace:59643,Grefsen stasjon,2026-09-05T09:11:00+02:00,2026-09-05T09:11:00+02:00,,0.0,0,Gaustadalléen,RUT:Line:18,Grefsen st [4311] - Rikshospitalet,18,tram,RUT:ServiceJourney:b6485b3b40c8ef42154e9a62d4e8e818,False,planned,False,,,,,2026-09-05T08:24:10.398942+02:00
NSR:StopPlace:59643,Grefsen stasjon,2026-09-05T09:11:00+02:00,2026-09-05T09:11:00+02:00,,0.0,0,Lysaker,RUT:Line:23,Lysaker - Simensbråten,23,bus,RUT:ServiceJourney:0b2d8b4ff715f0ad48802eab42816b35,False,planned,False,,,,,2026-09-05T08:24:10.398942+02:00
NSR:StopPlace:59643,Grefsen stasjon,2026-09-05T09:18:00+02:00,2026-09-05T09:18:00+02:00,,0.0,0,Stryken,VYG:Line:R31,Skøyen-Jaren-Gjøvik,R31,rail,VYG:ServiceJourney:BUS-209_690621-R,False,planned,False,,,,,2026-09-05T08:24:10.398942+02:00
NSR:StopPlace:59643,Grefsen stasjon,2026-09-05T09:19:00+02:00,2026-09-05T09:19:00+02:00,,0.0,0,Stryken,VYG:Line:R31,Skøyen-Jaren-Gjøvik,R31,rail,VYG:ServiceJourney:BUS-209_690620-R,False,planned,False,,,,,2026-09-05T08:24:10.398942+02:00
NSR:StopPlace:59643,Grefsen stasjon,2026-09-05T09:23:00+02:00,2026-09-05T09:23:00+02:00,,0.0,0,Gaustadalléen,RUT:Line:17,Rikshospitalet - Sinsen o/ Carl Berner,17,tram,RUT:ServiceJourney:1c650529e1a1ee2a48496a82e7d9bad3,False,planned,False,,,,,2026-09-05T08:24:10.398942+02:00
NSR:StopPlace:60640,Heimdal stasjon,2026-09-05T04:51:00+02:00,2026-09-05T04:51:00+02:00,,0.0,0,Sandmoen via Byåsen-sentrum,ATB:Line:2_53,Lundåsen- Heimdal- Saupstad- Flatåsen- Hallset- Ila- Sentrum- Sandmoen,53,bus,ATB:ServiceJourney:53_251215112543864_6002,False,planned,False,,,,,2026-09-05T08:24:10.398942+02:00
NSR:StopPlace:60640,Heimdal stasjon,2026-09-05T08:36:00+02:00,2026-09-05T08:36:00+02:00,,0.0,0,Spongdal via Klettkrysset,ATB:Line:2_77,Heimdal- Klett- Spongdal,77,bus,ATB:ServiceJourney:77_251215112550989_6002,False,planned,False,,,,,2026-09-05T08:24:10.398942+02:00
NSR:StopPlace:59650,Nyland stasjon,2026-09-05T04:52:00+02:00,2026-09-05T04:52:00+02:00,,0.0,0,Oslo lufthavn,NBU:Line:cb7b555c-f96e-42d5-84bf-a5e08c0145c2,Radiumhospitalet via Økern-Storo-Tåsen,FB3,bus,NBU:ServiceJourney:0e22b733-a412-4078-987f-4047b44fa091,False,planned,False,,,,,2026-09-05T08:24:10.398942+02:00
NSR:StopPlace:59650,Nyland stasjon,2026-09-05T04:53:00+02:00,2026-09-05T04:53:00+02:00,,0.0,0,Jernbanetorget,RUT:Line:3905,Jernbanetorget - Vestli T,5N,bus,RUT:ServiceJourney:ee58c5698e661d7593cf70358cd2419f,False,planned,False,,,,,2026-09-05T08:24:10.398942+02:00
NSR:StopPlace:59650,Nyland stasjon,2026-09-05T05:22:00+02:00,2026-09-05T05:22:00+02:00,,0.0,0,Oslo lufthavn,NBU:Line:cb7b555c-f96e-42d5-84bf-a5e08c0145c2,Radiumhospitalet via Økern-Storo-Tåsen,FB3,bus,NBU:ServiceJourney:f0f7dd2e-b62b-4186-9b42-9757efdb8612,False,planned,False,,,,,2026-09-05T08:24:10.398942+02:00
NSR:StopPlace:59650,Nyland stasjon,2026-09-05T05:23:00+02:00,2026-09-05T05:23:00+02:00,,0.0,0,Jernbanetorget,RUT:Line:3905,Jernbanetorget - Vestli T,5N,bus,RUT:ServiceJourney:187d4efbcde42f8bbe9795936c9d07c5,False,planned,False,,,,,2026-09-05T08:24:10.398942+02:00
NSR:StopPlace:59651,Skøyen stasjon,2026-09-05T04:29:00+02:00,2026-09-05T04:29:00+02:00,,0.0,0,Oslo Lufthavn,FLT:Line:FLY1,FLY1,FLY1,rail,FLT:ServiceJourney:1-2614-3701-20260905,False,planned,False,,,,,2026-09-05T08:24:10.398942+02:00
NSR:StopPlace:59651,Skøyen stasjon,2026-09-05T04:36:00+02:00,2026-09-05T04:36:00+02:00,,0.0,0,Fornebu,RUT:Line:31,Snarøya - Fornebu - Tonsenhagen - Grorud,31,bus,RUT:ServiceJourney:dd338eb21a22f0885e3866c47cd51207,False,planned,False,,,,,2026-09-05T08:24:10.398942+02:00
NSR:StopPlace:59651,Skøyen stasjon,2026-09-05T04:41:00+02:00,2026-09-05T04:41:00+02:00,,0.0,0,Grorud T,RUT:Line:31,Snarøya - Fornebu - Tonsenhagen - Grorud,31,bus,RUT:ServiceJourney:5da28a8c0e6940b8da56885d5573407b,False,planned,False,,,,,2026-09-05T08:24:10.398942+02:00
NSR:StopPlace:59651,Skøyen stasjon,2026-09-05T04:47:00+02:00,2026-09-05T04:47:00+02:00,,0.0,0,Helsfyr T,RUT:Line:20,Skøyen - Galgeberg,20,bus,RUT:ServiceJourney:a2dfbc89b6f05477686c8e5fc285c9c6,False,planned,False,,,,,2026-09-05T08:24:10.398942+02:00
NSR:StopPlace:59651,Skøyen stasjon,2026-09-05T04:49:00+02:00,2026-09-05T04:49:00+02:00,,0.0,0,Oslo Lufthavn,FLT:Line:FLY1,FLY1,FLY1,rail,FLT:ServiceJourney:1-2614-3703-20260905,False,planned,False,,,,,2026-09-05T08:24:10.398942+02:00
NSR:StopPlace:59651,Skøyen stasjon,2026-09-05T05:06:00+02:00,2026-09-05T05:06:00+02:00,,0.0,0,Fornebu,RUT:Line:31,Snarøya - Fornebu - Tonsenhagen - Grorud,31,bus,RUT:ServiceJourney:1364982ccf3b17fe98ffc3245635102b,False,planned,False,,,,,2026-09-05T08:24:10.398942+02:00
NSR:StopPlace:59651,Skøyen stasjon,2026-09-05T05:09:00+02:00,2026-09-05T05:09:00+02:00,,0.0,0,Oslo Lufthavn,FLT:Line:FLY1,FLY1,FLY1,rail,FLT:ServiceJourney:1-2614-3705-20260905,False,planned,False,,,,,2026-09-05T08:24:10.398942+02:00
NSR:StopPlace:59651,Skøyen stasjon,2026-09-05T05:11:00+02:00,2026-09-05T05:11:00+02:00,,0.0,0,Grorud T,RUT:Line:31,Snarøya - Fornebu - Tonsenhagen - Grorud,31,bus,RUT:ServiceJourney:dd9272c0937fb7598ba3db0ed5c65042,False,planned,False,,,,,2026-09-05T08:24:10.398942+02:00
NSR:StopPlace:59651,Skøyen stasjon,2026-09-05T05:17:00+02:00,2026-09-05T05:17:00+02:00,,0.0,0,Helsfyr T,RUT:Line:20,Skøyen - Galgeberg,20,bus,RUT:ServiceJourney:51f12d530fbebce529f5a0338ecf1bca,False,planned,False,,,,,2026-09-05T08:24:10.398942+02:00
NSR:StopPlace:59651,Skøyen stasjon,2026-09-05T05:29:00+02:00,2026-09-05T05:29:00+02:00,,0.0,0,Oslo Lufthavn,FLT:Line:FLY1,FLY1,FLY1,rail,FLT:ServiceJourney:1-2614-3707-20260905,False,planned,False,,,,,2026-09-05T08:24:10.398942+02:00
NSR:StopPlace:59651,Skøyen stasjon,2026-09-05T05:36:00+02:00,2026-09-05T05:36:00+02:00,,0.0,0,Fornebu,RUT:Line:31,Snarøya - Fornebu - Tonsenhagen - Grorud,31,bus,RUT:ServiceJourney:c14613fde0f1383618012a8e20fede8c,False,planned,False,,,,,2026-09-05T08:24:10.398942+02:00
NSR:StopPlace:59651,Skøyen stasjon,2026-09-05T06:55:00+02:00,2026-09-05T06:55:00+02:00,,0.0,0,Drammen,VYG:Line:R13,Drammen-Oslo S-Dal,R13,rail,VYG:ServiceJourney:1606_443223-R,False,planned,False,,,,,2026-09-05T08:24:10.398942+02:00
NSR:StopPlace:59652,Tøyen stasjon,2026-09-05T09:14:00+02:00,2026-09-05T09:14:00+02:00,,0.0,0,Vippetangen,RUT:Line:60,Vippetangen-Tonsenhagen,60,bus,RUT:ServiceJourney:34efd3320b10c0dbf67ac7103de97edc,False,planned,False,,,,,2026-09-05T08:24:10.398942+02:00
NSR:StopPlace:59703,Åndalsnes stasjon,2026-09-05T05:00:00+02:00,2026-09-05T05:00:00+02:00,,0.0,0,Ålesund,VYX:Line:162,VY148 Ålesund-Oslo,VY148,coach,VYX:ServiceJourney:0a772f142078d2cf52813fca7b2fc0be7fff8273,False,planned,False,Forhåndsbestilling Vy,Billett må kjøpes på nett eller app senest 15 minutter før påstigning for at bussen skal kjøre innom holdeplassen.,general,normal,2026-09-05T08:24:10.398942+02:00
NSR:StopPlace:59703,Åndalsnes stasjon,2026-09-05T09:00:00+02:00,2026-09-05T09:00:00+02:00,,0.0,0,Geiranger,VYX:Line:180,VY25 Fjord Tours,VY25,coach,VYX:ServiceJourney:f7ea1d55de02697e28096db27c8f2268db1a97dd,False,planned,False,,,,,2026-09-05T08:24:10.398942+02:00
NSR:StopPlace:59703,Åndalsnes stasjon,2026-09-05T09:00:00+02:00,2026-09-05T09:00:00+02:00,,0.0,0,Geiranger,FJT:Line:98180744-c851-406e-ae29-c90f6aa10e48,Geiranger - Åndalsnes - Ålesund,FT,bus,FJT:ServiceJourney:8f4066d8-a253-4f68-98ac-0a83c05119e7,False,planned,False,,,,,2026-09-05T08:24:10.398942+02:00
NSR:StopPlace:59952,Drammen stasjon,2026-09-05T04:42:00+02:00,2026-09-05T04:42:00+02:00,,0.0,0,Oslo Lufthavn,FLT:Line:FLY1,FLY1,FLY1,rail,FLT:ServiceJourney:1-2614-3705-20260905,False,planned,False,,,,,2026-09-05T08:24:10.398942+02:00
NSR:StopPlace:59952,Drammen stasjon,2026-09-05T05:02:00+02:00,2026-09-05T05:02:00+02:00,,0.0,0,Oslo Lufthavn,FLT:Line:FLY1,FLY1,FLY1,rail,FLT:ServiceJourney:1-2614-3707-20260905,False,planned,False,,,,,2026-09-05T08:24:10.398942+02:00
NSR:StopPlace:59952,Drammen stasjon,2026-09-05T06:22:00+02:00,2026-09-05T06:22:00+02:00,,0.0,0,Skoppum,VYG:Line:RE11,Eidsvoll-Oslo S-Skien,RE11,rail,VYG:ServiceJourney:BUS-883_654492-R,False,planned,False,,,,,2026-09-05T08:24:10.398942+02:00
NSR:StopPlace:59952,Drammen stasjon,2026-09-05T08:00:00+02:00,2026-09-05T08:00:00+02:00,,0.0,0,Moi,GOA:Line:50,Sørtoget region,F5,rail,GOA:ServiceJourney:707-LOD_73726-R,False,planned,False,,,,,2026-09-05T08:24:10.398942+02:00
NSR:StopPlace:59952,Drammen stasjon,2026-09-05T08:22:00+02:00,2026-09-05T08:22:00+02:00,,0.0,0,Skoppum,VYG:Line:RE11,Eidsvoll-Oslo S-Skien,RE11,rail,VYG:ServiceJourney:BUS-807_654228-R,False,planned,False,,,,,2026-09-05T08:24:10.398942+02:00
NSR:StopPlace:59952,Drammen stasjon,2026-09-05T09:20:00+02:00,2026-09-05T09:20:00+02:00,,0.0,0,Bergen,VYG:Line:F4,Oslo S-Bergen,F4,rail,VYG:ServiceJourney:BUS-63_652383-R,False,planned,False,,,,,2026-09-05T08:24:10.398942+02:00
NSR:StopPlace:59952,Drammen stasjon,2026-09-05T09:22:00+02:00,2026-09-05T09:22:00+02:00,,0.0,0,Tønsberg,VYG:Line:RE11,Eidsvoll-Oslo S-Skien,RE11,rail,VYG:ServiceJourney:BUS-809_654247-R,False,planned,False,,,,,2026-09-05T08:24:10.398942+02:00
NSR:StopPlace:59952,Drammen stasjon,2026-09-05T09:22:00+02:00,2026-09-05T09:22:00+02:00,,0.0,0,Stokke,VYG:Line:RE11,Eidsvoll-Oslo S-Skien,RE11,rail,VYG:ServiceJourney:BUS-809_654246-R,False,planned,False,,,,,2026-09-05T08:24:10.398942+02:00
NSR:StopPlace:59957,Klepp stasjon,2026-09-05T09:22:00+02:00,2026-09-05T09:22:00+02:00,,0.0,0,Egersund,GOA:Line:59,Jærbanen,L5,rail,GOA:ServiceJourney:3020_63052-R,False,planned,False,,,,,2026-09-05T08:24:10.398942+02:00
NSR:StopPlace:59958,Voss stasjon,2026-09-05T04:49:00+02:00,2026-09-05T04:49:00+02:00,,0.0,0,Bergen,VYG:Line:R40,Bergen-Voss-Myrdal-Ål,R40,rail,VYG:ServiceJourney:BUS-1805_659327-R,False,planned,False,,,,,2026-09-05T08:24:10.398942+02:00
NSR:StopPlace:59958,Voss stasjon,2026-09-05T05:48:00+02:00,2026-09-05T05:48:00+02:00,,0.0,0,Bergen,VYX:Line:31,VY450 Bergen-Fagernes-Oslo,VY450,coach,VYX:ServiceJourney:c9fc489e497686b7713662f2db635b18fd2f00b3,False,planned,False,Forhåndsbestilling Vy,Billett må kjøpes på nett eller app senest 15 minutter før påstigning for at bussen skal kjøre innom holdeplassen.,general,normal,2026-09-05T08:24:10.398942+02:00
NSR:StopPlace:59958,Voss stasjon,2026-09-05T05:52:00+02:00,2026-09-05T05:52:00+02:00,,0.0,0,Bergen,VYG:Line:R40,Bergen-Voss-Myrdal-Ål,R40,rail,VYG:ServiceJourney:BUS-1807_659330-R,False,planned,False,,,,,2026-09-05T08:24:10.398942+02:00
NSR:StopPlace:59958,Voss stasjon,2026-09-05T07:12:00+02:00,2026-09-05T07:12:00+02:00,,0.0,0,Flåm,VYX:Line:31,VY450 Bergen-Fagernes-Oslo,VY450,coach,VYX:ServiceJourney:371ab74c42073f72f08637624f59ba7afd54c3d2,False,planned,False,Forhåndsbestilling Vy,Billett må kjøpes på nett eller app senest 15 minutter før påstigning for at bussen skal kjøre innom holdeplassen.,general,normal,2026-09-05T08:24:10.398942+02:00
NSR:StopPlace:59958,Voss stasjon,2026-09-05T08:25:00+02:00,2026-09-05T08:25:00+02:00,,0.0,0,Aurland,VYX:Line:31,VY450 Bergen-Fagernes-Oslo,VY450,coach,VYX:ServiceJourney:80ffb82c738256addff01b06986f3e8e9183af21,False,planned,False,Forhåndsbestilling Vy,Billett må kjøpes på nett eller app senest 15 minutter før påstigning for at bussen skal kjøre innom holdeplassen.,general,normal,2026-09-05T08:24:10.398942+02:00
NSR:StopPlace:59958,Voss stasjon,2026-09-05T08:43:00+02:00,2026-09-05T08:43:00+02:00,,0.0,0,Ørneberget,VYG:Line:R40,Bergen-Voss-Myrdal-Ål,R40,rail,VYG:ServiceJourney:BUS-1804_659325-R,False,planned,False,,,,,2026-09-05T08:24:10.398942+02:00
NSR:StopPlace:59958,Voss stasjon,2026-09-05T09:10:00+02:00,2026-09-05T09:10:00+02:00,,0.0,0,Odda,SKY:Line:990,Odda-Kinsarvik-Bu-Granvin-Voss,990,bus,SKY:ServiceJourney:990-205170-20961770,False,planned,False,,,,,2026-09-05T08:24:10.398942+02:00
NSR:StopPlace:59977,Trondheim S,2026-09-05T05:54:00+02:00,2026-09-05T05:54:00+02:00,,0.0,0,Hurtigbåtterminalen,ATB:Line:2_25,Vikåsen- Strindheim- Singsaker,25,bus,ATB:ServiceJourney:25_251215112543278_6002,False,planned,False,,,,,2026-09-05T08:24:10.398942+02:00
NSR:StopPlace:59983,Bergen stasjon,2026-09-05T06:19:00+02:00,2026-09-05T06:19:00+02:00,,0.0,0,Voss,VYG:Line:F4,Oslo S-Bergen,F4,rail,VYG:ServiceJourney:BUS-60_660124-R,False,planned,False,,,,,2026-09-05T08:24:10.398942+02:00
NSR:StopPlace:59983,Bergen stasjon,2026-09-05T08:08:00+02:00,2026-09-05T08:08:00+02:00,,0.0,0,Voss,VYG:Line:F4,Oslo S-Bergen,F4,rail,VYG:ServiceJourney:BUS-62_660128-R,False,planned,False,,,,,2026-09-05T08:24:10.398942+02:00
NSR:StopPlace:59983,Bergen stasjon,2026-09-05T08:08:00+02:00,2026-09-05T08:08:00+02:00,,0.0,0,Oslo S,VYG:Line:F4,Oslo S-Bergen,F4,rail,VYG:ServiceJourney:BUS-62_652382-R,False,planned,False,,,,,2026-09-05T08:24:10.398942+02:00
NSR:StopPlace:59983,Bergen stasjon,2026-09-05T08:29:00+02:00,2026-09-05T08:29:00+02:00,,0.0,0,Voss,VYG:Line:R40,Bergen-Voss-Myrdal-Ål,R40,rail,VYG:ServiceJourney:BUS-1848_659363-R,False,planned,False,,,,,2026-09-05T08:24:10.398942+02:00
NSR:StopPlace:59983,Bergen stasjon,2026-09-05T09:23:00+02:00,2026-09-05T09:23:00+02:00,,0.0,0,Voss,VYG:Line:R40,Bergen-Voss-Myrdal-Ål,R40,rail,VYG:ServiceJourney:BUS-1810_659332-R,False,planned,False,,,,,2026-09-05T08:24:10.398942+02:00
NSR:StopPlace:59174,Løkken stasjon,2026-09-05T09:18:00+02:00,2026-09-05T09:18:00+02:00,,0.0,0,Oti-senteret via Orkanger skysstasjon,ATB:Line:2_460,Orkanger - Meldal - Berkåk,460,bus,ATB:ServiceJourney:460_260106098640564_6001,False,planned,False,,,,,2026-09-05T08:24:10.398942+02:00
NSR:StopPlace:59181,Kristinehamn station,2026-09-05T06:45:00+02:00,2026-09-05T06:45:00+02:00,,0.0,0,Stockholm,VYB:Line:26,850 Oslo - Arlanda - Stockholm,850,coach,VYB:ServiceJourney:a60f1b8bc41647be71740cfa50d9408ea8c0a16e,False,planned,False,,,,,2026-09-05T08:24:10.398942+02:00
NSR:StopPlace:59182,Örebro Centralstation,2026-09-05T07:30:00+02:00,2026-09-05T07:30:00+02:00,,0.0,0,Karlstad,VYB:Line:26,850 Oslo - Arlanda - Stockholm,850,coach,VYB:ServiceJourney:fe5e5853e7e3d7aaa4ba06c82de4ebd4abe0ef96,False,planned,False,Örebro läge X,,general,normal,2026-09-05T08:24:10.398942+02:00
NSR:StopPlace:59182,Örebro Centralstation,2026-09-05T07:35:00+02:00,2026-09-05T07:35:00+02:00,,0.0,0,Arlanda,VYB:Line:27,900 Oslo - Arlanda - Stockholm,900,coach,VYB:ServiceJourney:dbabcfbfc6de07a0aa8183c7de4a3d081906051d,False,planned,False,Örebro läge X | Annan busstyp på denna avgång,"Vennligst merk at denne avgangen kjøres av en samarbeidspartner til Vy bus4you, og med en annen type buss enn den som vanligvis benyttes av Vy bus4you.",general | general,normal | normal,2026-09-05T08:24:10.398942+02:00
NSR:StopPlace:59182,Örebro Centralstation,2026-09-05T07:55:00+02:00,2026-09-05T07:55:00+02:00,,0.0,0,Stockholm,VYB:Line:26,850 Oslo - Arlanda - Stockholm,850,coach,VYB:ServiceJourney:a60f1b8bc41647be71740cfa50d9408ea8c0a16e,False,planned,False,Örebro läge X,,general,normal,2026-09-05T08:24:10.398942+02:00
NSR:StopPlace:59182,Örebro Centralstation,2026-09-05T08:25:00+02:00,2026-09-05T08:25:00+02:00,,0.0,0,Karlstad,VYB:Line:26,850 Oslo - Arlanda - Stockholm,850,coach,VYB:ServiceJourney:f9ad7ea0bccae750dc44221801057dcc8c3d3aa8,False,planned,False,Örebro läge X,,general,normal,2026-09-05T08:24:10.398942+02:00
NSR:StopPlace:59182,Örebro Centralstation,2026-09-05T08:45:00+02:00,2026-09-05T08:45:00+02:00,,0.0,0,Arlanda,VYB:Line:26,850 Oslo - Arlanda - Stockholm,850,coach,VYB:ServiceJourney:58b612039c5a8de11b74fc42206e94a0c8ec7bf6,False,planned,False,Örebro läge X,,general,normal,2026-09-05T08:24:10.398942+02:00
NSR:StopPlace:60077,Støren stasjon,2026-09-05T09:13:00+02:00,2026-09-05T09:13:00+02:00,,0.0,0,Steinkjer,SJN:Line:26,Trønderbanen,R70,rail,SJN:ServiceJourney:431_56090-R,False,planned,False,,,,,2026-09-05T08:24:10.398942+02:00
NSR:StopPlace:59092,Gyland stasjon,2026-09-05T08:40:00+02:00,2026-09-05T08:40:00+02:00,,0.0,0,Tonstad,AKT:Line:4713,Flekkefjord - Gyland - Sirdal,270,bus,AKT:ServiceJourney:64875_13_17_62400_64500_3932701,False,planned,False,,,,,2026-09-05T08:24:10.398942+02:00
NSR:StopPlace:59393,Västerås Centralstation,2026-09-05T06:10:00+02:00,2026-09-05T06:10:00+02:00,,0.0,0,Karlstad,VYB:Line:26,850 Oslo - Arlanda - Stockholm,850,coach,VYB:ServiceJourney:fe5e5853e7e3d7aaa4ba06c82de4ebd4abe0ef96,False,planned,False,Västerås,"Nytt holdeplassområde ved Västerås Resecentrum fra 16. mars. Den nye holdeplassen ligger på stasjonens vestside, rett ved jernbanespor 1B. Du finner den ved å følge parkeringsplassen til den bortre enden. ",general,normal,2026-09-05T08:24:10.398942+02:00
NSR:StopPlace:59393,Västerås Centralstation,2026-09-05T07:05:00+02:00,2026-09-05T07:05:00+02:00,,0.0,0,Karlstad,VYB:Line:26,850 Oslo - Arlanda - Stockholm,850,coach,VYB:ServiceJourney:f9ad7ea0bccae750dc44221801057dcc8c3d3aa8,False,planned,False,Västerås,"Nytt holdeplassområde ved Västerås Resecentrum fra 16. mars. Den nye holdeplassen ligger på stasjonens vestside, rett ved jernbanespor 1B. Du finner den ved å følge parkeringsplassen til den bortre enden. ",general,normal,2026-09-05T08:24:10.398942+02:00
NSR:StopPlace:59393,Västerås Centralstation,2026-09-05T08:05:00+02:00,2026-09-05T08:05:00+02:00,,0.0,0,Örebro,VYB:Line:26,850 Oslo - Arlanda - Stockholm,850,coach,VYB:ServiceJourney:b22fa25366dacc1920f3085718755a318f1276df,False,planned,False,Västerås,"Nytt holdeplassområde ved Västerås Resecentrum fra 16. mars. Den nye holdeplassen ligger på stasjonens vestside, rett ved jernbanespor 1B. Du finner den ved å følge parkeringsplassen til den bortre enden. ",general,normal,2026-09-05T08:24:10.398942+02:00
NSR:StopPlace:59393,Västerås Centralstation,2026-09-05T08:55:00+02:00,2026-09-05T08:55:00+02:00,,0.0,0,Arlanda,VYB:Line:27,900 Oslo - Arlanda - Stockholm,900,coach,VYB:ServiceJourney:dbabcfbfc6de07a0aa8183c7de4a3d081906051d,False,planned,False,Annan busstyp på denna avgång | Västerås,"Vennligst merk at denne avgangen kjøres av en samarbeidspartner til Vy bus4you, og med en annen type buss enn den som vanligvis benyttes av Vy bus4you. | Nytt holdeplassområde ved Västerås Resecentrum fra 16. mars. Den nye holdeplassen ligger på stasjonens vestside, rett ved jernbanespor 1B. Du finner den ved å følge parkeringsplassen til den bortre enden. ",general | general,normal | normal,2026-09-05T08:24:10.398942+02:00
NSR:StopPlace:59393,Västerås Centralstation,2026-09-05T09:10:00+02:00,2026-09-05T09:10:00+02:00,,0.0,0,Oslo,VYB:Line:26,850 Oslo - Arlanda - Stockholm,850,coach,VYB:ServiceJourney:535e098b9c69bd948c32b329b402efa9bfd625e3,False,planned,False,Västerås,"Nytt holdeplassområde ved Västerås Resecentrum fra 16. mars. Den nye holdeplassen ligger på stasjonens vestside, rett ved jernbanespor 1B. Du finner den ved å følge parkeringsplassen til den bortre enden. ",general,normal,2026-09-05T08:24:10.398942+02:00
NSR:StopPlace:59393,Västerås Centralstation,2026-09-05T09:15:00+02:00,2026-09-05T09:15:00+02:00,,0.0,0,Stockholm,VYB:Line:26,850 Oslo - Arlanda - Stockholm,850,coach,VYB:ServiceJourney:a60f1b8bc41647be71740cfa50d9408ea8c0a16e,False,planned,False,Västerås,"Nytt holdeplassområde ved Västerås Resecentrum fra 16. mars. Den nye holdeplassen ligger på stasjonens vestside, rett ved jernbanespor 1B. Du finner den ved å følge parkeringsplassen til den bortre enden. ",general,normal,2026-09-05T08:24:10.398942+02:00
NSR:StopPlace:60392,Södertälje syd,2026-09-05T07:54:00+02:00,2026-09-05T07:54:00+02:00,,0.0,0,Karlstad-Oslo,SJV:Line:cfac9102-49ef-476c-8663-a6d468ee4f36,Stockholm-Hallsberg-Karlstad-Oslo,70,rail,SJV:ServiceJourney:e794c8ce-6e4a-4fd2-b148-3ae868a8aed9,False,planned,False,,,,,2026-09-05T08:24:10.398942+02:00
NSR:StopPlace:60392,Södertälje syd,2026-09-05T09:15:00+02:00,2026-09-05T09:15:00+02:00,,0.0,0,Hamburg Hbf,SNT:Line:15931205-7b69-51de-bac7-18d4acc5c6f5,Malmö C,IC,rail,SNT:ServiceJourney:52efc068-8869-5645-b60f-cf6c2e6a10d8_059b8b28-3c9f-5361-81f8-371ff977e750,False,planned,False,,,,,2026-09-05T08:24:10.398942+02:00
NSR:StopPlace:59248,Stockholm-Arlanda flygplats,2026-09-05T05:30:00+02:00,2026-09-05T05:30:00+02:00,,0.0,0,Karlstad,VYB:Line:26,850 Oslo - Arlanda - Stockholm,850,coach,VYB:ServiceJourney:f9ad7ea0bccae750dc44221801057dcc8c3d3aa8,False,planned,False,,,,,2026-09-05T08:24:10.398942+02:00
NSR:StopPlace:59248,Stockholm-Arlanda flygplats,2026-09-05T06:00:00+02:00,2026-09-05T06:00:00+02:00,,0.0,0,Göteborg,VYB:Line:23,400 Stockholm - Göteborg,400,coach,VYB:ServiceJourney:5e1bf62ee94bb3c8dc9c05dcfc054db6860a40f3,False,planned,False,,,,,2026-09-05T08:24:10.398942+02:00
NSR:StopPlace:59248,Stockholm-Arlanda flygplats,2026-09-05T06:30:00+02:00,2026-09-05T06:30:00+02:00,,0.0,0,Örebro,VYB:Line:26,850 Oslo - Arlanda - Stockholm,850,coach,VYB:ServiceJourney:b22fa25366dacc1920f3085718755a318f1276df,False,planned,False,,,,,2026-09-05T08:24:10.398942+02:00
NSR:StopPlace:59248,Stockholm-Arlanda flygplats,2026-09-05T08:45:00+02:00,2026-09-05T08:45:00+02:00,,0.0,0,Göteborg,VYB:Line:23,400 Stockholm - Göteborg,400,coach,VYB:ServiceJourney:7fbe2405901497e3606157496d6830fba28af6e6,False,planned,False,,,,,2026-09-05T08:24:10.398942+02:00
NSR:StopPlace:59248,Stockholm-Arlanda flygplats,2026-09-05T08:55:00+02:00,2026-09-05T08:55:00+02:00,,0.0,0,Karlstad,VYB:Line:26,850 Oslo - Arlanda - Stockholm,850,coach,VYB:ServiceJourney:8f7e26368cc3ba028e6b3331172a88433bebc7f0,False,planned,False,,,,,2026-09-05T08:24:10.398942+02:00
NSR:StopPlace:59244,Egersund stasjon,2026-09-05T09:16:00+02:00,2026-09-05T09:16:00+02:00,,0.0,0,Stavanger,GOA:Line:59,Jærbanen,L5,rail,GOA:ServiceJourney:3021_63055-R,False,planned,False,,,,,2026-09-05T08:24:10.398942+02:00
NSR:StopPlace:59261,Trondheim lufthavn,2026-09-05T08:00:00+02:00,2026-09-05T08:00:00+02:00,,0.0,0,Flybuss Ekspress Trondheim,UNI:Line:FB73,Nidarvoll - Moholt - Trondheim sentrum - Værnes,FB73,bus,UNI:ServiceJourney:FB73-168019-46430250,False,planned,False,,,,,2026-09-05T08:24:10.398942+02:00
NSR:StopPlace:59261,Trondheim lufthavn,2026-09-05T08:45:00+02:00,2026-09-05T08:45:00+02:00,,0.0,0,Flybuss Ekspress Trondheim,UNI:Line:FB73,Nidarvoll - Moholt - Trondheim sentrum - Værnes,FB73,bus,UNI:ServiceJourney:FB73-168019-46430261,False,planned,False,,,,,2026-09-05T08:24:10.398942+02:00
NSR:StopPlace:59261,Trondheim lufthavn,2026-09-05T09:15:00+02:00,2026-09-05T09:15:00+02:00,,0.0,0,Flybuss Ekspress Trondheim,UNI:Line:FB73,Nidarvoll - Moholt - Trondheim sentrum - Værnes,FB73,bus,UNI:ServiceJourney:FB73-168019-46430335,False,planned,False,,,,,2026-09-05T08:24:10.398942+02:00
NSR:StopPlace:59616,Asker stasjon,2026-09-05T04:54:00+02:00,2026-09-05T04:54:00+02:00,,0.0,0,Oslo Lufthavn,FLT:Line:FLY1,FLY1,FLY1,rail,FLT:ServiceJourney:1-2614-3705-20260905,False,planned,False,,,,,2026-09-05T08:24:10.398942+02:00
NSR:StopPlace:59616,Asker stasjon,2026-09-05T05:14:00+02:00,2026-09-05T05:14:00+02:00,,0.0,0,Oslo Lufthavn,FLT:Line:FLY1,FLY1,FLY1,rail,FLT:ServiceJourney:1-2614-3707-20260905,False,planned,False,,,,,2026-09-05T08:24:10.398942+02:00
NSR:StopPlace:59616,Asker stasjon,2026-09-05T07:10:00+02:00,2026-09-05T07:10:00+02:00,,0.0,0,Drammen,VYG:Line:R13,Drammen-Oslo S-Dal,R13,rail,VYG:ServiceJourney:1606_443223-R,False,planned,False,,,,,2026-09-05T08:24:10.398942+02:00
NSR:StopPlace:59616,Asker stasjon,2026-09-05T07:46:00+02:00,2026-09-05T07:46:00+02:00,,0.0,0,Moi,GOA:Line:50,Sørtoget region,F5,rail,GOA:ServiceJourney:707-LOD_73726-R,False,planned,False,,,,,2026-09-05T08:24:10.398942+02:00
NSR:StopPlace:60603,Kongsberg stasjon,2026-09-05T08:36:00+02:00,2026-09-05T08:36:00+02:00,,0.0,0,Moi,GOA:Line:50,Sørtoget region,F5,rail,GOA:ServiceJourney:707-LOD_73726-R,False,planned,False,,,,,2026-09-05T08:24:10.398942+02:00
NSR:StopPlace:59620,Grorud stasjon,2026-09-05T04:54:00+02:00,2026-09-05T04:54:00+02:00,,0.0,0,Oslo lufthavn,NBU:Line:cb7b555c-f96e-42d5-84bf-a5e08c0145c2,Radiumhospitalet via Økern-Storo-Tåsen,FB3,bus,NBU:ServiceJourney:0e22b733-a412-4078-987f-4047b44fa091,False,planned,False,,,,,2026-09-05T08:24:10.398942+02:00
NSR:StopPlace:59620,Grorud stasjon,2026-09-05T05:24:00+02:00,2026-09-05T05:24:00+02:00,,0.0,0,Oslo lufthavn,NBU:Line:cb7b555c-f96e-42d5-84bf-a5e08c0145c2,Radiumhospitalet via Økern-Storo-Tåsen,FB3,bus,NBU:ServiceJourney:f0f7dd2e-b62b-4186-9b42-9757efdb8612,False,planned,False,,,,,2026-09-05T08:24:10.398942+02:00
NSR:StopPlace:59620,Grorud stasjon,2026-09-05T09:04:00+02:00,2026-09-05T09:04:00+02:00,,0.0,0,Åsbråten,RUT:Line:79,Grorud T - Åsbråten,79,bus,RUT:ServiceJourney:26b803e502531ffc758b319ae52426b4,False,planned,False,,,,,2026-09-05T08:24:10.398942+02:00
NSR:StopPlace:59620,Grorud stasjon,2026-09-05T09:05:00+02:00,2026-09-05T09:05:00+02:00,,0.0,0,Helsfyr,RUT:Line:66,Helsfyr T - Grorud T,66,bus,RUT:ServiceJourney:74ab4073fa73e29f3fba16d0e07d39c1,False,planned,False,,,,,2026-09-05T08:24:10.398942+02:00
NSR:StopPlace:59620,Grorud stasjon,2026-09-05T09:15:00+02:00,2026-09-05T09:15:00+02:00,,0.0,0,Furuset,RUT:Line:65,Furuset T - Stovner T via Smedstua,65,bus,RUT:ServiceJourney:11a2adf829a941b4d9424a19ee879790,False,planned,False,,,,,2026-09-05T08:24:10.398942+02:00
NSR:StopPlace:59620,Grorud stasjon,2026-09-05T09:17:00+02:00,2026-09-05T09:17:00+02:00,,0.0,0,Grorud T,RUT:Line:66,Helsfyr T - Grorud T,66,bus,RUT:ServiceJourney:6c4ae2eab461fdaadf43d9dcf8d4eae6,False,planned,False,,,,,2026-09-05T08:24:10.398942+02:00
NSR:StopPlace:59635,Hauketo stasjon,2026-09-05T04:40:00+02:00,2026-09-05T04:40:00+02:00,,0.0,0,Fløysbonn,RUT:Line:3981,Nationaltheatret - Ski,81N,bus,RUT:ServiceJourney:1a116cb862a8a3235ae96a512494e63a,False,planned,False,,,,,2026-09-05T08:24:10.398942+02:00
NSR:StopPlace:59635,Hauketo stasjon,2026-09-05T04:49:00+02:00,2026-09-05T04:49:00+02:00,,0.0,0,Jernbanetorget,RUT:Line:3919,Kringsjå - Åsbråten,19N,bus,RUT:ServiceJourney:f5012d9e38280476032ac82c737bffbb,False,planned,False,,,,,2026-09-05T08:24:10.398942+02:00
NSR:StopPlace:59635,Hauketo stasjon,2026-09-05T05:19:00+02:00,2026-09-05T05:19:00+02:00,,0.0,0,Jernbanetorget,RUT:Line:3919,Kringsjå - Åsbråten,19N,bus,RUT:ServiceJourney:1333894bb4e50686324d5bf7d818a348,False,planned,False,,,,,2026-09-05T08:24:10.398942+02:00
NSR:StopPlace:59635,Hauketo stasjon,2026-09-05T05:54:00+02:00,2026-09-05T05:54:00+02:00,,0.0,0,Holmlia stasjon,RUT:Line:73,Holmlia stasjon - Brenna,73,bus,RUT:ServiceJourney:7227b2f4d43fa0dea892a28457ab552e,False,planned,False,,,,,2026-09-05T08:24:10.398942+02:00
NSR:StopPlace:59636,Holmlia stasjon,2026-09-05T04:26:00+02:00,2026-09-05T04:26:00+02:00,,0.0,0,Åsbråten,RUT:Line:3919,Kringsjå - Åsbråten,19N,bus,RUT:ServiceJourney:cbc63071d075c51f950acc86038429da,False,planned,False,,,,,2026-09-05T08:24:10.398942+02:00
NSR:StopPlace:59636,Holmlia stasjon,2026-09-05T04:29:00+02:00,2026-09-05T04:29:00+02:00,,0.0,0,Fløysbonn,RUT:Line:3983,Nationaltheatret - Fløysbonn,83N,bus,RUT:ServiceJourney:dbb59ca8390cfcfb854ca3acadfdef52,False,planned,False,,,,,2026-09-05T08:24:10.398942+02:00
NSR:StopPlace:59636,Holmlia stasjon,2026-09-05T04:45:00+02:00,2026-09-05T04:45:00+02:00,,0.0,0,Jernbanetorget,RUT:Line:3919,Kringsjå - Åsbråten,19N,bus,RUT:ServiceJourney:f5012d9e38280476032ac82c737bffbb,False,planned,False,,,,,2026-09-05T08:24:10.398942+02:00
NSR:StopPlace:59636,Holmlia stasjon,2026-09-05T05:15:00+02:00,2026-09-05T05:15:00+02:00,,0.0,0,Jernbanetorget,RUT:Line:3919,Kringsjå - Åsbråten,19N,bus,RUT:ServiceJourney:1333894bb4e50686324d5bf7d818a348,False,planned,False,,,,,2026-09-05T08:24:10.398942+02:00
NSR:StopPlace:59636,Holmlia stasjon,2026-09-05T05:42:00+02:00,2026-09-05T05:42:00+02:00,,0.0,0,Krummedike,RUT:Line:2077,Holmlia stasjon - Asperudåsen,77B,bus,RUT:ServiceJourney:7c23a6f9e83f99448b44345e852d6ce6,False,planned,False,,,,,2026-09-05T08:24:10.398942+02:00
NSR:StopPlace:59636,Holmlia stasjon,2026-09-05T08:36:00+02:00,2026-09-05T08:36:00+02:00,,0.0,0,Krummedike,RUT:Line:2077,Holmlia stasjon - Asperudåsen,77B,bus,RUT:ServiceJourney:ed70ecc1309622dc41ffec01bf3b65f0,False,planned,False,,,,,2026-09-05T08:24:10.398942+02:00
NSR:StopPlace:59636,Holmlia stasjon,2026-09-05T08:42:00+02:00,2026-09-05T08:42:00+02:00,,0.0,0,Krummedike,RUT:Line:2077,Holmlia stasjon - Asperudåsen,77B,bus,RUT:ServiceJourney:ed70ecc1309622dc41ffec01bf3b65f0,False,planned,False,,,,,2026-09-05T08:24:10.398942+02:00
NSR:StopPlace:59636,Holmlia stasjon,2026-09-05T08:55:00+02:00,2026-09-05T08:55:00+02:00,,0.0,0,Grorud T,RUT:Line:79,Grorud T - Åsbråten,79,bus,RUT:ServiceJourney:8debdbf2936a030afe5c385d907d9185,False,planned,False,,,,,2026-09-05T08:24:10.398942+02:00
NSR:StopPlace:59637,Rosenholm stasjon,2026-09-05T04:32:00+02:00,2026-09-05T04:32:00+02:00,,0.0,0,Fløysbonn,RUT:Line:3983,Nationaltheatret - Fløysbonn,83N,bus,RUT:ServiceJourney:dbb59ca8390cfcfb854ca3acadfdef52,False,planned,False,,,,,2026-09-05T08:24:10.398942+02:00
NSR:StopPlace:59638,Myrvoll stasjon,2026-09-05T08:50:00+02:00,2026-09-05T08:50:00+02:00,,0.0,0,Filipstad,RUT:Line:81,Fornebu - Myrvoll stasjon,81,bus,RUT:ServiceJourney:607941e6fa10144d59bd0e2d30109431,False,planned,False,,,,,2026-09-05T08:24:10.398942+02:00
NSR:StopPlace:59638,Myrvoll stasjon,2026-09-05T09:05:00+02:00,2026-09-05T09:05:00+02:00,,0.0,0,Filipstad,RUT:Line:81,Fornebu - Myrvoll stasjon,81,bus,RUT:ServiceJourney:fb20d1ce8ad54b8dd88c5565060f9254,False,planned,False,,,,,2026-09-05T08:24:10.398942+02:00
NSR:StopPlace:59638,Myrvoll stasjon,2026-09-05T09:07:00+02:00,2026-09-05T09:07:00+02:00,,0.0,0,Kolbotn torg,RUT:Line:580,Kolbotn - Ski,580,bus,RUT:ServiceJourney:6eafa61f45f752a140d78cd10c9bd2ea,False,planned,False,,,,,2026-09-05T08:24:10.398942+02:00
NSR:StopPlace:59638,Myrvoll stasjon,2026-09-05T09:20:00+02:00,2026-09-05T09:20:00+02:00,,0.0,0,Filipstad,RUT:Line:81,Fornebu - Myrvoll stasjon,81,bus,RUT:ServiceJourney:86d8f0ae833ba3833d5c4b0e8ab86967,False,planned,False,,,,,2026-09-05T08:24:10.398942+02:00
NSR:StopPlace:59639,Sonsveien stasjon,2026-09-05T04:32:00+02:00,2026-09-05T04:32:00+02:00,,0.0,0,Oslo lufthavn,VYX:Line:56,FB11 Fredrikstad-Oslo Lufthavn (OSL),FB11,bus,VYX:ServiceJourney:d0632a4f04d09e0b1731ed20d0dae6e543ec1aa0,False,planned,False,Forhåndsbestilling FB11,Billett må kjøpes på nett eller app senest 15 minutter før påstigning for at bussen skal kjøre innom holdeplassen. Ruter-billett er ikke gyldig. ,general,normal,2026-09-05T08:24:10.398942+02:00
NSR:StopPlace:59639,Sonsveien stasjon,2026-09-05T05:32:00+02:00,2026-09-05T05:32:00+02:00,,0.0,0,Oslo lufthavn,VYX:Line:56,FB11 Fredrikstad-Oslo Lufthavn (OSL),FB11,bus,VYX:ServiceJourney:2352c03f579b43d7b39fadb44f5901a7e6f67638,False,planned,False,Forhåndsbestilling FB11,Billett må kjøpes på nett eller app senest 15 minutter før påstigning for at bussen skal kjøre innom holdeplassen. Ruter-billett er ikke gyldig. ,general,normal,2026-09-05T08:24:10.398942+02:00
NSR:StopPlace:59639,Sonsveien stasjon,2026-09-05T06:20:00+02:00,2026-09-05T06:20:00+02:00,,0.0,0,Oslo lufthavn,VYX:Line:56,FB11 Fredrikstad-Oslo Lufthavn (OSL),FB11,bus,VYX:ServiceJourney:81485a3bd5f259692b6305482a82308e75de2107,False,planned,False,Forhåndsbestilling FB11,Billett må kjøpes på nett eller app senest 15 minutter før påstigning for at bussen skal kjøre innom holdeplassen. Ruter-billett er ikke gyldig. ,general,normal,2026-09-05T08:24:10.398942+02:00
NSR:StopPlace:59639,Sonsveien stasjon,2026-09-05T07:20:00+02:00,2026-09-05T07:20:00+02:00,,0.0,0,Oslo lufthavn,VYX:Line:56,FB11 Fredrikstad-Oslo Lufthavn (OSL),FB11,bus,VYX:ServiceJourney:680aa444d806fb7f45769fdf41cc0add08a06628,False,planned,False,Forhåndsbestilling FB11,Billett må kjøpes på nett eller app senest 15 minutter før påstigning for at bussen skal kjøre innom holdeplassen. Ruter-billett er ikke gyldig. ,general,normal,2026-09-05T08:24:10.398942+02:00
NSR:StopPlace:59639,Sonsveien stasjon,2026-09-05T08:20:00+02:00,2026-09-05T08:20:00+02:00,,0.0,0,Oslo lufthavn,VYX:Line:56,FB11 Fredrikstad-Oslo Lufthavn (OSL),FB11,bus,VYX:ServiceJourney:7f7201d8fa55e4367d0b5ca3838285d0d39ed1ea,False,planned,False,Forhåndsbestilling FB11,Billett må kjøpes på nett eller app senest 15 minutter før påstigning for at bussen skal kjøre innom holdeplassen. Ruter-billett er ikke gyldig. ,general,normal,2026-09-05T08:24:10.398942+02:00
NSR:StopPlace:59639,Sonsveien stasjon,2026-09-05T08:55:00+02:00,2026-09-05T08:55:00+02:00,,0.0,0,Deør - Son - Store Brevik,RUT:Line:3545,Son mot klokka,545B,bus,RUT:ServiceJourney:3b01199d7eee69f7ca62b9daeda9b0cf,False,planned,False,,,,,2026-09-05T08:24:10.398942+02:00
NSR:StopPlace:59639,Sonsveien stasjon,2026-09-05T09:20:00+02:00,2026-09-05T09:20:00+02:00,,0.0,0,Oslo lufthavn,VYX:Line:56,FB11 Fredrikstad-Oslo Lufthavn (OSL),FB11,bus,VYX:ServiceJourney:d5fa3c96eebfcb63142820a23faa6ba68981f065,False,planned,False,Forhåndsbestilling FB11,Billett må kjøpes på nett eller app senest 15 minutter før påstigning for at bussen skal kjøre innom holdeplassen. Ruter-billett er ikke gyldig. ,general,normal,2026-09-05T08:24:10.398942+02:00
NSR:StopPlace:58404,Nationaltheatret,2026-09-05T04:25:00+02:00,2026-09-05T04:25:00+02:00,,0.0,0,Fornebu,RUT:Line:31,Snarøya - Fornebu - Tonsenhagen - Grorud,31,bus,RUT:ServiceJourney:dd338eb21a22f0885e3866c47cd51207,False,planned,False,,,,,2026-09-05T08:24:10.398942+02:00
NSR:StopPlace:58404,Nationaltheatret,2026-09-05T04:26:00+02:00,2026-09-05T04:26:00+02:00,,0.0,0,Sandvika,RUT:Line:3130,Nationaltheatret - Sandvika,130N,bus,RUT:ServiceJourney:9791c892cfbbbbeff802682141ff2c8f,False,planned,False,,,,,2026-09-05T08:24:10.398942+02:00
NSR:StopPlace:58404,Nationaltheatret,2026-09-05T04:27:00+02:00,2026-09-05T04:27:00+02:00,,0.0,0,Grorud T,RUT:Line:31,Snarøya - Fornebu - Tonsenhagen - Grorud,31,bus,RUT:ServiceJourney:925574824780709b5fe352825ed964d2,False,planned,False,,,,,2026-09-05T08:24:10.398942+02:00
NSR:StopPlace:58404,Nationaltheatret,2026-09-05T04:33:00+02:00,2026-09-05T04:33:00+02:00,,0.0,0,Oslo Lufthavn,FLT:Line:FLY1,FLY1,FLY1,rail,FLT:ServiceJourney:1-2614-3701-20260905,False,planned,False,,,,,2026-09-05T08:24:10.398942+02:00
NSR:StopPlace:58404,Nationaltheatret,2026-09-05T04:34:00+02:00,2026-09-05T04:34:00+02:00,,0.0,0,Helsfyr,RUT:Line:37,Nydalen T - Helsfyr,37,bus,RUT:ServiceJourney:5af76e43dfd570c2361f83ec368266c7,False,planned,False,,,,,2026-09-05T08:24:10.398942+02:00
NSR:StopPlace:58404,Nationaltheatret,2026-09-05T04:35:00+02:00,2026-09-05T04:35:00+02:00,,0.0,0,Majorstuen,RUT:Line:3912,Majorstuen - Kjelsås,12N,bus,RUT:ServiceJourney:2363f222c541117cf11ca93f4a37d4df,False,planned,False,,,,,2026-09-05T08:24:10.398942+02:00
NSR:StopPlace:58404,Nationaltheatret,2026-09-05T04:47:00+02:00,2026-09-05T04:47:00+02:00,,0.0,0,Kjelsås,RUT:Line:3912,Majorstuen - Kjelsås,12N,bus,RUT:ServiceJourney:6ee38edd9f45d2183530020dbd6a97de,False,planned,False,,,,,2026-09-05T08:24:10.398942+02:00
NSR:StopPlace:58404,Nationaltheatret,2026-09-05T04:51:00+02:00,2026-09-05T04:51:00+02:00,,0.0,0,Nydalen T,RUT:Line:37,Nydalen T - Helsfyr,37,bus,RUT:ServiceJourney:7841e50103af85d5d7fe7645eb085e2d,False,planned,False,,,,,2026-09-05T08:24:10.398942+02:00
NSR:StopPlace:58404,Nationaltheatret,2026-09-05T04:52:00+02:00,2026-09-05T04:52:00+02:00,,0.0,0,Grorud T,RUT:Line:31,Snarøya - Fornebu - Tonsenhagen - Grorud,31,bus,RUT:ServiceJourney:5da28a8c0e6940b8da56885d5573407b,False,planned,False,,,,,2026-09-05T08:24:10.398942+02:00
NSR:StopPlace:58404,Nationaltheatret,2026-09-05T04:53:00+02:00,2026-09-05T04:53:00+02:00,,0.0,0,Oslo Lufthavn,FLT:Line:FLY1,FLY1,FLY1,rail,FLT:ServiceJourney:1-2614-3703-20260905,False,planned,False,,,,,2026-09-05T08:24:10.398942+02:00
NSR:StopPlace:58404,Nationaltheatret,2026-09-05T04:55:00+02:00,2026-09-05T04:55:00+02:00,,0.0,0,Fornebu,RUT:Line:31,Snarøya - Fornebu - Tonsenhagen - Grorud,31,bus,RUT:ServiceJourney:1364982ccf3b17fe98ffc3245635102b,False,planned,False,,,,,2026-09-05T08:24:10.398942+02:00
NSR:StopPlace:58404,Nationaltheatret,2026-09-05T05:04:00+02:00,2026-09-05T05:04:00+02:00,,0.0,0,Helsfyr,RUT:Line:37,Nydalen T - Helsfyr,37,bus,RUT:ServiceJourney:0c411b21debe49e3748618bd90117273,False,planned,False,,,,,2026-09-05T08:24:10.398942+02:00
NSR:StopPlace:58404,Nationaltheatret,2026-09-05T05:05:00+02:00,2026-09-05T05:05:00+02:00,,0.0,0,Majorstuen,RUT:Line:3912,Majorstuen - Kjelsås,12N,bus,RUT:ServiceJourney:ae69050b6a949b37618dfb86f35447ce,False,planned,False,,,,,2026-09-05T08:24:10.398942+02:00
NSR:StopPlace:58404,Nationaltheatret,2026-09-05T05:13:00+02:00,2026-09-05T05:13:00+02:00,,0.0,0,Oslo Lufthavn,FLT:Line:FLY1,FLY1,FLY1,rail,FLT:ServiceJourney:1-2614-3705-20260905,False,planned,False,,,,,2026-09-05T08:24:10.398942+02:00
NSR:StopPlace:58404,Nationaltheatret,2026-09-05T05:17:00+02:00,2026-09-05T05:17:00+02:00,,0.0,0,Kjelsås,RUT:Line:3912,Majorstuen - Kjelsås,12N,bus,RUT:ServiceJourney:a65cd99ce27dcbcd575d56ff53b109f0,False,planned,False,,,,,2026-09-05T08:24:10.398942+02:00
NSR:StopPlace:58404,Nationaltheatret,2026-09-05T05:21:00+02:00,2026-09-05T05:21:00+02:00,,0.0,0,Nydalen T,RUT:Line:37,Nydalen T - Helsfyr,37,bus,RUT:ServiceJourney:9cf2e264b48c05e37080b924b81f2db7,False,planned,False,,,,,2026-09-05T08:24:10.398942+02:00
NSR:StopPlace:58404,Nationaltheatret,2026-09-05T05:22:00+02:00,2026-09-05T05:22:00+02:00,,0.0,0,Grorud T,RUT:Line:31,Snarøya - Fornebu - Tonsenhagen - Grorud,31,bus,RUT:ServiceJourney:dd9272c0937fb7598ba3db0ed5c65042,False,planned,False,,,,,2026-09-05T08:24:10.398942+02:00
NSR:StopPlace:58404,Nationaltheatret,2026-09-05T05:25:00+02:00,2026-09-05T05:25:00+02:00,,0.0,0,Fornebu,RUT:Line:31,Snarøya - Fornebu - Tonsenhagen - Grorud,31,bus,RUT:ServiceJourney:c14613fde0f1383618012a8e20fede8c,False,planned,False,,,,,2026-09-05T08:24:10.398942+02:00
NSR:StopPlace:58404,Nationaltheatret,2026-09-05T05:33:00+02:00,2026-09-05T05:33:00+02:00,,0.0,0,Oslo Lufthavn,FLT:Line:FLY1,FLY1,FLY1,rail,FLT:ServiceJourney:1-2614-3707-20260905,False,planned,False,,,,,2026-09-05T08:24:10.398942+02:00
NSR:StopPlace:58404,Nationaltheatret,2026-09-05T05:35:00+02:00,2026-09-05T05:35:00+02:00,,0.0,0,Majorstuen,RUT:Line:3912,Majorstuen - Kjelsås,12N,bus,RUT:ServiceJourney:42125e84b72ba5f0121874ea84142879,False,planned,False,,,,,2026-09-05T08:24:10.398942+02:00
NSR:StopPlace:58404,Nationaltheatret,2026-09-05T05:51:00+02:00,2026-09-05T05:51:00+02:00,,0.0,0,Nydalen T,RUT:Line:37,Nydalen T - Helsfyr,37,bus,RUT:ServiceJourney:b2fcce87c9bdcfc1e030ef8d7ab1b19d,False,planned,False,,,,,2026-09-05T08:24:10.398942+02:00
NSR:StopPlace:58623,Katrineholm Centralstation,2026-09-05T08:39:00+02:00,2026-09-05T08:39:00+02:00,,0.0,0,Karlstad-Oslo,SJV:Line:cfac9102-49ef-476c-8663-a6d468ee4f36,Stockholm-Hallsberg-Karlstad-Oslo,70,rail,SJV:ServiceJourney:e794c8ce-6e4a-4fd2-b148-3ae868a8aed9,False,planned,False,,,,,2026-09-05T08:24:10.398942+02:00
NSR:StopPlace:58635,Stockholm Centralstation,2026-09-05T07:23:00+02:00,2026-09-05T07:23:00+02:00,,0.0,0,Karlstad-Oslo,SJV:Line:cfac9102-49ef-476c-8663-a6d468ee4f36,Stockholm-Hallsberg-Karlstad-Oslo,70,rail,SJV:ServiceJourney:e794c8ce-6e4a-4fd2-b148-3ae868a8aed9,False,planned,False,,,,,2026-09-05T08:24:10.398942+02:00
NSR:StopPlace:58635,Stockholm Centralstation,2026-09-05T08:50:00+02:00,2026-09-05T08:50:00+02:00,,0.0,0,Hamburg Hbf,SNT:Line:15931205-7b69-51de-bac7-18d4acc5c6f5,Malmö C,IC,rail,SNT:ServiceJourney:52efc068-8869-5645-b60f-cf6c2e6a10d8_059b8b28-3c9f-5361-81f8-371ff977e750,False,planned,False,,,,,2026-09-05T08:24:10.398942+02:00
NSR:StopPlace:58963,Jessheim stasjon,2026-09-05T05:01:00+02:00,2026-09-05T05:01:00+02:00,,0.0,0,Oslo lufthavn,RUT:Line:440,Fenstad/Nordkisa - Oslo lufthavn,440,bus,RUT:ServiceJourney:c62cbb68949e424f51db9cd6d71982d4,False,planned,False,,,,,2026-09-05T08:24:10.398942+02:00
NSR:StopPlace:58963,Jessheim stasjon,2026-09-05T05:25:00+02:00,2026-09-05T05:25:00+02:00,,0.0,0,Eidsvoll st.,RUT:Line:430,Eidsvoll - Jessheim,430,bus,RUT:ServiceJourney:b9942d031055d9ee104b9ced82ebf1a7,False,planned,False,,,,,2026-09-05T08:24:10.398942+02:00
NSR:StopPlace:58963,Jessheim stasjon,2026-09-05T06:01:00+02:00,2026-09-05T06:01:00+02:00,,0.0,0,Oslo lufthavn,RUT:Line:440,Fenstad/Nordkisa - Oslo lufthavn,440,bus,RUT:ServiceJourney:ee14245e39ee94de2f898fd07f8a14be,False,planned,False,,,,,2026-09-05T08:24:10.398942+02:00
NSR:StopPlace:58963,Jessheim stasjon,2026-09-05T06:07:00+02:00,2026-09-05T06:07:00+02:00,,0.0,0,Drammen,VYG:Line:R13,Drammen-Oslo S-Dal,R13,rail,VYG:ServiceJourney:1606_443223-R,False,planned,False,Innstilt Dal–Kløfta | Maxitaxi og taxi for tog,"Toget er innstilt mellom Dal og Kløfta. Dette skyldes feil på en sporveksel. | Vi har bestilt maxitaxier og taxier. Det kan ta tid før dette er på plass på alle stasjoner, så du må regne med noe ventetid.",incident | incident,normal | normal,2026-09-05T08:24:10.398942+02:00
NSR:StopPlace:58963,Jessheim stasjon,2026-09-05T06:25:00+02:00,2026-09-05T06:25:00+02:00,,0.0,0,Eidsvoll st.,RUT:Line:430,Eidsvoll - Jessheim,430,bus,RUT:ServiceJourney:49e764f9a255d98103f29ced2a955958,False,planned,False,,,,,2026-09-05T08:24:10.398942+02:00
NSR:StopPlace:58963,Jessheim stasjon,2026-09-05T06:58:00+02:00,2026-09-05T06:58:00+02:00,,0.0,0,Nordkisa,RUT:Line:440,Fenstad/Nordkisa - Oslo lufthavn,440,bus,RUT:ServiceJourney:2df2b3a2a6492a2c654a20606fa95f35,False,planned,False,,,,,2026-09-05T08:24:10.398942+02:00
NSR:StopPlace:58963,Jessheim stasjon,2026-09-05T07:01:00+02:00,2026-09-05T07:01:00+02:00,,0.0,0,Oslo lufthavn,RUT:Line:440,Fenstad/Nordkisa - Oslo lufthavn,440,bus,RUT:ServiceJourney:c3ab4d21569c31edf9359ffa4dbe51cc,False,planned,False,,,,,2026-09-05T08:24:10.398942+02:00
NSR:StopPlace:58963,Jessheim stasjon,2026-09-05T07:21:00+02:00,2026-09-05T07:21:00+02:00,,0.0,0,Dal,VYG:Line:R13,Drammen-Oslo S-Dal,R13,rail,VYG:ServiceJourney:1607_443224-R,False,planned,False,Maxitaxi for tog,"Vi har bestilt maxitaxier. Det kan ta tid før dette er på plass på alle stasjoner, så du må regne med noe ventetid.",incident,normal,2026-09-05T08:24:10.398942+02:00
NSR:StopPlace:58963,Jessheim stasjon,2026-09-05T07:37:00+02:00,2026-09-05T07:37:00+02:00,,0.0,0,Drammen,VYG:Line:R13,Drammen-Oslo S-Dal,R13,rail,VYG:ServiceJourney:1612_443236-R,False,planned,False,,,,,2026-09-05T08:24:10.398942+02:00
NSR:StopPlace:58963,Jessheim stasjon,2026-09-05T08:07:00+02:00,2026-09-05T08:07:00+02:00,,0.0,0,Drammen,VYG:Line:R13,Drammen-Oslo S-Dal,R13,rail,VYG:ServiceJourney:1614_443243-R,False,planned,False,,,,,2026-09-05T08:24:10.398942+02:00
NSR:StopPlace:58964,Kløfta stasjon,2026-09-05T04:53:00+02:00,2026-09-05T04:53:00+02:00,,0.0,0,Frogner,RUT:Line:425,Kløfta – Oslo lufthavn,425,bus,RUT:ServiceJourney:05411822a10663bf5e52f8da32fb323f,False,planned,False,,,,,2026-09-05T08:24:10.398942+02:00
NSR:StopPlace:58964,Kløfta stasjon,2026-09-05T05:18:00+02:00,2026-09-05T05:18:00+02:00,,0.0,0,Oslo lufthavn,RUT:Line:425,Kløfta – Oslo lufthavn,425,bus,RUT:ServiceJourney:ffa14d57f449e99f57cd8f05da98e426,False,planned,False,,,,,2026-09-05T08:24:10.398942+02:00
NSR:StopPlace:58964,Kløfta stasjon,2026-09-05T05:53:00+02:00,2026-09-05T05:53:00+02:00,,0.0,0,Frogner,RUT:Line:425,Kløfta – Oslo lufthavn,425,bus,RUT:ServiceJourney:da12d65da719255eabe9e69992219b2b,False,planned,False,,,,,2026-09-05T08:24:10.398942+02:00
NSR:StopPlace:58964,Kløfta stasjon,2026-09-05T06:14:00+02:00,2026-09-05T06:14:00+02:00,,0.0,0,Drammen,VYG:Line:R13,Drammen-Oslo S-Dal,R13,rail,VYG:ServiceJourney:1606_443223-R,False,planned,False,,,,,2026-09-05T08:24:10.398942+02:00
NSR:StopPlace:58964,Kløfta stasjon,2026-09-05T06:18:00+02:00,2026-09-05T06:18:00+02:00,,0.0,0,Oslo lufthavn,RUT:Line:425,Kløfta – Oslo lufthavn,425,bus,RUT:ServiceJourney:4e8296cb5bddfbd50ec3d6e75e7bd266,False,planned,False,,,,,2026-09-05T08:24:10.398942+02:00
NSR:StopPlace:58964,Kløfta stasjon,2026-09-05T07:03:00+02:00,2026-09-05T07:03:00+02:00,,0.0,0,Oslo lufthavn,RUT:Line:425,Kløfta – Oslo lufthavn,425,bus,RUT:ServiceJourney:5d0a5844573f8750afb70c7066bfee77,False,planned,False,,,,,2026-09-05T08:24:10.398942+02:00
NSR:StopPlace:58964,Kløfta stasjon,2026-09-05T07:14:00+02:00,2026-09-05T07:14:00+02:00,,0.0,0,Dal,VYG:Line:R13,Drammen-Oslo S-Dal,R13,rail,VYG:ServiceJourney:1607_443224-R,False,planned,False,,,,,2026-09-05T08:24:10.398942+02:00
NSR:StopPlace:58964,Kløfta stasjon,2026-09-05T07:44:00+02:00,2026-09-05T07:44:00+02:00,,0.0,0,Drammen,VYG:Line:R13,Drammen-Oslo S-Dal,R13,rail,VYG:ServiceJourney:1612_443236-R,False,planned,False,,,,,2026-09-05T08:24:10.398942+02:00
NSR:StopPlace:58964,Kløfta stasjon,2026-09-05T08:14:00+02:00,2026-09-05T08:14:00+02:00,,0.0,0,Drammen,VYG:Line:R13,Drammen-Oslo S-Dal,R13,rail,VYG:ServiceJourney:1614_443243-R,False,planned,False,,,,,2026-09-05T08:24:10.398942+02:00
NSR:StopPlace:58964,Kløfta stasjon,2026-09-05T09:03:00+02:00,2026-09-05T09:03:00+02:00,,0.0,0,Oslo lufthavn,RUT:Line:425,Kløfta – Oslo lufthavn,425,bus,RUT:ServiceJourney:c08f1fb7e9a8296f29cd2e30ac210ae0,False,planned,False,,,,,2026-09-05T08:24:10.398942+02:00
NSR:StopPlace:58966,Porsgrunn stasjon,2026-09-05T05:19:00+02:00,2026-09-05T05:19:00+02:00,,0.0,0,Eidsvoll,VYG:Line:RE11,Eidsvoll-Oslo S-Skien,RE11,rail,VYG:ServiceJourney:90804_654932-R,False,planned,False,Heis på Porsgrunn ute av drift,Heisen på Porsgrunn til spor 2 er ute av drift.,general,normal,2026-09-05T08:24:10.398942+02:00
NSR:StopPlace:58966,Porsgrunn stasjon,2026-09-05T06:15:00+02:00,2026-09-05T06:15:00+02:00,,0.0,0,Eidsvoll,VYG:Line:RE11,Eidsvoll-Oslo S-Skien,RE11,rail,VYG:ServiceJourney:90806_646813-R,False,planned,False,Heis på Porsgrunn ute av drift | Buss for tog | Innstilt Skien–Stokke,"Heisen på Porsgrunn til spor 2 er ute av drift. | Vi har bestilt busser. Det kan ta tid før dette er på plass på alle stasjoner, så du må regne med noe ventetid. | Toget er innstilt mellom Skien og Stokke. Dette skyldes at vi mangler personell.",general | incident | incident,normal | normal | normal,2026-09-05T08:24:10.398942+02:00
NSR:StopPlace:58971,Mosjøen stasjon,2026-09-05T04:50:00+02:00,2026-09-05T04:50:00+02:00,,0.0,0,Sandnessjøen bussterminal,NOR:Line:12_3705,Mosjøen-Sandnessjøen,705,bus,NOR:ServiceJourney:3705_260505080225545_4001,False,planned,False,,,,,2026-09-05T08:24:10.398942+02:00
NSR:StopPlace:58971,Mosjøen stasjon,2026-09-05T06:42:00+02:00,2026-09-05T06:42:00+02:00,,0.0,0,Mo i Rana,SJN:Line:71,Nordlandsbanen,F7,rail,SJN:ServiceJourney:483_48266-R,False,planned,False,,,,,2026-09-05T08:24:10.398942+02:00
NSR:StopPlace:58917,Marnardal stasjon,2026-09-05T09:16:00+02:00,2026-09-05T09:16:00+02:00,,0.0,0,Marnarkrysset,GOA:Line:50,Sørtoget region,F5,rail,GOA:ServiceJourney:B705-C7_74876-R,False,planned,False,,,,,2026-09-05T08:24:10.398942+02:00
NSR:StopPlace:58918,Nodeland stasjon,2026-09-05T09:06:00+02:00,2026-09-05T09:06:00+02:00,,0.0,0,Brennåsen ikke i bruk,GOA:Line:50,Sørtoget region,F5,rail,GOA:ServiceJourney:B705-C6_74875-R,False,planned,False,,,,,2026-09-05T08:24:10.398942+02:00
NSR:StopPlace:58919,Sira stasjon,2026-09-05T05:12:00+02:00,2026-09-05T05:12:00+02:00,,0.0,0,Stavanger,GOA:Line:50,Sørtoget region,F5,rail,GOA:ServiceJourney:725-LOD_67061-R,False,planned,False,,,,,2026-09-05T08:24:10.398942+02:00
NSR:StopPlace:58920,Snartemo stasjon,2026-09-05T04:40:00+02:00,2026-09-05T04:40:00+02:00,,0.0,0,Stavanger,GOA:Line:50,Sørtoget region,F5,rail,GOA:ServiceJourney:725-LOD_67061-R,False,planned,False,,,,,2026-09-05T08:24:10.398942+02:00
NSR:StopPlace:58921,Vennesla stasjon,2026-09-05T06:48:00+02:00,2026-09-05T06:48:00+02:00,,0.0,0,Kristiansand,AKT:Line:31,Kvadraturen - Sødal - Vennesla,31,bus,AKT:ServiceJourney:102300_6072_44_47640_49860_3950001,False,planned,False,,,,,2026-09-05T08:24:10.398942+02:00
NSR:StopPlace:58921,Vennesla stasjon,2026-09-05T07:14:00+02:00,2026-09-05T07:14:00+02:00,,0.0,0,Vennesla - Grovane st. via Moseidmoen,AKT:Line:30,Kvadraturen - Mosby - Vennesl,30,bus,AKT:ServiceJourney:102009_6061_49_48600_51300_40001566,False,planned,False,,,,,2026-09-05T08:24:10.398942+02:00
NSR:StopPlace:58921,Vennesla stasjon,2026-09-05T07:23:00+02:00,2026-09-05T07:23:00+02:00,,0.0,0,Kristiansand via Mosby,AKT:Line:30,Kvadraturen - Mosby - Vennesl,30,bus,AKT:ServiceJourney:102070_6072_48_51240_54000_40001545,False,planned,False,,,,,2026-09-05T08:24:10.398942+02:00
NSR:StopPlace:58921,Vennesla stasjon,2026-09-05T07:36:00+02:00,2026-09-05T07:36:00+02:00,,0.0,0,Vennesla - Grovane st.,AKT:Line:31,Kvadraturen - Sødal - Vennesla,31,bus,AKT:ServiceJourney:102265_6061_42_52200_54060_3950310,False,planned,False,,,,,2026-09-05T08:24:10.398942+02:00
NSR:StopPlace:58924,Bryne stasjon,2026-09-05T06:23:00+02:00,2026-09-05T06:23:00+02:00,,0.0,0,Egersund,GOA:Line:59,Jærbanen,L5,rail,GOA:ServiceJourney:3008_63040-R,False,planned,False,,,,,2026-09-05T08:24:10.398942+02:00
NSR:StopPlace:58924,Bryne stasjon,2026-09-05T06:58:00+02:00,2026-09-05T06:58:00+02:00,,0.0,0,Stavanger,GOA:Line:59,Jærbanen,L5,rail,GOA:ServiceJourney:3007_63039-R,False,planned,False,,,,,2026-09-05T08:24:10.398942+02:00
NSR:StopPlace:58924,Bryne stasjon,2026-09-05T08:20:00+02:00,2026-09-05T08:20:00+02:00,,0.0,0,Sandnes via Kleppekrossen,KOL:Line:8_2019,52,52,bus,KOL:ServiceJourney:2019_260728141810017_3001,False,planned,False,,,,,2026-09-05T08:24:10.398942+02:00
NSR:StopPlace:58924,Bryne stasjon,2026-09-05T09:17:00+02:00,2026-09-05T09:17:00+02:00,,0.0,0,Oslo S,GOA:Line:50,Sørtoget region,F5,rail,GOA:ServiceJourney:708-KVB_68390-R,False,planned,False,,,,,2026-09-05T08:24:10.398942+02:00
NSR:StopPlace:58924,Bryne stasjon,2026-09-05T09:20:00+02:00,2026-09-05T09:20:00+02:00,,0.0,0,Sandnes via Kleppekrossen,KOL:Line:8_2019,52,52,bus,KOL:ServiceJourney:2019_260728141810020_3002,False,planned,False,,,,,2026-09-05T08:24:10.398942+02:00
NSR:StopPlace:58925,Gausel stasjon,2026-09-05T04:47:00+02:00,2026-09-05T04:47:00+02:00,,0.0,0,Stavanger,KOL:Line:8_1001,1,1,bus,KOL:ServiceJourney:1001_251008118382998_2133,False,planned,False,,,,,2026-09-05T08:24:10.398942+02:00
NSR:StopPlace:58925,Gausel stasjon,2026-09-05T05:10:00+02:00,2026-09-05T05:10:00+02:00,,0.0,0,Sandnes,KOL:Line:8_1001,1,1,bus,KOL:ServiceJourney:1001_251008118354973_1134,False,planned,False,,,,,2026-09-05T08:24:10.398942+02:00
NSR:StopPlace:58925,Gausel stasjon,2026-09-05T05:47:00+02:00,2026-09-05T05:47:00+02:00,,0.0,0,Stavanger,KOL:Line:8_1001,1,1,bus,KOL:ServiceJourney:1001_251008118397914_4001,False,planned,False,,,,,2026-09-05T08:24:10.398942+02:00
NSR:StopPlace:58925,Gausel stasjon,2026-09-05T05:58:00+02:00,2026-09-05T05:58:00+02:00,,0.0,0,Egersund,GOA:Line:59,Jærbanen,L5,rail,GOA:ServiceJourney:3008_63040-R,False,planned,False,,,,,2026-09-05T08:24:10.398942+02:00
NSR:StopPlace:58925,Gausel stasjon,2026-09-05T06:10:00+02:00,2026-09-05T06:10:00+02:00,,0.0,0,Sandnes,KOL:Line:8_1001,1,1,bus,KOL:ServiceJourney:1001_251008118364525_3001,False,planned,False,,,,,2026-09-05T08:24:10.398942+02:00
NSR:StopPlace:58925,Gausel stasjon,2026-09-05T06:45:00+02:00,2026-09-05T06:45:00+02:00,,0.0,0,Vardenes via UiS-Stavanger,KOL:Line:8_1007,6,6,bus,KOL:ServiceJourney:1007_260729080906686_4001,False,planned,False,,,,,2026-09-05T08:24:10.398942+02:00
NSR:StopPlace:58925,Gausel stasjon,2026-09-05T06:47:00+02:00,2026-09-05T06:47:00+02:00,,0.0,0,Stavanger,KOL:Line:8_1001,1,1,bus,KOL:ServiceJourney:1001_251008118383109_4002,False,planned,False,,,,,2026-09-05T08:24:10.398942+02:00
NSR:StopPlace:58925,Gausel stasjon,2026-09-05T07:02:00+02:00,2026-09-05T07:02:00+02:00,,0.0,0,Stavanger,KOL:Line:8_1003,2,2,bus,KOL:ServiceJourney:1003_251008123102937_4001,False,planned,False,,,,,2026-09-05T08:24:10.398942+02:00
NSR:StopPlace:58925,Gausel stasjon,2026-09-05T07:10:00+02:00,2026-09-05T07:10:00+02:00,,0.0,0,Sandnes,KOL:Line:8_1001,1,1,bus,KOL:ServiceJourney:1001_251008118355205_3002,False,planned,False,,,,,2026-09-05T08:24:10.398942+02:00
NSR:StopPlace:58925,Gausel stasjon,2026-09-05T07:17:00+02:00,2026-09-05T07:17:00+02:00,,0.0,0,Stavanger,KOL:Line:8_1001,1,1,bus,KOL:ServiceJourney:1001_251008118383233_4003,False,planned,False,,,,,2026-09-05T08:24:10.398942+02:00
NSR:StopPlace:58925,Gausel stasjon,2026-09-05T07:19:00+02:00,2026-09-05T07:19:00+02:00,,0.0,0,Stavanger,GOA:Line:59,Jærbanen,L5,rail,GOA:ServiceJourney:3007_63039-R,False,planned,False,,,,,2026-09-05T08:24:10.398942+02:00
NSR:StopPlace:58925,Gausel stasjon,2026-09-05T07:25:00+02:00,2026-09-05T07:25:00+02:00,,0.0,0,Forus,KOL:Line:8_1003,2,2,bus,KOL:ServiceJourney:1003_251008123077640_3001,False,planned,False,,,,,2026-09-05T08:24:10.398942+02:00
NSR:StopPlace:58925,Gausel stasjon,2026-09-05T07:36:00+02:00,2026-09-05T07:36:00+02:00,,0.0,0,Sandnes,KOL:Line:8_1007,6,6,bus,KOL:ServiceJourney:1007_260729080905539_3001,False,planned,False,,,,,2026-09-05T08:24:10.398942+02:00
NSR:StopPlace:58925,Gausel stasjon,2026-09-05T08:45:00+02:00,2026-09-05T08:45:00+02:00,,0.0,0,Vardenes via UiS-Stavanger,KOL:Line:8_1007,6,6,bus,KOL:ServiceJourney:1007_260729080906693_4005,False,planned,False,,,,,2026-09-05T08:24:10.398942+02:00
NSR:StopPlace:58925,Gausel stasjon,2026-09-05T09:05:00+02:00,2026-09-05T09:05:00+02:00,,0.0,0,Egersund,GOA:Line:59,Jærbanen,L5,rail,GOA:ServiceJourney:3020_63052-R,False,planned,False,,,,,2026-09-05T08:24:10.398942+02:00
NSR:StopPlace:58925,Gausel stasjon,2026-09-05T09:15:00+02:00,2026-09-05T09:15:00+02:00,,0.0,0,Vardenes via UiS-Stavanger,KOL:Line:8_1007,6,6,bus,KOL:ServiceJourney:1007_260729080906935_4006,False,planned,False,,,,,2026-09-05T08:24:10.398942+02:00
NSR:StopPlace:58926,Dale stasjon,2026-09-05T05:28:00+02:00,2026-09-05T05:28:00+02:00,,0.0,0,Bergen,VYG:Line:R40,Bergen-Voss-Myrdal-Ål,R40,rail,VYG:ServiceJourney:BUS-1805_659327-R,False,planned,False,,,,,2026-09-05T08:24:10.398942+02:00
NSR:StopPlace:58926,Dale stasjon,2026-09-05T06:31:00+02:00,2026-09-05T06:31:00+02:00,,0.0,0,Bergen,VYG:Line:R40,Bergen-Voss-Myrdal-Ål,R40,rail,VYG:ServiceJourney:BUS-1807_659330-R,False,planned,False,,,,,2026-09-05T08:24:10.398942+02:00
NSR:StopPlace:58927,Flåm stasjon,2026-09-05T04:45:00+02:00,2026-09-05T04:45:00+02:00,,0.0,0,Bergen,VYX:Line:31,VY450 Bergen-Fagernes-Oslo,VY450,coach,VYX:ServiceJourney:c9fc489e497686b7713662f2db635b18fd2f00b3,False,planned,False,Forhåndsbestilling Vy,Billett må kjøpes på nett eller app senest 15 minutter før påstigning for at bussen skal kjøre innom holdeplassen.,general,normal,2026-09-05T08:24:10.398942+02:00
NSR:StopPlace:58927,Flåm stasjon,2026-09-05T07:30:00+02:00,2026-09-05T07:30:00+02:00,,0.0,0,Aurland,NWB:Line:02cd6bd7-d4e7-472f-b5f8-8beff5425948,Flåm-Aurland Shuttle,,bus,NWB:ServiceJourney:1a1e9040-8b2a-4579-9f94-d418f4cc3bcb,False,planned,False,,,,,2026-09-05T08:24:10.398942+02:00
NSR:StopPlace:58927,Flåm stasjon,2026-09-05T08:15:00+02:00,2026-09-05T08:15:00+02:00,,0.0,0,Gudvangen,NWB:Line:fe413f4b-8db5-4880-904a-e7540d67fe81,Flåm-Gudvangen Shuttle,,bus,NWB:ServiceJourney:4a6b6185-28ea-43d4-a021-d2e4b766f31a,False,planned,False,,,,,2026-09-05T08:24:10.398942+02:00
NSR:StopPlace:58927,Flåm stasjon,2026-09-05T08:25:00+02:00,2026-09-05T08:25:00+02:00,,0.0,0,Voss,VYX:Line:31,VY450 Bergen-Fagernes-Oslo,VY450,coach,VYX:ServiceJourney:07ee04ff92012e144ae8bfaedc1d0ba2be5ff3e8,False,planned,False,Forhåndsbestilling Vy,Billett må kjøpes på nett eller app senest 15 minutter før påstigning for at bussen skal kjøre innom holdeplassen.,general,normal,2026-09-05T08:24:10.398942+02:00
NSR:StopPlace:58927,Flåm stasjon,2026-09-05T08:45:00+02:00,2026-09-05T08:45:00+02:00,,0.0,0,Aurland-Østerbø,NWB:Line:452c0411-0df8-4b3b-9f3b-113d6d7fdb80,Flåm-Aurland-Vassbygdi-Østerbø,,bus,NWB:ServiceJourney:c3b1e525-5e1e-45f7-ad0b-ee9ce720f0a0,False,planned,False,,,,,2026-09-05T08:24:10.398942+02:00
NSR:StopPlace:58930,Larvik stasjon,2026-09-05T05:32:00+02:00,2026-09-05T05:32:00+02:00,,0.0,0,Eidsvoll,VYG:Line:RE11,Eidsvoll-Oslo S-Skien,RE11,rail,VYG:ServiceJourney:90804_654932-R,False,planned,False,,,,,2026-09-05T08:24:10.398942+02:00
NSR:StopPlace:58930,Larvik stasjon,2026-09-05T06:29:00+02:00,2026-09-05T06:29:00+02:00,,0.0,0,Eidsvoll,VYG:Line:RE11,Eidsvoll-Oslo S-Skien,RE11,rail,VYG:ServiceJourney:90806_646813-R,False,planned,False,Buss for tog | Innstilt Skien–Stokke,"Vi har bestilt busser. Det kan ta tid før dette er på plass på alle stasjoner, så du må regne med noe ventetid. | Toget er innstilt mellom Skien og Stokke. Dette skyldes at vi mangler personell.",incident | incident,normal | normal,2026-09-05T08:24:10.398942+02:00
NSR:StopPlace:58930,Larvik stasjon,2026-09-05T07:37:00+02:00,2026-09-05T07:37:00+02:00,,0.0,0,Larvik-Sandefjord,VKT:Line:3,Busk-Sandefjord-Larvik-Veldre,3,bus,VKT:ServiceJourney:17569,False,planned,False,,,,,2026-09-05T08:24:10.398942+02:00
NSR:StopPlace:58930,Larvik stasjon,2026-09-05T08:35:00+02:00,2026-09-05T08:35:00+02:00,,0.0,0,Nordbyen,VKT:Line:81,Nordbyen-Nevlunghavn,81,bus,VKT:ServiceJourney:18150,False,planned,False,,,,,2026-09-05T08:24:10.398942+02:00
NSR:StopPlace:58930,Larvik stasjon,2026-09-05T08:49:00+02:00,2026-09-05T08:49:00+02:00,,0.0,0,Nevlunghavn,VKT:Line:81,Nordbyen-Nevlunghavn,81,bus,VKT:ServiceJourney:18086,False,planned,False,,,,,2026-09-05T08:24:10.398942+02:00
NSR:StopPlace:58930,Larvik stasjon,2026-09-05T08:50:00+02:00,2026-09-05T08:50:00+02:00,,0.0,0,Larvik-Sandefjord,VKT:Line:4,Torp-Sandefjord-Larvik-Stavern,4,bus,VKT:ServiceJourney:17721,False,planned,False,,,,,2026-09-05T08:24:10.398942+02:00
NSR:StopPlace:58930,Larvik stasjon,2026-09-05T09:07:00+02:00,2026-09-05T09:07:00+02:00,,0.0,0,Larvik-Sandefjord,VKT:Line:3,Busk-Sandefjord-Larvik-Veldre,3,bus,VKT:ServiceJourney:17572,False,planned,False,,,,,2026-09-05T08:24:10.398942+02:00
NSR:StopPlace:58930,Larvik stasjon,2026-09-05T09:10:00+02:00,2026-09-05T09:10:00+02:00,,0.0,0,Oslo,VYX:Line:5,VY190 Ulsteinvik-Bergen-Kristiansand-Oslo,VY190,coach,VYX:ServiceJourney:cd5211f19fcb2ca57bf0ff609ba6227690a0452f,False,planned,False,Forhåndsbestilling Vy,Billett må kjøpes på nett eller app senest 15 minutter før påstigning for at bussen skal kjøre innom holdeplassen.,general,normal,2026-09-05T08:24:10.398942+02:00
NSR:StopPlace:58930,Larvik stasjon,2026-09-05T09:20:00+02:00,2026-09-05T09:20:00+02:00,,0.0,0,Larvik-Sandefjord,VKT:Line:4,Torp-Sandefjord-Larvik-Stavern,4,bus,VKT:ServiceJourney:17722,False,planned,False,,,,,2026-09-05T08:24:10.398942+02:00
NSR:StopPlace:58931,Fannrem stasjon,2026-09-05T06:00:00+02:00,2026-09-05T06:00:00+02:00,,0.0,0,Trondheim S via fv. 800,ATB:Line:2_410,Trondheim - Orkanger - (Fannrem) via fv. 800,410,bus,ATB:ServiceJourney:410_260106098639927_6001,False,planned,False,,,,,2026-09-05T08:24:10.398942+02:00
NSR:StopPlace:58931,Fannrem stasjon,2026-09-05T09:10:00+02:00,2026-09-05T09:10:00+02:00,,0.0,0,Trondheim S via fv. 800,ATB:Line:2_410,Trondheim - Orkanger - (Fannrem) via fv. 800,410,bus,ATB:ServiceJourney:410_260106098639928_6003,False,planned,False,,,,,2026-09-05T08:24:10.398942+02:00
NSR:StopPlace:58932,Hommelvik stasjon,2026-09-05T05:32:00+02:00,2026-09-05T05:32:00+02:00,,0.0,0,Marienborg via Brattøra,ATB:Line:2_70,Stjørdal/Hommelvik- Trondheim,70,bus,ATB:ServiceJourney:70_251215112546932_6002,False,planned,False,,,,,2026-09-05T08:24:10.398942+02:00
NSR:StopPlace:58932,Hommelvik stasjon,2026-09-05T06:01:00+02:00,2026-09-05T06:01:00+02:00,,0.0,0,Marienborg via Brattøra,ATB:Line:2_70,Stjørdal/Hommelvik- Trondheim,70,bus,ATB:ServiceJourney:70_251215112547010_6004,False,planned,False,,,,,2026-09-05T08:24:10.398942+02:00
NSR:StopPlace:58932,Hommelvik stasjon,2026-09-05T06:32:00+02:00,2026-09-05T06:32:00+02:00,,0.0,0,Marienborg via Brattøra,ATB:Line:2_70,Stjørdal/Hommelvik- Trondheim,70,bus,ATB:ServiceJourney:70_251215112546933_6006,False,planned,False,,,,,2026-09-05T08:24:10.398942+02:00
NSR:StopPlace:58932,Hommelvik stasjon,2026-09-05T07:01:00+02:00,2026-09-05T07:01:00+02:00,,0.0,0,Marienborg via Brattøra,ATB:Line:2_70,Stjørdal/Hommelvik- Trondheim,70,bus,ATB:ServiceJourney:70_251215112547009_6008,False,planned,False,,,,,2026-09-05T08:24:10.398942+02:00
NSR:StopPlace:58932,Hommelvik stasjon,2026-09-05T07:21:00+02:00,2026-09-05T07:21:00+02:00,,0.0,0,Stjørdal stasjon,ATB:Line:2_70,Stjørdal/Hommelvik- Trondheim,70,bus,ATB:ServiceJourney:70_251215112547109_6001,False,planned,False,,,,,2026-09-05T08:24:10.398942+02:00
NSR:StopPlace:58935,Levanger stasjon,2026-09-05T09:15:00+02:00,2026-09-05T09:15:00+02:00,,0.0,0,Melhus skysstasjon,SJN:Line:26,Trønderbanen,R70,rail,SJN:ServiceJourney:428-STK_56057-R,False,planned,False,,,,,2026-09-05T08:24:10.398942+02:00
NSR:StopPlace:58947,Steinkjer stasjon,2026-09-05T08:33:00+02:00,2026-09-05T08:33:00+02:00,,0.0,0,Melhus skysstasjon,SJN:Line:26,Trønderbanen,R70,rail,SJN:ServiceJourney:428-STK_56057-R,False,planned,False,,,,,2026-09-05T08:24:10.398942+02:00
NSR:StopPlace:58948,Stjørdal stasjon,2026-09-05T05:46:00+02:00,2026-09-05T05:46:00+02:00,,0.0,0,Marienborg via Brattøra,ATB:Line:2_70,Stjørdal/Hommelvik- Trondheim,70,bus,ATB:ServiceJourney:70_251215112547010_6004,False,planned,False,,,,,2026-09-05T08:24:10.398942+02:00
NSR:StopPlace:58948,Stjørdal stasjon,2026-09-05T06:46:00+02:00,2026-09-05T06:46:00+02:00,,0.0,0,Marienborg via Brattøra,ATB:Line:2_70,Stjørdal/Hommelvik- Trondheim,70,bus,ATB:ServiceJourney:70_251215112547009_6008,False,planned,False,,,,,2026-09-05T08:24:10.398942+02:00
NSR:StopPlace:58797,Mysen stasjon,2026-09-05T05:48:00+02:00,2026-09-05T05:48:00+02:00,,0.0,0,Oslo S,VYG:Line:R22,Skøyen-Oslo S-Mysen-Rakkestad,R22,rail,VYG:ServiceJourney:1906_443441-R,False,planned,False,,,,,2026-09-05T08:24:10.398942+02:00
NSR:StopPlace:58798,Rakkestad stasjon,2026-09-05T05:33:00+02:00,2026-09-05T05:33:00+02:00,,0.0,0,Oslo S,VYG:Line:R22,Skøyen-Oslo S-Mysen-Rakkestad,R22,rail,VYG:ServiceJourney:1906_443441-R,False,planned,False,,,,,2026-09-05T08:24:10.398942+02:00
NSR:StopPlace:58799,Rygge stasjon,2026-09-05T05:59:00+02:00,2026-09-05T05:59:00+02:00,,0.0,0,Oslo S,VYG:Line:RE20,Oslo S-Halden-Göteborg (X-Border),RE20,rail,VYG:ServiceJourney:104_442952-R,False,planned,False,,,,,2026-09-05T08:24:10.398942+02:00
NSR:StopPlace:58799,Rygge stasjon,2026-09-05T06:55:00+02:00,2026-09-05T06:55:00+02:00,,0.0,0,Oslo S,VYG:Line:RE20,Oslo S-Halden-Göteborg (X-Border),RE20,rail,VYG:ServiceJourney:106_442959-R,False,planned,False,,,,,2026-09-05T08:24:10.398942+02:00
NSR:StopPlace:58790,Verdal stasjon,2026-09-05T08:58:00+02:00,2026-09-05T08:58:00+02:00,,0.0,0,Melhus skysstasjon,SJN:Line:26,Trønderbanen,R70,rail,SJN:ServiceJourney:428-STK_56057-R,False,planned,False,,,,,2026-09-05T08:24:10.398942+02:00
NSR:StopPlace:58793,Askim stasjon,2026-09-05T05:58:00+02:00,2026-09-05T05:58:00+02:00,,0.0,0,Oslo S,VYG:Line:R22,Skøyen-Oslo S-Mysen-Rakkestad,R22,rail,VYG:ServiceJourney:1906_443441-R,False,planned,False,,,,,2026-09-05T08:24:10.398942+02:00
NSR:StopPlace:58794,Fredrikstad stasjon,2026-09-05T05:40:00+02:00,2026-09-05T05:40:00+02:00,,0.0,0,Oslo S,VYG:Line:RE20,Oslo S-Halden-Göteborg (X-Border),RE20,rail,VYG:ServiceJourney:104_442952-R,False,planned,False,,,,,2026-09-05T08:24:10.398942+02:00
NSR:StopPlace:58794,Fredrikstad stasjon,2026-09-05T06:10:00+02:00,2026-09-05T06:10:00+02:00,,0.0,0,Kalnes,OST:Line:1_4,Fredrikstad - Kalnes,4,bus,OST:ServiceJourney:4_260325121471329_601,False,planned,False,,,,,2026-09-05T08:24:10.398942+02:00
NSR:StopPlace:58794,Fredrikstad stasjon,2026-09-05T06:37:00+02:00,2026-09-05T06:37:00+02:00,,0.0,0,Oslo S,VYG:Line:RE20,Oslo S-Halden-Göteborg (X-Border),RE20,rail,VYG:ServiceJourney:106_442959-R,False,planned,False,,,,,2026-09-05T08:24:10.398942+02:00
NSR:StopPlace:58794,Fredrikstad stasjon,2026-09-05T09:10:00+02:00,2026-09-05T09:10:00+02:00,,0.0,0,Kalnes,OST:Line:1_4,Fredrikstad - Kalnes,4,bus,OST:ServiceJourney:4_260325121471335_607,False,planned,False,,,,,2026-09-05T08:24:10.398942+02:00
NSR:StopPlace:58795,Kambo stasjon,2026-09-05T05:30:00+02:00,2026-09-05T05:30:00+02:00,,0.0,0,Stabekk,VYG:Line:R21,Stabekk-Oslo S-Moss,R21,rail,VYG:ServiceJourney:1106-MOS_442977-R,False,planned,False,,,,,2026-09-05T08:24:10.398942+02:00
NSR:StopPlace:58795,Kambo stasjon,2026-09-05T06:00:00+02:00,2026-09-05T06:00:00+02:00,,0.0,0,Stabekk,VYG:Line:R21,Stabekk-Oslo S-Moss,R21,rail,VYG:ServiceJourney:1108-MOS_442979-R,False,planned,False,,,,,2026-09-05T08:24:10.398942+02:00
NSR:StopPlace:58795,Kambo stasjon,2026-09-05T06:30:00+02:00,2026-09-05T06:30:00+02:00,,0.0,0,Stabekk,VYG:Line:R21,Stabekk-Oslo S-Moss,R21,rail,VYG:ServiceJourney:1110-MOS_442985-R,False,planned,False,,,,,2026-09-05T08:24:10.398942+02:00
NSR:StopPlace:58795,Kambo stasjon,2026-09-05T06:55:00+02:00,2026-09-05T06:55:00+02:00,,0.0,0,Moss,VYG:Line:R21,Stabekk-Oslo S-Moss,R21,rail,VYG:ServiceJourney:1105-HVK_442976-R,False,planned,False,,,,,2026-09-05T08:24:10.398942+02:00
NSR:StopPlace:58795,Kambo stasjon,2026-09-05T07:25:00+02:00,2026-09-05T07:25:00+02:00,,0.0,0,Moss,VYG:Line:R21,Stabekk-Oslo S-Moss,R21,rail,VYG:ServiceJourney:1107-HVK_442978-R,False,planned,False,,,,,2026-09-05T08:24:10.398942+02:00
NSR:StopPlace:58795,Kambo stasjon,2026-09-05T07:59:00+02:00,2026-09-05T07:59:00+02:00,,0.0,0,Kambo,OST:Line:1_22,Skredderåsen-Kambo,22,bus,OST:ServiceJourney:22_260821062901548_601,False,planned,False,,,,,2026-09-05T08:24:10.398942+02:00
NSR:StopPlace:58795,Kambo stasjon,2026-09-05T08:06:00+02:00,2026-09-05T08:06:00+02:00,,0.0,0,Skredderåsen-Moss sentrum,OST:Line:1_22,Skredderåsen-Kambo,22,bus,OST:ServiceJourney:22_260821062955880_602,False,planned,False,,,,,2026-09-05T08:24:10.398942+02:00
NSR:StopPlace:58795,Kambo stasjon,2026-09-05T08:59:00+02:00,2026-09-05T08:59:00+02:00,,0.0,0,Kambo,OST:Line:1_22,Skredderåsen-Kambo,22,bus,OST:ServiceJourney:22_260821062902224_603,False,planned,False,,,,,2026-09-05T08:24:10.398942+02:00
NSR:StopPlace:58795,Kambo stasjon,2026-09-05T09:06:00+02:00,2026-09-05T09:06:00+02:00,,0.0,0,Skredderåsen-Moss sentrum,OST:Line:1_22,Skredderåsen-Kambo,22,bus,OST:ServiceJourney:22_260821062956557_604,False,planned,False,,,,,2026-09-05T08:24:10.398942+02:00
NSR:StopPlace:58796,Moss stasjon,2026-09-05T05:24:00+02:00,2026-09-05T05:24:00+02:00,,0.0,0,Stabekk,VYG:Line:R21,Stabekk-Oslo S-Moss,R21,rail,VYG:ServiceJourney:1106-MOS_442977-R,False,planned,False,,,,,2026-09-05T08:24:10.398942+02:00
NSR:StopPlace:58796,Moss stasjon,2026-09-05T05:54:00+02:00,2026-09-05T05:54:00+02:00,,0.0,0,Stabekk,VYG:Line:R21,Stabekk-Oslo S-Moss,R21,rail,VYG:ServiceJourney:1108-MOS_442979-R,False,planned,False,,,,,2026-09-05T08:24:10.398942+02:00
NSR:StopPlace:58796,Moss stasjon,2026-09-05T06:08:00+02:00,2026-09-05T06:08:00+02:00,,0.0,0,Oslo S,VYG:Line:RE20,Oslo S-Halden-Göteborg (X-Border),RE20,rail,VYG:ServiceJourney:104_442952-R,False,planned,False,,,,,2026-09-05T08:24:10.398942+02:00
NSR:StopPlace:58796,Moss stasjon,2026-09-05T06:23:00+02:00,2026-09-05T06:23:00+02:00,,0.0,0,Stabekk,VYG:Line:R21,Stabekk-Oslo S-Moss,R21,rail,VYG:ServiceJourney:1110-MOS_442985-R,False,planned,False,,,,,2026-09-05T08:24:10.398942+02:00
NSR:StopPlace:58796,Moss stasjon,2026-09-05T07:05:00+02:00,2026-09-05T07:05:00+02:00,,0.0,0,Oslo S,VYG:Line:RE20,Oslo S-Halden-Göteborg (X-Border),RE20,rail,VYG:ServiceJourney:106_442959-R,False,planned,False,,,,,2026-09-05T08:24:10.398942+02:00
NSR:StopPlace:58796,Moss stasjon,2026-09-05T08:07:00+02:00,2026-09-05T08:07:00+02:00,,0.0,0,Varnaveien-Øreåsen,OST:Line:1_24,Varnaveien-Øreåsen,24,bus,OST:ServiceJourney:24_260622092155537_601,False,planned,False,,,,,2026-09-05T08:24:10.398942+02:00
NSR:StopPlace:58796,Moss stasjon,2026-09-05T08:08:00+02:00,2026-09-05T08:08:00+02:00,,0.0,0,Refsnes,OST:Line:1_20,Refsnes,20,bus,OST:ServiceJourney:20_260622091543323_601,False,planned,False,,,,,2026-09-05T08:24:10.398942+02:00
NSR:StopPlace:58796,Moss stasjon,2026-09-05T08:30:00+02:00,2026-09-05T08:30:00+02:00,,0.0,0,Moss sentrum,OST:Line:1_20,Refsnes,20,bus,OST:ServiceJourney:20_260622091603270_602,False,planned,False,,,,,2026-09-05T08:24:10.398942+02:00
NSR:StopPlace:58796,Moss stasjon,2026-09-05T08:36:00+02:00,2026-09-05T08:36:00+02:00,,0.0,0,Moss sentrum,OST:Line:1_24,Varnaveien-Øreåsen,24,bus,OST:ServiceJourney:24_260622092179611_602,False,planned,False,,,,,2026-09-05T08:24:10.398942+02:00
NSR:StopPlace:58796,Moss stasjon,2026-09-05T09:07:00+02:00,2026-09-05T09:07:00+02:00,,0.0,0,Ryggeveien-Øreåsen,OST:Line:1_21,Ryggeveien-Øreåsen,21,bus,OST:ServiceJourney:21_260622091716355_601,False,planned,False,,,,,2026-09-05T08:24:10.398942+02:00
NSR:StopPlace:58796,Moss stasjon,2026-09-05T09:08:00+02:00,2026-09-05T09:08:00+02:00,,0.0,0,Refsnes,OST:Line:1_20,Refsnes,20,bus,OST:ServiceJourney:20_260622091544001_603,False,planned,False,,,,,2026-09-05T08:24:10.398942+02:00
NSR:StopPlace:58830,Brakerøya stasjon,2026-09-05T06:08:00+02:00,2026-09-05T06:08:00+02:00,,0.0,0,Dal,VYG:Line:R13,Drammen-Oslo S-Dal,R13,rail,VYG:ServiceJourney:1607_443224-R,False,planned,False,,,,,2026-09-05T08:24:10.398942+02:00
NSR:StopPlace:58830,Brakerøya stasjon,2026-09-05T07:21:00+02:00,2026-09-05T07:21:00+02:00,,0.0,0,Drammen,VYG:Line:R13,Drammen-Oslo S-Dal,R13,rail,VYG:ServiceJourney:1606_443223-R,False,planned,False,,,,,2026-09-05T08:24:10.398942+02:00
NSR:StopPlace:58830,Brakerøya stasjon,2026-09-05T08:51:00+02:00,2026-09-05T08:51:00+02:00,,0.0,0,Drammen,VYG:Line:R13,Drammen-Oslo S-Dal,R13,rail,VYG:ServiceJourney:1612_443236-R,False,planned,False,,,,,2026-09-05T08:24:10.398942+02:00
NSR:StopPlace:58830,Brakerøya stasjon,2026-09-05T09:21:00+02:00,2026-09-05T09:21:00+02:00,,0.0,0,Drammen,VYG:Line:R13,Drammen-Oslo S-Dal,R13,rail,VYG:ServiceJourney:1614_443243-R,False,planned,False,,,,,2026-09-05T08:24:10.398942+02:00
NSR:StopPlace:58835,Lier stasjon,2026-09-05T06:11:00+02:00,2026-09-05T06:11:00+02:00,,0.0,0,Dal,VYG:Line:R13,Drammen-Oslo S-Dal,R13,rail,VYG:ServiceJourney:1607_443224-R,False,planned,False,,,,,2026-09-05T08:24:10.398942+02:00
NSR:StopPlace:58835,Lier stasjon,2026-09-05T07:17:00+02:00,2026-09-05T07:17:00+02:00,,0.0,0,Drammen,VYG:Line:R13,Drammen-Oslo S-Dal,R13,rail,VYG:ServiceJourney:1606_443223-R,False,planned,False,,,,,2026-09-05T08:24:10.398942+02:00
NSR:StopPlace:58835,Lier stasjon,2026-09-05T08:47:00+02:00,2026-09-05T08:47:00+02:00,,0.0,0,Drammen,VYG:Line:R13,Drammen-Oslo S-Dal,R13,rail,VYG:ServiceJourney:1612_443236-R,False,planned,False,,,,,2026-09-05T08:24:10.398942+02:00
NSR:StopPlace:58835,Lier stasjon,2026-09-05T09:17:00+02:00,2026-09-05T09:17:00+02:00,,0.0,0,Drammen,VYG:Line:R13,Drammen-Oslo S-Dal,R13,rail,VYG:ServiceJourney:1614_443243-R,False,planned,False,,,,,2026-09-05T08:24:10.398942+02:00
NSR:StopPlace:58836,Mjøndalen stasjon,2026-09-05T06:06:00+02:00,2026-09-05T06:06:00+02:00,,0.0,0,Drammen sykehus,BRA:Line:4_6001,Drammen sykehus Brakerøya - Sørensvingen / Mjøndalen,1,bus,BRA:ServiceJourney:6001_260415100161848_6000,False,planned,False,,,,,2026-09-05T08:24:10.398942+02:00
NSR:StopPlace:58836,Mjøndalen stasjon,2026-09-05T06:36:00+02:00,2026-09-05T06:36:00+02:00,,0.0,0,Drammen sykehus,BRA:Line:4_6001,Drammen sykehus Brakerøya - Sørensvingen / Mjøndalen,1,bus,BRA:ServiceJourney:6001_260415100161849_6002,False,planned,False,,,,,2026-09-05T08:24:10.398942+02:00
NSR:StopPlace:58838,Røyken stasjon,2026-09-05T05:19:00+02:00,2026-09-05T05:19:00+02:00,,0.0,0,Lillestrøm,VYG:Line:L1,Spikkestad-Oslo S-Lillestrøm,L1,rail,VYG:ServiceJourney:2206_443594-R,False,planned,False,,,,,2026-09-05T08:24:10.398942+02:00
NSR:StopPlace:58838,Røyken stasjon,2026-09-05T05:49:00+02:00,2026-09-05T05:49:00+02:00,,0.0,0,Lillestrøm,VYG:Line:L1,Spikkestad-Oslo S-Lillestrøm,L1,rail,VYG:ServiceJourney:2208_452017-R,False,planned,False,,,,,2026-09-05T08:24:10.398942+02:00
NSR:StopPlace:58838,Røyken stasjon,2026-09-05T06:45:00+02:00,2026-09-05T06:45:00+02:00,,0.0,0,Asker,RUT:Line:260,Hyggen - Bråset -Slemmestad (- Asker),260,bus,RUT:ServiceJourney:295647857d7795490744dab1d63fdcf0,False,planned,False,,,,,2026-09-05T08:24:10.398942+02:00
NSR:StopPlace:58838,Røyken stasjon,2026-09-05T06:59:00+02:00,2026-09-05T06:59:00+02:00,,0.0,0,Spikkestad,VYG:Line:L1,Spikkestad-Oslo S-Lillestrøm,L1,rail,VYG:ServiceJourney:2205_481233-R,False,planned,False,,,,,2026-09-05T08:24:10.398942+02:00
NSR:StopPlace:58838,Røyken stasjon,2026-09-05T07:29:00+02:00,2026-09-05T07:29:00+02:00,,0.0,0,Spikkestad,VYG:Line:L1,Spikkestad-Oslo S-Lillestrøm,L1,rail,VYG:ServiceJourney:2207_443595-R,False,planned,False,,,,,2026-09-05T08:24:10.398942+02:00
NSR:StopPlace:58842,Blaker stasjon,2026-09-05T06:22:00+02:00,2026-09-05T06:22:00+02:00,,0.0,0,Asker,VYG:Line:R14,Asker-Oslo S-Kongsvinger,R14,rail,VYG:ServiceJourney:1004_442909-R,False,planned,False,,,,,2026-09-05T08:24:10.398942+02:00
NSR:StopPlace:58843,Blommenholm stasjon,2026-09-05T05:50:00+02:00,2026-09-05T05:50:00+02:00,,0.0,0,Lillestrøm,VYG:Line:L1,Spikkestad-Oslo S-Lillestrøm,L1,rail,VYG:ServiceJourney:2206_443594-R,False,planned,False,,,,,2026-09-05T08:24:10.398942+02:00
NSR:StopPlace:58843,Blommenholm stasjon,2026-09-05T06:20:00+02:00,2026-09-05T06:20:00+02:00,,0.0,0,Lillestrøm,VYG:Line:L1,Spikkestad-Oslo S-Lillestrøm,L1,rail,VYG:ServiceJourney:2208_452017-R,False,planned,False,,,,,2026-09-05T08:24:10.398942+02:00
NSR:StopPlace:58843,Blommenholm stasjon,2026-09-05T06:28:00+02:00,2026-09-05T06:28:00+02:00,,0.0,0,Spikkestad,VYG:Line:L1,Spikkestad-Oslo S-Lillestrøm,L1,rail,VYG:ServiceJourney:2205_481233-R,False,planned,False,,,,,2026-09-05T08:24:10.398942+02:00
NSR:StopPlace:58843,Blommenholm stasjon,2026-09-05T06:58:00+02:00,2026-09-05T06:58:00+02:00,,0.0,0,Spikkestad,VYG:Line:L1,Spikkestad-Oslo S-Lillestrøm,L1,rail,VYG:ServiceJourney:2207_443595-R,False,planned,False,,,,,2026-09-05T08:24:10.398942+02:00
NSR:StopPlace:58844,Eidsvoll stasjon,2026-09-05T05:15:00+02:00,2026-09-05T05:15:00+02:00,,0.0,0,Jessheim,RUT:Line:430,Eidsvoll - Jessheim,430,bus,RUT:ServiceJourney:8b48d662e3b331abf3cb7b82fc155628,False,planned,False,,,,,2026-09-05T08:24:10.398942+02:00
NSR:StopPlace:58844,Eidsvoll stasjon,2026-09-05T06:01:00+02:00,2026-09-05T06:01:00+02:00,,0.0,0,Skien,VYG:Line:RE11,Eidsvoll-Oslo S-Skien,RE11,rail,VYG:ServiceJourney:805-EVL_652702-R,False,planned,False,,,,,2026-09-05T08:24:10.398942+02:00
NSR:StopPlace:58844,Eidsvoll stasjon,2026-09-05T06:15:00+02:00,2026-09-05T06:15:00+02:00,,0.0,0,Jessheim,RUT:Line:430,Eidsvoll - Jessheim,430,bus,RUT:ServiceJourney:e5261e286cec8ef4fbf32cd90d86b0a7,False,planned,False,,,,,2026-09-05T08:24:10.398942+02:00
NSR:StopPlace:58844,Eidsvoll stasjon,2026-09-05T09:15:00+02:00,2026-09-05T09:15:00+02:00,,0.0,0,Jessheim,RUT:Line:430,Eidsvoll - Jessheim,430,bus,RUT:ServiceJourney:7ac21cdf4efd67a261bce975426b6cf8,False,planned,False,,,,,2026-09-05T08:24:10.398942+02:00
NSR:StopPlace:58845,Eidsvoll verk stasjon,2026-09-05T05:31:00+02:00,2026-09-05T05:31:00+02:00,,0.0,0,Jessheim,RUT:Line:430,Eidsvoll - Jessheim,430,bus,RUT:ServiceJourney:8b48d662e3b331abf3cb7b82fc155628,False,planned,False,,,,,2026-09-05T08:24:10.398942+02:00
NSR:StopPlace:58845,Eidsvoll verk stasjon,2026-09-05T06:00:00+02:00,2026-09-05T06:00:00+02:00,,0.0,0,Eidsvoll st.,RUT:Line:430,Eidsvoll - Jessheim,430,bus,RUT:ServiceJourney:b9942d031055d9ee104b9ced82ebf1a7,False,planned,False,,,,,2026-09-05T08:24:10.398942+02:00
NSR:StopPlace:58845,Eidsvoll verk stasjon,2026-09-05T06:05:00+02:00,2026-09-05T06:05:00+02:00,,0.0,0,Skien,VYG:Line:RE11,Eidsvoll-Oslo S-Skien,RE11,rail,VYG:ServiceJourney:805-EVL_652702-R,False,planned,False,,,,,2026-09-05T08:24:10.398942+02:00
NSR:StopPlace:58845,Eidsvoll verk stasjon,2026-09-05T06:31:00+02:00,2026-09-05T06:31:00+02:00,,0.0,0,Jessheim,RUT:Line:430,Eidsvoll - Jessheim,430,bus,RUT:ServiceJourney:e5261e286cec8ef4fbf32cd90d86b0a7,False,planned,False,,,,,2026-09-05T08:24:10.398942+02:00
NSR:StopPlace:58845,Eidsvoll verk stasjon,2026-09-05T07:00:00+02:00,2026-09-05T07:00:00+02:00,,0.0,0,Eidsvoll st.,RUT:Line:430,Eidsvoll - Jessheim,430,bus,RUT:ServiceJourney:49e764f9a255d98103f29ced2a955958,False,planned,False,,,,,2026-09-05T08:24:10.398942+02:00
NSR:StopPlace:58846,Fetsund stasjon,2026-09-05T06:36:00+02:00,2026-09-05T06:36:00+02:00,,0.0,0,Asker,VYG:Line:R14,Asker-Oslo S-Kongsvinger,R14,rail,VYG:ServiceJourney:1004_442909-R,False,planned,False,,,,,2026-09-05T08:24:10.398942+02:00
NSR:StopPlace:58847,Frogner stasjon,2026-09-05T05:08:00+02:00,2026-09-05T05:08:00+02:00,,0.0,0,Oslo lufthavn,RUT:Line:425,Kløfta – Oslo lufthavn,425,bus,RUT:ServiceJourney:ffa14d57f449e99f57cd8f05da98e426,False,planned,False,,,,,2026-09-05T08:24:10.398942+02:00
NSR:StopPlace:58847,Frogner stasjon,2026-09-05T06:08:00+02:00,2026-09-05T06:08:00+02:00,,0.0,0,Oslo lufthavn,RUT:Line:425,Kløfta – Oslo lufthavn,425,bus,RUT:ServiceJourney:4e8296cb5bddfbd50ec3d6e75e7bd266,False,planned,False,,,,,2026-09-05T08:24:10.398942+02:00
NSR:StopPlace:58847,Frogner stasjon,2026-09-05T06:13:00+02:00,2026-09-05T06:13:00+02:00,,0.0,0,Skedsmokorset,RUT:Line:365,Sørumsand - Frogner - Skedsmokorset,365,bus,RUT:ServiceJourney:dbba22bc9c68ce5b39c3a431929e000f,False,planned,False,,,,,2026-09-05T08:24:10.398942+02:00
NSR:StopPlace:58847,Frogner stasjon,2026-09-05T06:21:00+02:00,2026-09-05T06:21:00+02:00,,0.0,0,Drammen,VYG:Line:R13,Drammen-Oslo S-Dal,R13,rail,VYG:ServiceJourney:1606_443223-R,False,planned,False,,,,,2026-09-05T08:24:10.398942+02:00
NSR:StopPlace:58847,Frogner stasjon,2026-09-05T07:04:00+02:00,2026-09-05T07:04:00+02:00,,0.0,0,Dal,VYG:Line:R13,Drammen-Oslo S-Dal,R13,rail,VYG:ServiceJourney:1607_443224-R,False,planned,False,,,,,2026-09-05T08:24:10.398942+02:00
NSR:StopPlace:58847,Frogner stasjon,2026-09-05T07:51:00+02:00,2026-09-05T07:51:00+02:00,,0.0,0,Drammen,VYG:Line:R13,Drammen-Oslo S-Dal,R13,rail,VYG:ServiceJourney:1612_443236-R,False,planned,False,,,,,2026-09-05T08:24:10.398942+02:00
NSR:StopPlace:58847,Frogner stasjon,2026-09-05T08:21:00+02:00,2026-09-05T08:21:00+02:00,,0.0,0,Drammen,VYG:Line:R13,Drammen-Oslo S-Dal,R13,rail,VYG:ServiceJourney:1614_443243-R,False,planned,False,,,,,2026-09-05T08:24:10.398942+02:00
NSR:StopPlace:58847,Frogner stasjon,2026-09-05T09:10:00+02:00,2026-09-05T09:10:00+02:00,,0.0,0,Sørumsand,RUT:Line:365,Sørumsand - Frogner - Skedsmokorset,365,bus,RUT:ServiceJourney:0eb899ca8fdafd6af2443fe66a355155,False,planned,False,,,,,2026-09-05T08:24:10.398942+02:00
NSR:StopPlace:58847,Frogner stasjon,2026-09-05T09:13:00+02:00,2026-09-05T09:13:00+02:00,,0.0,0,Skedsmokorset,RUT:Line:365,Sørumsand - Frogner - Skedsmokorset,365,bus,RUT:ServiceJourney:415c6c5c65afe9b9c0d17b717c61cc75,False,planned,False,,,,,2026-09-05T08:24:10.398942+02:00
NSR:StopPlace:58848,Haga stasjon,2026-09-05T06:11:00+02:00,2026-09-05T06:11:00+02:00,,0.0,0,Asker,VYG:Line:R14,Asker-Oslo S-Kongsvinger,R14,rail,VYG:ServiceJourney:1004_442909-R,False,planned,False,,,,,2026-09-05T08:24:10.398942+02:00
NSR:StopPlace:58848,Haga stasjon,2026-09-05T09:03:00+02:00,2026-09-05T09:03:00+02:00,,0.0,0,Rånåsfoss,RUT:Line:455,Årnes -Rånåsfoss,455,bus,RUT:ServiceJourney:add8f1ea58ffe29468e10a4b162ab548,False,planned,False,,,,,2026-09-05T08:24:10.398942+02:00
NSR:StopPlace:58849,Hakadal stasjon,2026-09-05T04:48:00+02:00,2026-09-05T04:48:00+02:00,,0.0,0,Løvstad,RUT:Line:390,Kongskog/Hellerudhaugen - Oslo bussterminal,390,bus,RUT:ServiceJourney:6ab940c49d395fd6fea57623ebc76501,False,planned,False,,,,,2026-09-05T08:24:10.398942+02:00
NSR:StopPlace:58849,Hakadal stasjon,2026-09-05T06:38:00+02:00,2026-09-05T06:38:00+02:00,,0.0,0,Oslo bussterminal,RUT:Line:390,Kongskog/Hellerudhaugen - Oslo bussterminal,390,bus,RUT:ServiceJourney:e3b6f67c59f3e2a6c8639aee74f0fb9a,False,planned,False,,,,,2026-09-05T08:24:10.398942+02:00
NSR:StopPlace:58849,Hakadal stasjon,2026-09-05T08:38:00+02:00,2026-09-05T08:38:00+02:00,,0.0,0,Oslo bussterminal,RUT:Line:390,Kongskog/Hellerudhaugen - Oslo bussterminal,390,bus,RUT:ServiceJourney:bbbc19791eb5070ce3c2e190406933d6,False,planned,False,,,,,2026-09-05T08:24:10.398942+02:00
NSR:StopPlace:58849,Hakadal stasjon,2026-09-05T09:23:00+02:00,2026-09-05T09:23:00+02:00,,0.0,0,Oslo bussterminal,RUT:Line:390,Kongskog/Hellerudhaugen - Oslo bussterminal,390,bus,RUT:ServiceJourney:8ef2fb1368f7b603efa843868aa0b49a,False,planned,False,,,,,2026-09-05T08:24:10.398942+02:00
NSR:StopPlace:58852,Høn stasjon,2026-09-05T05:36:00+02:00,2026-09-05T05:36:00+02:00,,0.0,0,Lillestrøm,VYG:Line:L1,Spikkestad-Oslo S-Lillestrøm,L1,rail,VYG:ServiceJourney:2206_443594-R,False,planned,False,,,,,2026-09-05T08:24:10.398942+02:00
NSR:StopPlace:58852,Høn stasjon,2026-09-05T06:06:00+02:00,2026-09-05T06:06:00+02:00,,0.0,0,Lillestrøm,VYG:Line:L1,Spikkestad-Oslo S-Lillestrøm,L1,rail,VYG:ServiceJourney:2208_452017-R,False,planned,False,,,,,2026-09-05T08:24:10.398942+02:00
NSR:StopPlace:58852,Høn stasjon,2026-09-05T06:43:00+02:00,2026-09-05T06:43:00+02:00,,0.0,0,Spikkestad,VYG:Line:L1,Spikkestad-Oslo S-Lillestrøm,L1,rail,VYG:ServiceJourney:2205_481233-R,False,planned,False,,,,,2026-09-05T08:24:10.398942+02:00
NSR:StopPlace:58852,Høn stasjon,2026-09-05T07:13:00+02:00,2026-09-05T07:13:00+02:00,,0.0,0,Spikkestad,VYG:Line:L1,Spikkestad-Oslo S-Lillestrøm,L1,rail,VYG:ServiceJourney:2207_443595-R,False,planned,False,,,,,2026-09-05T08:24:10.398942+02:00
NSR:StopPlace:58853,Kolbotn stasjon,2026-09-05T04:46:00+02:00,2026-09-05T04:46:00+02:00,,0.0,0,Fløysbonn,RUT:Line:3983,Nationaltheatret - Fløysbonn,83N,bus,RUT:ServiceJourney:dbb59ca8390cfcfb854ca3acadfdef52,False,planned,False,,,,,2026-09-05T08:24:10.398942+02:00
NSR:StopPlace:58853,Kolbotn stasjon,2026-09-05T05:49:00+02:00,2026-09-05T05:49:00+02:00,,0.0,0,Bjørvika,RUT:Line:83,Jernbanetorget - Tårnåsen,83,bus,RUT:ServiceJourney:6b68690942df3335035ea0397b897802,False,planned,False,Linje 80E og 83 får Hausmanns bru som ny endeholdeplass fra 29. juni,"Bussene stopper ikke på Jernbanetorget etter 29. juni, men starter og stopper på Hausmanns bru i Nylandsveien.",incident,normal,2026-09-05T08:24:10.398942+02:00
NSR:StopPlace:58853,Kolbotn stasjon,2026-09-05T05:55:00+02:00,2026-09-05T05:55:00+02:00,,0.0,0,Stabekk,VYG:Line:L2,Stabekk-Oslo S-Ski,L2,rail,VYG:ServiceJourney:2708-SKI_443914-R,False,planned,False,,,,,2026-09-05T08:24:10.398942+02:00
NSR:StopPlace:58853,Kolbotn stasjon,2026-09-05T06:19:00+02:00,2026-09-05T06:19:00+02:00,,0.0,0,Bjørvika,RUT:Line:83,Jernbanetorget - Tårnåsen,83,bus,RUT:ServiceJourney:4fea7e88b801c9142979d58046b44ad6,False,planned,False,Linje 80E og 83 får Hausmanns bru som ny endeholdeplass fra 29. juni,"Bussene stopper ikke på Jernbanetorget etter 29. juni, men starter og stopper på Hausmanns bru i Nylandsveien.",incident,normal,2026-09-05T08:24:10.398942+02:00
NSR:StopPlace:58853,Kolbotn stasjon,2026-09-05T06:25:00+02:00,2026-09-05T06:25:00+02:00,,0.0,0,Stabekk,VYG:Line:L2,Stabekk-Oslo S-Ski,L2,rail,VYG:ServiceJourney:2710-SKI_443916-R,False,planned,False,,,,,2026-09-05T08:24:10.398942+02:00
NSR:StopPlace:58853,Kolbotn stasjon,2026-09-05T06:37:00+02:00,2026-09-05T06:37:00+02:00,,0.0,0,Tårnåsen,RUT:Line:83,Jernbanetorget - Tårnåsen,83,bus,RUT:ServiceJourney:18225f96411dbb48303d75ef975e7d9f,False,planned,False,Linje 80E og 83 får Hausmanns bru som ny endeholdeplass fra 29. juni,"Bussene stopper ikke på Jernbanetorget etter 29. juni, men starter og stopper på Hausmanns bru i Nylandsveien.",incident,normal,2026-09-05T08:24:10.398942+02:00
NSR:StopPlace:58853,Kolbotn stasjon,2026-09-05T06:41:00+02:00,2026-09-05T06:41:00+02:00,,0.0,0,Hauketo stasjon,RUT:Line:87,Hauketo stasjon - Kolbotn,87,bus,RUT:ServiceJourney:e6df0c49df01736d4504e5277e3ae98c,False,planned,False,,,,,2026-09-05T08:24:10.398942+02:00
NSR:StopPlace:58853,Kolbotn stasjon,2026-09-05T06:49:00+02:00,2026-09-05T06:49:00+02:00,,0.0,0,Kolbotn torg,RUT:Line:580,Kolbotn - Ski,580,bus,RUT:ServiceJourney:c76b098e42469e6e9d6d3b78e81c1b0d,False,planned,False,,,,,2026-09-05T08:24:10.398942+02:00
NSR:StopPlace:58853,Kolbotn stasjon,2026-09-05T06:49:00+02:00,2026-09-05T06:49:00+02:00,,0.0,0,Bjørvika,RUT:Line:83,Jernbanetorget - Tårnåsen,83,bus,RUT:ServiceJourney:b2f0d43454c6f191ff32e4728e9a8194,False,planned,False,Linje 80E og 83 får Hausmanns bru som ny endeholdeplass fra 29. juni,"Bussene stopper ikke på Jernbanetorget etter 29. juni, men starter og stopper på Hausmanns bru i Nylandsveien.",incident,normal,2026-09-05T08:24:10.398942+02:00
NSR:StopPlace:58853,Kolbotn stasjon,2026-09-05T06:55:00+02:00,2026-09-05T06:55:00+02:00,,0.0,0,Stabekk,VYG:Line:L2,Stabekk-Oslo S-Ski,L2,rail,VYG:ServiceJourney:2712-SKI_443918-R,False,planned,False,,,,,2026-09-05T08:24:10.398942+02:00
NSR:StopPlace:58853,Kolbotn stasjon,2026-09-05T07:03:00+02:00,2026-09-05T07:03:00+02:00,,0.0,0,Ski,VYG:Line:L2,Stabekk-Oslo S-Ski,L2,rail,VYG:ServiceJourney:2707-HVK_699728-R,False,planned,False,,,,,2026-09-05T08:24:10.398942+02:00
NSR:StopPlace:58853,Kolbotn stasjon,2026-09-05T07:07:00+02:00,2026-09-05T07:07:00+02:00,,0.0,0,Tårnåsen,RUT:Line:83,Jernbanetorget - Tårnåsen,83,bus,RUT:ServiceJourney:71ff456ffff6196796b43938b43dbbda,False,planned,False,Linje 80E og 83 får Hausmanns bru som ny endeholdeplass fra 29. juni,"Bussene stopper ikke på Jernbanetorget etter 29. juni, men starter og stopper på Hausmanns bru i Nylandsveien.",incident,normal,2026-09-05T08:24:10.398942+02:00
NSR:StopPlace:58853,Kolbotn stasjon,2026-09-05T07:19:00+02:00,2026-09-05T07:19:00+02:00,,0.0,0,Kolbotn torg,RUT:Line:580,Kolbotn - Ski,580,bus,RUT:ServiceJourney:ada99c57568b1105dad575507a01c79c,False,planned,False,,,,,2026-09-05T08:24:10.398942+02:00
NSR:StopPlace:58853,Kolbotn stasjon,2026-09-05T07:20:00+02:00,2026-09-05T07:20:00+02:00,,0.0,0,Kolbotn,RUT:Line:87,Hauketo stasjon - Kolbotn,87,bus,RUT:ServiceJourney:eea5abc94628a119238a62c76b0a9f34,False,planned,False,,,,,2026-09-05T08:24:10.398942+02:00
NSR:StopPlace:58853,Kolbotn stasjon,2026-09-05T07:33:00+02:00,2026-09-05T07:33:00+02:00,,0.0,0,Ski,VYG:Line:L2,Stabekk-Oslo S-Ski,L2,rail,VYG:ServiceJourney:2709-HVK_443915-R,False,planned,False,,,,,2026-09-05T08:24:10.398942+02:00
NSR:StopPlace:58853,Kolbotn stasjon,2026-09-05T09:11:00+02:00,2026-09-05T09:11:00+02:00,,0.0,0,Hauketo stasjon,RUT:Line:87,Hauketo stasjon - Kolbotn,87,bus,RUT:ServiceJourney:238ad18db33cc1ad045ed32bd0abaec1,False,planned,False,,,,,2026-09-05T08:24:10.398942+02:00
NSR:StopPlace:58853,Kolbotn stasjon,2026-09-05T09:19:00+02:00,2026-09-05T09:19:00+02:00,,0.0,0,Kolbotn torg,RUT:Line:580,Kolbotn - Ski,580,bus,RUT:ServiceJourney:6eafa61f45f752a140d78cd10c9bd2ea,False,planned,False,,,,,2026-09-05T08:24:10.398942+02:00
NSR:StopPlace:58853,Kolbotn stasjon,2026-09-05T09:19:00+02:00,2026-09-05T09:19:00+02:00,,0.0,0,Bjørvika,RUT:Line:83,Jernbanetorget - Tårnåsen,83,bus,RUT:ServiceJourney:636b97119bfe62c1ba1a684bceffc846,False,planned,False,Linje 80E og 83 får Hausmanns bru som ny endeholdeplass fra 29. juni,"Bussene stopper ikke på Jernbanetorget etter 29. juni, men starter og stopper på Hausmanns bru i Nylandsveien.",incident,normal,2026-09-05T08:24:10.398942+02:00
NSR:StopPlace:58853,Kolbotn stasjon,2026-09-05T09:20:00+02:00,2026-09-05T09:20:00+02:00,,0.0,0,Kolbotn,RUT:Line:87,Hauketo stasjon - Kolbotn,87,bus,RUT:ServiceJourney:1ee7e9220b1d27e968824a75b4e0153b,False,planned,False,,,,,2026-09-05T08:24:10.398942+02:00
NSR:StopPlace:58854,Langhus stasjon,2026-09-05T05:42:00+02:00,2026-09-05T05:42:00+02:00,,0.0,0,Stabekk,VYG:Line:L2,Stabekk-Oslo S-Ski,L2,rail,VYG:ServiceJourney:2708-SKI_443914-R,False,planned,False,,,,,2026-09-05T08:24:10.398942+02:00
NSR:StopPlace:58854,Langhus stasjon,2026-09-05T06:12:00+02:00,2026-09-05T06:12:00+02:00,,0.0,0,Stabekk,VYG:Line:L2,Stabekk-Oslo S-Ski,L2,rail,VYG:ServiceJourney:2710-SKI_443916-R,False,planned,False,,,,,2026-09-05T08:24:10.398942+02:00
NSR:StopPlace:58854,Langhus stasjon,2026-09-05T06:37:00+02:00,2026-09-05T06:37:00+02:00,,0.0,0,Drøbak - Seiersten,RUT:Line:510,Bøleråsen - Ski - Ås - Drøbak,510,bus,RUT:ServiceJourney:3cb56267fad9b8c0605d84e730828d37,False,planned,False,,,,,2026-09-05T08:24:10.398942+02:00
NSR:StopPlace:58854,Langhus stasjon,2026-09-05T06:42:00+02:00,2026-09-05T06:42:00+02:00,,0.0,0,Stabekk,VYG:Line:L2,Stabekk-Oslo S-Ski,L2,rail,VYG:ServiceJourney:2712-SKI_443918-R,False,planned,False,,,,,2026-09-05T08:24:10.398942+02:00
NSR:StopPlace:58854,Langhus stasjon,2026-09-05T07:16:00+02:00,2026-09-05T07:16:00+02:00,,0.0,0,Ski,VYG:Line:L2,Stabekk-Oslo S-Ski,L2,rail,VYG:ServiceJourney:2707-HVK_699728-R,False,planned,False,,,,,2026-09-05T08:24:10.398942+02:00
NSR:StopPlace:58854,Langhus stasjon,2026-09-05T07:46:00+02:00,2026-09-05T07:46:00+02:00,,0.0,0,Ski,VYG:Line:L2,Stabekk-Oslo S-Ski,L2,rail,VYG:ServiceJourney:2709-HVK_443915-R,False,planned,False,,,,,2026-09-05T08:24:10.398942+02:00
NSR:StopPlace:58855,Leirsund stasjon,2026-09-05T06:25:00+02:00,2026-09-05T06:25:00+02:00,,0.0,0,Drammen,VYG:Line:R13,Drammen-Oslo S-Dal,R13,rail,VYG:ServiceJourney:1606_443223-R,False,planned,False,,,,,2026-09-05T08:24:10.398942+02:00
NSR:StopPlace:58856,Lysaker stasjon,2026-09-05T04:26:00+02:00,2026-09-05T04:26:00+02:00,,0.0,0,Oslo Lufthavn,FLT:Line:FLY1,FLY1,FLY1,rail,FLT:ServiceJourney:1-2614-3701-20260905,False,planned,False,,,,,2026-09-05T08:24:10.398942+02:00
NSR:StopPlace:58856,Lysaker stasjon,2026-09-05T04:36:00+02:00,2026-09-05T04:36:00+02:00,,0.0,0,Sandvika,RUT:Line:3130,Nationaltheatret - Sandvika,130N,bus,RUT:ServiceJourney:9791c892cfbbbbeff802682141ff2c8f,False,planned,False,,,,,2026-09-05T08:24:10.398942+02:00
NSR:StopPlace:58856,Lysaker stasjon,2026-09-05T04:36:00+02:00,2026-09-05T04:36:00+02:00,,0.0,0,Grorud T,RUT:Line:31,Snarøya - Fornebu - Tonsenhagen - Grorud,31,bus,RUT:ServiceJourney:5da28a8c0e6940b8da56885d5573407b,False,planned,False,,,,,2026-09-05T08:24:10.398942+02:00
NSR:StopPlace:58856,Lysaker stasjon,2026-09-05T04:41:00+02:00,2026-09-05T04:41:00+02:00,,0.0,0,Fornebu,RUT:Line:31,Snarøya - Fornebu - Tonsenhagen - Grorud,31,bus,RUT:ServiceJourney:dd338eb21a22f0885e3866c47cd51207,False,planned,False,,,,,2026-09-05T08:24:10.398942+02:00
NSR:StopPlace:58856,Lysaker stasjon,2026-09-05T04:46:00+02:00,2026-09-05T04:46:00+02:00,,0.0,0,Oslo Lufthavn,FLT:Line:FLY1,FLY1,FLY1,rail,FLT:ServiceJourney:1-2614-3703-20260905,False,planned,False,,,,,2026-09-05T08:24:10.398942+02:00
NSR:StopPlace:58856,Lysaker stasjon,2026-09-05T05:06:00+02:00,2026-09-05T05:06:00+02:00,,0.0,0,Grorud T,RUT:Line:31,Snarøya - Fornebu - Tonsenhagen - Grorud,31,bus,RUT:ServiceJourney:dd9272c0937fb7598ba3db0ed5c65042,False,planned,False,,,,,2026-09-05T08:24:10.398942+02:00
NSR:StopPlace:58856,Lysaker stasjon,2026-09-05T05:06:00+02:00,2026-09-05T05:06:00+02:00,,0.0,0,Oslo Lufthavn,FLT:Line:FLY1,FLY1,FLY1,rail,FLT:ServiceJourney:1-2614-3705-20260905,False,planned,False,,,,,2026-09-05T08:24:10.398942+02:00
NSR:StopPlace:58856,Lysaker stasjon,2026-09-05T05:06:00+02:00,2026-09-05T05:06:00+02:00,,0.0,0,Torpekspressen - Torp airport,UNI:Line:UE2,Oslo Bussterminal - Torp Lufhavn,FB25,bus,UNI:ServiceJourney:UE2-168008-46426716,False,planned,False,,,,,2026-09-05T08:24:10.398942+02:00
NSR:StopPlace:58856,Lysaker stasjon,2026-09-05T05:11:00+02:00,2026-09-05T05:11:00+02:00,,0.0,0,Fornebu,RUT:Line:31,Snarøya - Fornebu - Tonsenhagen - Grorud,31,bus,RUT:ServiceJourney:1364982ccf3b17fe98ffc3245635102b,False,planned,False,,,,,2026-09-05T08:24:10.398942+02:00
NSR:StopPlace:58856,Lysaker stasjon,2026-09-05T05:26:00+02:00,2026-09-05T05:26:00+02:00,,0.0,0,Oslo Lufthavn,FLT:Line:FLY1,FLY1,FLY1,rail,FLT:ServiceJourney:1-2614-3707-20260905,False,planned,False,,,,,2026-09-05T08:24:10.398942+02:00
NSR:StopPlace:58856,Lysaker stasjon,2026-09-05T05:41:00+02:00,2026-09-05T05:41:00+02:00,,0.0,0,Fornebu,RUT:Line:31,Snarøya - Fornebu - Tonsenhagen - Grorud,31,bus,RUT:ServiceJourney:c14613fde0f1383618012a8e20fede8c,False,planned,False,,,,,2026-09-05T08:24:10.398942+02:00
NSR:StopPlace:58856,Lysaker stasjon,2026-09-05T06:01:00+02:00,2026-09-05T06:01:00+02:00,,0.0,0,Torpekspressen - Torp airport,UNI:Line:UE2,Oslo Bussterminal - Torp Lufhavn,FB25,bus,UNI:ServiceJourney:UE2-168008-46426718,False,planned,False,,,,,2026-09-05T08:24:10.398942+02:00
NSR:StopPlace:58856,Lysaker stasjon,2026-09-05T06:11:00+02:00,2026-09-05T06:11:00+02:00,,0.0,0,Torpekspressen - Torp airport,UNI:Line:UE2,Oslo Bussterminal - Torp Lufhavn,FB25,bus,UNI:ServiceJourney:UE2-168008-46426720,False,planned,False,,,,,2026-09-05T08:24:10.398942+02:00
NSR:StopPlace:58856,Lysaker stasjon,2026-09-05T06:46:00+02:00,2026-09-05T06:46:00+02:00,,0.0,0,Larvik,VYX:Line:5,VY190 Ulsteinvik-Bergen-Kristiansand-Oslo,VY190,coach,VYX:ServiceJourney:1386739943d68990a133229432cedff2f33e702b,False,planned,False,Forhåndsbestilling Vy,Billett må kjøpes på nett eller app senest 15 minutter før påstigning for at bussen skal kjøre innom holdeplassen.,general,normal,2026-09-05T08:24:10.398942+02:00
NSR:StopPlace:58857,Lørenskog stasjon,2026-09-05T05:43:00+02:00,2026-09-05T05:43:00+02:00,,0.0,0,Stovner,RUT:Line:120,Nesåsen - Stovner,120,bus,RUT:ServiceJourney:0689918332a2aa4a2280f5099f1d214d,False,planned,False,,,,,2026-09-05T08:24:10.398942+02:00
NSR:StopPlace:58857,Lørenskog stasjon,2026-09-05T09:07:00+02:00,2026-09-05T09:07:00+02:00,,0.0,0,Nesåsen,RUT:Line:120,Nesåsen - Stovner,120,bus,RUT:ServiceJourney:5f3d033172c237a0deeffb073a5943fc,False,planned,False,,,,,2026-09-05T08:24:10.398942+02:00
NSR:StopPlace:58857,Lørenskog stasjon,2026-09-05T09:13:00+02:00,2026-09-05T09:13:00+02:00,,0.0,0,Stovner,RUT:Line:120,Nesåsen - Stovner,120,bus,RUT:ServiceJourney:2d2a4724952cfeb6fa7355d8d323f26f,False,planned,False,,,,,2026-09-05T08:24:10.398942+02:00
NSR:StopPlace:58858,Nittedal stasjon,2026-09-05T08:26:00+02:00,2026-09-05T08:26:00+02:00,,0.0,0,Oslo S,VYG:Line:R31,Skøyen-Jaren-Gjøvik,R31,rail,VYG:ServiceJourney:BUS-206_655108-R,False,planned,False,,,,,2026-09-05T08:24:10.398942+02:00
NSR:StopPlace:58858,Nittedal stasjon,2026-09-05T08:34:00+02:00,2026-09-05T08:34:00+02:00,,0.0,0,Gjøvik,VYG:Line:R31,Skøyen-Jaren-Gjøvik,R31,rail,VYG:ServiceJourney:BUS-207_655115-R,False,planned,False,,,,,2026-09-05T08:24:10.398942+02:00
NSR:StopPlace:58858,Nittedal stasjon,2026-09-05T08:41:00+02:00,2026-09-05T08:41:00+02:00,,0.0,0,Dam,RUT:Line:386,Nittedal stasjon - Kruttverket - Dam,386,bus,RUT:ServiceJourney:d3b59219ee9e6b3f06bdbf02249dbd87,False,planned,False,,,,,2026-09-05T08:24:10.398942+02:00
NSR:StopPlace:58858,Nittedal stasjon,2026-09-05T09:11:00+02:00,2026-09-05T09:11:00+02:00,,0.0,0,Dam,RUT:Line:386,Nittedal stasjon - Kruttverket - Dam,386,bus,RUT:ServiceJourney:1851b2d4cb3ceb1522631877abbcc36b,False,planned,False,,,,,2026-09-05T08:24:10.398942+02:00
NSR:StopPlace:58858,Nittedal stasjon,2026-09-05T09:20:00+02:00,2026-09-05T09:20:00+02:00,,0.0,0,Lørenskog sentrum,RUT:Line:385,Nittedal stasjon - Olavsgaard - Ahus,385,bus,RUT:ServiceJourney:a8954c518ec173848e0ea22900aadd65,False,planned,False,,,,,2026-09-05T08:24:10.398942+02:00
NSR:StopPlace:58859,Nordby stasjon,2026-09-05T06:03:00+02:00,2026-09-05T06:03:00+02:00,,0.0,0,Drammen,VYG:Line:R13,Drammen-Oslo S-Dal,R13,rail,VYG:ServiceJourney:1606_443223-R,False,planned,False,Innstilt Dal–Kløfta | Maxitaxi og taxi for tog,"Toget er innstilt mellom Dal og Kløfta. Dette skyldes feil på en sporveksel. | Vi har bestilt maxitaxier og taxier. Det kan ta tid før dette er på plass på alle stasjoner, så du må regne med noe ventetid.",incident | incident,normal | normal,2026-09-05T08:24:10.398942+02:00
NSR:StopPlace:58850,Hauerseter stasjon,2026-09-05T06:00:00+02:00,2026-09-05T06:00:00+02:00,,0.0,0,Drammen,VYG:Line:R13,Drammen-Oslo S-Dal,R13,rail,VYG:ServiceJourney:1606_443223-R,False,planned,False,Innstilt Dal–Kløfta | Maxitaxi og taxi for tog,"Toget er innstilt mellom Dal og Kløfta. Dette skyldes feil på en sporveksel. | Vi har bestilt maxitaxier og taxier. Det kan ta tid før dette er på plass på alle stasjoner, så du må regne med noe ventetid.",incident | incident,normal | normal,2026-09-05T08:24:10.398942+02:00
NSR:StopPlace:58851,Heggedal stasjon,2026-09-05T08:59:00+02:00,2026-09-05T08:59:00+02:00,,0.0,0,Rustadgrenda,RUT:Line:286,Rustadgrenda-Heggedal,286,bus,RUT:ServiceJourney:c057688176767c5cbecb921323e8c26c,False,planned,False,,,,,2026-09-05T08:24:10.398942+02:00
NSR:StopPlace:58851,Heggedal stasjon,2026-09-05T09:22:00+02:00,2026-09-05T09:22:00+02:00,,0.0,0,Asker,RUT:Line:285,Heggedal - Blakstad - Asker,285,bus,RUT:ServiceJourney:ab67e3dd745fa471121d1e49228d4500,False,planned,False,,,,,2026-09-05T08:24:10.398942+02:00
NSR:StopPlace:58864,Sørumsand stasjon,2026-09-05T08:51:00+02:00,2026-09-05T08:51:00+02:00,,0.0,0,Skedsmokorset,RUT:Line:365,Sørumsand - Frogner - Skedsmokorset,365,bus,RUT:ServiceJourney:415c6c5c65afe9b9c0d17b717c61cc75,False,planned,False,,,,,2026-09-05T08:24:10.398942+02:00
NSR:StopPlace:58864,Sørumsand stasjon,2026-09-05T09:03:00+02:00,2026-09-05T09:03:00+02:00,,0.0,0,Orredalen,RUT:Line:366,Orredalen - Sørumsand,366,bus,RUT:ServiceJourney:245348ef700a4ddffffb7aa1a90bc6c5,False,planned,False,,,,,2026-09-05T08:24:10.398942+02:00
NSR:StopPlace:58865,Vestby stasjon,2026-09-05T08:50:00+02:00,2026-09-05T08:50:00+02:00,,0.0,0,Grønberg,RUT:Line:530,Pepperstad - Vestby stasjon,530,bus,RUT:ServiceJourney:14788e14e2b1a8340b360929d42d89bd,False,planned,False,,,,,2026-09-05T08:24:10.398942+02:00
NSR:StopPlace:58865,Vestby stasjon,2026-09-05T09:20:00+02:00,2026-09-05T09:20:00+02:00,,0.0,0,Randem,RUT:Line:533,Randem - Vestby stasjon,533,bus,RUT:ServiceJourney:41074d5de94b5a01e2f566f1810fdc62,False,planned,False,,,,,2026-09-05T08:24:10.398942+02:00
NSR:StopPlace:58865,Vestby stasjon,2026-09-05T09:20:00+02:00,2026-09-05T09:20:00+02:00,,0.0,0,Grønberg,RUT:Line:530,Pepperstad - Vestby stasjon,530,bus,RUT:ServiceJourney:a0fd73707c5316abce1d2247e60df507,False,planned,False,,,,,2026-09-05T08:24:10.398942+02:00
NSR:StopPlace:58868,Årnes stasjon,2026-09-05T08:45:00+02:00,2026-09-05T08:45:00+02:00,,0.0,0,Rånåsfoss,RUT:Line:455,Årnes -Rånåsfoss,455,bus,RUT:ServiceJourney:add8f1ea58ffe29468e10a4b162ab548,False,planned,False,,,,,2026-09-05T08:24:10.398942+02:00
NSR:StopPlace:58868,Årnes stasjon,2026-09-05T09:04:00+02:00,2026-09-05T09:04:00+02:00,,0.0,0,Oslo lufthavn,RUT:Line:450,Årnes - Oslo lufthavn,450,bus,RUT:ServiceJourney:c8921f7ecd275e6c183768e2a925d92c,False,planned,False,,,,,2026-09-05T08:24:10.398942+02:00
NSR:StopPlace:58860,Oppegård stasjon,2026-09-05T09:01:00+02:00,2026-09-05T09:01:00+02:00,,0.0,0,Kolbotn torg,RUT:Line:580,Kolbotn - Ski,580,bus,RUT:ServiceJourney:6eafa61f45f752a140d78cd10c9bd2ea,False,planned,False,,,,,2026-09-05T08:24:10.398942+02:00
NSR:StopPlace:58861,Solbråtan stasjon,2026-09-05T09:15:00+02:00,2026-09-05T09:15:00+02:00,,0.0,0,Bjørvika,RUT:Line:83,Jernbanetorget - Tårnåsen,83,bus,RUT:ServiceJourney:636b97119bfe62c1ba1a684bceffc846,False,planned,False,Linje 80E og 83 får Hausmanns bru som ny endeholdeplass fra 29. juni,"Bussene stopper ikke på Jernbanetorget etter 29. juni, men starter og stopper på Hausmanns bru i Nylandsveien.",incident,normal,2026-09-05T08:24:10.398942+02:00
NSR:StopPlace:58874,Stokke stasjon,2026-09-05T06:01:00+02:00,2026-09-05T06:01:00+02:00,,0.0,0,Drammen,VYG:Line:RE11,Eidsvoll-Oslo S-Skien,RE11,rail,VYG:ServiceJourney:BUS-804_654206-R,False,planned,False,,,,,2026-09-05T08:24:10.398942+02:00
NSR:StopPlace:58874,Stokke stasjon,2026-09-05T06:01:00+02:00,2026-09-05T06:01:00+02:00,,0.0,0,Tønsberg,VYG:Line:RE11,Eidsvoll-Oslo S-Skien,RE11,rail,VYG:ServiceJourney:BUS-804_654203-R,False,planned,False,,,,,2026-09-05T08:24:10.398942+02:00
NSR:StopPlace:58874,Stokke stasjon,2026-09-05T08:31:00+02:00,2026-09-05T08:31:00+02:00,,0.0,0,Drammen,VYG:Line:RE11,Eidsvoll-Oslo S-Skien,RE11,rail,VYG:ServiceJourney:BUS-808_654241-R,False,planned,False,,,,,2026-09-05T08:24:10.398942+02:00
NSR:StopPlace:58874,Stokke stasjon,2026-09-05T08:31:00+02:00,2026-09-05T08:31:00+02:00,,0.0,0,Tønsberg,VYG:Line:RE11,Eidsvoll-Oslo S-Skien,RE11,rail,VYG:ServiceJourney:BUS-808_654239-R,False,planned,False,,,,,2026-09-05T08:24:10.398942+02:00
NSR:StopPlace:58874,Stokke stasjon,2026-09-05T08:31:00+02:00,2026-09-05T08:31:00+02:00,,0.0,0,Sande,VYG:Line:RE11,Eidsvoll-Oslo S-Skien,RE11,rail,VYG:ServiceJourney:BUS-808_654240-R,False,planned,False,,,,,2026-09-05T08:24:10.398942+02:00
NSR:StopPlace:58874,Stokke stasjon,2026-09-05T08:52:00+02:00,2026-09-05T08:52:00+02:00,,0.0,0,Tønsberg,VKT:Line:520,Tønsberg-Stokke,520,bus,VKT:ServiceJourney:17332,False,planned,False,,,,,2026-09-05T08:24:10.398942+02:00
NSR:StopPlace:58874,Stokke stasjon,2026-09-05T09:07:00+02:00,2026-09-05T09:07:00+02:00,,0.0,0,Sørby,VKT:Line:520,Tønsberg-Stokke,520,bus,VKT:ServiceJourney:17259,False,planned,False,,,,,2026-09-05T08:24:10.398942+02:00
NSR:StopPlace:58874,Stokke stasjon,2026-09-05T09:22:00+02:00,2026-09-05T09:22:00+02:00,,0.0,0,Tønsberg,VKT:Line:520,Tønsberg-Stokke,520,bus,VKT:ServiceJourney:17333,False,planned,False,,,,,2026-09-05T08:24:10.398942+02:00
NSR:StopPlace:58875,Torp stasjon,2026-09-05T05:51:00+02:00,2026-09-05T05:51:00+02:00,,0.0,0,Eidsvoll,VYG:Line:RE11,Eidsvoll-Oslo S-Skien,RE11,rail,VYG:ServiceJourney:90804_654932-R,False,planned,False,,,,,2026-09-05T08:24:10.398942+02:00
NSR:StopPlace:58875,Torp stasjon,2026-09-05T05:55:00+02:00,2026-09-05T05:55:00+02:00,,0.0,0,Torp,VYX:Line:164,S174 Shuttle Sandefjord Lufthavn Torp,S174,bus,VYX:ServiceJourney:8eea60f0a9f14f409f891f5125312c9410ebef21,False,planned,False,Info S174,I retning Sandefjord lufthavn Torp vil S174 vente på tog som ankommer Torp stasjon.,general,normal,2026-09-05T08:24:10.398942+02:00
NSR:StopPlace:58875,Torp stasjon,2026-09-05T06:53:00+02:00,2026-09-05T06:53:00+02:00,,0.0,0,Torp,VYX:Line:164,S174 Shuttle Sandefjord Lufthavn Torp,S174,bus,VYX:ServiceJourney:09628dea8c64877ef66f2e2019c07eeed9bd03e0,False,planned,False,Info S174,I retning Sandefjord lufthavn Torp vil S174 vente på tog som ankommer Torp stasjon.,general,normal,2026-09-05T08:24:10.398942+02:00
NSR:StopPlace:58875,Torp stasjon,2026-09-05T07:13:00+02:00,2026-09-05T07:13:00+02:00,,0.0,0,Torp,VYX:Line:164,S174 Shuttle Sandefjord Lufthavn Torp,S174,bus,VYX:ServiceJourney:350c6087d25f30ccb88289bfe785e7aa040d7b10,False,planned,False,Info S174,I retning Sandefjord lufthavn Torp vil S174 vente på tog som ankommer Torp stasjon.,general,normal,2026-09-05T08:24:10.398942+02:00
NSR:StopPlace:58875,Torp stasjon,2026-09-05T07:55:00+02:00,2026-09-05T07:55:00+02:00,,0.0,0,Torp,VYX:Line:164,S174 Shuttle Sandefjord Lufthavn Torp,S174,bus,VYX:ServiceJourney:cd8036fb2200c843377124c7273012aa155460af,False,planned,False,Info S174,I retning Sandefjord lufthavn Torp vil S174 vente på tog som ankommer Torp stasjon.,general,normal,2026-09-05T08:24:10.398942+02:00
NSR:StopPlace:58875,Torp stasjon,2026-09-05T08:16:00+02:00,2026-09-05T08:16:00+02:00,,0.0,0,Torp,VYX:Line:164,S174 Shuttle Sandefjord Lufthavn Torp,S174,bus,VYX:ServiceJourney:d89394280146464573f89a85864accff5b6aaaf8,False,planned,False,Info S174,I retning Sandefjord lufthavn Torp vil S174 vente på tog som ankommer Torp stasjon.,general,normal,2026-09-05T08:24:10.398942+02:00
NSR:StopPlace:58875,Torp stasjon,2026-09-05T08:55:00+02:00,2026-09-05T08:55:00+02:00,,0.0,0,Torp,VYX:Line:164,S174 Shuttle Sandefjord Lufthavn Torp,S174,bus,VYX:ServiceJourney:f6329ae4584669fe68628bfddbed2d8aa47aeea9,False,planned,False,Info S174,I retning Sandefjord lufthavn Torp vil S174 vente på tog som ankommer Torp stasjon.,general,normal,2026-09-05T08:24:10.398942+02:00
NSR:StopPlace:58875,Torp stasjon,2026-09-05T09:16:00+02:00,2026-09-05T09:16:00+02:00,,0.0,0,Torp,VYX:Line:164,S174 Shuttle Sandefjord Lufthavn Torp,S174,bus,VYX:ServiceJourney:7c45e9d46b7b8570d69ed1316304b3e3e279cf32,False,planned,False,Info S174,I retning Sandefjord lufthavn Torp vil S174 vente på tog som ankommer Torp stasjon.,general,normal,2026-09-05T08:24:10.398942+02:00
NSR:StopPlace:58876,Tønsberg stasjon,2026-09-05T06:08:00+02:00,2026-09-05T06:08:00+02:00,,0.0,0,Drammen,VYG:Line:RE11,Eidsvoll-Oslo S-Skien,RE11,rail,VYG:ServiceJourney:BUS-804_654208-R,False,planned,False,,,,,2026-09-05T08:24:10.398942+02:00
NSR:StopPlace:58876,Tønsberg stasjon,2026-09-05T06:21:00+02:00,2026-09-05T06:21:00+02:00,,0.0,0,Drammen,VYG:Line:RE11,Eidsvoll-Oslo S-Skien,RE11,rail,VYG:ServiceJourney:BUS-804_654206-R,False,planned,False,,,,,2026-09-05T08:24:10.398942+02:00
NSR:StopPlace:58876,Tønsberg stasjon,2026-09-05T07:07:00+02:00,2026-09-05T07:07:00+02:00,,0.0,0,Drammen,VYG:Line:RE11,Eidsvoll-Oslo S-Skien,RE11,rail,VYG:ServiceJourney:BUS-806_654223-R,False,planned,False,,,,,2026-09-05T08:24:10.398942+02:00
NSR:StopPlace:58876,Tønsberg stasjon,2026-09-05T07:25:00+02:00,2026-09-05T07:25:00+02:00,,0.0,0,Skoppum,VYG:Line:RE11,Eidsvoll-Oslo S-Skien,RE11,rail,VYG:ServiceJourney:BUS-806_654226-R,False,planned,False,,,,,2026-09-05T08:24:10.398942+02:00
NSR:StopPlace:58876,Tønsberg stasjon,2026-09-05T08:02:00+02:00,2026-09-05T08:02:00+02:00,,0.0,0,Stokke,VYG:Line:RE11,Eidsvoll-Oslo S-Skien,RE11,rail,VYG:ServiceJourney:BUS-805_654218-R,False,planned,False,,,,,2026-09-05T08:24:10.398942+02:00
NSR:StopPlace:58876,Tønsberg stasjon,2026-09-05T08:08:00+02:00,2026-09-05T08:08:00+02:00,,0.0,0,Drammen,VYG:Line:RE11,Eidsvoll-Oslo S-Skien,RE11,rail,VYG:ServiceJourney:BUS-808_654236-R,False,planned,False,,,,,2026-09-05T08:24:10.398942+02:00
NSR:StopPlace:58876,Tønsberg stasjon,2026-09-05T08:36:00+02:00,2026-09-05T08:36:00+02:00,,0.0,0,Stokke - Sørby,VKT:Line:520,Tønsberg-Stokke,520,bus,VKT:ServiceJourney:17259,False,planned,False,,,,,2026-09-05T08:24:10.398942+02:00
NSR:StopPlace:58876,Tønsberg stasjon,2026-09-05T08:56:00+02:00,2026-09-05T08:56:00+02:00,,0.0,0,Skoppum,VYG:Line:RE11,Eidsvoll-Oslo S-Skien,RE11,rail,VYG:ServiceJourney:BUS-808_654242-R,False,planned,False,,,,,2026-09-05T08:24:10.398942+02:00
NSR:StopPlace:58876,Tønsberg stasjon,2026-09-05T08:58:00+02:00,2026-09-05T08:58:00+02:00,,0.0,0,Tønsberg-Sandeåsen,VKT:Line:59,Barkåker-Tønsberg-Sandeåsen,59,bus,VKT:ServiceJourney:16050,False,planned,False,,,,,2026-09-05T08:24:10.398942+02:00
NSR:StopPlace:58876,Tønsberg stasjon,2026-09-05T09:02:00+02:00,2026-09-05T09:02:00+02:00,,0.0,0,Stokke,VYG:Line:RE11,Eidsvoll-Oslo S-Skien,RE11,rail,VYG:ServiceJourney:BUS-807_654234-R,False,planned,False,,,,,2026-09-05T08:24:10.398942+02:00
NSR:StopPlace:58876,Tønsberg stasjon,2026-09-05T09:03:00+02:00,2026-09-05T09:03:00+02:00,,0.0,0,Tønsberg,VKT:Line:500,Tønsberg-Revetal-Bergsåsen,500,bus,VKT:ServiceJourney:17068,False,planned,False,Kan oppstå forsinkelser ,Pga. veiarbeid langs Bispeveien kan det oppstå forsinkelser. Vi beklager dette. ,incident,normal,2026-09-05T08:24:10.398942+02:00
NSR:StopPlace:58876,Tønsberg stasjon,2026-09-05T09:06:00+02:00,2026-09-05T09:06:00+02:00,,0.0,0,Stokke - Sørby,VKT:Line:520,Tønsberg-Stokke,520,bus,VKT:ServiceJourney:17260,False,planned,False,,,,,2026-09-05T08:24:10.398942+02:00
NSR:StopPlace:58876,Tønsberg stasjon,2026-09-05T09:08:00+02:00,2026-09-05T09:08:00+02:00,,0.0,0,Drammen,VYG:Line:RE11,Eidsvoll-Oslo S-Skien,RE11,rail,VYG:ServiceJourney:BUS-810_654253-R,False,planned,False,,,,,2026-09-05T08:24:10.398942+02:00
NSR:StopPlace:58876,Tønsberg stasjon,2026-09-05T09:08:00+02:00,2026-09-05T09:08:00+02:00,,0.0,0,Drammen,VYG:Line:RE11,Eidsvoll-Oslo S-Skien,RE11,rail,VYG:ServiceJourney:BUS-810_654252-R,False,planned,False,,,,,2026-09-05T08:24:10.398942+02:00
NSR:StopPlace:58876,Tønsberg stasjon,2026-09-05T09:08:00+02:00,2026-09-05T09:08:00+02:00,,0.0,0,Drammen,VYG:Line:RE11,Eidsvoll-Oslo S-Skien,RE11,rail,VYG:ServiceJourney:BUS-810_654251-R,False,planned,False,,,,,2026-09-05T08:24:10.398942+02:00
NSR:StopPlace:58876,Tønsberg stasjon,2026-09-05T09:11:00+02:00,2026-09-05T09:11:00+02:00,,0.0,0,Revetal-Bergsåsen,VKT:Line:500,Tønsberg-Revetal-Bergsåsen,500,bus,VKT:ServiceJourney:17034,False,planned,False,Kan oppstå forsinkelser ,Pga. veiarbeid langs Bispeveien kan det oppstå forsinkelser. Vi beklager dette. ,incident,normal,2026-09-05T08:24:10.398942+02:00
NSR:StopPlace:58876,Tønsberg stasjon,2026-09-05T09:23:00+02:00,2026-09-05T09:23:00+02:00,,0.0,0,Tønsberg,VKT:Line:520,Tønsberg-Stokke,520,bus,VKT:ServiceJourney:17332,False,planned,False,,,,,2026-09-05T08:24:10.398942+02:00
NSR:StopPlace:58877,Bø stasjon,2026-09-05T09:24:00+02:00,2026-09-05T09:24:00+02:00,,0.0,0,Moi,GOA:Line:50,Sørtoget region,F5,rail,GOA:ServiceJourney:707-LOD_73726-R,False,planned,False,,,,,2026-09-05T08:24:10.398942+02:00
NSR:StopPlace:58878,Drangedal stasjon,2026-09-05T09:20:00+02:00,2026-09-05T09:20:00+02:00,,0.0,0,Porsgrunn-Skien,TEL:Line:8601,Drangedal-Porsgrunn-Skien,601,bus,TEL:ServiceJourney:116380,False,planned,False,,,,,2026-09-05T08:24:10.398942+02:00
NSR:StopPlace:58878,Drangedal stasjon,2026-09-05T09:20:00+02:00,2026-09-05T09:20:00+02:00,,0.0,0,Kragerø,TEL:Line:8607,Drangedal-Kragerø,607,bus,TEL:ServiceJourney:116259,False,planned,False,,,,,2026-09-05T08:24:10.398942+02:00
NSR:StopPlace:58870,Holmestrand stasjon,2026-09-05T06:39:00+02:00,2026-09-05T06:39:00+02:00,,0.0,0,Skoppum,VYG:Line:RE11,Eidsvoll-Oslo S-Skien,RE11,rail,VYG:ServiceJourney:BUS-883_654496-R,False,planned,False,,,,,2026-09-05T08:24:10.398942+02:00
NSR:StopPlace:58870,Holmestrand stasjon,2026-09-05T06:41:00+02:00,2026-09-05T06:41:00+02:00,,0.0,0,Drammen,VYG:Line:RE11,Eidsvoll-Oslo S-Skien,RE11,rail,VYG:ServiceJourney:BUS-804_654208-R,False,planned,False,,,,,2026-09-05T08:24:10.398942+02:00
NSR:StopPlace:58870,Holmestrand stasjon,2026-09-05T06:58:00+02:00,2026-09-05T06:58:00+02:00,,0.0,0,Skoppum,VYG:Line:RE11,Eidsvoll-Oslo S-Skien,RE11,rail,VYG:ServiceJourney:BUS-883_654492-R,False,planned,False,,,,,2026-09-05T08:24:10.398942+02:00
NSR:StopPlace:58870,Holmestrand stasjon,2026-09-05T07:39:00+02:00,2026-09-05T07:39:00+02:00,,0.0,0,Skoppum,VYG:Line:RE11,Eidsvoll-Oslo S-Skien,RE11,rail,VYG:ServiceJourney:BUS-805_654216-R,False,planned,False,,,,,2026-09-05T08:24:10.398942+02:00
NSR:StopPlace:58870,Holmestrand stasjon,2026-09-05T08:38:00+02:00,2026-09-05T08:38:00+02:00,,0.0,0,Drammen,VYG:Line:RE11,Eidsvoll-Oslo S-Skien,RE11,rail,VYG:ServiceJourney:BUS-808_654238-R,False,planned,False,,,,,2026-09-05T08:24:10.398942+02:00
NSR:StopPlace:58870,Holmestrand stasjon,2026-09-05T08:39:00+02:00,2026-09-05T08:39:00+02:00,,0.0,0,Skoppum,VYG:Line:RE11,Eidsvoll-Oslo S-Skien,RE11,rail,VYG:ServiceJourney:BUS-807_654232-R,False,planned,False,,,,,2026-09-05T08:24:10.398942+02:00
NSR:StopPlace:58870,Holmestrand stasjon,2026-09-05T08:41:00+02:00,2026-09-05T08:41:00+02:00,,0.0,0,Drammen,VYG:Line:RE11,Eidsvoll-Oslo S-Skien,RE11,rail,VYG:ServiceJourney:BUS-808_654236-R,False,planned,False,,,,,2026-09-05T08:24:10.398942+02:00
NSR:StopPlace:58870,Holmestrand stasjon,2026-09-05T08:45:00+02:00,2026-09-05T08:45:00+02:00,,0.0,0,Horten-Tønsberg,VKT:Line:2,Tjøme-Tønsberg-Horten-Holmestr,2,bus,VKT:ServiceJourney:15869,False,planned,False,Forsinkelser Linje 2 og 411,Pga. veiarbeid i Horten sentrum vil det kunne oppstå forsinkelser på busser i tidsrommet 3.-11. september. ,incident,normal,2026-09-05T08:24:10.398942+02:00
NSR:StopPlace:58870,Holmestrand stasjon,2026-09-05T08:58:00+02:00,2026-09-05T08:58:00+02:00,,0.0,0,Skoppum,VYG:Line:RE11,Eidsvoll-Oslo S-Skien,RE11,rail,VYG:ServiceJourney:BUS-807_654228-R,False,planned,False,,,,,2026-09-05T08:24:10.398942+02:00
NSR:StopPlace:58870,Holmestrand stasjon,2026-09-05T09:10:00+02:00,2026-09-05T09:10:00+02:00,,0.0,0,Hvitstein-Gullhaug,VKT:Line:31,Gullhaug-Kleiverud-Holmestrand,31,bus,VKT:ServiceJourney:14990,False,planned,False,,,,,2026-09-05T08:24:10.398942+02:00
NSR:StopPlace:58871,Sande stasjon,2026-09-05T06:43:00+02:00,2026-09-05T06:43:00+02:00,,0.0,0,Skoppum,VYG:Line:RE11,Eidsvoll-Oslo S-Skien,RE11,rail,VYG:ServiceJourney:BUS-883_654492-R,False,planned,False,,,,,2026-09-05T08:24:10.398942+02:00
NSR:StopPlace:58871,Sande stasjon,2026-09-05T06:56:00+02:00,2026-09-05T06:56:00+02:00,,0.0,0,Drammen,VYG:Line:RE11,Eidsvoll-Oslo S-Skien,RE11,rail,VYG:ServiceJourney:BUS-804_654208-R,False,planned,False,,,,,2026-09-05T08:24:10.398942+02:00
NSR:StopPlace:58871,Sande stasjon,2026-09-05T08:43:00+02:00,2026-09-05T08:43:00+02:00,,0.0,0,Skoppum,VYG:Line:RE11,Eidsvoll-Oslo S-Skien,RE11,rail,VYG:ServiceJourney:BUS-807_654228-R,False,planned,False,,,,,2026-09-05T08:24:10.398942+02:00
NSR:StopPlace:58871,Sande stasjon,2026-09-05T08:53:00+02:00,2026-09-05T08:53:00+02:00,,0.0,0,Drammen,VYG:Line:RE11,Eidsvoll-Oslo S-Skien,RE11,rail,VYG:ServiceJourney:BUS-808_654238-R,False,planned,False,,,,,2026-09-05T08:24:10.398942+02:00
NSR:StopPlace:58871,Sande stasjon,2026-09-05T08:56:00+02:00,2026-09-05T08:56:00+02:00,,0.0,0,Drammen,VYG:Line:RE11,Eidsvoll-Oslo S-Skien,RE11,rail,VYG:ServiceJourney:BUS-808_654236-R,False,planned,False,,,,,2026-09-05T08:24:10.398942+02:00
NSR:StopPlace:58871,Sande stasjon,2026-09-05T09:20:00+02:00,2026-09-05T09:20:00+02:00,,0.0,0,Stokke,VYG:Line:RE11,Eidsvoll-Oslo S-Skien,RE11,rail,VYG:ServiceJourney:BUS-809_654243-R,False,planned,False,,,,,2026-09-05T08:24:10.398942+02:00
NSR:StopPlace:58871,Sande stasjon,2026-09-05T09:22:00+02:00,2026-09-05T09:22:00+02:00,,0.0,0,Skoger-Drammen,VKT:Line:10,Drammen-Skoger-Sande,10,bus,VKT:ServiceJourney:104221,False,planned,False,,,,,2026-09-05T08:24:10.398942+02:00
NSR:StopPlace:58872,Sandefjord stasjon,2026-09-05T05:47:00+02:00,2026-09-05T05:47:00+02:00,,0.0,0,Eidsvoll,VYG:Line:RE11,Eidsvoll-Oslo S-Skien,RE11,rail,VYG:ServiceJourney:90804_654932-R,False,planned,False,,,,,2026-09-05T08:24:10.398942+02:00
NSR:StopPlace:58873,Skoppum stasjon,2026-09-05T08:18:00+02:00,2026-09-05T08:18:00+02:00,,0.0,0,Drammen,VYG:Line:RE11,Eidsvoll-Oslo S-Skien,RE11,rail,VYG:ServiceJourney:BUS-808_654238-R,False,planned,False,,,,,2026-09-05T08:24:10.398942+02:00
NSR:StopPlace:58873,Skoppum stasjon,2026-09-05T08:41:00+02:00,2026-09-05T08:41:00+02:00,,0.0,0,Stokke,VYG:Line:RE11,Eidsvoll-Oslo S-Skien,RE11,rail,VYG:ServiceJourney:BUS-807_654233-R,False,planned,False,,,,,2026-09-05T08:24:10.398942+02:00
NSR:StopPlace:58873,Skoppum stasjon,2026-09-05T09:00:00+02:00,2026-09-05T09:00:00+02:00,,0.0,0,Holtandalen-Horten,VKT:Line:40,Horten-Holtandalen-Skoppum,40,bus,VKT:ServiceJourney:17449,False,planned,False,,,,,2026-09-05T08:24:10.398942+02:00
NSR:StopPlace:58873,Skoppum stasjon,2026-09-05T09:18:00+02:00,2026-09-05T09:18:00+02:00,,0.0,0,Drammen,VYG:Line:RE11,Eidsvoll-Oslo S-Skien,RE11,rail,VYG:ServiceJourney:BUS-810_654254-R,False,planned,False,,,,,2026-09-05T08:24:10.398942+02:00
NSR:StopPlace:58886,Arendal stasjon,2026-09-05T09:07:00+02:00,2026-09-05T09:07:00+02:00,,0.0,0,Grimstad via Arendal sentrum,AKT:Line:101,Eydehavn-Arendal-Grimstad N/S,101,bus,AKT:ServiceJourney:71782_561_89_63600_67980_40000971,False,planned,False,,,,,2026-09-05T08:24:10.398942+02:00
NSR:StopPlace:58888,Blakstad stasjon,2026-09-05T09:20:00+02:00,2026-09-05T09:20:00+02:00,,0.0,0,Arendal,GOA:Line:53,Sørtoget lokal,R50,rail,GOA:ServiceJourney:2065_63018-R,False,planned,False,,,,,2026-09-05T08:24:10.398942+02:00
NSR:StopPlace:58882,Nordagutu stasjon,2026-09-05T09:09:00+02:00,2026-09-05T09:09:00+02:00,,0.0,0,Moi,GOA:Line:50,Sørtoget region,F5,rail,GOA:ServiceJourney:707-LOD_73726-R,False,planned,False,,,,,2026-09-05T08:24:10.398942+02:00
NSR:StopPlace:58884,Skien stasjon,2026-09-05T05:10:00+02:00,2026-09-05T05:10:00+02:00,,0.0,0,Eidsvoll,VYG:Line:RE11,Eidsvoll-Oslo S-Skien,RE11,rail,VYG:ServiceJourney:90804_654932-R,False,planned,False,,,,,2026-09-05T08:24:10.398942+02:00
NSR:StopPlace:58884,Skien stasjon,2026-09-05T08:58:00+02:00,2026-09-05T08:58:00+02:00,,0.0,0,Åfoss via Skien sentrum,TEL:Line:8047,Siljan-Skien-Åfoss,P7,bus,TEL:ServiceJourney:117582,False,planned,False,,,,,2026-09-05T08:24:10.398942+02:00
NSR:StopPlace:58884,Skien stasjon,2026-09-05T09:16:00+02:00,2026-09-05T09:16:00+02:00,,0.0,0,Skjelsvik via Klyve-Kongerød,TEL:Line:8043,Skien-Klyve-Skjelsvik,M3,bus,TEL:ServiceJourney:117397,False,planned,False,,,,,2026-09-05T08:24:10.398942+02:00
NSR:StopPlace:58884,Skien stasjon,2026-09-05T09:20:00+02:00,2026-09-05T09:20:00+02:00,,0.0,0,Bø stasjon,TEL:Line:8181,Seljord-Bø-Skien,R1,bus,TEL:ServiceJourney:117272,False,planned,False,,,,,2026-09-05T08:24:10.398942+02:00
NSR:StopPlace:58890,Nelaug stasjon,2026-09-05T09:00:00+02:00,2026-09-05T09:00:00+02:00,,0.0,0,Arendal,GOA:Line:53,Sørtoget lokal,R50,rail,GOA:ServiceJourney:2065_63018-R,False,planned,False,,,,,2026-09-05T08:24:10.398942+02:00
NSR:StopPlace:58801,Sarpsborg stasjon,2026-09-05T08:30:00+02:00,2026-09-05T08:30:00+02:00,,0.0,0,Sarpsborg-Kalnes,OST:Line:1_13,Kalnes - Blessom,13,bus,OST:ServiceJourney:13_260325121470821_605,False,planned,False,,,,,2026-09-05T08:24:10.398942+02:00
NSR:StopPlace:58801,Sarpsborg stasjon,2026-09-05T08:34:00+02:00,2026-09-05T08:34:00+02:00,,0.0,0,Opsund,OST:Line:1_134,Sarpsborg - Opsund,134,bus,OST:ServiceJourney:134_260325121470896_601,False,planned,False,,,,,2026-09-05T08:24:10.398942+02:00
NSR:StopPlace:58801,Sarpsborg stasjon,2026-09-05T08:41:00+02:00,2026-09-05T08:41:00+02:00,,0.0,0,Sarpsborg,OST:Line:1_134,Sarpsborg - Opsund,134,bus,OST:ServiceJourney:134_260325121470896_601,False,planned,False,,,,,2026-09-05T08:24:10.398942+02:00
NSR:StopPlace:58801,Sarpsborg stasjon,2026-09-05T09:13:00+02:00,2026-09-05T09:13:00+02:00,,0.0,0,Blessom,OST:Line:1_13,Kalnes - Blessom,13,bus,OST:ServiceJourney:13_260325121470822_606,False,planned,False,,,,,2026-09-05T08:24:10.398942+02:00
NSR:StopPlace:58808,Kongsvinger stasjon,2026-09-05T08:57:00+02:00,2026-09-05T08:57:00+02:00,,0.0,0,Karlstad-Stockholm,SJV:Line:cfac9102-49ef-476c-8663-a6d468ee4f36,Stockholm-Hallsberg-Karlstad-Oslo,70,rail,SJV:ServiceJourney:6bcdad44-579c-4040-a6ec-639bc3e56953,False,planned,False,,,,,2026-09-05T08:24:10.398942+02:00
NSR:StopPlace:58808,Kongsvinger stasjon,2026-09-05T08:58:00+02:00,2026-09-05T08:58:00+02:00,,0.0,0,Rasta - Vennersberg,INN:Line:81,Bogeråsen - Rasta,B81,bus,INN:ServiceJourney:54331,False,planned,False,,,,,2026-09-05T08:24:10.398942+02:00
NSR:StopPlace:58810,Løten stasjon,2026-09-05T08:36:00+02:00,2026-09-05T08:36:00+02:00,,0.0,0,Hamar - Brumunddal,INN:Line:26,Brumunddal - Hamar - Løten,B26,bus,INN:ServiceJourney:54060,False,planned,False,Holdeplass midlertidig stengt,,incident,normal,2026-09-05T08:24:10.398942+02:00
NSR:StopPlace:58815,Bleiken stasjon,2026-09-05T08:55:00+02:00,2026-09-05T08:55:00+02:00,,0.0,0,Roa,VYG:Line:R31,Skøyen-Jaren-Gjøvik,R31,rail,VYG:ServiceJourney:BUS-210_655145-R,False,planned,False,,,,,2026-09-05T08:24:10.398942+02:00
NSR:StopPlace:58817,Eina stasjon,2026-09-05T08:41:00+02:00,2026-09-05T08:41:00+02:00,,0.0,0,Gjøvik,VYG:Line:R31,Skøyen-Jaren-Gjøvik,R31,rail,VYG:ServiceJourney:BUS-205_655095-R,False,planned,False,,,,,2026-09-05T08:24:10.398942+02:00
NSR:StopPlace:58818,Gran stasjon,2026-09-05T05:16:00+02:00,2026-09-05T05:16:00+02:00,,0.0,0,Roa,VYG:Line:R31,Skøyen-Jaren-Gjøvik,R31,rail,VYG:ServiceJourney:BUS-202_655078-R,False,planned,False,,,,,2026-09-05T08:24:10.398942+02:00
NSR:StopPlace:58818,Gran stasjon,2026-09-05T08:07:00+02:00,2026-09-05T08:07:00+02:00,,0.0,0,Gjøvik,VYG:Line:R31,Skøyen-Jaren-Gjøvik,R31,rail,VYG:ServiceJourney:BUS-205_655095-R,False,planned,False,,,,,2026-09-05T08:24:10.398942+02:00
NSR:StopPlace:58818,Gran stasjon,2026-09-05T08:44:00+02:00,2026-09-05T08:44:00+02:00,,0.0,0,Bleiken,VYG:Line:R31,Skøyen-Jaren-Gjøvik,R31,rail,VYG:ServiceJourney:BUS-205_655099-R,False,planned,False,,,,,2026-09-05T08:24:10.398942+02:00
NSR:StopPlace:58818,Gran stasjon,2026-09-05T09:15:00+02:00,2026-09-05T09:15:00+02:00,,0.0,0,Roa,VYG:Line:R31,Skøyen-Jaren-Gjøvik,R31,rail,VYG:ServiceJourney:BUS-210_655145-R,False,planned,False,,,,,2026-09-05T08:24:10.398942+02:00
NSR:StopPlace:58819,Grua stasjon,2026-09-05T07:43:00+02:00,2026-09-05T07:43:00+02:00,,0.0,0,Oslo S,VYG:Line:R31,Skøyen-Jaren-Gjøvik,R31,rail,VYG:ServiceJourney:BUS-206_655108-R,False,planned,False,,,,,2026-09-05T08:24:10.398942+02:00
NSR:StopPlace:58819,Grua stasjon,2026-09-05T08:43:00+02:00,2026-09-05T08:43:00+02:00,,0.0,0,Oslo S,VYG:Line:R31,Skøyen-Jaren-Gjøvik,R31,rail,VYG:ServiceJourney:BUS-208_655127-R,False,planned,False,,,,,2026-09-05T08:24:10.398942+02:00
NSR:StopPlace:58819,Grua stasjon,2026-09-05T09:15:00+02:00,2026-09-05T09:15:00+02:00,,0.0,0,Gjøvik,VYG:Line:R31,Skøyen-Jaren-Gjøvik,R31,rail,VYG:ServiceJourney:BUS-207_655115-R,False,planned,False,,,,,2026-09-05T08:24:10.398942+02:00
NSR:StopPlace:58820,Harestua stasjon,2026-09-05T07:56:00+02:00,2026-09-05T07:56:00+02:00,,0.0,0,Oslo S,VYG:Line:R31,Skøyen-Jaren-Gjøvik,R31,rail,VYG:ServiceJourney:BUS-206_655108-R,False,planned,False,,,,,2026-09-05T08:24:10.398942+02:00
NSR:StopPlace:58820,Harestua stasjon,2026-09-05T08:56:00+02:00,2026-09-05T08:56:00+02:00,,0.0,0,Oslo S,VYG:Line:R31,Skøyen-Jaren-Gjøvik,R31,rail,VYG:ServiceJourney:BUS-208_655127-R,False,planned,False,,,,,2026-09-05T08:24:10.398942+02:00
NSR:StopPlace:58820,Harestua stasjon,2026-09-05T09:05:00+02:00,2026-09-05T09:05:00+02:00,,0.0,0,Gjøvik,VYG:Line:R31,Skøyen-Jaren-Gjøvik,R31,rail,VYG:ServiceJourney:BUS-207_655115-R,False,planned,False,,,,,2026-09-05T08:24:10.398942+02:00
NSR:StopPlace:58823,Jaren stasjon,2026-09-05T05:10:00+02:00,2026-09-05T05:10:00+02:00,,0.0,0,Roa,VYG:Line:R31,Skøyen-Jaren-Gjøvik,R31,rail,VYG:ServiceJourney:BUS-202_655078-R,False,planned,False,,,,,2026-09-05T08:24:10.398942+02:00
NSR:StopPlace:58823,Jaren stasjon,2026-09-05T08:12:00+02:00,2026-09-05T08:12:00+02:00,,0.0,0,Gjøvik,VYG:Line:R31,Skøyen-Jaren-Gjøvik,R31,rail,VYG:ServiceJourney:BUS-205_655095-R,False,planned,False,,,,,2026-09-05T08:24:10.398942+02:00
NSR:StopPlace:58823,Jaren stasjon,2026-09-05T08:59:00+02:00,2026-09-05T08:59:00+02:00,,0.0,0,Bleiken,VYG:Line:R31,Skøyen-Jaren-Gjøvik,R31,rail,VYG:ServiceJourney:BUS-205_655099-R,False,planned,False,,,,,2026-09-05T08:24:10.398942+02:00
NSR:StopPlace:58823,Jaren stasjon,2026-09-05T09:10:00+02:00,2026-09-05T09:10:00+02:00,,0.0,0,Bleiken,VYG:Line:R31,Skøyen-Jaren-Gjøvik,R31,rail,VYG:ServiceJourney:BUS-210_655146-R,False,planned,False,,,,,2026-09-05T08:24:10.398942+02:00
NSR:StopPlace:58823,Jaren stasjon,2026-09-05T09:10:00+02:00,2026-09-05T09:10:00+02:00,,0.0,0,Roa,VYG:Line:R31,Skøyen-Jaren-Gjøvik,R31,rail,VYG:ServiceJourney:BUS-210_655145-R,False,planned,False,,,,,2026-09-05T08:24:10.398942+02:00
NSR:StopPlace:58823,Jaren stasjon,2026-09-05T09:10:00+02:00,2026-09-05T09:10:00+02:00,,0.0,0,Oslo S,VYG:Line:R31,Skøyen-Jaren-Gjøvik,R31,rail,VYG:ServiceJourney:BUS-210_655147-R,False,planned,False,,,,,2026-09-05T08:24:10.398942+02:00
NSR:StopPlace:58824,Lunner stasjon,2026-09-05T05:24:00+02:00,2026-09-05T05:24:00+02:00,,0.0,0,Roa,VYG:Line:R31,Skøyen-Jaren-Gjøvik,R31,rail,VYG:ServiceJourney:BUS-202_655078-R,False,planned,False,,,,,2026-09-05T08:24:10.398942+02:00
NSR:StopPlace:58824,Lunner stasjon,2026-09-05T08:35:00+02:00,2026-09-05T08:35:00+02:00,,0.0,0,Bleiken,VYG:Line:R31,Skøyen-Jaren-Gjøvik,R31,rail,VYG:ServiceJourney:BUS-205_655099-R,False,planned,False,,,,,2026-09-05T08:24:10.398942+02:00
NSR:StopPlace:58824,Lunner stasjon,2026-09-05T09:23:00+02:00,2026-09-05T09:23:00+02:00,,0.0,0,Roa,VYG:Line:R31,Skøyen-Jaren-Gjøvik,R31,rail,VYG:ServiceJourney:BUS-210_655145-R,False,planned,False,,,,,2026-09-05T08:24:10.398942+02:00
NSR:StopPlace:58825,Raufoss stasjon,2026-09-05T08:55:00+02:00,2026-09-05T08:55:00+02:00,,0.0,0,Gjøvik,VYG:Line:R31,Skøyen-Jaren-Gjøvik,R31,rail,VYG:ServiceJourney:BUS-205_655095-R,False,planned,False,,,,,2026-09-05T08:24:10.398942+02:00
NSR:StopPlace:58825,Raufoss stasjon,2026-09-05T09:23:00+02:00,2026-09-05T09:23:00+02:00,,0.0,0,Oslo S,VYG:Line:R31,Skøyen-Jaren-Gjøvik,R31,rail,VYG:ServiceJourney:BUS-212_655167-R,False,planned,False,,,,,2026-09-05T08:24:10.398942+02:00
NSR:StopPlace:58828,Roa stasjon,2026-09-05T07:36:00+02:00,2026-09-05T07:36:00+02:00,,0.0,0,Oslo S,VYG:Line:R31,Skøyen-Jaren-Gjøvik,R31,rail,VYG:ServiceJourney:BUS-206_655108-R,False,planned,False,,,,,2026-09-05T08:24:10.398942+02:00
NSR:StopPlace:58828,Roa stasjon,2026-09-05T08:28:00+02:00,2026-09-05T08:28:00+02:00,,0.0,0,Bleiken,VYG:Line:R31,Skøyen-Jaren-Gjøvik,R31,rail,VYG:ServiceJourney:BUS-205_655099-R,False,planned,False,,,,,2026-09-05T08:24:10.398942+02:00
NSR:StopPlace:58828,Roa stasjon,2026-09-05T08:36:00+02:00,2026-09-05T08:36:00+02:00,,0.0,0,Oslo S,VYG:Line:R31,Skøyen-Jaren-Gjøvik,R31,rail,VYG:ServiceJourney:BUS-208_655127-R,False,planned,False,,,,,2026-09-05T08:24:10.398942+02:00
NSR:StopPlace:58828,Roa stasjon,2026-09-05T08:40:00+02:00,2026-09-05T08:40:00+02:00,,0.0,0,Lunner,VYG:Line:R31,Skøyen-Jaren-Gjøvik,R31,rail,VYG:ServiceJourney:BUS-205_655100-R,False,planned,False,,,,,2026-09-05T08:24:10.398942+02:00
NSR:StopPlace:58828,Roa stasjon,2026-09-05T09:21:00+02:00,2026-09-05T09:21:00+02:00,,0.0,0,Gjøvik,VYG:Line:R31,Skøyen-Jaren-Gjøvik,R31,rail,VYG:ServiceJourney:BUS-207_655115-R,False,planned,False,,,,,2026-09-05T08:24:10.398942+02:00
NSR:StopPlace:58829,Stryken stasjon,2026-09-05T08:57:00+02:00,2026-09-05T08:57:00+02:00,,0.0,0,Gjøvik,VYG:Line:R31,Skøyen-Jaren-Gjøvik,R31,rail,VYG:ServiceJourney:BUS-207_655115-R,False,planned,False,,,,,2026-09-05T08:24:10.398942+02:00
NSR:StopPlace:63079,Skeiane stasjon,2026-09-05T09:12:00+02:00,2026-09-05T09:12:00+02:00,,0.0,0,Egersund,GOA:Line:59,Jærbanen,L5,rail,GOA:ServiceJourney:3020_63052-R,False,planned,False,,,,,2026-09-05T08:24:10.398942+02:00
NSR:StopPlace:63194,Mölndal station,2026-09-05T06:57:00+02:00,2026-09-05T06:57:00+02:00,,0.0,0,Göteborg C,SAM:Line:9011012080400000,Ø Göteborg-Halmstad-Helsingborg-Malmö-Købe,,rail,SAM:ServiceJourney:121120000395305677,False,planned,False,,,,,2026-09-05T08:24:10.398942+02:00
NSR:StopPlace:63194,Mölndal station,2026-09-05T07:02:00+02:00,2026-09-05T07:02:00+02:00,,0.0,0,Halmstad C,SAM:Line:9011012080400000,Ø Göteborg-Halmstad-Helsingborg-Malmö-Købe,,rail,SAM:ServiceJourney:121120000395359996,False,planned,False,,,,,2026-09-05T08:24:10.398942+02:00
NSR:StopPlace:63194,Mölndal station,2026-09-05T07:57:00+02:00,2026-09-05T07:57:00+02:00,,0.0,0,Göteborg C,SAM:Line:9011012080400000,Ø Göteborg-Halmstad-Helsingborg-Malmö-Købe,,rail,SAM:ServiceJourney:121120000395360787,False,planned,False,,,,,2026-09-05T08:24:10.398942+02:00
NSR:StopPlace:63194,Mölndal station,2026-09-05T08:02:00+02:00,2026-09-05T08:02:00+02:00,,0.0,0,Halmstad C,SAM:Line:9011012080400000,Ø Göteborg-Halmstad-Helsingborg-Malmö-Købe,,rail,SAM:ServiceJourney:121120000395360011,False,planned,False,,,,,2026-09-05T08:24:10.398942+02:00
NSR:StopPlace:63194,Mölndal station,2026-09-05T08:57:00+02:00,2026-09-05T08:57:00+02:00,,0.0,0,Göteborg C,SAM:Line:9011012080400000,Ø Göteborg-Halmstad-Helsingborg-Malmö-Købe,,rail,SAM:ServiceJourney:121120000395361692,False,planned,False,,,,,2026-09-05T08:24:10.398942+02:00
NSR:StopPlace:63194,Mölndal station,2026-09-05T09:02:00+02:00,2026-09-05T09:02:00+02:00,,0.0,0,Halmstad C,SAM:Line:9011012080400000,Ø Göteborg-Halmstad-Helsingborg-Malmö-Købe,,rail,SAM:ServiceJourney:121120000395360026,False,planned,False,,,,,2026-09-05T08:24:10.398942+02:00
NSR:StopPlace:63676,Sundsvall Centralstation,2026-09-05T05:26:00+02:00,2026-09-05T05:26:00+02:00,,0.0,0,Stockholm,SJV:Line:8ca80b34-505a-4d76-b047-58b01590d0e1,Luleå-Stockholm ,Luleå-Stockholm ,rail,SJV:ServiceJourney:a5d49afa-0d54-4c88-aed3-161717bb597d,False,planned,False,,,,,2026-09-05T08:24:10.398942+02:00
NSR:StopPlace:63689,Sunderby sjukhus station,2026-09-05T06:31:00+02:00,2026-09-05T06:31:00+02:00,,0.0,0,Luleå,SJV:Line:0ff9f2b9-fbe5-4761-8a29-8813be35efaa,Stockholm-Narvik (-Luleå),,rail,SJV:ServiceJourney:0eabfad4-c61e-4fc3-8a75-7ebd11c5a873,False,planned,False,,,,,2026-09-05T08:24:10.398942+02:00
NSR:StopPlace:63618,Älvsbyn station,2026-09-05T05:13:00+02:00,2026-09-05T05:13:00+02:00,,0.0,0,Luleå,SJV:Line:0ff9f2b9-fbe5-4761-8a29-8813be35efaa,Stockholm-Narvik (-Luleå),,rail,SJV:ServiceJourney:0eabfad4-c61e-4fc3-8a75-7ebd11c5a873,False,planned,False,,,,,2026-09-05T08:24:10.398942+02:00
NSR:StopPlace:63705,Enköping station,2026-09-05T06:35:00+02:00,2026-09-05T06:35:00+02:00,,0.0,0,Karlstad,VYB:Line:26,850 Oslo - Arlanda - Stockholm,850,coach,VYB:ServiceJourney:f9ad7ea0bccae750dc44221801057dcc8c3d3aa8,False,planned,False,Enköping,Enköping stasjon.Bussen stopper ved pendlerparkeringen på Østra Järnvägsgatan.,general,normal,2026-09-05T08:24:10.398942+02:00
NSR:StopPlace:63705,Enköping station,2026-09-05T07:35:00+02:00,2026-09-05T07:35:00+02:00,,0.0,0,Örebro,VYB:Line:26,850 Oslo - Arlanda - Stockholm,850,coach,VYB:ServiceJourney:b22fa25366dacc1920f3085718755a318f1276df,False,planned,False,Enköping,Enköping stasjon.Bussen stopper ved pendlerparkeringen på Østra Järnvägsgatan.,general,normal,2026-09-05T08:24:10.398942+02:00
NSR:StopPlace:58211,Oslo lufthavn,2026-09-05T04:30:00+02:00,2026-09-05T04:30:00+02:00,,0.0,0,Oslo lufthavn,VYX:Line:98,S44 Shuttle Oslo lufthavn,S44,bus,VYX:ServiceJourney:fc5493de4f70cfdf9901f2ed9977493166854303,False,planned,False,,,,,2026-09-05T08:24:10.398942+02:00
NSR:StopPlace:58211,Oslo lufthavn,2026-09-05T04:35:00+02:00,2026-09-05T04:35:00+02:00,,0.0,0,Oslo lufthavn,VYX:Line:99,S55 Shuttle Oslo lufthavn,S55,bus,VYX:ServiceJourney:a98b250fd1727a910c24e818fd6ab50ff17b118c,False,planned,False,,,,,2026-09-05T08:24:10.398942+02:00
NSR:StopPlace:58211,Oslo lufthavn,2026-09-05T04:38:00+02:00,2026-09-05T04:38:00+02:00,,0.0,0,Frogner,RUT:Line:425,Kløfta – Oslo lufthavn,425,bus,RUT:ServiceJourney:05411822a10663bf5e52f8da32fb323f,False,planned,False,,,,,2026-09-05T08:24:10.398942+02:00
NSR:StopPlace:58211,Oslo lufthavn,2026-09-05T04:40:00+02:00,2026-09-05T04:40:00+02:00,,0.0,0,Jessheim,RUT:Line:440,Fenstad/Nordkisa - Oslo lufthavn,440,bus,RUT:ServiceJourney:d04694d5b46774610619fe13580842a2,False,planned,False,,,,,2026-09-05T08:24:10.398942+02:00
NSR:StopPlace:58211,Oslo lufthavn,2026-09-05T04:51:00+02:00,2026-09-05T04:51:00+02:00,,0.0,0,Oslo bussterminal,RUT:Line:400,Oslo lufthavn - Veståsen - Olavsgaard - Oslo,400,bus,RUT:ServiceJourney:d59885601197c5821dbaf05b210a449d,False,planned,False,,,,,2026-09-05T08:24:10.398942+02:00
NSR:StopPlace:58211,Oslo lufthavn,2026-09-05T04:54:00+02:00,2026-09-05T04:54:00+02:00,,0.0,0,Kopperud,RUT:Line:420,Maura -  Jessheim,420,bus,RUT:ServiceJourney:88721bf60bd3c37df64b1a2eeadc00b1,False,planned,False,,,,,2026-09-05T08:24:10.398942+02:00
NSR:StopPlace:58211,Oslo lufthavn,2026-09-05T04:55:00+02:00,2026-09-05T04:55:00+02:00,,0.0,0,Oslo lufthavn,VYX:Line:51,S22 Shuttle Oslo lufthavn,S22,bus,VYX:ServiceJourney:62b860b2b096c4dd16ba62af20a041cd17a3416e,False,planned,False,,,,,2026-09-05T08:24:10.398942+02:00
NSR:StopPlace:58211,Oslo lufthavn,2026-09-05T04:55:00+02:00,2026-09-05T04:55:00+02:00,,0.0,0,Fredrikstad,VYX:Line:56,FB11 Fredrikstad-Oslo Lufthavn (OSL),FB11,bus,VYX:ServiceJourney:2275c43c8139427ec255d31e0f54d2805fb834e2,False,planned,False,Forhåndsbestilling FB11,Billett må kjøpes på nett eller app senest 15 minutter før påstigning for at bussen skal kjøre innom holdeplassen. Ruter-billett er ikke gyldig. ,general,normal,2026-09-05T08:24:10.398942+02:00
NSR:StopPlace:58211,Oslo lufthavn,2026-09-05T05:00:00+02:00,2026-09-05T05:00:00+02:00,,0.0,0,Oslo lufthavn,VYX:Line:98,S44 Shuttle Oslo lufthavn,S44,bus,VYX:ServiceJourney:80811206fb606f8c35283cae8b6dd228882ae7e9,False,planned,False,,,,,2026-09-05T08:24:10.398942+02:00
NSR:StopPlace:58211,Oslo lufthavn,2026-09-05T05:05:00+02:00,2026-09-05T05:05:00+02:00,,0.0,0,Oslo lufthavn,VYX:Line:99,S55 Shuttle Oslo lufthavn,S55,bus,VYX:ServiceJourney:95ede5d955311983bd8a593327dc08c78039b59e,False,planned,False,,,,,2026-09-05T08:24:10.398942+02:00
NSR:StopPlace:58211,Oslo lufthavn,2026-09-05T05:25:00+02:00,2026-09-05T05:25:00+02:00,,0.0,0,Oslo lufthavn,VYX:Line:51,S22 Shuttle Oslo lufthavn,S22,bus,VYX:ServiceJourney:d7ef1438ca9ce470e3947980aa3dd7fca83f6605,False,planned,False,,,,,2026-09-05T08:24:10.398942+02:00
NSR:StopPlace:58211,Oslo lufthavn,2026-09-05T05:30:00+02:00,2026-09-05T05:30:00+02:00,,0.0,0,Oslo lufthavn,VYX:Line:98,S44 Shuttle Oslo lufthavn,S44,bus,VYX:ServiceJourney:578d80b159c285c6234d1e3d91816bb0256d4b70,False,planned,False,,,,,2026-09-05T08:24:10.398942+02:00
NSR:StopPlace:58211,Oslo lufthavn,2026-09-05T05:35:00+02:00,2026-09-05T05:35:00+02:00,,0.0,0,Oslo lufthavn,VYX:Line:99,S55 Shuttle Oslo lufthavn,S55,bus,VYX:ServiceJourney:869e6a906cd1186b27e9bb231ca5370d87d287d5,False,planned,False,,,,,2026-09-05T08:24:10.398942+02:00
NSR:StopPlace:58211,Oslo lufthavn,2026-09-05T05:38:00+02:00,2026-09-05T05:38:00+02:00,,0.0,0,Frogner,RUT:Line:425,Kløfta – Oslo lufthavn,425,bus,RUT:ServiceJourney:da12d65da719255eabe9e69992219b2b,False,planned,False,,,,,2026-09-05T08:24:10.398942+02:00
NSR:StopPlace:58211,Oslo lufthavn,2026-09-05T05:40:00+02:00,2026-09-05T05:40:00+02:00,,0.0,0,Jessheim,RUT:Line:440,Fenstad/Nordkisa - Oslo lufthavn,440,bus,RUT:ServiceJourney:2248f7b3deb1960e6007c1b7684c93ef,False,planned,False,,,,,2026-09-05T08:24:10.398942+02:00
NSR:StopPlace:58211,Oslo lufthavn,2026-09-05T05:55:00+02:00,2026-09-05T05:55:00+02:00,,0.0,0,Oslo lufthavn,VYX:Line:51,S22 Shuttle Oslo lufthavn,S22,bus,VYX:ServiceJourney:d65bcde72eed562f34722c3562e8c4fcfe269d03,False,planned,False,,,,,2026-09-05T08:24:10.398942+02:00
NSR:StopPlace:58211,Oslo lufthavn,2026-09-05T05:55:00+02:00,2026-09-05T05:55:00+02:00,,0.0,0,Fredrikstad,VYX:Line:56,FB11 Fredrikstad-Oslo Lufthavn (OSL),FB11,bus,VYX:ServiceJourney:152452299e7cc1b9df8d193ebe1a628d0aacdf09,False,planned,False,Forhåndsbestilling FB11,Billett må kjøpes på nett eller app senest 15 minutter før påstigning for at bussen skal kjøre innom holdeplassen. Ruter-billett er ikke gyldig. ,general,normal,2026-09-05T08:24:10.398942+02:00
NSR:StopPlace:58211,Oslo lufthavn,2026-09-05T06:00:00+02:00,2026-09-05T06:00:00+02:00,,0.0,0,Oslo lufthavn,VYX:Line:98,S44 Shuttle Oslo lufthavn,S44,bus,VYX:ServiceJourney:bdd5ae3c670a6ba01b6e7ae2c816bf312f64acd4,False,planned,False,,,,,2026-09-05T08:24:10.398942+02:00
NSR:StopPlace:58211,Oslo lufthavn,2026-09-05T06:05:00+02:00,2026-09-05T06:05:00+02:00,,0.0,0,Oslo lufthavn,VYX:Line:99,S55 Shuttle Oslo lufthavn,S55,bus,VYX:ServiceJourney:755174294b8f35d7a971d3995b44b6d0c1c6df72,False,planned,False,,,,,2026-09-05T08:24:10.398942+02:00
NSR:StopPlace:58211,Oslo lufthavn,2026-09-05T06:25:00+02:00,2026-09-05T06:25:00+02:00,,0.0,0,Oslo lufthavn,VYX:Line:51,S22 Shuttle Oslo lufthavn,S22,bus,VYX:ServiceJourney:70c6e2b61da883f0e129780bc426e4c2b7ebddbb,False,planned,False,,,,,2026-09-05T08:24:10.398942+02:00
NSR:StopPlace:58211,Oslo lufthavn,2026-09-05T06:30:00+02:00,2026-09-05T06:30:00+02:00,,0.0,0,Oslo lufthavn,VYX:Line:98,S44 Shuttle Oslo lufthavn,S44,bus,VYX:ServiceJourney:06a673ac09a8b4566b4bb89907341c872ca15b69,False,planned,False,,,,,2026-09-05T08:24:10.398942+02:00
NSR:StopPlace:58211,Oslo lufthavn,2026-09-05T06:35:00+02:00,2026-09-05T06:35:00+02:00,,0.0,0,Oslo lufthavn,VYX:Line:99,S55 Shuttle Oslo lufthavn,S55,bus,VYX:ServiceJourney:f5c8b36bdc3b73971abf95e2841058fa0d63f736,False,planned,False,,,,,2026-09-05T08:24:10.398942+02:00
NSR:StopPlace:58211,Oslo lufthavn,2026-09-05T06:55:00+02:00,2026-09-05T06:55:00+02:00,,0.0,0,Oslo lufthavn,VYX:Line:51,S22 Shuttle Oslo lufthavn,S22,bus,VYX:ServiceJourney:3ab6be70041e8fd5933dbdb707745e463bc9354f,False,planned,False,,,,,2026-09-05T08:24:10.398942+02:00
NSR:StopPlace:58211,Oslo lufthavn,2026-09-05T06:55:00+02:00,2026-09-05T06:55:00+02:00,,0.0,0,Fredrikstad,VYX:Line:56,FB11 Fredrikstad-Oslo Lufthavn (OSL),FB11,bus,VYX:ServiceJourney:c28fb463a0e4bf433fa95499d6ff4db099045eeb,False,planned,False,Forhåndsbestilling FB11,Billett må kjøpes på nett eller app senest 15 minutter før påstigning for at bussen skal kjøre innom holdeplassen. Ruter-billett er ikke gyldig. ,general,normal,2026-09-05T08:24:10.398942+02:00
NSR:StopPlace:58211,Oslo lufthavn,2026-09-05T07:00:00+02:00,2026-09-05T07:00:00+02:00,,0.0,0,Oslo lufthavn,VYX:Line:98,S44 Shuttle Oslo lufthavn,S44,bus,VYX:ServiceJourney:3f7473d59ad3879a2978cbf919f1edc025fe18db,False,planned,False,,,,,2026-09-05T08:24:10.398942+02:00
NSR:StopPlace:58211,Oslo lufthavn,2026-09-05T07:05:00+02:00,2026-09-05T07:05:00+02:00,,0.0,0,Oslo lufthavn,VYX:Line:99,S55 Shuttle Oslo lufthavn,S55,bus,VYX:ServiceJourney:ac1f3efbdb95c0b5434460f5a1c65a9b64648e37,False,planned,False,,,,,2026-09-05T08:24:10.398942+02:00
NSR:StopPlace:184,Hallsberg station,2026-09-05T09:11:00+02:00,2026-09-05T09:11:00+02:00,,0.0,0,Karlstad-Oslo,SJV:Line:cfac9102-49ef-476c-8663-a6d468ee4f36,Stockholm-Hallsberg-Karlstad-Oslo,70,rail,SJV:ServiceJourney:e794c8ce-6e4a-4fd2-b148-3ae868a8aed9,False,planned,False,,,,,2026-09-05T08:24:10.398942+02:00
NSR:StopPlace:362,Jåttåvågen stasjon,2026-09-05T08:54:00+02:00,2026-09-05T08:54:00+02:00,,0.0,0,Oslo S,GOA:Line:50,Sørtoget region,F5,rail,GOA:ServiceJourney:708-KVB_68390-R,False,planned,False,,,,,2026-09-05T08:24:10.398942+02:00
NSR:StopPlace:362,Jåttåvågen stasjon,2026-09-05T09:02:00+02:00,2026-09-05T09:02:00+02:00,,0.0,0,Egersund,GOA:Line:59,Jærbanen,L5,rail,GOA:ServiceJourney:3020_63052-R,False,planned,False,,,,,2026-09-05T08:24:10.398942+02:00
NSR:StopPlace:374,Göteborg Centralstation,2026-09-05T06:55:00+02:00,2026-09-05T06:55:00+02:00,,0.0,0,Halmstad C,SAM:Line:9011012080400000,Ø Göteborg-Halmstad-Helsingborg-Malmö-Købe,,rail,SAM:ServiceJourney:121120000395359996,False,planned,False,,,,,2026-09-05T08:24:10.398942+02:00
NSR:StopPlace:374,Göteborg Centralstation,2026-09-05T07:55:00+02:00,2026-09-05T07:55:00+02:00,,0.0,0,Halmstad C,SAM:Line:9011012080400000,Ø Göteborg-Halmstad-Helsingborg-Malmö-Købe,,rail,SAM:ServiceJourney:121120000395360011,False,planned,False,,,,,2026-09-05T08:24:10.398942+02:00
NSR:StopPlace:374,Göteborg Centralstation,2026-09-05T08:55:00+02:00,2026-09-05T08:55:00+02:00,,0.0,0,Halmstad C,SAM:Line:9011012080400000,Ø Göteborg-Halmstad-Helsingborg-Malmö-Købe,,rail,SAM:ServiceJourney:121120000395360026,False,planned,False,,,,,2026-09-05T08:24:10.398942+02:00
NSR:StopPlace:206,Mariero stasjon,2026-09-05T08:59:00+02:00,2026-09-05T08:59:00+02:00,,0.0,0,Egersund,GOA:Line:59,Jærbanen,L5,rail,GOA:ServiceJourney:3020_63052-R,False,planned,False,,,,,2026-09-05T08:24:10.398942+02:00
NSR:StopPlace:261,Ganddal stasjon,2026-09-05T09:15:00+02:00,2026-09-05T09:15:00+02:00,,0.0,0,Egersund,GOA:Line:59,Jærbanen,L5,rail,GOA:ServiceJourney:3020_63052-R,False,planned,False,,,,,2026-09-05T08:24:10.398942+02:00
NSR:StopPlace:702,Sandnes sentrum stasjon,2026-09-05T09:01:00+02:00,2026-09-05T09:01:00+02:00,,0.0,0,Oslo S,GOA:Line:50,Sørtoget region,F5,rail,GOA:ServiceJourney:708-KVB_68390-R,False,planned,False,,,,,2026-09-05T08:24:10.398942+02:00
NSR:StopPlace:702,Sandnes sentrum stasjon,2026-09-05T09:10:00+02:00,2026-09-05T09:10:00+02:00,,0.0,0,Egersund,GOA:Line:59,Jærbanen,L5,rail,GOA:ServiceJourney:3020_63052-R,False,planned,False,,,,,2026-09-05T08:24:10.398942+02:00
NSR:StopPlace:610,Sandvika stasjon,2026-09-05T04:40:00+02:00,2026-09-05T04:40:00+02:00,,0.0,0,Oslo Lufthavn,FLT:Line:FLY1,FLY1,FLY1,rail,FLT:ServiceJourney:1-2614-3703-20260905,False,planned,False,,,,,2026-09-05T08:24:10.398942+02:00
NSR:StopPlace:610,Sandvika stasjon,2026-09-05T05:00:00+02:00,2026-09-05T05:00:00+02:00,,0.0,0,Oslo Lufthavn,FLT:Line:FLY1,FLY1,FLY1,rail,FLT:ServiceJourney:1-2614-3705-20260905,False,planned,False,,,,,2026-09-05T08:24:10.398942+02:00
NSR:StopPlace:610,Sandvika stasjon,2026-09-05T05:20:00+02:00,2026-09-05T05:20:00+02:00,,0.0,0,Oslo Lufthavn,FLT:Line:FLY1,FLY1,FLY1,rail,FLT:ServiceJourney:1-2614-3707-20260905,False,planned,False,,,,,2026-09-05T08:24:10.398942+02:00
NSR:StopPlace:610,Sandvika stasjon,2026-09-05T07:04:00+02:00,2026-09-05T07:04:00+02:00,,0.0,0,Drammen,VYG:Line:R13,Drammen-Oslo S-Dal,R13,rail,VYG:ServiceJourney:1606_443223-R,False,planned,False,,,,,2026-09-05T08:24:10.398942+02:00
NSR:StopPlace:62094,Lindeberg stasjon,2026-09-05T06:18:00+02:00,2026-09-05T06:18:00+02:00,,0.0,0,Drammen,VYG:Line:R13,Drammen-Oslo S-Dal,R13,rail,VYG:ServiceJourney:1606_443223-R,False,planned,False,,,,,2026-09-05T08:24:10.398942+02:00
NSR:StopPlace:62339,Lillestrøm stasjon,2026-09-05T04:50:00+02:00,2026-09-05T04:50:00+02:00,,0.0,0,Oslo Lufthavn,FLT:Line:FLY1,FLY1,FLY1,rail,FLT:ServiceJourney:1-2614-3701-20260905,False,planned,False,Heis i spor 1 og 2 er ute av bruk på grunn av vedlikehold.,Heis i spor 1 og 2 er ute av bruk på grunn av vedlikehold.,general,normal,2026-09-05T08:24:10.398942+02:00
NSR:StopPlace:62339,Lillestrøm stasjon,2026-09-05T05:10:00+02:00,2026-09-05T05:10:00+02:00,,0.0,0,Oslo Lufthavn,FLT:Line:FLY1,FLY1,FLY1,rail,FLT:ServiceJourney:1-2614-3703-20260905,False,planned,False,Heis i spor 1 og 2 er ute av bruk på grunn av vedlikehold.,Heis i spor 1 og 2 er ute av bruk på grunn av vedlikehold.,general,normal,2026-09-05T08:24:10.398942+02:00
NSR:StopPlace:62339,Lillestrøm stasjon,2026-09-05T05:30:00+02:00,2026-09-05T05:30:00+02:00,,0.0,0,Oslo Lufthavn,FLT:Line:FLY1,FLY1,FLY1,rail,FLT:ServiceJourney:1-2614-3705-20260905,False,planned,False,Heis i spor 1 og 2 er ute av bruk på grunn av vedlikehold.,Heis i spor 1 og 2 er ute av bruk på grunn av vedlikehold.,general,normal,2026-09-05T08:24:10.398942+02:00
NSR:StopPlace:62339,Lillestrøm stasjon,2026-09-05T05:50:00+02:00,2026-09-05T05:50:00+02:00,,0.0,0,Oslo Lufthavn,FLT:Line:FLY1,FLY1,FLY1,rail,FLT:ServiceJourney:1-2614-3707-20260905,False,planned,False,Heis i spor 1 og 2 er ute av bruk på grunn av vedlikehold.,Heis i spor 1 og 2 er ute av bruk på grunn av vedlikehold.,general,normal,2026-09-05T08:24:10.398942+02:00
NSR:StopPlace:62339,Lillestrøm stasjon,2026-09-05T06:36:00+02:00,2026-09-05T06:36:00+02:00,,0.0,0,Drammen,VYG:Line:R13,Drammen-Oslo S-Dal,R13,rail,VYG:ServiceJourney:1606_443223-R,False,planned,False,Heis i spor 1 og 2 er ute av bruk på grunn av vedlikehold.,Heis i spor 1 og 2 er ute av bruk på grunn av vedlikehold.,general,normal,2026-09-05T08:24:10.398942+02:00
NSR:StopPlace:62355,Froland stasjon,2026-09-05T09:17:00+02:00,2026-09-05T09:17:00+02:00,,0.0,0,Arendal,GOA:Line:53,Sørtoget lokal,R50,rail,GOA:ServiceJourney:2065_63018-R,False,planned,False,,,,,2026-09-05T08:24:10.398942+02:00
NSR:StopPlace:62354,Bøylestad stasjon,2026-09-05T09:11:00+02:00,2026-09-05T09:11:00+02:00,,0.0,0,Arendal,GOA:Line:53,Sørtoget lokal,R50,rail,GOA:ServiceJourney:2065_63018-R,False,planned,False,,,,,2026-09-05T08:24:10.398942+02:00
NSR:StopPlace:62361,Reimegrend stasjon,2026-09-05T09:12:00+02:00,2026-09-05T09:12:00+02:00,,0.0,0,Ørneberget,VYG:Line:R40,Bergen-Voss-Myrdal-Ål,R40,rail,VYG:ServiceJourney:BUS-1804_659325-R,False,planned,False,,,,,2026-09-05T08:24:10.398942+02:00
NSR:StopPlace:62360,Kløve stasjon,2026-09-05T08:57:00+02:00,2026-09-05T08:57:00+02:00,,0.0,0,Ørneberget,VYG:Line:R40,Bergen-Voss-Myrdal-Ål,R40,rail,VYG:ServiceJourney:BUS-1804_659325-R,False,planned,False,,,,,2026-09-05T08:24:10.398942+02:00
NSR:StopPlace:62379,Bergsgrav stasjon,2026-09-05T09:01:00+02:00,2026-09-05T09:01:00+02:00,,0.0,0,Melhus skysstasjon,SJN:Line:26,Trønderbanen,R70,rail,SJN:ServiceJourney:428-STK_56057-R,False,planned,False,,,,,2026-09-05T08:24:10.398942+02:00
NSR:StopPlace:62378,Røstad stasjon,2026-09-05T09:07:00+02:00,2026-09-05T09:07:00+02:00,,0.0,0,Melhus skysstasjon,SJN:Line:26,Trønderbanen,R70,rail,SJN:ServiceJourney:428-STK_56057-R,False,planned,False,,,,,2026-09-05T08:24:10.398942+02:00
NSR:StopPlace:62371,Sparbu stasjon,2026-09-05T08:41:00+02:00,2026-09-05T08:41:00+02:00,,0.0,0,Melhus skysstasjon,SJN:Line:26,Trønderbanen,R70,rail,SJN:ServiceJourney:428-STK_56057-R,False,planned,False,,,,,2026-09-05T08:24:10.398942+02:00
NSR:StopPlace:62380,Røra stasjon,2026-09-05T08:48:00+02:00,2026-09-05T08:48:00+02:00,,0.0,0,Melhus skysstasjon,SJN:Line:26,Trønderbanen,R70,rail,SJN:ServiceJourney:428-STK_56057-R,False,planned,False,,,,,2026-09-05T08:24:10.398942+02:00
NSR:StopPlace:61979,Hellvik stasjon,2026-09-05T09:22:00+02:00,2026-09-05T09:22:00+02:00,,0.0,0,Stavanger,GOA:Line:59,Jærbanen,L5,rail,GOA:ServiceJourney:3021_63055-R,False,planned,False,,,,,2026-09-05T08:24:10.398942+02:00
NSR:StopPlace:61251,Øksnavadporten stasjon,2026-09-05T02:05:00+02:00,2026-09-05T02:05:00+02:00,,0.0,0,Stavanger,GOA:Line:59,Jærbanen,L5,rail,GOA:ServiceJourney:3093_63146-R,False,planned,False,,,,,2026-09-05T03:37:34.550234+02:00
NSR:StopPlace:61251,Øksnavadporten stasjon,2026-09-05T02:19:00+02:00,2026-09-05T02:19:00+02:00,,0.0,0,Egersund,GOA:Line:59,Jærbanen,L5,rail,GOA:ServiceJourney:3092_63145-R,False,planned,False,,,,,2026-09-05T03:37:34.550234+02:00
NSR:StopPlace:8,Paradis stasjon,2026-09-05T02:28:00+02:00,2026-09-05T02:28:00+02:00,,0.0,0,Stavanger,GOA:Line:59,Jærbanen,L5,rail,GOA:ServiceJourney:3093_63146-R,False,planned,False,,,,,2026-09-05T03:37:34.550234+02:00
NSR:StopPlace:61134,Tverlandet stasjon,2026-09-05T02:51:30+02:00,2026-09-05T02:51:30+02:00,,0.0,0,Bodø,SJN:Line:79,Saltenpendelen,R75,rail,SJN:ServiceJourney:1797_35200-R,False,planned,False,,,,,2026-09-05T03:37:34.550234+02:00
NSR:StopPlace:61334,Ogna stasjon,2026-09-05T02:51:00+02:00,2026-09-05T02:51:00+02:00,,0.0,0,Egersund,GOA:Line:59,Jærbanen,L5,rail,GOA:ServiceJourney:3092_63145-R,False,planned,False,,,,,2026-09-05T03:37:34.550234+02:00
NSR:StopPlace:61872,Nærbø stasjon,2026-09-05T02:32:00+02:00,2026-09-05T02:32:00+02:00,,0.0,0,Egersund,GOA:Line:59,Jærbanen,L5,rail,GOA:ServiceJourney:3092_63145-R,False,planned,False,,,,,2026-09-05T03:37:34.550234+02:00
NSR:StopPlace:59648,Kjelsås stasjon,2026-09-05T04:03:00+02:00,2026-09-05T04:03:00+02:00,,0.0,0,Majorstuen,RUT:Line:3912,Majorstuen - Kjelsås,12N,bus,RUT:ServiceJourney:2363f222c541117cf11ca93f4a37d4df,False,planned,False,,,,,2026-09-05T03:37:34.550234+02:00
NSR:StopPlace:59648,Kjelsås stasjon,2026-09-05T04:10:00+02:00,2026-09-05T04:10:00+02:00,,0.0,0,Kværnerbyen,RUT:Line:54,Kværnerbyen - Kjelsås stasjon,54,bus,RUT:ServiceJourney:c990c2eb68ab5dbeb5fe384e015fd00b,False,planned,False,,,,,2026-09-05T03:37:34.550234+02:00
NSR:StopPlace:59648,Kjelsås stasjon,2026-09-05T04:18:00+02:00,2026-09-05T04:18:00+02:00,,0.0,0,Majorstuen,RUT:Line:3911,Majorstuen - Kjelsås,11N,bus,RUT:ServiceJourney:3bcfb77ceb1bde1731ec412fe6ed4809,False,planned,False,,,,,2026-09-05T03:37:34.550234+02:00
NSR:StopPlace:59650,Nyland stasjon,2026-09-05T04:16:00+02:00,2026-09-05T04:16:00+02:00,,0.0,0,Vestli,RUT:Line:3905,Jernbanetorget - Vestli T,5N,bus,RUT:ServiceJourney:68deee4ccdc0393f83b8eb840cc847f9,False,planned,False,,,,,2026-09-05T03:37:34.550234+02:00
NSR:StopPlace:59957,Klepp stasjon,2026-09-05T02:02:00+02:00,2026-09-05T02:02:00+02:00,,0.0,0,Stavanger,GOA:Line:59,Jærbanen,L5,rail,GOA:ServiceJourney:3093_63146-R,False,planned,False,,,,,2026-09-05T03:37:34.550234+02:00
NSR:StopPlace:59957,Klepp stasjon,2026-09-05T02:22:00+02:00,2026-09-05T02:22:00+02:00,,0.0,0,Egersund,GOA:Line:59,Jærbanen,L5,rail,GOA:ServiceJourney:3092_63145-R,False,planned,False,,,,,2026-09-05T03:37:34.550234+02:00
NSR:StopPlace:59977,Trondheim S,2026-09-05T02:36:00+02:00,2026-09-05T02:36:00+02:00,,0.0,0,Stjørdal via Brattøra-Sveberg,ATB:Line:2_116,Trondheim- Hommelvik- Stjørdal,116,bus,ATB:ServiceJourney:116_251217091074091_6004,False,planned,False,,,,,2026-09-05T03:37:34.550234+02:00
NSR:StopPlace:59977,Trondheim S,2026-09-05T03:36:00+02:00,2026-09-05T03:36:00+02:00,,0.0,0,Stjørdal via Brattøra-Hommelvik,ATB:Line:2_116,Trondheim- Hommelvik- Stjørdal,116,bus,ATB:ServiceJourney:116_251217091073789_6006,False,planned,False,,,,,2026-09-05T03:37:34.550234+02:00
NSR:StopPlace:59181,Kristinehamn station,2026-09-05T02:15:00+02:00,2026-09-05T02:15:00+02:00,,0.0,0,Karlstad,VYB:Line:26,850 Oslo - Arlanda - Stockholm,850,coach,VYB:ServiceJourney:7cef6f9d06b3084c5cd648a392b78e79f86a9bc4,False,planned,False,,,,,2026-09-05T03:37:34.550234+02:00
NSR:StopPlace:59181,Kristinehamn station,2026-09-05T02:35:00+02:00,2026-09-05T02:35:00+02:00,,0.0,0,Stockholm,VYB:Line:26,850 Oslo - Arlanda - Stockholm,850,coach,VYB:ServiceJourney:4163eefb7027ad37f2a2d1601d83dca662603f4d,False,planned,False,,,,,2026-09-05T03:37:34.550234+02:00
NSR:StopPlace:59182,Örebro Centralstation,2026-09-05T02:50:00+02:00,2026-09-05T02:50:00+02:00,,0.0,0,Arlanda,VYB:Line:26,850 Oslo - Arlanda - Stockholm,850,coach,VYB:ServiceJourney:10b2e4758894544f8ace957a0d24c160fccd39fb,False,planned,False,Örebro läge X,,general,normal,2026-09-05T03:37:34.550234+02:00
NSR:StopPlace:59182,Örebro Centralstation,2026-09-05T03:10:00+02:00,2026-09-05T03:10:00+02:00,,0.0,0,Karlstad,VYB:Line:26,850 Oslo - Arlanda - Stockholm,850,coach,VYB:ServiceJourney:8470c5d763172480e86b1b6f8357e883e035865b,False,planned,False,Örebro läge X,,general,normal,2026-09-05T03:37:34.550234+02:00
NSR:StopPlace:59182,Örebro Centralstation,2026-09-05T03:45:00+02:00,2026-09-05T03:45:00+02:00,,0.0,0,Stockholm,VYB:Line:26,850 Oslo - Arlanda - Stockholm,850,coach,VYB:ServiceJourney:4163eefb7027ad37f2a2d1601d83dca662603f4d,False,planned,False,Örebro läge X,,general,normal,2026-09-05T03:37:34.550234+02:00
NSR:StopPlace:59182,Örebro Centralstation,2026-09-05T04:35:00+02:00,2026-09-05T04:35:00+02:00,,0.0,0,Arlanda,VYB:Line:26,850 Oslo - Arlanda - Stockholm,850,coach,VYB:ServiceJourney:29db7164c721c502434d2463a4bfa6c4600f03c5,False,planned,False,Örebro läge X,,general,normal,2026-09-05T03:37:34.550234+02:00
NSR:StopPlace:60047,Melhus skysstasjon,2026-09-05T02:59:00+02:00,2026-09-05T02:59:00+02:00,,0.0,0,Brekkåsen,ATB:Line:2_110,Nattbuss Trondheim- Melhus,110,bus,ATB:ServiceJourney:110_251215112551921_6004,False,planned,False,,,,,2026-09-05T03:37:34.550234+02:00
NSR:StopPlace:59375,Jörn station,2026-09-05T04:07:00+02:00,2026-09-05T04:07:00+02:00,,0.0,0,Luleå,SJV:Line:0ff9f2b9-fbe5-4761-8a29-8813be35efaa,Stockholm-Narvik (-Luleå),,rail,SJV:ServiceJourney:0eabfad4-c61e-4fc3-8a75-7ebd11c5a873,False,planned,False,,,,,2026-09-05T03:37:34.550234+02:00
NSR:StopPlace:59393,Västerås Centralstation,2026-09-05T02:45:00+02:00,2026-09-05T02:45:00+02:00,,0.0,0,Arlanda,VYB:Line:26,850 Oslo - Arlanda - Stockholm,850,coach,VYB:ServiceJourney:b54ed62a64c9c2483c413e61158c2700b4c8964b,False,planned,False,Västerås,"Nytt holdeplassområde ved Västerås Resecentrum fra 16. mars. Den nye holdeplassen ligger på stasjonens vestside, rett ved jernbanespor 1B. Du finner den ved å følge parkeringsplassen til den bortre enden. ",general,normal,2026-09-05T03:37:34.550234+02:00
NSR:StopPlace:59393,Västerås Centralstation,2026-09-05T04:10:00+02:00,2026-09-05T04:10:00+02:00,,0.0,0,Arlanda,VYB:Line:26,850 Oslo - Arlanda - Stockholm,850,coach,VYB:ServiceJourney:10b2e4758894544f8ace957a0d24c160fccd39fb,False,planned,False,Västerås,"Nytt holdeplassområde ved Västerås Resecentrum fra 16. mars. Den nye holdeplassen ligger på stasjonens vestside, rett ved jernbanespor 1B. Du finner den ved å følge parkeringsplassen til den bortre enden. ",general,normal,2026-09-05T03:37:34.550234+02:00
NSR:StopPlace:59261,Trondheim lufthavn,2026-09-05T02:19:00+02:00,2026-09-05T02:19:00+02:00,,0.0,0,Stjørdal,ATB:Line:2_116,Trondheim- Hommelvik- Stjørdal,116,bus,ATB:ServiceJourney:116_251217091073826_6002,False,planned,False,,,,,2026-09-05T03:37:34.550234+02:00
NSR:StopPlace:59261,Trondheim lufthavn,2026-09-05T03:20:00+02:00,2026-09-05T03:20:00+02:00,,0.0,0,Stjørdal,ATB:Line:2_116,Trondheim- Hommelvik- Stjørdal,116,bus,ATB:ServiceJourney:116_251217091074091_6004,False,planned,False,,,,,2026-09-05T03:37:34.550234+02:00
NSR:StopPlace:59261,Trondheim lufthavn,2026-09-05T04:19:00+02:00,2026-09-05T04:19:00+02:00,,0.0,0,Stjørdal,ATB:Line:2_116,Trondheim- Hommelvik- Stjørdal,116,bus,ATB:ServiceJourney:116_251217091073789_6006,False,planned,False,,,,,2026-09-05T03:37:34.550234+02:00
NSR:StopPlace:60271,Varhaug stasjon,2026-09-05T02:39:00+02:00,2026-09-05T02:39:00+02:00,,0.0,0,Egersund,GOA:Line:59,Jærbanen,L5,rail,GOA:ServiceJourney:3092_63145-R,False,planned,False,,,,,2026-09-05T03:37:34.550234+02:00
NSR:StopPlace:60569,Sirevåg stasjon,2026-09-05T02:54:00+02:00,2026-09-05T02:54:00+02:00,,0.0,0,Egersund,GOA:Line:59,Jærbanen,L5,rail,GOA:ServiceJourney:3092_63145-R,False,planned,False,,,,,2026-09-05T03:37:34.550234+02:00
NSR:StopPlace:59616,Asker stasjon,2026-09-05T04:07:00+02:00,2026-09-05T04:07:00+02:00,,0.0,0,Heggedal,RUT:Line:280,Asker - Dikemark - Heggedal,280,bus,RUT:ServiceJourney:56a6c5f3a50c996c7713acb2f39a7bc8,False,planned,False,,,,,2026-09-05T03:37:34.550234+02:00
NSR:StopPlace:59620,Grorud stasjon,2026-09-05T04:18:00+02:00,2026-09-05T04:18:00+02:00,,0.0,0,Vestli,RUT:Line:3905,Jernbanetorget - Vestli T,5N,bus,RUT:ServiceJourney:68deee4ccdc0393f83b8eb840cc847f9,False,planned,False,,,,,2026-09-05T03:37:34.550234+02:00
NSR:StopPlace:59638,Myrvoll stasjon,2026-09-05T04:19:00+02:00,2026-09-05T04:19:00+02:00,,0.0,0,Ødegården,RUT:Line:3981,Nationaltheatret - Ski,81N,bus,RUT:ServiceJourney:7d186db0f498db985f456bfacc83c749,False,planned,False,,,,,2026-09-05T03:37:34.550234+02:00
NSR:StopPlace:59639,Sonsveien stasjon,2026-09-05T02:32:00+02:00,2026-09-05T02:32:00+02:00,,0.0,0,Oslo lufthavn,VYX:Line:56,FB11 Fredrikstad-Oslo Lufthavn (OSL),FB11,bus,VYX:ServiceJourney:d44b33973888d082cc1bbd2bbc9d7ed7b306bb0a,False,planned,False,Forhåndsbestilling FB11,Billett må kjøpes på nett eller app senest 15 minutter før påstigning for at bussen skal kjøre innom holdeplassen. Ruter-billett er ikke gyldig. ,general,normal,2026-09-05T03:37:34.550234+02:00
NSR:StopPlace:59639,Sonsveien stasjon,2026-09-05T03:32:00+02:00,2026-09-05T03:32:00+02:00,,0.0,0,Oslo lufthavn,VYX:Line:56,FB11 Fredrikstad-Oslo Lufthavn (OSL),FB11,bus,VYX:ServiceJourney:b3933fd3a492f391361da279435d0f45720b4286,False,planned,False,Forhåndsbestilling FB11,Billett må kjøpes på nett eller app senest 15 minutter før påstigning for at bussen skal kjøre innom holdeplassen. Ruter-billett er ikke gyldig. ,general,normal,2026-09-05T03:37:34.550234+02:00
NSR:StopPlace:58415,Oteråga stasjon,2026-09-05T02:46:30+02:00,2026-09-05T02:46:30+02:00,,0.0,0,Bodø,SJN:Line:79,Saltenpendelen,R75,rail,SJN:ServiceJourney:1797_35200-R,False,planned,False,,,,,2026-09-05T03:37:34.550234+02:00
NSR:StopPlace:58624,Umeå Centralstation,2026-09-05T02:08:00+02:00,2026-09-05T02:08:00+02:00,,0.0,0,Luleå,SJV:Line:0ff9f2b9-fbe5-4761-8a29-8813be35efaa,Stockholm-Narvik (-Luleå),,rail,SJV:ServiceJourney:0eabfad4-c61e-4fc3-8a75-7ebd11c5a873,False,planned,False,,,,,2026-09-05T03:37:34.550234+02:00
NSR:StopPlace:58626,Kramfors station,2026-09-05T03:48:00+02:00,2026-09-05T03:48:00+02:00,,0.0,0,"Sundsvall, Stockholm",SJV:Line:8ca80b34-505a-4d76-b047-58b01590d0e1,Luleå-Stockholm ,Luleå-Stockholm ,rail,SJV:ServiceJourney:a5d49afa-0d54-4c88-aed3-161717bb597d,False,planned,False,,,,,2026-09-05T03:37:34.550234+02:00
NSR:StopPlace:58954,Fauske stasjon,2026-09-05T02:25:30+02:00,2026-09-05T02:25:30+02:00,,0.0,0,Bodø,SJN:Line:79,Saltenpendelen,R75,rail,SJN:ServiceJourney:1797_35200-R,False,planned,False,,,,,2026-09-05T03:37:34.550234+02:00
NSR:StopPlace:58958,Rognan stasjon,2026-09-05T02:05:00+02:00,2026-09-05T02:05:00+02:00,,0.0,0,Bodø,SJN:Line:79,Saltenpendelen,R75,rail,SJN:ServiceJourney:1797_35200-R,False,planned,False,,,,,2026-09-05T03:37:34.550234+02:00
NSR:StopPlace:58963,Jessheim stasjon,2026-09-05T04:18:00+02:00,2026-09-05T04:18:00+02:00,,0.0,0,Oslo lufthavn,RUT:Line:440,Fenstad/Nordkisa - Oslo lufthavn,440,bus,RUT:ServiceJourney:edc0c53b0357bf62685f18f104d950fd,False,planned,False,,,,,2026-09-05T03:37:34.550234+02:00
NSR:StopPlace:58964,Kløfta stasjon,2026-09-05T04:18:00+02:00,2026-09-05T04:18:00+02:00,,0.0,0,Oslo lufthavn,RUT:Line:425,Kløfta – Oslo lufthavn,425,bus,RUT:ServiceJourney:e7d78228a33f07adc8a243b63d6d34f8,False,planned,False,,,,,2026-09-05T03:37:34.550234+02:00
NSR:StopPlace:58924,Bryne stasjon,2026-09-05T02:00:00+02:00,2026-09-05T02:00:00+02:00,,0.0,0,Lyefjell,KOL:Line:8_2304,N94,N94,bus,KOL:ServiceJourney:2304_260728143622342_1001,False,planned,False,,,,,2026-09-05T03:37:34.550234+02:00
NSR:StopPlace:58924,Bryne stasjon,2026-09-05T02:20:00+02:00,2026-09-05T02:20:00+02:00,,0.0,0,Sandnes,KOL:Line:8_2304,N94,N94,bus,KOL:ServiceJourney:2304_260728143622478_2001,False,planned,False,,,,,2026-09-05T03:37:34.550234+02:00
NSR:StopPlace:58924,Bryne stasjon,2026-09-05T02:27:00+02:00,2026-09-05T02:27:00+02:00,,0.0,0,Egersund,GOA:Line:59,Jærbanen,L5,rail,GOA:ServiceJourney:3092_63145-R,False,planned,False,,,,,2026-09-05T03:37:34.550234+02:00
NSR:StopPlace:58925,Gausel stasjon,2026-09-05T02:04:00+02:00,2026-09-05T02:04:00+02:00,,0.0,0,Sandnes,KOL:Line:8_1305,N84,N84,bus,KOL:ServiceJourney:1305_250903083248033_1003,False,planned,False,,,,,2026-09-05T03:37:34.550234+02:00
NSR:StopPlace:58925,Gausel stasjon,2026-09-05T02:05:00+02:00,2026-09-05T02:05:00+02:00,,0.0,0,Egersund,GOA:Line:59,Jærbanen,L5,rail,GOA:ServiceJourney:3092_63145-R,False,planned,False,,,,,2026-09-05T03:37:34.550234+02:00
NSR:StopPlace:58925,Gausel stasjon,2026-09-05T02:17:00+02:00,2026-09-05T02:17:00+02:00,,0.0,0,Stavanger,KOL:Line:8_1001,1,1,bus,KOL:ServiceJourney:1001_251008118398325_2129,False,planned,False,,,,,2026-09-05T03:37:34.550234+02:00
NSR:StopPlace:58925,Gausel stasjon,2026-09-05T02:19:00+02:00,2026-09-05T02:19:00+02:00,,0.0,0,Stavanger,GOA:Line:59,Jærbanen,L5,rail,GOA:ServiceJourney:3093_63146-R,False,planned,False,,,,,2026-09-05T03:37:34.550234+02:00
NSR:StopPlace:58925,Gausel stasjon,2026-09-05T02:21:00+02:00,2026-09-05T02:21:00+02:00,,0.0,0,Viste Hageby via Stavanger,KOL:Line:8_1305,N84,N84,bus,KOL:ServiceJourney:1305_250903083248048_2004,False,planned,False,,,,,2026-09-05T03:37:34.550234+02:00
NSR:StopPlace:58925,Gausel stasjon,2026-09-05T02:34:00+02:00,2026-09-05T02:34:00+02:00,,0.0,0,Sandnes,KOL:Line:8_1305,N84,N84,bus,KOL:ServiceJourney:1305_250903083248034_1004,False,planned,False,,,,,2026-09-05T03:37:34.550234+02:00
NSR:StopPlace:58925,Gausel stasjon,2026-09-05T02:40:00+02:00,2026-09-05T02:40:00+02:00,,0.0,0,Sandnes,KOL:Line:8_1001,1,1,bus,KOL:ServiceJourney:1001_251008118355199_1130,False,planned,False,,,,,2026-09-05T03:37:34.550234+02:00
NSR:StopPlace:58932,Hommelvik stasjon,2026-09-05T02:07:00+02:00,2026-09-05T02:07:00+02:00,,0.0,0,Stjørdal,ATB:Line:2_116,Trondheim- Hommelvik- Stjørdal,116,bus,ATB:ServiceJourney:116_251217091073826_6002,False,planned,False,,,,,2026-09-05T03:37:34.550234+02:00
NSR:StopPlace:58932,Hommelvik stasjon,2026-09-05T03:07:00+02:00,2026-09-05T03:07:00+02:00,,0.0,0,Stjørdal,ATB:Line:2_116,Trondheim- Hommelvik- Stjørdal,116,bus,ATB:ServiceJourney:116_251217091074091_6004,False,planned,False,,,,,2026-09-05T03:37:34.550234+02:00
NSR:StopPlace:58932,Hommelvik stasjon,2026-09-05T04:07:00+02:00,2026-09-05T04:07:00+02:00,,0.0,0,Stjørdal,ATB:Line:2_116,Trondheim- Hommelvik- Stjørdal,116,bus,ATB:ServiceJourney:116_251217091073789_6006,False,planned,False,,,,,2026-09-05T03:37:34.550234+02:00
NSR:StopPlace:58847,Frogner stasjon,2026-09-05T04:08:00+02:00,2026-09-05T04:08:00+02:00,,0.0,0,Oslo lufthavn,RUT:Line:425,Kløfta – Oslo lufthavn,425,bus,RUT:ServiceJourney:e7d78228a33f07adc8a243b63d6d34f8,False,planned,False,,,,,2026-09-05T03:37:34.550234+02:00
NSR:StopPlace:58853,Kolbotn stasjon,2026-09-05T04:08:00+02:00,2026-09-05T04:08:00+02:00,,0.0,0,Mastemyr,RUT:Line:3983,Nationaltheatret - Fløysbonn,83N,bus,RUT:ServiceJourney:5f15e696c8cf53511ec1b93c2c37c8f4,False,planned,False,,,,,2026-09-05T03:37:34.550234+02:00
NSR:StopPlace:58860,Oppegård stasjon,2026-09-05T04:13:00+02:00,2026-09-05T04:13:00+02:00,,0.0,0,Ødegården,RUT:Line:3981,Nationaltheatret - Ski,81N,bus,RUT:ServiceJourney:7d186db0f498db985f456bfacc83c749,False,planned,False,,,,,2026-09-05T03:37:34.550234+02:00
NSR:StopPlace:58810,Løten stasjon,2026-09-05T02:51:00+02:00,2026-09-05T02:51:00+02:00,,0.0,0,Løten,INN:Line:26,Brumunddal - Hamar - Løten,B26,bus,INN:ServiceJourney:54008,False,planned,False,Holdeplass midlertidig stengt,,incident,normal,2026-09-05T03:37:34.550234+02:00
NSR:StopPlace:58810,Løten stasjon,2026-09-05T03:51:00+02:00,2026-09-05T03:51:00+02:00,,0.0,0,Løten,INN:Line:26,Brumunddal - Hamar - Løten,B26,bus,INN:ServiceJourney:54009,False,planned,False,Holdeplass midlertidig stengt,,incident,normal,2026-09-05T03:37:34.550234+02:00
NSR:StopPlace:58816,Dombås stasjon,2026-09-05T03:28:00+02:00,2026-09-05T03:28:00+02:00,,0.0,0,Ålesund,VYX:Line:162,VY148 Ålesund-Oslo,VY148,coach,VYX:ServiceJourney:0a772f142078d2cf52813fca7b2fc0be7fff8273,False,planned,False,Forhåndsbestilling Vy,Billett må kjøpes på nett eller app senest 15 minutter før påstigning for at bussen skal kjøre innom holdeplassen.,general,normal,2026-09-05T03:37:34.550234+02:00
NSR:StopPlace:63079,Skeiane stasjon,2026-09-05T02:12:00+02:00,2026-09-05T02:12:00+02:00,,0.0,0,Egersund,GOA:Line:59,Jærbanen,L5,rail,GOA:ServiceJourney:3092_63145-R,False,planned,False,,,,,2026-09-05T03:37:34.550234+02:00
NSR:StopPlace:63079,Skeiane stasjon,2026-09-05T02:12:00+02:00,2026-09-05T02:12:00+02:00,,0.0,0,Stavanger,GOA:Line:59,Jærbanen,L5,rail,GOA:ServiceJourney:3093_63146-R,False,planned,False,,,,,2026-09-05T03:37:34.550234+02:00
NSR:StopPlace:63381,Örnsköldsvik Centralstation,2026-09-05T02:53:00+02:00,2026-09-05T02:53:00+02:00,,0.0,0,"Sundsvall, Stockholm",SJV:Line:8ca80b34-505a-4d76-b047-58b01590d0e1,Luleå-Stockholm ,Luleå-Stockholm ,rail,SJV:ServiceJourney:a5d49afa-0d54-4c88-aed3-161717bb597d,False,planned,False,,,,,2026-09-05T03:37:34.550234+02:00
NSR:StopPlace:63620,Bastuträsk station,2026-09-05T03:45:00+02:00,2026-09-05T03:45:00+02:00,,0.0,0,Luleå,SJV:Line:0ff9f2b9-fbe5-4761-8a29-8813be35efaa,Stockholm-Narvik (-Luleå),,rail,SJV:ServiceJourney:0eabfad4-c61e-4fc3-8a75-7ebd11c5a873,False,planned,False,,,,,2026-09-05T03:37:34.550234+02:00
NSR:StopPlace:63636,Härnösand Centralstation,2026-09-05T04:22:00+02:00,2026-09-05T04:22:00+02:00,,0.0,0,"Sundsvall, Stockholm",SJV:Line:8ca80b34-505a-4d76-b047-58b01590d0e1,Luleå-Stockholm ,Luleå-Stockholm ,rail,SJV:ServiceJourney:a5d49afa-0d54-4c88-aed3-161717bb597d,False,planned,False,,,,,2026-09-05T03:37:34.550234+02:00
NSR:StopPlace:63691,Vindeln station,2026-09-05T02:10:00+02:00,2026-09-05T02:10:00+02:00,,0.0,0,Luleå,SJV:Line:0ff9f2b9-fbe5-4761-8a29-8813be35efaa,Stockholm-Narvik (-Luleå),,rail,SJV:ServiceJourney:0eabfad4-c61e-4fc3-8a75-7ebd11c5a873,False,planned,False,,,,,2026-09-05T03:37:34.550234+02:00
NSR:StopPlace:63705,Enköping station,2026-09-05T03:20:00+02:00,2026-09-05T03:20:00+02:00,,0.0,0,Arlanda,VYB:Line:26,850 Oslo - Arlanda - Stockholm,850,coach,VYB:ServiceJourney:b54ed62a64c9c2483c413e61158c2700b4c8964b,False,planned,False,Enköping,Enköping stasjon.Bussen stopper ved pendlerparkeringen på Østra Järnvägsgatan.,general,normal,2026-09-05T03:37:34.550234+02:00
NSR:StopPlace:58211,Oslo lufthavn,2026-09-05T03:55:00+02:00,2026-09-05T03:55:00+02:00,,0.0,0,Fredrikstad,VYX:Line:56,FB11 Fredrikstad-Oslo Lufthavn (OSL),FB11,bus,VYX:ServiceJourney:a5c334bda971bf9b9dca2ef71459596a0474fbb0,False,planned,False,Forhåndsbestilling FB11,Billett må kjøpes på nett eller app senest 15 minutter før påstigning for at bussen skal kjøre innom holdeplassen. Ruter-billett er ikke gyldig. ,general,normal,2026-09-05T03:37:34.550234+02:00
NSR:StopPlace:362,Jåttåvågen stasjon,2026-09-05T02:02:00+02:00,2026-09-05T02:02:00+02:00,,0.0,0,Egersund,GOA:Line:59,Jærbanen,L5,rail,GOA:ServiceJourney:3092_63145-R,False,planned,False,,,,,2026-09-05T03:37:34.550234+02:00
NSR:StopPlace:362,Jåttåvågen stasjon,2026-09-05T02:22:00+02:00,2026-09-05T02:22:00+02:00,,0.0,0,Stavanger,GOA:Line:59,Jærbanen,L5,rail,GOA:ServiceJourney:3093_63146-R,False,planned,False,,,,,2026-09-05T03:37:34.550234+02:00
NSR:StopPlace:372,Valnesfjord stasjon,2026-09-05T02:33:30+02:00,2026-09-05T02:33:30+02:00,,0.0,0,Bodø,SJN:Line:79,Saltenpendelen,R75,rail,SJN:ServiceJourney:1797_35200-R,False,planned,False,,,,,2026-09-05T03:37:34.550234+02:00
NSR:StopPlace:206,Mariero stasjon,2026-09-05T02:25:00+02:00,2026-09-05T02:25:00+02:00,,0.0,0,Stavanger,GOA:Line:59,Jærbanen,L5,rail,GOA:ServiceJourney:3093_63146-R,False,planned,False,,,,,2026-09-05T03:37:34.550234+02:00
NSR:StopPlace:234,Mørkved stasjon,2026-09-05T02:58:30+02:00,2026-09-05T02:58:30+02:00,,0.0,0,Bodø,SJN:Line:79,Saltenpendelen,R75,rail,SJN:ServiceJourney:1797_35200-R,False,planned,False,,,,,2026-09-05T03:37:34.550234+02:00
NSR:StopPlace:261,Ganddal stasjon,2026-09-05T02:09:00+02:00,2026-09-05T02:09:00+02:00,,0.0,0,Stavanger,GOA:Line:59,Jærbanen,L5,rail,GOA:ServiceJourney:3093_63146-R,False,planned,False,,,,,2026-09-05T03:37:34.550234+02:00
NSR:StopPlace:261,Ganddal stasjon,2026-09-05T02:15:00+02:00,2026-09-05T02:15:00+02:00,,0.0,0,Egersund,GOA:Line:59,Jærbanen,L5,rail,GOA:ServiceJourney:3092_63145-R,False,planned,False,,,,,2026-09-05T03:37:34.550234+02:00
NSR:StopPlace:702,Sandnes sentrum stasjon,2026-09-05T02:10:00+02:00,2026-09-05T02:10:00+02:00,,0.0,0,Egersund,GOA:Line:59,Jærbanen,L5,rail,GOA:ServiceJourney:3092_63145-R,False,planned,False,,,,,2026-09-05T03:37:34.550234+02:00
NSR:StopPlace:702,Sandnes sentrum stasjon,2026-09-05T02:14:00+02:00,2026-09-05T02:14:00+02:00,,0.0,0,Stavanger,GOA:Line:59,Jærbanen,L5,rail,GOA:ServiceJourney:3093_63146-R,False,planned,False,,,,,2026-09-05T03:37:34.550234+02:00
NSR:StopPlace:62311,Vigrestad stasjon,2026-09-05T02:43:00+02:00,2026-09-05T02:43:00+02:00,,0.0,0,Egersund,GOA:Line:59,Jærbanen,L5,rail,GOA:ServiceJourney:3092_63145-R,False,planned,False,,,,,2026-09-05T03:37:34.550234+02:00
NSR:StopPlace:62310,Brusand stasjon,2026-09-05T02:47:00+02:00,2026-09-05T02:47:00+02:00,,0.0,0,Egersund,GOA:Line:59,Jærbanen,L5,rail,GOA:ServiceJourney:3092_63145-R,False,planned,False,,,,,2026-09-05T03:37:34.550234+02:00
NSR:StopPlace:61979,Hellvik stasjon,2026-09-05T02:59:00+02:00,2026-09-05T02:59:00+02:00,,0.0,0,Egersund,GOA:Line:59,Jærbanen,L5,rail,GOA:ServiceJourney:3092_63145-R,False,planned,False,,,,,2026-09-05T03:37:34.550234+02:00
