stationId,stationName,scheduledDeparture,expectedDeparture,actualDeparture,delaySeconds,isDelayed,destination,lineId,lineName,lineCode,transportMode,serviceJourneyId,realtime,delaySource,cancellation,situationSummary,situationDescription,situationReportType,situationSeverity,scrapedAt
NSR:StopPlace:58832,Geilo stasjon,2026-06-29T02:42:00+02:00,2026-06-29T02:58:52+02:00,2026-06-29T02:58:52+02:00,1012.0,1,Oslo S,VYG:Line:F4,Oslo S-Bergen,F4,rail,VYG:ServiceJourney:606-BRG_548176-R,True,actual,False,,,,,2026-06-29T03:21:48.436954+02:00
NSR:StopPlace:61295,Haugastøl stasjon,2026-06-29T03:29:00+02:00,2026-06-29T03:44:24+02:00,2026-06-29T03:44:24+02:00,924.0,1,Bergen,VYG:Line:F4,Oslo S-Bergen,F4,rail,VYG:ServiceJourney:605-LOD_548175-R,True,actual,False,,,,,2026-06-29T04:02:08.881682+02:00
NSR:StopPlace:58833,Gol stasjon,2026-06-29T03:25:00+02:00,2026-06-29T03:39:46+02:00,2026-06-29T03:39:46+02:00,886.0,1,Oslo S,VYG:Line:F4,Oslo S-Bergen,F4,rail,VYG:ServiceJourney:606-BRG_548176-R,True,actual,False,,,,,2026-06-29T04:02:08.881682+02:00
NSR:StopPlace:58841,Ål stasjon,2026-06-29T03:06:00+02:00,2026-06-29T03:20:41+02:00,2026-06-29T03:20:41+02:00,881.0,1,Oslo S,VYG:Line:F4,Oslo S-Bergen,F4,rail,VYG:ServiceJourney:606-BRG_548176-R,True,actual,False,,,,,2026-06-29T03:41:54.838185+02:00
NSR:StopPlace:58837,Nesbyen stasjon,2026-06-29T03:37:00+02:00,2026-06-29T03:51:35+02:00,2026-06-29T03:51:35+02:00,875.0,1,Oslo S,VYG:Line:F4,Oslo S-Bergen,F4,rail,VYG:ServiceJourney:606-BRG_548176-R,True,actual,False,,,,,2026-06-29T04:11:50.104477+02:00
NSR:StopPlace:200,Finse stasjon,2026-06-29T03:49:00+02:00,2026-06-29T04:03:15+02:00,2026-06-29T04:03:15+02:00,855.0,1,Bergen,VYG:Line:F4,Oslo S-Bergen,F4,rail,VYG:ServiceJourney:605-LOD_548175-R,True,actual,False,,,,,2026-06-29T04:21:49.573788+02:00
NSR:StopPlace:58832,Geilo stasjon,2026-06-29T03:07:00+02:00,2026-06-29T03:21:14+02:00,2026-06-29T03:21:14+02:00,854.0,1,Bergen,VYG:Line:F4,Oslo S-Bergen,F4,rail,VYG:ServiceJourney:605-LOD_548175-R,True,actual,False,,,,,2026-06-29T03:41:54.838185+02:00
NSR:StopPlace:358,Ustaoset stasjon,2026-06-29T03:19:00+02:00,2026-06-29T03:33:10+02:00,2026-06-29T03:33:10+02:00,850.0,1,Bergen,VYG:Line:F4,Oslo S-Bergen,F4,rail,VYG:ServiceJourney:605-LOD_548175-R,True,actual,False,,,,,2026-06-29T03:51:55.469089+02:00
NSR:StopPlace:58831,Flå stasjon,2026-06-29T04:04:00+02:00,2026-06-29T04:17:19+02:00,2026-06-29T04:17:19+02:00,799.0,1,Oslo S,VYG:Line:F4,Oslo S-Bergen,F4,rail,VYG:ServiceJourney:606-BRG_548176-R,True,actual,False,,,,,2026-06-29T04:41:59.093800+02:00
NSR:StopPlace:59620,Grorud stasjon,2026-06-29T04:24:00+02:00,2026-06-29T04:35:05+02:00,2026-06-29T04:35:05+02:00,665.0,1,,NBU:Line:cb7b555c-f96e-42d5-84bf-a5e08c0145c2,Radiumhospitalet via Økern-Storo-Tåsen,FB3,bus,NBU:ServiceJourney:140f97bd-3ebd-470f-b17f-80ea94bc611f:610200353,True,actual,False,,,,,2026-06-29T04:51:53.120134+02:00
NSR:StopPlace:59650,Nyland stasjon,2026-06-29T04:22:00+02:00,2026-06-29T04:32:47+02:00,2026-06-29T04:32:47+02:00,647.0,1,,NBU:Line:cb7b555c-f96e-42d5-84bf-a5e08c0145c2,Radiumhospitalet via Økern-Storo-Tåsen,FB3,bus,NBU:ServiceJourney:140f97bd-3ebd-470f-b17f-80ea94bc611f:610200353,True,actual,False,,,,,2026-06-29T04:51:53.120134+02:00
NSR:StopPlace:71,Hallingskeid stasjon,2026-06-29T04:04:00+02:00,2026-06-29T04:14:04+02:00,2026-06-29T04:14:04+02:00,604.0,1,Bergen,VYG:Line:F4,Oslo S-Bergen,F4,rail,VYG:ServiceJourney:605-LOD_548175-R,True,actual,False,,,,,2026-06-29T04:32:03.942223+02:00
NSR:StopPlace:59650,Nyland stasjon,2026-06-29T04:22:00+02:00,2026-06-29T04:31:41+02:00,2026-06-29T04:31:41+02:00,581.0,1,Oslo lufthavn,NBU:Line:cb7b555c-f96e-42d5-84bf-a5e08c0145c2,Radiumhospitalet via Økern-Storo-Tåsen,FB3,bus,NBU:ServiceJourney:140f97bd-3ebd-470f-b17f-80ea94bc611f,True,actual,False,,,,,2026-06-29T04:51:53.120134+02:00
NSR:StopPlace:59620,Grorud stasjon,2026-06-29T04:24:00+02:00,2026-06-29T04:33:16+02:00,2026-06-29T04:33:16+02:00,556.0,1,Oslo lufthavn,NBU:Line:cb7b555c-f96e-42d5-84bf-a5e08c0145c2,Radiumhospitalet via Økern-Storo-Tåsen,FB3,bus,NBU:ServiceJourney:140f97bd-3ebd-470f-b17f-80ea94bc611f,True,actual,False,,,,,2026-06-29T04:51:53.120134+02:00
NSR:StopPlace:59643,Grefsen stasjon,2026-06-29T04:08:00+02:00,2026-06-29T04:15:48+02:00,2026-06-29T04:15:48+02:00,468.0,1,Oslo lufthavn,NBU:Line:cb7b555c-f96e-42d5-84bf-a5e08c0145c2,Radiumhospitalet via Økern-Storo-Tåsen,FB3,bus,NBU:ServiceJourney:140f97bd-3ebd-470f-b17f-80ea94bc611f,True,actual,False,,,,,2026-06-29T04:32:03.942223+02:00
NSR:StopPlace:59643,Grefsen stasjon,2026-06-29T04:38:00+02:00,2026-06-29T04:45:42+02:00,2026-06-29T04:45:42+02:00,462.0,1,Oslo lufthavn,NBU:Line:cb7b555c-f96e-42d5-84bf-a5e08c0145c2,Radiumhospitalet via Økern-Storo-Tåsen,FB3,bus,NBU:ServiceJourney:0e22b733-a412-4078-987f-4047b44fa091,True,actual,False,,,,,2026-06-29T04:51:53.120134+02:00
NSR:StopPlace:59649,Nydalen stasjon,2026-06-29T04:33:00+02:00,2026-06-29T04:40:13+02:00,2026-06-29T04:40:13+02:00,433.0,1,Oslo lufthavn,NBU:Line:cb7b555c-f96e-42d5-84bf-a5e08c0145c2,Radiumhospitalet via Økern-Storo-Tåsen,FB3,bus,NBU:ServiceJourney:0e22b733-a412-4078-987f-4047b44fa091,True,actual,False,,,,,2026-06-29T04:51:53.120134+02:00
NSR:StopPlace:222,Myrdal stasjon,2026-06-29T04:21:00+02:00,2026-06-29T04:28:09+02:00,2026-06-29T04:28:09+02:00,429.0,1,Bergen,VYG:Line:F4,Oslo S-Bergen,F4,rail,VYG:ServiceJourney:605-LOD_548175-R,True,actual,False,,,,,2026-06-29T04:51:53.120134+02:00
NSR:StopPlace:302,Gjøvik stasjon,2026-06-29T04:34:00+02:00,2026-06-29T04:40:44+02:00,2026-06-29T04:40:44+02:00,404.0,1,Oslo S,VYG:Line:R31,Skøyen-Jaren-Gjøvik,R31,rail,VYG:ServiceJourney:202_465808-R,True,actual,False,,,,,2026-06-29T04:51:53.120134+02:00
NSR:StopPlace:59649,Nydalen stasjon,2026-06-29T03:33:00+02:00,2026-06-29T03:39:25+02:00,2026-06-29T03:39:25+02:00,385.0,1,Oslo lufthavn,NBU:Line:cb7b555c-f96e-42d5-84bf-a5e08c0145c2,Radiumhospitalet via Økern-Storo-Tåsen,FB3,bus,NBU:ServiceJourney:2a1f9e25-a384-4773-a648-91bce13fb380,True,actual,False,,,,,2026-06-29T04:02:08.881682+02:00
NSR:StopPlace:59643,Grefsen stasjon,2026-06-29T03:38:00+02:00,2026-06-29T03:43:35+02:00,2026-06-29T03:43:35+02:00,335.0,1,Oslo lufthavn,NBU:Line:cb7b555c-f96e-42d5-84bf-a5e08c0145c2,Radiumhospitalet via Økern-Storo-Tåsen,FB3,bus,NBU:ServiceJourney:2a1f9e25-a384-4773-a648-91bce13fb380,True,actual,False,,,,,2026-06-29T04:02:08.881682+02:00
NSR:StopPlace:58917,Marnardal stasjon,2026-06-29T04:16:00+02:00,2026-06-29T04:21:26+02:00,2026-06-29T04:21:26+02:00,326.0,1,Stavanger,GOA:Line:50,Sørtoget region,F5,rail,GOA:ServiceJourney:725-LOD_68591-R,True,actual,False,,,,,2026-06-29T04:41:59.093800+02:00
NSR:StopPlace:58868,Årnes stasjon,2026-06-29T04:45:00+02:00,2026-06-29T04:50:17+02:00,2026-06-29T04:50:17+02:00,317.0,1,Rånåsfoss,RUT:Line:455,Årnes -Rånåsfoss,455,bus,RUT:ServiceJourney:21e493e02f3968f088a95f1d7667cb9f,True,actual,False,,,,,2026-06-29T04:51:53.120134+02:00
NSR:StopPlace:59649,Nydalen stasjon,2026-06-29T04:03:00+02:00,2026-06-29T04:08:04+02:00,2026-06-29T04:08:04+02:00,304.0,1,Oslo lufthavn,NBU:Line:cb7b555c-f96e-42d5-84bf-a5e08c0145c2,Radiumhospitalet via Økern-Storo-Tåsen,FB3,bus,NBU:ServiceJourney:140f97bd-3ebd-470f-b17f-80ea94bc611f,True,actual,False,,,,,2026-06-29T04:32:03.942223+02:00
NSR:StopPlace:58892,Audnedal stasjon,2026-06-29T04:31:00+02:00,2026-06-29T04:36:00+02:00,2026-06-29T04:36:00+02:00,300.0,1,Stavanger,GOA:Line:50,Sørtoget region,F5,rail,GOA:ServiceJourney:725-LOD_68591-R,True,actual,False,,,,,2026-06-29T04:51:53.120134+02:00
NSR:StopPlace:425,Vinstra stasjon,2026-06-29T02:27:00+02:00,2026-06-29T02:31:53+02:00,2026-06-29T02:31:53+02:00,293.0,1,Trondheim S,SJN:Line:21,Dovrebanen,F6,rail,SJN:ServiceJourney:80405-LOD_37873-R,True,actual,False,,,,,2026-06-29T02:51:49.225889+02:00
NSR:StopPlace:58833,Gol stasjon,2026-06-29T02:09:00+02:00,2026-06-29T02:13:30+02:00,2026-06-29T02:13:30+02:00,270.0,1,Bergen,VYG:Line:F4,Oslo S-Bergen,F4,rail,VYG:ServiceJourney:605-LOD_548175-R,True,actual,False,,,,,2026-06-29T02:32:02.137914+02:00
NSR:StopPlace:58821,Hjerkinn stasjon,2026-06-29T04:01:00+02:00,2026-06-29T04:05:29+02:00,2026-06-29T04:05:29+02:00,269.0,1,Trondheim S,SJN:Line:21,Dovrebanen,F6,rail,SJN:ServiceJourney:80405-LOD_37873-R,True,actual,False,,,,,2026-06-29T04:21:49.573788+02:00
NSR:StopPlace:61608,Kristiansand stasjon,2026-06-29T03:45:00+02:00,2026-06-29T03:49:24+02:00,2026-06-29T03:49:24+02:00,264.0,1,Stavanger,GOA:Line:50,Sørtoget region,F5,rail,GOA:ServiceJourney:725-LOD_68591-R,True,actual,False,,,,,2026-06-29T04:06:11.774165+02:00
NSR:StopPlace:58920,Snartemo stasjon,2026-06-29T04:40:00+02:00,2026-06-29T04:44:21+02:00,2026-06-29T04:44:21+02:00,261.0,1,Stavanger,GOA:Line:50,Sørtoget region,F5,rail,GOA:ServiceJourney:725-LOD_68591-R,True,actual,False,,,,,2026-06-29T04:51:53.120134+02:00
NSR:StopPlace:58918,Nodeland stasjon,2026-06-29T03:56:00+02:00,2026-06-29T03:59:38+02:00,2026-06-29T03:59:38+02:00,218.0,1,Stavanger,GOA:Line:50,Sørtoget region,F5,rail,GOA:ServiceJourney:725-LOD_68591-R,True,actual,False,,,,,2026-06-29T04:21:49.573788+02:00
NSR:StopPlace:58841,Ål stasjon,2026-06-29T02:31:00+02:00,2026-06-29T02:34:35+02:00,2026-06-29T02:34:35+02:00,215.0,1,Bergen,VYG:Line:F4,Oslo S-Bergen,F4,rail,VYG:ServiceJourney:605-LOD_548175-R,True,actual,False,,,,,2026-06-29T02:51:49.225889+02:00
NSR:StopPlace:59616,Asker stasjon,2026-06-29T04:40:00+02:00,2026-06-29T04:43:14+02:00,2026-06-29T04:43:14+02:00,194.0,1,Stavanger,GOA:Line:50,Sørtoget region,F5,rail,GOA:ServiceJourney:705-LOD_63224-R,True,actual,False,,,,,2026-06-29T04:51:53.120134+02:00
NSR:StopPlace:17,Ringebu stasjon,2026-06-29T02:09:00+02:00,2026-06-29T02:12:09+02:00,2026-06-29T02:12:09+02:00,189.0,1,Trondheim S,SJN:Line:21,Dovrebanen,F6,rail,SJN:ServiceJourney:80405-LOD_37873-R,True,actual,False,,,,,2026-06-29T02:32:02.137914+02:00
NSR:StopPlace:610,Sandvika stasjon,2026-06-29T04:34:00+02:00,2026-06-29T04:37:04+02:00,2026-06-29T04:37:04+02:00,184.0,1,Stavanger,GOA:Line:50,Sørtoget region,F5,rail,GOA:ServiceJourney:705-LOD_63224-R,True,actual,False,,,,,2026-06-29T04:51:53.120134+02:00
NSR:StopPlace:58812,Os stasjon,2026-06-29T04:28:00+02:00,2026-06-29T04:31:03+02:00,2026-06-29T04:31:03+02:00,183.0,1,Hamar,SJN:Line:25,Rørosbanen,R60,rail,SJN:ServiceJourney:2378_30115-R,True,actual,False,,,,,2026-06-29T04:51:53.120134+02:00
NSR:StopPlace:58966,Porsgrunn stasjon,2026-06-29T04:09:00+02:00,2026-06-29T04:11:48+02:00,2026-06-29T04:11:48+02:00,168.0,1,Eidsvoll,VYG:Line:RE11,Eidsvoll-Oslo S-Skien,RE11,rail,VYG:ServiceJourney:80802_550397-R,True,actual,False,,,,,2026-06-29T04:32:03.942223+02:00
NSR:StopPlace:58404,Nationaltheatret,2026-06-29T02:34:00+02:00,2026-06-29T02:36:48+02:00,2026-06-29T02:36:48+02:00,168.0,1,Helsfyr,RUT:Line:37,Nydalen T - Helsfyr,37,bus,RUT:ServiceJourney:77c31f85027713b634cc8572e5979438,True,actual,False,,,,,2026-06-29T02:51:49.225889+02:00
NSR:StopPlace:58924,Bryne stasjon,2026-06-29T04:46:00+02:00,2026-06-29T04:48:45+02:00,2026-06-29T04:48:45+02:00,165.0,1,Oslo S,GOA:Line:50,Sørtoget region,F5,rail,GOA:ServiceJourney:704-STV_68524-R,True,actual,False,,,,,2026-06-29T04:51:53.120134+02:00
NSR:StopPlace:58856,Lysaker stasjon,2026-06-29T04:29:00+02:00,2026-06-29T04:31:43+02:00,2026-06-29T04:31:43+02:00,163.0,1,Stavanger,GOA:Line:50,Sørtoget region,F5,rail,GOA:ServiceJourney:705-LOD_63224-R,True,actual,False,,,,,2026-06-29T04:51:53.120134+02:00
NSR:StopPlace:58814,Tolga stasjon,2026-06-29T04:41:00+02:00,2026-06-29T04:43:41+02:00,2026-06-29T04:43:41+02:00,161.0,1,Hamar,SJN:Line:25,Rørosbanen,R60,rail,SJN:ServiceJourney:2378_30115-R,True,actual,False,,,,,2026-06-29T04:51:53.120134+02:00
NSR:StopPlace:59650,Nyland stasjon,2026-06-29T03:52:00+02:00,2026-06-29T03:54:41+02:00,2026-06-29T03:54:41+02:00,161.0,1,Oslo lufthavn,NBU:Line:cb7b555c-f96e-42d5-84bf-a5e08c0145c2,Radiumhospitalet via Økern-Storo-Tåsen,FB3,bus,NBU:ServiceJourney:2a1f9e25-a384-4773-a648-91bce13fb380,True,actual,False,,,,,2026-06-29T04:11:50.104477+02:00
NSR:StopPlace:58404,Nationaltheatret,2026-06-29T04:04:00+02:00,2026-06-29T04:06:40+02:00,2026-06-29T04:06:40+02:00,160.0,1,Helsfyr,RUT:Line:37,Nydalen T - Helsfyr,37,bus,RUT:ServiceJourney:4dace811fd14b434f3c73ca73d67192a,True,actual,False,,,,,2026-06-29T04:21:49.573788+02:00
NSR:StopPlace:58404,Nationaltheatret,2026-06-29T04:21:00+02:00,2026-06-29T04:23:33+02:00,2026-06-29T04:23:33+02:00,153.0,1,Nydalen T,RUT:Line:37,Nydalen T - Helsfyr,37,bus,RUT:ServiceJourney:75db274b4db855838c709e7b9155ac48,True,actual,False,,,,,2026-06-29T04:41:59.093800+02:00
NSR:StopPlace:59651,Skøyen stasjon,2026-06-29T04:25:00+02:00,2026-06-29T04:27:28+02:00,2026-06-29T04:27:28+02:00,148.0,1,Stavanger,GOA:Line:50,Sørtoget region,F5,rail,GOA:ServiceJourney:705-LOD_63224-R,True,actual,False,,,,,2026-06-29T04:51:53.120134+02:00
NSR:StopPlace:58404,Nationaltheatret,2026-06-29T04:34:00+02:00,2026-06-29T04:36:21+02:00,2026-06-29T04:36:21+02:00,141.0,1,Helsfyr,RUT:Line:37,Nydalen T - Helsfyr,37,bus,RUT:ServiceJourney:b620663bea5ff8db8fa11f4ae960624f,True,actual,False,,,,,2026-06-29T04:51:53.120134+02:00
NSR:StopPlace:59651,Skøyen stasjon,2026-06-29T04:11:00+02:00,2026-06-29T04:13:21+02:00,2026-06-29T04:13:21+02:00,141.0,1,Grorud T,RUT:Line:31,Snarøya - Fornebu - Tonsenhagen - Grorud,31,bus,RUT:ServiceJourney:251890f7e7888a8d1e3a0bc8bd737338,True,actual,False,,,,,2026-06-29T04:32:03.942223+02:00
NSR:StopPlace:58884,Skien stasjon,2026-06-29T04:00:00+02:00,2026-06-29T04:02:15+02:00,2026-06-29T04:02:15+02:00,135.0,1,Eidsvoll,VYG:Line:RE11,Eidsvoll-Oslo S-Skien,RE11,rail,VYG:ServiceJourney:80802_550397-R,True,actual,False,,,,,2026-06-29T04:21:49.573788+02:00
NSR:StopPlace:708,Stange stasjon,2026-06-29T04:33:00+02:00,2026-06-29T04:35:10+02:00,2026-06-29T04:35:10+02:00,130.0,1,Skien,VYG:Line:RE11,Eidsvoll-Oslo S-Skien,RE11,rail,VYG:ServiceJourney:300-80803-HHS_658722-R,True,actual,False,,,,,2026-06-29T04:51:53.120134+02:00
NSR:StopPlace:58404,Nationaltheatret,2026-06-29T04:28:00+02:00,2026-06-29T04:30:09+02:00,2026-06-29T04:30:09+02:00,129.0,1,Oslo Lufthavn,FLT:Line:FLY1,FLY1,FLY1,rail,FLT:ServiceJourney:1-2614-83701-20260629,True,actual,False,,,,,2026-06-29T04:51:53.120134+02:00
NSR:StopPlace:58404,Nationaltheatret,2026-06-29T02:55:00+02:00,2026-06-29T02:57:09+02:00,2026-06-29T02:57:09+02:00,129.0,1,Fornebu,RUT:Line:31,Snarøya - Fornebu - Tonsenhagen - Grorud,31,bus,RUT:ServiceJourney:8e7f740aa6d87e5c1f8ef5cffffa3ce9,True,actual,False,,,,,2026-06-29T03:21:48.436954+02:00
NSR:StopPlace:58404,Nationaltheatret,2026-06-29T03:21:00+02:00,2026-06-29T03:23:05+02:00,2026-06-29T03:23:05+02:00,125.0,1,Nydalen T,RUT:Line:37,Nydalen T - Helsfyr,37,bus,RUT:ServiceJourney:e5a316bb2a92a31625c794d3479128eb,True,actual,False,,,,,2026-06-29T03:41:54.838185+02:00
NSR:StopPlace:58404,Nationaltheatret,2026-06-29T02:04:00+02:00,2026-06-29T02:06:05+02:00,2026-06-29T02:06:05+02:00,125.0,1,Helsfyr,RUT:Line:37,Nydalen T - Helsfyr,37,bus,RUT:ServiceJourney:a0c03d632474fcb50eb4b51d694ccf32,True,actual,False,,,,,2026-06-29T02:21:52.402392+02:00
NSR:StopPlace:59651,Skøyen stasjon,2026-06-29T04:24:00+02:00,2026-06-29T04:26:03+02:00,2026-06-29T04:26:03+02:00,123.0,1,Oslo Lufthavn,FLT:Line:FLY1,FLY1,FLY1,rail,FLT:ServiceJourney:1-2614-83701-20260629,True,actual,False,,,,,2026-06-29T04:41:59.093800+02:00
NSR:StopPlace:59648,Kjelsås stasjon,2026-06-29T04:18:00+02:00,2026-06-29T04:19:56+02:00,2026-06-29T04:19:56+02:00,116.0,1,Majorstuen,RUT:Line:3911,Majorstuen - Kjelsås,11N,bus,RUT:ServiceJourney:89856b174c6c9ebeaac04c65790310bb,True,actual,False,,,,,2026-06-29T04:41:59.093800+02:00
NSR:StopPlace:59650,Nyland stasjon,2026-06-29T04:23:00+02:00,2026-06-29T04:24:56+02:00,2026-06-29T04:24:56+02:00,116.0,1,Jernbanetorget,RUT:Line:3905,Jernbanetorget - Vestli T,5N,bus,RUT:ServiceJourney:4aaffbf1dcca94d4678ae9e68581bbd0,True,actual,False,Holdeplass Haslevangen i retning mot Oslo sentrum er midlertidig lagt ned.,Dette skyldes et større byggearbeid i området. Nærmeste holdeplass er Hasle.,incident,normal,2026-06-29T04:41:59.093800+02:00
NSR:StopPlace:358,Ustaoset stasjon,2026-06-29T02:30:00+02:00,2026-06-29T02:31:47+02:00,2026-06-29T02:31:47+02:00,107.0,1,Oslo S,VYG:Line:F4,Oslo S-Bergen,F4,rail,VYG:ServiceJourney:606-BRG_548176-R,True,actual,False,,,,,2026-06-29T02:51:49.225889+02:00
NSR:StopPlace:61295,Haugastøl stasjon,2026-06-29T02:18:00+02:00,2026-06-29T02:19:46+02:00,2026-06-29T02:19:46+02:00,106.0,1,Oslo S,VYG:Line:F4,Oslo S-Bergen,F4,rail,VYG:ServiceJourney:606-BRG_548176-R,True,actual,False,,,,,2026-06-29T02:41:53.181578+02:00
NSR:StopPlace:59648,Kjelsås stasjon,2026-06-29T03:40:00+02:00,2026-06-29T03:41:44+02:00,2026-06-29T03:41:44+02:00,104.0,1,Jernbanetorget,RUT:Line:54,Kværnerbyen - Kjelsås stasjon,54,bus,RUT:ServiceJourney:ec34a56ec9370798fc2a1e55944ddf3b,True,actual,False,,,,,2026-06-29T04:02:08.881682+02:00
NSR:StopPlace:62341,Tangen stasjon,2026-06-29T04:42:00+02:00,2026-06-29T04:43:43+02:00,2026-06-29T04:43:43+02:00,103.0,1,Skien,VYG:Line:RE11,Eidsvoll-Oslo S-Skien,RE11,rail,VYG:ServiceJourney:300-80803-HHS_658722-R,True,actual,False,,,,,2026-06-29T04:51:53.120134+02:00
NSR:StopPlace:58856,Lysaker stasjon,2026-06-29T02:06:00+02:00,2026-06-29T02:07:39+02:00,2026-06-29T02:07:39+02:00,99.0,1,Grorud T,RUT:Line:31,Snarøya - Fornebu - Tonsenhagen - Grorud,31,bus,RUT:ServiceJourney:4d0d391ef662b1d2f0e6d76391ce6c15,True,actual,False,,,,,2026-06-29T02:32:02.137914+02:00
NSR:StopPlace:6,Greverud stasjon,2026-06-29T04:48:00+02:00,2026-06-29T04:49:38+02:00,2026-06-29T04:49:38+02:00,98.0,1,Spikkestad,VYG:Line:L2,Stabekk-Oslo S-Ski,L2,rail,VYG:ServiceJourney:82704_466520-R,True,actual,False,,,,,2026-06-29T04:51:53.120134+02:00
NSR:StopPlace:58854,Langhus stasjon,2026-06-29T04:42:00+02:00,2026-06-29T04:43:38+02:00,2026-06-29T04:43:38+02:00,98.0,1,Spikkestad,VYG:Line:L2,Stabekk-Oslo S-Ski,L2,rail,VYG:ServiceJourney:82704_466520-R,True,actual,False,,,,,2026-06-29T04:51:53.120134+02:00
NSR:StopPlace:59620,Grorud stasjon,2026-06-29T03:54:00+02:00,2026-06-29T03:55:36+02:00,2026-06-29T03:55:36+02:00,96.0,1,Oslo lufthavn,NBU:Line:cb7b555c-f96e-42d5-84bf-a5e08c0145c2,Radiumhospitalet via Økern-Storo-Tåsen,FB3,bus,NBU:ServiceJourney:2a1f9e25-a384-4773-a648-91bce13fb380,True,actual,False,,,,,2026-06-29T04:11:50.104477+02:00
NSR:StopPlace:58404,Nationaltheatret,2026-06-29T03:04:00+02:00,2026-06-29T03:05:36+02:00,2026-06-29T03:05:36+02:00,96.0,1,Helsfyr,RUT:Line:37,Nydalen T - Helsfyr,37,bus,RUT:ServiceJourney:e313f7c279c1c719246ae70f985f370b,True,actual,False,,,,,2026-06-29T03:21:48.436954+02:00
NSR:StopPlace:59650,Nyland stasjon,2026-06-29T03:53:00+02:00,2026-06-29T03:54:34+02:00,2026-06-29T03:54:34+02:00,94.0,1,Jernbanetorget,RUT:Line:3905,Jernbanetorget - Vestli T,5N,bus,RUT:ServiceJourney:f81a8f9b17281815c0b6ff87511018a8,True,actual,False,,,,,2026-06-29T04:11:50.104477+02:00
NSR:StopPlace:58860,Oppegård stasjon,2026-06-29T04:46:00+02:00,2026-06-29T04:47:33+02:00,2026-06-29T04:47:33+02:00,93.0,1,Spikkestad,VYG:Line:L2,Stabekk-Oslo S-Ski,L2,rail,VYG:ServiceJourney:82704_466520-R,True,actual,False,,,,,2026-06-29T04:51:53.120134+02:00
NSR:StopPlace:61608,Kristiansand stasjon,2026-06-29T02:17:00+02:00,2026-06-29T02:18:31+02:00,2026-06-29T02:18:31+02:00,91.0,1,Oslo S,GOA:Line:50,Sørtoget region,F5,rail,GOA:ServiceJourney:726-KVB_68408-R,True,actual,False,,,,,2026-06-29T02:41:53.181578+02:00
NSR:StopPlace:59643,Grefsen stasjon,2026-06-29T04:41:00+02:00,2026-06-29T04:42:29+02:00,2026-06-29T04:42:29+02:00,89.0,1,Lysaker,RUT:Line:23,Lysaker - Simensbråten,23,bus,RUT:ServiceJourney:2fa945268492c17e8bc0c0a4423a39fa,True,actual,False,,,,,2026-06-29T04:51:53.120134+02:00
NSR:StopPlace:58816,Dombås stasjon,2026-06-29T02:18:00+02:00,2026-06-29T02:19:29+02:00,2026-06-29T02:19:29+02:00,89.0,1,Oslo S,SJN:Line:21,Dovrebanen,F6,rail,SJN:ServiceJourney:80406-HMD_46520-R,True,actual,False,,,,,2026-06-29T02:41:53.181578+02:00
NSR:StopPlace:59647,Dal stasjon,2026-06-29T04:05:00+02:00,2026-06-29T04:06:28+02:00,2026-06-29T04:06:28+02:00,88.0,1,Oslo lufthavn,RUT:Line:430,Eidsvoll - Jessheim,430,bus,RUT:ServiceJourney:3ead495017de5c0bc4df850c64fd6287,True,actual,False,,,,,2026-06-29T04:21:49.573788+02:00
NSR:StopPlace:4,Otta stasjon,2026-06-29T02:57:00+02:00,2026-06-29T02:58:28+02:00,2026-06-29T02:58:28+02:00,88.0,1,Trondheim S,SJN:Line:21,Dovrebanen,F6,rail,SJN:ServiceJourney:80405-LOD_37873-R,True,actual,False,,,,,2026-06-29T03:21:48.436954+02:00
NSR:StopPlace:58844,Eidsvoll stasjon,2026-06-29T03:41:00+02:00,2026-06-29T03:42:27+02:00,2026-06-29T03:42:27+02:00,87.0,1,Oslo lufthavn,RUT:Line:430,Eidsvoll - Jessheim,430,bus,RUT:ServiceJourney:3ead495017de5c0bc4df850c64fd6287,True,actual,False,,,,,2026-06-29T04:02:08.881682+02:00
NSR:StopPlace:58211,Oslo lufthavn,2026-06-29T04:45:00+02:00,2026-06-29T04:46:25+02:00,2026-06-29T04:46:25+02:00,85.0,1,Oslo sentrum via Helsfyr-Hasle-Bislett,NBU:Line:a7c15243-8873-4aee-a8b4-8d22e8ad31dc,Oslo sentrum via Helsfyr-Hasle-Bislett,FB5,bus,NBU:ServiceJourney:6c9728da-6c9e-4b94-b137-6101104c1330,True,actual,False,,,,,2026-06-29T04:51:53.120134+02:00
NSR:StopPlace:362,Jåttåvågen stasjon,2026-06-29T04:48:00+02:00,2026-06-29T04:49:25+02:00,2026-06-29T04:49:25+02:00,85.0,1,Egersund,GOA:Line:59,Jærbanen,L5,rail,GOA:ServiceJourney:3004_63035-R,True,actual,False,,,,,2026-06-29T04:51:53.120134+02:00
NSR:StopPlace:58890,Nelaug stasjon,2026-06-29T02:17:00+02:00,2026-06-29T02:18:25+02:00,2026-06-29T02:18:25+02:00,85.0,1,Stavanger,GOA:Line:50,Sørtoget region,F5,rail,GOA:ServiceJourney:725-LOD_68591-R,True,actual,False,,,,,2026-06-29T02:41:53.181578+02:00
NSR:StopPlace:58404,Nationaltheatret,2026-06-29T04:22:00+02:00,2026-06-29T04:23:24+02:00,2026-06-29T04:23:24+02:00,84.0,1,Stavanger,GOA:Line:50,Sørtoget region,F5,rail,GOA:ServiceJourney:705-LOD_63224-R,True,actual,False,,,,,2026-06-29T04:41:59.093800+02:00
NSR:StopPlace:59649,Nydalen stasjon,2026-06-29T03:03:00+02:00,2026-06-29T03:04:22+02:00,2026-06-29T03:04:22+02:00,82.0,1,Oslo lufthavn,NBU:Line:cb7b555c-f96e-42d5-84bf-a5e08c0145c2,Radiumhospitalet via Økern-Storo-Tåsen,FB3,bus,NBU:ServiceJourney:1acabfe4-a7c3-4f3a-8e1d-d522228235e9,True,actual,False,,,,,2026-06-29T03:21:48.436954+02:00
NSR:StopPlace:17,Ringebu stasjon,2026-06-29T03:53:00+02:00,2026-06-29T03:54:18+02:00,2026-06-29T03:54:18+02:00,78.0,1,Oslo S,SJN:Line:21,Dovrebanen,F6,rail,SJN:ServiceJourney:80406-HMD_46520-R,True,actual,False,,,,,2026-06-29T04:11:50.104477+02:00
NSR:StopPlace:58404,Nationaltheatret,2026-06-29T03:34:00+02:00,2026-06-29T03:35:18+02:00,2026-06-29T03:35:18+02:00,78.0,1,Helsfyr,RUT:Line:37,Nydalen T - Helsfyr,37,bus,RUT:ServiceJourney:fd35ad13dc52f641c14d5dece718f531,True,actual,False,,,,,2026-06-29T03:51:55.469089+02:00
NSR:StopPlace:58866,Vevelstad stasjon,2026-06-29T04:44:00+02:00,2026-06-29T04:45:17+02:00,2026-06-29T04:45:17+02:00,77.0,1,Spikkestad,VYG:Line:L2,Stabekk-Oslo S-Ski,L2,rail,VYG:ServiceJourney:82704_466520-R,True,actual,False,,,,,2026-06-29T04:51:53.120134+02:00
NSR:StopPlace:58828,Roa stasjon,2026-06-29T04:46:00+02:00,2026-06-29T04:47:17+02:00,2026-06-29T04:47:17+02:00,77.0,1,Oslo S,VYG:Line:R31,Skøyen-Jaren-Gjøvik,R31,rail,VYG:ServiceJourney:240-JAH_550324-R,True,actual,False,Normal hastighet: Grua–Roa,"Grua–Roa: Togene kjører med normal fart igjen. Togene kjører, men det kan ta litt tid før de er i rute. Du må derfor regne med forsinkelser.",general,normal,2026-06-29T04:51:53.120134+02:00
NSR:StopPlace:4,Otta stasjon,2026-06-29T03:11:00+02:00,2026-06-29T03:12:14+02:00,2026-06-29T03:12:14+02:00,74.0,1,Oslo S,SJN:Line:21,Dovrebanen,F6,rail,SJN:ServiceJourney:80406-HMD_46520-R,True,actual,False,,,,,2026-06-29T03:32:07.717258+02:00
NSR:StopPlace:59651,Skøyen stasjon,2026-06-29T02:11:00+02:00,2026-06-29T02:12:13+02:00,2026-06-29T02:12:13+02:00,73.0,1,Grorud T,RUT:Line:31,Snarøya - Fornebu - Tonsenhagen - Grorud,31,bus,RUT:ServiceJourney:4d0d391ef662b1d2f0e6d76391ce6c15,True,actual,False,,,,,2026-06-29T02:32:02.137914+02:00
NSR:StopPlace:58404,Nationaltheatret,2026-06-29T04:22:00+02:00,2026-06-29T04:23:11+02:00,2026-06-29T04:23:11+02:00,71.0,1,Grorud T,RUT:Line:31,Snarøya - Fornebu - Tonsenhagen - Grorud,31,bus,RUT:ServiceJourney:251890f7e7888a8d1e3a0bc8bd737338,True,actual,False,,,,,2026-06-29T04:41:59.093800+02:00
NSR:StopPlace:58930,Larvik stasjon,2026-06-29T04:22:00+02:00,2026-06-29T04:23:11+02:00,2026-06-29T04:23:11+02:00,71.0,1,Eidsvoll,VYG:Line:RE11,Eidsvoll-Oslo S-Skien,RE11,rail,VYG:ServiceJourney:80802_550397-R,True,actual,False,,,,,2026-06-29T04:41:59.093800+02:00
NSR:StopPlace:59872,Oslo S,2026-06-29T04:19:00+02:00,2026-06-29T04:20:09+02:00,2026-06-29T04:20:09+02:00,69.0,1,Stavanger,GOA:Line:50,Sørtoget region,F5,rail,GOA:ServiceJourney:705-LOD_63224-R,True,actual,False,,,,,2026-06-29T04:41:59.093800+02:00
NSR:StopPlace:58856,Lysaker stasjon,2026-06-29T04:06:00+02:00,2026-06-29T04:07:09+02:00,2026-06-29T04:07:09+02:00,69.0,1,Grorud T,RUT:Line:31,Snarøya - Fornebu - Tonsenhagen - Grorud,31,bus,RUT:ServiceJourney:251890f7e7888a8d1e3a0bc8bd737338,True,actual,False,,,,,2026-06-29T04:32:03.942223+02:00
NSR:StopPlace:425,Vinstra stasjon,2026-06-29T03:35:00+02:00,2026-06-29T03:36:05+02:00,2026-06-29T03:36:05+02:00,65.0,1,Oslo S,SJN:Line:21,Dovrebanen,F6,rail,SJN:ServiceJourney:80406-HMD_46520-R,True,actual,False,,,,,2026-06-29T03:51:55.469089+02:00
NSR:StopPlace:58878,Drangedal stasjon,2026-06-29T04:36:00+02:00,2026-06-29T04:37:04+02:00,2026-06-29T04:37:04+02:00,64.0,1,Oslo S,GOA:Line:50,Sørtoget region,F5,rail,GOA:ServiceJourney:726-KVB_68408-R,True,actual,False,,,,,2026-06-29T04:51:53.120134+02:00
NSR:StopPlace:610,Sandvika stasjon,2026-06-29T04:15:00+02:00,2026-06-29T04:16:03+02:00,2026-06-29T04:16:03+02:00,63.0,1,Oslo Lufthavn,FLT:Line:FLY1,FLY1,FLY1,rail,FLT:ServiceJourney:1-2614-83701-20260629,True,actual,False,,,,,2026-06-29T04:32:03.942223+02:00
NSR:StopPlace:58830,Brakerøya stasjon,2026-06-29T02:01:00+02:00,2026-06-29T02:02:03+02:00,2026-06-29T02:02:03+02:00,63.0,1,Drammen,VYG:Line:L2,Stabekk-Oslo S-Ski,L2,rail,VYG:ServiceJourney:82784_466599-R,True,actual,False,,,,,2026-06-29T02:21:52.402392+02:00
NSR:StopPlace:60045,Hamar stasjon,2026-06-29T04:24:00+02:00,2026-06-29T04:25:02+02:00,2026-06-29T04:25:02+02:00,62.0,1,Skien,VYG:Line:RE11,Eidsvoll-Oslo S-Skien,RE11,rail,VYG:ServiceJourney:300-80803-HHS_658722-R,True,actual,False,,,,,2026-06-29T04:41:59.093800+02:00
NSR:StopPlace:58891,Vegårshei stasjon,2026-06-29T03:48:00+02:00,2026-06-29T03:49:02+02:00,2026-06-29T03:49:02+02:00,62.0,1,Oslo S,GOA:Line:50,Sørtoget region,F5,rail,GOA:ServiceJourney:726-KVB_68408-R,True,actual,False,,,,,2026-06-29T04:06:11.774165+02:00
NSR:StopPlace:59638,Myrvoll stasjon,2026-06-29T04:35:00+02:00,2026-06-29T04:36:01+02:00,2026-06-29T04:36:01+02:00,61.0,1,Filipstad,RUT:Line:81,Fornebu - Myrvoll stasjon,81,bus,RUT:ServiceJourney:e6555b9c7ac320d5080f6ee18d928a14,True,actual,False,,,,,2026-06-29T04:51:53.120134+02:00
NSR:StopPlace:58404,Nationaltheatret,2026-06-29T03:25:00+02:00,2026-06-29T03:26:01+02:00,2026-06-29T03:26:01+02:00,61.0,1,Fornebu,RUT:Line:31,Snarøya - Fornebu - Tonsenhagen - Grorud,31,bus,RUT:ServiceJourney:b95056749a34fd3f9ea52098ab48b8d6,True,actual,False,,,,,2026-06-29T03:41:54.838185+02:00
NSR:StopPlace:58816,Dombås stasjon,2026-06-29T03:36:00+02:00,2026-06-29T03:36:59+02:00,2026-06-29T03:36:59+02:00,59.0,1,Trondheim S,SJN:Line:21,Dovrebanen,F6,rail,SJN:ServiceJourney:80405-LOD_37873-R,True,actual,False,,,,,2026-06-29T04:02:08.881682+02:00
NSR:StopPlace:61608,Kristiansand stasjon,2026-06-29T04:35:00+02:00,2026-06-29T04:35:57+02:00,2026-06-29T04:35:57+02:00,57.0,1,Oslo S,GOA:Line:50,Sørtoget region,F5,rail,GOA:ServiceJourney:702-KRS_68523-R,True,actual,False,,,,,2026-06-29T04:51:53.120134+02:00
NSR:StopPlace:58211,Oslo lufthavn,2026-06-29T04:38:00+02:00,2026-06-29T04:38:57+02:00,2026-06-29T04:38:57+02:00,57.0,1,Frogner,RUT:Line:425,Kløfta – Oslo lufthavn,425,bus,RUT:ServiceJourney:7bd61c481ed150c2b75f19ac0d9a38c9,True,actual,False,,,,,2026-06-29T04:51:53.120134+02:00
NSR:StopPlace:206,Mariero stasjon,2026-06-29T04:45:00+02:00,2026-06-29T04:45:56+02:00,2026-06-29T04:45:56+02:00,56.0,1,Egersund,GOA:Line:59,Jærbanen,L5,rail,GOA:ServiceJourney:3004_63035-R,True,actual,False,,,,,2026-06-29T04:51:53.120134+02:00
NSR:StopPlace:59651,Skøyen stasjon,2026-06-29T03:36:00+02:00,2026-06-29T03:36:56+02:00,2026-06-29T03:36:56+02:00,56.0,1,Fornebu,RUT:Line:31,Snarøya - Fornebu - Tonsenhagen - Grorud,31,bus,RUT:ServiceJourney:b95056749a34fd3f9ea52098ab48b8d6,True,actual,False,,,,,2026-06-29T04:02:08.881682+02:00
NSR:StopPlace:58856,Lysaker stasjon,2026-06-29T04:36:00+02:00,2026-06-29T04:36:54+02:00,2026-06-29T04:36:54+02:00,54.0,1,Grorud T,RUT:Line:31,Snarøya - Fornebu - Tonsenhagen - Grorud,31,bus,RUT:ServiceJourney:006a661c303e3b1b0c4def213dda9af1,True,actual,False,,,,,2026-06-29T04:51:53.120134+02:00
NSR:StopPlace:58856,Lysaker stasjon,2026-06-29T04:21:00+02:00,2026-06-29T04:21:53+02:00,2026-06-29T04:21:53+02:00,53.0,1,Oslo Lufthavn,FLT:Line:FLY1,FLY1,FLY1,rail,FLT:ServiceJourney:1-2614-83701-20260629,True,actual,False,,,,,2026-06-29T04:41:59.093800+02:00
NSR:StopPlace:58861,Solbråtan stasjon,2026-06-29T04:45:00+02:00,2026-06-29T04:45:52+02:00,2026-06-29T04:45:52+02:00,52.0,1,Bjørvika,RUT:Line:83,Jernbanetorget - Tårnåsen,83,bus,RUT:ServiceJourney:83dd150f4c6be97d2c1ffd9f432e81e5,True,actual,False,Linje 80E og 83 får Hausmanns bru som ny endeholdeplass fra 29. juni,"Bussene stopper ikke på Jernbanetorget etter 29. juni, men starter og stopper på Hausmanns bru i Nylandsveien.",incident,normal,2026-06-29T04:51:53.120134+02:00
NSR:StopPlace:610,Sandvika stasjon,2026-06-29T04:45:00+02:00,2026-06-29T04:45:51+02:00,2026-06-29T04:45:51+02:00,51.0,1,Oslo Lufthavn,FLT:Line:FLY1,FLY1,FLY1,rail,FLT:ServiceJourney:1-2614-83703-20260629,True,actual,False,,,,,2026-06-29T04:51:53.120134+02:00
NSR:StopPlace:59636,Holmlia stasjon,2026-06-29T04:15:00+02:00,2026-06-29T04:15:49+02:00,2026-06-29T04:15:49+02:00,49.0,1,Jernbanetorget,RUT:Line:3919,Kringsjå - Åsbråten,19N,bus,RUT:ServiceJourney:c3a70222949d0a34023866262cfbdf9e,True,actual,False,,,,,2026-06-29T04:32:03.942223+02:00
NSR:StopPlace:59648,Kjelsås stasjon,2026-06-29T04:40:00+02:00,2026-06-29T04:40:48+02:00,2026-06-29T04:40:48+02:00,48.0,1,Kværnerbyen,RUT:Line:54,Kværnerbyen - Kjelsås stasjon,54,bus,RUT:ServiceJourney:760ff5fd88307900c3d3bccd57d4da86,True,actual,False,,,,,2026-06-29T04:51:53.120134+02:00
NSR:StopPlace:59648,Kjelsås stasjon,2026-06-29T03:48:00+02:00,2026-06-29T03:48:48+02:00,2026-06-29T03:48:48+02:00,48.0,1,Majorstuen,RUT:Line:3911,Majorstuen - Kjelsås,11N,bus,RUT:ServiceJourney:eea55c56cf87cc9bd6d11e51fe0ca5f4,True,actual,False,,,,,2026-06-29T04:06:11.774165+02:00
NSR:StopPlace:8,Paradis stasjon,2026-06-29T04:42:00+02:00,2026-06-29T04:42:43+02:00,2026-06-29T04:42:43+02:00,43.0,1,Egersund,GOA:Line:59,Jærbanen,L5,rail,GOA:ServiceJourney:3004_63035-R,True,actual,False,,,,,2026-06-29T04:51:53.120134+02:00
NSR:StopPlace:58404,Nationaltheatret,2026-06-29T04:51:00+02:00,2026-06-29T04:51:42+02:00,2026-06-29T04:51:42+02:00,42.0,1,Nydalen T,RUT:Line:37,Nydalen T - Helsfyr,37,bus,RUT:ServiceJourney:b38958ebcf689aa0c07008eff4d8898a,True,actual,False,,,,,2026-06-29T04:51:53.120134+02:00
NSR:StopPlace:58845,Eidsvoll verk stasjon,2026-06-29T03:55:00+02:00,2026-06-29T03:55:42+02:00,2026-06-29T03:55:42+02:00,42.0,1,Oslo lufthavn,RUT:Line:430,Eidsvoll - Jessheim,430,bus,RUT:ServiceJourney:3ead495017de5c0bc4df850c64fd6287,True,actual,False,,,,,2026-06-29T04:11:50.104477+02:00
NSR:StopPlace:58868,Årnes stasjon,2026-06-29T03:40:00+02:00,2026-06-29T03:40:42+02:00,2026-06-29T03:40:42+02:00,42.0,1,Oslo lufthavn,RUT:Line:450,Årnes - Oslo lufthavn,450,bus,RUT:ServiceJourney:2608dc61bf59701367a900ab7d82e792,True,actual,False,,,,,2026-06-29T03:51:55.469089+02:00
NSR:StopPlace:58872,Sandefjord stasjon,2026-06-29T04:42:00+02:00,2026-06-29T04:42:41+02:00,2026-06-29T04:42:41+02:00,41.0,1,Eidsvoll,VYG:Line:RE11,Eidsvoll-Oslo S-Skien,RE11,rail,VYG:ServiceJourney:80802_550397-R,True,actual,False,,,,,2026-06-29T04:51:53.120134+02:00
NSR:StopPlace:59651,Skøyen stasjon,2026-06-29T03:47:00+02:00,2026-06-29T03:47:41+02:00,2026-06-29T03:47:41+02:00,41.0,1,Helsfyr T,RUT:Line:20,Skøyen - Galgeberg,20,bus,RUT:ServiceJourney:3a521e5c43976d20968ff125a83fc942,True,actual,False,,,,,2026-06-29T04:06:11.774165+02:00
NSR:StopPlace:59648,Kjelsås stasjon,2026-06-29T03:18:00+02:00,2026-06-29T03:18:41+02:00,2026-06-29T03:18:41+02:00,41.0,1,Jernbanetorget,RUT:Line:3911,Majorstuen - Kjelsås,11N,bus,RUT:ServiceJourney:b717a8053e797b6b07113346f462a0fb,True,actual,False,,,,,2026-06-29T03:41:54.838185+02:00
NSR:StopPlace:58404,Nationaltheatret,2026-06-29T02:52:00+02:00,2026-06-29T02:52:41+02:00,2026-06-29T02:52:41+02:00,41.0,1,Grorud T,RUT:Line:31,Snarøya - Fornebu - Tonsenhagen - Grorud,31,bus,RUT:ServiceJourney:94a2b6922eaed4a9b0a1fe3b711e0a95,True,actual,False,,,,,2026-06-29T03:11:52.865945+02:00
NSR:StopPlace:59872,Oslo S,2026-06-29T04:34:00+02:00,2026-06-29T04:34:40+02:00,2026-06-29T04:34:40+02:00,40.0,1,Oslo Lufthavn,FLT:Line:FLY1,FLY1,FLY1,rail,FLT:ServiceJourney:1-2614-83701-20260629,True,actual,False,,,,,2026-06-29T04:51:53.120134+02:00
NSR:StopPlace:59648,Kjelsås stasjon,2026-06-29T04:10:00+02:00,2026-06-29T04:10:39+02:00,2026-06-29T04:10:39+02:00,39.0,1,Jernbanetorget,RUT:Line:54,Kværnerbyen - Kjelsås stasjon,54,bus,RUT:ServiceJourney:a2ee59e3f9d92f2a2aa9678d578be5bd,True,actual,False,,,,,2026-06-29T04:32:03.942223+02:00
NSR:StopPlace:58856,Lysaker stasjon,2026-06-29T02:36:00+02:00,2026-06-29T02:36:38+02:00,2026-06-29T02:36:38+02:00,38.0,1,Grorud T,RUT:Line:31,Snarøya - Fornebu - Tonsenhagen - Grorud,31,bus,RUT:ServiceJourney:94a2b6922eaed4a9b0a1fe3b711e0a95,True,actual,False,,,,,2026-06-29T02:51:49.225889+02:00
NSR:StopPlace:58798,Rakkestad stasjon,2026-06-29T04:29:00+02:00,2026-06-29T04:29:37+02:00,2026-06-29T04:29:37+02:00,37.0,1,Oslo S,VYG:Line:R22,Skøyen-Oslo S-Mysen-Rakkestad,R22,rail,VYG:ServiceJourney:1904_443438-R,True,actual,False,,,,,2026-06-29T04:51:53.120134+02:00
NSR:StopPlace:58853,Kolbotn stasjon,2026-06-29T04:49:00+02:00,2026-06-29T04:49:37+02:00,2026-06-29T04:49:37+02:00,37.0,1,Bjørvika,RUT:Line:83,Jernbanetorget - Tårnåsen,83,bus,RUT:ServiceJourney:83dd150f4c6be97d2c1ffd9f432e81e5,True,actual,False,Linje 80E og 83 får Hausmanns bru som ny endeholdeplass fra 29. juni,"Bussene stopper ikke på Jernbanetorget etter 29. juni, men starter og stopper på Hausmanns bru i Nylandsveien.",incident,normal,2026-06-29T04:51:53.120134+02:00
NSR:StopPlace:58890,Nelaug stasjon,2026-06-29T03:32:00+02:00,2026-06-29T03:32:37+02:00,2026-06-29T03:32:37+02:00,37.0,1,Oslo S,GOA:Line:50,Sørtoget region,F5,rail,GOA:ServiceJourney:726-KVB_68408-R,True,actual,False,,,,,2026-06-29T03:51:55.469089+02:00
NSR:StopPlace:58858,Nittedal stasjon,2026-06-29T04:50:00+02:00,2026-06-29T04:50:36+02:00,2026-06-29T04:50:36+02:00,36.0,1,Lørenskog sentrum,RUT:Line:385,Nittedal stasjon - Olavsgaard - Ahus,385,bus,RUT:ServiceJourney:224dd17e0dd42a9775ffb43f6f878482,True,actual,False,,,,,2026-06-29T04:51:53.120134+02:00
NSR:StopPlace:58847,Frogner stasjon,2026-06-29T04:08:00+02:00,2026-06-29T04:08:36+02:00,2026-06-29T04:08:36+02:00,36.0,1,Oslo lufthavn,RUT:Line:425,Kløfta – Oslo lufthavn,425,bus,RUT:ServiceJourney:0e651ae17632923345399b1ac8789c3f,True,actual,False,,,,,2026-06-29T04:11:50.104477+02:00
NSR:StopPlace:59643,Grefsen stasjon,2026-06-29T03:08:00+02:00,2026-06-29T03:08:36+02:00,2026-06-29T03:08:36+02:00,36.0,1,Oslo lufthavn,NBU:Line:cb7b555c-f96e-42d5-84bf-a5e08c0145c2,Radiumhospitalet via Økern-Storo-Tåsen,FB3,bus,NBU:ServiceJourney:1acabfe4-a7c3-4f3a-8e1d-d522228235e9,True,actual,False,,,,,2026-06-29T03:32:07.717258+02:00
NSR:StopPlace:59651,Skøyen stasjon,2026-06-29T03:41:00+02:00,2026-06-29T03:41:34+02:00,2026-06-29T03:41:34+02:00,34.0,1,Grorud T,RUT:Line:31,Snarøya - Fornebu - Tonsenhagen - Grorud,31,bus,RUT:ServiceJourney:cbf5923fa918fd6af149c0feba06ca56,True,actual,False,,,,,2026-06-29T04:02:08.881682+02:00
NSR:StopPlace:59648,Kjelsås stasjon,2026-06-29T02:18:00+02:00,2026-06-29T02:18:34+02:00,2026-06-29T02:18:34+02:00,34.0,1,Jernbanetorget,RUT:Line:3911,Majorstuen - Kjelsås,11N,bus,RUT:ServiceJourney:4e1847898d0362ea3740d9b966818d1b,True,actual,False,,,,,2026-06-29T02:32:02.137914+02:00
NSR:StopPlace:60944,Ski stasjon,2026-06-29T04:39:00+02:00,2026-06-29T04:39:33+02:00,2026-06-29T04:39:33+02:00,33.0,1,Spikkestad,VYG:Line:L2,Stabekk-Oslo S-Ski,L2,rail,VYG:ServiceJourney:82704_466520-R,True,actual,False,,,,,2026-06-29T04:51:53.120134+02:00
NSR:StopPlace:58889,Gjerstad stasjon,2026-06-29T04:08:00+02:00,2026-06-29T04:08:33+02:00,2026-06-29T04:08:33+02:00,33.0,1,Oslo S,GOA:Line:50,Sørtoget region,F5,rail,GOA:ServiceJourney:726-KVB_68408-R,True,actual,False,,,,,2026-06-29T04:32:03.942223+02:00
NSR:StopPlace:53,Røros stasjon,2026-06-29T04:18:00+02:00,2026-06-29T04:18:32+02:00,2026-06-29T04:18:32+02:00,32.0,1,Hamar,SJN:Line:25,Rørosbanen,R60,rail,SJN:ServiceJourney:2378_30115-R,True,actual,False,,,,,2026-06-29T04:41:59.093800+02:00
NSR:StopPlace:58856,Lysaker stasjon,2026-06-29T02:11:00+02:00,2026-06-29T02:11:32+02:00,2026-06-29T02:11:32+02:00,32.0,1,Fornebu,RUT:Line:31,Snarøya - Fornebu - Tonsenhagen - Grorud,31,bus,RUT:ServiceJourney:c4014a2a311e906779eb465205273791,True,actual,False,,,,,2026-06-29T02:32:02.137914+02:00
NSR:StopPlace:59651,Skøyen stasjon,2026-06-29T02:41:00+02:00,2026-06-29T02:41:31+02:00,2026-06-29T02:41:31+02:00,31.0,1,Grorud T,RUT:Line:31,Snarøya - Fornebu - Tonsenhagen - Grorud,31,bus,RUT:ServiceJourney:94a2b6922eaed4a9b0a1fe3b711e0a95,True,actual,False,,,,,2026-06-29T03:02:13.346139+02:00
NSR:StopPlace:59616,Asker stasjon,2026-06-29T04:09:00+02:00,2026-06-29T04:09:30+02:00,2026-06-29T04:09:30+02:00,30.0,1,Oslo Lufthavn,FLT:Line:FLY1,FLY1,FLY1,rail,FLT:ServiceJourney:1-2614-83701-20260629,True,actual,False,,,,,2026-06-29T04:32:03.942223+02:00
NSR:StopPlace:58921,Vennesla stasjon,2026-06-29T02:36:00+02:00,2026-06-29T02:36:30+02:00,2026-06-29T02:36:30+02:00,30.0,1,Oslo S,GOA:Line:50,Sørtoget region,F5,rail,GOA:ServiceJourney:726-KVB_68408-R,True,actual,False,,,,,2026-06-29T02:51:49.225889+02:00
NSR:StopPlace:58947,Steinkjer stasjon,2026-06-29T04:32:00+02:00,2026-06-29T04:32:29+02:00,2026-06-29T04:32:29+02:00,29.0,1,Ler,SJN:Line:26,Trønderbanen,R70,rail,SJN:ServiceJourney:420_45429-R,True,actual,False,,,,,2026-06-29T04:51:53.120134+02:00
NSR:StopPlace:58856,Lysaker stasjon,2026-06-29T03:06:00+02:00,2026-06-29T03:06:29+02:00,2026-06-29T03:06:29+02:00,29.0,1,Grorud T,RUT:Line:31,Snarøya - Fornebu - Tonsenhagen - Grorud,31,bus,RUT:ServiceJourney:9d658e631160f2a78d86d275152b36e8,True,actual,False,,,,,2026-06-29T03:21:48.436954+02:00
NSR:StopPlace:58404,Nationaltheatret,2026-06-29T03:22:00+02:00,2026-06-29T03:22:28+02:00,2026-06-29T03:22:28+02:00,28.0,1,Grorud T,RUT:Line:31,Snarøya - Fornebu - Tonsenhagen - Grorud,31,bus,RUT:ServiceJourney:9d658e631160f2a78d86d275152b36e8,True,actual,False,,,,,2026-06-29T03:41:54.838185+02:00
NSR:StopPlace:58404,Nationaltheatret,2026-06-29T04:47:00+02:00,2026-06-29T04:47:25+02:00,2026-06-29T04:47:25+02:00,25.0,1,Kjelsås,RUT:Line:3912,Majorstuen - Kjelsås,12N,bus,RUT:ServiceJourney:3a0f484789aef611ce2394f8c09889f0,True,actual,False,,,,,2026-06-29T04:51:53.120134+02:00
NSR:StopPlace:58823,Jaren stasjon,2026-06-29T04:30:00+02:00,2026-06-29T04:30:25+02:00,2026-06-29T04:30:25+02:00,25.0,1,Oslo S,VYG:Line:R31,Skøyen-Jaren-Gjøvik,R31,rail,VYG:ServiceJourney:240-JAH_550324-R,True,actual,False,,,,,2026-06-29T04:51:53.120134+02:00
NSR:StopPlace:60053,Halden stasjon,2026-06-29T04:05:00+02:00,2026-06-29T04:05:24+02:00,2026-06-29T04:05:24+02:00,24.0,1,Oslo S,VYG:Line:RE20,Oslo S-Halden-Göteborg-Malmö (X-Border),RE20,rail,VYG:ServiceJourney:102_508938-R,True,actual,False,,,,,2026-06-29T04:21:49.573788+02:00
NSR:StopPlace:58856,Lysaker stasjon,2026-06-29T03:36:00+02:00,2026-06-29T03:36:24+02:00,2026-06-29T03:36:24+02:00,24.0,1,Grorud T,RUT:Line:31,Snarøya - Fornebu - Tonsenhagen - Grorud,31,bus,RUT:ServiceJourney:cbf5923fa918fd6af149c0feba06ca56,True,actual,False,,,,,2026-06-29T03:51:55.469089+02:00
NSR:StopPlace:59651,Skøyen stasjon,2026-06-29T02:06:00+02:00,2026-06-29T02:06:24+02:00,2026-06-29T02:06:24+02:00,24.0,1,Fornebu,RUT:Line:31,Snarøya - Fornebu - Tonsenhagen - Grorud,31,bus,RUT:ServiceJourney:c4014a2a311e906779eb465205273791,True,actual,False,,,,,2026-06-29T02:21:52.402392+02:00
NSR:StopPlace:58880,Neslandsvatn stasjon,2026-06-29T04:23:00+02:00,2026-06-29T04:23:23+02:00,2026-06-29T04:23:23+02:00,23.0,1,Oslo S,GOA:Line:50,Sørtoget region,F5,rail,GOA:ServiceJourney:726-KVB_68408-R,True,actual,False,,,,,2026-06-29T04:41:59.093800+02:00
NSR:StopPlace:58921,Vennesla stasjon,2026-06-29T03:17:00+02:00,2026-06-29T03:17:23+02:00,2026-06-29T03:17:23+02:00,23.0,1,Stavanger,GOA:Line:50,Sørtoget region,F5,rail,GOA:ServiceJourney:725-LOD_68591-R,True,actual,False,,,,,2026-06-29T03:41:54.838185+02:00
NSR:StopPlace:59643,Grefsen stasjon,2026-06-29T04:45:00+02:00,2026-06-29T04:45:22+02:00,2026-06-29T04:45:22+02:00,22.0,1,Gaustadalléen,RUT:Line:17,Rikshospitalet - Sinsen o/ Carl Berner,17,tram,RUT:ServiceJourney:6553374277aa1b38bcdfacb52bf9dcc0,True,actual,False,,,,,2026-06-29T04:51:53.120134+02:00
NSR:StopPlace:58844,Eidsvoll stasjon,2026-06-29T04:45:00+02:00,2026-06-29T04:45:22+02:00,2026-06-29T04:45:22+02:00,22.0,1,Dal,RUT:Line:430,Eidsvoll - Jessheim,430,bus,RUT:ServiceJourney:d6a123d949f95490bec56fe23751c433,True,actual,False,,,,,2026-06-29T04:51:53.120134+02:00
NSR:StopPlace:62380,Røra stasjon,2026-06-29T04:48:00+02:00,2026-06-29T04:48:22+02:00,2026-06-29T04:48:22+02:00,22.0,1,Ler,SJN:Line:26,Trønderbanen,R70,rail,SJN:ServiceJourney:420_45429-R,True,actual,False,,,,,2026-06-29T04:51:53.120134+02:00
NSR:StopPlace:59648,Kjelsås stasjon,2026-06-29T02:48:00+02:00,2026-06-29T02:48:22+02:00,2026-06-29T02:48:22+02:00,22.0,1,Jernbanetorget,RUT:Line:3911,Majorstuen - Kjelsås,11N,bus,RUT:ServiceJourney:5cc064f5f8d2041ab6375e2f8e22d665,True,actual,False,,,,,2026-06-29T03:11:52.865945+02:00
NSR:StopPlace:59651,Skøyen stasjon,2026-06-29T04:47:00+02:00,2026-06-29T04:47:21+02:00,2026-06-29T04:47:21+02:00,21.0,1,Galgeberg,RUT:Line:20,Skøyen - Galgeberg,20,bus,RUT:ServiceJourney:292fd0173ecb90c69eaa4cb9a3f22315,True,actual,False,,,,,2026-06-29T04:51:53.120134+02:00
NSR:StopPlace:420,Lillehammer stasjon,2026-06-29T04:39:00+02:00,2026-06-29T04:39:21+02:00,2026-06-29T04:39:21+02:00,21.0,1,Oslo S,SJN:Line:21,Dovrebanen,F6,rail,SJN:ServiceJourney:80406-HMD_46520-R,True,actual,False,,,,,2026-06-29T04:51:53.120134+02:00
NSR:StopPlace:702,Sandnes sentrum stasjon,2026-06-29T04:34:00+02:00,2026-06-29T04:34:21+02:00,2026-06-29T04:34:21+02:00,21.0,1,Oslo S,GOA:Line:50,Sørtoget region,F5,rail,GOA:ServiceJourney:704-STV_68524-R,True,actual,False,,,,,2026-06-29T04:51:53.120134+02:00
NSR:StopPlace:58797,Mysen stasjon,2026-06-29T04:44:00+02:00,2026-06-29T04:44:20+02:00,2026-06-29T04:44:20+02:00,20.0,1,Oslo S,VYG:Line:R22,Skøyen-Oslo S-Mysen-Rakkestad,R22,rail,VYG:ServiceJourney:1904_443438-R,True,actual,False,Heis på Mysen ute av drift,Heisen på Mysen til spor 1 er ute av drift.,general,normal,2026-06-29T04:51:53.120134+02:00
NSR:StopPlace:59635,Hauketo stasjon,2026-06-29T04:19:00+02:00,2026-06-29T04:19:20+02:00,2026-06-29T04:19:20+02:00,20.0,1,Jernbanetorget,RUT:Line:3919,Kringsjå - Åsbråten,19N,bus,RUT:ServiceJourney:c3a70222949d0a34023866262cfbdf9e,True,actual,False,,,,,2026-06-29T04:41:59.093800+02:00
NSR:StopPlace:58404,Nationaltheatret,2026-06-29T03:52:00+02:00,2026-06-29T03:52:20+02:00,2026-06-29T03:52:20+02:00,20.0,1,Grorud T,RUT:Line:31,Snarøya - Fornebu - Tonsenhagen - Grorud,31,bus,RUT:ServiceJourney:cbf5923fa918fd6af149c0feba06ca56,True,actual,False,,,,,2026-06-29T04:11:50.104477+02:00
NSR:StopPlace:58211,Oslo lufthavn,2026-06-29T02:15:00+02:00,2026-06-29T02:15:20+02:00,2026-06-29T02:15:20+02:00,20.0,1,Oslo sentrum via Helsfyr-Hasle-Bislett,NBU:Line:a7c15243-8873-4aee-a8b4-8d22e8ad31dc,Oslo sentrum via Helsfyr-Hasle-Bislett,FB5,bus,NBU:ServiceJourney:06e7211c-88da-48e8-a900-4d069a1d68f4,True,actual,False,,,,,2026-06-29T02:32:02.137914+02:00
NSR:StopPlace:60569,Sirevåg stasjon,2026-06-29T04:50:00+02:00,2026-06-29T04:50:19+02:00,2026-06-29T04:50:19+02:00,19.0,1,Stavanger,GOA:Line:59,Jærbanen,L5,rail,GOA:ServiceJourney:3001_63033-R,True,actual,False,,,,,2026-06-29T04:51:53.120134+02:00
NSR:StopPlace:61979,Hellvik stasjon,2026-06-29T04:45:00+02:00,2026-06-29T04:45:19+02:00,2026-06-29T04:45:19+02:00,19.0,1,Stavanger,GOA:Line:59,Jærbanen,L5,rail,GOA:ServiceJourney:3001_63033-R,True,actual,False,,,,,2026-06-29T04:51:53.120134+02:00
NSR:StopPlace:59952,Drammen stasjon,2026-06-29T03:56:00+02:00,2026-06-29T03:56:19+02:00,2026-06-29T03:56:19+02:00,19.0,1,Oslo Lufthavn,FLT:Line:FLY1,FLY1,FLY1,rail,FLT:ServiceJourney:1-2614-83701-20260629,True,actual,False,,,,,2026-06-29T04:11:50.104477+02:00
NSR:StopPlace:59651,Skøyen stasjon,2026-06-29T04:17:00+02:00,2026-06-29T04:17:18+02:00,2026-06-29T04:17:18+02:00,18.0,1,Helsfyr T,RUT:Line:20,Skøyen - Galgeberg,20,bus,RUT:ServiceJourney:af228fda5a6ac1c9d7d03f4d241d625f,True,actual,False,,,,,2026-06-29T04:41:59.093800+02:00
NSR:StopPlace:59651,Skøyen stasjon,2026-06-29T02:36:00+02:00,2026-06-29T02:36:18+02:00,2026-06-29T02:36:18+02:00,18.0,1,Fornebu,RUT:Line:31,Snarøya - Fornebu - Tonsenhagen - Grorud,31,bus,RUT:ServiceJourney:fed94ff0fb4eab47971a5979a656e5cd,True,actual,False,,,,,2026-06-29T02:51:49.225889+02:00
NSR:StopPlace:59952,Drammen stasjon,2026-06-29T04:46:00+02:00,2026-06-29T04:46:17+02:00,2026-06-29T04:46:17+02:00,17.0,1,Oslo Lufthavn,FLT:Line:FLY1,FLY1,FLY1,rail,FLT:ServiceJourney:1-2614-83705-20260629,True,actual,False,,,,,2026-06-29T04:51:53.120134+02:00
NSR:StopPlace:58404,Nationaltheatret,2026-06-29T02:22:00+02:00,2026-06-29T02:22:17+02:00,2026-06-29T02:22:17+02:00,17.0,1,Grorud T,RUT:Line:31,Snarøya - Fornebu - Tonsenhagen - Grorud,31,bus,RUT:ServiceJourney:4d0d391ef662b1d2f0e6d76391ce6c15,True,actual,False,,,,,2026-06-29T02:41:53.181578+02:00
NSR:StopPlace:59651,Skøyen stasjon,2026-06-29T04:36:00+02:00,2026-06-29T04:36:16+02:00,2026-06-29T04:36:16+02:00,16.0,1,Fornebu,RUT:Line:31,Snarøya - Fornebu - Tonsenhagen - Grorud,31,bus,RUT:ServiceJourney:468f5b254a6afb058cea1120160f5e22,True,actual,False,,,,,2026-06-29T04:51:53.120134+02:00
NSR:StopPlace:59616,Asker stasjon,2026-06-29T04:49:00+02:00,2026-06-29T04:49:16+02:00,2026-06-29T04:49:16+02:00,16.0,1,Lierbyen - Drammen,BRA:Line:4_6071,Drammen - Stoppen - Lierbyen - Asker,71,bus,BRA:ServiceJourney:6071_260302100126126_1000,True,actual,False,,,,,2026-06-29T04:51:53.120134+02:00
NSR:StopPlace:58404,Nationaltheatret,2026-06-29T03:51:00+02:00,2026-06-29T03:51:16+02:00,2026-06-29T03:51:16+02:00,16.0,1,Nydalen T,RUT:Line:37,Nydalen T - Helsfyr,37,bus,RUT:ServiceJourney:7d189e0a2048e79d33e5ac75f52ea7fb,True,actual,False,,,,,2026-06-29T04:11:50.104477+02:00
NSR:StopPlace:58891,Vegårshei stasjon,2026-06-29T02:01:00+02:00,2026-06-29T02:01:16+02:00,2026-06-29T02:01:16+02:00,16.0,1,Stavanger,GOA:Line:50,Sørtoget region,F5,rail,GOA:ServiceJourney:725-LOD_68591-R,True,actual,False,,,,,2026-06-29T02:21:52.402392+02:00
NSR:StopPlace:58801,Sarpsborg stasjon,2026-06-29T04:26:00+02:00,2026-06-29T04:26:15+02:00,2026-06-29T04:26:15+02:00,15.0,1,Oslo S,VYG:Line:RE20,Oslo S-Halden-Göteborg-Malmö (X-Border),RE20,rail,VYG:ServiceJourney:102_508938-R,True,actual,False,,,,,2026-06-29T04:41:59.093800+02:00
NSR:StopPlace:58404,Nationaltheatret,2026-06-29T02:21:00+02:00,2026-06-29T02:21:15+02:00,2026-06-29T02:21:15+02:00,15.0,1,Nydalen T,RUT:Line:37,Nydalen T - Helsfyr,37,bus,RUT:ServiceJourney:dd78cbfa95c81bb9f501c116840ee0b4,True,actual,False,,,,,2026-06-29T02:41:53.181578+02:00
NSR:StopPlace:200,Finse stasjon,2026-06-29T02:00:00+02:00,2026-06-29T02:00:15+02:00,2026-06-29T02:00:15+02:00,15.0,1,Oslo S,VYG:Line:F4,Oslo S-Bergen,F4,rail,VYG:ServiceJourney:606-BRG_548176-R,True,actual,False,,,,,2026-06-29T02:21:52.402392+02:00
NSR:StopPlace:59649,Nydalen stasjon,2026-06-29T04:46:00+02:00,2026-06-29T04:46:13+02:00,2026-06-29T04:46:13+02:00,13.0,1,Lysaker,RUT:Line:23,Lysaker - Simensbråten,23,bus,RUT:ServiceJourney:2fa945268492c17e8bc0c0a4423a39fa,True,actual,False,,,,,2026-06-29T04:51:53.120134+02:00
NSR:StopPlace:58794,Fredrikstad stasjon,2026-06-29T04:40:00+02:00,2026-06-29T04:40:13+02:00,2026-06-29T04:40:13+02:00,13.0,1,Oslo S,VYG:Line:RE20,Oslo S-Halden-Göteborg-Malmö (X-Border),RE20,rail,VYG:ServiceJourney:102_508938-R,True,actual,False,,,,,2026-06-29T04:51:53.120134+02:00
NSR:StopPlace:59651,Skøyen stasjon,2026-06-29T03:11:00+02:00,2026-06-29T03:11:13+02:00,2026-06-29T03:11:13+02:00,13.0,1,Grorud T,RUT:Line:31,Snarøya - Fornebu - Tonsenhagen - Grorud,31,bus,RUT:ServiceJourney:9d658e631160f2a78d86d275152b36e8,True,actual,False,,,,,2026-06-29T03:32:07.717258+02:00
NSR:StopPlace:58811,Moelv stasjon,2026-06-29T03:59:00+02:00,2026-06-29T03:59:12+02:00,2026-06-29T03:59:12+02:00,12.0,1,Skien,VYG:Line:RE11,Eidsvoll-Oslo S-Skien,RE11,rail,VYG:ServiceJourney:300-80803-HHS_658722-R,True,actual,False,,,,,2026-06-29T04:21:49.573788+02:00
NSR:StopPlace:58856,Lysaker stasjon,2026-06-29T04:51:00+02:00,2026-06-29T04:51:11+02:00,2026-06-29T04:51:11+02:00,11.0,1,Oslo Lufthavn,FLT:Line:FLY1,FLY1,FLY1,rail,FLT:ServiceJourney:1-2614-83703-20260629,True,actual,False,,,,,2026-06-29T04:51:53.120134+02:00
NSR:StopPlace:58404,Nationaltheatret,2026-06-29T04:17:00+02:00,2026-06-29T04:17:11+02:00,2026-06-29T04:17:11+02:00,11.0,1,Kjelsås,RUT:Line:3912,Majorstuen - Kjelsås,12N,bus,RUT:ServiceJourney:4d21fc7dfb2aa1493e481b4ae226d847,True,actual,False,,,,,2026-06-29T04:41:59.093800+02:00
NSR:StopPlace:58404,Nationaltheatret,2026-06-29T02:25:00+02:00,2026-06-29T02:25:11+02:00,2026-06-29T02:25:11+02:00,11.0,1,Fornebu,RUT:Line:31,Snarøya - Fornebu - Tonsenhagen - Grorud,31,bus,RUT:ServiceJourney:fed94ff0fb4eab47971a5979a656e5cd,True,actual,False,,,,,2026-06-29T02:41:53.181578+02:00
NSR:StopPlace:61291,Stavanger stasjon,2026-06-29T04:40:00+02:00,2026-06-29T04:40:10+02:00,2026-06-29T04:40:10+02:00,10.0,1,Egersund,GOA:Line:59,Jærbanen,L5,rail,GOA:ServiceJourney:3004_63035-R,True,actual,False,,,,,2026-06-29T04:51:53.120134+02:00
NSR:StopPlace:59616,Asker stasjon,2026-06-29T04:39:00+02:00,2026-06-29T04:39:10+02:00,2026-06-29T04:39:10+02:00,10.0,1,Oslo Lufthavn,FLT:Line:FLY1,FLY1,FLY1,rail,FLT:ServiceJourney:1-2614-83703-20260629,True,actual,False,,,,,2026-06-29T04:51:53.120134+02:00
NSR:StopPlace:58971,Mosjøen stasjon,2026-06-29T04:50:00+02:00,2026-06-29T04:50:10+02:00,2026-06-29T04:50:10+02:00,10.0,1,Sandnessjøen bussterminal,NOR:Line:12_3705,Mosjøen-Sandnessjøen,705,bus,NOR:ServiceJourney:3705_260504105165828_2001,True,actual,False,,,,,2026-06-29T04:51:53.120134+02:00
NSR:StopPlace:59952,Drammen stasjon,2026-06-29T04:26:00+02:00,2026-06-29T04:26:10+02:00,2026-06-29T04:26:10+02:00,10.0,1,Oslo Lufthavn,FLT:Line:FLY1,FLY1,FLY1,rail,FLT:ServiceJourney:1-2614-83703-20260629,True,actual,False,,,,,2026-06-29T04:41:59.093800+02:00
NSR:StopPlace:58805,Brumunddal stasjon,2026-06-29T04:11:00+02:00,2026-06-29T04:11:10+02:00,2026-06-29T04:11:10+02:00,10.0,1,Skien,VYG:Line:RE11,Eidsvoll-Oslo S-Skien,RE11,rail,VYG:ServiceJourney:300-80803-HHS_658722-R,True,actual,False,,,,,2026-06-29T04:32:03.942223+02:00
NSR:StopPlace:420,Lillehammer stasjon,2026-06-29T03:36:00+02:00,2026-06-29T03:36:10+02:00,2026-06-29T03:36:10+02:00,10.0,1,Skien,VYG:Line:RE11,Eidsvoll-Oslo S-Skien,RE11,rail,VYG:ServiceJourney:300-80803-HHS_658722-R,True,actual,False,,,,,2026-06-29T03:51:55.469089+02:00
NSR:StopPlace:59650,Nyland stasjon,2026-06-29T03:22:00+02:00,2026-06-29T03:22:10+02:00,2026-06-29T03:22:10+02:00,10.0,1,Oslo lufthavn,NBU:Line:cb7b555c-f96e-42d5-84bf-a5e08c0145c2,Radiumhospitalet via Økern-Storo-Tåsen,FB3,bus,NBU:ServiceJourney:1acabfe4-a7c3-4f3a-8e1d-d522228235e9,True,actual,False,,,,,2026-06-29T03:41:54.838185+02:00
NSR:StopPlace:58404,Nationaltheatret,2026-06-29T02:51:00+02:00,2026-06-29T02:51:10+02:00,2026-06-29T02:51:10+02:00,10.0,1,Nydalen T,RUT:Line:37,Nydalen T - Helsfyr,37,bus,RUT:ServiceJourney:c0e49125fb3bb303f6a821a5faccb6c9,True,actual,False,,,,,2026-06-29T03:11:52.865945+02:00
NSR:StopPlace:59958,Voss stasjon,2026-06-29T04:49:00+02:00,2026-06-29T04:49:09+02:00,2026-06-29T04:49:09+02:00,9.0,1,Bergen,VYG:Line:R40,Bergen-Voss-Myrdal-Ål,R40,rail,VYG:ServiceJourney:1805_443391-R,True,actual,False,,,,,2026-06-29T04:51:53.120134+02:00
NSR:StopPlace:59638,Myrvoll stasjon,2026-06-29T04:51:00+02:00,2026-06-29T04:51:09+02:00,2026-06-29T04:51:09+02:00,9.0,1,Spikkestad,VYG:Line:L2,Stabekk-Oslo S-Ski,L2,rail,VYG:ServiceJourney:82704_466520-R,True,actual,False,,,,,2026-06-29T04:51:53.120134+02:00
NSR:StopPlace:58856,Lysaker stasjon,2026-06-29T04:41:00+02:00,2026-06-29T04:41:09+02:00,2026-06-29T04:41:09+02:00,9.0,1,Fornebu,RUT:Line:31,Snarøya - Fornebu - Tonsenhagen - Grorud,31,bus,RUT:ServiceJourney:468f5b254a6afb058cea1120160f5e22,True,actual,False,,,,,2026-06-29T04:51:53.120134+02:00
NSR:StopPlace:58856,Lysaker stasjon,2026-06-29T03:11:00+02:00,2026-06-29T03:11:09+02:00,2026-06-29T03:11:09+02:00,9.0,1,Fornebu,RUT:Line:31,Snarøya - Fornebu - Tonsenhagen - Grorud,31,bus,RUT:ServiceJourney:8e7f740aa6d87e5c1f8ef5cffffa3ce9,True,actual,False,,,,,2026-06-29T03:32:07.717258+02:00
NSR:StopPlace:59651,Skøyen stasjon,2026-06-29T04:41:00+02:00,2026-06-29T04:41:08+02:00,2026-06-29T04:41:08+02:00,8.0,1,Grorud T,RUT:Line:31,Snarøya - Fornebu - Tonsenhagen - Grorud,31,bus,RUT:ServiceJourney:006a661c303e3b1b0c4def213dda9af1,True,actual,False,,,,,2026-06-29T04:51:53.120134+02:00
NSR:StopPlace:58921,Vennesla stasjon,2026-06-29T04:48:00+02:00,2026-06-29T04:48:08+02:00,2026-06-29T04:48:08+02:00,8.0,1,Oslo S,GOA:Line:50,Sørtoget region,F5,rail,GOA:ServiceJourney:702-KRS_68523-R,True,actual,False,,,,,2026-06-29T04:51:53.120134+02:00
NSR:StopPlace:58404,Nationaltheatret,2026-06-29T03:55:00+02:00,2026-06-29T03:55:08+02:00,2026-06-29T03:55:08+02:00,8.0,1,Fornebu,RUT:Line:31,Snarøya - Fornebu - Tonsenhagen - Grorud,31,bus,RUT:ServiceJourney:54caf30653b0df41639e3e6f8bcc324f,True,actual,False,,,,,2026-06-29T04:11:50.104477+02:00
NSR:StopPlace:61291,Stavanger stasjon,2026-06-29T04:20:00+02:00,2026-06-29T04:20:07+02:00,2026-06-29T04:20:07+02:00,7.0,1,Oslo S,GOA:Line:50,Sørtoget region,F5,rail,GOA:ServiceJourney:704-STV_68524-R,True,actual,False,,,,,2026-06-29T04:41:59.093800+02:00
NSR:StopPlace:58856,Lysaker stasjon,2026-06-29T04:11:00+02:00,2026-06-29T04:11:07+02:00,2026-06-29T04:11:07+02:00,7.0,1,Fornebu,RUT:Line:31,Snarøya - Fornebu - Tonsenhagen - Grorud,31,bus,RUT:ServiceJourney:54caf30653b0df41639e3e6f8bcc324f,True,actual,False,,,,,2026-06-29T04:32:03.942223+02:00
NSR:StopPlace:59651,Skøyen stasjon,2026-06-29T04:06:00+02:00,2026-06-29T04:06:07+02:00,2026-06-29T04:06:07+02:00,7.0,1,Fornebu,RUT:Line:31,Snarøya - Fornebu - Tonsenhagen - Grorud,31,bus,RUT:ServiceJourney:54caf30653b0df41639e3e6f8bcc324f,True,actual,False,,,,,2026-06-29T04:21:49.573788+02:00
NSR:StopPlace:59620,Grorud stasjon,2026-06-29T03:24:00+02:00,2026-06-29T03:24:07+02:00,2026-06-29T03:24:07+02:00,7.0,1,Oslo lufthavn,NBU:Line:cb7b555c-f96e-42d5-84bf-a5e08c0145c2,Radiumhospitalet via Økern-Storo-Tåsen,FB3,bus,NBU:ServiceJourney:1acabfe4-a7c3-4f3a-8e1d-d522228235e9,True,actual,False,,,,,2026-06-29T03:41:54.838185+02:00
NSR:StopPlace:58404,Nationaltheatret,2026-06-29T04:25:00+02:00,2026-06-29T04:25:06+02:00,2026-06-29T04:25:06+02:00,6.0,1,Fornebu,RUT:Line:31,Snarøya - Fornebu - Tonsenhagen - Grorud,31,bus,RUT:ServiceJourney:468f5b254a6afb058cea1120160f5e22,True,actual,False,,,,,2026-06-29T04:41:59.093800+02:00
NSR:StopPlace:58808,Kongsvinger stasjon,2026-06-29T04:42:00+02:00,2026-06-29T04:42:05+02:00,2026-06-29T04:42:05+02:00,5.0,1,Asker,VYG:Line:R14,Asker-Oslo S-Kongsvinger,R14,rail,VYG:ServiceJourney:81002_466245-R,True,actual,False,,,,,2026-06-29T04:51:53.120134+02:00
NSR:StopPlace:58856,Lysaker stasjon,2026-06-29T02:41:00+02:00,2026-06-29T02:41:05+02:00,2026-06-29T02:41:05+02:00,5.0,1,Fornebu,RUT:Line:31,Snarøya - Fornebu - Tonsenhagen - Grorud,31,bus,RUT:ServiceJourney:fed94ff0fb4eab47971a5979a656e5cd,True,actual,False,,,,,2026-06-29T03:02:13.346139+02:00
NSR:StopPlace:59636,Holmlia stasjon,2026-06-29T03:45:00+02:00,2026-06-29T03:45:03+02:00,2026-06-29T03:45:03+02:00,3.0,1,Jernbanetorget,RUT:Line:3919,Kringsjå - Åsbråten,19N,bus,RUT:ServiceJourney:2c31060d540c32ab95c41af9edd77985,True,actual,False,,,,,2026-06-29T04:02:08.881682+02:00
NSR:StopPlace:59244,Egersund stasjon,2026-06-29T04:39:00+02:00,2026-06-29T04:38:57+02:00,2026-06-29T04:38:57+02:00,0.0,0,Stavanger,GOA:Line:59,Jærbanen,L5,rail,GOA:ServiceJourney:3001_63033-R,True,actual,False,,,,,2026-06-29T04:51:53.120134+02:00
NSR:StopPlace:58963,Jessheim stasjon,2026-06-29T04:18:00+02:00,2026-06-29T04:18:00+02:00,2026-06-29T04:18:00+02:00,0.0,0,Oslo lufthavn,RUT:Line:440,Fenstad/Nordkisa - Oslo lufthavn,440,bus,RUT:ServiceJourney:fd84d68b459f2e84464f25e17eee4fba,True,actual,False,,,,,2026-06-29T04:41:59.093800+02:00
NSR:StopPlace:58964,Kløfta stasjon,2026-06-29T04:18:00+02:00,2026-06-29T04:18:00+02:00,2026-06-29T04:18:00+02:00,0.0,0,Oslo lufthavn,RUT:Line:425,Kløfta – Oslo lufthavn,425,bus,RUT:ServiceJourney:0e651ae17632923345399b1ac8789c3f,True,actual,False,,,,,2026-06-29T04:41:59.093800+02:00
NSR:StopPlace:58868,Årnes stasjon,2026-06-29T04:34:00+02:00,2026-06-29T04:25:40+02:00,2026-06-29T04:25:40+02:00,0.0,0,Oslo lufthavn,RUT:Line:450,Årnes - Oslo lufthavn,450,bus,RUT:ServiceJourney:290a83534d50eac8e336fbd1ab7cb88f,True,actual,False,,,,,2026-06-29T04:41:59.093800+02:00
NSR:StopPlace:362,Jåttåvågen stasjon,2026-06-29T04:27:00+02:00,2026-06-29T04:26:46+02:00,2026-06-29T04:26:46+02:00,0.0,0,Oslo S,GOA:Line:50,Sørtoget region,F5,rail,GOA:ServiceJourney:704-STV_68524-R,True,actual,False,,,,,2026-06-29T04:41:59.093800+02:00
NSR:StopPlace:59635,Hauketo stasjon,2026-06-29T03:49:00+02:00,2026-06-29T03:49:00+02:00,2026-06-29T03:49:00+02:00,0.0,0,Jernbanetorget,RUT:Line:3919,Kringsjå - Åsbråten,19N,bus,RUT:ServiceJourney:2c31060d540c32ab95c41af9edd77985,True,actual,False,,,,,2026-06-29T04:06:11.774165+02:00
NSR:StopPlace:58856,Lysaker stasjon,2026-06-29T03:41:00+02:00,2026-06-29T03:40:59+02:00,2026-06-29T03:40:59+02:00,0.0,0,Fornebu,RUT:Line:31,Snarøya - Fornebu - Tonsenhagen - Grorud,31,bus,RUT:ServiceJourney:b95056749a34fd3f9ea52098ab48b8d6,True,actual,False,,,,,2026-06-29T04:02:08.881682+02:00
NSR:StopPlace:59651,Skøyen stasjon,2026-06-29T03:06:00+02:00,2026-06-29T03:05:56+02:00,2026-06-29T03:05:56+02:00,0.0,0,Fornebu,RUT:Line:31,Snarøya - Fornebu - Tonsenhagen - Grorud,31,bus,RUT:ServiceJourney:8e7f740aa6d87e5c1f8ef5cffffa3ce9,True,actual,False,,,,,2026-06-29T03:21:48.436954+02:00
NSR:StopPlace:59649,Nydalen stasjon,2026-06-29T04:03:00+02:00,2026-06-29T04:31:22+02:00,,1702.0,1,,NBU:Line:cb7b555c-f96e-42d5-84bf-a5e08c0145c2,Radiumhospitalet via Økern-Storo-Tåsen,FB3,bus,NBU:ServiceJourney:140f97bd-3ebd-470f-b17f-80ea94bc611f:610200353,True,expected,False,,,,,2026-06-29T04:51:53.120134+02:00
NSR:StopPlace:59643,Grefsen stasjon,2026-06-29T04:08:00+02:00,2026-06-29T04:31:22+02:00,,1402.0,1,,NBU:Line:cb7b555c-f96e-42d5-84bf-a5e08c0145c2,Radiumhospitalet via Økern-Storo-Tåsen,FB3,bus,NBU:ServiceJourney:140f97bd-3ebd-470f-b17f-80ea94bc611f:610200353,True,expected,False,,,,,2026-06-29T04:51:53.120134+02:00
NSR:StopPlace:60049,Hønefoss stasjon,2026-06-29T04:54:00+02:00,2026-06-29T05:03:34+02:00,,574.0,1,Oslo S,VYG:Line:F4,Oslo S-Bergen,F4,rail,VYG:ServiceJourney:606-BRG_548176-R,True,expected,False,,,,,2026-06-29T04:51:53.120134+02:00
NSR:StopPlace:59650,Nyland stasjon,2026-06-29T04:52:00+02:00,2026-06-29T05:01:06+02:00,,546.0,1,Oslo lufthavn,NBU:Line:cb7b555c-f96e-42d5-84bf-a5e08c0145c2,Radiumhospitalet via Økern-Storo-Tåsen,FB3,bus,NBU:ServiceJourney:0e22b733-a412-4078-987f-4047b44fa091,True,expected,False,,,,,2026-06-29T04:51:53.120134+02:00
NSR:StopPlace:59182,Örebro Centralstation,2026-06-29T04:05:00+02:00,2026-06-29T04:13:51+02:00,,531.0,1,Stockholm,FLI:Line:e7931dc7-c486-4e99-b8b6-8b430e3aa62e,Stockholm - Oslo,N600,coach,FLI:ServiceJourney:e81afb71-9907-4fc8-ac6a-c5d0020729dd,True,expected,False,,,,,2026-06-29T04:32:03.942223+02:00
NSR:StopPlace:59620,Grorud stasjon,2026-06-29T04:54:00+02:00,2026-06-29T05:02:06+02:00,,486.0,1,Oslo lufthavn,NBU:Line:cb7b555c-f96e-42d5-84bf-a5e08c0145c2,Radiumhospitalet via Økern-Storo-Tåsen,FB3,bus,NBU:ServiceJourney:0e22b733-a412-4078-987f-4047b44fa091,True,expected,False,,,,,2026-06-29T04:51:53.120134+02:00
NSR:StopPlace:429,Vikersund stasjon,2026-06-29T05:16:00+02:00,2026-06-29T05:23:58+02:00,,478.0,1,Oslo S,VYG:Line:F4,Oslo S-Bergen,F4,rail,VYG:ServiceJourney:606-BRG_548176-R,True,expected,False,,,,,2026-06-29T04:51:53.120134+02:00
NSR:StopPlace:58825,Raufoss stasjon,2026-06-29T04:45:00+02:00,2026-06-29T04:52:19+02:00,,439.0,1,Oslo S,VYG:Line:R31,Skøyen-Jaren-Gjøvik,R31,rail,VYG:ServiceJourney:202_465808-R,True,expected,False,,,,,2026-06-29T04:41:59.093800+02:00
NSR:StopPlace:58826,Reinsvoll stasjon,2026-06-29T04:50:00+02:00,2026-06-29T04:56:33+02:00,,393.0,1,Oslo S,VYG:Line:R31,Skøyen-Jaren-Gjøvik,R31,rail,VYG:ServiceJourney:202_465808-R,True,expected,False,,,,,2026-06-29T04:41:59.093800+02:00
NSR:StopPlace:58848,Haga stasjon,2026-06-29T05:03:00+02:00,2026-06-29T05:08:35+02:00,,335.0,1,Rånåsfoss,RUT:Line:455,Årnes -Rånåsfoss,455,bus,RUT:ServiceJourney:21e493e02f3968f088a95f1d7667cb9f,True,expected,False,,,,,2026-06-29T04:51:53.120134+02:00
NSR:StopPlace:58817,Eina stasjon,2026-06-29T04:56:00+02:00,2026-06-29T05:01:29+02:00,,329.0,1,Oslo S,VYG:Line:R31,Skøyen-Jaren-Gjøvik,R31,rail,VYG:ServiceJourney:202_465808-R,True,expected,False,,,,,2026-06-29T04:41:59.093800+02:00
NSR:StopPlace:58815,Bleiken stasjon,2026-06-29T05:11:00+02:00,2026-06-29T05:15:46+02:00,,286.0,1,Oslo S,VYG:Line:R31,Skøyen-Jaren-Gjøvik,R31,rail,VYG:ServiceJourney:202_465808-R,True,expected,False,,,,,2026-06-29T04:41:59.093800+02:00
NSR:StopPlace:58404,Nationaltheatret,2026-06-29T05:04:00+02:00,2026-06-29T05:07:56+02:00,,236.0,1,Helsfyr,RUT:Line:37,Nydalen T - Helsfyr,37,bus,RUT:ServiceJourney:a5db21734bb441135eddfd237df42418,True,expected,False,,,,,2026-06-29T04:51:53.120134+02:00
NSR:StopPlace:58404,Nationaltheatret,2026-06-29T05:12:00+02:00,2026-06-29T05:15:42+02:00,,222.0,1,Mortensrud,RUT:Line:3,Kolsås - Mortensrud,3,metro,RUT:ServiceJourney:0de0e7ee76e2040945ef17eb49558ea4,True,expected,False,,,,,2026-06-29T04:51:53.120134+02:00
NSR:StopPlace:60078,Kongsvoll stasjon,2026-06-29T04:10:00+02:00,2026-06-29T04:13:23+02:00,,203.0,1,Trondheim S,SJN:Line:21,Dovrebanen,F6,rail,SJN:ServiceJourney:80405-LOD_37873-R,True,expected,False,,,,,2026-06-29T04:06:11.774165+02:00
NSR:StopPlace:58823,Jaren stasjon,2026-06-29T05:20:00+02:00,2026-06-29T05:22:50+02:00,,170.0,1,Oslo S,VYG:Line:R31,Skøyen-Jaren-Gjøvik,R31,rail,VYG:ServiceJourney:202_465808-R,True,expected,False,,,,,2026-06-29T04:41:59.093800+02:00
NSR:StopPlace:60640,Heimdal stasjon,2026-06-29T04:54:00+02:00,2026-06-29T04:56:38+02:00,,158.0,1,Sandmoen via Flatåsen,ATB:Line:2_53,Lundåsen- Heimdal- Saupstad- Flatåsen- Hallset- Ila- Sentrum- Sandmoen,53,bus,ATB:ServiceJourney:53_250918113794148_2,True,expected,False,,,,,2026-06-29T04:51:53.120134+02:00
NSR:StopPlace:59091,Storekvina stasjon,2026-06-29T04:53:00+02:00,2026-06-29T04:55:37+02:00,,157.0,1,Stavanger,GOA:Line:50,Sørtoget region,F5,rail,GOA:ServiceJourney:725-LOD_68591-R,True,expected,False,,,,,2026-06-29T04:51:53.120134+02:00
NSR:StopPlace:59958,Voss stasjon,2026-06-29T05:08:00+02:00,2026-06-29T05:10:31+02:00,,151.0,1,Bergen,VYG:Line:F4,Oslo S-Bergen,F4,rail,VYG:ServiceJourney:605-LOD_548175-R,True,expected,False,,,,,2026-06-29T04:11:50.104477+02:00
NSR:StopPlace:59092,Gyland stasjon,2026-06-29T04:59:00+02:00,2026-06-29T05:01:04+02:00,,124.0,1,Stavanger,GOA:Line:50,Sørtoget region,F5,rail,GOA:ServiceJourney:725-LOD_68591-R,True,expected,False,,,,,2026-06-29T04:51:53.120134+02:00
NSR:StopPlace:58818,Gran stasjon,2026-06-29T05:25:00+02:00,2026-06-29T05:27:01+02:00,,121.0,1,Oslo S,VYG:Line:R31,Skøyen-Jaren-Gjøvik,R31,rail,VYG:ServiceJourney:202_465808-R,True,expected,False,,,,,2026-06-29T04:41:59.093800+02:00
NSR:StopPlace:58824,Lunner stasjon,2026-06-29T05:31:00+02:00,2026-06-29T05:32:57+02:00,,117.0,1,Oslo S,VYG:Line:R31,Skøyen-Jaren-Gjøvik,R31,rail,VYG:ServiceJourney:202_465808-R,True,expected,False,,,,,2026-06-29T04:41:59.093800+02:00
NSR:StopPlace:59651,Skøyen stasjon,2026-06-29T05:06:00+02:00,2026-06-29T05:07:56+02:00,,116.0,1,Fornebu,RUT:Line:31,Snarøya - Fornebu - Tonsenhagen - Grorud,31,bus,RUT:ServiceJourney:a4a07d5806539c391daf9d1fbc9135c6,True,expected,False,,,,,2026-06-29T04:21:49.573788+02:00
NSR:StopPlace:58404,Nationaltheatret,2026-06-29T04:55:00+02:00,2026-06-29T04:56:56+02:00,,116.0,1,Fornebu,RUT:Line:31,Snarøya - Fornebu - Tonsenhagen - Grorud,31,bus,RUT:ServiceJourney:a4a07d5806539c391daf9d1fbc9135c6,True,expected,False,,,,,2026-06-29T04:21:49.573788+02:00
NSR:StopPlace:58856,Lysaker stasjon,2026-06-29T05:11:00+02:00,2026-06-29T05:12:56+02:00,,116.0,1,Fornebu,RUT:Line:31,Snarøya - Fornebu - Tonsenhagen - Grorud,31,bus,RUT:ServiceJourney:a4a07d5806539c391daf9d1fbc9135c6,True,expected,False,,,,,2026-06-29T04:21:49.573788+02:00
NSR:StopPlace:59651,Skøyen stasjon,2026-06-29T05:36:00+02:00,2026-06-29T05:37:41+02:00,,101.0,1,Fornebu,RUT:Line:31,Snarøya - Fornebu - Tonsenhagen - Grorud,31,bus,RUT:ServiceJourney:d35063db109840861f39fc76d4fd5050,True,expected,False,,,,,2026-06-29T04:51:53.120134+02:00
NSR:StopPlace:58404,Nationaltheatret,2026-06-29T05:25:00+02:00,2026-06-29T05:26:41+02:00,,101.0,1,Fornebu,RUT:Line:31,Snarøya - Fornebu - Tonsenhagen - Grorud,31,bus,RUT:ServiceJourney:d35063db109840861f39fc76d4fd5050,True,expected,False,,,,,2026-06-29T04:51:53.120134+02:00
NSR:StopPlace:58856,Lysaker stasjon,2026-06-29T05:41:00+02:00,2026-06-29T05:42:41+02:00,,101.0,1,Fornebu,RUT:Line:31,Snarøya - Fornebu - Tonsenhagen - Grorud,31,bus,RUT:ServiceJourney:d35063db109840861f39fc76d4fd5050,True,expected,False,,,,,2026-06-29T04:51:53.120134+02:00
NSR:StopPlace:59952,Drammen stasjon,2026-06-29T04:54:00+02:00,2026-06-29T04:55:33+02:00,,93.0,1,Stavanger,GOA:Line:50,Sørtoget region,F5,rail,GOA:ServiceJourney:705-LOD_63224-R,True,expected,False,,,,,2026-06-29T04:41:59.093800+02:00
NSR:StopPlace:61251,Øksnavadporten stasjon,2026-06-29T05:05:00+02:00,2026-06-29T05:06:25+02:00,,85.0,1,Egersund,GOA:Line:59,Jærbanen,L5,rail,GOA:ServiceJourney:3004_63035-R,True,expected,False,,,,,2026-06-29T04:51:53.120134+02:00
NSR:StopPlace:61334,Ogna stasjon,2026-06-29T05:41:00+02:00,2026-06-29T05:42:25+02:00,,85.0,1,Egersund,GOA:Line:59,Jærbanen,L5,rail,GOA:ServiceJourney:3004_63035-R,True,expected,False,,,,,2026-06-29T04:51:53.120134+02:00
NSR:StopPlace:61872,Nærbø stasjon,2026-06-29T05:24:00+02:00,2026-06-29T05:25:25+02:00,,85.0,1,Egersund,GOA:Line:59,Jærbanen,L5,rail,GOA:ServiceJourney:3004_63035-R,True,expected,False,,,,,2026-06-29T04:51:53.120134+02:00
NSR:StopPlace:59957,Klepp stasjon,2026-06-29T05:11:00+02:00,2026-06-29T05:12:25+02:00,,85.0,1,Egersund,GOA:Line:59,Jærbanen,L5,rail,GOA:ServiceJourney:3004_63035-R,True,expected,False,,,,,2026-06-29T04:51:53.120134+02:00
NSR:StopPlace:60271,Varhaug stasjon,2026-06-29T05:28:00+02:00,2026-06-29T05:29:25+02:00,,85.0,1,Egersund,GOA:Line:59,Jærbanen,L5,rail,GOA:ServiceJourney:3004_63035-R,True,expected,False,,,,,2026-06-29T04:51:53.120134+02:00
NSR:StopPlace:60569,Sirevåg stasjon,2026-06-29T05:44:00+02:00,2026-06-29T05:45:25+02:00,,85.0,1,Egersund,GOA:Line:59,Jærbanen,L5,rail,GOA:ServiceJourney:3004_63035-R,True,expected,False,,,,,2026-06-29T04:51:53.120134+02:00
NSR:StopPlace:58924,Bryne stasjon,2026-06-29T05:18:00+02:00,2026-06-29T05:19:25+02:00,,85.0,1,Egersund,GOA:Line:59,Jærbanen,L5,rail,GOA:ServiceJourney:3004_63035-R,True,expected,False,,,,,2026-06-29T04:51:53.120134+02:00
NSR:StopPlace:58925,Gausel stasjon,2026-06-29T04:51:00+02:00,2026-06-29T04:52:25+02:00,,85.0,1,Egersund,GOA:Line:59,Jærbanen,L5,rail,GOA:ServiceJourney:3004_63035-R,True,expected,False,,,,,2026-06-29T04:51:53.120134+02:00
NSR:StopPlace:63079,Skeiane stasjon,2026-06-29T04:58:00+02:00,2026-06-29T04:59:25+02:00,,85.0,1,Egersund,GOA:Line:59,Jærbanen,L5,rail,GOA:ServiceJourney:3004_63035-R,True,expected,False,,,,,2026-06-29T04:51:53.120134+02:00
NSR:StopPlace:261,Ganddal stasjon,2026-06-29T05:01:00+02:00,2026-06-29T05:02:25+02:00,,85.0,1,Egersund,GOA:Line:59,Jærbanen,L5,rail,GOA:ServiceJourney:3004_63035-R,True,expected,False,,,,,2026-06-29T04:51:53.120134+02:00
NSR:StopPlace:702,Sandnes sentrum stasjon,2026-06-29T04:56:00+02:00,2026-06-29T04:57:25+02:00,,85.0,1,Egersund,GOA:Line:59,Jærbanen,L5,rail,GOA:ServiceJourney:3004_63035-R,True,expected,False,,,,,2026-06-29T04:51:53.120134+02:00
NSR:StopPlace:62311,Vigrestad stasjon,2026-06-29T05:33:00+02:00,2026-06-29T05:34:25+02:00,,85.0,1,Egersund,GOA:Line:59,Jærbanen,L5,rail,GOA:ServiceJourney:3004_63035-R,True,expected,False,,,,,2026-06-29T04:51:53.120134+02:00
NSR:StopPlace:62310,Brusand stasjon,2026-06-29T05:37:00+02:00,2026-06-29T05:38:25+02:00,,85.0,1,Egersund,GOA:Line:59,Jærbanen,L5,rail,GOA:ServiceJourney:3004_63035-R,True,expected,False,,,,,2026-06-29T04:51:53.120134+02:00
NSR:StopPlace:61979,Hellvik stasjon,2026-06-29T05:49:00+02:00,2026-06-29T05:50:25+02:00,,85.0,1,Egersund,GOA:Line:59,Jærbanen,L5,rail,GOA:ServiceJourney:3004_63035-R,True,expected,False,,,,,2026-06-29T04:51:53.120134+02:00
NSR:StopPlace:58964,Kløfta stasjon,2026-06-29T04:53:00+02:00,2026-06-29T04:54:17+02:00,,77.0,1,Frogner,RUT:Line:425,Kløfta – Oslo lufthavn,425,bus,RUT:ServiceJourney:7bd61c481ed150c2b75f19ac0d9a38c9,True,expected,False,,,,,2026-06-29T04:21:49.573788+02:00
NSR:StopPlace:58919,Sira stasjon,2026-06-29T05:12:00+02:00,2026-06-29T05:13:16+02:00,,76.0,1,Stavanger,GOA:Line:50,Sørtoget region,F5,rail,GOA:ServiceJourney:725-LOD_68591-R,True,expected,False,,,,,2026-06-29T04:51:53.120134+02:00
NSR:StopPlace:59635,Hauketo stasjon,2026-06-29T04:55:00+02:00,2026-06-29T04:56:12+02:00,,72.0,1,Holmlia stasjon,RUT:Line:77,Holmlia stasjon - Bjørndal,77,bus,RUT:ServiceJourney:46732aba0970ca1ea1984d0e74d54663,True,expected,False,,,,,2026-06-29T04:51:53.120134+02:00
NSR:StopPlace:58856,Lysaker stasjon,2026-06-29T05:13:00+02:00,2026-06-29T05:14:11+02:00,,71.0,1,Nationaltheatret,RUT:Line:250,Sætre - Slemmestad - Nationaltheatret,250,bus,RUT:ServiceJourney:816cfb75ecbb797215360e0f3450ab77,True,expected,False,,,,,2026-06-29T04:51:53.120134+02:00
NSR:StopPlace:58404,Nationaltheatret,2026-06-29T05:10:00+02:00,2026-06-29T05:11:09+02:00,,69.0,1,Frognerseteren,RUT:Line:1,Frognerseteren - Bergkrystallen,1,metro,RUT:ServiceJourney:c8d400736a0baa16f83a6db9987f7520,True,expected,False,Buss for bane mellom Ryen og Bergkrystallen,Buss for bane 4B kjører mellom Ryen og Bergkrystallen. ,incident,normal,2026-06-29T04:51:53.120134+02:00
NSR:StopPlace:59635,Hauketo stasjon,2026-06-29T04:54:00+02:00,2026-06-29T04:55:08+02:00,,68.0,1,Holmlia stasjon,RUT:Line:73,Holmlia stasjon - Brenna,73,bus,RUT:ServiceJourney:feec63a76e31c4aaecec97552f05ef83,True,expected,False,,,,,2026-06-29T04:41:59.093800+02:00
NSR:StopPlace:58211,Oslo lufthavn,2026-06-29T04:51:00+02:00,2026-06-29T04:52:05+02:00,,65.0,1,Oslo bussterminal,RUT:Line:400,Oslo lufthavn - Veståsen - Olavsgaard - Oslo,400,bus,RUT:ServiceJourney:4e12e0336723e49cd83881496ec6802c,True,expected,False,,,,,2026-06-29T04:51:53.120134+02:00
NSR:StopPlace:62456,Kvitfjell stasjon,2026-06-29T03:58:00+02:00,2026-06-29T03:59:04+02:00,,64.0,1,Oslo S,SJN:Line:21,Dovrebanen,F6,rail,SJN:ServiceJourney:80406-HMD_46520-R,True,expected,False,,,,,2026-06-29T04:02:08.881682+02:00
NSR:StopPlace:58824,Lunner stasjon,2026-06-29T04:41:00+02:00,2026-06-29T04:42:03+02:00,,63.0,1,Oslo S,VYG:Line:R31,Skøyen-Jaren-Gjøvik,R31,rail,VYG:ServiceJourney:240-JAH_550324-R,True,expected,False,,,,,2026-06-29T04:51:53.120134+02:00
NSR:StopPlace:60944,Ski stasjon,2026-06-29T05:02:00+02:00,2026-06-29T05:03:02+02:00,,62.0,1,Drøbak - Seiersten,RUT:Line:510,Bøleråsen - Ski - Ås - Drøbak,510,bus,RUT:ServiceJourney:6a9e0f6f50a83fe0d04c4d1cc58df92f,True,expected,False,,,,,2026-06-29T04:51:53.120134+02:00
NSR:StopPlace:58854,Langhus stasjon,2026-06-29T04:54:00+02:00,2026-06-29T04:55:02+02:00,,62.0,1,Drøbak - Seiersten,RUT:Line:510,Bøleråsen - Ski - Ås - Drøbak,510,bus,RUT:ServiceJourney:6a9e0f6f50a83fe0d04c4d1cc58df92f,True,expected,False,,,,,2026-06-29T04:51:53.120134+02:00
NSR:StopPlace:58866,Vevelstad stasjon,2026-06-29T04:51:00+02:00,2026-06-29T04:52:02+02:00,,62.0,1,Drøbak - Seiersten,RUT:Line:510,Bøleråsen - Ski - Ås - Drøbak,510,bus,RUT:ServiceJourney:6a9e0f6f50a83fe0d04c4d1cc58df92f,True,expected,False,,,,,2026-06-29T04:51:53.120134+02:00
NSR:StopPlace:58874,Stokke stasjon,2026-06-29T04:51:00+02:00,2026-06-29T04:52:01+02:00,,61.0,1,Eidsvoll,VYG:Line:RE11,Eidsvoll-Oslo S-Skien,RE11,rail,VYG:ServiceJourney:80802_550397-R,True,expected,False,,,,,2026-06-29T04:51:53.120134+02:00
NSR:StopPlace:58818,Gran stasjon,2026-06-29T04:35:00+02:00,2026-06-29T04:35:59+02:00,,59.0,1,Oslo S,VYG:Line:R31,Skøyen-Jaren-Gjøvik,R31,rail,VYG:ServiceJourney:240-JAH_550324-R,True,expected,False,,,,,2026-06-29T04:51:53.120134+02:00
NSR:StopPlace:58963,Jessheim stasjon,2026-06-29T05:06:00+02:00,2026-06-29T05:06:56+02:00,,56.0,1,Oslo lufthavn,RUT:Line:450,Årnes - Oslo lufthavn,450,bus,RUT:ServiceJourney:290a83534d50eac8e336fbd1ab7cb88f,True,expected,False,,,,,2026-06-29T04:51:53.120134+02:00
NSR:StopPlace:59649,Nydalen stasjon,2026-06-29T05:03:00+02:00,2026-06-29T05:03:56+02:00,,56.0,1,Oslo lufthavn,NBU:Line:cb7b555c-f96e-42d5-84bf-a5e08c0145c2,Radiumhospitalet via Økern-Storo-Tåsen,FB3,bus,NBU:ServiceJourney:f0f7dd2e-b62b-4186-9b42-9757efdb8612,True,expected,False,,,,,2026-06-29T04:41:59.093800+02:00
NSR:StopPlace:58828,Roa stasjon,2026-06-29T05:36:00+02:00,2026-06-29T05:36:55+02:00,,55.0,1,Oslo S,VYG:Line:R31,Skøyen-Jaren-Gjøvik,R31,rail,VYG:ServiceJourney:202_465808-R,True,expected,False,Normal hastighet: Grua–Roa,"Grua–Roa: Togene kjører med normal fart igjen. Togene kjører, men det kan ta litt tid før de er i rute. Du må derfor regne med forsinkelser.",general,normal,2026-06-29T04:41:59.093800+02:00
NSR:StopPlace:699,Tynset stasjon,2026-06-29T04:57:00+02:00,2026-06-29T04:57:53+02:00,,53.0,1,Hamar,SJN:Line:25,Rørosbanen,R60,rail,SJN:ServiceJourney:2378_30115-R,True,expected,False,,,,,2026-06-29T04:51:53.120134+02:00
NSR:StopPlace:58819,Grua stasjon,2026-06-29T04:51:00+02:00,2026-06-29T04:51:51+02:00,,51.0,1,Oslo S,VYG:Line:R31,Skøyen-Jaren-Gjøvik,R31,rail,VYG:ServiceJourney:240-JAH_550324-R,True,expected,False,,,,,2026-06-29T04:51:53.120134+02:00
NSR:StopPlace:274,Hunderfossen stasjon,2026-06-29T04:24:00+02:00,2026-06-29T04:24:50+02:00,,50.0,1,Oslo S,SJN:Line:21,Dovrebanen,F6,rail,SJN:ServiceJourney:80406-HMD_46520-R,True,expected,False,,,,,2026-06-29T04:21:49.573788+02:00
NSR:StopPlace:59244,Egersund stasjon,2026-06-29T05:37:00+02:00,2026-06-29T05:37:48+02:00,,48.0,1,Østebrød,KOL:Line:8_2002,83,83,bus,KOL:ServiceJourney:2002_260519092833577_1008,True,expected,False,,,,,2026-06-29T04:41:59.093800+02:00
NSR:StopPlace:58404,Nationaltheatret,2026-06-29T04:52:00+02:00,2026-06-29T04:52:42+02:00,,42.0,1,Grorud T,RUT:Line:31,Snarøya - Fornebu - Tonsenhagen - Grorud,31,bus,RUT:ServiceJourney:006a661c303e3b1b0c4def213dda9af1,True,expected,False,,,,,2026-06-29T04:32:03.942223+02:00
NSR:StopPlace:58875,Torp stasjon,2026-06-29T04:46:00+02:00,2026-06-29T04:46:37+02:00,,37.0,1,Eidsvoll,VYG:Line:RE11,Eidsvoll-Oslo S-Skien,RE11,rail,VYG:ServiceJourney:80802_550397-R,True,expected,False,,,,,2026-06-29T04:51:53.120134+02:00
NSR:StopPlace:61413,Heia stasjon,2026-06-29T04:33:00+02:00,2026-06-29T04:33:36+02:00,,36.0,1,Oslo S,VYG:Line:R22,Skøyen-Oslo S-Mysen-Rakkestad,R22,rail,VYG:ServiceJourney:1904_443438-R,True,expected,False,,,,,2026-06-29T04:51:53.120134+02:00
NSR:StopPlace:58879,Lunde stasjon,2026-06-29T04:58:00+02:00,2026-06-29T04:58:36+02:00,,36.0,1,Oslo S,GOA:Line:50,Sørtoget region,F5,rail,GOA:ServiceJourney:726-KVB_68408-R,True,expected,False,,,,,2026-06-29T04:41:59.093800+02:00
NSR:StopPlace:58404,Nationaltheatret,2026-06-29T05:04:00+02:00,2026-06-29T05:04:35+02:00,,35.0,1,Ellingsrudåsen,RUT:Line:2,Østerås - Ellingsrudåsen,2,metro,RUT:ServiceJourney:ec0179b9c3862da03a43b6ebbd79f3d1,True,expected,False,,,,,2026-06-29T04:51:53.120134+02:00
NSR:StopPlace:58819,Grua stasjon,2026-06-29T05:41:00+02:00,2026-06-29T05:41:35+02:00,,35.0,1,Oslo S,VYG:Line:R31,Skøyen-Jaren-Gjøvik,R31,rail,VYG:ServiceJourney:202_465808-R,True,expected,False,,,,,2026-06-29T04:41:59.093800+02:00
NSR:StopPlace:59658,Moi stasjon,2026-06-29T05:20:00+02:00,2026-06-29T05:20:32+02:00,,32.0,1,Stavanger,GOA:Line:50,Sørtoget region,F5,rail,GOA:ServiceJourney:725-LOD_68591-R,True,expected,False,,,,,2026-06-29T04:51:53.120134+02:00
NSR:StopPlace:58849,Hakadal stasjon,2026-06-29T04:53:00+02:00,2026-06-29T04:53:30+02:00,,30.0,1,Oslo bussterminal,RUT:Line:390,Kongskog/Hellerudhaugen - Oslo bussterminal,390,bus,RUT:ServiceJourney:3c54a54fa7f9019a7c3b190eb495fbcc,True,expected,False,,,,,2026-06-29T04:51:53.120134+02:00
NSR:StopPlace:58820,Harestua stasjon,2026-06-29T04:57:00+02:00,2026-06-29T04:57:28+02:00,,28.0,1,Oslo S,VYG:Line:R31,Skøyen-Jaren-Gjøvik,R31,rail,VYG:ServiceJourney:240-JAH_550324-R,True,expected,False,,,,,2026-06-29T04:51:53.120134+02:00
NSR:StopPlace:62335,Eidsberg stasjon,2026-06-29T04:37:00+02:00,2026-06-29T04:37:25+02:00,,25.0,1,Oslo S,VYG:Line:R22,Skøyen-Oslo S-Mysen-Rakkestad,R22,rail,VYG:ServiceJourney:1904_443438-R,True,expected,False,,,,,2026-06-29T04:51:53.120134+02:00
NSR:StopPlace:59635,Hauketo stasjon,2026-06-29T04:58:00+02:00,2026-06-29T04:58:23+02:00,,23.0,1,Filipstad,RUT:Line:81,Fornebu - Myrvoll stasjon,81,bus,RUT:ServiceJourney:e6555b9c7ac320d5080f6ee18d928a14,True,expected,False,,,,,2026-06-29T04:51:53.120134+02:00
NSR:StopPlace:58404,Nationaltheatret,2026-06-29T05:21:00+02:00,2026-06-29T05:21:23+02:00,,23.0,1,Filipstad,RUT:Line:81,Fornebu - Myrvoll stasjon,81,bus,RUT:ServiceJourney:e6555b9c7ac320d5080f6ee18d928a14,True,expected,False,,,,,2026-06-29T04:51:53.120134+02:00
NSR:StopPlace:62371,Sparbu stasjon,2026-06-29T04:41:00+02:00,2026-06-29T04:41:23+02:00,,23.0,1,Ler,SJN:Line:26,Trønderbanen,R70,rail,SJN:ServiceJourney:420_45429-R,True,expected,False,,,,,2026-06-29T04:41:59.093800+02:00
NSR:StopPlace:60017,Slitu stasjon,2026-06-29T04:48:00+02:00,2026-06-29T04:48:20+02:00,,20.0,1,Oslo S,VYG:Line:R22,Skøyen-Oslo S-Mysen-Rakkestad,R22,rail,VYG:ServiceJourney:1904_443438-R,True,expected,False,,,,,2026-06-29T04:51:53.120134+02:00
NSR:StopPlace:61251,Øksnavadporten stasjon,2026-06-29T05:25:00+02:00,2026-06-29T05:25:19+02:00,,19.0,1,Stavanger,GOA:Line:59,Jærbanen,L5,rail,GOA:ServiceJourney:3001_63033-R,True,expected,False,,,,,2026-06-29T04:51:53.120134+02:00
NSR:StopPlace:8,Paradis stasjon,2026-06-29T05:48:00+02:00,2026-06-29T05:48:19+02:00,,19.0,1,Stavanger,GOA:Line:59,Jærbanen,L5,rail,GOA:ServiceJourney:3001_63033-R,True,expected,False,,,,,2026-06-29T04:51:53.120134+02:00
NSR:StopPlace:61334,Ogna stasjon,2026-06-29T04:53:00+02:00,2026-06-29T04:53:19+02:00,,19.0,1,Stavanger,GOA:Line:59,Jærbanen,L5,rail,GOA:ServiceJourney:3001_63033-R,True,expected,False,,,,,2026-06-29T04:51:53.120134+02:00
NSR:StopPlace:61872,Nærbø stasjon,2026-06-29T05:10:00+02:00,2026-06-29T05:10:19+02:00,,19.0,1,Stavanger,GOA:Line:59,Jærbanen,L5,rail,GOA:ServiceJourney:3001_63033-R,True,expected,False,,,,,2026-06-29T04:51:53.120134+02:00
NSR:StopPlace:59957,Klepp stasjon,2026-06-29T05:22:00+02:00,2026-06-29T05:22:19+02:00,,19.0,1,Stavanger,GOA:Line:59,Jærbanen,L5,rail,GOA:ServiceJourney:3001_63033-R,True,expected,False,,,,,2026-06-29T04:51:53.120134+02:00
NSR:StopPlace:60271,Varhaug stasjon,2026-06-29T05:06:00+02:00,2026-06-29T05:06:19+02:00,,19.0,1,Stavanger,GOA:Line:59,Jærbanen,L5,rail,GOA:ServiceJourney:3001_63033-R,True,expected,False,,,,,2026-06-29T04:51:53.120134+02:00
NSR:StopPlace:58924,Bryne stasjon,2026-06-29T05:18:00+02:00,2026-06-29T05:18:19+02:00,,19.0,1,Stavanger,GOA:Line:59,Jærbanen,L5,rail,GOA:ServiceJourney:3001_63033-R,True,expected,False,,,,,2026-06-29T04:51:53.120134+02:00
NSR:StopPlace:58925,Gausel stasjon,2026-06-29T05:39:00+02:00,2026-06-29T05:39:19+02:00,,19.0,1,Stavanger,GOA:Line:59,Jærbanen,L5,rail,GOA:ServiceJourney:3001_63033-R,True,expected,False,,,,,2026-06-29T04:51:53.120134+02:00
NSR:StopPlace:63079,Skeiane stasjon,2026-06-29T05:32:00+02:00,2026-06-29T05:32:19+02:00,,19.0,1,Stavanger,GOA:Line:59,Jærbanen,L5,rail,GOA:ServiceJourney:3001_63033-R,True,expected,False,,,,,2026-06-29T04:51:53.120134+02:00
NSR:StopPlace:362,Jåttåvågen stasjon,2026-06-29T05:42:00+02:00,2026-06-29T05:42:19+02:00,,19.0,1,Stavanger,GOA:Line:59,Jærbanen,L5,rail,GOA:ServiceJourney:3001_63033-R,True,expected,False,,,,,2026-06-29T04:51:53.120134+02:00
NSR:StopPlace:206,Mariero stasjon,2026-06-29T05:45:00+02:00,2026-06-29T05:45:19+02:00,,19.0,1,Stavanger,GOA:Line:59,Jærbanen,L5,rail,GOA:ServiceJourney:3001_63033-R,True,expected,False,,,,,2026-06-29T04:51:53.120134+02:00
NSR:StopPlace:261,Ganddal stasjon,2026-06-29T05:29:00+02:00,2026-06-29T05:29:19+02:00,,19.0,1,Stavanger,GOA:Line:59,Jærbanen,L5,rail,GOA:ServiceJourney:3001_63033-R,True,expected,False,,,,,2026-06-29T04:51:53.120134+02:00
NSR:StopPlace:702,Sandnes sentrum stasjon,2026-06-29T05:34:00+02:00,2026-06-29T05:34:19+02:00,,19.0,1,Stavanger,GOA:Line:59,Jærbanen,L5,rail,GOA:ServiceJourney:3001_63033-R,True,expected,False,,,,,2026-06-29T04:51:53.120134+02:00
NSR:StopPlace:62311,Vigrestad stasjon,2026-06-29T05:01:00+02:00,2026-06-29T05:01:19+02:00,,19.0,1,Stavanger,GOA:Line:59,Jærbanen,L5,rail,GOA:ServiceJourney:3001_63033-R,True,expected,False,,,,,2026-06-29T04:51:53.120134+02:00
NSR:StopPlace:62310,Brusand stasjon,2026-06-29T04:56:00+02:00,2026-06-29T04:56:19+02:00,,19.0,1,Stavanger,GOA:Line:59,Jærbanen,L5,rail,GOA:ServiceJourney:3001_63033-R,True,expected,False,,,,,2026-06-29T04:51:53.120134+02:00
NSR:StopPlace:58813,Skarnes stasjon,2026-06-29T04:55:00+02:00,2026-06-29T04:55:11+02:00,,11.0,1,Asker,VYG:Line:R14,Asker-Oslo S-Kongsvinger,R14,rail,VYG:ServiceJourney:81002_466245-R,True,expected,False,,,,,2026-06-29T04:51:53.120134+02:00
NSR:StopPlace:59635,Hauketo stasjon,2026-06-29T05:03:00+02:00,2026-06-29T05:03:08+02:00,,8.0,1,Grorud T,RUT:Line:79,Grorud T - Åsbråten,79,bus,RUT:ServiceJourney:fa612b0110065c3d855d5b5df56a011e,True,expected,False,,,,,2026-06-29T04:51:53.120134+02:00
NSR:StopPlace:59636,Holmlia stasjon,2026-06-29T04:55:00+02:00,2026-06-29T04:55:08+02:00,,8.0,1,Grorud T,RUT:Line:79,Grorud T - Åsbråten,79,bus,RUT:ServiceJourney:fa612b0110065c3d855d5b5df56a011e,True,expected,False,,,,,2026-06-29T04:51:53.120134+02:00
NSR:StopPlace:58861,Solbråtan stasjon,2026-06-29T04:53:00+02:00,2026-06-29T04:53:07+02:00,,7.0,1,Spikkestad,VYG:Line:L2,Stabekk-Oslo S-Ski,L2,rail,VYG:ServiceJourney:82704_466520-R,True,expected,False,,,,,2026-06-29T04:51:53.120134+02:00
NSR:StopPlace:58868,Årnes stasjon,2026-06-29T05:08:00+02:00,2026-06-29T05:08:05+02:00,,5.0,1,Asker,VYG:Line:R14,Asker-Oslo S-Kongsvinger,R14,rail,VYG:ServiceJourney:81002_466245-R,True,expected,False,,,,,2026-06-29T04:51:53.120134+02:00
NSR:StopPlace:58404,Nationaltheatret,2026-06-29T05:38:00+02:00,2026-06-29T05:38:02+02:00,,2.0,1,Ryen,RUT:Line:4,Vestli - Bergkrystallen,4,metro,RUT:ServiceJourney:804a0ee979046b4c999025b6f24ba3ab,True,expected,False,Buss for bane mellom Ryen og Bergkrystallen,Buss for bane 4B kjører mellom Ryen og Bergkrystallen. ,incident,normal,2026-06-29T04:51:53.120134+02:00
NSR:StopPlace:6,Greverud stasjon,2026-06-29T05:18:00+02:00,2026-06-29T05:18:00+02:00,,0.0,0,Spikkestad,VYG:Line:L2,Stabekk-Oslo S-Ski,L2,rail,VYG:ServiceJourney:82706_466522-R,True,planned,False,,,,,2026-06-29T04:51:53.120134+02:00
NSR:StopPlace:6,Greverud stasjon,2026-06-29T05:48:00+02:00,2026-06-29T05:48:00+02:00,,0.0,0,Spikkestad,VYG:Line:L2,Stabekk-Oslo S-Ski,L2,rail,VYG:ServiceJourney:82708_466524-R,True,planned,False,,,,,2026-06-29T04:51:53.120134+02:00
NSR:StopPlace:61466,Vakås stasjon,2026-06-29T05:13:00+02:00,2026-06-29T05:13:00+02:00,,0.0,0,Ski,VYG:Line:L2,Stabekk-Oslo S-Ski,L2,rail,VYG:ServiceJourney:82703_466519-R,True,planned,False,,,,,2026-06-29T04:51:53.120134+02:00
NSR:StopPlace:61466,Vakås stasjon,2026-06-29T05:43:00+02:00,2026-06-29T05:43:00+02:00,,0.0,0,Ski,VYG:Line:L2,Stabekk-Oslo S-Ski,L2,rail,VYG:ServiceJourney:82705_466521-R,True,planned,False,,,,,2026-06-29T04:51:53.120134+02:00
NSR:StopPlace:61466,Vakås stasjon,2026-06-29T05:46:00+02:00,2026-06-29T05:46:00+02:00,,0.0,0,Spikkestad,VYG:Line:L2,Stabekk-Oslo S-Ski,L2,rail,VYG:ServiceJourney:82704_466520-R,True,planned,False,,,,,2026-06-29T04:51:53.120134+02:00
NSR:StopPlace:61463,Nordstrand stasjon,2026-06-29T05:07:00+02:00,2026-06-29T05:07:00+02:00,,0.0,0,Spikkestad,VYG:Line:L2,Stabekk-Oslo S-Ski,L2,rail,VYG:ServiceJourney:82704_466520-R,True,planned,False,,,,,2026-06-29T04:51:53.120134+02:00
NSR:StopPlace:61463,Nordstrand stasjon,2026-06-29T05:37:00+02:00,2026-06-29T05:37:00+02:00,,0.0,0,Spikkestad,VYG:Line:L2,Stabekk-Oslo S-Ski,L2,rail,VYG:ServiceJourney:82706_466522-R,True,planned,False,,,,,2026-06-29T04:51:53.120134+02:00
NSR:StopPlace:61464,Hvalstad stasjon,2026-06-29T05:15:00+02:00,2026-06-29T05:15:00+02:00,,0.0,0,Ski,VYG:Line:L2,Stabekk-Oslo S-Ski,L2,rail,VYG:ServiceJourney:82703_466519-R,True,planned,False,,,,,2026-06-29T04:51:53.120134+02:00
NSR:StopPlace:61464,Hvalstad stasjon,2026-06-29T05:44:00+02:00,2026-06-29T05:44:00+02:00,,0.0,0,Spikkestad,VYG:Line:L2,Stabekk-Oslo S-Ski,L2,rail,VYG:ServiceJourney:82704_466520-R,True,planned,False,,,,,2026-06-29T04:51:53.120134+02:00
NSR:StopPlace:61464,Hvalstad stasjon,2026-06-29T05:45:00+02:00,2026-06-29T05:45:00+02:00,,0.0,0,Ski,VYG:Line:L2,Stabekk-Oslo S-Ski,L2,rail,VYG:ServiceJourney:82705_466521-R,True,planned,False,,,,,2026-06-29T04:51:53.120134+02:00
NSR:StopPlace:61413,Heia stasjon,2026-06-29T05:36:00+02:00,2026-06-29T05:36:00+02:00,,0.0,0,Oslo S,VYG:Line:R22,Skøyen-Oslo S-Mysen-Rakkestad,R22,rail,VYG:ServiceJourney:1906_443441-R,True,planned,False,,,,,2026-06-29T04:51:53.120134+02:00
NSR:StopPlace:61326,Gulskogen stasjon,2026-06-29T05:12:00+02:00,2026-06-29T05:12:00+02:00,,0.0,0,Eidsvoll,VYG:Line:R12,Kongsberg-Oslo S-Eidsvoll,R12,rail,VYG:ServiceJourney:80502_466140-R,True,planned,False,,,,,2026-06-29T04:51:53.120134+02:00
NSR:StopPlace:61387,Skogn stasjon,2026-06-29T05:16:00+02:00,2026-06-29T05:16:00+02:00,,0.0,0,Ler,SJN:Line:26,Trønderbanen,R70,rail,SJN:ServiceJourney:420_45429-R,True,planned,False,,,,,2026-06-29T04:51:53.120134+02:00
NSR:StopPlace:61301,Movatn stasjon,2026-06-29T05:24:00+02:00,2026-06-29T05:24:00+02:00,,0.0,0,Oslo S,VYG:Line:R31,Skøyen-Jaren-Gjøvik,R31,rail,VYG:ServiceJourney:240-JAH_550324-R,True,planned,False,,,,,2026-06-29T04:51:53.120134+02:00
NSR:StopPlace:61315,Nerdrum stasjon,2026-06-29T05:38:00+02:00,2026-06-29T05:38:00+02:00,,0.0,0,Asker,VYG:Line:R14,Asker-Oslo S-Kongsvinger,R14,rail,VYG:ServiceJourney:81002_466245-R,True,planned,False,,,,,2026-06-29T04:51:53.120134+02:00
NSR:StopPlace:61314,Hovin stasjon,2026-06-29T05:13:00+02:00,2026-06-29T05:13:00+02:00,,0.0,0,Steinkjer,SJN:Line:26,Trønderbanen,R70,rail,SJN:ServiceJourney:423_44524-R,True,planned,False,,,,,2026-06-29T04:51:53.120134+02:00
NSR:StopPlace:59789,Skotbu stasjon,2026-06-29T05:16:00+02:00,2026-06-29T05:16:00+02:00,,0.0,0,Oslo S,VYG:Line:R22,Skøyen-Oslo S-Mysen-Rakkestad,R22,rail,VYG:ServiceJourney:1904_443438-R,True,planned,False,,,,,2026-06-29T04:51:53.120134+02:00
NSR:StopPlace:59872,Oslo S,2026-06-29T04:54:00+02:00,2026-06-29T04:54:00+02:00,,0.0,0,Eidsvoll,VYG:Line:R12,Kongsberg-Oslo S-Eidsvoll,R12,rail,VYG:ServiceJourney:80500_466139-R,True,planned,False,,,,,2026-06-29T04:51:53.120134+02:00
NSR:StopPlace:59872,Oslo S,2026-06-29T05:04:00+02:00,2026-06-29T05:04:00+02:00,,0.0,0,Oslo Lufthavn,FLT:Line:FLY1,FLY1,FLY1,rail,FLT:ServiceJourney:1-2614-83703-20260629,True,planned,False,,,,,2026-06-29T04:51:53.120134+02:00
NSR:StopPlace:59872,Oslo S,2026-06-29T05:16:00+02:00,2026-06-29T05:16:00+02:00,,0.0,0,Spikkestad,VYG:Line:L2,Stabekk-Oslo S-Ski,L2,rail,VYG:ServiceJourney:82704_466520-R,True,planned,False,,,,,2026-06-29T04:51:53.120134+02:00
NSR:StopPlace:59872,Oslo S,2026-06-29T05:24:00+02:00,2026-06-29T05:24:00+02:00,,0.0,0,Oslo Lufthavn,FLT:Line:FLY1,FLY1,FLY1,rail,FLT:ServiceJourney:1-2614-83705-20260629,True,planned,False,,,,,2026-06-29T04:51:53.120134+02:00
NSR:StopPlace:59872,Oslo S,2026-06-29T05:36:00+02:00,2026-06-29T05:36:00+02:00,,0.0,0,Ski,VYG:Line:R23,Stabekk-Oslo S-Moss,R23,rail,VYG:ServiceJourney:1503_443146-R,True,planned,False,,,,,2026-06-29T04:51:53.120134+02:00
NSR:StopPlace:59872,Oslo S,2026-06-29T05:37:00+02:00,2026-06-29T05:37:00+02:00,,0.0,0,Stabekk,VYG:Line:R21,Stabekk-Oslo S-Moss,R21,rail,VYG:ServiceJourney:1104-MOS_442975-R,True,planned,False,,,,,2026-06-29T04:51:53.120134+02:00
NSR:StopPlace:59872,Oslo S,2026-06-29T05:44:00+02:00,2026-06-29T05:44:00+02:00,,0.0,0,Oslo Lufthavn,FLT:Line:FLY1,FLY1,FLY1,rail,FLT:ServiceJourney:1-2614-83707-20260629,True,planned,False,,,,,2026-06-29T04:51:53.120134+02:00
NSR:StopPlace:59872,Oslo S,2026-06-29T05:46:00+02:00,2026-06-29T05:46:00+02:00,,0.0,0,Ski,VYG:Line:L2,Stabekk-Oslo S-Ski,L2,rail,VYG:ServiceJourney:82703_466519-R,True,planned,False,,,,,2026-06-29T04:51:53.120134+02:00
NSR:StopPlace:59872,Oslo S,2026-06-29T05:46:00+02:00,2026-06-29T05:46:00+02:00,,0.0,0,Spikkestad,VYG:Line:L2,Stabekk-Oslo S-Ski,L2,rail,VYG:ServiceJourney:82706_466522-R,True,planned,False,,,,,2026-06-29T04:51:53.120134+02:00
NSR:StopPlace:59872,Oslo S,2026-06-29T05:48:00+02:00,2026-06-29T05:48:00+02:00,,0.0,0,Skien,VYG:Line:RE11,Eidsvoll-Oslo S-Skien,RE11,rail,VYG:ServiceJourney:300-80803-HHS_658722-R,True,planned,False,,,,,2026-06-29T04:51:53.120134+02:00
NSR:StopPlace:59872,Oslo S,2026-06-29T05:48:00+02:00,2026-06-29T05:48:00+02:00,,0.0,0,Rakkestad,VYG:Line:R22,Skøyen-Oslo S-Mysen-Rakkestad,R22,rail,VYG:ServiceJourney:1903_507733-R,True,planned,False,,,,,2026-06-29T04:51:53.120134+02:00
NSR:StopPlace:59646,Høvik stasjon,2026-06-29T05:28:00+02:00,2026-06-29T05:28:00+02:00,,0.0,0,Ski,VYG:Line:L2,Stabekk-Oslo S-Ski,L2,rail,VYG:ServiceJourney:82703_466519-R,True,planned,False,,,,,2026-06-29T04:51:53.120134+02:00
NSR:StopPlace:59646,Høvik stasjon,2026-06-29T05:31:00+02:00,2026-06-29T05:31:00+02:00,,0.0,0,Spikkestad,VYG:Line:L2,Stabekk-Oslo S-Ski,L2,rail,VYG:ServiceJourney:82704_466520-R,True,planned,False,,,,,2026-06-29T04:51:53.120134+02:00
NSR:StopPlace:59647,Dal stasjon,2026-06-29T05:16:00+02:00,2026-06-29T05:16:00+02:00,,0.0,0,Eidsvoll,RUT:Line:430,Eidsvoll - Jessheim,430,bus,RUT:ServiceJourney:a4fbd18aa5e74e02c90c2b6c723d5ad3,True,planned,False,,,,,2026-06-29T04:51:53.120134+02:00
NSR:StopPlace:59647,Dal stasjon,2026-06-29T05:24:00+02:00,2026-06-29T05:24:00+02:00,,0.0,0,Drammen,VYG:Line:R13,Drammen-Oslo S-Dal,R13,rail,VYG:ServiceJourney:81604_466358-R,True,planned,False,,,,,2026-06-29T04:51:53.120134+02:00
NSR:StopPlace:59648,Kjelsås stasjon,2026-06-29T05:10:00+02:00,2026-06-29T05:10:00+02:00,,0.0,0,Kværnerbyen,RUT:Line:54,Kværnerbyen - Kjelsås stasjon,54,bus,RUT:ServiceJourney:8ae8aa0ab4a0c6317425ca2357972964,True,planned,False,,,,,2026-06-29T04:51:53.120134+02:00
NSR:StopPlace:59648,Kjelsås stasjon,2026-06-29T05:11:00+02:00,2026-06-29T05:11:00+02:00,,0.0,0,Haugerud,RUT:Line:25,Majorstuen-Haugerud,25,bus,RUT:ServiceJourney:87d8b2f727ca6e9cabf56c4e48b618a3,True,planned,False,,,,,2026-06-29T04:51:53.120134+02:00
NSR:StopPlace:59648,Kjelsås stasjon,2026-06-29T05:35:00+02:00,2026-06-29T05:35:00+02:00,,0.0,0,Oslo S,VYG:Line:R31,Skøyen-Jaren-Gjøvik,R31,rail,VYG:ServiceJourney:240-JAH_550324-R,True,planned,False,,,,,2026-06-29T04:51:53.120134+02:00
NSR:StopPlace:59648,Kjelsås stasjon,2026-06-29T05:41:00+02:00,2026-06-29T05:41:00+02:00,,0.0,0,Haugerud,RUT:Line:25,Majorstuen-Haugerud,25,bus,RUT:ServiceJourney:ffd85f9b86c3276d60537f30e65f89b1,True,planned,False,,,,,2026-06-29T04:51:53.120134+02:00
NSR:StopPlace:59649,Nydalen stasjon,2026-06-29T05:33:00+02:00,2026-06-29T05:33:00+02:00,,0.0,0,Oslo lufthavn,NBU:Line:cb7b555c-f96e-42d5-84bf-a5e08c0145c2,Radiumhospitalet via Økern-Storo-Tåsen,FB3,bus,NBU:ServiceJourney:3121e207-6839-438e-a24e-a659162dd02c,True,planned,False,,,,,2026-06-29T04:51:53.120134+02:00
NSR:StopPlace:59649,Nydalen stasjon,2026-06-29T05:38:00+02:00,2026-06-29T05:38:00+02:00,,0.0,0,Oslo S,VYG:Line:R31,Skøyen-Jaren-Gjøvik,R31,rail,VYG:ServiceJourney:240-JAH_550324-R,True,planned,False,,,,,2026-06-29T04:51:53.120134+02:00
NSR:StopPlace:59649,Nydalen stasjon,2026-06-29T05:46:00+02:00,2026-06-29T05:46:00+02:00,,0.0,0,Simensbråten,RUT:Line:23,Lysaker - Simensbråten,23,bus,RUT:ServiceJourney:13f5de46f4ed1e4f27ba1839777140fd,True,planned,False,,,,,2026-06-29T04:51:53.120134+02:00
NSR:StopPlace:59642,Rånåsfoss stasjon,2026-06-29T05:20:00+02:00,2026-06-29T05:20:00+02:00,,0.0,0,Asker,VYG:Line:R14,Asker-Oslo S-Kongsvinger,R14,rail,VYG:ServiceJourney:81002_466245-R,True,planned,False,,,,,2026-06-29T04:51:53.120134+02:00
NSR:StopPlace:59643,Grefsen stasjon,2026-06-29T05:08:00+02:00,2026-06-29T05:08:00+02:00,,0.0,0,Oslo lufthavn,NBU:Line:cb7b555c-f96e-42d5-84bf-a5e08c0145c2,Radiumhospitalet via Økern-Storo-Tåsen,FB3,bus,NBU:ServiceJourney:f0f7dd2e-b62b-4186-9b42-9757efdb8612,True,planned,False,,,,,2026-06-29T04:51:53.120134+02:00
NSR:StopPlace:59643,Grefsen stasjon,2026-06-29T05:38:00+02:00,2026-06-29T05:38:00+02:00,,0.0,0,Oslo lufthavn,NBU:Line:cb7b555c-f96e-42d5-84bf-a5e08c0145c2,Radiumhospitalet via Økern-Storo-Tåsen,FB3,bus,NBU:ServiceJourney:3121e207-6839-438e-a24e-a659162dd02c,True,planned,False,,,,,2026-06-29T04:51:53.120134+02:00
NSR:StopPlace:59643,Grefsen stasjon,2026-06-29T05:41:00+02:00,2026-06-29T05:41:00+02:00,,0.0,0,Oslo S,VYG:Line:R31,Skøyen-Jaren-Gjøvik,R31,rail,VYG:ServiceJourney:240-JAH_550324-R,True,planned,False,,,,,2026-06-29T04:51:53.120134+02:00
NSR:StopPlace:59643,Grefsen stasjon,2026-06-29T05:49:00+02:00,2026-06-29T05:49:00+02:00,,0.0,0,Simensbråten,RUT:Line:23,Lysaker - Simensbråten,23,bus,RUT:ServiceJourney:13f5de46f4ed1e4f27ba1839777140fd,True,planned,False,,,,,2026-06-29T04:51:53.120134+02:00
NSR:StopPlace:60640,Heimdal stasjon,2026-06-29T05:44:00+02:00,2026-06-29T05:44:00+02:00,,0.0,0,Steinkjer,SJN:Line:26,Trønderbanen,R70,rail,SJN:ServiceJourney:423_44524-R,True,planned,False,,,,,2026-06-29T04:51:53.120134+02:00
NSR:StopPlace:59650,Nyland stasjon,2026-06-29T05:22:00+02:00,2026-06-29T05:22:00+02:00,,0.0,0,Oslo lufthavn,NBU:Line:cb7b555c-f96e-42d5-84bf-a5e08c0145c2,Radiumhospitalet via Økern-Storo-Tåsen,FB3,bus,NBU:ServiceJourney:f0f7dd2e-b62b-4186-9b42-9757efdb8612,True,planned,False,,,,,2026-06-29T04:51:53.120134+02:00
NSR:StopPlace:59651,Skøyen stasjon,2026-06-29T04:44:00+02:00,2026-06-29T04:44:00+02:00,,0.0,0,Eidsvoll,VYG:Line:R12,Kongsberg-Oslo S-Eidsvoll,R12,rail,VYG:ServiceJourney:80500_466139-R,True,planned,False,,,,,2026-06-29T04:51:53.120134+02:00
NSR:StopPlace:59651,Skøyen stasjon,2026-06-29T04:54:00+02:00,2026-06-29T04:54:00+02:00,,0.0,0,Oslo Lufthavn,FLT:Line:FLY1,FLY1,FLY1,rail,FLT:ServiceJourney:1-2614-83703-20260629,True,planned,False,,,,,2026-06-29T04:51:53.120134+02:00
NSR:StopPlace:59651,Skøyen stasjon,2026-06-29T05:12:00+02:00,2026-06-29T05:12:00+02:00,,0.0,0,Grorud T,RUT:Line:31,Snarøya - Fornebu - Tonsenhagen - Grorud,31,bus,RUT:ServiceJourney:0e11fee6ebe4d2c3eeccd3265dedac19,True,planned,False,,,,,2026-06-29T04:51:53.120134+02:00
NSR:StopPlace:59651,Skøyen stasjon,2026-06-29T05:14:00+02:00,2026-06-29T05:14:00+02:00,,0.0,0,Oslo Lufthavn,FLT:Line:FLY1,FLY1,FLY1,rail,FLT:ServiceJourney:1-2614-83705-20260629,True,planned,False,,,,,2026-06-29T04:51:53.120134+02:00
NSR:StopPlace:59651,Skøyen stasjon,2026-06-29T05:22:00+02:00,2026-06-29T05:22:00+02:00,,0.0,0,Spikkestad,VYG:Line:L2,Stabekk-Oslo S-Ski,L2,rail,VYG:ServiceJourney:82704_466520-R,True,planned,False,,,,,2026-06-29T04:51:53.120134+02:00
NSR:StopPlace:59651,Skøyen stasjon,2026-06-29T05:34:00+02:00,2026-06-29T05:34:00+02:00,,0.0,0,Oslo Lufthavn,FLT:Line:FLY1,FLY1,FLY1,rail,FLT:ServiceJourney:1-2614-83707-20260629,True,planned,False,,,,,2026-06-29T04:51:53.120134+02:00
NSR:StopPlace:59651,Skøyen stasjon,2026-06-29T05:37:00+02:00,2026-06-29T05:37:00+02:00,,0.0,0,Ski,VYG:Line:L2,Stabekk-Oslo S-Ski,L2,rail,VYG:ServiceJourney:82703_466519-R,True,planned,False,,,,,2026-06-29T04:51:53.120134+02:00
NSR:StopPlace:59651,Skøyen stasjon,2026-06-29T05:42:00+02:00,2026-06-29T05:42:00+02:00,,0.0,0,Moss,VYG:Line:R21,Stabekk-Oslo S-Moss,R21,rail,VYG:ServiceJourney:1103-HVK_550260-R,True,planned,False,,,,,2026-06-29T04:51:53.120134+02:00
NSR:StopPlace:59651,Skøyen stasjon,2026-06-29T05:43:00+02:00,2026-06-29T05:43:00+02:00,,0.0,0,Stabekk,VYG:Line:R21,Stabekk-Oslo S-Moss,R21,rail,VYG:ServiceJourney:1104-MOS_442975-R,True,planned,False,,,,,2026-06-29T04:51:53.120134+02:00
NSR:StopPlace:59651,Skøyen stasjon,2026-06-29T05:44:00+02:00,2026-06-29T05:44:00+02:00,,0.0,0,Eidsvoll,VYG:Line:R12,Kongsberg-Oslo S-Eidsvoll,R12,rail,VYG:ServiceJourney:80502_466140-R,True,planned,False,,,,,2026-06-29T04:51:53.120134+02:00
NSR:StopPlace:59651,Skøyen stasjon,2026-06-29T05:48:00+02:00,2026-06-29T05:48:00+02:00,,0.0,0,Kongsvinger,VYG:Line:R14,Asker-Oslo S-Kongsvinger,R14,rail,VYG:ServiceJourney:81003_466246-R,True,planned,False,,,,,2026-06-29T04:51:53.120134+02:00
NSR:StopPlace:59652,Tøyen stasjon,2026-06-29T05:44:00+02:00,2026-06-29T05:44:00+02:00,,0.0,0,Oslo S,VYG:Line:R31,Skøyen-Jaren-Gjøvik,R31,rail,VYG:ServiceJourney:240-JAH_550324-R,True,planned,False,,,,,2026-06-29T04:51:53.120134+02:00
NSR:StopPlace:59654,Stabekk stasjon,2026-06-29T05:22:00+02:00,2026-06-29T05:22:00+02:00,,0.0,0,Nationaltheatret,RUT:Line:150,Gullhaug - Nationaltheatret,150,bus,RUT:ServiceJourney:16bbb18a4b17eae200904ffef04006df,True,planned,False,,,,,2026-06-29T04:51:53.120134+02:00
NSR:StopPlace:59654,Stabekk stasjon,2026-06-29T05:29:00+02:00,2026-06-29T05:29:00+02:00,,0.0,0,Spikkestad,VYG:Line:L2,Stabekk-Oslo S-Ski,L2,rail,VYG:ServiceJourney:82704_466520-R,True,planned,False,,,,,2026-06-29T04:51:53.120134+02:00
NSR:StopPlace:59654,Stabekk stasjon,2026-06-29T05:31:00+02:00,2026-06-29T05:31:00+02:00,,0.0,0,Ski,VYG:Line:L2,Stabekk-Oslo S-Ski,L2,rail,VYG:ServiceJourney:82703_466519-R,True,planned,False,,,,,2026-06-29T04:51:53.120134+02:00
NSR:StopPlace:59654,Stabekk stasjon,2026-06-29T05:36:00+02:00,2026-06-29T05:36:00+02:00,,0.0,0,Moss,VYG:Line:R21,Stabekk-Oslo S-Moss,R21,rail,VYG:ServiceJourney:1103-HVK_550260-R,True,planned,False,,,,,2026-06-29T04:51:53.120134+02:00
NSR:StopPlace:59690,Dovre stasjon,2026-06-29T05:32:00+02:00,2026-06-29T05:32:00+02:00,,0.0,0,Drammen,VYG:Line:RE10,Drammen-Oslo S-Lillehammer,RE10,rail,VYG:ServiceJourney:80308-DOM_550379-R,True,planned,False,,,,,2026-06-29T04:51:53.120134+02:00
NSR:StopPlace:60736,Spikkestad stasjon,2026-06-29T05:21:00+02:00,2026-06-29T05:21:00+02:00,,0.0,0,Ski,VYG:Line:L2,Stabekk-Oslo S-Ski,L2,rail,VYG:ServiceJourney:82705_466521-R,True,planned,False,,,,,2026-06-29T04:51:53.120134+02:00
NSR:StopPlace:60736,Spikkestad stasjon,2026-06-29T05:51:00+02:00,2026-06-29T05:51:00+02:00,,0.0,0,Ski,VYG:Line:L2,Stabekk-Oslo S-Ski,L2,rail,VYG:ServiceJourney:82707_466523-R,True,planned,False,,,,,2026-06-29T04:51:53.120134+02:00
NSR:StopPlace:60737,Bondivann stasjon,2026-06-29T05:35:00+02:00,2026-06-29T05:35:00+02:00,,0.0,0,Ski,VYG:Line:L2,Stabekk-Oslo S-Ski,L2,rail,VYG:ServiceJourney:82705_466521-R,True,planned,False,,,,,2026-06-29T04:51:53.120134+02:00
NSR:StopPlace:60735,Gullhella stasjon,2026-06-29T05:32:00+02:00,2026-06-29T05:32:00+02:00,,0.0,0,Ski,VYG:Line:L2,Stabekk-Oslo S-Ski,L2,rail,VYG:ServiceJourney:82705_466521-R,True,planned,False,,,,,2026-06-29T04:51:53.120134+02:00
NSR:StopPlace:59952,Drammen stasjon,2026-06-29T05:06:00+02:00,2026-06-29T05:06:00+02:00,,0.0,0,Oslo Lufthavn,FLT:Line:FLY1,FLY1,FLY1,rail,FLT:ServiceJourney:1-2614-83707-20260629,True,planned,False,,,,,2026-06-29T04:51:53.120134+02:00
NSR:StopPlace:59952,Drammen stasjon,2026-06-29T05:17:00+02:00,2026-06-29T05:17:00+02:00,,0.0,0,Eidsvoll,VYG:Line:R12,Kongsberg-Oslo S-Eidsvoll,R12,rail,VYG:ServiceJourney:80502_466140-R,True,planned,False,,,,,2026-06-29T04:51:53.120134+02:00
NSR:StopPlace:59952,Drammen stasjon,2026-06-29T05:26:00+02:00,2026-06-29T05:26:00+02:00,,0.0,0,Oslo Lufthavn,FLT:Line:FLY1,FLY1,FLY1,rail,FLT:ServiceJourney:1-2614-83709-20260629,True,planned,False,,,,,2026-06-29T04:51:53.120134+02:00
NSR:StopPlace:59952,Drammen stasjon,2026-06-29T05:29:00+02:00,2026-06-29T05:29:00+02:00,,0.0,0,Dal,VYG:Line:R13,Drammen-Oslo S-Dal,R13,rail,VYG:ServiceJourney:81605_466359-R,True,planned,False,Færre vogner,Denne avgangen kjører dessverre med 5 vogner i stedet for 10 vogner.,general,normal,2026-06-29T04:51:53.120134+02:00
NSR:StopPlace:59952,Drammen stasjon,2026-06-29T05:42:00+02:00,2026-06-29T05:42:00+02:00,,0.0,0,Eidsvoll,VYG:Line:RE11,Eidsvoll-Oslo S-Skien,RE11,rail,VYG:ServiceJourney:80802_550397-R,True,planned,False,,,,,2026-06-29T04:51:53.120134+02:00
NSR:StopPlace:59952,Drammen stasjon,2026-06-29T05:46:00+02:00,2026-06-29T05:46:00+02:00,,0.0,0,Oslo Lufthavn,FLT:Line:FLY1,FLY1,FLY1,rail,FLT:ServiceJourney:1-2614-83711-20260629,True,planned,False,,,,,2026-06-29T04:51:53.120134+02:00
NSR:StopPlace:59952,Drammen stasjon,2026-06-29T05:51:00+02:00,2026-06-29T05:51:00+02:00,,0.0,0,Lillehammer,VYG:Line:RE10,Drammen-Oslo S-Lillehammer,RE10,rail,VYG:ServiceJourney:80305-SUD_550378-R,True,planned,False,,,,,2026-06-29T04:51:53.120134+02:00
NSR:StopPlace:60944,Ski stasjon,2026-06-29T05:02:00+02:00,2026-06-29T05:02:00+02:00,,0.0,0,Oslo bussterminal,RUT:Line:515,Ski - Oslo,515,bus,RUT:ServiceJourney:38d566e2ddf56d97e817b826ff65796c,True,planned,False,,,,,2026-06-29T04:51:53.120134+02:00
NSR:StopPlace:60944,Ski stasjon,2026-06-29T05:09:00+02:00,2026-06-29T05:09:00+02:00,,0.0,0,Spikkestad,VYG:Line:L2,Stabekk-Oslo S-Ski,L2,rail,VYG:ServiceJourney:82706_466522-R,True,planned,False,,,,,2026-06-29T04:51:53.120134+02:00
NSR:StopPlace:60944,Ski stasjon,2026-06-29T05:16:00+02:00,2026-06-29T05:16:00+02:00,,0.0,0,Hebekk / Finstad,RUT:Line:525,Kråkstad - Ski - Kråkstad,525,bus,RUT:ServiceJourney:0d4e07d9bcdbe05a56bcb4363e3e044b,True,planned,False,,,,,2026-06-29T04:51:53.120134+02:00
NSR:StopPlace:60944,Ski stasjon,2026-06-29T05:17:00+02:00,2026-06-29T05:17:00+02:00,,0.0,0,Drøbak - Frogn vgs.,RUT:Line:510,Bøleråsen - Ski - Ås - Drøbak,510,bus,RUT:ServiceJourney:c828f5d80339e6b9c93f094fdc9bdb61,True,planned,False,,,,,2026-06-29T04:51:53.120134+02:00
NSR:StopPlace:60944,Ski stasjon,2026-06-29T05:21:00+02:00,2026-06-29T05:21:00+02:00,,0.0,0,Kolbotn torg,RUT:Line:580,Kolbotn - Ski,580,bus,RUT:ServiceJourney:5053edeb82b9fea14cd6e5e9e731f3d9,True,planned,False,,,,,2026-06-29T04:51:53.120134+02:00
NSR:StopPlace:60944,Ski stasjon,2026-06-29T05:22:00+02:00,2026-06-29T05:22:00+02:00,,0.0,0,Stabekk,VYG:Line:R21,Stabekk-Oslo S-Moss,R21,rail,VYG:ServiceJourney:1104-MOS_442975-R,True,planned,False,,,,,2026-06-29T04:51:53.120134+02:00
NSR:StopPlace:60944,Ski stasjon,2026-06-29T05:28:00+02:00,2026-06-29T05:28:00+02:00,,0.0,0,Oslo S,VYG:Line:R22,Skøyen-Oslo S-Mysen-Rakkestad,R22,rail,VYG:ServiceJourney:1904_443438-R,True,planned,False,,,,,2026-06-29T04:51:53.120134+02:00
NSR:StopPlace:60944,Ski stasjon,2026-06-29T05:31:00+02:00,2026-06-29T05:31:00+02:00,,0.0,0,Oslo S,VYG:Line:RE20,Oslo S-Halden-Göteborg-Malmö (X-Border),RE20,rail,VYG:ServiceJourney:102_508938-R,True,planned,False,,,,,2026-06-29T04:51:53.120134+02:00
NSR:StopPlace:60944,Ski stasjon,2026-06-29T05:34:00+02:00,2026-06-29T05:34:00+02:00,,0.0,0,Kråkstad,RUT:Line:525,Kråkstad - Ski - Kråkstad,525,bus,RUT:ServiceJourney:0d4e07d9bcdbe05a56bcb4363e3e044b,True,planned,False,,,,,2026-06-29T04:51:53.120134+02:00
NSR:StopPlace:60944,Ski stasjon,2026-06-29T05:39:00+02:00,2026-06-29T05:39:00+02:00,,0.0,0,Kråkstad,RUT:Line:525,Kråkstad - Ski - Kråkstad,525,bus,RUT:ServiceJourney:0d4e07d9bcdbe05a56bcb4363e3e044b,True,planned,False,,,,,2026-06-29T04:51:53.120134+02:00
NSR:StopPlace:60944,Ski stasjon,2026-06-29T05:39:00+02:00,2026-06-29T05:39:00+02:00,,0.0,0,Spikkestad,VYG:Line:L2,Stabekk-Oslo S-Ski,L2,rail,VYG:ServiceJourney:82708_466524-R,True,planned,False,,,,,2026-06-29T04:51:53.120134+02:00
NSR:StopPlace:59983,Bergen stasjon,2026-06-29T05:45:00+02:00,2026-06-29T05:45:00+02:00,,0.0,0,Voss,VYG:Line:R40,Bergen-Voss-Myrdal-Ål,R40,rail,VYG:ServiceJourney:1802_443389-R,True,planned,False,,,,,2026-06-29T04:51:53.120134+02:00
NSR:StopPlace:60016,Kråkstad stasjon,2026-06-29T05:20:00+02:00,2026-06-29T05:20:00+02:00,,0.0,0,Oslo S,VYG:Line:R22,Skøyen-Oslo S-Mysen-Rakkestad,R22,rail,VYG:ServiceJourney:1904_443438-R,True,planned,False,,,,,2026-06-29T04:51:53.120134+02:00
NSR:StopPlace:60042,Trengereid stasjon,2026-06-29T05:45:00+02:00,2026-06-29T05:45:00+02:00,,0.0,0,Bergen,VYG:Line:R40,Bergen-Voss-Myrdal-Ål,R40,rail,VYG:ServiceJourney:1805_443391-R,True,planned,False,,,,,2026-06-29T04:51:53.120134+02:00
NSR:StopPlace:60047,Melhus skysstasjon,2026-06-29T05:35:00+02:00,2026-06-29T05:35:00+02:00,,0.0,0,Steinkjer,SJN:Line:26,Trønderbanen,R70,rail,SJN:ServiceJourney:423_44524-R,True,planned,False,,,,,2026-06-29T04:51:53.120134+02:00
NSR:StopPlace:60045,Hamar stasjon,2026-06-29T05:06:00+02:00,2026-06-29T05:06:00+02:00,,0.0,0,Drammen,VYG:Line:RE10,Drammen-Oslo S-Lillehammer,RE10,rail,VYG:ServiceJourney:80302-HVE_550377-R,True,planned,False,,,,,2026-06-29T04:51:53.120134+02:00
NSR:StopPlace:60045,Hamar stasjon,2026-06-29T05:34:00+02:00,2026-06-29T05:34:00+02:00,,0.0,0,Oslo S,SJN:Line:21,Dovrebanen,F6,rail,SJN:ServiceJourney:80406-HMD_46520-R,True,planned,False,,,,,2026-06-29T04:51:53.120134+02:00
NSR:StopPlace:60053,Halden stasjon,2026-06-29T05:05:00+02:00,2026-06-29T05:05:00+02:00,,0.0,0,Oslo S,VYG:Line:RE20,Oslo S-Halden-Göteborg-Malmö (X-Border),RE20,rail,VYG:ServiceJourney:104_554467-R,True,planned,False,,,,,2026-06-29T04:51:53.120134+02:00
NSR:StopPlace:60053,Halden stasjon,2026-06-29T05:22:00+02:00,2026-06-29T05:22:00+02:00,,0.0,0,Halden sentrum,OST:Line:1_32,Brekkerød-Stenrød,32,bus,OST:ServiceJourney:32_260421054907549_1,True,planned,False,,,,,2026-06-29T04:51:53.120134+02:00
NSR:StopPlace:60053,Halden stasjon,2026-06-29T05:33:00+02:00,2026-06-29T05:33:00+02:00,,0.0,0,Halden sentrum,OST:Line:1_33,Tistedal-Vold skog,33,bus,OST:ServiceJourney:33_260421055821362_1,True,planned,False,,,,,2026-06-29T04:51:53.120134+02:00
NSR:StopPlace:60077,Støren stasjon,2026-06-29T05:07:00+02:00,2026-06-29T04:47:24+02:00,,0.0,0,Steinkjer,SJN:Line:26,Trønderbanen,R70,rail,SJN:ServiceJourney:423_44524-R,True,expected,False,,,,,2026-06-29T04:51:53.120134+02:00
NSR:StopPlace:60077,Støren stasjon,2026-06-29T05:41:00+02:00,2026-06-29T05:39:00+02:00,,0.0,0,Trondheim S,SJN:Line:21,Dovrebanen,F6,rail,SJN:ServiceJourney:80405-LOD_37873-R,True,expected,False,,,,,2026-06-29T04:51:53.120134+02:00
NSR:StopPlace:59393,Västerås Centralstation,2026-06-29T05:20:00+02:00,2026-06-29T05:20:00+02:00,,0.0,0,Stockholm,FLI:Line:e7931dc7-c486-4e99-b8b6-8b430e3aa62e,Stockholm - Oslo,N600,coach,FLI:ServiceJourney:e81afb71-9907-4fc8-ac6a-c5d0020729dd,True,planned,False,Västerås,"Nytt holdeplassområde ved Västerås Resecentrum fra 16. mars Den nye holdeplassen ligger på stasjonens vestside, rett ved jernbanespor 1B. Du finner den ved å følge parkeringsplassen til den bortre enden. ",general,normal,2026-06-29T04:51:53.120134+02:00
NSR:StopPlace:59244,Egersund stasjon,2026-06-29T05:31:00+02:00,2026-06-29T05:31:00+02:00,,0.0,0,Oslo S,GOA:Line:50,Sørtoget region,F5,rail,GOA:ServiceJourney:704-STV_68524-R,True,planned,False,,,,,2026-06-29T04:51:53.120134+02:00
NSR:StopPlace:59616,Asker stasjon,2026-06-29T04:29:00+02:00,2026-06-29T04:29:00+02:00,,0.0,0,Eidsvoll,VYG:Line:R12,Kongsberg-Oslo S-Eidsvoll,R12,rail,VYG:ServiceJourney:80500_466139-R,True,planned,False,,,,,2026-06-29T04:51:53.120134+02:00
NSR:StopPlace:59616,Asker stasjon,2026-06-29T04:59:00+02:00,2026-06-29T04:59:00+02:00,,0.0,0,Oslo Lufthavn,FLT:Line:FLY1,FLY1,FLY1,rail,FLT:ServiceJourney:1-2614-83705-20260629,True,planned,False,,,,,2026-06-29T04:51:53.120134+02:00
NSR:StopPlace:59616,Asker stasjon,2026-06-29T05:09:00+02:00,2026-06-29T05:09:00+02:00,,0.0,0,Ski,VYG:Line:L2,Stabekk-Oslo S-Ski,L2,rail,VYG:ServiceJourney:82703_466519-R,True,planned,False,,,,,2026-06-29T04:51:53.120134+02:00
NSR:StopPlace:59616,Asker stasjon,2026-06-29T05:19:00+02:00,2026-06-29T05:19:00+02:00,,0.0,0,Oslo Lufthavn,FLT:Line:FLY1,FLY1,FLY1,rail,FLT:ServiceJourney:1-2614-83707-20260629,True,planned,False,,,,,2026-06-29T04:51:53.120134+02:00
NSR:StopPlace:59616,Asker stasjon,2026-06-29T05:29:00+02:00,2026-06-29T05:29:00+02:00,,0.0,0,Eidsvoll,VYG:Line:R12,Kongsberg-Oslo S-Eidsvoll,R12,rail,VYG:ServiceJourney:80502_466140-R,True,planned,False,,,,,2026-06-29T04:51:53.120134+02:00
NSR:StopPlace:59616,Asker stasjon,2026-06-29T05:33:00+02:00,2026-06-29T05:33:00+02:00,,0.0,0,Kongsvinger,VYG:Line:R14,Asker-Oslo S-Kongsvinger,R14,rail,VYG:ServiceJourney:81003_466246-R,True,planned,False,,,,,2026-06-29T04:51:53.120134+02:00
NSR:StopPlace:59616,Asker stasjon,2026-06-29T05:39:00+02:00,2026-06-29T05:39:00+02:00,,0.0,0,Oslo Lufthavn,FLT:Line:FLY1,FLY1,FLY1,rail,FLT:ServiceJourney:1-2614-83709-20260629,True,planned,False,,,,,2026-06-29T04:51:53.120134+02:00
NSR:StopPlace:59616,Asker stasjon,2026-06-29T05:39:00+02:00,2026-06-29T05:39:00+02:00,,0.0,0,Ski,VYG:Line:L2,Stabekk-Oslo S-Ski,L2,rail,VYG:ServiceJourney:82705_466521-R,True,planned,False,,,,,2026-06-29T04:51:53.120134+02:00
NSR:StopPlace:59616,Asker stasjon,2026-06-29T05:43:00+02:00,2026-06-29T05:43:00+02:00,,0.0,0,Dal,VYG:Line:R13,Drammen-Oslo S-Dal,R13,rail,VYG:ServiceJourney:81605_466359-R,True,planned,False,Færre vogner,Denne avgangen kjører dessverre med 5 vogner i stedet for 10 vogner.,general,normal,2026-06-29T04:51:53.120134+02:00
NSR:StopPlace:59616,Asker stasjon,2026-06-29T05:51:00+02:00,2026-06-29T05:51:00+02:00,,0.0,0,Spikkestad,VYG:Line:L2,Stabekk-Oslo S-Ski,L2,rail,VYG:ServiceJourney:82704_466520-R,True,planned,False,,,,,2026-06-29T04:51:53.120134+02:00
NSR:StopPlace:60603,Kongsberg stasjon,2026-06-29T04:34:00+02:00,2026-06-29T04:34:00+02:00,,0.0,0,Eidsvoll,VYG:Line:R12,Kongsberg-Oslo S-Eidsvoll,R12,rail,VYG:ServiceJourney:80502_466140-R,True,planned,False,,,,,2026-06-29T04:51:53.120134+02:00
NSR:StopPlace:60603,Kongsberg stasjon,2026-06-29T05:30:00+02:00,2026-06-29T05:30:00+02:00,,0.0,0,Stavanger,GOA:Line:50,Sørtoget region,F5,rail,GOA:ServiceJourney:705-LOD_63224-R,True,planned,False,,,,,2026-06-29T04:51:53.120134+02:00
NSR:StopPlace:60603,Kongsberg stasjon,2026-06-29T05:34:00+02:00,2026-06-29T05:34:00+02:00,,0.0,0,Eidsvoll,VYG:Line:R12,Kongsberg-Oslo S-Eidsvoll,R12,rail,VYG:ServiceJourney:80504_466142-R,True,planned,False,,,,,2026-06-29T04:51:53.120134+02:00
NSR:StopPlace:59620,Grorud stasjon,2026-06-29T05:08:00+02:00,2026-06-29T05:08:00+02:00,,0.0,0,Oslo S,VYG:Line:L1,Spikkestad-Oslo S-Lillestrøm,L1,rail,VYG:ServiceJourney:BUS-2203_576351-R,True,planned,False,,,,,2026-06-29T04:51:53.120134+02:00
NSR:StopPlace:59620,Grorud stasjon,2026-06-29T05:19:00+02:00,2026-06-29T05:19:00+02:00,,0.0,0,Åsbråten,RUT:Line:79,Grorud T - Åsbråten,79,bus,RUT:ServiceJourney:7385b7050528d63b948f0ba6585dac87,True,planned,False,,,,,2026-06-29T04:51:53.120134+02:00
NSR:StopPlace:59620,Grorud stasjon,2026-06-29T05:24:00+02:00,2026-06-29T05:24:00+02:00,,0.0,0,Oslo lufthavn,NBU:Line:cb7b555c-f96e-42d5-84bf-a5e08c0145c2,Radiumhospitalet via Økern-Storo-Tåsen,FB3,bus,NBU:ServiceJourney:f0f7dd2e-b62b-4186-9b42-9757efdb8612,True,planned,False,,,,,2026-06-29T04:51:53.120134+02:00
NSR:StopPlace:59635,Hauketo stasjon,2026-06-29T05:02:00+02:00,2026-06-29T05:02:00+02:00,,0.0,0,Spikkestad,VYG:Line:L2,Stabekk-Oslo S-Ski,L2,rail,VYG:ServiceJourney:82704_466520-R,True,planned,False,,,,,2026-06-29T04:51:53.120134+02:00
NSR:StopPlace:59635,Hauketo stasjon,2026-06-29T05:18:00+02:00,2026-06-29T05:18:00+02:00,,0.0,0,Brenna,RUT:Line:73,Holmlia stasjon - Brenna,73,bus,RUT:ServiceJourney:9daddb6b71c58f3a09245cf20f106a0f,True,planned,False,,,,,2026-06-29T04:51:53.120134+02:00
NSR:StopPlace:59635,Hauketo stasjon,2026-06-29T05:24:00+02:00,2026-06-29T05:24:00+02:00,,0.0,0,Holmlia stasjon,RUT:Line:73,Holmlia stasjon - Brenna,73,bus,RUT:ServiceJourney:fd5e3dd7116c40eaa045cc8e3dd4cccd,True,planned,False,,,,,2026-06-29T04:51:53.120134+02:00
NSR:StopPlace:59635,Hauketo stasjon,2026-06-29T05:32:00+02:00,2026-06-29T05:32:00+02:00,,0.0,0,Spikkestad,VYG:Line:L2,Stabekk-Oslo S-Ski,L2,rail,VYG:ServiceJourney:82706_466522-R,True,planned,False,,,,,2026-06-29T04:51:53.120134+02:00
NSR:StopPlace:59636,Holmlia stasjon,2026-06-29T05:00:00+02:00,2026-06-29T05:00:00+02:00,,0.0,0,Spikkestad,VYG:Line:L2,Stabekk-Oslo S-Ski,L2,rail,VYG:ServiceJourney:82704_466520-R,True,planned,False,,,,,2026-06-29T04:51:53.120134+02:00
NSR:StopPlace:59636,Holmlia stasjon,2026-06-29T05:14:00+02:00,2026-06-29T05:14:00+02:00,,0.0,0,Brenna,RUT:Line:73,Holmlia stasjon - Brenna,73,bus,RUT:ServiceJourney:9daddb6b71c58f3a09245cf20f106a0f,True,planned,False,,,,,2026-06-29T04:51:53.120134+02:00
NSR:StopPlace:59636,Holmlia stasjon,2026-06-29T05:30:00+02:00,2026-06-29T05:30:00+02:00,,0.0,0,Spikkestad,VYG:Line:L2,Stabekk-Oslo S-Ski,L2,rail,VYG:ServiceJourney:82706_466522-R,True,planned,False,,,,,2026-06-29T04:51:53.120134+02:00
NSR:StopPlace:59637,Rosenholm stasjon,2026-06-29T04:58:00+02:00,2026-06-29T04:58:00+02:00,,0.0,0,Spikkestad,VYG:Line:L2,Stabekk-Oslo S-Ski,L2,rail,VYG:ServiceJourney:82704_466520-R,True,planned,False,,,,,2026-06-29T04:51:53.120134+02:00
NSR:StopPlace:59637,Rosenholm stasjon,2026-06-29T05:28:00+02:00,2026-06-29T05:28:00+02:00,,0.0,0,Spikkestad,VYG:Line:L2,Stabekk-Oslo S-Ski,L2,rail,VYG:ServiceJourney:82706_466522-R,True,planned,False,,,,,2026-06-29T04:51:53.120134+02:00
NSR:StopPlace:59638,Myrvoll stasjon,2026-06-29T05:21:00+02:00,2026-06-29T05:21:00+02:00,,0.0,0,Spikkestad,VYG:Line:L2,Stabekk-Oslo S-Ski,L2,rail,VYG:ServiceJourney:82706_466522-R,True,planned,False,,,,,2026-06-29T04:51:53.120134+02:00
NSR:StopPlace:59638,Myrvoll stasjon,2026-06-29T05:37:00+02:00,2026-06-29T05:37:00+02:00,,0.0,0,Kolbotn torg,RUT:Line:580,Kolbotn - Ski,580,bus,RUT:ServiceJourney:5053edeb82b9fea14cd6e5e9e731f3d9,True,planned,False,,,,,2026-06-29T04:51:53.120134+02:00
NSR:StopPlace:59638,Myrvoll stasjon,2026-06-29T05:51:00+02:00,2026-06-29T05:51:00+02:00,,0.0,0,Spikkestad,VYG:Line:L2,Stabekk-Oslo S-Ski,L2,rail,VYG:ServiceJourney:82708_466524-R,True,planned,False,,,,,2026-06-29T04:51:53.120134+02:00
NSR:StopPlace:59639,Sonsveien stasjon,2026-06-29T05:04:00+02:00,2026-06-29T05:04:00+02:00,,0.0,0,Stabekk,VYG:Line:R21,Stabekk-Oslo S-Moss,R21,rail,VYG:ServiceJourney:1104-MOS_442975-R,True,planned,False,,,,,2026-06-29T04:51:53.120134+02:00
NSR:StopPlace:59639,Sonsveien stasjon,2026-06-29T05:34:00+02:00,2026-06-29T05:34:00+02:00,,0.0,0,Stabekk,VYG:Line:R21,Stabekk-Oslo S-Moss,R21,rail,VYG:ServiceJourney:1106-MOS_442977-R,True,planned,False,,,,,2026-06-29T04:51:53.120134+02:00
NSR:StopPlace:58404,Nationaltheatret,2026-06-29T04:48:00+02:00,2026-06-29T04:48:00+02:00,,0.0,0,Eidsvoll,VYG:Line:R12,Kongsberg-Oslo S-Eidsvoll,R12,rail,VYG:ServiceJourney:80500_466139-R,True,planned,False,,,,,2026-06-29T04:51:53.120134+02:00
NSR:StopPlace:58404,Nationaltheatret,2026-06-29T04:58:00+02:00,2026-06-29T04:58:00+02:00,,0.0,0,Oslo Lufthavn,FLT:Line:FLY1,FLY1,FLY1,rail,FLT:ServiceJourney:1-2614-83703-20260629,True,planned,False,,,,,2026-06-29T04:51:53.120134+02:00
NSR:StopPlace:58404,Nationaltheatret,2026-06-29T05:08:00+02:00,2026-06-29T05:08:00+02:00,,0.0,0,Ryen,RUT:Line:4,Vestli - Bergkrystallen,4,metro,RUT:ServiceJourney:48af6be18b47ebb31f02c5f0c243cf54,True,planned,False,Buss for bane mellom Ryen og Bergkrystallen,Buss for bane 4B kjører mellom Ryen og Bergkrystallen. ,incident,normal,2026-06-29T04:51:53.120134+02:00
NSR:StopPlace:58404,Nationaltheatret,2026-06-29T05:08:00+02:00,2026-06-29T05:08:00+02:00,,0.0,0,Sognsvann,RUT:Line:5,Sognsvann - Vestli,5,metro,RUT:ServiceJourney:2f922e72462eeacf0714439095554909,True,planned,False,,,,,2026-06-29T04:51:53.120134+02:00
NSR:StopPlace:58404,Nationaltheatret,2026-06-29T05:12:00+02:00,2026-06-29T05:12:00+02:00,,0.0,0,Ringen via Majorstuen,RUT:Line:5,Sognsvann - Vestli,5,metro,RUT:ServiceJourney:8cc48045c1b2e7b1578110f05d58ba40,True,planned,False,,,,,2026-06-29T04:51:53.120134+02:00
NSR:StopPlace:58404,Nationaltheatret,2026-06-29T05:16:00+02:00,2026-06-29T05:16:00+02:00,,0.0,0,Kolsås,RUT:Line:3,Kolsås - Mortensrud,3,metro,RUT:ServiceJourney:cdedc28274b077cf1f1b5dc40324820a,True,planned,False,,,,,2026-06-29T04:51:53.120134+02:00
NSR:StopPlace:58404,Nationaltheatret,2026-06-29T05:18:00+02:00,2026-06-29T05:18:00+02:00,,0.0,0,Oslo Lufthavn,FLT:Line:FLY1,FLY1,FLY1,rail,FLT:ServiceJourney:1-2614-83705-20260629,True,planned,False,,,,,2026-06-29T04:51:53.120134+02:00
NSR:StopPlace:58404,Nationaltheatret,2026-06-29T05:18:00+02:00,2026-06-29T05:18:00+02:00,,0.0,0,Spikkestad,VYG:Line:L2,Stabekk-Oslo S-Ski,L2,rail,VYG:ServiceJourney:82704_466520-R,True,planned,False,,,,,2026-06-29T04:51:53.120134+02:00
NSR:StopPlace:58404,Nationaltheatret,2026-06-29T05:18:00+02:00,2026-06-29T05:18:00+02:00,,0.0,0,Vestli via Majorstuen,RUT:Line:4,Vestli - Bergkrystallen,4,metro,RUT:ServiceJourney:5345aa65d6baa5be8d53dc3e3f1fedaa,True,planned,False,Buss for bane mellom Ryen og Bergkrystallen,Buss for bane 4B kjører mellom Ryen og Bergkrystallen. ,incident,normal,2026-06-29T04:51:53.120134+02:00
NSR:StopPlace:58404,Nationaltheatret,2026-06-29T05:19:00+02:00,2026-06-29T05:19:00+02:00,,0.0,0,Ellingsrudåsen,RUT:Line:2,Østerås - Ellingsrudåsen,2,metro,RUT:ServiceJourney:9314b59749e84ae20b7d912b7252f7ee,True,planned,False,,,,,2026-06-29T04:51:53.120134+02:00
NSR:StopPlace:58404,Nationaltheatret,2026-06-29T05:20:00+02:00,2026-06-29T05:20:00+02:00,,0.0,0,Majorstuen,RUT:Line:15,Jernbanetorget - Majorstuen via Nat,15,tram,RUT:ServiceJourney:7a08004c15b2802898c3dee590241dd7,True,planned,False,,,,,2026-06-29T04:51:53.120134+02:00
NSR:StopPlace:58404,Nationaltheatret,2026-06-29T05:21:00+02:00,2026-06-29T05:21:00+02:00,,0.0,0,Østerås,RUT:Line:2,Østerås - Ellingsrudåsen,2,metro,RUT:ServiceJourney:d39c6527efbf4630af6e4ebb469bcccd,True,planned,False,,,,,2026-06-29T04:51:53.120134+02:00
NSR:StopPlace:58404,Nationaltheatret,2026-06-29T05:21:00+02:00,2026-06-29T05:21:00+02:00,,0.0,0,Nydalen T,RUT:Line:37,Nydalen T - Helsfyr,37,bus,RUT:ServiceJourney:e48078b9876e508591225b5a11c8c6b7,True,planned,False,,,,,2026-06-29T04:51:53.120134+02:00
NSR:StopPlace:58404,Nationaltheatret,2026-06-29T05:23:00+02:00,2026-06-29T05:23:00+02:00,,0.0,0,Ryen,RUT:Line:4,Vestli - Bergkrystallen,4,metro,RUT:ServiceJourney:aafe6c27ae2e4e651c8cc9f3be9cf87f,True,planned,False,Buss for bane mellom Ryen og Bergkrystallen,Buss for bane 4B kjører mellom Ryen og Bergkrystallen. ,incident,normal,2026-06-29T04:51:53.120134+02:00
NSR:StopPlace:58404,Nationaltheatret,2026-06-29T05:23:00+02:00,2026-06-29T05:23:00+02:00,,0.0,0,Sognsvann,RUT:Line:5,Sognsvann - Vestli,5,metro,RUT:ServiceJourney:1a10a17744daa9c0d5ca8c45053f802b,True,planned,False,,,,,2026-06-29T04:51:53.120134+02:00
NSR:StopPlace:58404,Nationaltheatret,2026-06-29T05:23:00+02:00,2026-06-29T05:23:00+02:00,,0.0,0,Lilleaker,RUT:Line:13,Bekkestua - Ljabru,13,tram,RUT:ServiceJourney:cb01e96f0d8132a758e32f195bf9601b,True,planned,False,,,,,2026-06-29T04:51:53.120134+02:00
NSR:StopPlace:58404,Nationaltheatret,2026-06-29T05:23:00+02:00,2026-06-29T05:23:00+02:00,,0.0,0,Grorud T,RUT:Line:31,Snarøya - Fornebu - Tonsenhagen - Grorud,31,bus,RUT:ServiceJourney:0e11fee6ebe4d2c3eeccd3265dedac19,True,planned,False,,,,,2026-06-29T04:51:53.120134+02:00
NSR:StopPlace:58404,Nationaltheatret,2026-06-29T05:25:00+02:00,2026-06-29T05:25:00+02:00,,0.0,0,Frognerseteren,RUT:Line:1,Frognerseteren - Bergkrystallen,1,metro,RUT:ServiceJourney:d9a331ee116dac6acd209999fe176d3b,True,planned,False,Buss for bane mellom Ryen og Bergkrystallen,Buss for bane 4B kjører mellom Ryen og Bergkrystallen. ,incident,normal,2026-06-29T04:51:53.120134+02:00
NSR:StopPlace:58404,Nationaltheatret,2026-06-29T05:27:00+02:00,2026-06-29T05:27:00+02:00,,0.0,0,Mortensrud,RUT:Line:3,Kolsås - Mortensrud,3,metro,RUT:ServiceJourney:7d7886b482b0520ef12cb3e576efe2f3,True,planned,False,,,,,2026-06-29T04:51:53.120134+02:00
NSR:StopPlace:58404,Nationaltheatret,2026-06-29T05:27:00+02:00,2026-06-29T05:27:00+02:00,,0.0,0,Ringen via Majorstuen,RUT:Line:5,Sognsvann - Vestli,5,metro,RUT:ServiceJourney:2949382ff526c999355776563d9cfec0,True,planned,False,,,,,2026-06-29T04:51:53.120134+02:00
NSR:StopPlace:58404,Nationaltheatret,2026-06-29T05:31:00+02:00,2026-06-29T05:31:00+02:00,,0.0,0,Kolsås,RUT:Line:3,Kolsås - Mortensrud,3,metro,RUT:ServiceJourney:8e795e05eb23165aca795b996a493934,True,planned,False,,,,,2026-06-29T04:51:53.120134+02:00
NSR:StopPlace:58404,Nationaltheatret,2026-06-29T05:33:00+02:00,2026-06-29T05:33:00+02:00,,0.0,0,Ringen via Tøyen,RUT:Line:5,Sognsvann - Vestli,5,metro,RUT:ServiceJourney:5ff1eb987e9b8fe3c338843efe5559bc,True,planned,False,,,,,2026-06-29T04:51:53.120134+02:00
NSR:StopPlace:58404,Nationaltheatret,2026-06-29T05:34:00+02:00,2026-06-29T05:34:00+02:00,,0.0,0,Nationaltheatret,RUT:Line:150,Gullhaug - Nationaltheatret,150,bus,RUT:ServiceJourney:16bbb18a4b17eae200904ffef04006df,True,planned,False,,,,,2026-06-29T04:51:53.120134+02:00
NSR:StopPlace:58404,Nationaltheatret,2026-06-29T05:34:00+02:00,2026-06-29T05:34:00+02:00,,0.0,0,Ellingsrudåsen,RUT:Line:2,Østerås - Ellingsrudåsen,2,metro,RUT:ServiceJourney:4930485a7ceb02d585a709f53113e44d,True,planned,False,,,,,2026-06-29T04:51:53.120134+02:00
NSR:StopPlace:58404,Nationaltheatret,2026-06-29T05:36:00+02:00,2026-06-29T05:36:00+02:00,,0.0,0,Østerås,RUT:Line:2,Østerås - Ellingsrudåsen,2,metro,RUT:ServiceJourney:1deb0bd2d318c281c8046499fac04379,True,planned,False,,,,,2026-06-29T04:51:53.120134+02:00
NSR:StopPlace:58404,Nationaltheatret,2026-06-29T05:38:00+02:00,2026-06-29T05:38:00+02:00,,0.0,0,Oslo Lufthavn,FLT:Line:FLY1,FLY1,FLY1,rail,FLT:ServiceJourney:1-2614-83707-20260629,True,planned,False,,,,,2026-06-29T04:51:53.120134+02:00
NSR:StopPlace:58404,Nationaltheatret,2026-06-29T05:38:00+02:00,2026-06-29T05:38:00+02:00,,0.0,0,Sognsvann,RUT:Line:5,Sognsvann - Vestli,5,metro,RUT:ServiceJourney:8cc48045c1b2e7b1578110f05d58ba40,True,planned,False,,,,,2026-06-29T04:51:53.120134+02:00
NSR:StopPlace:58404,Nationaltheatret,2026-06-29T05:39:00+02:00,2026-06-29T05:39:00+02:00,,0.0,0,Stabekk,VYG:Line:R21,Stabekk-Oslo S-Moss,R21,rail,VYG:ServiceJourney:1104-MOS_442975-R,True,planned,False,,,,,2026-06-29T04:51:53.120134+02:00
NSR:StopPlace:58404,Nationaltheatret,2026-06-29T05:39:00+02:00,2026-06-29T05:39:00+02:00,,0.0,0,Bygdøy,RUT:Line:30,Bygdøy - Nydalen,30,bus,RUT:ServiceJourney:fd3d5d3d7b15249bb491950291cfdd29,True,planned,False,,,,,2026-06-29T04:51:53.120134+02:00
NSR:StopPlace:58404,Nationaltheatret,2026-06-29T05:39:00+02:00,2026-06-29T05:39:00+02:00,,0.0,0,Helsfyr,RUT:Line:37,Nydalen T - Helsfyr,37,bus,RUT:ServiceJourney:10bf7bc5f1c1ec7bfb3994765b7f7669,True,planned,False,,,,,2026-06-29T04:51:53.120134+02:00
NSR:StopPlace:58404,Nationaltheatret,2026-06-29T05:41:00+02:00,2026-06-29T05:41:00+02:00,,0.0,0,Nationaltheatret,RUT:Line:160,Rykkinn -Nationaltheatret,160,bus,RUT:ServiceJourney:edc22ddfcb1b4c0e83e86c07a55999a4,True,planned,False,,,,,2026-06-29T04:51:53.120134+02:00
NSR:StopPlace:58950,Åsen stasjon,2026-06-29T05:28:00+02:00,2026-06-29T05:28:00+02:00,,0.0,0,Ler,SJN:Line:26,Trønderbanen,R70,rail,SJN:ServiceJourney:420_45429-R,True,planned,False,,,,,2026-06-29T04:51:53.120134+02:00
NSR:StopPlace:58963,Jessheim stasjon,2026-06-29T05:01:00+02:00,2026-06-29T05:01:00+02:00,,0.0,0,Oslo lufthavn,RUT:Line:440,Fenstad/Nordkisa - Oslo lufthavn,440,bus,RUT:ServiceJourney:2d6b3f5868e4ba7da5ae8d38e88a5a19,True,planned,False,,,,,2026-06-29T04:51:53.120134+02:00
NSR:StopPlace:58963,Jessheim stasjon,2026-06-29T05:37:00+02:00,2026-06-29T05:37:00+02:00,,0.0,0,Drammen,VYG:Line:R13,Drammen-Oslo S-Dal,R13,rail,VYG:ServiceJourney:81604_466358-R,True,planned,False,,,,,2026-06-29T04:51:53.120134+02:00
NSR:StopPlace:58964,Kløfta stasjon,2026-06-29T05:18:00+02:00,2026-06-29T05:18:00+02:00,,0.0,0,Oslo lufthavn,RUT:Line:425,Kløfta – Oslo lufthavn,425,bus,RUT:ServiceJourney:c6944d1b83867a88f84ad82ecb0eedd5,True,planned,False,,,,,2026-06-29T04:51:53.120134+02:00
NSR:StopPlace:58964,Kløfta stasjon,2026-06-29T05:44:00+02:00,2026-06-29T05:44:00+02:00,,0.0,0,Drammen,VYG:Line:R13,Drammen-Oslo S-Dal,R13,rail,VYG:ServiceJourney:81604_466358-R,True,planned,False,,,,,2026-06-29T04:51:53.120134+02:00
NSR:StopPlace:58966,Porsgrunn stasjon,2026-06-29T05:09:00+02:00,2026-06-29T05:09:00+02:00,,0.0,0,Eidsvoll,VYG:Line:RE11,Eidsvoll-Oslo S-Skien,RE11,rail,VYG:ServiceJourney:80804_559354-R,True,planned,False,,,,,2026-06-29T04:51:53.120134+02:00
NSR:StopPlace:58966,Porsgrunn stasjon,2026-06-29T05:34:00+02:00,2026-06-29T05:34:00+02:00,,0.0,0,Oslo S,VYG:Line:RX11,Eidsvoll-Oslo S-Skien,RX11,rail,VYG:ServiceJourney:90854-SKN_550700-R,True,planned,False,,,,,2026-06-29T04:51:53.120134+02:00
NSR:StopPlace:58921,Vennesla stasjon,2026-06-29T05:41:00+02:00,2026-06-29T05:41:00+02:00,,0.0,0,Kristiansand via Mosby,AKT:Line:30,Kvadraturen - Mosby - Vennesl,30,bus,AKT:ServiceJourney:74569_42_48_39120_41580_40001545,True,planned,False,,,,,2026-06-29T04:51:53.120134+02:00
NSR:StopPlace:58925,Gausel stasjon,2026-06-29T05:49:00+02:00,2026-06-29T05:48:53+02:00,,0.0,0,Sandnes via Varatun,KOL:Line:8_1002,2,2,bus,KOL:ServiceJourney:1002_260519092836389_1093,True,expected,False,,,,,2026-06-29T04:51:53.120134+02:00
NSR:StopPlace:58926,Dale stasjon,2026-06-29T05:21:00+02:00,2026-06-29T05:21:00+02:00,,0.0,0,Bergen,VYG:Line:R40,Bergen-Voss-Myrdal-Ål,R40,rail,VYG:ServiceJourney:1805_443391-R,True,planned,False,,,,,2026-06-29T04:51:53.120134+02:00
NSR:StopPlace:58930,Larvik stasjon,2026-06-29T05:22:00+02:00,2026-06-29T05:22:00+02:00,,0.0,0,Eidsvoll,VYG:Line:RE11,Eidsvoll-Oslo S-Skien,RE11,rail,VYG:ServiceJourney:80804_559354-R,True,planned,False,,,,,2026-06-29T04:51:53.120134+02:00
NSR:StopPlace:58930,Larvik stasjon,2026-06-29T05:47:00+02:00,2026-06-29T05:47:00+02:00,,0.0,0,Oslo S,VYG:Line:RX11,Eidsvoll-Oslo S-Skien,RX11,rail,VYG:ServiceJourney:90854-SKN_550700-R,True,planned,False,,,,,2026-06-29T04:51:53.120134+02:00
NSR:StopPlace:58935,Levanger stasjon,2026-06-29T05:09:00+02:00,2026-06-29T05:09:00+02:00,,0.0,0,Ler,SJN:Line:26,Trønderbanen,R70,rail,SJN:ServiceJourney:420_45429-R,True,planned,False,,,,,2026-06-29T04:51:53.120134+02:00
NSR:StopPlace:58936,Skatval stasjon,2026-06-29T05:45:00+02:00,2026-06-29T05:45:00+02:00,,0.0,0,Ler,SJN:Line:26,Trønderbanen,R70,rail,SJN:ServiceJourney:420_45429-R,True,planned,False,,,,,2026-06-29T04:51:53.120134+02:00
NSR:StopPlace:58948,Stjørdal stasjon,2026-06-29T05:51:00+02:00,2026-06-29T05:51:00+02:00,,0.0,0,Ler,SJN:Line:26,Trønderbanen,R70,rail,SJN:ServiceJourney:420_45429-R,True,planned,False,,,,,2026-06-29T04:51:53.120134+02:00
NSR:StopPlace:58797,Mysen stasjon,2026-06-29T05:05:00+02:00,2026-06-29T05:05:00+02:00,,0.0,0,Askim-Sarpsborg,OST:Line:1_640,Sarpsborg-Askim-Mysen,640,bus,OST:ServiceJourney:640_260407102178675_2,True,planned,False,,,,,2026-06-29T04:51:53.120134+02:00
NSR:StopPlace:58797,Mysen stasjon,2026-06-29T05:46:00+02:00,2026-06-29T05:46:00+02:00,,0.0,0,Oslo bussterminal,OST:Line:1_9,Timekspress linje 9,9,bus,OST:ServiceJourney:9_260315123704970_9001,True,planned,False,,,,,2026-06-29T04:51:53.120134+02:00
NSR:StopPlace:58797,Mysen stasjon,2026-06-29T05:48:00+02:00,2026-06-29T05:48:00+02:00,,0.0,0,Oslo S,VYG:Line:R22,Skøyen-Oslo S-Mysen-Rakkestad,R22,rail,VYG:ServiceJourney:1906_443441-R,True,planned,False,Heis på Mysen ute av drift,Heisen på Mysen til spor 1 er ute av drift.,general,normal,2026-06-29T04:51:53.120134+02:00
NSR:StopPlace:58798,Rakkestad stasjon,2026-06-29T05:33:00+02:00,2026-06-29T05:33:00+02:00,,0.0,0,Oslo S,VYG:Line:R22,Skøyen-Oslo S-Mysen-Rakkestad,R22,rail,VYG:ServiceJourney:1906_443441-R,True,planned,False,,,,,2026-06-29T04:51:53.120134+02:00
NSR:StopPlace:58799,Rygge stasjon,2026-06-29T04:59:00+02:00,2026-06-29T04:59:00+02:00,,0.0,0,Oslo S,VYG:Line:RE20,Oslo S-Halden-Göteborg-Malmö (X-Border),RE20,rail,VYG:ServiceJourney:102_508938-R,True,planned,False,,,,,2026-06-29T04:51:53.120134+02:00
NSR:StopPlace:58790,Verdal stasjon,2026-06-29T04:56:00+02:00,2026-06-29T04:56:00+02:00,,0.0,0,Ler,SJN:Line:26,Trønderbanen,R70,rail,SJN:ServiceJourney:420_45429-R,True,planned,False,,,,,2026-06-29T04:51:53.120134+02:00
NSR:StopPlace:58793,Askim stasjon,2026-06-29T04:54:00+02:00,2026-06-29T04:54:00+02:00,,0.0,0,Oslo S,VYG:Line:R22,Skøyen-Oslo S-Mysen-Rakkestad,R22,rail,VYG:ServiceJourney:1904_443438-R,True,planned,False,,,,,2026-06-29T04:51:53.120134+02:00
NSR:StopPlace:58793,Askim stasjon,2026-06-29T05:00:00+02:00,2026-06-29T05:00:00+02:00,,0.0,0,Moss,OST:Line:1_641,Askim-Elvestad-Moss,641,bus,OST:ServiceJourney:641_260623122327201_1,True,planned,False,,,,,2026-06-29T04:51:53.120134+02:00
NSR:StopPlace:58793,Askim stasjon,2026-06-29T05:25:00+02:00,2026-06-29T05:25:00+02:00,,0.0,0,Sarpsborg-Mysen,OST:Line:1_640,Sarpsborg-Askim-Mysen,640,bus,OST:ServiceJourney:640_260407102178675_2,True,planned,False,,,,,2026-06-29T04:51:53.120134+02:00
NSR:StopPlace:58794,Fredrikstad stasjon,2026-06-29T05:40:00+02:00,2026-06-29T05:40:00+02:00,,0.0,0,Oslo S,VYG:Line:RE20,Oslo S-Halden-Göteborg-Malmö (X-Border),RE20,rail,VYG:ServiceJourney:104_554467-R,True,planned,False,,,,,2026-06-29T04:51:53.120134+02:00
NSR:StopPlace:58795,Kambo stasjon,2026-06-29T05:00:00+02:00,2026-06-29T05:00:00+02:00,,0.0,0,Stabekk,VYG:Line:R21,Stabekk-Oslo S-Moss,R21,rail,VYG:ServiceJourney:1104-MOS_442975-R,True,planned,False,,,,,2026-06-29T04:51:53.120134+02:00
NSR:StopPlace:58795,Kambo stasjon,2026-06-29T05:30:00+02:00,2026-06-29T05:30:00+02:00,,0.0,0,Stabekk,VYG:Line:R21,Stabekk-Oslo S-Moss,R21,rail,VYG:ServiceJourney:1106-MOS_442977-R,True,planned,False,,,,,2026-06-29T04:51:53.120134+02:00
NSR:StopPlace:58796,Moss stasjon,2026-06-29T04:54:00+02:00,2026-06-29T04:54:00+02:00,,0.0,0,Stabekk,VYG:Line:R21,Stabekk-Oslo S-Moss,R21,rail,VYG:ServiceJourney:1104-MOS_442975-R,True,planned,False,,,,,2026-06-29T04:51:53.120134+02:00
NSR:StopPlace:58796,Moss stasjon,2026-06-29T05:08:00+02:00,2026-06-29T05:08:00+02:00,,0.0,0,Oslo S,VYG:Line:RE20,Oslo S-Halden-Göteborg-Malmö (X-Border),RE20,rail,VYG:ServiceJourney:102_508938-R,True,planned,False,,,,,2026-06-29T04:51:53.120134+02:00
NSR:StopPlace:58796,Moss stasjon,2026-06-29T05:24:00+02:00,2026-06-29T05:24:00+02:00,,0.0,0,Stabekk,VYG:Line:R21,Stabekk-Oslo S-Moss,R21,rail,VYG:ServiceJourney:1106-MOS_442977-R,True,planned,False,,,,,2026-06-29T04:51:53.120134+02:00
NSR:StopPlace:58830,Brakerøya stasjon,2026-06-29T05:32:00+02:00,2026-06-29T05:32:00+02:00,,0.0,0,Dal,VYG:Line:R13,Drammen-Oslo S-Dal,R13,rail,VYG:ServiceJourney:81605_466359-R,True,planned,False,Færre vogner,Denne avgangen kjører dessverre med 5 vogner i stedet for 10 vogner.,general,normal,2026-06-29T04:51:53.120134+02:00
NSR:StopPlace:58834,Hokksund stasjon,2026-06-29T04:59:00+02:00,2026-06-29T04:59:00+02:00,,0.0,0,Eidsvoll,VYG:Line:R12,Kongsberg-Oslo S-Eidsvoll,R12,rail,VYG:ServiceJourney:80502_466140-R,True,planned,False,,,,,2026-06-29T04:51:53.120134+02:00
NSR:StopPlace:58834,Hokksund stasjon,2026-06-29T05:17:00+02:00,2026-06-29T05:17:00+02:00,,0.0,0,Ormåsen,BRA:Line:4_6117,Hokksund - Ormåsen,117,bus,BRA:ServiceJourney:6117_260302100124307_1001,True,planned,False,,,,,2026-06-29T04:51:53.120134+02:00
NSR:StopPlace:58835,Lier stasjon,2026-06-29T05:35:00+02:00,2026-06-29T05:35:00+02:00,,0.0,0,Dal,VYG:Line:R13,Drammen-Oslo S-Dal,R13,rail,VYG:ServiceJourney:81605_466359-R,True,planned,False,Færre vogner,Denne avgangen kjører dessverre med 5 vogner i stedet for 10 vogner.,general,normal,2026-06-29T04:51:53.120134+02:00
NSR:StopPlace:58836,Mjøndalen stasjon,2026-06-29T05:05:00+02:00,2026-06-29T05:05:00+02:00,,0.0,0,Eidsvoll,VYG:Line:R12,Kongsberg-Oslo S-Eidsvoll,R12,rail,VYG:ServiceJourney:80502_466140-R,True,planned,False,,,,,2026-06-29T04:51:53.120134+02:00
NSR:StopPlace:58838,Røyken stasjon,2026-06-29T05:24:00+02:00,2026-06-29T05:24:00+02:00,,0.0,0,Ski,VYG:Line:L2,Stabekk-Oslo S-Ski,L2,rail,VYG:ServiceJourney:82705_466521-R,True,planned,False,,,,,2026-06-29T04:51:53.120134+02:00
NSR:StopPlace:58839,Steinberg stasjon,2026-06-29T05:02:00+02:00,2026-06-29T05:02:00+02:00,,0.0,0,Eidsvoll,VYG:Line:R12,Kongsberg-Oslo S-Eidsvoll,R12,rail,VYG:ServiceJourney:80502_466140-R,True,planned,False,,,,,2026-06-29T04:51:53.120134+02:00
NSR:StopPlace:58842,Blaker stasjon,2026-06-29T05:23:00+02:00,2026-06-29T05:23:00+02:00,,0.0,0,Asker,VYG:Line:R14,Asker-Oslo S-Kongsvinger,R14,rail,VYG:ServiceJourney:81002_466245-R,True,planned,False,,,,,2026-06-29T04:51:53.120134+02:00
NSR:StopPlace:58843,Blommenholm stasjon,2026-06-29T05:25:00+02:00,2026-06-29T05:25:00+02:00,,0.0,0,Ski,VYG:Line:L2,Stabekk-Oslo S-Ski,L2,rail,VYG:ServiceJourney:82703_466519-R,True,planned,False,,,,,2026-06-29T04:51:53.120134+02:00
NSR:StopPlace:58843,Blommenholm stasjon,2026-06-29T05:33:00+02:00,2026-06-29T05:33:00+02:00,,0.0,0,Spikkestad,VYG:Line:L2,Stabekk-Oslo S-Ski,L2,rail,VYG:ServiceJourney:82704_466520-R,True,planned,False,,,,,2026-06-29T04:51:53.120134+02:00
NSR:StopPlace:58844,Eidsvoll stasjon,2026-06-29T05:04:00+02:00,2026-06-29T05:04:00+02:00,,0.0,0,Skien,VYG:Line:RE11,Eidsvoll-Oslo S-Skien,RE11,rail,VYG:ServiceJourney:300-80803-HHS_658722-R,True,planned,False,,,,,2026-06-29T04:51:53.120134+02:00
NSR:StopPlace:58844,Eidsvoll stasjon,2026-06-29T05:24:00+02:00,2026-06-29T05:24:00+02:00,,0.0,0,Kongsberg,VYG:Line:R12,Kongsberg-Oslo S-Eidsvoll,R12,rail,VYG:ServiceJourney:80503_466141-R,True,planned,False,,,,,2026-06-29T04:51:53.120134+02:00
NSR:StopPlace:58844,Eidsvoll stasjon,2026-06-29T05:42:00+02:00,2026-06-29T05:42:00+02:00,,0.0,0,Drammen,VYG:Line:RE10,Drammen-Oslo S-Lillehammer,RE10,rail,VYG:ServiceJourney:80302-HVE_550377-R,True,planned,False,,,,,2026-06-29T04:51:53.120134+02:00
NSR:StopPlace:58844,Eidsvoll stasjon,2026-06-29T05:44:00+02:00,2026-06-29T05:44:00+02:00,,0.0,0,Eidsvoll,RUT:Line:430,Eidsvoll - Jessheim,430,bus,RUT:ServiceJourney:a4fbd18aa5e74e02c90c2b6c723d5ad3,True,planned,False,,,,,2026-06-29T04:51:53.120134+02:00
NSR:StopPlace:58845,Eidsvoll verk stasjon,2026-06-29T05:01:00+02:00,2026-06-29T05:01:00+02:00,,0.0,0,Dal,RUT:Line:430,Eidsvoll - Jessheim,430,bus,RUT:ServiceJourney:d6a123d949f95490bec56fe23751c433,True,planned,False,,,,,2026-06-29T04:51:53.120134+02:00
NSR:StopPlace:58845,Eidsvoll verk stasjon,2026-06-29T05:08:00+02:00,2026-06-29T05:08:00+02:00,,0.0,0,Skien,VYG:Line:RE11,Eidsvoll-Oslo S-Skien,RE11,rail,VYG:ServiceJourney:300-80803-HHS_658722-R,True,planned,False,,,,,2026-06-29T04:51:53.120134+02:00
NSR:StopPlace:58845,Eidsvoll verk stasjon,2026-06-29T05:28:00+02:00,2026-06-29T05:28:00+02:00,,0.0,0,Kongsberg,VYG:Line:R12,Kongsberg-Oslo S-Eidsvoll,R12,rail,VYG:ServiceJourney:80503_466141-R,True,planned,False,,,,,2026-06-29T04:51:53.120134+02:00
NSR:StopPlace:58845,Eidsvoll verk stasjon,2026-06-29T05:30:00+02:00,2026-06-29T05:30:00+02:00,,0.0,0,Eidsvoll,RUT:Line:430,Eidsvoll - Jessheim,430,bus,RUT:ServiceJourney:a4fbd18aa5e74e02c90c2b6c723d5ad3,True,planned,False,,,,,2026-06-29T04:51:53.120134+02:00
NSR:StopPlace:58845,Eidsvoll verk stasjon,2026-06-29T05:35:00+02:00,2026-06-29T05:35:00+02:00,,0.0,0,Eidsvoll,VYG:Line:R12,Kongsberg-Oslo S-Eidsvoll,R12,rail,VYG:ServiceJourney:80500_466139-R,True,planned,False,,,,,2026-06-29T04:51:53.120134+02:00
NSR:StopPlace:58846,Fetsund stasjon,2026-06-29T05:36:00+02:00,2026-06-29T05:36:00+02:00,,0.0,0,Asker,VYG:Line:R14,Asker-Oslo S-Kongsvinger,R14,rail,VYG:ServiceJourney:81002_466245-R,True,planned,False,,,,,2026-06-29T04:51:53.120134+02:00
NSR:StopPlace:58847,Frogner stasjon,2026-06-29T05:08:00+02:00,2026-06-29T05:08:00+02:00,,0.0,0,Oslo lufthavn,RUT:Line:425,Kløfta – Oslo lufthavn,425,bus,RUT:ServiceJourney:c6944d1b83867a88f84ad82ecb0eedd5,True,planned,False,,,,,2026-06-29T04:51:53.120134+02:00
NSR:StopPlace:58847,Frogner stasjon,2026-06-29T05:51:00+02:00,2026-06-29T05:51:00+02:00,,0.0,0,Drammen,VYG:Line:R13,Drammen-Oslo S-Dal,R13,rail,VYG:ServiceJourney:81604_466358-R,True,planned,False,,,,,2026-06-29T04:51:53.120134+02:00
NSR:StopPlace:58848,Haga stasjon,2026-06-29T05:14:00+02:00,2026-06-29T05:14:00+02:00,,0.0,0,Asker,VYG:Line:R14,Asker-Oslo S-Kongsvinger,R14,rail,VYG:ServiceJourney:81002_466245-R,True,planned,False,,,,,2026-06-29T04:51:53.120134+02:00
NSR:StopPlace:58849,Hakadal stasjon,2026-06-29T05:09:00+02:00,2026-06-29T05:09:00+02:00,,0.0,0,Oslo S,VYG:Line:R31,Skøyen-Jaren-Gjøvik,R31,rail,VYG:ServiceJourney:240-JAH_550324-R,True,planned,False,,,,,2026-06-29T04:51:53.120134+02:00
NSR:StopPlace:58840,Vestfossen stasjon,2026-06-29T04:53:00+02:00,2026-06-29T04:53:00+02:00,,0.0,0,Eidsvoll,VYG:Line:R12,Kongsberg-Oslo S-Eidsvoll,R12,rail,VYG:ServiceJourney:80502_466140-R,True,planned,False,,,,,2026-06-29T04:51:53.120134+02:00
NSR:StopPlace:58852,Høn stasjon,2026-06-29T05:11:00+02:00,2026-06-29T05:11:00+02:00,,0.0,0,Ski,VYG:Line:L2,Stabekk-Oslo S-Ski,L2,rail,VYG:ServiceJourney:82703_466519-R,True,planned,False,,,,,2026-06-29T04:51:53.120134+02:00
NSR:StopPlace:58852,Høn stasjon,2026-06-29T05:41:00+02:00,2026-06-29T05:41:00+02:00,,0.0,0,Ski,VYG:Line:L2,Stabekk-Oslo S-Ski,L2,rail,VYG:ServiceJourney:82705_466521-R,True,planned,False,,,,,2026-06-29T04:51:53.120134+02:00
NSR:StopPlace:58852,Høn stasjon,2026-06-29T05:48:00+02:00,2026-06-29T05:48:00+02:00,,0.0,0,Spikkestad,VYG:Line:L2,Stabekk-Oslo S-Ski,L2,rail,VYG:ServiceJourney:82704_466520-R,True,planned,False,,,,,2026-06-29T04:51:53.120134+02:00
NSR:StopPlace:58853,Kolbotn stasjon,2026-06-29T04:55:00+02:00,2026-06-29T04:55:00+02:00,,0.0,0,Spikkestad,VYG:Line:L2,Stabekk-Oslo S-Ski,L2,rail,VYG:ServiceJourney:82704_466520-R,True,planned,False,,,,,2026-06-29T04:51:53.120134+02:00
NSR:StopPlace:58853,Kolbotn stasjon,2026-06-29T05:25:00+02:00,2026-06-29T05:25:00+02:00,,0.0,0,Spikkestad,VYG:Line:L2,Stabekk-Oslo S-Ski,L2,rail,VYG:ServiceJourney:82706_466522-R,True,planned,False,,,,,2026-06-29T04:51:53.120134+02:00
NSR:StopPlace:58853,Kolbotn stasjon,2026-06-29T05:49:00+02:00,2026-06-29T05:49:00+02:00,,0.0,0,Kolbotn torg,RUT:Line:580,Kolbotn - Ski,580,bus,RUT:ServiceJourney:5053edeb82b9fea14cd6e5e9e731f3d9,True,planned,False,,,,,2026-06-29T04:51:53.120134+02:00
NSR:StopPlace:58854,Langhus stasjon,2026-06-29T05:09:00+02:00,2026-06-29T05:09:00+02:00,,0.0,0,Drøbak - Frogn vgs.,RUT:Line:510,Bøleråsen - Ski - Ås - Drøbak,510,bus,RUT:ServiceJourney:c828f5d80339e6b9c93f094fdc9bdb61,True,planned,False,,,,,2026-06-29T04:51:53.120134+02:00
NSR:StopPlace:58854,Langhus stasjon,2026-06-29T05:12:00+02:00,2026-06-29T05:12:00+02:00,,0.0,0,Spikkestad,VYG:Line:L2,Stabekk-Oslo S-Ski,L2,rail,VYG:ServiceJourney:82706_466522-R,True,planned,False,,,,,2026-06-29T04:51:53.120134+02:00
NSR:StopPlace:58854,Langhus stasjon,2026-06-29T05:42:00+02:00,2026-06-29T05:42:00+02:00,,0.0,0,Spikkestad,VYG:Line:L2,Stabekk-Oslo S-Ski,L2,rail,VYG:ServiceJourney:82708_466524-R,True,planned,False,,,,,2026-06-29T04:51:53.120134+02:00
NSR:StopPlace:58856,Lysaker stasjon,2026-06-29T04:41:00+02:00,2026-06-29T04:41:00+02:00,,0.0,0,Eidsvoll,VYG:Line:R12,Kongsberg-Oslo S-Eidsvoll,R12,rail,VYG:ServiceJourney:80500_466139-R,True,planned,False,,,,,2026-06-29T04:51:53.120134+02:00
NSR:StopPlace:58856,Lysaker stasjon,2026-06-29T05:07:00+02:00,2026-06-29T05:07:00+02:00,,0.0,0,Grorud T,RUT:Line:31,Snarøya - Fornebu - Tonsenhagen - Grorud,31,bus,RUT:ServiceJourney:0e11fee6ebe4d2c3eeccd3265dedac19,True,planned,False,,,,,2026-06-29T04:51:53.120134+02:00
NSR:StopPlace:58856,Lysaker stasjon,2026-06-29T05:11:00+02:00,2026-06-29T05:11:00+02:00,,0.0,0,Oslo Lufthavn,FLT:Line:FLY1,FLY1,FLY1,rail,FLT:ServiceJourney:1-2614-83705-20260629,True,planned,False,,,,,2026-06-29T04:51:53.120134+02:00
NSR:StopPlace:58856,Lysaker stasjon,2026-06-29T05:26:00+02:00,2026-06-29T05:26:00+02:00,,0.0,0,Spikkestad,VYG:Line:L2,Stabekk-Oslo S-Ski,L2,rail,VYG:ServiceJourney:82704_466520-R,True,planned,False,,,,,2026-06-29T04:51:53.120134+02:00
NSR:StopPlace:58856,Lysaker stasjon,2026-06-29T05:26:00+02:00,2026-06-29T05:26:00+02:00,,0.0,0,Nationaltheatret,RUT:Line:150,Gullhaug - Nationaltheatret,150,bus,RUT:ServiceJourney:16bbb18a4b17eae200904ffef04006df,True,planned,False,,,,,2026-06-29T04:51:53.120134+02:00
NSR:StopPlace:58856,Lysaker stasjon,2026-06-29T05:31:00+02:00,2026-06-29T05:31:00+02:00,,0.0,0,Oslo Lufthavn,FLT:Line:FLY1,FLY1,FLY1,rail,FLT:ServiceJourney:1-2614-83707-20260629,True,planned,False,,,,,2026-06-29T04:51:53.120134+02:00
NSR:StopPlace:58856,Lysaker stasjon,2026-06-29T05:33:00+02:00,2026-06-29T05:33:00+02:00,,0.0,0,Nationaltheatret,RUT:Line:160,Rykkinn -Nationaltheatret,160,bus,RUT:ServiceJourney:edc22ddfcb1b4c0e83e86c07a55999a4,True,planned,False,,,,,2026-06-29T04:51:53.120134+02:00
NSR:StopPlace:58856,Lysaker stasjon,2026-06-29T05:34:00+02:00,2026-06-29T05:34:00+02:00,,0.0,0,Ski,VYG:Line:L2,Stabekk-Oslo S-Ski,L2,rail,VYG:ServiceJourney:82703_466519-R,True,planned,False,,,,,2026-06-29T04:51:53.120134+02:00
NSR:StopPlace:58856,Lysaker stasjon,2026-06-29T05:39:00+02:00,2026-06-29T05:39:00+02:00,,0.0,0,Moss,VYG:Line:R21,Stabekk-Oslo S-Moss,R21,rail,VYG:ServiceJourney:1103-HVK_550260-R,True,planned,False,,,,,2026-06-29T04:51:53.120134+02:00
NSR:StopPlace:58856,Lysaker stasjon,2026-06-29T05:41:00+02:00,2026-06-29T05:41:00+02:00,,0.0,0,Eidsvoll,VYG:Line:R12,Kongsberg-Oslo S-Eidsvoll,R12,rail,VYG:ServiceJourney:80502_466140-R,True,planned,False,,,,,2026-06-29T04:51:53.120134+02:00
NSR:StopPlace:58856,Lysaker stasjon,2026-06-29T05:43:00+02:00,2026-06-29T05:43:00+02:00,,0.0,0,Nationaltheatret,RUT:Line:250,Sætre - Slemmestad - Nationaltheatret,250,bus,RUT:ServiceJourney:548d1b9f8a6bcfad9e6b820b4b05981c,True,planned,False,,,,,2026-06-29T04:51:53.120134+02:00
NSR:StopPlace:58856,Lysaker stasjon,2026-06-29T05:45:00+02:00,2026-06-29T05:45:00+02:00,,0.0,0,Tjuvholmen,RUT:Line:42,Voksen skog - Tjuvholmen,42,bus,RUT:ServiceJourney:53cfd04ffa0ea6b746a54ff372cd479e,True,planned,False,,,,,2026-06-29T04:51:53.120134+02:00
NSR:StopPlace:58856,Lysaker stasjon,2026-06-29T05:45:00+02:00,2026-06-29T05:45:00+02:00,,0.0,0,Kongsvinger,VYG:Line:R14,Asker-Oslo S-Kongsvinger,R14,rail,VYG:ServiceJourney:81003_466246-R,True,planned,False,,,,,2026-06-29T04:51:53.120134+02:00
NSR:StopPlace:58856,Lysaker stasjon,2026-06-29T05:47:00+02:00,2026-06-29T05:47:00+02:00,,0.0,0,Stabekk,VYG:Line:R21,Stabekk-Oslo S-Moss,R21,rail,VYG:ServiceJourney:1104-MOS_442975-R,True,planned,False,,,,,2026-06-29T04:51:53.120134+02:00
NSR:StopPlace:58856,Lysaker stasjon,2026-06-29T05:48:00+02:00,2026-06-29T05:48:00+02:00,,0.0,0,Nationaltheatret,RUT:Line:160,Rykkinn -Nationaltheatret,160,bus,RUT:ServiceJourney:d6d7bee8f149762461a6f3a6ecfb0c84,True,planned,False,,,,,2026-06-29T04:51:53.120134+02:00
NSR:StopPlace:58856,Lysaker stasjon,2026-06-29T05:51:00+02:00,2026-06-29T05:51:00+02:00,,0.0,0,Oslo Lufthavn,FLT:Line:FLY1,FLY1,FLY1,rail,FLT:ServiceJourney:1-2614-83709-20260629,True,planned,False,,,,,2026-06-29T04:51:53.120134+02:00
NSR:StopPlace:58857,Lørenskog stasjon,2026-06-29T05:01:00+02:00,2026-06-29T05:01:00+02:00,,0.0,0,Oslo S,VYG:Line:L1,Spikkestad-Oslo S-Lillestrøm,L1,rail,VYG:ServiceJourney:BUS-2203_576351-R,True,planned,False,,,,,2026-06-29T04:51:53.120134+02:00
NSR:StopPlace:58857,Lørenskog stasjon,2026-06-29T05:13:00+02:00,2026-06-29T05:13:00+02:00,,0.0,0,Stovner,RUT:Line:120,Nesåsen - Stovner,120,bus,RUT:ServiceJourney:47c819d179e8458ac3b8c3519575829b,True,planned,False,,,,,2026-06-29T04:51:53.120134+02:00
NSR:StopPlace:58858,Nittedal stasjon,2026-06-29T05:19:00+02:00,2026-06-29T05:19:00+02:00,,0.0,0,Oslo S,VYG:Line:R31,Skøyen-Jaren-Gjøvik,R31,rail,VYG:ServiceJourney:240-JAH_550324-R,True,planned,False,Venterom stengt grunnet hærverk. Åpnes høsten 2026,Venterom stengt grunnet hærverk. Åpnes høsten 2026,general,normal,2026-06-29T04:51:53.120134+02:00
NSR:StopPlace:58859,Nordby stasjon,2026-06-29T05:33:00+02:00,2026-06-29T05:33:00+02:00,,0.0,0,Drammen,VYG:Line:R13,Drammen-Oslo S-Dal,R13,rail,VYG:ServiceJourney:81604_466358-R,True,planned,False,,,,,2026-06-29T04:51:53.120134+02:00
NSR:StopPlace:58850,Hauerseter stasjon,2026-06-29T05:30:00+02:00,2026-06-29T05:30:00+02:00,,0.0,0,Drammen,VYG:Line:R13,Drammen-Oslo S-Dal,R13,rail,VYG:ServiceJourney:81604_466358-R,True,planned,False,,,,,2026-06-29T04:51:53.120134+02:00
NSR:StopPlace:58851,Heggedal stasjon,2026-06-29T05:29:00+02:00,2026-06-29T05:29:00+02:00,,0.0,0,Ski,VYG:Line:L2,Stabekk-Oslo S-Ski,L2,rail,VYG:ServiceJourney:82705_466521-R,True,planned,False,,,,,2026-06-29T04:51:53.120134+02:00
NSR:StopPlace:58864,Sørumsand stasjon,2026-06-29T05:28:00+02:00,2026-06-29T05:28:00+02:00,,0.0,0,Asker,VYG:Line:R14,Asker-Oslo S-Kongsvinger,R14,rail,VYG:ServiceJourney:81002_466245-R,True,planned,False,,,,,2026-06-29T04:51:53.120134+02:00
NSR:StopPlace:58865,Vestby stasjon,2026-06-29T05:10:00+02:00,2026-06-29T05:10:00+02:00,,0.0,0,Stabekk,VYG:Line:R21,Stabekk-Oslo S-Moss,R21,rail,VYG:ServiceJourney:1104-MOS_442975-R,True,planned,False,,,,,2026-06-29T04:51:53.120134+02:00
NSR:StopPlace:58865,Vestby stasjon,2026-06-29T05:40:00+02:00,2026-06-29T05:40:00+02:00,,0.0,0,Stabekk,VYG:Line:R21,Stabekk-Oslo S-Moss,R21,rail,VYG:ServiceJourney:1106-MOS_442977-R,True,planned,False,,,,,2026-06-29T04:51:53.120134+02:00
NSR:StopPlace:58866,Vevelstad stasjon,2026-06-29T05:06:00+02:00,2026-06-29T05:06:00+02:00,,0.0,0,Drøbak - Frogn vgs.,RUT:Line:510,Bøleråsen - Ski - Ås - Drøbak,510,bus,RUT:ServiceJourney:c828f5d80339e6b9c93f094fdc9bdb61,True,planned,False,,,,,2026-06-29T04:51:53.120134+02:00
NSR:StopPlace:58866,Vevelstad stasjon,2026-06-29T05:14:00+02:00,2026-06-29T05:14:00+02:00,,0.0,0,Spikkestad,VYG:Line:L2,Stabekk-Oslo S-Ski,L2,rail,VYG:ServiceJourney:82706_466522-R,True,planned,False,,,,,2026-06-29T04:51:53.120134+02:00
NSR:StopPlace:58866,Vevelstad stasjon,2026-06-29T05:44:00+02:00,2026-06-29T05:44:00+02:00,,0.0,0,Spikkestad,VYG:Line:L2,Stabekk-Oslo S-Ski,L2,rail,VYG:ServiceJourney:82708_466524-R,True,planned,False,,,,,2026-06-29T04:51:53.120134+02:00
NSR:StopPlace:58867,Åneby stasjon,2026-06-29T05:15:00+02:00,2026-06-29T05:15:00+02:00,,0.0,0,Oslo S,VYG:Line:R31,Skøyen-Jaren-Gjøvik,R31,rail,VYG:ServiceJourney:240-JAH_550324-R,True,planned,False,,,,,2026-06-29T04:51:53.120134+02:00
NSR:StopPlace:58869,Ås stasjon,2026-06-29T05:15:00+02:00,2026-06-29T05:15:00+02:00,,0.0,0,Stabekk,VYG:Line:R21,Stabekk-Oslo S-Moss,R21,rail,VYG:ServiceJourney:1104-MOS_442975-R,True,planned,False,,,,,2026-06-29T04:51:53.120134+02:00
NSR:StopPlace:58869,Ås stasjon,2026-06-29T05:45:00+02:00,2026-06-29T05:45:00+02:00,,0.0,0,Stabekk,VYG:Line:R21,Stabekk-Oslo S-Moss,R21,rail,VYG:ServiceJourney:1106-MOS_442977-R,True,planned,False,,,,,2026-06-29T04:51:53.120134+02:00
NSR:StopPlace:58860,Oppegård stasjon,2026-06-29T05:16:00+02:00,2026-06-29T05:16:00+02:00,,0.0,0,Spikkestad,VYG:Line:L2,Stabekk-Oslo S-Ski,L2,rail,VYG:ServiceJourney:82706_466522-R,True,planned,False,,,,,2026-06-29T04:51:53.120134+02:00
NSR:StopPlace:58860,Oppegård stasjon,2026-06-29T05:31:00+02:00,2026-06-29T05:31:00+02:00,,0.0,0,Kolbotn torg,RUT:Line:580,Kolbotn - Ski,580,bus,RUT:ServiceJourney:5053edeb82b9fea14cd6e5e9e731f3d9,True,planned,False,,,,,2026-06-29T04:51:53.120134+02:00
NSR:StopPlace:58860,Oppegård stasjon,2026-06-29T05:46:00+02:00,2026-06-29T05:46:00+02:00,,0.0,0,Spikkestad,VYG:Line:L2,Stabekk-Oslo S-Ski,L2,rail,VYG:ServiceJourney:82708_466524-R,True,planned,False,,,,,2026-06-29T04:51:53.120134+02:00
NSR:StopPlace:58861,Solbråtan stasjon,2026-06-29T05:23:00+02:00,2026-06-29T05:23:00+02:00,,0.0,0,Spikkestad,VYG:Line:L2,Stabekk-Oslo S-Ski,L2,rail,VYG:ServiceJourney:82706_466522-R,True,planned,False,,,,,2026-06-29T04:51:53.120134+02:00
NSR:StopPlace:58862,Strømmen stasjon,2026-06-29T04:52:00+02:00,2026-06-29T04:52:00+02:00,,0.0,0,Oslo S,VYG:Line:L1,Spikkestad-Oslo S-Lillestrøm,L1,rail,VYG:ServiceJourney:BUS-2203_576351-R,True,planned,False,,,,,2026-06-29T04:51:53.120134+02:00
NSR:StopPlace:58862,Strømmen stasjon,2026-06-29T05:28:00+02:00,2026-06-29T05:28:00+02:00,,0.0,0,Lørenskog sentrum,RUT:Line:385,Nittedal stasjon - Olavsgaard - Ahus,385,bus,RUT:ServiceJourney:224dd17e0dd42a9775ffb43f6f878482,True,planned,False,,,,,2026-06-29T04:51:53.120134+02:00
NSR:StopPlace:58874,Stokke stasjon,2026-06-29T05:17:00+02:00,2026-06-29T05:17:00+02:00,,0.0,0,Skien,VYG:Line:RE11,Eidsvoll-Oslo S-Skien,RE11,rail,VYG:ServiceJourney:80871-SUD_559439-R,True,planned,False,,,,,2026-06-29T04:51:53.120134+02:00
NSR:StopPlace:58874,Stokke stasjon,2026-06-29T05:43:00+02:00,2026-06-29T05:43:00+02:00,,0.0,0,Eidsvoll,VYG:Line:RE11,Eidsvoll-Oslo S-Skien,RE11,rail,VYG:ServiceJourney:80872_559440-R,True,planned,False,,,,,2026-06-29T04:51:53.120134+02:00
NSR:StopPlace:58874,Stokke stasjon,2026-06-29T05:51:00+02:00,2026-06-29T05:51:00+02:00,,0.0,0,Eidsvoll,VYG:Line:RE11,Eidsvoll-Oslo S-Skien,RE11,rail,VYG:ServiceJourney:80804_559354-R,True,planned,False,,,,,2026-06-29T04:51:53.120134+02:00
NSR:StopPlace:58875,Torp stasjon,2026-06-29T05:22:00+02:00,2026-06-29T05:22:00+02:00,,0.0,0,Skien,VYG:Line:RE11,Eidsvoll-Oslo S-Skien,RE11,rail,VYG:ServiceJourney:80871-SUD_559439-R,True,planned,False,,,,,2026-06-29T04:51:53.120134+02:00
NSR:StopPlace:58875,Torp stasjon,2026-06-29T05:38:00+02:00,2026-06-29T05:38:00+02:00,,0.0,0,Eidsvoll,VYG:Line:RE11,Eidsvoll-Oslo S-Skien,RE11,rail,VYG:ServiceJourney:80872_559440-R,True,planned,False,,,,,2026-06-29T04:51:53.120134+02:00
NSR:StopPlace:58875,Torp stasjon,2026-06-29T05:46:00+02:00,2026-06-29T05:46:00+02:00,,0.0,0,Eidsvoll,VYG:Line:RE11,Eidsvoll-Oslo S-Skien,RE11,rail,VYG:ServiceJourney:80804_559354-R,True,planned,False,,,,,2026-06-29T04:51:53.120134+02:00
NSR:StopPlace:58876,Tønsberg stasjon,2026-06-29T05:04:00+02:00,2026-06-29T05:04:00+02:00,,0.0,0,Eidsvoll,VYG:Line:RE11,Eidsvoll-Oslo S-Skien,RE11,rail,VYG:ServiceJourney:80802_550397-R,True,planned,False,,,,,2026-06-29T04:51:53.120134+02:00
NSR:StopPlace:58876,Tønsberg stasjon,2026-06-29T05:06:00+02:00,2026-06-29T05:06:00+02:00,,0.0,0,Skien,VYG:Line:RE11,Eidsvoll-Oslo S-Skien,RE11,rail,VYG:ServiceJourney:80871-SUD_559439-R,True,planned,False,,,,,2026-06-29T04:51:53.120134+02:00
NSR:StopPlace:58877,Bø stasjon,2026-06-29T05:11:00+02:00,2026-06-29T05:11:00+02:00,,0.0,0,Oslo S,GOA:Line:50,Sørtoget region,F5,rail,GOA:ServiceJourney:726-KVB_68408-R,True,planned,False,,,,,2026-06-29T04:51:53.120134+02:00
NSR:StopPlace:58870,Holmestrand stasjon,2026-06-29T04:42:00+02:00,2026-06-29T04:42:00+02:00,,0.0,0,Skien,VYG:Line:RE11,Eidsvoll-Oslo S-Skien,RE11,rail,VYG:ServiceJourney:80871-SUD_559439-R,True,planned,False,,,,,2026-06-29T04:51:53.120134+02:00
NSR:StopPlace:58870,Holmestrand stasjon,2026-06-29T05:23:00+02:00,2026-06-29T05:23:00+02:00,,0.0,0,Eidsvoll,VYG:Line:RE11,Eidsvoll-Oslo S-Skien,RE11,rail,VYG:ServiceJourney:80802_550397-R,True,planned,False,,,,,2026-06-29T04:51:53.120134+02:00
NSR:StopPlace:58871,Sande stasjon,2026-06-29T04:35:00+02:00,2026-06-29T04:35:00+02:00,,0.0,0,Skien,VYG:Line:RE11,Eidsvoll-Oslo S-Skien,RE11,rail,VYG:ServiceJourney:80871-SUD_559439-R,True,planned,False,,,,,2026-06-29T04:51:53.120134+02:00
NSR:StopPlace:58871,Sande stasjon,2026-06-29T05:29:00+02:00,2026-06-29T05:29:00+02:00,,0.0,0,Eidsvoll,VYG:Line:RE11,Eidsvoll-Oslo S-Skien,RE11,rail,VYG:ServiceJourney:80802_550397-R,True,planned,False,,,,,2026-06-29T04:51:53.120134+02:00
NSR:StopPlace:58872,Sandefjord stasjon,2026-06-29T05:34:00+02:00,2026-06-29T05:34:00+02:00,,0.0,0,Eidsvoll,VYG:Line:RE11,Eidsvoll-Oslo S-Skien,RE11,rail,VYG:ServiceJourney:80872_559440-R,True,planned,False,,,,,2026-06-29T04:51:53.120134+02:00
NSR:StopPlace:58872,Sandefjord stasjon,2026-06-29T05:42:00+02:00,2026-06-29T05:42:00+02:00,,0.0,0,Eidsvoll,VYG:Line:RE11,Eidsvoll-Oslo S-Skien,RE11,rail,VYG:ServiceJourney:80804_559354-R,True,planned,False,,,,,2026-06-29T04:51:53.120134+02:00
NSR:StopPlace:58873,Skoppum stasjon,2026-06-29T04:50:00+02:00,2026-06-29T04:50:00+02:00,,0.0,0,Skien,VYG:Line:RE11,Eidsvoll-Oslo S-Skien,RE11,rail,VYG:ServiceJourney:80871-SUD_559439-R,True,planned,False,,,,,2026-06-29T04:51:53.120134+02:00
NSR:StopPlace:58873,Skoppum stasjon,2026-06-29T05:15:00+02:00,2026-06-29T05:15:00+02:00,,0.0,0,Eidsvoll,VYG:Line:RE11,Eidsvoll-Oslo S-Skien,RE11,rail,VYG:ServiceJourney:80802_550397-R,True,planned,False,,,,,2026-06-29T04:51:53.120134+02:00
NSR:StopPlace:58882,Nordagutu stasjon,2026-06-29T05:27:00+02:00,2026-06-29T05:27:00+02:00,,0.0,0,Oslo S,GOA:Line:50,Sørtoget region,F5,rail,GOA:ServiceJourney:726-KVB_68408-R,True,planned,False,,,,,2026-06-29T04:51:53.120134+02:00
NSR:StopPlace:58884,Skien stasjon,2026-06-29T05:00:00+02:00,2026-06-29T05:00:00+02:00,,0.0,0,Eidsvoll,VYG:Line:RE11,Eidsvoll-Oslo S-Skien,RE11,rail,VYG:ServiceJourney:80804_559354-R,True,planned,False,,,,,2026-06-29T04:51:53.120134+02:00
NSR:StopPlace:58884,Skien stasjon,2026-06-29T05:15:00+02:00,2026-06-29T05:15:00+02:00,,0.0,0,Notodden stasjon,VYG:Line:R55,Porsgrunn-Notodden,R55,rail,VYG:ServiceJourney:c4fe28db-c89f-4034-9ecf-55129c757d98-92470-2026-06-29-0,True,planned,False,Vy kjører taxi på strekningen,Vy kjører taxi på strekningen,incident,normal,2026-06-29T04:51:53.120134+02:00
NSR:StopPlace:58884,Skien stasjon,2026-06-29T05:25:00+02:00,2026-06-29T05:25:00+02:00,,0.0,0,Oslo S,VYG:Line:RX11,Eidsvoll-Oslo S-Skien,RX11,rail,VYG:ServiceJourney:90854-SKN_550700-R,True,planned,False,,,,,2026-06-29T04:51:53.120134+02:00
NSR:StopPlace:58890,Nelaug stasjon,2026-06-29T05:33:00+02:00,2026-06-29T05:33:00+02:00,,0.0,0,Oslo S,GOA:Line:50,Sørtoget region,F5,rail,GOA:ServiceJourney:702-KRS_68523-R,True,planned,False,,,,,2026-06-29T04:51:53.120134+02:00
NSR:StopPlace:58891,Vegårshei stasjon,2026-06-29T05:47:00+02:00,2026-06-29T05:47:00+02:00,,0.0,0,Oslo S,GOA:Line:50,Sørtoget region,F5,rail,GOA:ServiceJourney:702-KRS_68523-R,True,planned,False,,,,,2026-06-29T04:51:53.120134+02:00
NSR:StopPlace:58893,Grovane stasjon,2026-06-29T05:26:00+02:00,2026-06-29T05:26:00+02:00,,0.0,0,Kristiansand via Moseidmoen - Mosby,AKT:Line:30,Kvadraturen - Mosby - Vennesl,30,bus,AKT:ServiceJourney:74569_42_48_39120_41580_40001545,True,planned,False,,,,,2026-06-29T04:51:53.120134+02:00
NSR:StopPlace:58800,Råde stasjon,2026-06-29T04:53:00+02:00,2026-06-29T04:53:00+02:00,,0.0,0,Oslo S,VYG:Line:RE20,Oslo S-Halden-Göteborg-Malmö (X-Border),RE20,rail,VYG:ServiceJourney:102_508938-R,True,planned,False,,,,,2026-06-29T04:51:53.120134+02:00
NSR:StopPlace:58801,Sarpsborg stasjon,2026-06-29T05:26:00+02:00,2026-06-29T05:26:00+02:00,,0.0,0,Oslo S,VYG:Line:RE20,Oslo S-Halden-Göteborg-Malmö (X-Border),RE20,rail,VYG:ServiceJourney:104_554467-R,True,planned,False,,,,,2026-06-29T04:51:53.120134+02:00
NSR:StopPlace:58802,Spydeberg stasjon,2026-06-29T05:04:00+02:00,2026-06-29T05:04:00+02:00,,0.0,0,Oslo S,VYG:Line:R22,Skøyen-Oslo S-Mysen-Rakkestad,R22,rail,VYG:ServiceJourney:1904_443438-R,True,planned,False,,,,,2026-06-29T04:51:53.120134+02:00
NSR:StopPlace:58803,Tomter stasjon,2026-06-29T05:12:00+02:00,2026-06-29T05:12:00+02:00,,0.0,0,Oslo S,VYG:Line:R22,Skøyen-Oslo S-Mysen-Rakkestad,R22,rail,VYG:ServiceJourney:1904_443438-R,True,planned,False,,,,,2026-06-29T04:51:53.120134+02:00
NSR:StopPlace:58804,Alvdal stasjon,2026-06-29T05:15:00+02:00,2026-06-29T05:15:00+02:00,,0.0,0,Hamar,SJN:Line:25,Rørosbanen,R60,rail,SJN:ServiceJourney:2378_30115-R,True,planned,False,,,,,2026-06-29T04:51:53.120134+02:00
NSR:StopPlace:58805,Brumunddal stasjon,2026-06-29T04:53:00+02:00,2026-06-29T04:53:00+02:00,,0.0,0,Drammen,VYG:Line:RE10,Drammen-Oslo S-Lillehammer,RE10,rail,VYG:ServiceJourney:80302-HVE_550377-R,True,planned,False,,,,,2026-06-29T04:51:53.120134+02:00
NSR:StopPlace:58805,Brumunddal stasjon,2026-06-29T05:19:00+02:00,2026-06-29T05:19:00+02:00,,0.0,0,Oslo S,SJN:Line:21,Dovrebanen,F6,rail,SJN:ServiceJourney:80406-HMD_46520-R,True,planned,False,,,,,2026-06-29T04:51:53.120134+02:00
NSR:StopPlace:58807,Hanestad stasjon,2026-06-29T05:42:00+02:00,2026-06-29T05:42:00+02:00,,0.0,0,Hamar,SJN:Line:25,Rørosbanen,R60,rail,SJN:ServiceJourney:2378_30115-R,True,planned,False,,,,,2026-06-29T04:51:53.120134+02:00
NSR:StopPlace:58808,Kongsvinger stasjon,2026-06-29T05:37:00+02:00,2026-06-29T05:37:00+02:00,,0.0,0,Asker,VYG:Line:R14,Asker-Oslo S-Kongsvinger,R14,rail,VYG:ServiceJourney:81004_501818-R,True,planned,False,,,,,2026-06-29T04:51:53.120134+02:00
NSR:StopPlace:58811,Moelv stasjon,2026-06-29T04:41:00+02:00,2026-06-29T04:41:00+02:00,,0.0,0,Drammen,VYG:Line:RE10,Drammen-Oslo S-Lillehammer,RE10,rail,VYG:ServiceJourney:80302-HVE_550377-R,True,planned,False,,,,,2026-06-29T04:51:53.120134+02:00
NSR:StopPlace:58811,Moelv stasjon,2026-06-29T05:04:00+02:00,2026-06-29T05:04:00+02:00,,0.0,0,Oslo S,SJN:Line:21,Dovrebanen,F6,rail,SJN:ServiceJourney:80406-HMD_46520-R,True,planned,False,,,,,2026-06-29T04:51:53.120134+02:00
NSR:StopPlace:58813,Skarnes stasjon,2026-06-29T05:50:00+02:00,2026-06-29T05:50:00+02:00,,0.0,0,Asker,VYG:Line:R14,Asker-Oslo S-Kongsvinger,R14,rail,VYG:ServiceJourney:81004_501818-R,True,planned,False,,,,,2026-06-29T04:51:53.120134+02:00
NSR:StopPlace:58816,Dombås stasjon,2026-06-29T05:23:00+02:00,2026-06-29T05:23:00+02:00,,0.0,0,Drammen,VYG:Line:RE10,Drammen-Oslo S-Lillehammer,RE10,rail,VYG:ServiceJourney:80308-DOM_550379-R,True,planned,False,,,,,2026-06-29T04:51:53.120134+02:00
NSR:StopPlace:58820,Harestua stasjon,2026-06-29T05:47:00+02:00,2026-06-29T05:47:00+02:00,,0.0,0,Oslo S,VYG:Line:R31,Skøyen-Jaren-Gjøvik,R31,rail,VYG:ServiceJourney:202_465808-R,True,planned,False,,,,,2026-06-29T04:51:53.120134+02:00
NSR:StopPlace:58825,Raufoss stasjon,2026-06-29T05:45:00+02:00,2026-06-29T05:45:00+02:00,,0.0,0,Oslo S,VYG:Line:R31,Skøyen-Jaren-Gjøvik,R31,rail,VYG:ServiceJourney:204_548106-R,True,planned,False,,,,,2026-06-29T04:51:53.120134+02:00
NSR:StopPlace:58826,Reinsvoll stasjon,2026-06-29T05:50:00+02:00,2026-06-29T05:50:00+02:00,,0.0,0,Oslo S,VYG:Line:R31,Skøyen-Jaren-Gjøvik,R31,rail,VYG:ServiceJourney:204_548106-R,True,planned,False,,,,,2026-06-29T04:51:53.120134+02:00
NSR:StopPlace:58211,Oslo lufthavn,2026-06-29T04:54:00+02:00,2026-06-29T04:54:00+02:00,,0.0,0,Kopperud,RUT:Line:420,Maura -  Jessheim,420,bus,RUT:ServiceJourney:aa5b3a8f383cbfaf0702d330ea0fe744,True,planned,False,,,,,2026-06-29T04:51:53.120134+02:00
NSR:StopPlace:58211,Oslo lufthavn,2026-06-29T05:15:00+02:00,2026-06-29T05:15:00+02:00,,0.0,0,Majorstuen via Torshov-Sagene,NBU:Line:a7cafc59-feaf-4e61-9fa1-b7dce4ffe970,Majorstuen via Torshov-Sagene,FB1,bus,NBU:ServiceJourney:67acc2a7-96e5-4d47-874b-39a92a77bc9c,True,planned,False,,,,,2026-06-29T04:51:53.120134+02:00
NSR:StopPlace:58211,Oslo lufthavn,2026-06-29T05:16:00+02:00,2026-06-29T05:16:00+02:00,,0.0,0,Skien,VYG:Line:RE11,Eidsvoll-Oslo S-Skien,RE11,rail,VYG:ServiceJourney:300-80803-HHS_658722-R,True,planned,False,,,,,2026-06-29T04:51:53.120134+02:00
NSR:StopPlace:58211,Oslo lufthavn,2026-06-29T05:29:00+02:00,2026-06-29T05:29:00+02:00,,0.0,0,Eidsvoll,VYG:Line:R12,Kongsberg-Oslo S-Eidsvoll,R12,rail,VYG:ServiceJourney:80500_466139-R,True,planned,False,,,,,2026-06-29T04:51:53.120134+02:00
NSR:StopPlace:58211,Oslo lufthavn,2026-06-29T05:30:00+02:00,2026-06-29T05:30:00+02:00,,0.0,0,Radiumhospitalet via Økern-Storo-Tåsen,NBU:Line:cb7b555c-f96e-42d5-84bf-a5e08c0145c2,Radiumhospitalet via Økern-Storo-Tåsen,FB3,bus,NBU:ServiceJourney:f807e8c9-0419-4952-a9bb-70d09ffd95cc,True,planned,False,,,,,2026-06-29T04:51:53.120134+02:00
NSR:StopPlace:58211,Oslo lufthavn,2026-06-29T05:30:00+02:00,2026-06-29T05:30:00+02:00,,0.0,0,-,NBU:Line:cb7b555c-f96e-42d5-84bf-a5e08c0145c2,Radiumhospitalet via Økern-Storo-Tåsen,FB3,bus,NBU:ServiceJourney:f807e8c9-0419-4952-a9bb-70d09ffd95cc:610200353,True,planned,False,,,,,2026-06-29T04:51:53.120134+02:00
NSR:StopPlace:58211,Oslo lufthavn,2026-06-29T05:36:00+02:00,2026-06-29T05:36:00+02:00,,0.0,0,Kongsberg,VYG:Line:R12,Kongsberg-Oslo S-Eidsvoll,R12,rail,VYG:ServiceJourney:80503_466141-R,True,planned,False,,,,,2026-06-29T04:51:53.120134+02:00
NSR:StopPlace:58211,Oslo lufthavn,2026-06-29T05:40:00+02:00,2026-06-29T05:40:00+02:00,,0.0,0,Drammen,FLT:Line:FLY1,FLY1,FLY1,rail,FLT:ServiceJourney:1-2614-83702-20260629,True,planned,False,,,,,2026-06-29T04:51:53.120134+02:00
NSR:StopPlace:58211,Oslo lufthavn,2026-06-29T05:45:00+02:00,2026-06-29T05:45:00+02:00,,0.0,0,Oslo sentrum via Helsfyr-Hasle-Bislett,NBU:Line:a7c15243-8873-4aee-a8b4-8d22e8ad31dc,Oslo sentrum via Helsfyr-Hasle-Bislett,FB5,bus,NBU:ServiceJourney:c595eb43-57ef-4a9c-884f-162db629127d,True,planned,False,,,,,2026-06-29T04:51:53.120134+02:00
NSR:StopPlace:151,Evanger stasjon,2026-06-29T05:06:00+02:00,2026-06-29T05:06:00+02:00,,0.0,0,Bergen,VYG:Line:R40,Bergen-Voss-Myrdal-Ål,R40,rail,VYG:ServiceJourney:1805_443391-R,True,planned,False,,,,,2026-06-29T04:51:53.120134+02:00
NSR:StopPlace:316,Oppdal stasjon,2026-06-29T04:45:00+02:00,2026-06-29T04:41:00+02:00,,0.0,0,Trondheim S,SJN:Line:21,Dovrebanen,F6,rail,SJN:ServiceJourney:80405-LOD_37873-R,True,expected,False,,,,,2026-06-29T04:51:53.120134+02:00
NSR:StopPlace:364,Vaksdal stasjon,2026-06-29T05:36:00+02:00,2026-06-29T05:36:00+02:00,,0.0,0,Bergen,VYG:Line:R40,Bergen-Voss-Myrdal-Ål,R40,rail,VYG:ServiceJourney:1805_443391-R,True,planned,False,,,,,2026-06-29T04:51:53.120134+02:00
NSR:StopPlace:369,Kvål stasjon,2026-06-29T05:30:00+02:00,2026-06-29T05:30:00+02:00,,0.0,0,Steinkjer,SJN:Line:26,Trønderbanen,R70,rail,SJN:ServiceJourney:423_44524-R,True,planned,False,,,,,2026-06-29T04:51:53.120134+02:00
NSR:StopPlace:302,Gjøvik stasjon,2026-06-29T05:34:00+02:00,2026-06-29T05:34:00+02:00,,0.0,0,Oslo S,VYG:Line:R31,Skøyen-Jaren-Gjøvik,R31,rail,VYG:ServiceJourney:204_548106-R,True,planned,False,,,,,2026-06-29T04:51:53.120134+02:00
NSR:StopPlace:584,Bulken stasjon,2026-06-29T04:56:00+02:00,2026-06-29T04:56:00+02:00,,0.0,0,Bergen,VYG:Line:R40,Bergen-Voss-Myrdal-Ål,R40,rail,VYG:ServiceJourney:1805_443391-R,True,planned,False,,,,,2026-06-29T04:51:53.120134+02:00
NSR:StopPlace:500,Bellingmo stasjon,2026-06-29T05:24:00+02:00,2026-06-29T05:24:00+02:00,,0.0,0,Hamar,SJN:Line:25,Rørosbanen,R60,rail,SJN:ServiceJourney:2378_30115-R,True,planned,False,,,,,2026-06-29T04:51:53.120134+02:00
NSR:StopPlace:518,Bolstadøyri stasjon,2026-06-29T05:14:00+02:00,2026-06-29T05:14:00+02:00,,0.0,0,Bergen,VYG:Line:R40,Bergen-Voss-Myrdal-Ål,R40,rail,VYG:ServiceJourney:1805_443391-R,True,planned,False,,,,,2026-06-29T04:51:53.120134+02:00
NSR:StopPlace:441,Auli stasjon,2026-06-29T05:17:00+02:00,2026-06-29T05:17:00+02:00,,0.0,0,Asker,VYG:Line:R14,Asker-Oslo S-Kongsvinger,R14,rail,VYG:ServiceJourney:81002_466245-R,True,planned,False,,,,,2026-06-29T04:51:53.120134+02:00
NSR:StopPlace:461,Lundamo stasjon,2026-06-29T05:19:00+02:00,2026-06-29T05:19:00+02:00,,0.0,0,Steinkjer,SJN:Line:26,Trønderbanen,R70,rail,SJN:ServiceJourney:423_44524-R,True,planned,False,,,,,2026-06-29T04:51:53.120134+02:00
NSR:StopPlace:400,Ler stasjon,2026-06-29T05:25:00+02:00,2026-06-29T05:25:00+02:00,,0.0,0,Steinkjer,SJN:Line:26,Trønderbanen,R70,rail,SJN:ServiceJourney:423_44524-R,True,planned,False,,,,,2026-06-29T04:51:53.120134+02:00
NSR:StopPlace:420,Lillehammer stasjon,2026-06-29T05:31:00+02:00,2026-06-29T05:31:00+02:00,,0.0,0,Drammen,VYG:Line:RE10,Drammen-Oslo S-Lillehammer,RE10,rail,VYG:ServiceJourney:80304-HVE_548206-R,True,planned,False,,,,,2026-06-29T04:51:53.120134+02:00
NSR:StopPlace:708,Stange stasjon,2026-06-29T05:15:00+02:00,2026-06-29T05:15:00+02:00,,0.0,0,Drammen,VYG:Line:RE10,Drammen-Oslo S-Lillehammer,RE10,rail,VYG:ServiceJourney:80302-HVE_550377-R,True,planned,False,,,,,2026-06-29T04:51:53.120134+02:00
NSR:StopPlace:628,Darbu stasjon,2026-06-29T04:47:00+02:00,2026-06-29T04:47:00+02:00,,0.0,0,Eidsvoll,VYG:Line:R12,Kongsberg-Oslo S-Eidsvoll,R12,rail,VYG:ServiceJourney:80502_466140-R,True,planned,False,,,,,2026-06-29T04:51:53.120134+02:00
NSR:StopPlace:628,Darbu stasjon,2026-06-29T05:47:00+02:00,2026-06-29T05:47:00+02:00,,0.0,0,Eidsvoll,VYG:Line:R12,Kongsberg-Oslo S-Eidsvoll,R12,rail,VYG:ServiceJourney:80504_466142-R,True,planned,False,,,,,2026-06-29T04:51:53.120134+02:00
NSR:StopPlace:610,Sandvika stasjon,2026-06-29T04:35:00+02:00,2026-06-29T04:35:00+02:00,,0.0,0,Eidsvoll,VYG:Line:R12,Kongsberg-Oslo S-Eidsvoll,R12,rail,VYG:ServiceJourney:80500_466139-R,True,planned,False,,,,,2026-06-29T04:51:53.120134+02:00
NSR:StopPlace:610,Sandvika stasjon,2026-06-29T05:05:00+02:00,2026-06-29T05:05:00+02:00,,0.0,0,Oslo Lufthavn,FLT:Line:FLY1,FLY1,FLY1,rail,FLT:ServiceJourney:1-2614-83705-20260629,True,planned,False,,,,,2026-06-29T04:51:53.120134+02:00
NSR:StopPlace:610,Sandvika stasjon,2026-06-29T05:23:00+02:00,2026-06-29T05:23:00+02:00,,0.0,0,Ski,VYG:Line:L2,Stabekk-Oslo S-Ski,L2,rail,VYG:ServiceJourney:82703_466519-R,True,planned,False,,,,,2026-06-29T04:51:53.120134+02:00
NSR:StopPlace:610,Sandvika stasjon,2026-06-29T05:25:00+02:00,2026-06-29T05:25:00+02:00,,0.0,0,Oslo Lufthavn,FLT:Line:FLY1,FLY1,FLY1,rail,FLT:ServiceJourney:1-2614-83707-20260629,True,planned,False,,,,,2026-06-29T04:51:53.120134+02:00
NSR:StopPlace:610,Sandvika stasjon,2026-06-29T05:35:00+02:00,2026-06-29T05:35:00+02:00,,0.0,0,Eidsvoll,VYG:Line:R12,Kongsberg-Oslo S-Eidsvoll,R12,rail,VYG:ServiceJourney:80502_466140-R,True,planned,False,,,,,2026-06-29T04:51:53.120134+02:00
NSR:StopPlace:610,Sandvika stasjon,2026-06-29T05:36:00+02:00,2026-06-29T05:36:00+02:00,,0.0,0,Spikkestad,VYG:Line:L2,Stabekk-Oslo S-Ski,L2,rail,VYG:ServiceJourney:82704_466520-R,True,planned,False,,,,,2026-06-29T04:51:53.120134+02:00
NSR:StopPlace:610,Sandvika stasjon,2026-06-29T05:39:00+02:00,2026-06-29T05:39:00+02:00,,0.0,0,Kongsvinger,VYG:Line:R14,Asker-Oslo S-Kongsvinger,R14,rail,VYG:ServiceJourney:81003_466246-R,True,planned,False,,,,,2026-06-29T04:51:53.120134+02:00
NSR:StopPlace:610,Sandvika stasjon,2026-06-29T05:45:00+02:00,2026-06-29T05:45:00+02:00,,0.0,0,Oslo Lufthavn,FLT:Line:FLY1,FLY1,FLY1,rail,FLT:ServiceJourney:1-2614-83709-20260629,True,planned,False,,,,,2026-06-29T04:51:53.120134+02:00
NSR:StopPlace:610,Sandvika stasjon,2026-06-29T05:49:00+02:00,2026-06-29T05:49:00+02:00,,0.0,0,Dal,VYG:Line:R13,Drammen-Oslo S-Dal,R13,rail,VYG:ServiceJourney:81605_466359-R,True,planned,False,Færre vogner,Denne avgangen kjører dessverre med 5 vogner i stedet for 10 vogner.,general,normal,2026-06-29T04:51:53.120134+02:00
NSR:StopPlace:666,Snippen stasjon,2026-06-29T05:26:00+02:00,2026-06-29T05:26:00+02:00,,0.0,0,Oslo S,VYG:Line:R31,Skøyen-Jaren-Gjøvik,R31,rail,VYG:ServiceJourney:240-JAH_550324-R,True,planned,False,,,,,2026-06-29T04:51:53.120134+02:00
NSR:StopPlace:62094,Lindeberg stasjon,2026-06-29T05:48:00+02:00,2026-06-29T05:48:00+02:00,,0.0,0,Drammen,VYG:Line:R13,Drammen-Oslo S-Dal,R13,rail,VYG:ServiceJourney:81604_466358-R,True,planned,False,,,,,2026-06-29T04:51:53.120134+02:00
NSR:StopPlace:62309,Ljan stasjon,2026-06-29T05:05:00+02:00,2026-06-29T05:05:00+02:00,,0.0,0,Spikkestad,VYG:Line:L2,Stabekk-Oslo S-Ski,L2,rail,VYG:ServiceJourney:82704_466520-R,True,planned,False,,,,,2026-06-29T04:51:53.120134+02:00
NSR:StopPlace:62309,Ljan stasjon,2026-06-29T05:35:00+02:00,2026-06-29T05:35:00+02:00,,0.0,0,Spikkestad,VYG:Line:L2,Stabekk-Oslo S-Ski,L2,rail,VYG:ServiceJourney:82706_466522-R,True,planned,False,,,,,2026-06-29T04:51:53.120134+02:00
NSR:StopPlace:62339,Lillestrøm stasjon,2026-06-29T04:52:00+02:00,2026-06-29T04:52:00+02:00,,0.0,0,Oslo Lufthavn,FLT:Line:FLY1,FLY1,FLY1,rail,FLT:ServiceJourney:1-2614-83701-20260629,True,planned,False,,,,,2026-06-29T04:51:53.120134+02:00
NSR:StopPlace:62339,Lillestrøm stasjon,2026-06-29T05:12:00+02:00,2026-06-29T05:12:00+02:00,,0.0,0,Eidsvoll,VYG:Line:R12,Kongsberg-Oslo S-Eidsvoll,R12,rail,VYG:ServiceJourney:80500_466139-R,True,planned,False,,,,,2026-06-29T04:51:53.120134+02:00
NSR:StopPlace:62339,Lillestrøm stasjon,2026-06-29T05:22:00+02:00,2026-06-29T05:22:00+02:00,,0.0,0,Oslo Lufthavn,FLT:Line:FLY1,FLY1,FLY1,rail,FLT:ServiceJourney:1-2614-83703-20260629,True,planned,False,,,,,2026-06-29T04:51:53.120134+02:00
NSR:StopPlace:62339,Lillestrøm stasjon,2026-06-29T05:30:00+02:00,2026-06-29T05:30:00+02:00,,0.0,0,Skien,VYG:Line:RE11,Eidsvoll-Oslo S-Skien,RE11,rail,VYG:ServiceJourney:300-80803-HHS_658722-R,True,planned,False,,,,,2026-06-29T04:51:53.120134+02:00
NSR:StopPlace:62339,Lillestrøm stasjon,2026-06-29T05:42:00+02:00,2026-06-29T05:42:00+02:00,,0.0,0,Oslo Lufthavn,FLT:Line:FLY1,FLY1,FLY1,rail,FLT:ServiceJourney:1-2614-83705-20260629,True,planned,False,,,,,2026-06-29T04:51:53.120134+02:00
NSR:StopPlace:62339,Lillestrøm stasjon,2026-06-29T05:46:00+02:00,2026-06-29T05:46:00+02:00,,0.0,0,Asker,VYG:Line:R14,Asker-Oslo S-Kongsvinger,R14,rail,VYG:ServiceJourney:81002_466245-R,True,planned,False,,,,,2026-06-29T04:51:53.120134+02:00
NSR:StopPlace:62339,Lillestrøm stasjon,2026-06-29T05:50:00+02:00,2026-06-29T05:50:00+02:00,,0.0,0,Kongsberg,VYG:Line:R12,Kongsberg-Oslo S-Eidsvoll,R12,rail,VYG:ServiceJourney:80503_466141-R,True,planned,False,,,,,2026-06-29T04:51:53.120134+02:00
NSR:StopPlace:62336,Knapstad stasjon,2026-06-29T05:07:00+02:00,2026-06-29T05:07:00+02:00,,0.0,0,Oslo S,VYG:Line:R22,Skøyen-Oslo S-Mysen-Rakkestad,R22,rail,VYG:ServiceJourney:1904_443438-R,True,planned,False,,,,,2026-06-29T04:51:53.120134+02:00
NSR:StopPlace:62335,Eidsberg stasjon,2026-06-29T05:40:00+02:00,2026-06-29T05:40:00+02:00,,0.0,0,Oslo S,VYG:Line:R22,Skøyen-Oslo S-Mysen-Rakkestad,R22,rail,VYG:ServiceJourney:1906_443441-R,True,planned,False,,,,,2026-06-29T04:51:53.120134+02:00
NSR:StopPlace:62341,Tangen stasjon,2026-06-29T05:24:00+02:00,2026-06-29T05:24:00+02:00,,0.0,0,Drammen,VYG:Line:RE10,Drammen-Oslo S-Lillehammer,RE10,rail,VYG:ServiceJourney:80302-HVE_550377-R,True,planned,False,,,,,2026-06-29T04:51:53.120134+02:00
NSR:StopPlace:62357,Varingskollen stasjon,2026-06-29T05:11:00+02:00,2026-06-29T05:11:00+02:00,,0.0,0,Oslo S,VYG:Line:R31,Skøyen-Jaren-Gjøvik,R31,rail,VYG:ServiceJourney:240-JAH_550324-R,True,planned,False,,,,,2026-06-29T04:51:53.120134+02:00
NSR:StopPlace:62373,Berkåk stasjon,2026-06-29T05:13:00+02:00,2026-06-29T05:11:00+02:00,,0.0,0,Trondheim S,SJN:Line:21,Dovrebanen,F6,rail,SJN:ServiceJourney:80405-LOD_37873-R,True,expected,False,,,,,2026-06-29T04:51:53.120134+02:00
NSR:StopPlace:62379,Bergsgrav stasjon,2026-06-29T04:59:00+02:00,2026-06-29T04:59:00+02:00,,0.0,0,Ler,SJN:Line:26,Trønderbanen,R70,rail,SJN:ServiceJourney:420_45429-R,True,planned,False,,,,,2026-06-29T04:51:53.120134+02:00
NSR:StopPlace:62378,Røstad stasjon,2026-06-29T05:06:00+02:00,2026-06-29T05:06:00+02:00,,0.0,0,Ler,SJN:Line:26,Trønderbanen,R70,rail,SJN:ServiceJourney:420_45429-R,True,planned,False,,,,,2026-06-29T04:51:53.120134+02:00
NSR:StopPlace:62377,Ronglan stasjon,2026-06-29T05:21:00+02:00,2026-06-29T05:21:00+02:00,,0.0,0,Ler,SJN:Line:26,Trønderbanen,R70,rail,SJN:ServiceJourney:420_45429-R,True,planned,False,,,,,2026-06-29T04:51:53.120134+02:00
NSR:StopPlace:62393,Billingstad stasjon,2026-06-29T05:18:00+02:00,2026-06-29T05:18:00+02:00,,0.0,0,Ski,VYG:Line:L2,Stabekk-Oslo S-Ski,L2,rail,VYG:ServiceJourney:82703_466519-R,True,planned,False,,,,,2026-06-29T04:51:53.120134+02:00
NSR:StopPlace:62393,Billingstad stasjon,2026-06-29T05:41:00+02:00,2026-06-29T05:41:00+02:00,,0.0,0,Spikkestad,VYG:Line:L2,Stabekk-Oslo S-Ski,L2,rail,VYG:ServiceJourney:82704_466520-R,True,planned,False,,,,,2026-06-29T04:51:53.120134+02:00
NSR:StopPlace:62393,Billingstad stasjon,2026-06-29T05:48:00+02:00,2026-06-29T05:48:00+02:00,,0.0,0,Ski,VYG:Line:L2,Stabekk-Oslo S-Ski,L2,rail,VYG:ServiceJourney:82705_466521-R,True,planned,False,,,,,2026-06-29T04:51:53.120134+02:00
NSR:StopPlace:62392,Slependen stasjon,2026-06-29T05:20:00+02:00,2026-06-29T05:20:00+02:00,,0.0,0,Ski,VYG:Line:L2,Stabekk-Oslo S-Ski,L2,rail,VYG:ServiceJourney:82703_466519-R,True,planned,False,,,,,2026-06-29T04:51:53.120134+02:00
NSR:StopPlace:62392,Slependen stasjon,2026-06-29T05:38:00+02:00,2026-06-29T05:38:00+02:00,,0.0,0,Spikkestad,VYG:Line:L2,Stabekk-Oslo S-Ski,L2,rail,VYG:ServiceJourney:82704_466520-R,True,planned,False,,,,,2026-06-29T04:51:53.120134+02:00
NSR:StopPlace:62392,Slependen stasjon,2026-06-29T05:50:00+02:00,2026-06-29T05:50:00+02:00,,0.0,0,Ski,VYG:Line:L2,Stabekk-Oslo S-Ski,L2,rail,VYG:ServiceJourney:82705_466521-R,True,planned,False,,,,,2026-06-29T04:51:53.120134+02:00
NSR:StopPlace:62295,Stanghelle stasjon,2026-06-29T05:28:00+02:00,2026-06-29T05:28:00+02:00,,0.0,0,Bergen,VYG:Line:R40,Bergen-Voss-Myrdal-Ål,R40,rail,VYG:ServiceJourney:1805_443391-R,True,planned,False,,,,,2026-06-29T04:51:53.120134+02:00
NSR:StopPlace:59952,Drammen stasjon,2026-06-29T04:25:00+02:00,2026-06-29T04:25:00+02:00,,0.0,0,Skien,VYG:Line:RE11,Eidsvoll-Oslo S-Skien,RE11,rail,VYG:ServiceJourney:80871-SUD_559439-R,True,planned,False,,,,,2026-06-29T04:41:59.093800+02:00
NSR:StopPlace:420,Lillehammer stasjon,2026-06-29T04:19:00+02:00,2026-06-29T04:19:00+02:00,,0.0,0,Drammen,VYG:Line:RE10,Drammen-Oslo S-Lillehammer,RE10,rail,VYG:ServiceJourney:80302-HVE_550377-R,True,planned,False,,,,,2026-06-29T04:41:59.093800+02:00
NSR:StopPlace:61326,Gulskogen stasjon,2026-06-29T04:12:00+02:00,2026-06-29T04:12:00+02:00,,0.0,0,Eidsvoll,VYG:Line:R12,Kongsberg-Oslo S-Eidsvoll,R12,rail,VYG:ServiceJourney:80500_466139-R,True,planned,False,,,,,2026-06-29T04:32:03.942223+02:00
NSR:StopPlace:59952,Drammen stasjon,2026-06-29T04:17:00+02:00,2026-06-29T04:17:00+02:00,,0.0,0,Eidsvoll,VYG:Line:R12,Kongsberg-Oslo S-Eidsvoll,R12,rail,VYG:ServiceJourney:80500_466139-R,True,planned,False,,,,,2026-06-29T04:32:03.942223+02:00
NSR:StopPlace:58834,Hokksund stasjon,2026-06-29T03:59:00+02:00,2026-06-29T03:59:00+02:00,,0.0,0,Eidsvoll,VYG:Line:R12,Kongsberg-Oslo S-Eidsvoll,R12,rail,VYG:ServiceJourney:80500_466139-R,True,planned,False,,,,,2026-06-29T04:21:49.573788+02:00
NSR:StopPlace:58836,Mjøndalen stasjon,2026-06-29T04:05:00+02:00,2026-06-29T04:05:00+02:00,,0.0,0,Eidsvoll,VYG:Line:R12,Kongsberg-Oslo S-Eidsvoll,R12,rail,VYG:ServiceJourney:80500_466139-R,True,planned,False,,,,,2026-06-29T04:21:49.573788+02:00
NSR:StopPlace:58839,Steinberg stasjon,2026-06-29T04:02:00+02:00,2026-06-29T04:02:00+02:00,,0.0,0,Eidsvoll,VYG:Line:R12,Kongsberg-Oslo S-Eidsvoll,R12,rail,VYG:ServiceJourney:80500_466139-R,True,planned,False,,,,,2026-06-29T04:21:49.573788+02:00
NSR:StopPlace:58840,Vestfossen stasjon,2026-06-29T03:53:00+02:00,2026-06-29T03:53:00+02:00,,0.0,0,Eidsvoll,VYG:Line:R12,Kongsberg-Oslo S-Eidsvoll,R12,rail,VYG:ServiceJourney:80500_466139-R,True,planned,False,,,,,2026-06-29T04:11:50.104477+02:00
NSR:StopPlace:628,Darbu stasjon,2026-06-29T03:47:00+02:00,2026-06-29T03:47:00+02:00,,0.0,0,Eidsvoll,VYG:Line:R12,Kongsberg-Oslo S-Eidsvoll,R12,rail,VYG:ServiceJourney:80500_466139-R,True,planned,False,,,,,2026-06-29T04:02:08.881682+02:00
NSR:StopPlace:60603,Kongsberg stasjon,2026-06-29T03:34:00+02:00,2026-06-29T03:34:00+02:00,,0.0,0,Eidsvoll,VYG:Line:R12,Kongsberg-Oslo S-Eidsvoll,R12,rail,VYG:ServiceJourney:80500_466139-R,True,planned,False,,,,,2026-06-29T03:51:55.469089+02:00
NSR:StopPlace:59181,Kristinehamn station,2026-06-29T03:05:00+02:00,2026-06-29T03:05:00+02:00,,0.0,0,Stockholm,FLI:Line:e7931dc7-c486-4e99-b8b6-8b430e3aa62e,Stockholm - Oslo,N600,coach,FLI:ServiceJourney:e81afb71-9907-4fc8-ac6a-c5d0020729dd,True,planned,False,,,,,2026-06-29T03:21:48.436954+02:00
NSR:StopPlace:59181,Kristinehamn station,2026-06-29T02:40:00+02:00,2026-06-29T02:40:00+02:00,,0.0,0,Oslo,FLI:Line:e7931dc7-c486-4e99-b8b6-8b430e3aa62e,Stockholm - Oslo,N600,coach,FLI:ServiceJourney:2b8b3276-11d3-4c15-a408-627eaf64463c,True,planned,False,,,,,2026-06-29T03:02:13.346139+02:00
NSR:StopPlace:62456,Kvitfjell stasjon,2026-06-29T02:01:00+02:00,2026-06-29T02:01:00+02:00,,0.0,0,Trondheim S,SJN:Line:21,Dovrebanen,F6,rail,SJN:ServiceJourney:80405-LOD_37873-R,True,planned,False,,,,,2026-06-29T02:21:52.402392+02:00
NSR:StopPlace:58862,Strømmen stasjon,2026-06-29T02:06:00+02:00,2026-06-29T02:06:00+02:00,,0.0,0,Lillestrøm,VYG:Line:L1,Spikkestad-Oslo S-Lillestrøm,L1,rail,VYG:ServiceJourney:BUS-2282_576630-R,True,planned,False,,,,,2026-06-29T01:51:48.678300+02:00
NSR:StopPlace:58862,Strømmen stasjon,2026-06-29T02:08:00+02:00,2026-06-29T02:08:00+02:00,,0.0,0,Lillestrøm,VYG:Line:L1,Spikkestad-Oslo S-Lillestrøm,L1,rail,VYG:ServiceJourney:BUS-2282_576631-R,True,planned,False,,,,,2026-06-29T01:51:48.678300+02:00
NSR:StopPlace:61251,Øksnavadporten stasjon,2026-06-29T05:39:00+02:00,2026-06-29T05:39:00+02:00,,0.0,0,Egersund,GOA:Line:59,Jærbanen,L5,rail,GOA:ServiceJourney:3006_63037-R,False,planned,False,,,,,2026-06-29T04:51:53.120134+02:00
NSR:StopPlace:61291,Stavanger stasjon,2026-06-29T05:14:00+02:00,2026-06-29T05:14:00+02:00,,0.0,0,Egersund,GOA:Line:59,Jærbanen,L5,rail,GOA:ServiceJourney:3006_63037-R,False,planned,False,,,,,2026-06-29T04:51:53.120134+02:00
NSR:StopPlace:61291,Stavanger stasjon,2026-06-29T05:47:00+02:00,2026-06-29T05:47:00+02:00,,0.0,0,Egersund,GOA:Line:59,Jærbanen,L5,rail,GOA:ServiceJourney:3008_63040-R,False,planned,False,,,,,2026-06-29T04:51:53.120134+02:00
NSR:StopPlace:8,Paradis stasjon,2026-06-29T05:16:00+02:00,2026-06-29T05:16:00+02:00,,0.0,0,Egersund,GOA:Line:59,Jærbanen,L5,rail,GOA:ServiceJourney:3006_63037-R,False,planned,False,,,,,2026-06-29T04:51:53.120134+02:00
NSR:StopPlace:8,Paradis stasjon,2026-06-29T05:49:00+02:00,2026-06-29T05:49:00+02:00,,0.0,0,Egersund,GOA:Line:59,Jærbanen,L5,rail,GOA:ServiceJourney:3008_63040-R,False,planned,False,,,,,2026-06-29T04:51:53.120134+02:00
NSR:StopPlace:61169,Marienborg stasjon,2026-06-29T05:42:00+02:00,2026-06-29T05:42:00+02:00,,0.0,0,Hamar,SJN:Line:25,Rørosbanen,R60,rail,SJN:ServiceJourney:2382_49895-R,False,planned,False,,,,,2026-06-29T04:51:53.120134+02:00
NSR:StopPlace:61459,Reitan stasjon,2026-06-29T05:25:00+02:00,2026-06-29T05:25:00+02:00,,0.0,0,Trondheim S,SJN:Line:25,Rørosbanen,R60,rail,SJN:ServiceJourney:411_37676-R,False,planned,False,,,,,2026-06-29T04:51:53.120134+02:00
NSR:StopPlace:61334,Ogna stasjon,2026-06-29T05:19:00+02:00,2026-06-29T05:19:00+02:00,,0.0,0,Stavanger,GOA:Line:59,Jærbanen,L5,rail,GOA:ServiceJourney:3003_63034-R,False,planned,False,,,,,2026-06-29T04:51:53.120134+02:00
NSR:StopPlace:61388,Haltdalen stasjon,2026-06-29T05:44:00+02:00,2026-06-29T05:44:00+02:00,,0.0,0,Trondheim S,SJN:Line:25,Rørosbanen,R60,rail,SJN:ServiceJourney:411_37676-R,False,planned,False,,,,,2026-06-29T04:51:53.120134+02:00
NSR:StopPlace:53,Røros stasjon,2026-06-29T05:00:00+02:00,2026-06-29T05:00:00+02:00,,0.0,0,Trondheim S,SJN:Line:25,Rørosbanen,R60,rail,SJN:ServiceJourney:411_37676-R,False,planned,False,,,,,2026-06-29T04:51:53.120134+02:00
NSR:StopPlace:61872,Nærbø stasjon,2026-06-29T05:43:00+02:00,2026-06-29T05:43:00+02:00,,0.0,0,Stavanger,GOA:Line:59,Jærbanen,L5,rail,GOA:ServiceJourney:3003_63034-R,False,planned,False,,,,,2026-06-29T04:51:53.120134+02:00
NSR:StopPlace:59646,Høvik stasjon,2026-06-29T05:00:00+02:00,2026-06-29T05:00:00+02:00,,0.0,0,Torpekspressen - Torp airport,UNI:Line:UE2,Oslo Bussterminal - Torp Lufhavn,FB25,bus,UNI:ServiceJourney:UE2-167324-45977597,False,planned,False,,,,,2026-06-29T04:51:53.120134+02:00
NSR:StopPlace:59647,Dal stasjon,2026-06-29T05:41:00+02:00,2026-06-29T05:41:00+02:00,,0.0,0,Jessheim,RUT:Line:430,Eidsvoll - Jessheim,430,bus,RUT:ServiceJourney:3a942b90aae8e1fef05874fcc8b147ae,False,planned,False,,,,,2026-06-29T04:51:53.120134+02:00
NSR:StopPlace:59647,Dal stasjon,2026-06-29T05:46:00+02:00,2026-06-29T05:46:00+02:00,,0.0,0,Eidsvoll,RUT:Line:430,Eidsvoll - Jessheim,430,bus,RUT:ServiceJourney:69e2efb17b866e61169d1538345ffef1,False,planned,False,,,,,2026-06-29T04:51:53.120134+02:00
NSR:StopPlace:59648,Kjelsås stasjon,2026-06-29T05:40:00+02:00,2026-06-29T05:40:00+02:00,,0.0,0,Kværnerbyen,RUT:Line:54,Kværnerbyen - Kjelsås stasjon,54,bus,RUT:ServiceJourney:970b0cac19835aa507e2354737423f97,False,planned,False,,,,,2026-06-29T04:51:53.120134+02:00
NSR:StopPlace:59648,Kjelsås stasjon,2026-06-29T05:40:00+02:00,2026-06-29T05:40:00+02:00,,0.0,0,Majorstuen,RUT:Line:25,Majorstuen-Haugerud,25,bus,RUT:ServiceJourney:5f3cc7cc96e81c3bee866dc03466f7ea,False,planned,False,,,,,2026-06-29T04:51:53.120134+02:00
NSR:StopPlace:59649,Nydalen stasjon,2026-06-29T05:16:00+02:00,2026-06-29T05:16:00+02:00,,0.0,0,Lysaker,RUT:Line:23,Lysaker - Simensbråten,23,bus,RUT:ServiceJourney:a4bbed1bb7fae9fad12e5078cd282a1c,False,planned,False,,,,,2026-06-29T04:51:53.120134+02:00
NSR:StopPlace:59649,Nydalen stasjon,2026-06-29T05:46:00+02:00,2026-06-29T05:46:00+02:00,,0.0,0,Lysaker,RUT:Line:23,Lysaker - Simensbråten,23,bus,RUT:ServiceJourney:7c0b3fe023c99beaab8b4f4b6e1ee3e6,False,planned,False,,,,,2026-06-29T04:51:53.120134+02:00
NSR:StopPlace:59641,Fjellhamar stasjon,2026-06-29T05:49:00+02:00,2026-06-29T05:49:00+02:00,,0.0,0,Ahus,RUT:Line:315,Vallerudtoppen - Ahus,315,bus,RUT:ServiceJourney:0561d146be6e96711f9b053934acf747,False,planned,False,,,,,2026-06-29T04:51:53.120134+02:00
NSR:StopPlace:59642,Rånåsfoss stasjon,2026-06-29T05:30:00+02:00,2026-06-29T05:30:00+02:00,,0.0,0,Årnes,RUT:Line:455,Årnes -Rånåsfoss,455,bus,RUT:ServiceJourney:315cba9f39b35750e6f3e8ce7e36b4ad,False,planned,False,,,,,2026-06-29T04:51:53.120134+02:00
NSR:StopPlace:59643,Grefsen stasjon,2026-06-29T05:05:00+02:00,2026-06-29T05:05:00+02:00,,0.0,0,Gaustadalléen,RUT:Line:17,Rikshospitalet - Sinsen o/ Carl Berner,17,tram,RUT:ServiceJourney:37ca60406ba71a658ca5e4351be3058f,False,planned,False,,,,,2026-06-29T04:51:53.120134+02:00
NSR:StopPlace:59643,Grefsen stasjon,2026-06-29T05:11:00+02:00,2026-06-29T05:11:00+02:00,,0.0,0,Lysaker,RUT:Line:23,Lysaker - Simensbråten,23,bus,RUT:ServiceJourney:a4bbed1bb7fae9fad12e5078cd282a1c,False,planned,False,,,,,2026-06-29T04:51:53.120134+02:00
NSR:StopPlace:59643,Grefsen stasjon,2026-06-29T05:35:00+02:00,2026-06-29T05:35:00+02:00,,0.0,0,Gaustadalléen,RUT:Line:17,Rikshospitalet - Sinsen o/ Carl Berner,17,tram,RUT:ServiceJourney:7e28c00f946aa347cb5fc4c33bf33231,False,planned,False,,,,,2026-06-29T04:51:53.120134+02:00
NSR:StopPlace:59643,Grefsen stasjon,2026-06-29T05:41:00+02:00,2026-06-29T05:41:00+02:00,,0.0,0,Lysaker,RUT:Line:23,Lysaker - Simensbråten,23,bus,RUT:ServiceJourney:7c0b3fe023c99beaab8b4f4b6e1ee3e6,False,planned,False,,,,,2026-06-29T04:51:53.120134+02:00
NSR:StopPlace:60640,Heimdal stasjon,2026-06-29T05:18:00+02:00,2026-06-29T05:18:00+02:00,,0.0,0,Strindheim via Kolstad-sentrum,ATB:Line:2_2,Strindheim- Lade- sentrum- Sau,2,bus,ATB:ServiceJourney:2_250918113794626_1,False,planned,False,,,,,2026-06-29T04:51:53.120134+02:00
NSR:StopPlace:60640,Heimdal stasjon,2026-06-29T05:26:00+02:00,2026-06-29T05:26:00+02:00,,0.0,0,Ranheim via Tiller-sentrum,ATB:Line:2_1,Ranheim - Strindheim - sentrum - Tiller - Heimdal - Kattem,1,bus,ATB:ServiceJourney:1_250918113794592_1,False,planned,False,,,,,2026-06-29T04:51:53.120134+02:00
NSR:StopPlace:60640,Heimdal stasjon,2026-06-29T05:28:00+02:00,2026-06-29T05:28:00+02:00,,0.0,0,Strindheim via Kolstad-sentrum,ATB:Line:2_2,Strindheim- Lade- sentrum- Sau,2,bus,ATB:ServiceJourney:2_250918113792962_3,False,planned,False,,,,,2026-06-29T04:51:53.120134+02:00
NSR:StopPlace:60640,Heimdal stasjon,2026-06-29T05:41:00+02:00,2026-06-29T05:41:00+02:00,,0.0,0,Ranheim via Tiller-sentrum,ATB:Line:2_1,Ranheim - Strindheim - sentrum - Tiller - Heimdal - Kattem,1,bus,ATB:ServiceJourney:1_250918113792777_3,False,planned,False,,,,,2026-06-29T04:51:53.120134+02:00
NSR:StopPlace:60640,Heimdal stasjon,2026-06-29T05:48:00+02:00,2026-06-29T05:48:00+02:00,,0.0,0,Strindheim via Kolstad-sentrum,ATB:Line:2_2,Strindheim- Lade- sentrum- Sau,2,bus,ATB:ServiceJourney:2_250918113792963_5,False,planned,False,,,,,2026-06-29T04:51:53.120134+02:00
NSR:StopPlace:59651,Skøyen stasjon,2026-06-29T05:16:00+02:00,2026-06-29T05:16:00+02:00,,0.0,0,Galgeberg,RUT:Line:20,Skøyen - Galgeberg,20,bus,RUT:ServiceJourney:f5802fac197736bc217e10c465d364ad,False,planned,False,,,,,2026-06-29T04:51:53.120134+02:00
NSR:StopPlace:59651,Skøyen stasjon,2026-06-29T05:26:00+02:00,2026-06-29T05:26:00+02:00,,0.0,0,Skøyen,RUT:Line:3013,Buss for linje 13,13B,bus,RUT:ServiceJourney:ef2bb184ba8e1eee57f07252da36e59c,False,planned,False,Linje 13: Buss for trikk mellom Thune og Lilleaker ,Vi kjører buss for trikk (linje 13B) mellom Thune og Lilleaker. Bussen stopper ikke på Sollerud. 13B betjener Thune fra midlertidig holdeplass i Drammensveien,incident,normal,2026-06-29T04:51:53.120134+02:00
NSR:StopPlace:59651,Skøyen stasjon,2026-06-29T05:31:00+02:00,2026-06-29T05:31:00+02:00,,0.0,0,Galgeberg,RUT:Line:20,Skøyen - Galgeberg,20,bus,RUT:ServiceJourney:fb95fcd36f69aa44e6493ad87ee82076,False,planned,False,,,,,2026-06-29T04:51:53.120134+02:00
NSR:StopPlace:59651,Skøyen stasjon,2026-06-29T05:37:00+02:00,2026-06-29T05:37:00+02:00,,0.0,0,Grorud T,RUT:Line:31,Snarøya - Fornebu - Tonsenhagen - Grorud,31,bus,RUT:ServiceJourney:765b7efd5dc82448a16483d5a1c06bab,False,planned,False,,,,,2026-06-29T04:51:53.120134+02:00
NSR:StopPlace:59651,Skøyen stasjon,2026-06-29T05:40:00+02:00,2026-06-29T05:40:00+02:00,,0.0,0,Lilleaker,RUT:Line:3013,Buss for linje 13,13B,bus,RUT:ServiceJourney:f28834a4ccc0c6da223cbe05e45fc9e7,False,planned,False,Linje 13: Buss for trikk mellom Thune og Lilleaker ,Vi kjører buss for trikk (linje 13B) mellom Thune og Lilleaker. Bussen stopper ikke på Sollerud. 13B betjener Thune fra midlertidig holdeplass i Drammensveien,incident,normal,2026-06-29T04:51:53.120134+02:00
NSR:StopPlace:59651,Skøyen stasjon,2026-06-29T05:41:00+02:00,2026-06-29T05:41:00+02:00,,0.0,0,Skøyen,RUT:Line:3013,Buss for linje 13,13B,bus,RUT:ServiceJourney:59dacae271ca8577eb2862c1169a2e14,False,planned,False,Linje 13: Buss for trikk mellom Thune og Lilleaker ,Vi kjører buss for trikk (linje 13B) mellom Thune og Lilleaker. Bussen stopper ikke på Sollerud. 13B betjener Thune fra midlertidig holdeplass i Drammensveien,incident,normal,2026-06-29T04:51:53.120134+02:00
NSR:StopPlace:59651,Skøyen stasjon,2026-06-29T05:44:00+02:00,2026-06-29T05:44:00+02:00,,0.0,0,Skøyen,RUT:Line:130,Sandvika -Skøyen,130,bus,RUT:ServiceJourney:b51ed633792f9d954444e2447142f9f4,False,planned,False,,,,,2026-06-29T04:51:53.120134+02:00
NSR:StopPlace:59651,Skøyen stasjon,2026-06-29T05:46:00+02:00,2026-06-29T05:46:00+02:00,,0.0,0,Galgeberg,RUT:Line:20,Skøyen - Galgeberg,20,bus,RUT:ServiceJourney:8f3bce0e9e3eff4a4a78697c7643a5b8,False,planned,False,,,,,2026-06-29T04:51:53.120134+02:00
NSR:StopPlace:59651,Skøyen stasjon,2026-06-29T05:47:00+02:00,2026-06-29T05:47:00+02:00,,0.0,0,Tonsenhagen,RUT:Line:31,Snarøya - Fornebu - Tonsenhagen - Grorud,31,bus,RUT:ServiceJourney:24205f920a18af0082cd8e362f68870c,False,planned,False,,,,,2026-06-29T04:51:53.120134+02:00
NSR:StopPlace:59651,Skøyen stasjon,2026-06-29T05:51:00+02:00,2026-06-29T05:51:00+02:00,,0.0,0,Skøyen,RUT:Line:140,Bekkestua - Østerås - Skøyen,140,bus,RUT:ServiceJourney:6a1453b7de49bd71550d63aad7c2fcef,False,planned,False,,,,,2026-06-29T04:51:53.120134+02:00
NSR:StopPlace:59652,Tøyen stasjon,2026-06-29T05:44:00+02:00,2026-06-29T05:44:00+02:00,,0.0,0,Vippetangen,RUT:Line:60,Vippetangen-Tonsenhagen,60,bus,RUT:ServiceJourney:82441f11df1e95dba706fbab8c51e46b,False,planned,False,Holdeplass Haslevangen i retning mot Oslo sentrum er midlertidig lagt ned.,Dette skyldes et større byggearbeid i området. Nærmeste holdeplass er Hasle.,incident,normal,2026-06-29T04:51:53.120134+02:00
NSR:StopPlace:59654,Stabekk stasjon,2026-06-29T05:39:00+02:00,2026-06-29T05:39:00+02:00,,0.0,0,Gullhaug,RUT:Line:150,Gullhaug - Nationaltheatret,150,bus,RUT:ServiceJourney:24a3ec4ef2bc2ae51c30c6149bf30b2c,False,planned,False,,,,,2026-06-29T04:51:53.120134+02:00
NSR:StopPlace:59703,Åndalsnes stasjon,2026-06-29T05:00:00+02:00,2026-06-29T05:00:00+02:00,,0.0,0,Ålesund,VYX:Line:162,VY148 Ålesund-Oslo,VY148,coach,VYX:ServiceJourney:0a772f142078d2cf52813fca7b2fc0be7fff8273,False,planned,False,Forhåndsbestilling Vy,Billett må kjøpes på nett eller app senest 15 minutter før påstigning for at bussen skal kjøre innom holdeplassen.,general,normal,2026-06-29T04:51:53.120134+02:00
NSR:StopPlace:59957,Klepp stasjon,2026-06-29T05:42:00+02:00,2026-06-29T05:42:00+02:00,,0.0,0,Egersund,GOA:Line:59,Jærbanen,L5,rail,GOA:ServiceJourney:3006_63037-R,False,planned,False,,,,,2026-06-29T04:51:53.120134+02:00
NSR:StopPlace:59958,Voss stasjon,2026-06-29T05:48:00+02:00,2026-06-29T05:48:00+02:00,,0.0,0,Bergen,VYX:Line:31,VY450 Bergen-Fagernes-Oslo,VY450,coach,VYX:ServiceJourney:c9fc489e497686b7713662f2db635b18fd2f00b3,False,planned,False,Forhåndsbestilling Vy,Billett må kjøpes på nett eller app senest 15 minutter før påstigning for at bussen skal kjøre innom holdeplassen.,general,normal,2026-06-29T04:51:53.120134+02:00
NSR:StopPlace:60944,Ski stasjon,2026-06-29T05:32:00+02:00,2026-06-29T05:32:00+02:00,,0.0,0,Oslo bussterminal,RUT:Line:515,Ski - Oslo,515,bus,RUT:ServiceJourney:8d42b79e1f04d9d77f03c1854cc34a30,False,planned,False,,,,,2026-06-29T04:51:53.120134+02:00
NSR:StopPlace:60944,Ski stasjon,2026-06-29T05:32:00+02:00,2026-06-29T05:32:00+02:00,,0.0,0,Drøbak - Seiersten,RUT:Line:510,Bøleråsen - Ski - Ås - Drøbak,510,bus,RUT:ServiceJourney:f8cfd849999d5838fbde90c1bca5750f,False,planned,False,,,,,2026-06-29T04:51:53.120134+02:00
NSR:StopPlace:60944,Ski stasjon,2026-06-29T05:42:00+02:00,2026-06-29T05:42:00+02:00,,0.0,0,Vinterbro,RUT:Line:520,Vinterbro - Ski stasjon,520,bus,RUT:ServiceJourney:7d2a9dfb1cf83391197be9d0fcceb94d,False,planned,False,,,,,2026-06-29T04:51:53.120134+02:00
NSR:StopPlace:60944,Ski stasjon,2026-06-29T05:46:00+02:00,2026-06-29T05:46:00+02:00,,0.0,0,Hebekk / Finstad,RUT:Line:525,Kråkstad - Ski - Kråkstad,525,bus,RUT:ServiceJourney:1786627ac20d2efa66d455e961b3fb18,False,planned,False,,,,,2026-06-29T04:51:53.120134+02:00
NSR:StopPlace:60944,Ski stasjon,2026-06-29T05:47:00+02:00,2026-06-29T05:47:00+02:00,,0.0,0,Drøbak - Frogn vgs.,RUT:Line:510,Bøleråsen - Ski - Ås - Drøbak,510,bus,RUT:ServiceJourney:04db12c3e1a891bf668e891792e755af,False,planned,False,,,,,2026-06-29T04:51:53.120134+02:00
NSR:StopPlace:60944,Ski stasjon,2026-06-29T05:51:00+02:00,2026-06-29T05:51:00+02:00,,0.0,0,Kolbotn torg,RUT:Line:580,Kolbotn - Ski,580,bus,RUT:ServiceJourney:5bb2a471bcb546cc523d5ce90657e036,False,planned,False,,,,,2026-06-29T04:51:53.120134+02:00
NSR:StopPlace:59977,Trondheim S,2026-06-29T05:29:00+02:00,2026-06-29T05:29:00+02:00,,0.0,0,Lund via Kolstad-Heimdal,ATB:Line:2_2,Strindheim- Lade- sentrum- Sau,2,bus,ATB:ServiceJourney:2_250918113795357_2,False,planned,False,,,,,2026-06-29T04:51:53.120134+02:00
NSR:StopPlace:59977,Trondheim S,2026-06-29T05:35:00+02:00,2026-06-29T05:35:00+02:00,,0.0,0,Hamar,SJN:Line:25,Rørosbanen,R60,rail,SJN:ServiceJourney:2382_49895-R,False,planned,False,,,,,2026-06-29T04:51:53.120134+02:00
NSR:StopPlace:59977,Trondheim S,2026-06-29T05:45:00+02:00,2026-06-29T05:45:00+02:00,,0.0,0,Fannrem stasjon via Orkanger,ATB:Line:2_310,Trondheim - Orkanger - Fannrem,310,bus,ATB:ServiceJourney:310_250212077044744_2,False,planned,False,,,,,2026-06-29T04:51:53.120134+02:00
NSR:StopPlace:59977,Trondheim S,2026-06-29T05:48:00+02:00,2026-06-29T05:48:00+02:00,,0.0,0,Strindheim via Lade,ATB:Line:2_2,Strindheim- Lade- sentrum- Sau,2,bus,ATB:ServiceJourney:2_250918113794626_1,False,planned,False,,,,,2026-06-29T04:51:53.120134+02:00
NSR:StopPlace:59977,Trondheim S,2026-06-29T05:49:00+02:00,2026-06-29T05:49:00+02:00,,0.0,0,Stjørdal via Strindheimtunnelen,ATB:Line:2_70,Stjørdal/Hommelvik- Trondheim,70,bus,ATB:ServiceJourney:70_260220118158319_1,False,planned,False,,,,,2026-06-29T04:51:53.120134+02:00
NSR:StopPlace:59182,Örebro Centralstation,2026-06-29T04:35:00+02:00,2026-06-29T04:35:00+02:00,,0.0,0,Arlanda,VYB:Line:26,850 Oslo - Arlanda - Stockholm,850,coach,VYB:ServiceJourney:29db7164c721c502434d2463a4bfa6c4600f03c5,False,planned,False,Örebro läge X,,general,normal,2026-06-29T04:51:53.120134+02:00
NSR:StopPlace:59182,Örebro Centralstation,2026-06-29T05:00:00+02:00,2026-06-29T05:00:00+02:00,,0.0,0,Arlanda,VYB:Line:27,900 Oslo - Arlanda - Stockholm,900,coach,VYB:ServiceJourney:ac70ec38535aed7e7a08372a0e172a3d72847c39,False,planned,False,Örebro läge X | Annan busstyp på denna avgång,"Vennligst merk at denne avgangen kjøres av en samarbeidspartner til Vy bus4you, og med en annen type buss enn den som vanligvis benyttes av Vy bus4you.",general | general,normal | normal,2026-06-29T04:51:53.120134+02:00
NSR:StopPlace:59182,Örebro Centralstation,2026-06-29T05:35:00+02:00,2026-06-29T05:35:00+02:00,,0.0,0,Arlanda,VYB:Line:26,850 Oslo - Arlanda - Stockholm,850,coach,VYB:ServiceJourney:88d418fb1e0f2f28e1652324f0874a0bc4b7f0de,False,planned,False,Örebro läge X,,general,normal,2026-06-29T04:51:53.120134+02:00
NSR:StopPlace:60053,Halden stasjon,2026-06-29T05:47:00+02:00,2026-06-29T05:47:00+02:00,,0.0,0,Halden sentrum,OST:Line:1_34,Remmen-Sykehuset,34,bus,OST:ServiceJourney:34_260421060691044_2,False,planned,False,,,,,2026-06-29T04:51:53.120134+02:00
NSR:StopPlace:60077,Støren stasjon,2026-06-29T05:17:00+02:00,2026-06-29T05:17:00+02:00,,0.0,0,Trondheim S,ATB:Line:2_340,Trondheim - Støren,340,bus,ATB:ServiceJourney:340_250212077044847_1,False,planned,False,,,,,2026-06-29T04:51:53.120134+02:00
NSR:StopPlace:59393,Västerås Centralstation,2026-06-29T04:45:00+02:00,2026-06-29T04:45:00+02:00,,0.0,0,Karlstad,VYB:Line:26,850 Oslo - Arlanda - Stockholm,850,coach,VYB:ServiceJourney:ff75b29493efa171f9f1ef6240e42b5d2d66d4e8,False,planned,False,Västerås,"Nytt holdeplassområde ved Västerås Resecentrum fra 16. mars Den nye holdeplassen ligger på stasjonens vestside, rett ved jernbanespor 1B. Du finner den ved å følge parkeringsplassen til den bortre enden. ",general,normal,2026-06-29T04:51:53.120134+02:00
NSR:StopPlace:59393,Västerås Centralstation,2026-06-29T05:05:00+02:00,2026-06-29T05:05:00+02:00,,0.0,0,Stockholm,VYB:Line:26,850 Oslo - Arlanda - Stockholm,850,coach,VYB:ServiceJourney:2094b187d5f04d2a2316b7c733683e92913cefea,False,planned,False,Västerås,"Nytt holdeplassområde ved Västerås Resecentrum fra 16. mars Den nye holdeplassen ligger på stasjonens vestside, rett ved jernbanespor 1B. Du finner den ved å følge parkeringsplassen til den bortre enden. ",general,normal,2026-06-29T04:51:53.120134+02:00
NSR:StopPlace:59248,Stockholm-Arlanda flygplats,2026-06-29T05:30:00+02:00,2026-06-29T05:30:00+02:00,,0.0,0,Karlstad,VYB:Line:26,850 Oslo - Arlanda - Stockholm,850,coach,VYB:ServiceJourney:f9ad7ea0bccae750dc44221801057dcc8c3d3aa8,False,planned,False,,,,,2026-06-29T04:51:53.120134+02:00
NSR:StopPlace:59244,Egersund stasjon,2026-06-29T05:05:00+02:00,2026-06-29T05:05:00+02:00,,0.0,0,Stavanger,GOA:Line:59,Jærbanen,L5,rail,GOA:ServiceJourney:3003_63034-R,False,planned,False,,,,,2026-06-29T04:51:53.120134+02:00
NSR:StopPlace:59244,Egersund stasjon,2026-06-29T05:40:00+02:00,2026-06-29T05:40:00+02:00,,0.0,0,Stavanger,GOA:Line:59,Jærbanen,L5,rail,GOA:ServiceJourney:3005_63036-R,False,planned,False,,,,,2026-06-29T04:51:53.120134+02:00
NSR:StopPlace:59261,Trondheim lufthavn,2026-06-29T05:41:00+02:00,2026-06-29T05:41:00+02:00,,0.0,0,Marienborg via Hommelv.-Solsiden,ATB:Line:2_70,Stjørdal/Hommelvik- Trondheim,70,bus,ATB:ServiceJourney:70_260220118154630_2,False,planned,False,,,,,2026-06-29T04:51:53.120134+02:00
NSR:StopPlace:60271,Varhaug stasjon,2026-06-29T05:39:00+02:00,2026-06-29T05:39:00+02:00,,0.0,0,Stavanger,GOA:Line:59,Jærbanen,L5,rail,GOA:ServiceJourney:3003_63034-R,False,planned,False,,,,,2026-06-29T04:51:53.120134+02:00
NSR:StopPlace:60569,Sirevåg stasjon,2026-06-29T05:16:00+02:00,2026-06-29T05:16:00+02:00,,0.0,0,Stavanger,GOA:Line:59,Jærbanen,L5,rail,GOA:ServiceJourney:3003_63034-R,False,planned,False,,,,,2026-06-29T04:51:53.120134+02:00
NSR:StopPlace:59616,Asker stasjon,2026-06-29T05:05:00+02:00,2026-06-29T05:05:00+02:00,,0.0,0,Blakstad,RUT:Line:290,Asker - Blakstad,290,bus,RUT:ServiceJourney:dd29b8f87bb38f6e1724e659776fb164,False,planned,False,,,,,2026-06-29T04:51:53.120134+02:00
NSR:StopPlace:59616,Asker stasjon,2026-06-29T05:10:00+02:00,2026-06-29T05:10:00+02:00,,0.0,0,Sandvika,RUT:Line:270,Asker - Sandvika (- Fornebu),270,bus,RUT:ServiceJourney:69a94253ac26a9414065c38ffc22e62a,False,planned,False,,,,,2026-06-29T04:51:53.120134+02:00
NSR:StopPlace:59616,Asker stasjon,2026-06-29T05:20:00+02:00,2026-06-29T05:20:00+02:00,,0.0,0,Blakstad,RUT:Line:290,Asker - Blakstad,290,bus,RUT:ServiceJourney:b47570c23f79127e56df68c696a16831,False,planned,False,,,,,2026-06-29T04:51:53.120134+02:00
NSR:StopPlace:59616,Asker stasjon,2026-06-29T05:25:00+02:00,2026-06-29T05:25:00+02:00,,0.0,0,Sandvika,RUT:Line:270,Asker - Sandvika (- Fornebu),270,bus,RUT:ServiceJourney:91fde61431ce82152319852fdfe7b8c3,False,planned,False,,,,,2026-06-29T04:51:53.120134+02:00
NSR:StopPlace:59616,Asker stasjon,2026-06-29T05:35:00+02:00,2026-06-29T05:35:00+02:00,,0.0,0,Blakstad,RUT:Line:290,Asker - Blakstad,290,bus,RUT:ServiceJourney:0c042d6e59ccc84e25ab3f23b2e3b114,False,planned,False,,,,,2026-06-29T04:51:53.120134+02:00
NSR:StopPlace:59616,Asker stasjon,2026-06-29T05:37:00+02:00,2026-06-29T05:37:00+02:00,,0.0,0,Dikemark,RUT:Line:280,Asker - Dikemark - Heggedal,280,bus,RUT:ServiceJourney:93b60751ddeefe4fbf163556a5f7eff5,False,planned,False,,,,,2026-06-29T04:51:53.120134+02:00
NSR:StopPlace:59616,Asker stasjon,2026-06-29T05:40:00+02:00,2026-06-29T05:40:00+02:00,,0.0,0,Fornebu,RUT:Line:270,Asker - Sandvika (- Fornebu),270,bus,RUT:ServiceJourney:ed8301ea0c90a71ee9fa2ac0590c2c1a,False,planned,False,,,,,2026-06-29T04:51:53.120134+02:00
NSR:StopPlace:59616,Asker stasjon,2026-06-29T05:45:00+02:00,2026-06-29T05:45:00+02:00,,0.0,0,Borgen,RUT:Line:281,Borgen - Asker,281,bus,RUT:ServiceJourney:110749029f51a468fab935b3ad8aad80,False,planned,False,,,,,2026-06-29T04:51:53.120134+02:00
NSR:StopPlace:59616,Asker stasjon,2026-06-29T05:49:00+02:00,2026-06-29T05:49:00+02:00,,0.0,0,Lierbyen - Drammen,BRA:Line:4_6071,Drammen - Stoppen - Lierbyen - Asker,71,bus,BRA:ServiceJourney:6071_260302100126173_1002,False,planned,False,,,,,2026-06-29T04:51:53.120134+02:00
NSR:StopPlace:59616,Asker stasjon,2026-06-29T05:50:00+02:00,2026-06-29T05:50:00+02:00,,0.0,0,Blakstad,RUT:Line:290,Asker - Blakstad,290,bus,RUT:ServiceJourney:bdbb0a2a2820308e526fec284bcaf0d7,False,planned,False,,,,,2026-06-29T04:51:53.120134+02:00
NSR:StopPlace:59616,Asker stasjon,2026-06-29T05:50:00+02:00,2026-06-29T05:50:00+02:00,,0.0,0,Hyggen,RUT:Line:260,Hyggen - Bråset -Slemmestad (- Asker),260,bus,RUT:ServiceJourney:8596a0d48b940c8ac102f1a0e13bab2a,False,planned,False,,,,,2026-06-29T04:51:53.120134+02:00
NSR:StopPlace:59620,Grorud stasjon,2026-06-29T05:32:00+02:00,2026-06-29T05:32:00+02:00,,0.0,0,Oslo S,VYG:Line:L1,Spikkestad-Oslo S-Lillestrøm,L1,rail,VYG:ServiceJourney:BUS-2203_576352-R,False,planned,False,,,,,2026-06-29T04:51:53.120134+02:00
NSR:StopPlace:59620,Grorud stasjon,2026-06-29T05:38:00+02:00,2026-06-29T05:38:00+02:00,,0.0,0,Oslo S,VYG:Line:L1,Spikkestad-Oslo S-Lillestrøm,L1,rail,VYG:ServiceJourney:BUS-2203_576353-R,False,planned,False,,,,,2026-06-29T04:51:53.120134+02:00
NSR:StopPlace:59620,Grorud stasjon,2026-06-29T05:49:00+02:00,2026-06-29T05:49:00+02:00,,0.0,0,Åsbråten,RUT:Line:79,Grorud T - Åsbråten,79,bus,RUT:ServiceJourney:a26171d7f203a015bb50ded38f054c13,False,planned,False,,,,,2026-06-29T04:51:53.120134+02:00
NSR:StopPlace:59635,Hauketo stasjon,2026-06-29T05:25:00+02:00,2026-06-29T05:25:00+02:00,,0.0,0,Holmlia stasjon,RUT:Line:77,Holmlia stasjon - Bjørndal,77,bus,RUT:ServiceJourney:11c51780c5c2efbc07bef346d9897a70,False,planned,False,,,,,2026-06-29T04:51:53.120134+02:00
NSR:StopPlace:59635,Hauketo stasjon,2026-06-29T05:28:00+02:00,2026-06-29T05:28:00+02:00,,0.0,0,Filipstad,RUT:Line:81,Fornebu - Myrvoll stasjon,81,bus,RUT:ServiceJourney:146c6cee6aa579587fc4cf22d8ab75e4,False,planned,False,,,,,2026-06-29T04:51:53.120134+02:00
NSR:StopPlace:59635,Hauketo stasjon,2026-06-29T05:33:00+02:00,2026-06-29T05:33:00+02:00,,0.0,0,Brenna,RUT:Line:73,Holmlia stasjon - Brenna,73,bus,RUT:ServiceJourney:cfebaba91c982fc5b54cc02f119d01b3,False,planned,False,,,,,2026-06-29T04:51:53.120134+02:00
NSR:StopPlace:59635,Hauketo stasjon,2026-06-29T05:33:00+02:00,2026-06-29T05:33:00+02:00,,0.0,0,Grorud T,RUT:Line:79,Grorud T - Åsbråten,79,bus,RUT:ServiceJourney:7c64daa8f483b6fb21bc1dbe1e9ce5c1,False,planned,False,,,,,2026-06-29T04:51:53.120134+02:00
NSR:StopPlace:59635,Hauketo stasjon,2026-06-29T05:35:00+02:00,2026-06-29T05:35:00+02:00,,0.0,0,Bjørndal,RUT:Line:77,Holmlia stasjon - Bjørndal,77,bus,RUT:ServiceJourney:c803f3cd992eae0612aa6d6479539bc2,False,planned,False,,,,,2026-06-29T04:51:53.120134+02:00
NSR:StopPlace:59635,Hauketo stasjon,2026-06-29T05:43:00+02:00,2026-06-29T05:43:00+02:00,,0.0,0,Filipstad,RUT:Line:81,Fornebu - Myrvoll stasjon,81,bus,RUT:ServiceJourney:9073b511a93ff7b4384003a9e3ebe4e9,False,planned,False,,,,,2026-06-29T04:51:53.120134+02:00
NSR:StopPlace:59635,Hauketo stasjon,2026-06-29T05:48:00+02:00,2026-06-29T05:48:00+02:00,,0.0,0,Brenna,RUT:Line:73,Holmlia stasjon - Brenna,73,bus,RUT:ServiceJourney:1bf67d082ec9e3664504c175d80d777a,False,planned,False,,,,,2026-06-29T04:51:53.120134+02:00
NSR:StopPlace:59636,Holmlia stasjon,2026-06-29T05:25:00+02:00,2026-06-29T05:25:00+02:00,,0.0,0,Grorud T,RUT:Line:79,Grorud T - Åsbråten,79,bus,RUT:ServiceJourney:7c64daa8f483b6fb21bc1dbe1e9ce5c1,False,planned,False,,,,,2026-06-29T04:51:53.120134+02:00
NSR:StopPlace:59636,Holmlia stasjon,2026-06-29T05:27:00+02:00,2026-06-29T05:27:00+02:00,,0.0,0,Bjørndal,RUT:Line:77,Holmlia stasjon - Bjørndal,77,bus,RUT:ServiceJourney:c803f3cd992eae0612aa6d6479539bc2,False,planned,False,,,,,2026-06-29T04:51:53.120134+02:00
NSR:StopPlace:59636,Holmlia stasjon,2026-06-29T05:29:00+02:00,2026-06-29T05:29:00+02:00,,0.0,0,Brenna,RUT:Line:73,Holmlia stasjon - Brenna,73,bus,RUT:ServiceJourney:cfebaba91c982fc5b54cc02f119d01b3,False,planned,False,,,,,2026-06-29T04:51:53.120134+02:00
NSR:StopPlace:59636,Holmlia stasjon,2026-06-29T05:42:00+02:00,2026-06-29T05:42:00+02:00,,0.0,0,Krummedike,RUT:Line:2077,Holmlia stasjon - Asperudåsen,77B,bus,RUT:ServiceJourney:9db0a124abae9fa208635b4bbdd1ee63,False,planned,False,,,,,2026-06-29T04:51:53.120134+02:00
NSR:StopPlace:59636,Holmlia stasjon,2026-06-29T05:44:00+02:00,2026-06-29T05:44:00+02:00,,0.0,0,Brenna,RUT:Line:73,Holmlia stasjon - Brenna,73,bus,RUT:ServiceJourney:1bf67d082ec9e3664504c175d80d777a,False,planned,False,,,,,2026-06-29T04:51:53.120134+02:00
NSR:StopPlace:59638,Myrvoll stasjon,2026-06-29T05:05:00+02:00,2026-06-29T05:05:00+02:00,,0.0,0,Filipstad,RUT:Line:81,Fornebu - Myrvoll stasjon,81,bus,RUT:ServiceJourney:146c6cee6aa579587fc4cf22d8ab75e4,False,planned,False,,,,,2026-06-29T04:51:53.120134+02:00
NSR:StopPlace:59638,Myrvoll stasjon,2026-06-29T05:20:00+02:00,2026-06-29T05:20:00+02:00,,0.0,0,Filipstad,RUT:Line:81,Fornebu - Myrvoll stasjon,81,bus,RUT:ServiceJourney:9073b511a93ff7b4384003a9e3ebe4e9,False,planned,False,,,,,2026-06-29T04:51:53.120134+02:00
NSR:StopPlace:59638,Myrvoll stasjon,2026-06-29T05:35:00+02:00,2026-06-29T05:35:00+02:00,,0.0,0,Filipstad,RUT:Line:81,Fornebu - Myrvoll stasjon,81,bus,RUT:ServiceJourney:6588b415279720fd84fa8f7d5740b3a1,False,planned,False,,,,,2026-06-29T04:51:53.120134+02:00
NSR:StopPlace:59638,Myrvoll stasjon,2026-06-29T05:45:00+02:00,2026-06-29T05:45:00+02:00,,0.0,0,Fornebu,RUT:Line:81,Fornebu - Myrvoll stasjon,81,bus,RUT:ServiceJourney:769d6b4ee154478ac99d4802ce325a40,False,planned,False,,,,,2026-06-29T04:51:53.120134+02:00
NSR:StopPlace:59639,Sonsveien stasjon,2026-06-29T04:32:00+02:00,2026-06-29T04:32:00+02:00,,0.0,0,Oslo lufthavn,VYX:Line:56,FB11 Fredrikstad-Oslo Lufthavn (OSL),FB11,bus,VYX:ServiceJourney:d0632a4f04d09e0b1731ed20d0dae6e543ec1aa0,False,planned,False,Forhåndsbestilling FB11,Billett må kjøpes på nett eller app senest 15 minutter før påstigning for at bussen skal kjøre innom holdeplassen. Ruter-billett er ikke gyldig. ,general,normal,2026-06-29T04:51:53.120134+02:00
NSR:StopPlace:59639,Sonsveien stasjon,2026-06-29T05:12:00+02:00,2026-06-29T05:12:00+02:00,,0.0,0,Vestby stasjon,RUT:Line:540,Moss - Son - Vestby stasjon,540,bus,RUT:ServiceJourney:ff0cae76db5348345647adb0d13c5058,False,planned,False,,,,,2026-06-29T04:51:53.120134+02:00
NSR:StopPlace:59639,Sonsveien stasjon,2026-06-29T05:32:00+02:00,2026-06-29T05:32:00+02:00,,0.0,0,Oslo lufthavn,VYX:Line:56,FB11 Fredrikstad-Oslo Lufthavn (OSL),FB11,bus,VYX:ServiceJourney:2352c03f579b43d7b39fadb44f5901a7e6f67638,False,planned,False,Forhåndsbestilling FB11,Billett må kjøpes på nett eller app senest 15 minutter før påstigning for at bussen skal kjøre innom holdeplassen. Ruter-billett er ikke gyldig. ,general,normal,2026-06-29T04:51:53.120134+02:00
NSR:StopPlace:59639,Sonsveien stasjon,2026-06-29T05:42:00+02:00,2026-06-29T05:42:00+02:00,,0.0,0,Vestby stasjon,RUT:Line:540,Moss - Son - Vestby stasjon,540,bus,RUT:ServiceJourney:6c9a3d699b5ab58f09fb3ebfeffe1ec7,False,planned,False,,,,,2026-06-29T04:51:53.120134+02:00
NSR:StopPlace:58404,Nationaltheatret,2026-06-29T05:17:00+02:00,2026-06-29T05:17:00+02:00,,0.0,0,Kjelsås,RUT:Line:3912,Majorstuen - Kjelsås,12N,bus,RUT:ServiceJourney:758b15babbd49a4cdc30b5f85ab7eeed,False,planned,False,,,,,2026-06-29T04:51:53.120134+02:00
NSR:StopPlace:58404,Nationaltheatret,2026-06-29T05:29:00+02:00,2026-06-29T05:29:00+02:00,,0.0,0,Vestli,RUT:Line:5,Sognsvann - Vestli,5,metro,RUT:ServiceJourney:0891641de9408d18a022b9c4b76419a4,False,planned,False,,,,,2026-06-29T04:51:53.120134+02:00
NSR:StopPlace:58404,Nationaltheatret,2026-06-29T05:33:00+02:00,2026-06-29T05:33:00+02:00,,0.0,0,Vestli via Majorstuen,RUT:Line:4,Vestli - Bergkrystallen,4,metro,RUT:ServiceJourney:b0f98747ac49994f47bf4d87fda2a2d1,False,planned,False,Buss for bane mellom Ryen og Bergkrystallen,Buss for bane 4B kjører mellom Ryen og Bergkrystallen. ,incident,normal,2026-06-29T04:51:53.120134+02:00
NSR:StopPlace:58404,Nationaltheatret,2026-06-29T05:36:00+02:00,2026-06-29T05:36:00+02:00,,0.0,0,Myrvoll stasjon,RUT:Line:81,Fornebu - Myrvoll stasjon,81,bus,RUT:ServiceJourney:327f7e7fc154e86f7a41bbd34a74626a,False,planned,False,,,,,2026-06-29T04:51:53.120134+02:00
NSR:StopPlace:58404,Nationaltheatret,2026-06-29T05:38:00+02:00,2026-06-29T05:38:00+02:00,,0.0,0,Ljabru,RUT:Line:13,Bekkestua - Ljabru,13,tram,RUT:ServiceJourney:6a08917e31fb67be9218802e00659f81,False,planned,False,,,,,2026-06-29T04:51:53.120134+02:00
NSR:StopPlace:58404,Nationaltheatret,2026-06-29T05:40:00+02:00,2026-06-29T05:40:00+02:00,,0.0,0,Frognerseteren,RUT:Line:1,Frognerseteren - Bergkrystallen,1,metro,RUT:ServiceJourney:e3bd300835cc2ac568d6b3bdc47bd406,False,planned,False,Buss for bane mellom Ryen og Bergkrystallen,Buss for bane 4B kjører mellom Ryen og Bergkrystallen. ,incident,normal,2026-06-29T04:51:53.120134+02:00
NSR:StopPlace:58635,Stockholm Centralstation,2026-06-29T05:47:00+02:00,2026-06-29T05:47:00+02:00,,0.0,0,Karlstad-Oslo,SJV:Line:cfac9102-49ef-476c-8663-a6d468ee4f36,Stockholm-Hallsberg-Karlstad-Oslo,70,rail,SJV:ServiceJourney:6a1cad30-589d-4caf-b7c2-bb5a062db05d,False,planned,False,,,,,2026-06-29T04:51:53.120134+02:00
NSR:StopPlace:58954,Fauske stasjon,2026-06-29T05:05:00+02:00,2026-06-29T05:05:00+02:00,,0.0,0,Bodø lufthavn,NOR:Line:12_8100,Bodø - Fauske - Narvik/Sortland,100,bus,NOR:ServiceJourney:8100_260126119354513_2005,False,planned,False,,,,,2026-06-29T04:51:53.120134+02:00
NSR:StopPlace:58958,Rognan stasjon,2026-06-29T05:35:00+02:00,2026-06-29T05:35:00+02:00,,0.0,0,Bodø,SJN:Line:79,Saltenpendelen,R75,rail,SJN:ServiceJourney:1781_48207-R,False,planned,False,,,,,2026-06-29T04:51:53.120134+02:00
NSR:StopPlace:58963,Jessheim stasjon,2026-06-29T05:25:00+02:00,2026-06-29T05:25:00+02:00,,0.0,0,Eidsvoll,RUT:Line:430,Eidsvoll - Jessheim,430,bus,RUT:ServiceJourney:69e2efb17b866e61169d1538345ffef1,False,planned,False,,,,,2026-06-29T04:51:53.120134+02:00
NSR:StopPlace:58963,Jessheim stasjon,2026-06-29T05:28:00+02:00,2026-06-29T05:28:00+02:00,,0.0,0,Fenstad,RUT:Line:440,Fenstad/Nordkisa - Oslo lufthavn,440,bus,RUT:ServiceJourney:d58008c7b92250dc6654ec6b4ee9cfcc,False,planned,False,,,,,2026-06-29T04:51:53.120134+02:00
NSR:StopPlace:58963,Jessheim stasjon,2026-06-29T05:31:00+02:00,2026-06-29T05:31:00+02:00,,0.0,0,Oslo lufthavn,RUT:Line:440,Fenstad/Nordkisa - Oslo lufthavn,440,bus,RUT:ServiceJourney:f892555753f36e1cf531533a651daa72,False,planned,False,,,,,2026-06-29T04:51:53.120134+02:00
NSR:StopPlace:58964,Kløfta stasjon,2026-06-29T05:39:00+02:00,2026-06-29T05:39:00+02:00,,0.0,0,Ask,RUT:Line:405,Kløfta - Ask terminal,405,bus,RUT:ServiceJourney:945a8ca28830f6c4a7daf08ce7b56590,False,planned,False,,,,,2026-06-29T04:51:53.120134+02:00
NSR:StopPlace:58964,Kløfta stasjon,2026-06-29T05:51:00+02:00,2026-06-29T05:51:00+02:00,,0.0,0,Kløfta,RUT:Line:425,Kløfta – Oslo lufthavn,425,bus,RUT:ServiceJourney:d4e5975ac9a74a9160ac93831c44a16c,False,planned,False,,,,,2026-06-29T04:51:53.120134+02:00
NSR:StopPlace:58921,Vennesla stasjon,2026-06-29T05:51:00+02:00,2026-06-29T05:51:00+02:00,,0.0,0,Kristiansand,AKT:Line:31,Kvadraturen - Sødal - Vennesla,31,bus,AKT:ServiceJourney:74657_42_44_40920_43020_3950001,False,planned,False,,,,,2026-06-29T04:51:53.120134+02:00
NSR:StopPlace:58924,Bryne stasjon,2026-06-29T05:49:00+02:00,2026-06-29T05:49:00+02:00,,0.0,0,Egersund,GOA:Line:59,Jærbanen,L5,rail,GOA:ServiceJourney:3006_63037-R,False,planned,False,,,,,2026-06-29T04:51:53.120134+02:00
NSR:StopPlace:58924,Bryne stasjon,2026-06-29T05:50:00+02:00,2026-06-29T05:50:00+02:00,,0.0,0,Stavanger,GOA:Line:59,Jærbanen,L5,rail,GOA:ServiceJourney:3003_63034-R,False,planned,False,,,,,2026-06-29T04:51:53.120134+02:00
NSR:StopPlace:58925,Gausel stasjon,2026-06-29T04:36:00+02:00,2026-06-29T04:36:00+02:00,,0.0,0,Risavika via Stavanger,KOL:Line:8_1002,2,2,bus,KOL:ServiceJourney:1002_260519092836721_6034,False,planned,False,,,,,2026-06-29T04:51:53.120134+02:00
NSR:StopPlace:58925,Gausel stasjon,2026-06-29T04:49:00+02:00,2026-06-29T04:49:00+02:00,,0.0,0,Sandnes via Varatun,KOL:Line:8_1002,2,2,bus,KOL:ServiceJourney:1002_260519092836442_5037,False,planned,False,,,,,2026-06-29T04:51:53.120134+02:00
NSR:StopPlace:58925,Gausel stasjon,2026-06-29T05:25:00+02:00,2026-06-29T05:25:00+02:00,,0.0,0,Egersund,GOA:Line:59,Jærbanen,L5,rail,GOA:ServiceJourney:3006_63037-R,False,planned,False,,,,,2026-06-29T04:51:53.120134+02:00
NSR:StopPlace:58925,Gausel stasjon,2026-06-29T05:36:00+02:00,2026-06-29T05:36:00+02:00,,0.0,0,Risavika via Stavanger,KOL:Line:8_1002,2,2,bus,KOL:ServiceJourney:1002_260519092836673_2092,False,planned,False,,,,,2026-06-29T04:51:53.120134+02:00
NSR:StopPlace:58925,Gausel stasjon,2026-06-29T05:51:00+02:00,2026-06-29T05:51:00+02:00,,0.0,0,Risavika via Stavanger,KOL:Line:8_1002,2,2,bus,KOL:ServiceJourney:1002_260519092836562_2000,False,planned,False,,,,,2026-06-29T04:51:53.120134+02:00
NSR:StopPlace:58927,Flåm stasjon,2026-06-29T04:45:00+02:00,2026-06-29T04:45:00+02:00,,0.0,0,Bergen,VYX:Line:31,VY450 Bergen-Fagernes-Oslo,VY450,coach,VYX:ServiceJourney:c9fc489e497686b7713662f2db635b18fd2f00b3,False,planned,False,Forhåndsbestilling Vy,Billett må kjøpes på nett eller app senest 15 minutter før påstigning for at bussen skal kjøre innom holdeplassen.,general,normal,2026-06-29T04:51:53.120134+02:00
NSR:StopPlace:58931,Fannrem stasjon,2026-06-29T05:00:00+02:00,2026-06-29T05:00:00+02:00,,0.0,0,Trondheim S via Orkanger skysst.,ATB:Line:2_310,Trondheim - Orkanger - Fannrem,310,bus,ATB:ServiceJourney:310_250212077044787_3,False,planned,False,,,,,2026-06-29T04:51:53.120134+02:00
NSR:StopPlace:58931,Fannrem stasjon,2026-06-29T05:35:00+02:00,2026-06-29T05:35:00+02:00,,0.0,0,Trondheim S via Orkanger skysst.,ATB:Line:2_310,Trondheim - Orkanger - Fannrem,310,bus,ATB:ServiceJourney:310_250212077045192_23,False,planned,False,,,,,2026-06-29T04:51:53.120134+02:00
NSR:StopPlace:58931,Fannrem stasjon,2026-06-29T05:50:00+02:00,2026-06-29T05:50:00+02:00,,0.0,0,Trondheim S via Orkanger skysst.,ATB:Line:2_310,Trondheim - Orkanger - Fannrem,310,bus,ATB:ServiceJourney:310_250212077044789_9,False,planned,False,,,,,2026-06-29T04:51:53.120134+02:00
NSR:StopPlace:58947,Steinkjer stasjon,2026-06-29T05:34:00+02:00,2026-06-29T05:34:00+02:00,,0.0,0,Melhus skysstasjon,SJN:Line:26,Trønderbanen,R70,rail,SJN:ServiceJourney:422-STK_45430-R,False,planned,False,,,,,2026-06-29T04:51:53.120134+02:00
NSR:StopPlace:58948,Stjørdal stasjon,2026-06-29T05:30:00+02:00,2026-06-29T05:30:00+02:00,,0.0,0,Trondheim,ATB:Line:2_311,Stjørdal - Trondheim,311,bus,ATB:ServiceJourney:311_260423123354205_4,False,planned,False,,,,,2026-06-29T04:51:53.120134+02:00
NSR:StopPlace:58948,Stjørdal stasjon,2026-06-29T05:37:00+02:00,2026-06-29T05:37:00+02:00,,0.0,0,Marienborg via Hommelv.-Solsiden,ATB:Line:2_70,Stjørdal/Hommelvik- Trondheim,70,bus,ATB:ServiceJourney:70_260220118154630_2,False,planned,False,,,,,2026-06-29T04:51:53.120134+02:00
NSR:StopPlace:58794,Fredrikstad stasjon,2026-06-29T05:10:00+02:00,2026-06-29T05:10:00+02:00,,0.0,0,Kalnes,OST:Line:1_4,Fredrikstad - Kalnes,4,bus,OST:ServiceJourney:4_260315123703466_1,False,planned,False,,,,,2026-06-29T04:51:53.120134+02:00
NSR:StopPlace:58795,Kambo stasjon,2026-06-29T04:55:00+02:00,2026-06-29T04:55:00+02:00,,0.0,0,Skredderåsen-Moss sentrum,OST:Line:1_22,Skredderåsen-Kambo,22,bus,OST:ServiceJourney:22_260315123706260_2,False,planned,False,,,,,2026-06-29T04:51:53.120134+02:00
NSR:StopPlace:58795,Kambo stasjon,2026-06-29T05:30:00+02:00,2026-06-29T05:30:00+02:00,,0.0,0,Skredderåsen-Moss sentrum,OST:Line:1_22,Skredderåsen-Kambo,22,bus,OST:ServiceJourney:22_260315123706266_4,False,planned,False,,,,,2026-06-29T04:51:53.120134+02:00
NSR:StopPlace:58796,Moss stasjon,2026-06-29T05:25:00+02:00,2026-06-29T05:25:00+02:00,,0.0,0,Moss sentrum,OST:Line:1_20,Refsnes,20,bus,OST:ServiceJourney:20_260315123706130_2,False,planned,False,,,,,2026-06-29T04:51:53.120134+02:00
NSR:StopPlace:58796,Moss stasjon,2026-06-29T05:33:00+02:00,2026-06-29T05:33:00+02:00,,0.0,0,Moss sentrum,OST:Line:1_24,Varnaveien-Øreåsen,24,bus,OST:ServiceJourney:24_260315123706406_2,False,planned,False,,,,,2026-06-29T04:51:53.120134+02:00
NSR:StopPlace:58796,Moss stasjon,2026-06-29T05:38:00+02:00,2026-06-29T05:38:00+02:00,,0.0,0,Refsnes,OST:Line:1_20,Refsnes,20,bus,OST:ServiceJourney:20_260315123706085_1,False,planned,False,,,,,2026-06-29T04:51:53.120134+02:00
NSR:StopPlace:58832,Geilo stasjon,2026-06-29T05:45:00+02:00,2026-06-29T05:45:00+02:00,,0.0,0,Oslo,VYX:Line:38,VY175 Geilo-Oslo,VY175,coach,VYX:ServiceJourney:cfa943c305feb0ebf70f7a62ee4417d427752990,False,planned,False,VY175 - Geilo stasjon,Busstoppet ligger ved Geilovegen nedenfor stasjonen.,general,normal,2026-06-29T04:51:53.120134+02:00
NSR:StopPlace:58836,Mjøndalen stasjon,2026-06-29T05:06:00+02:00,2026-06-29T05:06:00+02:00,,0.0,0,Drammen sykehus,BRA:Line:4_6001,Drammen sykehus Brakerøya - Sørensvingen / Mjøndalen,1,bus,BRA:ServiceJourney:6001_260302100127222_1000,False,planned,False, Holdeplass Fevang skal oppgraderes. Les mer på brakar.no,,general,normal,2026-06-29T04:51:53.120134+02:00
NSR:StopPlace:58836,Mjøndalen stasjon,2026-06-29T05:36:00+02:00,2026-06-29T05:36:00+02:00,,0.0,0,Drammen sykehus,BRA:Line:4_6001,Drammen sykehus Brakerøya - Sørensvingen / Mjøndalen,1,bus,BRA:ServiceJourney:6001_260302100127223_1002,False,planned,False, Holdeplass Fevang skal oppgraderes. Les mer på brakar.no,,general,normal,2026-06-29T04:51:53.120134+02:00
NSR:StopPlace:58838,Røyken stasjon,2026-06-29T05:15:00+02:00,2026-06-29T05:15:00+02:00,,0.0,0,Asker,RUT:Line:260,Hyggen - Bråset -Slemmestad (- Asker),260,bus,RUT:ServiceJourney:34fbe405f3ead1916069a2ecd51f0ed7,False,planned,False,,,,,2026-06-29T04:51:53.120134+02:00
NSR:StopPlace:58838,Røyken stasjon,2026-06-29T05:37:00+02:00,2026-06-29T05:37:00+02:00,,0.0,0,Drammen,RUT:Line:261,Drammen - Lahell - Røyken - Sætre,261,bus,RUT:ServiceJourney:45d6c1b6a20d65269473920db5ec10ce,False,planned,False,,,,,2026-06-29T04:51:53.120134+02:00
NSR:StopPlace:58844,Eidsvoll stasjon,2026-06-29T05:15:00+02:00,2026-06-29T05:15:00+02:00,,0.0,0,Jessheim,RUT:Line:430,Eidsvoll - Jessheim,430,bus,RUT:ServiceJourney:3a942b90aae8e1fef05874fcc8b147ae,False,planned,False,,,,,2026-06-29T04:51:53.120134+02:00
NSR:StopPlace:58844,Eidsvoll stasjon,2026-06-29T05:45:00+02:00,2026-06-29T05:45:00+02:00,,0.0,0,Jessheim,RUT:Line:430,Eidsvoll - Jessheim,430,bus,RUT:ServiceJourney:5ab22b62f814aeb9145e0c6d02547241,False,planned,False,,,,,2026-06-29T04:51:53.120134+02:00
NSR:StopPlace:58845,Eidsvoll verk stasjon,2026-06-29T05:31:00+02:00,2026-06-29T05:31:00+02:00,,0.0,0,Jessheim,RUT:Line:430,Eidsvoll - Jessheim,430,bus,RUT:ServiceJourney:3a942b90aae8e1fef05874fcc8b147ae,False,planned,False,,,,,2026-06-29T04:51:53.120134+02:00
NSR:StopPlace:58847,Frogner stasjon,2026-06-29T05:43:00+02:00,2026-06-29T05:43:00+02:00,,0.0,0,Skedsmokorset,RUT:Line:365,Sørumsand - Frogner - Skedsmokorset,365,bus,RUT:ServiceJourney:c113784ff0f4708b46f208082f083b9b,False,planned,False,,,,,2026-06-29T04:51:53.120134+02:00
NSR:StopPlace:58848,Haga stasjon,2026-06-29T05:36:00+02:00,2026-06-29T05:36:00+02:00,,0.0,0,Årnes,RUT:Line:455,Årnes -Rånåsfoss,455,bus,RUT:ServiceJourney:315cba9f39b35750e6f3e8ce7e36b4ad,False,planned,False,,,,,2026-06-29T04:51:53.120134+02:00
NSR:StopPlace:58849,Hakadal stasjon,2026-06-29T05:23:00+02:00,2026-06-29T05:23:00+02:00,,0.0,0,Oslo bussterminal,RUT:Line:390,Kongskog/Hellerudhaugen - Oslo bussterminal,390,bus,RUT:ServiceJourney:b81d163649e4c0f6ce845243ddd73887,False,planned,False,,,,,2026-06-29T04:51:53.120134+02:00
NSR:StopPlace:58853,Kolbotn stasjon,2026-06-29T05:19:00+02:00,2026-06-29T05:19:00+02:00,,0.0,0,Bjørvika,RUT:Line:83,Jernbanetorget - Tårnåsen,83,bus,RUT:ServiceJourney:6536bb0c18807fa57162ffdea5f6afa8,False,planned,False,Linje 80E og 83 får Hausmanns bru som ny endeholdeplass fra 29. juni,"Bussene stopper ikke på Jernbanetorget etter 29. juni, men starter og stopper på Hausmanns bru i Nylandsveien.",incident,normal,2026-06-29T04:51:53.120134+02:00
NSR:StopPlace:58853,Kolbotn stasjon,2026-06-29T05:37:00+02:00,2026-06-29T05:37:00+02:00,,0.0,0,Tårnåsen,RUT:Line:83,Jernbanetorget - Tårnåsen,83,bus,RUT:ServiceJourney:a5699052d2bae1d8eb6c552ef306cc1a,False,planned,False,Linje 80E og 83 får Hausmanns bru som ny endeholdeplass fra 29. juni,"Bussene stopper ikke på Jernbanetorget etter 29. juni, men starter og stopper på Hausmanns bru i Nylandsveien.",incident,normal,2026-06-29T04:51:53.120134+02:00
NSR:StopPlace:58853,Kolbotn stasjon,2026-06-29T05:41:00+02:00,2026-06-29T05:41:00+02:00,,0.0,0,Hauketo stasjon,RUT:Line:87,Hauketo stasjon - Kolbotn,87,bus,RUT:ServiceJourney:63355fdf27adcfc53766607132f28aee,False,planned,False,,,,,2026-06-29T04:51:53.120134+02:00
NSR:StopPlace:58853,Kolbotn stasjon,2026-06-29T05:49:00+02:00,2026-06-29T05:49:00+02:00,,0.0,0,Bjørvika,RUT:Line:83,Jernbanetorget - Tårnåsen,83,bus,RUT:ServiceJourney:3061382978476cbad8719238ee834ec0,False,planned,False,Linje 80E og 83 får Hausmanns bru som ny endeholdeplass fra 29. juni,"Bussene stopper ikke på Jernbanetorget etter 29. juni, men starter og stopper på Hausmanns bru i Nylandsveien.",incident,normal,2026-06-29T04:51:53.120134+02:00
NSR:StopPlace:58854,Langhus stasjon,2026-06-29T05:24:00+02:00,2026-06-29T05:24:00+02:00,,0.0,0,Drøbak - Seiersten,RUT:Line:510,Bøleråsen - Ski - Ås - Drøbak,510,bus,RUT:ServiceJourney:f8cfd849999d5838fbde90c1bca5750f,False,planned,False,,,,,2026-06-29T04:51:53.120134+02:00
NSR:StopPlace:58854,Langhus stasjon,2026-06-29T05:39:00+02:00,2026-06-29T05:39:00+02:00,,0.0,0,Drøbak - Frogn vgs.,RUT:Line:510,Bøleråsen - Ski - Ås - Drøbak,510,bus,RUT:ServiceJourney:04db12c3e1a891bf668e891792e755af,False,planned,False,,,,,2026-06-29T04:51:53.120134+02:00
NSR:StopPlace:58856,Lysaker stasjon,2026-06-29T04:27:00+02:00,2026-06-29T04:27:00+02:00,,0.0,0,Notodden,VYX:Line:20,VY1 Notodden-Oslo,VY1,coach,VYX:ServiceJourney:7b2e1168b1d2fb33c9710f40f86c4f3671750d7a,False,planned,False,Forhåndsbestilling Vy,Billett må kjøpes på nett eller app senest 15 minutter før påstigning for at bussen skal kjøre innom holdeplassen.,general,normal,2026-06-29T04:51:53.120134+02:00
NSR:StopPlace:58856,Lysaker stasjon,2026-06-29T04:56:00+02:00,2026-06-29T04:56:00+02:00,,0.0,0,Torpekspressen - Torp airport,UNI:Line:UE2,Oslo Bussterminal - Torp Lufhavn,FB25,bus,UNI:ServiceJourney:UE2-167324-45977597,False,planned,False,,,,,2026-06-29T04:51:53.120134+02:00
NSR:StopPlace:58856,Lysaker stasjon,2026-06-29T05:27:00+02:00,2026-06-29T05:27:00+02:00,,0.0,0,Notodden,VYX:Line:20,VY1 Notodden-Oslo,VY1,coach,VYX:ServiceJourney:7455cd859bddeae0ca765531f85d2e8289d0dab6,False,planned,False,Forhåndsbestilling Vy,Billett må kjøpes på nett eller app senest 15 minutter før påstigning for at bussen skal kjøre innom holdeplassen.,general,normal,2026-06-29T04:51:53.120134+02:00
NSR:StopPlace:58856,Lysaker stasjon,2026-06-29T05:30:00+02:00,2026-06-29T05:30:00+02:00,,0.0,0,Tjuvholmen,RUT:Line:42,Voksen skog - Tjuvholmen,42,bus,RUT:ServiceJourney:b74a35117f1e9d07c35025fa562c6cc1,False,planned,False,,,,,2026-06-29T04:51:53.120134+02:00
NSR:StopPlace:58856,Lysaker stasjon,2026-06-29T05:32:00+02:00,2026-06-29T05:32:00+02:00,,0.0,0,Grorud T,RUT:Line:31,Snarøya - Fornebu - Tonsenhagen - Grorud,31,bus,RUT:ServiceJourney:765b7efd5dc82448a16483d5a1c06bab,False,planned,False,,,,,2026-06-29T04:51:53.120134+02:00
NSR:StopPlace:58856,Lysaker stasjon,2026-06-29T05:35:00+02:00,2026-06-29T05:35:00+02:00,,0.0,0,Gullhaug,RUT:Line:150,Gullhaug - Nationaltheatret,150,bus,RUT:ServiceJourney:24a3ec4ef2bc2ae51c30c6149bf30b2c,False,planned,False,,,,,2026-06-29T04:51:53.120134+02:00
NSR:StopPlace:58856,Lysaker stasjon,2026-06-29T05:41:00+02:00,2026-06-29T05:41:00+02:00,,0.0,0,Skøyen,RUT:Line:130,Sandvika -Skøyen,130,bus,RUT:ServiceJourney:b51ed633792f9d954444e2447142f9f4,False,planned,False,,,,,2026-06-29T04:51:53.120134+02:00
NSR:StopPlace:58856,Lysaker stasjon,2026-06-29T05:42:00+02:00,2026-06-29T05:42:00+02:00,,0.0,0,Tonsenhagen,RUT:Line:31,Snarøya - Fornebu - Tonsenhagen - Grorud,31,bus,RUT:ServiceJourney:24205f920a18af0082cd8e362f68870c,False,planned,False,,,,,2026-06-29T04:51:53.120134+02:00
NSR:StopPlace:58856,Lysaker stasjon,2026-06-29T05:48:00+02:00,2026-06-29T05:48:00+02:00,,0.0,0,Skøyen,RUT:Line:140,Bekkestua - Østerås - Skøyen,140,bus,RUT:ServiceJourney:6a1453b7de49bd71550d63aad7c2fcef,False,planned,False,,,,,2026-06-29T04:51:53.120134+02:00
NSR:StopPlace:58857,Lørenskog stasjon,2026-06-29T05:31:00+02:00,2026-06-29T05:31:00+02:00,,0.0,0,Oslo S,VYG:Line:L1,Spikkestad-Oslo S-Lillestrøm,L1,rail,VYG:ServiceJourney:BUS-2203_576353-R,False,planned,False,,,,,2026-06-29T04:51:53.120134+02:00
NSR:StopPlace:58857,Lørenskog stasjon,2026-06-29T05:37:00+02:00,2026-06-29T05:37:00+02:00,,0.0,0,Nesåsen,RUT:Line:120,Nesåsen - Stovner,120,bus,RUT:ServiceJourney:a36f09b88900ca8aa860c9dc65a1f65f,False,planned,False,,,,,2026-06-29T04:51:53.120134+02:00
NSR:StopPlace:58857,Lørenskog stasjon,2026-06-29T05:43:00+02:00,2026-06-29T05:43:00+02:00,,0.0,0,Stovner,RUT:Line:120,Nesåsen - Stovner,120,bus,RUT:ServiceJourney:a45f11e0fcd149c62eb1ecdf9183c33b,False,planned,False,,,,,2026-06-29T04:51:53.120134+02:00
NSR:StopPlace:58858,Nittedal stasjon,2026-06-29T05:20:00+02:00,2026-06-29T05:20:00+02:00,,0.0,0,Lørenskog sentrum,RUT:Line:385,Nittedal stasjon - Olavsgaard - Ahus,385,bus,RUT:ServiceJourney:4588219891643e38756ff84678733e7a,False,planned,False,,,,,2026-06-29T04:51:53.120134+02:00
NSR:StopPlace:58858,Nittedal stasjon,2026-06-29T05:50:00+02:00,2026-06-29T05:50:00+02:00,,0.0,0,Lørenskog sentrum,RUT:Line:385,Nittedal stasjon - Olavsgaard - Ahus,385,bus,RUT:ServiceJourney:f25bc06b2cb670bf6ee2a5d4d77ab390,False,planned,False,,,,,2026-06-29T04:51:53.120134+02:00
NSR:StopPlace:58851,Heggedal stasjon,2026-06-29T05:22:00+02:00,2026-06-29T05:22:00+02:00,,0.0,0,Asker,RUT:Line:285,Heggedal - Blakstad - Asker,285,bus,RUT:ServiceJourney:d075d5048208507aaa6095471cc951c1,False,planned,False,,,,,2026-06-29T04:51:53.120134+02:00
NSR:StopPlace:58851,Heggedal stasjon,2026-06-29T05:29:00+02:00,2026-06-29T05:29:00+02:00,,0.0,0,Asker,RUT:Line:280,Asker - Dikemark - Heggedal,280,bus,RUT:ServiceJourney:91e82d75fe526d2226dbca310aee2678,False,planned,False,,,,,2026-06-29T04:51:53.120134+02:00
NSR:StopPlace:58864,Sørumsand stasjon,2026-06-29T05:21:00+02:00,2026-06-29T05:21:00+02:00,,0.0,0,Skedsmokorset,RUT:Line:365,Sørumsand - Frogner - Skedsmokorset,365,bus,RUT:ServiceJourney:c113784ff0f4708b46f208082f083b9b,False,planned,False,,,,,2026-06-29T04:51:53.120134+02:00
NSR:StopPlace:58864,Sørumsand stasjon,2026-06-29T05:49:00+02:00,2026-06-29T05:49:00+02:00,,0.0,0,Blaker ring,RUT:Line:370,Sørumsand - Blaker - Sørumsand,370A,bus,RUT:ServiceJourney:d8519f6853f0c61d03c15c6710c1a280,False,planned,False,,,,,2026-06-29T04:51:53.120134+02:00
NSR:StopPlace:58864,Sørumsand stasjon,2026-06-29T05:51:00+02:00,2026-06-29T05:51:00+02:00,,0.0,0,Skedsmokorset,RUT:Line:365,Sørumsand - Frogner - Skedsmokorset,365,bus,RUT:ServiceJourney:41ef57573d2750374512285e4597a91b,False,planned,False,,,,,2026-06-29T04:51:53.120134+02:00
NSR:StopPlace:58865,Vestby stasjon,2026-06-29T05:20:00+02:00,2026-06-29T05:20:00+02:00,,0.0,0,Randem,RUT:Line:533,Randem - Vestby stasjon,533,bus,RUT:ServiceJourney:f3f7ec3f73ee1cbe5f3f01fcd98bb15c,False,planned,False,"Fra 29. juni: Buss 530, 533, 545A og 545B har endrede rutetider lørdag og søndag morgen.","Dette skyldes endret kjøremønster på sommeren for korresponderende tog fra Sonsveien stasjon og Vestby stasjon. Benytt reiseplanleggeren for detaljer rundt din reise,",general,normal,2026-06-29T04:51:53.120134+02:00
NSR:StopPlace:58865,Vestby stasjon,2026-06-29T05:50:00+02:00,2026-06-29T05:50:00+02:00,,0.0,0,Randem,RUT:Line:533,Randem - Vestby stasjon,533,bus,RUT:ServiceJourney:c092ad1175d2d30525d754f49d6f1997,False,planned,False,"Fra 29. juni: Buss 530, 533, 545A og 545B har endrede rutetider lørdag og søndag morgen.","Dette skyldes endret kjøremønster på sommeren for korresponderende tog fra Sonsveien stasjon og Vestby stasjon. Benytt reiseplanleggeren for detaljer rundt din reise,",general,normal,2026-06-29T04:51:53.120134+02:00
NSR:StopPlace:58865,Vestby stasjon,2026-06-29T05:50:00+02:00,2026-06-29T05:50:00+02:00,,0.0,0,Moss,RUT:Line:540,Moss - Son - Vestby stasjon,540,bus,RUT:ServiceJourney:436302ca0bafcaea4b034e4e83d9871a,False,planned,False,,,,,2026-06-29T04:51:53.120134+02:00
NSR:StopPlace:58866,Vevelstad stasjon,2026-06-29T05:21:00+02:00,2026-06-29T05:21:00+02:00,,0.0,0,Drøbak - Seiersten,RUT:Line:510,Bøleråsen - Ski - Ås - Drøbak,510,bus,RUT:ServiceJourney:f8cfd849999d5838fbde90c1bca5750f,False,planned,False,,,,,2026-06-29T04:51:53.120134+02:00
NSR:StopPlace:58866,Vevelstad stasjon,2026-06-29T05:36:00+02:00,2026-06-29T05:36:00+02:00,,0.0,0,Drøbak - Frogn vgs.,RUT:Line:510,Bøleråsen - Ski - Ås - Drøbak,510,bus,RUT:ServiceJourney:04db12c3e1a891bf668e891792e755af,False,planned,False,,,,,2026-06-29T04:51:53.120134+02:00
NSR:StopPlace:58866,Vevelstad stasjon,2026-06-29T05:51:00+02:00,2026-06-29T05:51:00+02:00,,0.0,0,Drøbak - Seiersten,RUT:Line:510,Bøleråsen - Ski - Ås - Drøbak,510,bus,RUT:ServiceJourney:6cab17daf24462c16df119bc20063fc2,False,planned,False,,,,,2026-06-29T04:51:53.120134+02:00
NSR:StopPlace:58868,Årnes stasjon,2026-06-29T05:34:00+02:00,2026-06-29T05:34:00+02:00,,0.0,0,Oslo lufthavn,RUT:Line:450,Årnes - Oslo lufthavn,450,bus,RUT:ServiceJourney:8eabf15b929daaafba1835d935f56c42,False,planned,False,,,,,2026-06-29T04:51:53.120134+02:00
NSR:StopPlace:58868,Årnes stasjon,2026-06-29T05:41:00+02:00,2026-06-29T05:41:00+02:00,,0.0,0,Rånåsfoss,RUT:Line:455,Årnes -Rånåsfoss,455,bus,RUT:ServiceJourney:0c1e02a84f0f1b308398b210a5361d5f,False,planned,False,,,,,2026-06-29T04:51:53.120134+02:00
NSR:StopPlace:58869,Ås stasjon,2026-06-29T05:50:00+02:00,2026-06-29T05:50:00+02:00,,0.0,0,Dyster/Eldor,RUT:Line:536,Dyster/Eldor - Ås stasjon,536,bus,RUT:ServiceJourney:fd75672899302d78f053c5dd765b75d8,False,planned,False,,,,,2026-06-29T04:51:53.120134+02:00
NSR:StopPlace:58861,Solbråtan stasjon,2026-06-29T05:15:00+02:00,2026-06-29T05:15:00+02:00,,0.0,0,Bjørvika,RUT:Line:83,Jernbanetorget - Tårnåsen,83,bus,RUT:ServiceJourney:6536bb0c18807fa57162ffdea5f6afa8,False,planned,False,Linje 80E og 83 får Hausmanns bru som ny endeholdeplass fra 29. juni,"Bussene stopper ikke på Jernbanetorget etter 29. juni, men starter og stopper på Hausmanns bru i Nylandsveien.",incident,normal,2026-06-29T04:51:53.120134+02:00
NSR:StopPlace:58861,Solbråtan stasjon,2026-06-29T05:41:00+02:00,2026-06-29T05:41:00+02:00,,0.0,0,Tårnåsen,RUT:Line:83,Jernbanetorget - Tårnåsen,83,bus,RUT:ServiceJourney:a5699052d2bae1d8eb6c552ef306cc1a,False,planned,False,Linje 80E og 83 får Hausmanns bru som ny endeholdeplass fra 29. juni,"Bussene stopper ikke på Jernbanetorget etter 29. juni, men starter og stopper på Hausmanns bru i Nylandsveien.",incident,normal,2026-06-29T04:51:53.120134+02:00
NSR:StopPlace:58861,Solbråtan stasjon,2026-06-29T05:45:00+02:00,2026-06-29T05:45:00+02:00,,0.0,0,Bjørvika,RUT:Line:83,Jernbanetorget - Tårnåsen,83,bus,RUT:ServiceJourney:3061382978476cbad8719238ee834ec0,False,planned,False,Linje 80E og 83 får Hausmanns bru som ny endeholdeplass fra 29. juni,"Bussene stopper ikke på Jernbanetorget etter 29. juni, men starter og stopper på Hausmanns bru i Nylandsveien.",incident,normal,2026-06-29T04:51:53.120134+02:00
NSR:StopPlace:58862,Strømmen stasjon,2026-06-29T05:21:00+02:00,2026-06-29T05:21:00+02:00,,0.0,0,Oslo S,VYG:Line:L1,Spikkestad-Oslo S-Lillestrøm,L1,rail,VYG:ServiceJourney:BUS-2203_576352-R,False,planned,False,,,,,2026-06-29T04:51:53.120134+02:00
NSR:StopPlace:58862,Strømmen stasjon,2026-06-29T05:22:00+02:00,2026-06-29T05:22:00+02:00,,0.0,0,Oslo S,VYG:Line:L1,Spikkestad-Oslo S-Lillestrøm,L1,rail,VYG:ServiceJourney:BUS-2203_576353-R,False,planned,False,,,,,2026-06-29T04:51:53.120134+02:00
NSR:StopPlace:58862,Strømmen stasjon,2026-06-29T05:51:00+02:00,2026-06-29T05:51:00+02:00,,0.0,0,Oslo S,VYG:Line:L1,Spikkestad-Oslo S-Lillestrøm,L1,rail,VYG:ServiceJourney:BUS-2205_576357-R,False,planned,False,,,,,2026-06-29T04:51:53.120134+02:00
NSR:StopPlace:58862,Strømmen stasjon,2026-06-29T05:51:00+02:00,2026-06-29T05:51:00+02:00,,0.0,0,Oslo S,VYG:Line:L1,Spikkestad-Oslo S-Lillestrøm,L1,rail,VYG:ServiceJourney:BUS-2205_576360-R,False,planned,False,,,,,2026-06-29T04:51:53.120134+02:00
NSR:StopPlace:58874,Stokke stasjon,2026-06-29T05:22:00+02:00,2026-06-29T05:22:00+02:00,,0.0,0,Tønsberg,VKT:Line:130,Stokke,130,bus,VKT:ServiceJourney:4221,False,planned,False,,,,,2026-06-29T04:51:53.120134+02:00
NSR:StopPlace:58875,Torp stasjon,2026-06-29T04:50:00+02:00,2026-06-29T04:50:00+02:00,,0.0,0,Torp,VYX:Line:164,S174 Shuttle Sandefjord Lufthavn Torp,S174,bus,VYX:ServiceJourney:bbaf945eaba96f1f59ba91ad382f250f1f362e13,False,planned,False,Info S174,I retning Sandefjord lufthavn Torp vil S174 vente på tog som ankommer Torp stasjon.,general,normal,2026-06-29T04:51:53.120134+02:00
NSR:StopPlace:58875,Torp stasjon,2026-06-29T05:26:00+02:00,2026-06-29T05:26:00+02:00,,0.0,0,Torp,VYX:Line:164,S174 Shuttle Sandefjord Lufthavn Torp,S174,bus,VYX:ServiceJourney:86d1ee78a7a851deb7d0d99b005901582480ef3c,False,planned,False,Info S174,I retning Sandefjord lufthavn Torp vil S174 vente på tog som ankommer Torp stasjon.,general,normal,2026-06-29T04:51:53.120134+02:00
NSR:StopPlace:58884,Skien stasjon,2026-06-29T05:46:00+02:00,2026-06-29T05:46:00+02:00,,0.0,0,Skjelsvik via Klyve-Kongerød,TEL:Line:8043,Skien-Klyve-Skjelsvik,M3,bus,TEL:ServiceJourney:110185,False,planned,False,,,,,2026-06-29T04:51:53.120134+02:00
NSR:StopPlace:58893,Grovane stasjon,2026-06-29T05:41:00+02:00,2026-06-29T05:41:00+02:00,,0.0,0,Kristiansand,AKT:Line:31,Kvadraturen - Sødal - Vennesla,31,bus,AKT:ServiceJourney:74657_42_44_40920_43020_3950001,False,planned,False,,,,,2026-06-29T04:51:53.120134+02:00
NSR:StopPlace:58808,Kongsvinger stasjon,2026-06-29T05:38:00+02:00,2026-06-29T05:38:00+02:00,,0.0,0,Flisa - Hamar,INN:Line:105,Kongsvinger - Elverum - Hamar,105,bus,INN:ServiceJourney:50215,False,planned,False,,,,,2026-06-29T04:51:53.120134+02:00
NSR:StopPlace:58809,Koppang stasjon,2026-06-29T05:45:00+02:00,2026-06-29T05:45:00+02:00,,0.0,0,Rendalen - Tynset,INN:Line:180,Koppang - Rendalen - Tynset,180,bus,INN:ServiceJourney:50417,False,planned,False,,,,,2026-06-29T04:51:53.120134+02:00
NSR:StopPlace:58819,Grua stasjon,2026-06-29T05:29:00+02:00,2026-06-29T05:29:00+02:00,,0.0,0,Oslo,INN:Line:126,Dokka-Hov-Brandbu-Oslo,126,bus,INN:ServiceJourney:68067,False,planned,False,,,,,2026-06-29T04:51:53.120134+02:00
NSR:StopPlace:58829,Stryken stasjon,2026-06-29T05:44:00+02:00,2026-06-29T05:44:00+02:00,,0.0,0,Oslo,INN:Line:126,Dokka-Hov-Brandbu-Oslo,126,bus,INN:ServiceJourney:68067,False,planned,False,,,,,2026-06-29T04:51:53.120134+02:00
NSR:StopPlace:63079,Skeiane stasjon,2026-06-29T05:32:00+02:00,2026-06-29T05:32:00+02:00,,0.0,0,Egersund,GOA:Line:59,Jærbanen,L5,rail,GOA:ServiceJourney:3006_63037-R,False,planned,False,,,,,2026-06-29T04:51:53.120134+02:00
NSR:StopPlace:63194,Mölndal station,2026-06-29T05:02:00+02:00,2026-06-29T05:02:00+02:00,,0.0,0,Østerport,SAM:Line:9011012080400000,Ø Göteborg - Halmstad - Helsingborg - Malmö - Købe,,rail,SAM:ServiceJourney:121120000383768523,False,planned,False,,,,,2026-06-29T04:51:53.120134+02:00
NSR:StopPlace:63194,Mölndal station,2026-06-29T05:32:00+02:00,2026-06-29T05:32:00+02:00,,0.0,0,Halmstad C,SAM:Line:9011012080800000,Ø Göteborg - Halmstad,,rail,SAM:ServiceJourney:121120000383775323,False,planned,False,,,,,2026-06-29T04:51:53.120134+02:00
NSR:StopPlace:63667,Luleå Centralstation,2026-06-29T05:31:00+02:00,2026-06-29T05:31:00+02:00,,0.0,0,Boden-Kiruna-Narvik,SJV:Line:0ff9f2b9-fbe5-4761-8a29-8813be35efaa,Stockholm-Narvik (-Luleå),,rail,SJV:ServiceJourney:b93b2eab-6302-446a-9706-cf258cd2e6f9,False,planned,False,,,,,2026-06-29T04:51:53.120134+02:00
NSR:StopPlace:63676,Sundsvall Centralstation,2026-06-29T05:26:00+02:00,2026-06-29T05:26:00+02:00,,0.0,0,Stockholm,SJV:Line:8ca80b34-505a-4d76-b047-58b01590d0e1,Luleå-Stockholm ,Luleå-Stockholm ,rail,SJV:ServiceJourney:a5d49afa-0d54-4c88-aed3-161717bb597d,False,planned,False,,,,,2026-06-29T04:51:53.120134+02:00
NSR:StopPlace:63689,Sunderby sjukhus station,2026-06-29T05:43:00+02:00,2026-06-29T05:43:00+02:00,,0.0,0,Boden-Kiruna-Narvik,SJV:Line:0ff9f2b9-fbe5-4761-8a29-8813be35efaa,Stockholm-Narvik (-Luleå),,rail,SJV:ServiceJourney:b93b2eab-6302-446a-9706-cf258cd2e6f9,False,planned,False,,,,,2026-06-29T04:51:53.120134+02:00
NSR:StopPlace:63618,Älvsbyn station,2026-06-29T05:13:00+02:00,2026-06-29T05:13:00+02:00,,0.0,0,Luleå,SJV:Line:0ff9f2b9-fbe5-4761-8a29-8813be35efaa,Stockholm-Narvik (-Luleå),,rail,SJV:ServiceJourney:0eabfad4-c61e-4fc3-8a75-7ebd11c5a873,False,planned,False,,,,,2026-06-29T04:51:53.120134+02:00
NSR:StopPlace:63705,Enköping station,2026-06-29T04:45:00+02:00,2026-06-29T04:45:00+02:00,,0.0,0,Arlanda,VYB:Line:26,850 Oslo - Arlanda - Stockholm,850,coach,VYB:ServiceJourney:10b2e4758894544f8ace957a0d24c160fccd39fb,False,planned,False,Enköping,Enköping stasjon.Bussen stopper ved pendlerparkeringen på Østra Järnvägsgatan.,general,normal,2026-06-29T04:51:53.120134+02:00
NSR:StopPlace:63705,Enköping station,2026-06-29T05:40:00+02:00,2026-06-29T05:40:00+02:00,,0.0,0,Stockholm,VYB:Line:26,850 Oslo - Arlanda - Stockholm,850,coach,VYB:ServiceJourney:2094b187d5f04d2a2316b7c733683e92913cefea,False,planned,False,Enköping,Enköping stasjon.Bussen stopper ved pendlerparkeringen på Østra Järnvägsgatan.,general,normal,2026-06-29T04:51:53.120134+02:00
NSR:StopPlace:58211,Oslo lufthavn,2026-06-29T04:30:00+02:00,2026-06-29T04:30:00+02:00,,0.0,0,Oslo lufthavn,VYX:Line:98,S44 Shuttle Oslo lufthavn,S44,bus,VYX:ServiceJourney:fc5493de4f70cfdf9901f2ed9977493166854303,False,planned,False,,,,,2026-06-29T04:51:53.120134+02:00
NSR:StopPlace:58211,Oslo lufthavn,2026-06-29T04:35:00+02:00,2026-06-29T04:35:00+02:00,,0.0,0,Oslo lufthavn,VYX:Line:99,S55 Shuttle Oslo lufthavn,S55,bus,VYX:ServiceJourney:a98b250fd1727a910c24e818fd6ab50ff17b118c,False,planned,False,,,,,2026-06-29T04:51:53.120134+02:00
NSR:StopPlace:58211,Oslo lufthavn,2026-06-29T04:55:00+02:00,2026-06-29T04:55:00+02:00,,0.0,0,Fredrikstad,VYX:Line:56,FB11 Fredrikstad-Oslo Lufthavn (OSL),FB11,bus,VYX:ServiceJourney:2275c43c8139427ec255d31e0f54d2805fb834e2,False,planned,False,Forhåndsbestilling FB11,Billett må kjøpes på nett eller app senest 15 minutter før påstigning for at bussen skal kjøre innom holdeplassen. Ruter-billett er ikke gyldig. ,general,normal,2026-06-29T04:51:53.120134+02:00
NSR:StopPlace:58211,Oslo lufthavn,2026-06-29T04:55:00+02:00,2026-06-29T04:55:00+02:00,,0.0,0,Oslo lufthavn,VYX:Line:51,S22 Shuttle Oslo lufthavn,S22,bus,VYX:ServiceJourney:62b860b2b096c4dd16ba62af20a041cd17a3416e,False,planned,False,,,,,2026-06-29T04:51:53.120134+02:00
NSR:StopPlace:58211,Oslo lufthavn,2026-06-29T05:00:00+02:00,2026-06-29T05:00:00+02:00,,0.0,0,Oslo lufthavn,VYX:Line:98,S44 Shuttle Oslo lufthavn,S44,bus,VYX:ServiceJourney:80811206fb606f8c35283cae8b6dd228882ae7e9,False,planned,False,,,,,2026-06-29T04:51:53.120134+02:00
NSR:StopPlace:58211,Oslo lufthavn,2026-06-29T05:05:00+02:00,2026-06-29T05:05:00+02:00,,0.0,0,Oslo lufthavn,VYX:Line:99,S55 Shuttle Oslo lufthavn,S55,bus,VYX:ServiceJourney:95ede5d955311983bd8a593327dc08c78039b59e,False,planned,False,,,,,2026-06-29T04:51:53.120134+02:00
NSR:StopPlace:58211,Oslo lufthavn,2026-06-29T05:10:00+02:00,2026-06-29T05:10:00+02:00,,0.0,0,Fenstad,RUT:Line:440,Fenstad/Nordkisa - Oslo lufthavn,440,bus,RUT:ServiceJourney:d58008c7b92250dc6654ec6b4ee9cfcc,False,planned,False,,,,,2026-06-29T04:51:53.120134+02:00
NSR:StopPlace:58211,Oslo lufthavn,2026-06-29T05:25:00+02:00,2026-06-29T05:25:00+02:00,,0.0,0,Oslo lufthavn,VYX:Line:51,S22 Shuttle Oslo lufthavn,S22,bus,VYX:ServiceJourney:d7ef1438ca9ce470e3947980aa3dd7fca83f6605,False,planned,False,,,,,2026-06-29T04:51:53.120134+02:00
NSR:StopPlace:58211,Oslo lufthavn,2026-06-29T05:25:00+02:00,2026-06-29T05:25:00+02:00,,0.0,0,Kløfta,RUT:Line:425,Kløfta – Oslo lufthavn,425,bus,RUT:ServiceJourney:d4e5975ac9a74a9160ac93831c44a16c,False,planned,False,,,,,2026-06-29T04:51:53.120134+02:00
NSR:StopPlace:58211,Oslo lufthavn,2026-06-29T05:30:00+02:00,2026-06-29T05:30:00+02:00,,0.0,0,Oslo lufthavn,VYX:Line:98,S44 Shuttle Oslo lufthavn,S44,bus,VYX:ServiceJourney:578d80b159c285c6234d1e3d91816bb0256d4b70,False,planned,False,,,,,2026-06-29T04:51:53.120134+02:00
NSR:StopPlace:58211,Oslo lufthavn,2026-06-29T05:35:00+02:00,2026-06-29T05:35:00+02:00,,0.0,0,Oslo lufthavn,VYX:Line:99,S55 Shuttle Oslo lufthavn,S55,bus,VYX:ServiceJourney:869e6a906cd1186b27e9bb231ca5370d87d287d5,False,planned,False,,,,,2026-06-29T04:51:53.120134+02:00
NSR:StopPlace:58211,Oslo lufthavn,2026-06-29T05:35:00+02:00,2026-06-29T05:35:00+02:00,,0.0,0,Årnes,RUT:Line:450,Årnes - Oslo lufthavn,450,bus,RUT:ServiceJourney:17b44a0e1553466476388be95ddcb167,False,planned,False,,,,,2026-06-29T04:51:53.120134+02:00
NSR:StopPlace:58211,Oslo lufthavn,2026-06-29T05:40:00+02:00,2026-06-29T05:40:00+02:00,,0.0,0,Fenstad,RUT:Line:440,Fenstad/Nordkisa - Oslo lufthavn,440,bus,RUT:ServiceJourney:a8ec200beb6b27b85b47bcf0fc916ba4,False,planned,False,,,,,2026-06-29T04:51:53.120134+02:00
NSR:StopPlace:58211,Oslo lufthavn,2026-06-29T05:51:00+02:00,2026-06-29T05:51:00+02:00,,0.0,0,Oslo bussterminal,RUT:Line:400,Oslo lufthavn - Veståsen - Olavsgaard - Oslo,400,bus,RUT:ServiceJourney:49befcab99e459e85d8eae560537d3d1,False,planned,False,,,,,2026-06-29T04:51:53.120134+02:00
NSR:StopPlace:144,Skansen stasjon,2026-06-29T05:39:00+02:00,2026-06-29T05:39:00+02:00,,0.0,0,Hamar,SJN:Line:25,Rørosbanen,R60,rail,SJN:ServiceJourney:2382_49895-R,False,planned,False,,,,,2026-06-29T04:51:53.120134+02:00
NSR:StopPlace:331,Glåmos stasjon,2026-06-29T05:10:00+02:00,2026-06-29T05:10:00+02:00,,0.0,0,Trondheim S,SJN:Line:25,Rørosbanen,R60,rail,SJN:ServiceJourney:411_37676-R,False,planned,False,,,,,2026-06-29T04:51:53.120134+02:00
NSR:StopPlace:362,Jåttåvågen stasjon,2026-06-29T05:22:00+02:00,2026-06-29T05:22:00+02:00,,0.0,0,Egersund,GOA:Line:59,Jærbanen,L5,rail,GOA:ServiceJourney:3006_63037-R,False,planned,False,,,,,2026-06-29T04:51:53.120134+02:00
NSR:StopPlace:374,Göteborg Centralstation,2026-06-29T04:55:00+02:00,2026-06-29T04:55:00+02:00,,0.0,0,Østerport,SAM:Line:9011012080400000,Ø Göteborg - Halmstad - Helsingborg - Malmö - Købe,,rail,SAM:ServiceJourney:121120000383768523,False,planned,False,,,,,2026-06-29T04:51:53.120134+02:00
NSR:StopPlace:374,Göteborg Centralstation,2026-06-29T05:25:00+02:00,2026-06-29T05:25:00+02:00,,0.0,0,Halmstad C,SAM:Line:9011012080800000,Ø Göteborg - Halmstad,,rail,SAM:ServiceJourney:121120000383775323,False,planned,False,,,,,2026-06-29T04:51:53.120134+02:00
NSR:StopPlace:206,Mariero stasjon,2026-06-29T05:19:00+02:00,2026-06-29T05:19:00+02:00,,0.0,0,Egersund,GOA:Line:59,Jærbanen,L5,rail,GOA:ServiceJourney:3006_63037-R,False,planned,False,,,,,2026-06-29T04:51:53.120134+02:00
NSR:StopPlace:261,Ganddal stasjon,2026-06-29T05:35:00+02:00,2026-06-29T05:35:00+02:00,,0.0,0,Egersund,GOA:Line:59,Jærbanen,L5,rail,GOA:ServiceJourney:3006_63037-R,False,planned,False,,,,,2026-06-29T04:51:53.120134+02:00
NSR:StopPlace:702,Sandnes sentrum stasjon,2026-06-29T05:30:00+02:00,2026-06-29T05:30:00+02:00,,0.0,0,Egersund,GOA:Line:59,Jærbanen,L5,rail,GOA:ServiceJourney:3006_63037-R,False,planned,False,,,,,2026-06-29T04:51:53.120134+02:00
NSR:StopPlace:62311,Vigrestad stasjon,2026-06-29T05:34:00+02:00,2026-06-29T05:34:00+02:00,,0.0,0,Stavanger,GOA:Line:59,Jærbanen,L5,rail,GOA:ServiceJourney:3003_63034-R,False,planned,False,,,,,2026-06-29T04:51:53.120134+02:00
NSR:StopPlace:62310,Brusand stasjon,2026-06-29T05:23:00+02:00,2026-06-29T05:23:00+02:00,,0.0,0,Stavanger,GOA:Line:59,Jærbanen,L5,rail,GOA:ServiceJourney:3003_63034-R,False,planned,False,,,,,2026-06-29T04:51:53.120134+02:00
NSR:StopPlace:62374,Ålen stasjon,2026-06-29T05:31:00+02:00,2026-06-29T05:31:00+02:00,,0.0,0,Trondheim S,SJN:Line:25,Rørosbanen,R60,rail,SJN:ServiceJourney:411_37676-R,False,planned,False,,,,,2026-06-29T04:51:53.120134+02:00
NSR:StopPlace:62371,Sparbu stasjon,2026-06-29T05:42:00+02:00,2026-06-29T05:42:00+02:00,,0.0,0,Melhus skysstasjon,SJN:Line:26,Trønderbanen,R70,rail,SJN:ServiceJourney:422-STK_45430-R,False,planned,False,,,,,2026-06-29T04:51:53.120134+02:00
NSR:StopPlace:62370,Selsbakk stasjon,2026-06-29T05:49:00+02:00,2026-06-29T05:49:00+02:00,,0.0,0,Hamar,SJN:Line:25,Rørosbanen,R60,rail,SJN:ServiceJourney:2382_49895-R,False,planned,False,,,,,2026-06-29T04:51:53.120134+02:00
NSR:StopPlace:62380,Røra stasjon,2026-06-29T05:49:00+02:00,2026-06-29T05:49:00+02:00,,0.0,0,Melhus skysstasjon,SJN:Line:26,Trønderbanen,R70,rail,SJN:ServiceJourney:422-STK_45430-R,False,planned,False,,,,,2026-06-29T04:51:53.120134+02:00
NSR:StopPlace:61979,Hellvik stasjon,2026-06-29T05:11:00+02:00,2026-06-29T05:11:00+02:00,,0.0,0,Stavanger,GOA:Line:59,Jærbanen,L5,rail,GOA:ServiceJourney:3003_63034-R,False,planned,False,,,,,2026-06-29T04:51:53.120134+02:00
NSR:StopPlace:61979,Hellvik stasjon,2026-06-29T05:49:00+02:00,2026-06-29T05:49:00+02:00,,0.0,0,Stavanger,GOA:Line:59,Jærbanen,L5,rail,GOA:ServiceJourney:3005_63036-R,False,planned,False,,,,,2026-06-29T04:51:53.120134+02:00
NSR:StopPlace:63636,Härnösand Centralstation,2026-06-29T04:22:00+02:00,2026-06-29T04:22:00+02:00,,0.0,0,"Sundsvall, Stockholm",SJV:Line:8ca80b34-505a-4d76-b047-58b01590d0e1,Luleå-Stockholm ,Luleå-Stockholm ,rail,SJV:ServiceJourney:a5d49afa-0d54-4c88-aed3-161717bb597d,False,planned,False,,,,,2026-06-29T04:41:59.093800+02:00
NSR:StopPlace:59375,Jörn station,2026-06-29T04:07:00+02:00,2026-06-29T04:07:00+02:00,,0.0,0,Luleå,SJV:Line:0ff9f2b9-fbe5-4761-8a29-8813be35efaa,Stockholm-Narvik (-Luleå),,rail,SJV:ServiceJourney:0eabfad4-c61e-4fc3-8a75-7ebd11c5a873,False,planned,False,,,,,2026-06-29T04:32:03.942223+02:00
NSR:StopPlace:59393,Västerås Centralstation,2026-06-29T04:10:00+02:00,2026-06-29T04:10:00+02:00,,0.0,0,Arlanda,VYB:Line:26,850 Oslo - Arlanda - Stockholm,850,coach,VYB:ServiceJourney:10b2e4758894544f8ace957a0d24c160fccd39fb,False,planned,False,Västerås,"Nytt holdeplassområde ved Västerås Resecentrum fra 16. mars Den nye holdeplassen ligger på stasjonens vestside, rett ved jernbanespor 1B. Du finner den ved å følge parkeringsplassen til den bortre enden. ",general,normal,2026-06-29T04:32:03.942223+02:00
NSR:StopPlace:58211,Oslo lufthavn,2026-06-29T03:55:00+02:00,2026-06-29T03:55:00+02:00,,0.0,0,Fredrikstad,VYX:Line:56,FB11 Fredrikstad-Oslo Lufthavn (OSL),FB11,bus,VYX:ServiceJourney:a5c334bda971bf9b9dca2ef71459596a0474fbb0,False,planned,False,Forhåndsbestilling FB11,Billett må kjøpes på nett eller app senest 15 minutter før påstigning for at bussen skal kjøre innom holdeplassen. Ruter-billett er ikke gyldig. ,general,normal,2026-06-29T04:11:50.104477+02:00
NSR:StopPlace:58626,Kramfors station,2026-06-29T03:48:00+02:00,2026-06-29T03:48:00+02:00,,0.0,0,"Sundsvall, Stockholm",SJV:Line:8ca80b34-505a-4d76-b047-58b01590d0e1,Luleå-Stockholm ,Luleå-Stockholm ,rail,SJV:ServiceJourney:a5d49afa-0d54-4c88-aed3-161717bb597d,False,planned,False,,,,,2026-06-29T04:06:11.774165+02:00
NSR:StopPlace:58925,Gausel stasjon,2026-06-29T03:49:00+02:00,2026-06-29T03:49:00+02:00,,0.0,0,Sandnes via Varatun,KOL:Line:8_1002,2,2,bus,KOL:ServiceJourney:1002_260519092836441_5036,False,planned,False,,,,,2026-06-29T04:06:11.774165+02:00
NSR:StopPlace:59182,Örebro Centralstation,2026-06-29T03:45:00+02:00,2026-06-29T03:45:00+02:00,,0.0,0,Stockholm,VYB:Line:26,850 Oslo - Arlanda - Stockholm,850,coach,VYB:ServiceJourney:2094b187d5f04d2a2316b7c733683e92913cefea,False,planned,False,Örebro läge X,,general,normal,2026-06-29T04:02:08.881682+02:00
NSR:StopPlace:63620,Bastuträsk station,2026-06-29T03:45:00+02:00,2026-06-29T03:45:00+02:00,,0.0,0,Luleå,SJV:Line:0ff9f2b9-fbe5-4761-8a29-8813be35efaa,Stockholm-Narvik (-Luleå),,rail,SJV:ServiceJourney:0eabfad4-c61e-4fc3-8a75-7ebd11c5a873,False,planned,False,,,,,2026-06-29T04:02:08.881682+02:00
NSR:StopPlace:59639,Sonsveien stasjon,2026-06-29T03:32:00+02:00,2026-06-29T03:32:00+02:00,,0.0,0,Oslo lufthavn,VYX:Line:56,FB11 Fredrikstad-Oslo Lufthavn (OSL),FB11,bus,VYX:ServiceJourney:b3933fd3a492f391361da279435d0f45720b4286,False,planned,False,Forhåndsbestilling FB11,Billett må kjøpes på nett eller app senest 15 minutter før påstigning for at bussen skal kjøre innom holdeplassen. Ruter-billett er ikke gyldig. ,general,normal,2026-06-29T03:51:55.469089+02:00
NSR:StopPlace:58925,Gausel stasjon,2026-06-29T03:36:00+02:00,2026-06-29T03:36:00+02:00,,0.0,0,Risavika via Stavanger,KOL:Line:8_1002,2,2,bus,KOL:ServiceJourney:1002_260519092836720_6033,False,planned,False,,,,,2026-06-29T03:51:55.469089+02:00
NSR:StopPlace:58816,Dombås stasjon,2026-06-29T03:28:00+02:00,2026-06-29T03:28:00+02:00,,0.0,0,Ålesund,VYX:Line:162,VY148 Ålesund-Oslo,VY148,coach,VYX:ServiceJourney:0a772f142078d2cf52813fca7b2fc0be7fff8273,False,planned,False,Forhåndsbestilling Vy,Billett må kjøpes på nett eller app senest 15 minutter før påstigning for at bussen skal kjøre innom holdeplassen.,general,normal,2026-06-29T03:51:55.469089+02:00
NSR:StopPlace:63705,Enköping station,2026-06-29T03:20:00+02:00,2026-06-29T03:20:00+02:00,,0.0,0,Arlanda,VYB:Line:26,850 Oslo - Arlanda - Stockholm,850,coach,VYB:ServiceJourney:b54ed62a64c9c2483c413e61158c2700b4c8964b,False,planned,False,Enköping,Enköping stasjon.Bussen stopper ved pendlerparkeringen på Østra Järnvägsgatan.,general,normal,2026-06-29T03:41:54.838185+02:00
NSR:StopPlace:59182,Örebro Centralstation,2026-06-29T03:10:00+02:00,2026-06-29T03:10:00+02:00,,0.0,0,Karlstad,VYB:Line:26,850 Oslo - Arlanda - Stockholm,850,coach,VYB:ServiceJourney:8470c5d763172480e86b1b6f8357e883e035865b,False,planned,False,Örebro läge X,,general,normal,2026-06-29T03:32:07.717258+02:00
NSR:StopPlace:59182,Örebro Centralstation,2026-06-29T02:50:00+02:00,2026-06-29T02:50:00+02:00,,0.0,0,Arlanda,VYB:Line:26,850 Oslo - Arlanda - Stockholm,850,coach,VYB:ServiceJourney:10b2e4758894544f8ace957a0d24c160fccd39fb,False,planned,False,Örebro läge X,,general,normal,2026-06-29T03:11:52.865945+02:00
NSR:StopPlace:58925,Gausel stasjon,2026-06-29T02:49:00+02:00,2026-06-29T02:49:00+02:00,,0.0,0,Sandnes via Varatun,KOL:Line:8_1002,2,2,bus,KOL:ServiceJourney:1002_260519092836440_5035,False,planned,False,,,,,2026-06-29T03:11:52.865945+02:00
NSR:StopPlace:63381,Örnsköldsvik Centralstation,2026-06-29T02:53:00+02:00,2026-06-29T02:53:00+02:00,,0.0,0,"Sundsvall, Stockholm",SJV:Line:8ca80b34-505a-4d76-b047-58b01590d0e1,Luleå-Stockholm ,Luleå-Stockholm ,rail,SJV:ServiceJourney:a5d49afa-0d54-4c88-aed3-161717bb597d,False,planned,False,,,,,2026-06-29T03:11:52.865945+02:00
NSR:StopPlace:59393,Västerås Centralstation,2026-06-29T02:45:00+02:00,2026-06-29T02:45:00+02:00,,0.0,0,Arlanda,VYB:Line:26,850 Oslo - Arlanda - Stockholm,850,coach,VYB:ServiceJourney:b54ed62a64c9c2483c413e61158c2700b4c8964b,False,planned,False,Västerås,"Nytt holdeplassområde ved Västerås Resecentrum fra 16. mars Den nye holdeplassen ligger på stasjonens vestside, rett ved jernbanespor 1B. Du finner den ved å følge parkeringsplassen til den bortre enden. ",general,normal,2026-06-29T03:02:13.346139+02:00
NSR:StopPlace:59181,Kristinehamn station,2026-06-29T02:35:00+02:00,2026-06-29T02:35:00+02:00,,0.0,0,Stockholm,VYB:Line:26,850 Oslo - Arlanda - Stockholm,850,coach,VYB:ServiceJourney:2094b187d5f04d2a2316b7c733683e92913cefea,False,planned,False,,,,,2026-06-29T02:51:49.225889+02:00
NSR:StopPlace:59182,Örebro Centralstation,2026-06-29T02:35:00+02:00,2026-06-29T02:35:00+02:00,,0.0,0,Oslo,VYB:Line:26,850 Oslo - Arlanda - Stockholm,850,coach,VYB:ServiceJourney:ab6c952ca4c213f1dd8fdfa8e9f5099a4eaa9729,False,planned,False,Örebro läge X,,general,normal,2026-06-29T02:51:49.225889+02:00
NSR:StopPlace:59393,Västerås Centralstation,2026-06-29T02:35:00+02:00,2026-06-29T02:35:00+02:00,,0.0,0,Örebro,VYB:Line:27,900 Oslo - Arlanda - Stockholm,900,coach,VYB:ServiceJourney:8621e87b910279110892ce640dba2939a2f7f841,False,planned,False,Annan busstyp på denna avgång | Västerås,"Vennligst merk at denne avgangen kjøres av en samarbeidspartner til Vy bus4you, og med en annen type buss enn den som vanligvis benyttes av Vy bus4you. | Nytt holdeplassområde ved Västerås Resecentrum fra 16. mars Den nye holdeplassen ligger på stasjonens vestside, rett ved jernbanespor 1B. Du finner den ved å følge parkeringsplassen til den bortre enden. ",general | general,normal | normal,2026-06-29T02:51:49.225889+02:00
NSR:StopPlace:59639,Sonsveien stasjon,2026-06-29T02:32:00+02:00,2026-06-29T02:32:00+02:00,,0.0,0,Oslo lufthavn,VYX:Line:56,FB11 Fredrikstad-Oslo Lufthavn (OSL),FB11,bus,VYX:ServiceJourney:d44b33973888d082cc1bbd2bbc9d7ed7b306bb0a,False,planned,False,Forhåndsbestilling FB11,Billett må kjøpes på nett eller app senest 15 minutter før påstigning for at bussen skal kjøre innom holdeplassen. Ruter-billett er ikke gyldig. ,general,normal,2026-06-29T02:51:49.225889+02:00
NSR:StopPlace:58925,Gausel stasjon,2026-06-29T02:36:00+02:00,2026-06-29T02:36:00+02:00,,0.0,0,Risavika via Stavanger,KOL:Line:8_1002,2,2,bus,KOL:ServiceJourney:1002_260519092836719_6032,False,planned,False,,,,,2026-06-29T02:51:49.225889+02:00
NSR:StopPlace:59181,Kristinehamn station,2026-06-29T02:15:00+02:00,2026-06-29T02:15:00+02:00,,0.0,0,Karlstad,VYB:Line:26,850 Oslo - Arlanda - Stockholm,850,coach,VYB:ServiceJourney:7cef6f9d06b3084c5cd648a392b78e79f86a9bc4,False,planned,False,,,,,2026-06-29T02:32:02.137914+02:00
NSR:StopPlace:58624,Umeå Centralstation,2026-06-29T02:08:00+02:00,2026-06-29T02:08:00+02:00,,0.0,0,Luleå,SJV:Line:0ff9f2b9-fbe5-4761-8a29-8813be35efaa,Stockholm-Narvik (-Luleå),,rail,SJV:ServiceJourney:0eabfad4-c61e-4fc3-8a75-7ebd11c5a873,False,planned,False,,,,,2026-06-29T02:32:02.137914+02:00
NSR:StopPlace:63691,Vindeln station,2026-06-29T02:10:00+02:00,2026-06-29T02:10:00+02:00,,0.0,0,Luleå,SJV:Line:0ff9f2b9-fbe5-4761-8a29-8813be35efaa,Stockholm-Narvik (-Luleå),,rail,SJV:ServiceJourney:0eabfad4-c61e-4fc3-8a75-7ebd11c5a873,False,planned,False,,,,,2026-06-29T02:32:02.137914+02:00
NSR:StopPlace:63705,Enköping station,2026-06-29T02:05:00+02:00,2026-06-29T02:05:00+02:00,,0.0,0,Örebro,VYB:Line:27,900 Oslo - Arlanda - Stockholm,900,coach,VYB:ServiceJourney:8621e87b910279110892ce640dba2939a2f7f841,False,planned,False,Annan busstyp på denna avgång | Enköping,"Vennligst merk at denne avgangen kjøres av en samarbeidspartner til Vy bus4you, og med en annen type buss enn den som vanligvis benyttes av Vy bus4you. | Enköping stasjon.Bussen stopper ved pendlerparkeringen på Østra Järnvägsgatan.",general | general,normal | normal,2026-06-29T02:21:52.402392+02:00
