stationId,stationName,scheduledDeparture,expectedDeparture,actualDeparture,delaySeconds,isDelayed,destination,lineId,lineName,lineCode,transportMode,serviceJourneyId,realtime,delaySource,cancellation,situationSummary,situationDescription,situationReportType,situationSeverity,scrapedAt
NSR:StopPlace:59636,Holmlia stasjon,2026-10-10T03:56:00+02:00,2026-10-10T04:17:11+02:00,2026-10-10T04:17:11+02:00,1271.0,1,Åsbråten,RUT:Line:3919,Kringsjå - Åsbråten,19N,bus,RUT:ServiceJourney:08391fd9a0d894f3bfde7e0c19155419,True,actual,False,,,,,2026-10-10T04:52:08.771796+02:00
NSR:StopPlace:59635,Hauketo stasjon,2026-10-10T03:54:00+02:00,2026-10-10T04:13:38+02:00,2026-10-10T04:13:38+02:00,1178.0,1,Åsbråten,RUT:Line:3919,Kringsjå - Åsbråten,19N,bus,RUT:ServiceJourney:08391fd9a0d894f3bfde7e0c19155419,True,actual,False,,,,,2026-10-10T04:52:08.771796+02:00
NSR:StopPlace:58890,Nelaug stasjon,2026-10-10T02:17:00+02:00,2026-10-10T02:30:22+02:00,2026-10-10T02:30:22+02:00,802.0,1,Stavanger,GOA:Line:50,Sørtoget region,F5,rail,GOA:ServiceJourney:725-LOD_67061-R,True,actual,False,,,,,2026-10-10T04:52:08.771796+02:00
NSR:StopPlace:58891,Vegårshei stasjon,2026-10-10T02:01:00+02:00,2026-10-10T02:12:54+02:00,2026-10-10T02:12:54+02:00,714.0,1,Stavanger,GOA:Line:50,Sørtoget region,F5,rail,GOA:ServiceJourney:725-LOD_67061-R,True,actual,False,,,,,2026-10-10T04:52:08.771796+02:00
NSR:StopPlace:59636,Holmlia stasjon,2026-10-10T04:26:00+02:00,2026-10-10T04:36:34+02:00,2026-10-10T04:36:34+02:00,634.0,1,Åsbråten,RUT:Line:3919,Kringsjå - Åsbråten,19N,bus,RUT:ServiceJourney:06ab585388e74051755417c2a9464617,True,actual,False,,,,,2026-10-10T04:52:08.771796+02:00
NSR:StopPlace:58921,Vennesla stasjon,2026-10-10T03:17:00+02:00,2026-10-10T03:26:09+02:00,2026-10-10T03:26:09+02:00,549.0,1,Stavanger,GOA:Line:50,Sørtoget region,F5,rail,GOA:ServiceJourney:725-LOD_67061-R,True,actual,False,,,,,2026-10-10T04:52:08.771796+02:00
NSR:StopPlace:58833,Gol stasjon,2026-10-10T02:09:00+02:00,2026-10-10T02:18:04+02:00,2026-10-10T02:18:04+02:00,544.0,1,Bergen,VYG:Line:F4,Oslo S-Bergen,F4,rail,VYG:ServiceJourney:605-LOD_444356-R,True,actual,False,,,,,2026-10-10T04:52:08.771796+02:00
NSR:StopPlace:59635,Hauketo stasjon,2026-10-10T04:24:00+02:00,2026-10-10T04:32:52+02:00,2026-10-10T04:32:52+02:00,532.0,1,Åsbråten,RUT:Line:3919,Kringsjå - Åsbråten,19N,bus,RUT:ServiceJourney:06ab585388e74051755417c2a9464617,True,actual,False,,,,,2026-10-10T04:52:08.771796+02:00
NSR:StopPlace:60944,Ski stasjon,2026-10-10T04:00:00+02:00,2026-10-10T04:08:47+02:00,2026-10-10T04:08:47+02:00,527.0,1,Son via Ås,RUT:Line:2540,Oslo - Ski - Ås - Vestby (nattbuss),540N,bus,RUT:ServiceJourney:6717eb6b050bef6c05af0989fc44b89c,True,actual,False,,,,,2026-10-10T04:52:08.771796+02:00
NSR:StopPlace:58918,Nodeland stasjon,2026-10-10T03:56:00+02:00,2026-10-10T04:04:33+02:00,2026-10-10T04:04:33+02:00,513.0,1,Stavanger,GOA:Line:50,Sørtoget region,F5,rail,GOA:ServiceJourney:725-LOD_67061-R,True,actual,False,,,,,2026-10-10T04:52:08.771796+02:00
NSR:StopPlace:58917,Marnardal stasjon,2026-10-10T04:16:00+02:00,2026-10-10T04:24:27+02:00,2026-10-10T04:24:27+02:00,507.0,1,Stavanger,GOA:Line:50,Sørtoget region,F5,rail,GOA:ServiceJourney:725-LOD_67061-R,True,actual,False,,,,,2026-10-10T04:52:08.771796+02:00
NSR:StopPlace:58841,Ål stasjon,2026-10-10T02:31:00+02:00,2026-10-10T02:39:16+02:00,2026-10-10T02:39:16+02:00,496.0,1,Bergen,VYG:Line:F4,Oslo S-Bergen,F4,rail,VYG:ServiceJourney:605-LOD_444356-R,True,actual,False,,,,,2026-10-10T04:52:08.771796+02:00
NSR:StopPlace:58892,Audnedal stasjon,2026-10-10T04:31:00+02:00,2026-10-10T04:38:07+02:00,2026-10-10T04:38:07+02:00,427.0,1,Stavanger,GOA:Line:50,Sørtoget region,F5,rail,GOA:ServiceJourney:725-LOD_67061-R,True,actual,False,,,,,2026-10-10T04:52:08.771796+02:00
NSR:StopPlace:58920,Snartemo stasjon,2026-10-10T04:40:00+02:00,2026-10-10T04:46:04+02:00,2026-10-10T04:46:04+02:00,364.0,1,Stavanger,GOA:Line:50,Sørtoget region,F5,rail,GOA:ServiceJourney:725-LOD_67061-R,True,actual,False,,,,,2026-10-10T04:52:08.771796+02:00
NSR:StopPlace:59636,Holmlia stasjon,2026-10-10T03:15:00+02:00,2026-10-10T03:21:01+02:00,2026-10-10T03:21:01+02:00,361.0,1,Kringsjå,RUT:Line:3919,Kringsjå - Åsbråten,19N,bus,RUT:ServiceJourney:472e831d0f62978461b542d5f326d338,True,actual,False,,,,,2026-10-10T04:52:08.771796+02:00
NSR:StopPlace:59649,Nydalen stasjon,2026-10-10T04:33:00+02:00,2026-10-10T04:38:09+02:00,2026-10-10T04:38:09+02:00,309.0,1,Oslo lufthavn,NBU:Line:cb7b555c-f96e-42d5-84bf-a5e08c0145c2,Radiumhospitalet via Økern-Storo-Tåsen,FB3,bus,NBU:ServiceJourney:0e22b733-a412-4078-987f-4047b44fa091,True,actual,False,,,,,2026-10-10T04:52:08.771796+02:00
NSR:StopPlace:59643,Grefsen stasjon,2026-10-10T04:38:00+02:00,2026-10-10T04:42:45+02:00,2026-10-10T04:42:45+02:00,285.0,1,Oslo lufthavn,NBU:Line:cb7b555c-f96e-42d5-84bf-a5e08c0145c2,Radiumhospitalet via Økern-Storo-Tåsen,FB3,bus,NBU:ServiceJourney:0e22b733-a412-4078-987f-4047b44fa091,True,actual,False,,,,,2026-10-10T04:52:08.771796+02:00
NSR:StopPlace:58821,Hjerkinn stasjon,2026-10-10T04:01:00+02:00,2026-10-10T04:05:44+02:00,2026-10-10T04:05:44+02:00,284.0,1,Trondheim S,SJN:Line:21,Dovrebanen,F6,rail,SJN:ServiceJourney:405-LOD_30131-R,True,actual,False,,,,,2026-10-10T04:52:08.771796+02:00
NSR:StopPlace:59635,Hauketo stasjon,2026-10-10T03:19:00+02:00,2026-10-10T03:23:39+02:00,2026-10-10T03:23:39+02:00,279.0,1,Kringsjå,RUT:Line:3919,Kringsjå - Åsbråten,19N,bus,RUT:ServiceJourney:472e831d0f62978461b542d5f326d338,True,actual,False,,,,,2026-10-10T04:52:08.771796+02:00
NSR:StopPlace:358,Ustaoset stasjon,2026-10-10T03:19:00+02:00,2026-10-10T03:23:26+02:00,2026-10-10T03:23:26+02:00,266.0,1,Bergen,VYG:Line:F4,Oslo S-Bergen,F4,rail,VYG:ServiceJourney:605-LOD_444356-R,True,actual,False,,,,,2026-10-10T04:52:08.771796+02:00
NSR:StopPlace:58832,Geilo stasjon,2026-10-10T03:07:00+02:00,2026-10-10T03:10:57+02:00,2026-10-10T03:10:57+02:00,237.0,1,Bergen,VYG:Line:F4,Oslo S-Bergen,F4,rail,VYG:ServiceJourney:605-LOD_444356-R,True,actual,False,,,,,2026-10-10T04:52:08.771796+02:00
NSR:StopPlace:200,Finse stasjon,2026-10-10T03:49:00+02:00,2026-10-10T03:52:51+02:00,2026-10-10T03:52:51+02:00,231.0,1,Bergen,VYG:Line:F4,Oslo S-Bergen,F4,rail,VYG:ServiceJourney:605-LOD_444356-R,True,actual,False,,,,,2026-10-10T04:52:08.771796+02:00
NSR:StopPlace:59650,Nyland stasjon,2026-10-10T04:16:00+02:00,2026-10-10T04:19:50+02:00,2026-10-10T04:19:50+02:00,230.0,1,Vestli,RUT:Line:3905,Jernbanetorget - Vestli T,5N,bus,RUT:ServiceJourney:31fa4b6b12a97d42940704ab18d0cba2,True,actual,False,,,,,2026-10-10T04:52:08.771796+02:00
NSR:StopPlace:60078,Kongsvoll stasjon,2026-10-10T04:10:00+02:00,2026-10-10T04:13:47+02:00,2026-10-10T04:13:47+02:00,227.0,1,Trondheim S,SJN:Line:21,Dovrebanen,F6,rail,SJN:ServiceJourney:405-LOD_30131-R,True,actual,False,,,,,2026-10-10T04:52:08.771796+02:00
NSR:StopPlace:61295,Haugastøl stasjon,2026-10-10T03:29:00+02:00,2026-10-10T03:32:44+02:00,2026-10-10T03:32:44+02:00,224.0,1,Bergen,VYG:Line:F4,Oslo S-Bergen,F4,rail,VYG:ServiceJourney:605-LOD_444356-R,True,actual,False,,,,,2026-10-10T04:52:08.771796+02:00
NSR:StopPlace:58816,Dombås stasjon,2026-10-10T03:36:00+02:00,2026-10-10T03:39:37+02:00,2026-10-10T03:39:37+02:00,217.0,1,Trondheim S,SJN:Line:21,Dovrebanen,F6,rail,SJN:ServiceJourney:405-LOD_30131-R,True,actual,False,,,,,2026-10-10T04:52:08.771796+02:00
NSR:StopPlace:59635,Hauketo stasjon,2026-10-10T04:10:00+02:00,2026-10-10T04:13:22+02:00,2026-10-10T04:13:22+02:00,202.0,1,Ski stasjon,RUT:Line:3981,Nationaltheatret - Ski,81N,bus,RUT:ServiceJourney:9d3503a5d5f48de38803aa5f272629d9,True,actual,False,,,,,2026-10-10T04:52:08.771796+02:00
NSR:StopPlace:58963,Jessheim stasjon,2026-10-10T04:18:00+02:00,2026-10-10T04:21:11+02:00,2026-10-10T04:21:11+02:00,191.0,1,Oslo lufthavn,RUT:Line:440,Fenstad/Nordkisa - Oslo lufthavn,440,bus,RUT:ServiceJourney:0ba853338ae334c5ff29e116bcd49eb1,True,actual,False,,,,,2026-10-10T04:52:08.771796+02:00
NSR:StopPlace:59620,Grorud stasjon,2026-10-10T04:18:00+02:00,2026-10-10T04:21:08+02:00,2026-10-10T04:21:08+02:00,188.0,1,Vestli,RUT:Line:3905,Jernbanetorget - Vestli T,5N,bus,RUT:ServiceJourney:31fa4b6b12a97d42940704ab18d0cba2,True,actual,False,,,,,2026-10-10T04:52:08.771796+02:00
NSR:StopPlace:59635,Hauketo stasjon,2026-10-10T03:40:00+02:00,2026-10-10T03:42:55+02:00,2026-10-10T03:42:55+02:00,175.0,1,Ski stasjon,RUT:Line:3981,Nationaltheatret - Ski,81N,bus,RUT:ServiceJourney:af2cbfcef097800bdb2a2e2cc657ff33,True,actual,False,,,,,2026-10-10T04:52:08.771796+02:00
NSR:StopPlace:59650,Nyland stasjon,2026-10-10T03:52:00+02:00,2026-10-10T03:54:54+02:00,2026-10-10T03:54:54+02:00,174.0,1,Oslo lufthavn,NBU:Line:cb7b555c-f96e-42d5-84bf-a5e08c0145c2,Radiumhospitalet via Økern-Storo-Tåsen,FB3,bus,NBU:ServiceJourney:2a1f9e25-a384-4773-a648-91bce13fb380,True,actual,False,,,,,2026-10-10T04:52:08.771796+02:00
NSR:StopPlace:59646,Høvik stasjon,2026-10-10T04:03:00+02:00,2026-10-10T04:05:53+02:00,2026-10-10T04:05:53+02:00,173.0,1,Sætre,RUT:Line:3250,Nationaltheatretl - Sandvika- Slemmestad- Sætre,250N,bus,RUT:ServiceJourney:752f64d99669633c8c47129cc5bb3f33,True,actual,False,,,,,2026-10-10T04:52:08.771796+02:00
NSR:StopPlace:59647,Dal stasjon,2026-10-10T04:05:00+02:00,2026-10-10T04:07:51+02:00,2026-10-10T04:07:51+02:00,171.0,1,Oslo lufthavn,RUT:Line:430,Eidsvoll - Jessheim,430,bus,RUT:ServiceJourney:7ed83fb035a0e4ed2cd73b2e8d6be533,True,actual,False,,,,,2026-10-10T04:52:08.771796+02:00
NSR:StopPlace:58211,Oslo lufthavn,2026-10-10T04:40:00+02:00,2026-10-10T04:42:32+02:00,2026-10-10T04:42:32+02:00,152.0,1,Jessheim,RUT:Line:440,Fenstad/Nordkisa - Oslo lufthavn,440,bus,RUT:ServiceJourney:172bf0604b1963d28b26219aeecf9ba5,True,actual,False,,,,,2026-10-10T04:52:08.771796+02:00
NSR:StopPlace:4,Otta stasjon,2026-10-10T02:57:00+02:00,2026-10-10T02:59:28+02:00,2026-10-10T02:59:28+02:00,148.0,1,Trondheim S,SJN:Line:21,Dovrebanen,F6,rail,SJN:ServiceJourney:405-LOD_30131-R,True,actual,False,,,,,2026-10-10T04:52:08.771796+02:00
NSR:StopPlace:59635,Hauketo stasjon,2026-10-10T03:43:00+02:00,2026-10-10T03:45:28+02:00,2026-10-10T03:45:28+02:00,148.0,1,Enebakk kirke,RUT:Line:550,Enebakk - Oslo,550,bus,RUT:ServiceJourney:7ab38471454027862bfc1971e62bd2d3,True,actual,False,,,,,2026-10-10T04:52:08.771796+02:00
NSR:StopPlace:316,Oppdal stasjon,2026-10-10T04:41:00+02:00,2026-10-10T04:43:27+02:00,2026-10-10T04:43:27+02:00,147.0,1,Trondheim S,SJN:Line:21,Dovrebanen,F6,rail,SJN:ServiceJourney:405-LOD_30131-R,True,actual,False,,,,,2026-10-10T04:52:08.771796+02:00
NSR:StopPlace:59649,Nydalen stasjon,2026-10-10T03:33:00+02:00,2026-10-10T03:35:09+02:00,2026-10-10T03:35:09+02:00,129.0,1,Oslo lufthavn,NBU:Line:cb7b555c-f96e-42d5-84bf-a5e08c0145c2,Radiumhospitalet via Økern-Storo-Tåsen,FB3,bus,NBU:ServiceJourney:2a1f9e25-a384-4773-a648-91bce13fb380,True,actual,False,,,,,2026-10-10T04:52:08.771796+02:00
NSR:StopPlace:59637,Rosenholm stasjon,2026-10-10T04:02:00+02:00,2026-10-10T04:04:08+02:00,2026-10-10T04:04:08+02:00,128.0,1,Fløysbonn,RUT:Line:3983,Nationaltheatret - Fløysbonn,83N,bus,RUT:ServiceJourney:a7e58efc8f5018d2a2f6481326fea181,True,actual,False,,,,,2026-10-10T04:52:08.771796+02:00
NSR:StopPlace:59616,Asker stasjon,2026-10-10T04:07:00+02:00,2026-10-10T04:09:03+02:00,2026-10-10T04:09:03+02:00,123.0,1,Heggedal,RUT:Line:280,Asker - Dikemark - Heggedal,280,bus,RUT:ServiceJourney:85f44239a25fd94c81bf8468e32f634b,True,actual,False,,,,,2026-10-10T04:52:08.771796+02:00
NSR:StopPlace:61608,Kristiansand stasjon,2026-10-10T03:45:00+02:00,2026-10-10T03:46:58+02:00,2026-10-10T03:46:58+02:00,118.0,1,Stavanger,GOA:Line:50,Sørtoget region,F5,rail,GOA:ServiceJourney:725-LOD_67061-R,True,actual,False,,,,,2026-10-10T04:52:08.771796+02:00
NSR:StopPlace:425,Vinstra stasjon,2026-10-10T02:27:00+02:00,2026-10-10T02:28:57+02:00,2026-10-10T02:28:57+02:00,117.0,1,Trondheim S,SJN:Line:21,Dovrebanen,F6,rail,SJN:ServiceJourney:405-LOD_30131-R,True,actual,False,,,,,2026-10-10T04:52:08.771796+02:00
NSR:StopPlace:59648,Kjelsås stasjon,2026-10-10T04:10:00+02:00,2026-10-10T04:11:56+02:00,2026-10-10T04:11:56+02:00,116.0,1,Kværnerbyen,RUT:Line:54,Kværnerbyen - Kjelsås stasjon,54,bus,RUT:ServiceJourney:e6a8f3de59bb3387ebdf3c9e4b6246dd,True,actual,False,"Fra 4. oktober: Buss 54 får økt frekvens mellom rushtidene, og på lørdager",Sjekk reiseplanleggeren for detaljer.,general,normal,2026-10-10T04:52:08.771796+02:00
NSR:StopPlace:59620,Grorud stasjon,2026-10-10T03:54:00+02:00,2026-10-10T03:55:53+02:00,2026-10-10T03:55:53+02:00,113.0,1,Oslo lufthavn,NBU:Line:cb7b555c-f96e-42d5-84bf-a5e08c0145c2,Radiumhospitalet via Økern-Storo-Tåsen,FB3,bus,NBU:ServiceJourney:2a1f9e25-a384-4773-a648-91bce13fb380,True,actual,False,,,,,2026-10-10T04:52:08.771796+02:00
NSR:StopPlace:59651,Skøyen stasjon,2026-10-10T04:17:00+02:00,2026-10-10T04:18:52+02:00,2026-10-10T04:18:52+02:00,112.0,1,Helsfyr T,RUT:Line:20,Skøyen - Galgeberg,20,bus,RUT:ServiceJourney:78836713709c8455143a7920ebaee714,True,actual,False,,,,,2026-10-10T04:52:08.771796+02:00
NSR:StopPlace:58844,Eidsvoll stasjon,2026-10-10T03:41:00+02:00,2026-10-10T03:42:50+02:00,2026-10-10T03:42:50+02:00,110.0,1,Oslo lufthavn,RUT:Line:430,Eidsvoll - Jessheim,430,bus,RUT:ServiceJourney:7ed83fb035a0e4ed2cd73b2e8d6be533,True,actual,False,,,,,2026-10-10T04:52:08.771796+02:00
NSR:StopPlace:59651,Skøyen stasjon,2026-10-10T04:36:00+02:00,2026-10-10T04:37:39+02:00,2026-10-10T04:37:39+02:00,99.0,1,Fornebu,RUT:Line:31,Snarøya - Fornebu - Tonsenhagen - Grorud,31,bus,RUT:ServiceJourney:602267c2d316dc47bb69a0ca5d1ac56f,True,actual,False,,,,,2026-10-10T04:52:08.771796+02:00
NSR:StopPlace:59636,Holmlia stasjon,2026-10-10T04:45:00+02:00,2026-10-10T04:46:37+02:00,2026-10-10T04:46:37+02:00,97.0,1,Jernbanetorget,RUT:Line:3919,Kringsjå - Åsbråten,19N,bus,RUT:ServiceJourney:83c77cd834d0591d468cf1cd95629b98,True,actual,False,,,,,2026-10-10T04:52:08.771796+02:00
NSR:StopPlace:58860,Oppegård stasjon,2026-10-10T04:35:00+02:00,2026-10-10T04:36:37+02:00,2026-10-10T04:36:37+02:00,97.0,1,Ski stasjon,RUT:Line:3981,Nationaltheatret - Ski,81N,bus,RUT:ServiceJourney:9d3503a5d5f48de38803aa5f272629d9,True,actual,False,,,,,2026-10-10T04:52:08.771796+02:00
NSR:StopPlace:17,Ringebu stasjon,2026-10-10T02:09:00+02:00,2026-10-10T02:10:35+02:00,2026-10-10T02:10:35+02:00,95.0,1,Trondheim S,SJN:Line:21,Dovrebanen,F6,rail,SJN:ServiceJourney:405-LOD_30131-R,True,actual,False,,,,,2026-10-10T04:52:08.771796+02:00
NSR:StopPlace:58845,Eidsvoll verk stasjon,2026-10-10T03:55:00+02:00,2026-10-10T03:56:34+02:00,2026-10-10T03:56:34+02:00,94.0,1,Oslo lufthavn,RUT:Line:430,Eidsvoll - Jessheim,430,bus,RUT:ServiceJourney:7ed83fb035a0e4ed2cd73b2e8d6be533,True,actual,False,,,,,2026-10-10T04:52:08.771796+02:00
NSR:StopPlace:59648,Kjelsås stasjon,2026-10-10T04:03:00+02:00,2026-10-10T04:04:33+02:00,2026-10-10T04:04:33+02:00,93.0,1,Majorstuen,RUT:Line:3912,Majorstuen - Kjelsås,12N,bus,RUT:ServiceJourney:0b6f04ded69054f10be781c6b00b1c67,True,actual,False,Linje 12N: Holdeplass Solli flyttet,Inngående: Stopper på holdeplass i Frognerveien. Omkjøring via Observatoriegata – Vestre Solligata – Cort Adelers gate – høyre Henrik Ibsens gate. Utgående: Kjører i bilfeltet ved siden av trikkesporet og benytter midlertidig holdeplass der.,incident,normal,2026-10-10T04:52:08.771796+02:00
NSR:StopPlace:59637,Rosenholm stasjon,2026-10-10T04:32:00+02:00,2026-10-10T04:33:33+02:00,2026-10-10T04:33:33+02:00,93.0,1,Fløysbonn,RUT:Line:3983,Nationaltheatret - Fløysbonn,83N,bus,RUT:ServiceJourney:7e930d4466acaf234dc61d80c8f6da9b,True,actual,False,,,,,2026-10-10T04:52:08.771796+02:00
NSR:StopPlace:59648,Kjelsås stasjon,2026-10-10T03:33:00+02:00,2026-10-10T03:34:32+02:00,2026-10-10T03:34:32+02:00,92.0,1,Majorstuen,RUT:Line:3912,Majorstuen - Kjelsås,12N,bus,RUT:ServiceJourney:78fe99b227f5876733a0d5657128f0b8,True,actual,False,Linje 12N: Holdeplass Solli flyttet,Inngående: Stopper på holdeplass i Frognerveien. Omkjøring via Observatoriegata – Vestre Solligata – Cort Adelers gate – høyre Henrik Ibsens gate. Utgående: Kjører i bilfeltet ved siden av trikkesporet og benytter midlertidig holdeplass der.,incident,normal,2026-10-10T04:52:08.771796+02:00
NSR:StopPlace:59648,Kjelsås stasjon,2026-10-10T03:48:00+02:00,2026-10-10T03:49:31+02:00,2026-10-10T03:49:31+02:00,91.0,1,Majorstuen,RUT:Line:3911,Majorstuen - Kjelsås,11N,bus,RUT:ServiceJourney:a3b74abab4859a9c7a9f52e3de81922c,True,actual,False,,,,,2026-10-10T04:52:08.771796+02:00
NSR:StopPlace:59635,Hauketo stasjon,2026-10-10T04:40:00+02:00,2026-10-10T04:41:31+02:00,2026-10-10T04:41:31+02:00,91.0,1,Fløysbonn,RUT:Line:3981,Nationaltheatret - Ski,81N,bus,RUT:ServiceJourney:e5a8a0651a84bfd2479761c9b1b8d02e,True,actual,False,,,,,2026-10-10T04:52:08.771796+02:00
NSR:StopPlace:420,Lillehammer stasjon,2026-10-10T04:39:00+02:00,2026-10-10T04:40:31+02:00,2026-10-10T04:40:31+02:00,91.0,1,Lillestrøm,SJN:Line:21,Dovrebanen,F6,rail,SJN:ServiceJourney:406-TND_54456-R,True,actual,False,,,,,2026-10-10T04:52:08.771796+02:00
NSR:StopPlace:59643,Grefsen stasjon,2026-10-10T03:38:00+02:00,2026-10-10T03:39:30+02:00,2026-10-10T03:39:30+02:00,90.0,1,Oslo lufthavn,NBU:Line:cb7b555c-f96e-42d5-84bf-a5e08c0145c2,Radiumhospitalet via Økern-Storo-Tåsen,FB3,bus,NBU:ServiceJourney:2a1f9e25-a384-4773-a648-91bce13fb380,True,actual,False,,,,,2026-10-10T04:52:08.771796+02:00
NSR:StopPlace:58853,Kolbotn stasjon,2026-10-10T04:46:00+02:00,2026-10-10T04:47:29+02:00,2026-10-10T04:47:29+02:00,89.0,1,Fløysbonn,RUT:Line:3983,Nationaltheatret - Fløysbonn,83N,bus,RUT:ServiceJourney:7e930d4466acaf234dc61d80c8f6da9b,True,actual,False,,,,,2026-10-10T04:52:08.771796+02:00
NSR:StopPlace:59636,Holmlia stasjon,2026-10-10T03:59:00+02:00,2026-10-10T04:00:25+02:00,2026-10-10T04:00:25+02:00,85.0,1,Fløysbonn,RUT:Line:3983,Nationaltheatret - Fløysbonn,83N,bus,RUT:ServiceJourney:a7e58efc8f5018d2a2f6481326fea181,True,actual,False,,,,,2026-10-10T04:52:08.771796+02:00
NSR:StopPlace:58211,Oslo lufthavn,2026-10-10T04:45:00+02:00,2026-10-10T04:46:23+02:00,2026-10-10T04:46:23+02:00,83.0,1,Oslo sentrum via Helsfyr-Hasle-Bislett,NBU:Line:a7c15243-8873-4aee-a8b4-8d22e8ad31dc,Oslo sentrum via Helsfyr-Hasle-Bislett,FB5,bus,NBU:ServiceJourney:6c9728da-6c9e-4b94-b137-6101104c1330,True,actual,False,,,,,2026-10-10T04:52:08.771796+02:00
NSR:StopPlace:58816,Dombås stasjon,2026-10-10T02:18:00+02:00,2026-10-10T02:19:21+02:00,2026-10-10T02:19:21+02:00,81.0,1,Lillestrøm,SJN:Line:21,Dovrebanen,F6,rail,SJN:ServiceJourney:406-TND_54456-R,True,actual,False,,,,,2026-10-10T04:52:08.771796+02:00
NSR:StopPlace:58860,Oppegård stasjon,2026-10-10T04:05:00+02:00,2026-10-10T04:06:19+02:00,2026-10-10T04:06:19+02:00,79.0,1,Ski stasjon,RUT:Line:3981,Nationaltheatret - Ski,81N,bus,RUT:ServiceJourney:af2cbfcef097800bdb2a2e2cc657ff33,True,actual,False,,,,,2026-10-10T04:52:08.771796+02:00
NSR:StopPlace:59638,Myrvoll stasjon,2026-10-10T04:30:00+02:00,2026-10-10T04:31:14+02:00,2026-10-10T04:31:14+02:00,74.0,1,Ski stasjon,RUT:Line:3981,Nationaltheatret - Ski,81N,bus,RUT:ServiceJourney:9d3503a5d5f48de38803aa5f272629d9,True,actual,False,,,,,2026-10-10T04:52:08.771796+02:00
NSR:StopPlace:59648,Kjelsås stasjon,2026-10-10T04:40:00+02:00,2026-10-10T04:41:11+02:00,2026-10-10T04:41:11+02:00,71.0,1,Kværnerbyen,RUT:Line:54,Kværnerbyen - Kjelsås stasjon,54,bus,RUT:ServiceJourney:d26bd617930b2c397ab978c66880926e,True,actual,False,"Fra 4. oktober: Buss 54 får økt frekvens mellom rushtidene, og på lørdager",Sjekk reiseplanleggeren for detaljer.,general,normal,2026-10-10T04:52:08.771796+02:00
NSR:StopPlace:58853,Kolbotn stasjon,2026-10-10T04:16:00+02:00,2026-10-10T04:17:11+02:00,2026-10-10T04:17:11+02:00,71.0,1,Fløysbonn,RUT:Line:3983,Nationaltheatret - Fløysbonn,83N,bus,RUT:ServiceJourney:a7e58efc8f5018d2a2f6481326fea181,True,actual,False,,,,,2026-10-10T04:52:08.771796+02:00
NSR:StopPlace:59649,Nydalen stasjon,2026-10-10T04:03:00+02:00,2026-10-10T04:04:09+02:00,2026-10-10T04:04:09+02:00,69.0,1,Oslo lufthavn,NBU:Line:cb7b555c-f96e-42d5-84bf-a5e08c0145c2,Radiumhospitalet via Økern-Storo-Tåsen,FB3,bus,NBU:ServiceJourney:140f97bd-3ebd-470f-b17f-80ea94bc611f,True,actual,False,,,,,2026-10-10T04:52:08.771796+02:00
NSR:StopPlace:59638,Myrvoll stasjon,2026-10-10T04:00:00+02:00,2026-10-10T04:01:05+02:00,2026-10-10T04:01:05+02:00,65.0,1,Ski stasjon,RUT:Line:3981,Nationaltheatret - Ski,81N,bus,RUT:ServiceJourney:af2cbfcef097800bdb2a2e2cc657ff33,True,actual,False,,,,,2026-10-10T04:52:08.771796+02:00
NSR:StopPlace:58833,Gol stasjon,2026-10-10T03:25:00+02:00,2026-10-10T03:26:05+02:00,2026-10-10T03:26:05+02:00,65.0,1,Oslo S,VYG:Line:F4,Oslo S-Bergen,F4,rail,VYG:ServiceJourney:80606_645314-R,True,actual,False,,,,,2026-10-10T04:52:08.771796+02:00
NSR:StopPlace:4,Otta stasjon,2026-10-10T03:11:00+02:00,2026-10-10T03:12:03+02:00,2026-10-10T03:12:03+02:00,63.0,1,Lillestrøm,SJN:Line:21,Dovrebanen,F6,rail,SJN:ServiceJourney:406-TND_54456-R,True,actual,False,,,,,2026-10-10T04:52:08.771796+02:00
NSR:StopPlace:59651,Skøyen stasjon,2026-10-10T04:41:00+02:00,2026-10-10T04:42:02+02:00,2026-10-10T04:42:02+02:00,62.0,1,Grorud T,RUT:Line:31,Snarøya - Fornebu - Tonsenhagen - Grorud,31,bus,RUT:ServiceJourney:384d50608ce3cf235a2a87e891d073ab,True,actual,False,,,,,2026-10-10T04:52:08.771796+02:00
NSR:StopPlace:59648,Kjelsås stasjon,2026-10-10T04:48:00+02:00,2026-10-10T04:49:01+02:00,2026-10-10T04:49:01+02:00,61.0,1,Majorstuen,RUT:Line:3911,Majorstuen - Kjelsås,11N,bus,RUT:ServiceJourney:d0819a0b1e2573efefb0c6426137ffb9,True,actual,False,,,,,2026-10-10T04:52:08.771796+02:00
NSR:StopPlace:58832,Geilo stasjon,2026-10-10T02:42:00+02:00,2026-10-10T02:43:01+02:00,2026-10-10T02:43:01+02:00,61.0,1,Oslo S,VYG:Line:F4,Oslo S-Bergen,F4,rail,VYG:ServiceJourney:80606_645314-R,True,actual,False,,,,,2026-10-10T04:52:08.771796+02:00
NSR:StopPlace:58853,Kolbotn stasjon,2026-10-10T04:08:00+02:00,2026-10-10T04:09:00+02:00,2026-10-10T04:09:00+02:00,60.0,1,Mastemyr,RUT:Line:3983,Nationaltheatret - Fløysbonn,83N,bus,RUT:ServiceJourney:e18c1ee206d6270ca0a3221927587cfe,True,actual,False,,,,,2026-10-10T04:52:08.771796+02:00
NSR:StopPlace:59648,Kjelsås stasjon,2026-10-10T04:18:00+02:00,2026-10-10T04:18:57+02:00,2026-10-10T04:18:57+02:00,57.0,1,Majorstuen,RUT:Line:3911,Majorstuen - Kjelsås,11N,bus,RUT:ServiceJourney:4a73347ce486b4312570dc50dfd3c3b5,True,actual,False,,,,,2026-10-10T04:52:08.771796+02:00
NSR:StopPlace:58211,Oslo lufthavn,2026-10-10T04:38:00+02:00,2026-10-10T04:38:54+02:00,2026-10-10T04:38:54+02:00,54.0,1,Frogner,RUT:Line:425,Kløfta – Oslo lufthavn,425,bus,RUT:ServiceJourney:15fdb4bd9025e41689b6283b2ec444c7,True,actual,False,,,,,2026-10-10T04:52:08.771796+02:00
NSR:StopPlace:17,Ringebu stasjon,2026-10-10T03:53:00+02:00,2026-10-10T03:53:53+02:00,2026-10-10T03:53:53+02:00,53.0,1,Lillestrøm,SJN:Line:21,Dovrebanen,F6,rail,SJN:ServiceJourney:406-TND_54456-R,True,actual,False,,,,,2026-10-10T04:52:08.771796+02:00
NSR:StopPlace:425,Vinstra stasjon,2026-10-10T03:35:00+02:00,2026-10-10T03:35:53+02:00,2026-10-10T03:35:53+02:00,53.0,1,Lillestrøm,SJN:Line:21,Dovrebanen,F6,rail,SJN:ServiceJourney:406-TND_54456-R,True,actual,False,,,,,2026-10-10T04:52:08.771796+02:00
NSR:StopPlace:61295,Haugastøl stasjon,2026-10-10T02:18:00+02:00,2026-10-10T02:18:52+02:00,2026-10-10T02:18:52+02:00,52.0,1,Oslo S,VYG:Line:F4,Oslo S-Bergen,F4,rail,VYG:ServiceJourney:80606_645314-R,True,actual,False,,,,,2026-10-10T04:52:08.771796+02:00
NSR:StopPlace:58849,Hakadal stasjon,2026-10-10T04:48:00+02:00,2026-10-10T04:48:49+02:00,2026-10-10T04:48:49+02:00,49.0,1,Løvstad,RUT:Line:390,Kongskog/Hellerudhaugen - Oslo bussterminal,390,bus,RUT:ServiceJourney:241dd9c40503c5bcf70acaa84713d10a,True,actual,False,,,,,2026-10-10T04:52:08.771796+02:00
NSR:StopPlace:59635,Hauketo stasjon,2026-10-10T04:49:00+02:00,2026-10-10T04:49:43+02:00,2026-10-10T04:49:43+02:00,43.0,1,Jernbanetorget,RUT:Line:3919,Kringsjå - Åsbråten,19N,bus,RUT:ServiceJourney:83c77cd834d0591d468cf1cd95629b98,True,actual,False,,,,,2026-10-10T04:52:08.771796+02:00
NSR:StopPlace:58837,Nesbyen stasjon,2026-10-10T03:37:00+02:00,2026-10-10T03:37:42+02:00,2026-10-10T03:37:42+02:00,42.0,1,Oslo S,VYG:Line:F4,Oslo S-Bergen,F4,rail,VYG:ServiceJourney:80606_645314-R,True,actual,False,,,,,2026-10-10T04:52:08.771796+02:00
NSR:StopPlace:222,Myrdal stasjon,2026-10-10T04:21:00+02:00,2026-10-10T04:21:37+02:00,2026-10-10T04:21:37+02:00,37.0,1,Bergen,VYG:Line:F4,Oslo S-Bergen,F4,rail,VYG:ServiceJourney:605-LOD_444356-R,True,actual,False,,,,,2026-10-10T04:52:08.771796+02:00
NSR:StopPlace:59648,Kjelsås stasjon,2026-10-10T04:33:00+02:00,2026-10-10T04:33:36+02:00,2026-10-10T04:33:36+02:00,36.0,1,Majorstuen,RUT:Line:3912,Majorstuen - Kjelsås,12N,bus,RUT:ServiceJourney:cc824335ee5b8ae884e072a32436baeb,True,actual,False,Linje 12N: Holdeplass Solli flyttet,Inngående: Stopper på holdeplass i Frognerveien. Omkjøring via Observatoriegata – Vestre Solligata – Cort Adelers gate – høyre Henrik Ibsens gate. Utgående: Kjører i bilfeltet ved siden av trikkesporet og benytter midlertidig holdeplass der.,incident,normal,2026-10-10T04:52:08.771796+02:00
NSR:StopPlace:59651,Skøyen stasjon,2026-10-10T04:16:00+02:00,2026-10-10T04:16:36+02:00,2026-10-10T04:16:36+02:00,36.0,1,Grorud T,RUT:Line:31,Snarøya - Fornebu - Tonsenhagen - Grorud,31,bus,RUT:ServiceJourney:c00279c4ffc74e5a41f4504abf6f7e7b,True,actual,False,,,,,2026-10-10T04:52:08.771796+02:00
NSR:StopPlace:59654,Stabekk stasjon,2026-10-10T04:09:00+02:00,2026-10-10T04:09:33+02:00,2026-10-10T04:09:33+02:00,33.0,1,Gullhaug,RUT:Line:150,Gullhaug - Nationaltheatret,150,bus,RUT:ServiceJourney:ec23dd029c4eb98012ffc3b33aa53cb0,True,actual,False,Holdeplass Stabekk stasjon i retning mot Bekkestua er flyttet ca. 50 meter bakover.,Dette skyldes anleggsarbeid i området.,incident,normal,2026-10-10T04:52:08.771796+02:00
NSR:StopPlace:58831,Flå stasjon,2026-10-10T04:04:00+02:00,2026-10-10T04:04:31+02:00,2026-10-10T04:04:31+02:00,31.0,1,Oslo S,VYG:Line:F4,Oslo S-Bergen,F4,rail,VYG:ServiceJourney:80606_645314-R,True,actual,False,,,,,2026-10-10T04:52:08.771796+02:00
NSR:StopPlace:59651,Skøyen stasjon,2026-10-10T03:47:00+02:00,2026-10-10T03:47:25+02:00,2026-10-10T03:47:25+02:00,25.0,1,Helsfyr T,RUT:Line:20,Skøyen - Galgeberg,20,bus,RUT:ServiceJourney:9fee55a2e800748cb898ab67ade13a12,True,actual,False,,,,,2026-10-10T04:52:08.771796+02:00
NSR:StopPlace:60944,Ski stasjon,2026-10-10T04:03:00+02:00,2026-10-10T04:03:25+02:00,2026-10-10T04:03:25+02:00,25.0,1,Ødegården,RUT:Line:3981,Nationaltheatret - Ski,81N,bus,RUT:ServiceJourney:1a1c39c47435a659623d3cc43a79832b,True,actual,False,,,,,2026-10-10T04:52:08.771796+02:00
NSR:StopPlace:58847,Frogner stasjon,2026-10-10T04:08:00+02:00,2026-10-10T04:08:25+02:00,2026-10-10T04:08:25+02:00,25.0,1,Oslo lufthavn,RUT:Line:425,Kløfta – Oslo lufthavn,425,bus,RUT:ServiceJourney:7888d1e141a02eff04149a462aabbdfb,True,actual,False,,,,,2026-10-10T04:52:08.771796+02:00
NSR:StopPlace:59650,Nyland stasjon,2026-10-10T04:22:00+02:00,2026-10-10T04:22:23+02:00,2026-10-10T04:22:23+02:00,23.0,1,Oslo lufthavn,NBU:Line:cb7b555c-f96e-42d5-84bf-a5e08c0145c2,Radiumhospitalet via Økern-Storo-Tåsen,FB3,bus,NBU:ServiceJourney:140f97bd-3ebd-470f-b17f-80ea94bc611f,True,actual,False,,,,,2026-10-10T04:52:08.771796+02:00
NSR:StopPlace:59636,Holmlia stasjon,2026-10-10T04:29:00+02:00,2026-10-10T04:29:23+02:00,2026-10-10T04:29:23+02:00,23.0,1,Fløysbonn,RUT:Line:3983,Nationaltheatret - Fløysbonn,83N,bus,RUT:ServiceJourney:7e930d4466acaf234dc61d80c8f6da9b,True,actual,False,,,,,2026-10-10T04:52:08.771796+02:00
NSR:StopPlace:58964,Kløfta stasjon,2026-10-10T04:18:00+02:00,2026-10-10T04:18:23+02:00,2026-10-10T04:18:23+02:00,23.0,1,Oslo lufthavn,RUT:Line:425,Kløfta – Oslo lufthavn,425,bus,RUT:ServiceJourney:7888d1e141a02eff04149a462aabbdfb,True,actual,False,,,,,2026-10-10T04:52:08.771796+02:00
NSR:StopPlace:59648,Kjelsås stasjon,2026-10-10T03:40:00+02:00,2026-10-10T03:40:21+02:00,2026-10-10T03:40:21+02:00,21.0,1,Kværnerbyen,RUT:Line:54,Kværnerbyen - Kjelsås stasjon,54,bus,RUT:ServiceJourney:0df731d32e027037fc25c91b2e042550,True,actual,False,"Fra 4. oktober: Buss 54 får økt frekvens mellom rushtidene, og på lørdager",Sjekk reiseplanleggeren for detaljer.,general,normal,2026-10-10T04:52:08.771796+02:00
NSR:StopPlace:59638,Myrvoll stasjon,2026-10-10T04:19:00+02:00,2026-10-10T04:19:21+02:00,2026-10-10T04:19:21+02:00,21.0,1,Ødegården,RUT:Line:3981,Nationaltheatret - Ski,81N,bus,RUT:ServiceJourney:1a1c39c47435a659623d3cc43a79832b,True,actual,False,,,,,2026-10-10T04:52:08.771796+02:00
NSR:StopPlace:59651,Skøyen stasjon,2026-10-10T04:47:00+02:00,2026-10-10T04:47:19+02:00,2026-10-10T04:47:19+02:00,19.0,1,Helsfyr T,RUT:Line:20,Skøyen - Galgeberg,20,bus,RUT:ServiceJourney:c717978f2cdfdceb4c8ce0569d2bf963,True,actual,False,,,,,2026-10-10T04:52:08.771796+02:00
NSR:StopPlace:358,Ustaoset stasjon,2026-10-10T02:30:00+02:00,2026-10-10T02:30:16+02:00,2026-10-10T02:30:16+02:00,16.0,1,Oslo S,VYG:Line:F4,Oslo S-Bergen,F4,rail,VYG:ServiceJourney:80606_645314-R,True,actual,False,,,,,2026-10-10T04:52:08.771796+02:00
NSR:StopPlace:71,Hallingskeid stasjon,2026-10-10T04:04:00+02:00,2026-10-10T04:04:14+02:00,2026-10-10T04:04:14+02:00,14.0,1,Bergen,VYG:Line:F4,Oslo S-Bergen,F4,rail,VYG:ServiceJourney:605-LOD_444356-R,True,actual,False,,,,,2026-10-10T04:52:08.771796+02:00
NSR:StopPlace:58841,Ål stasjon,2026-10-10T03:06:00+02:00,2026-10-10T03:06:09+02:00,2026-10-10T03:06:09+02:00,9.0,1,Oslo S,VYG:Line:F4,Oslo S-Bergen,F4,rail,VYG:ServiceJourney:80606_645314-R,True,actual,False,,,,,2026-10-10T04:52:08.771796+02:00
NSR:StopPlace:59643,Grefsen stasjon,2026-10-10T04:08:00+02:00,2026-10-10T04:08:08+02:00,2026-10-10T04:08:08+02:00,8.0,1,Oslo lufthavn,NBU:Line:cb7b555c-f96e-42d5-84bf-a5e08c0145c2,Radiumhospitalet via Økern-Storo-Tåsen,FB3,bus,NBU:ServiceJourney:140f97bd-3ebd-470f-b17f-80ea94bc611f,True,actual,False,,,,,2026-10-10T04:52:08.771796+02:00
NSR:StopPlace:59651,Skøyen stasjon,2026-10-10T03:46:00+02:00,2026-10-10T03:46:08+02:00,2026-10-10T03:46:08+02:00,8.0,1,Grorud T,RUT:Line:31,Snarøya - Fornebu - Tonsenhagen - Grorud,31,bus,RUT:ServiceJourney:fbb83a81fb70fc6044f4fda0d6464a1b,True,actual,False,,,,,2026-10-10T04:52:08.771796+02:00
NSR:StopPlace:59620,Grorud stasjon,2026-10-10T04:24:00+02:00,2026-10-10T04:24:07+02:00,2026-10-10T04:24:07+02:00,7.0,1,Oslo lufthavn,NBU:Line:cb7b555c-f96e-42d5-84bf-a5e08c0145c2,Radiumhospitalet via Økern-Storo-Tåsen,FB3,bus,NBU:ServiceJourney:140f97bd-3ebd-470f-b17f-80ea94bc611f,True,actual,False,,,,,2026-10-10T04:52:08.771796+02:00
NSR:StopPlace:58860,Oppegård stasjon,2026-10-10T04:13:00+02:00,2026-10-10T04:13:02+02:00,2026-10-10T04:13:02+02:00,2.0,1,Ødegården,RUT:Line:3981,Nationaltheatret - Ski,81N,bus,RUT:ServiceJourney:1a1c39c47435a659623d3cc43a79832b,True,actual,False,,,,,2026-10-10T04:52:08.771796+02:00
NSR:StopPlace:59651,Skøyen stasjon,2026-10-10T04:06:00+02:00,2026-10-10T04:05:57+02:00,2026-10-10T04:05:57+02:00,0.0,0,Snarøya,RUT:Line:31,Snarøya - Fornebu - Tonsenhagen - Grorud,31,bus,RUT:ServiceJourney:a4a6955fd87ab62f38f974cc617c53b2,True,actual,False,,,,,2026-10-10T04:52:08.771796+02:00
NSR:StopPlace:200,Finse stasjon,2026-10-10T02:00:00+02:00,2026-10-10T01:59:38+02:00,2026-10-10T01:59:38+02:00,0.0,0,Oslo S,VYG:Line:F4,Oslo S-Bergen,F4,rail,VYG:ServiceJourney:80606_645314-R,True,actual,False,,,,,2026-10-10T04:52:08.771796+02:00
NSR:StopPlace:61251,Øksnavadporten stasjon,2026-10-11T01:05:00+02:00,2026-10-10T01:06:00+02:00,2026-10-10T01:06:00+02:00,0.0,0,Stavanger,GOA:Line:59,Jærbanen,L5,rail,GOA:ServiceJourney:3091_63144-R,True,actual,False,,,,,2026-10-10T01:37:25.941423+02:00
NSR:StopPlace:61251,Øksnavadporten stasjon,2026-10-11T01:19:00+02:00,2026-10-10T01:20:20+02:00,2026-10-10T01:20:20+02:00,0.0,0,Egersund,GOA:Line:59,Jærbanen,L5,rail,GOA:ServiceJourney:3090_63143-R,True,actual,False,,,,,2026-10-10T01:37:25.941423+02:00
NSR:StopPlace:61291,Stavanger stasjon,2026-10-11T00:53:00+02:00,2026-10-10T00:53:20+02:00,2026-10-10T00:53:20+02:00,0.0,0,Egersund,GOA:Line:59,Jærbanen,L5,rail,GOA:ServiceJourney:3090_63143-R,True,actual,False,,,,,2026-10-10T01:37:25.941423+02:00
NSR:StopPlace:8,Paradis stasjon,2026-10-11T00:56:00+02:00,2026-10-10T00:56:01+02:00,2026-10-10T00:56:01+02:00,0.0,0,Egersund,GOA:Line:59,Jærbanen,L5,rail,GOA:ServiceJourney:3090_63143-R,True,actual,False,,,,,2026-10-10T01:37:25.941423+02:00
NSR:StopPlace:8,Paradis stasjon,2026-10-11T01:28:00+02:00,2026-10-10T01:28:05+02:00,2026-10-10T01:28:05+02:00,0.0,0,Stavanger,GOA:Line:59,Jærbanen,L5,rail,GOA:ServiceJourney:3091_63144-R,True,actual,False,,,,,2026-10-10T01:37:25.941423+02:00
NSR:StopPlace:61334,Ogna stasjon,2026-10-11T00:33:00+02:00,2026-10-10T00:35:05+02:00,2026-10-10T00:35:05+02:00,0.0,0,Stavanger,GOA:Line:59,Jærbanen,L5,rail,GOA:ServiceJourney:3091_63144-R,True,actual,False,,,,,2026-10-10T01:37:25.941423+02:00
NSR:StopPlace:61872,Nærbø stasjon,2026-10-11T00:52:00+02:00,2026-10-10T00:53:24+02:00,2026-10-10T00:53:24+02:00,0.0,0,Stavanger,GOA:Line:59,Jærbanen,L5,rail,GOA:ServiceJourney:3091_63144-R,True,actual,False,,,,,2026-10-10T01:37:25.941423+02:00
NSR:StopPlace:61872,Nærbø stasjon,2026-10-11T01:33:00+02:00,2026-10-10T01:33:26+02:00,2026-10-10T01:33:26+02:00,0.0,0,Egersund,GOA:Line:59,Jærbanen,L5,rail,GOA:ServiceJourney:3090_63143-R,True,actual,False,,,,,2026-10-10T01:37:25.941423+02:00
NSR:StopPlace:59957,Klepp stasjon,2026-10-11T01:02:00+02:00,2026-10-10T01:03:00+02:00,2026-10-10T01:03:00+02:00,0.0,0,Stavanger,GOA:Line:59,Jærbanen,L5,rail,GOA:ServiceJourney:3091_63144-R,True,actual,False,,,,,2026-10-10T01:37:25.941423+02:00
NSR:StopPlace:59957,Klepp stasjon,2026-10-11T01:22:00+02:00,2026-10-10T01:23:03+02:00,2026-10-10T01:23:03+02:00,0.0,0,Egersund,GOA:Line:59,Jærbanen,L5,rail,GOA:ServiceJourney:3090_63143-R,True,actual,False,,,,,2026-10-10T01:37:25.941423+02:00
NSR:StopPlace:59244,Egersund stasjon,2026-10-11T00:19:00+02:00,2026-10-10T00:21:42+02:00,2026-10-10T00:21:42+02:00,0.0,0,Stavanger,GOA:Line:59,Jærbanen,L5,rail,GOA:ServiceJourney:3091_63144-R,True,actual,False,,,,,2026-10-10T01:37:25.941423+02:00
NSR:StopPlace:59244,Egersund stasjon,2026-10-11T01:19:00+02:00,2026-10-10T01:25:10+02:00,2026-10-10T01:25:10+02:00,0.0,0,Stavanger,GOA:Line:59,Jærbanen,L5,rail,GOA:ServiceJourney:3093_63146-R,True,actual,False,,,,,2026-10-10T01:37:25.941423+02:00
NSR:StopPlace:60271,Varhaug stasjon,2026-10-11T00:48:00+02:00,2026-10-10T00:49:26+02:00,2026-10-10T00:49:26+02:00,0.0,0,Stavanger,GOA:Line:59,Jærbanen,L5,rail,GOA:ServiceJourney:3091_63144-R,True,actual,False,,,,,2026-10-10T01:37:25.941423+02:00
NSR:StopPlace:60569,Sirevåg stasjon,2026-10-11T00:30:00+02:00,2026-10-10T00:33:02+02:00,2026-10-10T00:33:02+02:00,0.0,0,Stavanger,GOA:Line:59,Jærbanen,L5,rail,GOA:ServiceJourney:3091_63144-R,True,actual,False,,,,,2026-10-10T01:37:25.941423+02:00
NSR:StopPlace:60569,Sirevåg stasjon,2026-10-11T01:30:00+02:00,2026-10-10T01:36:05+02:00,2026-10-10T01:36:05+02:00,0.0,0,Stavanger,GOA:Line:59,Jærbanen,L5,rail,GOA:ServiceJourney:3093_63146-R,True,actual,False,,,,,2026-10-10T01:37:25.941423+02:00
NSR:StopPlace:58924,Bryne stasjon,2026-10-11T00:58:00+02:00,2026-10-10T00:58:58+02:00,2026-10-10T00:58:58+02:00,0.0,0,Stavanger,GOA:Line:59,Jærbanen,L5,rail,GOA:ServiceJourney:3091_63144-R,True,actual,False,,,,,2026-10-10T01:37:25.941423+02:00
NSR:StopPlace:58924,Bryne stasjon,2026-10-11T01:27:00+02:00,2026-10-10T01:27:30+02:00,2026-10-10T01:27:30+02:00,0.0,0,Egersund,GOA:Line:59,Jærbanen,L5,rail,GOA:ServiceJourney:3090_63143-R,True,actual,False,,,,,2026-10-10T01:37:25.941423+02:00
NSR:StopPlace:63079,Skeiane stasjon,2026-10-11T01:12:00+02:00,2026-10-10T01:12:03+02:00,2026-10-10T01:12:03+02:00,0.0,0,Stavanger,GOA:Line:59,Jærbanen,L5,rail,GOA:ServiceJourney:3091_63144-R,True,actual,False,,,,,2026-10-10T01:37:25.941423+02:00
NSR:StopPlace:63079,Skeiane stasjon,2026-10-11T01:12:00+02:00,2026-10-10T01:13:04+02:00,2026-10-10T01:13:04+02:00,0.0,0,Egersund,GOA:Line:59,Jærbanen,L5,rail,GOA:ServiceJourney:3090_63143-R,True,actual,False,,,,,2026-10-10T01:37:25.941423+02:00
NSR:StopPlace:362,Jåttåvågen stasjon,2026-10-11T01:02:00+02:00,2026-10-10T01:02:42+02:00,2026-10-10T01:02:42+02:00,0.0,0,Egersund,GOA:Line:59,Jærbanen,L5,rail,GOA:ServiceJourney:3090_63143-R,True,actual,False,,,,,2026-10-10T01:37:25.941423+02:00
NSR:StopPlace:362,Jåttåvågen stasjon,2026-10-11T01:22:00+02:00,2026-10-10T01:22:04+02:00,2026-10-10T01:22:04+02:00,0.0,0,Stavanger,GOA:Line:59,Jærbanen,L5,rail,GOA:ServiceJourney:3091_63144-R,True,actual,False,,,,,2026-10-10T01:37:25.941423+02:00
NSR:StopPlace:206,Mariero stasjon,2026-10-11T00:59:00+02:00,2026-10-10T00:59:13+02:00,2026-10-10T00:59:13+02:00,0.0,0,Egersund,GOA:Line:59,Jærbanen,L5,rail,GOA:ServiceJourney:3090_63143-R,True,actual,False,,,,,2026-10-10T01:37:25.941423+02:00
NSR:StopPlace:206,Mariero stasjon,2026-10-11T01:25:00+02:00,2026-10-10T01:25:19+02:00,2026-10-10T01:25:19+02:00,0.0,0,Stavanger,GOA:Line:59,Jærbanen,L5,rail,GOA:ServiceJourney:3091_63144-R,True,actual,False,,,,,2026-10-10T01:37:25.941423+02:00
NSR:StopPlace:261,Ganddal stasjon,2026-10-11T01:09:00+02:00,2026-10-10T01:09:10+02:00,2026-10-10T01:09:10+02:00,0.0,0,Stavanger,GOA:Line:59,Jærbanen,L5,rail,GOA:ServiceJourney:3091_63144-R,True,actual,False,,,,,2026-10-10T01:37:25.941423+02:00
NSR:StopPlace:261,Ganddal stasjon,2026-10-11T01:15:00+02:00,2026-10-10T01:16:20+02:00,2026-10-10T01:16:20+02:00,0.0,0,Egersund,GOA:Line:59,Jærbanen,L5,rail,GOA:ServiceJourney:3090_63143-R,True,actual,False,,,,,2026-10-10T01:37:25.941423+02:00
NSR:StopPlace:702,Sandnes sentrum stasjon,2026-10-11T01:10:00+02:00,2026-10-10T01:10:36+02:00,2026-10-10T01:10:36+02:00,0.0,0,Egersund,GOA:Line:59,Jærbanen,L5,rail,GOA:ServiceJourney:3090_63143-R,True,actual,False,,,,,2026-10-10T01:37:25.941423+02:00
NSR:StopPlace:702,Sandnes sentrum stasjon,2026-10-11T01:14:00+02:00,2026-10-10T01:14:26+02:00,2026-10-10T01:14:26+02:00,0.0,0,Stavanger,GOA:Line:59,Jærbanen,L5,rail,GOA:ServiceJourney:3091_63144-R,True,actual,False,,,,,2026-10-10T01:37:25.941423+02:00
NSR:StopPlace:62311,Vigrestad stasjon,2026-10-11T00:43:00+02:00,2026-10-10T00:45:08+02:00,2026-10-10T00:45:08+02:00,0.0,0,Stavanger,GOA:Line:59,Jærbanen,L5,rail,GOA:ServiceJourney:3091_63144-R,True,actual,False,,,,,2026-10-10T01:37:25.941423+02:00
NSR:StopPlace:62310,Brusand stasjon,2026-10-11T00:36:00+02:00,2026-10-10T00:38:18+02:00,2026-10-10T00:38:18+02:00,0.0,0,Stavanger,GOA:Line:59,Jærbanen,L5,rail,GOA:ServiceJourney:3091_63144-R,True,actual,False,,,,,2026-10-10T01:37:25.941423+02:00
NSR:StopPlace:61979,Hellvik stasjon,2026-10-11T00:25:00+02:00,2026-10-10T00:28:02+02:00,2026-10-10T00:28:02+02:00,0.0,0,Stavanger,GOA:Line:59,Jærbanen,L5,rail,GOA:ServiceJourney:3091_63144-R,True,actual,False,,,,,2026-10-10T01:37:25.941423+02:00
NSR:StopPlace:61979,Hellvik stasjon,2026-10-11T01:25:00+02:00,2026-10-10T01:31:05+02:00,2026-10-10T01:31:05+02:00,0.0,0,Stavanger,GOA:Line:59,Jærbanen,L5,rail,GOA:ServiceJourney:3093_63146-R,True,actual,False,,,,,2026-10-10T01:37:25.941423+02:00
NSR:StopPlace:59650,Nyland stasjon,2026-10-10T04:52:00+02:00,2026-10-10T04:57:29+02:00,,329.0,1,Oslo lufthavn,NBU:Line:cb7b555c-f96e-42d5-84bf-a5e08c0145c2,Radiumhospitalet via Økern-Storo-Tåsen,FB3,bus,NBU:ServiceJourney:0e22b733-a412-4078-987f-4047b44fa091,True,expected,False,,,,,2026-10-10T04:52:08.771796+02:00
NSR:StopPlace:58932,Hommelvik stasjon,2026-10-10T02:07:00+02:00,2026-10-10T02:11:46+02:00,,286.0,1,Stjørdal,ATB:Line:2_116,Trondheim- Hommelvik- Stjørdal,116,bus,ATB:ServiceJourney:116_251217091073826_6002,True,expected,False,,,,,2026-10-10T01:37:25.941423+02:00
NSR:StopPlace:59620,Grorud stasjon,2026-10-10T04:54:00+02:00,2026-10-10T04:58:29+02:00,,269.0,1,Oslo lufthavn,NBU:Line:cb7b555c-f96e-42d5-84bf-a5e08c0145c2,Radiumhospitalet via Økern-Storo-Tåsen,FB3,bus,NBU:ServiceJourney:0e22b733-a412-4078-987f-4047b44fa091,True,expected,False,,,,,2026-10-10T04:52:08.771796+02:00
NSR:StopPlace:59091,Storekvina stasjon,2026-10-10T04:53:00+02:00,2026-10-10T04:57:25+02:00,,265.0,1,Stavanger,GOA:Line:50,Sørtoget region,F5,rail,GOA:ServiceJourney:725-LOD_67061-R,True,expected,False,,,,,2026-10-10T04:52:08.771796+02:00
NSR:StopPlace:59261,Trondheim lufthavn,2026-10-10T02:19:00+02:00,2026-10-10T02:23:07+02:00,,247.0,1,Stjørdal,ATB:Line:2_116,Trondheim- Hommelvik- Stjørdal,116,bus,ATB:ServiceJourney:116_251217091073826_6002,True,expected,False,,,,,2026-10-10T01:37:25.941423+02:00
NSR:StopPlace:59638,Myrvoll stasjon,2026-10-10T02:00:00+02:00,2026-10-10T02:04:02+02:00,,242.0,1,Ski stasjon,RUT:Line:3981,Nationaltheatret - Ski,81N,bus,RUT:ServiceJourney:49050008fc510430f2656100fd98766b,True,expected,False,,,,,2026-10-10T01:37:25.941423+02:00
NSR:StopPlace:58860,Oppegård stasjon,2026-10-10T02:05:00+02:00,2026-10-10T02:09:02+02:00,,242.0,1,Ski stasjon,RUT:Line:3981,Nationaltheatret - Ski,81N,bus,RUT:ServiceJourney:49050008fc510430f2656100fd98766b,True,expected,False,,,,,2026-10-10T01:37:25.941423+02:00
NSR:StopPlace:59092,Gyland stasjon,2026-10-10T04:59:00+02:00,2026-10-10T05:02:52+02:00,,232.0,1,Stavanger,GOA:Line:50,Sørtoget region,F5,rail,GOA:ServiceJourney:725-LOD_67061-R,True,expected,False,,,,,2026-10-10T04:52:08.771796+02:00
NSR:StopPlace:58919,Sira stasjon,2026-10-10T05:12:00+02:00,2026-10-10T05:15:04+02:00,,184.0,1,Stavanger,GOA:Line:50,Sørtoget region,F5,rail,GOA:ServiceJourney:725-LOD_67061-R,True,expected,False,,,,,2026-10-10T04:52:08.771796+02:00
NSR:StopPlace:59658,Moi stasjon,2026-10-10T05:20:00+02:00,2026-10-10T05:22:20+02:00,,140.0,1,Stavanger,GOA:Line:50,Sørtoget region,F5,rail,GOA:ServiceJourney:725-LOD_67061-R,True,expected,False,,,,,2026-10-10T04:52:08.771796+02:00
NSR:StopPlace:59637,Rosenholm stasjon,2026-10-10T02:02:00+02:00,2026-10-10T02:04:20+02:00,,140.0,1,Fløysbonn,RUT:Line:3983,Nationaltheatret - Fløysbonn,83N,bus,RUT:ServiceJourney:5f1d930c93d930305572ba9147959dfc,True,expected,False,,,,,2026-10-10T01:37:25.941423+02:00
NSR:StopPlace:59649,Nydalen stasjon,2026-10-10T05:03:00+02:00,2026-10-10T05:05:13+02:00,,133.0,1,Oslo lufthavn,NBU:Line:cb7b555c-f96e-42d5-84bf-a5e08c0145c2,Radiumhospitalet via Økern-Storo-Tåsen,FB3,bus,NBU:ServiceJourney:f0f7dd2e-b62b-4186-9b42-9757efdb8612,True,expected,False,,,,,2026-10-10T04:52:08.771796+02:00
NSR:StopPlace:59650,Nyland stasjon,2026-10-10T04:53:00+02:00,2026-10-10T04:55:05+02:00,,125.0,1,Jernbanetorget,RUT:Line:3905,Jernbanetorget - Vestli T,5N,bus,RUT:ServiceJourney:bec59f73c6a1a8009ad59d9d81ab6fa2,True,expected,False,,,,,2026-10-10T04:52:08.771796+02:00
NSR:StopPlace:58971,Mosjøen stasjon,2026-10-10T04:50:00+02:00,2026-10-10T04:52:05+02:00,,125.0,1,Sandnessjøen bussterminal,NOR:Line:12_3705,Mosjøen-Sandnessjøen,705,bus,NOR:ServiceJourney:3705_260505080225545_4001,True,expected,False,,,,,2026-10-10T04:52:08.771796+02:00
NSR:StopPlace:59651,Skøyen stasjon,2026-10-10T05:36:00+02:00,2026-10-10T05:37:47+02:00,,107.0,1,Fornebu,RUT:Line:31,Snarøya - Fornebu - Tonsenhagen - Grorud,31,bus,RUT:ServiceJourney:7ec5f4fe8832db1a8d78659a3e9fbdec,True,expected,False,,,,,2026-10-10T04:52:08.771796+02:00
NSR:StopPlace:58854,Langhus stasjon,2026-10-10T02:08:00+02:00,2026-10-10T02:09:47+02:00,,107.0,1,Bøleråsen,RUT:Line:510,Bøleråsen - Ski - Ås - Drøbak,510,bus,RUT:ServiceJourney:03e5d587d4f1549cce8182f1e1bf5770,True,expected,False,,,,,2026-10-10T01:37:25.941423+02:00
NSR:StopPlace:58866,Vevelstad stasjon,2026-10-10T02:13:00+02:00,2026-10-10T02:14:47+02:00,,107.0,1,Bøleråsen,RUT:Line:510,Bøleråsen - Ski - Ås - Drøbak,510,bus,RUT:ServiceJourney:03e5d587d4f1549cce8182f1e1bf5770,True,expected,False,,,,,2026-10-10T01:37:25.941423+02:00
NSR:StopPlace:61169,Marienborg stasjon,2026-10-10T02:35:00+02:00,2026-10-10T02:36:36+02:00,,96.0,1,Flatåsen via Byåsen,ATB:Line:2_101,Nattbuss Byåsen/Flatåsen,101,bus,ATB:ServiceJourney:101_251215112544850_6008,True,expected,False,,,,,2026-10-10T01:37:25.941423+02:00
NSR:StopPlace:58211,Oslo lufthavn,2026-10-10T04:51:00+02:00,2026-10-10T04:52:29+02:00,,89.0,1,Oslo bussterminal,RUT:Line:400,Oslo lufthavn - Veståsen - Olavsgaard - Oslo,400,bus,RUT:ServiceJourney:fd9643b3f939154d50caa1883c8b0c76,True,expected,False,,,,,2026-10-10T04:52:08.771796+02:00
NSR:StopPlace:60640,Heimdal stasjon,2026-10-10T04:51:00+02:00,2026-10-10T04:52:15+02:00,,75.0,1,Sandmoen via Byåsen-sentrum,ATB:Line:2_53,Lundåsen- Heimdal- Saupstad- Flatåsen- Hallset- Ila- Sentrum- Sandmoen,53,bus,ATB:ServiceJourney:53_251215112543864_6002,True,expected,False,,,,,2026-10-10T04:52:08.771796+02:00
NSR:StopPlace:59643,Grefsen stasjon,2026-10-10T05:08:00+02:00,2026-10-10T05:09:13+02:00,,73.0,1,Oslo lufthavn,NBU:Line:cb7b555c-f96e-42d5-84bf-a5e08c0145c2,Radiumhospitalet via Økern-Storo-Tåsen,FB3,bus,NBU:ServiceJourney:f0f7dd2e-b62b-4186-9b42-9757efdb8612,True,expected,False,,,,,2026-10-10T04:52:08.771796+02:00
NSR:StopPlace:59650,Nyland stasjon,2026-10-10T05:22:00+02:00,2026-10-10T05:23:13+02:00,,73.0,1,Oslo lufthavn,NBU:Line:cb7b555c-f96e-42d5-84bf-a5e08c0145c2,Radiumhospitalet via Økern-Storo-Tåsen,FB3,bus,NBU:ServiceJourney:f0f7dd2e-b62b-4186-9b42-9757efdb8612,True,expected,False,,,,,2026-10-10T04:52:08.771796+02:00
NSR:StopPlace:58964,Kløfta stasjon,2026-10-10T04:53:00+02:00,2026-10-10T04:53:47+02:00,,47.0,1,Frogner,RUT:Line:425,Kløfta – Oslo lufthavn,425,bus,RUT:ServiceJourney:15fdb4bd9025e41689b6283b2ec444c7,True,expected,False,,,,,2026-10-10T04:52:08.771796+02:00
NSR:StopPlace:59651,Skøyen stasjon,2026-10-10T05:06:00+02:00,2026-10-10T05:06:19+02:00,,19.0,1,Fornebu,RUT:Line:31,Snarøya - Fornebu - Tonsenhagen - Grorud,31,bus,RUT:ServiceJourney:e3e7c0e03d64cdbfbe1660478bef462a,True,expected,False,,,,,2026-10-10T04:52:08.771796+02:00
NSR:StopPlace:59620,Grorud stasjon,2026-10-10T05:24:00+02:00,2026-10-10T05:24:13+02:00,,13.0,1,Oslo lufthavn,NBU:Line:cb7b555c-f96e-42d5-84bf-a5e08c0145c2,Radiumhospitalet via Økern-Storo-Tåsen,FB3,bus,NBU:ServiceJourney:f0f7dd2e-b62b-4186-9b42-9757efdb8612,True,expected,False,,,,,2026-10-10T04:52:08.771796+02:00
NSR:StopPlace:6,Greverud stasjon,2026-10-10T05:48:00+02:00,2026-10-10T05:48:00+02:00,,0.0,0,Holmlia,VYG:Line:L2,Stabekk-Oslo S-Ski,L2,rail,VYG:ServiceJourney:2708-SKI_644973-R,True,planned,False,,,,,2026-10-10T04:52:08.771796+02:00
NSR:StopPlace:61466,Vakås stasjon,2026-10-10T05:38:00+02:00,2026-10-10T05:38:00+02:00,,0.0,0,Skøyen,VYG:Line:L1,Spikkestad-Oslo S-Lillestrøm,L1,rail,VYG:ServiceJourney:92206_645633-R,True,planned,False,,,,,2026-10-10T04:52:08.771796+02:00
NSR:StopPlace:61464,Hvalstad stasjon,2026-10-10T05:40:00+02:00,2026-10-10T05:40:00+02:00,,0.0,0,Skøyen,VYG:Line:L1,Spikkestad-Oslo S-Lillestrøm,L1,rail,VYG:ServiceJourney:92206_645633-R,True,planned,False,,,,,2026-10-10T04:52:08.771796+02:00
NSR:StopPlace:61413,Heia stasjon,2026-10-10T05:36:00+02:00,2026-10-10T05:36:00+02:00,,0.0,0,Ski,VYG:Line:R22,Skøyen-Oslo S-Mysen-Rakkestad,R22,rail,VYG:ServiceJourney:1906-RST_644653-R,True,planned,False,,,,,2026-10-10T04:52:08.771796+02:00
NSR:StopPlace:41,Hanaborg stasjon,2026-10-10T05:49:00+02:00,2026-10-10T05:49:00+02:00,,0.0,0,Bryn,VYG:Line:L1,Spikkestad-Oslo S-Lillestrøm,L1,rail,VYG:ServiceJourney:2205-LLS_644746-R,True,planned,False,,,,,2026-10-10T04:52:08.771796+02:00
NSR:StopPlace:59648,Kjelsås stasjon,2026-10-10T05:03:00+02:00,2026-10-10T05:03:00+02:00,,0.0,0,Majorstuen,RUT:Line:3912,Majorstuen - Kjelsås,12N,bus,RUT:ServiceJourney:06c37bee2e65b1fe05945ff430bda6d6,True,planned,False,Linje 12N: Holdeplass Solli flyttet,Inngående: Stopper på holdeplass i Frognerveien. Omkjøring via Observatoriegata – Vestre Solligata – Cort Adelers gate – høyre Henrik Ibsens gate. Utgående: Kjører i bilfeltet ved siden av trikkesporet og benytter midlertidig holdeplass der.,incident,normal,2026-10-10T04:52:08.771796+02:00
NSR:StopPlace:59648,Kjelsås stasjon,2026-10-10T05:10:00+02:00,2026-10-10T05:10:00+02:00,,0.0,0,Kværnerbyen,RUT:Line:54,Kværnerbyen - Kjelsås stasjon,54,bus,RUT:ServiceJourney:8b6f8224fde1952645af23f0a9709e6e,True,planned,False,"Fra 4. oktober: Buss 54 får økt frekvens mellom rushtidene, og på lørdager",Sjekk reiseplanleggeren for detaljer.,general,normal,2026-10-10T04:52:08.771796+02:00
NSR:StopPlace:59649,Nydalen stasjon,2026-10-10T05:33:00+02:00,2026-10-10T05:33:00+02:00,,0.0,0,Oslo lufthavn,NBU:Line:cb7b555c-f96e-42d5-84bf-a5e08c0145c2,Radiumhospitalet via Økern-Storo-Tåsen,FB3,bus,NBU:ServiceJourney:3121e207-6839-438e-a24e-a659162dd02c,True,planned,False,,,,,2026-10-10T04:52:08.771796+02:00
NSR:StopPlace:59641,Fjellhamar stasjon,2026-10-10T05:47:00+02:00,2026-10-10T05:47:00+02:00,,0.0,0,Bryn,VYG:Line:L1,Spikkestad-Oslo S-Lillestrøm,L1,rail,VYG:ServiceJourney:2205-LLS_644746-R,True,planned,False,,,,,2026-10-10T04:52:08.771796+02:00
NSR:StopPlace:59643,Grefsen stasjon,2026-10-10T05:38:00+02:00,2026-10-10T05:38:00+02:00,,0.0,0,Oslo lufthavn,NBU:Line:cb7b555c-f96e-42d5-84bf-a5e08c0145c2,Radiumhospitalet via Økern-Storo-Tåsen,FB3,bus,NBU:ServiceJourney:3121e207-6839-438e-a24e-a659162dd02c,True,planned,False,,,,,2026-10-10T04:52:08.771796+02:00
NSR:StopPlace:59650,Nyland stasjon,2026-10-10T05:23:00+02:00,2026-10-10T05:23:00+02:00,,0.0,0,Jernbanetorget,RUT:Line:3905,Jernbanetorget - Vestli T,5N,bus,RUT:ServiceJourney:1f9dd421112b99308e77f2f8db4b5736,True,planned,False,,,,,2026-10-10T04:52:08.771796+02:00
NSR:StopPlace:59650,Nyland stasjon,2026-10-10T05:52:00+02:00,2026-10-10T05:52:00+02:00,,0.0,0,Oslo lufthavn,NBU:Line:cb7b555c-f96e-42d5-84bf-a5e08c0145c2,Radiumhospitalet via Økern-Storo-Tåsen,FB3,bus,NBU:ServiceJourney:3121e207-6839-438e-a24e-a659162dd02c,True,planned,False,,,,,2026-10-10T04:52:08.771796+02:00
NSR:StopPlace:59651,Skøyen stasjon,2026-10-10T05:11:00+02:00,2026-10-10T05:11:00+02:00,,0.0,0,Grorud T,RUT:Line:31,Snarøya - Fornebu - Tonsenhagen - Grorud,31,bus,RUT:ServiceJourney:c21bcbc05663926ef709c79cf8a22fe4,True,planned,False,,,,,2026-10-10T04:52:08.771796+02:00
NSR:StopPlace:60736,Spikkestad stasjon,2026-10-10T05:16:00+02:00,2026-10-10T05:16:00+02:00,,0.0,0,Skøyen,VYG:Line:L1,Spikkestad-Oslo S-Lillestrøm,L1,rail,VYG:ServiceJourney:92206_645633-R,True,planned,False,,,,,2026-10-10T04:52:08.771796+02:00
NSR:StopPlace:60736,Spikkestad stasjon,2026-10-10T05:46:00+02:00,2026-10-10T05:46:00+02:00,,0.0,0,Skøyen,VYG:Line:L1,Spikkestad-Oslo S-Lillestrøm,L1,rail,VYG:ServiceJourney:92208_645635-R,True,planned,False,,,,,2026-10-10T04:52:08.771796+02:00
NSR:StopPlace:60737,Bondivann stasjon,2026-10-10T05:30:00+02:00,2026-10-10T05:30:00+02:00,,0.0,0,Skøyen,VYG:Line:L1,Spikkestad-Oslo S-Lillestrøm,L1,rail,VYG:ServiceJourney:92206_645633-R,True,planned,False,,,,,2026-10-10T04:52:08.771796+02:00
NSR:StopPlace:60735,Gullhella stasjon,2026-10-10T05:27:00+02:00,2026-10-10T05:27:00+02:00,,0.0,0,Skøyen,VYG:Line:L1,Spikkestad-Oslo S-Lillestrøm,L1,rail,VYG:ServiceJourney:92206_645633-R,True,planned,False,,,,,2026-10-10T04:52:08.771796+02:00
NSR:StopPlace:59958,Voss stasjon,2026-10-10T04:49:00+02:00,2026-10-10T04:49:00+02:00,,0.0,0,Bergen stasjon,VYG:Line:R40,Bergen-Voss-Myrdal-Ål,R40,rail,VYG:ServiceJourney:312b8477-5f28-4b64-9651-2945f7f747d7-1805-2026-10-10-0,True,planned,False,,,,,2026-10-10T04:52:08.771796+02:00
NSR:StopPlace:59958,Voss stasjon,2026-10-10T05:08:00+02:00,2026-10-10T05:08:00+02:00,,0.0,0,Bergen,VYG:Line:F4,Oslo S-Bergen,F4,rail,VYG:ServiceJourney:605-LOD_444356-R,True,planned,False,,,,,2026-10-10T04:52:08.771796+02:00
NSR:StopPlace:59958,Voss stasjon,2026-10-10T05:52:00+02:00,2026-10-10T05:52:00+02:00,,0.0,0,Bergen,VYG:Line:R40,Bergen-Voss-Myrdal-Ål,R40,rail,VYG:ServiceJourney:1807_481187-R,True,planned,False,,,,,2026-10-10T04:52:08.771796+02:00
NSR:StopPlace:60944,Ski stasjon,2026-10-10T05:39:00+02:00,2026-10-10T05:39:00+02:00,,0.0,0,Holmlia,VYG:Line:L2,Stabekk-Oslo S-Ski,L2,rail,VYG:ServiceJourney:2708-SKI_644973-R,True,planned,False,,,,,2026-10-10T04:52:08.771796+02:00
NSR:StopPlace:60017,Slitu stasjon,2026-10-10T05:52:00+02:00,2026-10-10T05:52:00+02:00,,0.0,0,Ski,VYG:Line:R22,Skøyen-Oslo S-Mysen-Rakkestad,R22,rail,VYG:ServiceJourney:1906-RST_644653-R,True,planned,False,,,,,2026-10-10T04:52:08.771796+02:00
NSR:StopPlace:60049,Hønefoss stasjon,2026-10-10T04:54:00+02:00,2026-10-10T04:54:00+02:00,,0.0,0,Oslo S,VYG:Line:F4,Oslo S-Bergen,F4,rail,VYG:ServiceJourney:80606_645314-R,True,planned,False,,,,,2026-10-10T04:52:08.771796+02:00
NSR:StopPlace:60045,Hamar stasjon,2026-10-10T05:34:00+02:00,2026-10-10T05:34:00+02:00,,0.0,0,Lillestrøm,SJN:Line:21,Dovrebanen,F6,rail,SJN:ServiceJourney:406-TND_54456-R,True,planned,False,,,,,2026-10-10T04:52:08.771796+02:00
NSR:StopPlace:60053,Halden stasjon,2026-10-10T05:05:00+02:00,2026-10-10T05:05:00+02:00,,0.0,0,Ski,VYG:Line:RE20,Oslo S-Halden-Göteborg (X-Border),RE20,rail,VYG:ServiceJourney:104-HLD_644183-R,True,planned,False,,,,,2026-10-10T04:52:08.771796+02:00
NSR:StopPlace:60077,Støren stasjon,2026-10-10T05:39:00+02:00,2026-10-10T05:39:00+02:00,,0.0,0,Trondheim S,SJN:Line:21,Dovrebanen,F6,rail,SJN:ServiceJourney:405-LOD_30131-R,True,planned,False,,,,,2026-10-10T04:52:08.771796+02:00
NSR:StopPlace:59616,Asker stasjon,2026-10-10T05:34:00+02:00,2026-10-10T05:34:00+02:00,,0.0,0,Skøyen,VYG:Line:L1,Spikkestad-Oslo S-Lillestrøm,L1,rail,VYG:ServiceJourney:92206_645633-R,True,planned,False,,,,,2026-10-10T04:52:08.771796+02:00
NSR:StopPlace:60603,Kongsberg stasjon,2026-10-10T05:34:00+02:00,2026-10-10T05:34:00+02:00,,0.0,0,Eidsvoll,VYG:Line:R12,Kongsberg-Oslo S-Eidsvoll,R12,rail,VYG:ServiceJourney:90504_645479-R,True,planned,False,,,,,2026-10-10T04:52:08.771796+02:00
NSR:StopPlace:59638,Myrvoll stasjon,2026-10-10T05:51:00+02:00,2026-10-10T05:51:00+02:00,,0.0,0,Holmlia,VYG:Line:L2,Stabekk-Oslo S-Ski,L2,rail,VYG:ServiceJourney:2708-SKI_644973-R,True,planned,False,,,,,2026-10-10T04:52:08.771796+02:00
NSR:StopPlace:59639,Sonsveien stasjon,2026-10-10T05:34:00+02:00,2026-10-10T05:34:00+02:00,,0.0,0,Stabekk,VYG:Line:R21,Stabekk-Oslo S-Moss,R21,rail,VYG:ServiceJourney:1106-MOS_644211-R,True,planned,False,,,,,2026-10-10T04:52:08.771796+02:00
NSR:StopPlace:58963,Jessheim stasjon,2026-10-10T05:01:00+02:00,2026-10-10T05:01:00+02:00,,0.0,0,Oslo lufthavn,RUT:Line:440,Fenstad/Nordkisa - Oslo lufthavn,440,bus,RUT:ServiceJourney:b4c105889692db7b0f12fb0635432a4d,True,planned,False,,,,,2026-10-10T04:52:08.771796+02:00
NSR:StopPlace:58964,Kløfta stasjon,2026-10-10T05:18:00+02:00,2026-10-10T05:18:00+02:00,,0.0,0,Oslo lufthavn,RUT:Line:425,Kløfta – Oslo lufthavn,425,bus,RUT:ServiceJourney:a619405b78cbcbf4f1ae3c1b962e3bb2,True,planned,False,,,,,2026-10-10T04:52:08.771796+02:00
NSR:StopPlace:58966,Porsgrunn stasjon,2026-10-10T05:19:00+02:00,2026-10-10T05:19:00+02:00,,0.0,0,Eidsvoll,VYG:Line:RE11,Eidsvoll-Oslo S-Skien,RE11,rail,VYG:ServiceJourney:804-SKN_645296-R,True,planned,False,,,,,2026-10-10T04:52:08.771796+02:00
NSR:StopPlace:58926,Dale stasjon,2026-10-10T05:25:05+02:00,2026-10-10T05:25:05+02:00,,0.0,0,Bergen stasjon,VYG:Line:R40,Bergen-Voss-Myrdal-Ål,R40,rail,VYG:ServiceJourney:312b8477-5f28-4b64-9651-2945f7f747d7-1805-2026-10-10-0,True,planned,False,,,,,2026-10-10T04:52:08.771796+02:00
NSR:StopPlace:58930,Larvik stasjon,2026-10-10T05:32:00+02:00,2026-10-10T05:32:00+02:00,,0.0,0,Eidsvoll,VYG:Line:RE11,Eidsvoll-Oslo S-Skien,RE11,rail,VYG:ServiceJourney:804-SKN_645296-R,True,planned,False,,,,,2026-10-10T04:52:08.771796+02:00
NSR:StopPlace:58797,Mysen stasjon,2026-10-10T05:48:00+02:00,2026-10-10T05:48:00+02:00,,0.0,0,Ski,VYG:Line:R22,Skøyen-Oslo S-Mysen-Rakkestad,R22,rail,VYG:ServiceJourney:1906-RST_644653-R,True,planned,False,,,,,2026-10-10T04:52:08.771796+02:00
NSR:StopPlace:58798,Rakkestad stasjon,2026-10-10T05:33:00+02:00,2026-10-10T05:33:00+02:00,,0.0,0,Ski,VYG:Line:R22,Skøyen-Oslo S-Mysen-Rakkestad,R22,rail,VYG:ServiceJourney:1906-RST_644653-R,True,planned,False,,,,,2026-10-10T04:52:08.771796+02:00
NSR:StopPlace:58794,Fredrikstad stasjon,2026-10-10T05:40:00+02:00,2026-10-10T05:40:00+02:00,,0.0,0,Ski,VYG:Line:RE20,Oslo S-Halden-Göteborg (X-Border),RE20,rail,VYG:ServiceJourney:104-HLD_644183-R,True,planned,False,Heis på Fredrikstad ute av drift,Heisen på Fredrikstad til spor 1 er ute av drift.,general,normal,2026-10-10T04:52:08.771796+02:00
NSR:StopPlace:58795,Kambo stasjon,2026-10-10T05:30:00+02:00,2026-10-10T05:30:00+02:00,,0.0,0,Stabekk,VYG:Line:R21,Stabekk-Oslo S-Moss,R21,rail,VYG:ServiceJourney:1106-MOS_644211-R,True,planned,False,,,,,2026-10-10T04:52:08.771796+02:00
NSR:StopPlace:58796,Moss stasjon,2026-10-10T05:24:00+02:00,2026-10-10T05:24:00+02:00,,0.0,0,Stabekk,VYG:Line:R21,Stabekk-Oslo S-Moss,R21,rail,VYG:ServiceJourney:1106-MOS_644211-R,True,planned,False,,,,,2026-10-10T04:52:08.771796+02:00
NSR:StopPlace:58838,Røyken stasjon,2026-10-10T05:19:00+02:00,2026-10-10T05:19:00+02:00,,0.0,0,Skøyen,VYG:Line:L1,Spikkestad-Oslo S-Lillestrøm,L1,rail,VYG:ServiceJourney:92206_645633-R,True,planned,False,,,,,2026-10-10T04:52:08.771796+02:00
NSR:StopPlace:58838,Røyken stasjon,2026-10-10T05:49:00+02:00,2026-10-10T05:49:00+02:00,,0.0,0,Skøyen,VYG:Line:L1,Spikkestad-Oslo S-Lillestrøm,L1,rail,VYG:ServiceJourney:92208_645635-R,True,planned,False,,,,,2026-10-10T04:52:08.771796+02:00
NSR:StopPlace:58843,Blommenholm stasjon,2026-10-10T05:50:00+02:00,2026-10-10T05:50:00+02:00,,0.0,0,Skøyen,VYG:Line:L1,Spikkestad-Oslo S-Lillestrøm,L1,rail,VYG:ServiceJourney:92206_645633-R,True,planned,False,,,,,2026-10-10T04:52:08.771796+02:00
NSR:StopPlace:58847,Frogner stasjon,2026-10-10T05:08:00+02:00,2026-10-10T05:08:00+02:00,,0.0,0,Oslo lufthavn,RUT:Line:425,Kløfta – Oslo lufthavn,425,bus,RUT:ServiceJourney:a619405b78cbcbf4f1ae3c1b962e3bb2,True,planned,False,,,,,2026-10-10T04:52:08.771796+02:00
NSR:StopPlace:58852,Høn stasjon,2026-10-10T05:36:00+02:00,2026-10-10T05:36:00+02:00,,0.0,0,Skøyen,VYG:Line:L1,Spikkestad-Oslo S-Lillestrøm,L1,rail,VYG:ServiceJourney:92206_645633-R,True,planned,False,,,,,2026-10-10T04:52:08.771796+02:00
NSR:StopPlace:58854,Langhus stasjon,2026-10-10T05:42:00+02:00,2026-10-10T05:42:00+02:00,,0.0,0,Holmlia,VYG:Line:L2,Stabekk-Oslo S-Ski,L2,rail,VYG:ServiceJourney:2708-SKI_644973-R,True,planned,False,,,,,2026-10-10T04:52:08.771796+02:00
NSR:StopPlace:58857,Lørenskog stasjon,2026-10-10T05:51:00+02:00,2026-10-10T05:51:00+02:00,,0.0,0,Bryn,VYG:Line:L1,Spikkestad-Oslo S-Lillestrøm,L1,rail,VYG:ServiceJourney:2205-LLS_644746-R,True,planned,False,,,,,2026-10-10T04:52:08.771796+02:00
NSR:StopPlace:58851,Heggedal stasjon,2026-10-10T05:24:00+02:00,2026-10-10T05:24:00+02:00,,0.0,0,Skøyen,VYG:Line:L1,Spikkestad-Oslo S-Lillestrøm,L1,rail,VYG:ServiceJourney:92206_645633-R,True,planned,False,Heis på Heggedal ute av drift,Heisen på Heggedal til spor 2 er ute av drift.,general,normal,2026-10-10T04:52:08.771796+02:00
NSR:StopPlace:58865,Vestby stasjon,2026-10-10T05:40:00+02:00,2026-10-10T05:40:00+02:00,,0.0,0,Stabekk,VYG:Line:R21,Stabekk-Oslo S-Moss,R21,rail,VYG:ServiceJourney:1106-MOS_644211-R,True,planned,False,,,,,2026-10-10T04:52:08.771796+02:00
NSR:StopPlace:58866,Vevelstad stasjon,2026-10-10T05:44:00+02:00,2026-10-10T05:44:00+02:00,,0.0,0,Holmlia,VYG:Line:L2,Stabekk-Oslo S-Ski,L2,rail,VYG:ServiceJourney:2708-SKI_644973-R,True,planned,False,,,,,2026-10-10T04:52:08.771796+02:00
NSR:StopPlace:58869,Ås stasjon,2026-10-10T05:45:00+02:00,2026-10-10T05:45:00+02:00,,0.0,0,Stabekk,VYG:Line:R21,Stabekk-Oslo S-Moss,R21,rail,VYG:ServiceJourney:1106-MOS_644211-R,True,planned,False,,,,,2026-10-10T04:52:08.771796+02:00
NSR:StopPlace:58860,Oppegård stasjon,2026-10-10T05:46:00+02:00,2026-10-10T05:46:00+02:00,,0.0,0,Holmlia,VYG:Line:L2,Stabekk-Oslo S-Ski,L2,rail,VYG:ServiceJourney:2708-SKI_644973-R,True,planned,False,,,,,2026-10-10T04:52:08.771796+02:00
NSR:StopPlace:58862,Strømmen stasjon,2026-10-10T05:45:00+02:00,2026-10-10T05:45:00+02:00,,0.0,0,Bryn,VYG:Line:L1,Spikkestad-Oslo S-Lillestrøm,L1,rail,VYG:ServiceJourney:2205-LLS_644746-R,True,planned,False,,,,,2026-10-10T04:52:08.771796+02:00
NSR:StopPlace:58875,Torp stasjon,2026-10-10T05:51:00+02:00,2026-10-10T05:51:00+02:00,,0.0,0,Eidsvoll,VYG:Line:RE11,Eidsvoll-Oslo S-Skien,RE11,rail,VYG:ServiceJourney:804-SKN_645296-R,True,planned,False,,,,,2026-10-10T04:52:08.771796+02:00
NSR:StopPlace:58872,Sandefjord stasjon,2026-10-10T05:47:00+02:00,2026-10-10T05:47:00+02:00,,0.0,0,Eidsvoll,VYG:Line:RE11,Eidsvoll-Oslo S-Skien,RE11,rail,VYG:ServiceJourney:804-SKN_645296-R,True,planned,False,,,,,2026-10-10T04:52:08.771796+02:00
NSR:StopPlace:58884,Skien stasjon,2026-10-10T05:11:00+02:00,2026-10-10T05:11:00+02:00,,0.0,0,Eidsvoll,VYG:Line:RE11,Eidsvoll-Oslo S-Skien,RE11,rail,VYG:ServiceJourney:804-SKN_645296-R,True,planned,False,,,,,2026-10-10T04:52:08.771796+02:00
NSR:StopPlace:58801,Sarpsborg stasjon,2026-10-10T05:26:00+02:00,2026-10-10T05:26:00+02:00,,0.0,0,Ski,VYG:Line:RE20,Oslo S-Halden-Göteborg (X-Border),RE20,rail,VYG:ServiceJourney:104-HLD_644183-R,True,planned,False,,,,,2026-10-10T04:52:08.771796+02:00
NSR:StopPlace:58805,Brumunddal stasjon,2026-10-10T05:19:00+02:00,2026-10-10T05:19:00+02:00,,0.0,0,Lillestrøm,SJN:Line:21,Dovrebanen,F6,rail,SJN:ServiceJourney:406-TND_54456-R,True,planned,False,,,,,2026-10-10T04:52:08.771796+02:00
NSR:StopPlace:58811,Moelv stasjon,2026-10-10T05:04:00+02:00,2026-10-10T05:04:00+02:00,,0.0,0,Lillestrøm,SJN:Line:21,Dovrebanen,F6,rail,SJN:ServiceJourney:406-TND_54456-R,True,planned,False,,,,,2026-10-10T04:52:08.771796+02:00
NSR:StopPlace:58818,Gran stasjon,2026-10-10T05:25:00+02:00,2026-10-10T05:25:00+02:00,,0.0,0,Grefsen,VYG:Line:R31,Skøyen-Jaren-Gjøvik,R31,rail,VYG:ServiceJourney:202-JAH_644739-R,True,planned,False,,,,,2026-10-10T04:52:08.771796+02:00
NSR:StopPlace:58819,Grua stasjon,2026-10-10T05:41:00+02:00,2026-10-10T05:41:00+02:00,,0.0,0,Grefsen,VYG:Line:R31,Skøyen-Jaren-Gjøvik,R31,rail,VYG:ServiceJourney:202-JAH_644739-R,True,planned,False,,,,,2026-10-10T04:52:08.771796+02:00
NSR:StopPlace:58820,Harestua stasjon,2026-10-10T05:47:00+02:00,2026-10-10T05:47:00+02:00,,0.0,0,Grefsen,VYG:Line:R31,Skøyen-Jaren-Gjøvik,R31,rail,VYG:ServiceJourney:202-JAH_644739-R,True,planned,False,,,,,2026-10-10T04:52:08.771796+02:00
NSR:StopPlace:58823,Jaren stasjon,2026-10-10T05:20:00+02:00,2026-10-10T05:20:00+02:00,,0.0,0,Grefsen,VYG:Line:R31,Skøyen-Jaren-Gjøvik,R31,rail,VYG:ServiceJourney:202-JAH_644739-R,True,planned,False,,,,,2026-10-10T04:52:08.771796+02:00
NSR:StopPlace:58824,Lunner stasjon,2026-10-10T05:31:00+02:00,2026-10-10T05:31:00+02:00,,0.0,0,Grefsen,VYG:Line:R31,Skøyen-Jaren-Gjøvik,R31,rail,VYG:ServiceJourney:202-JAH_644739-R,True,planned,False,,,,,2026-10-10T04:52:08.771796+02:00
NSR:StopPlace:58825,Raufoss stasjon,2026-10-10T05:45:00+02:00,2026-10-10T05:45:00+02:00,,0.0,0,Grefsen,VYG:Line:R31,Skøyen-Jaren-Gjøvik,R31,rail,VYG:ServiceJourney:204-GJOe_644741-R,True,planned,False,,,,,2026-10-10T04:52:08.771796+02:00
NSR:StopPlace:58826,Reinsvoll stasjon,2026-10-10T05:50:00+02:00,2026-10-10T05:50:00+02:00,,0.0,0,Grefsen,VYG:Line:R31,Skøyen-Jaren-Gjøvik,R31,rail,VYG:ServiceJourney:204-GJOe_644741-R,True,planned,False,,,,,2026-10-10T04:52:08.771796+02:00
NSR:StopPlace:58828,Roa stasjon,2026-10-10T05:36:00+02:00,2026-10-10T05:36:00+02:00,,0.0,0,Grefsen,VYG:Line:R31,Skøyen-Jaren-Gjøvik,R31,rail,VYG:ServiceJourney:202-JAH_644739-R,True,planned,False,,,,,2026-10-10T04:52:08.771796+02:00
NSR:StopPlace:58211,Oslo lufthavn,2026-10-10T04:54:00+02:00,2026-10-10T04:54:00+02:00,,0.0,0,Kopperud,RUT:Line:420,Maura -  Jessheim,420,bus,RUT:ServiceJourney:fe42150e2dbbe412b5ba19a7e24c6914,True,planned,False,,,,,2026-10-10T04:52:08.771796+02:00
NSR:StopPlace:58211,Oslo lufthavn,2026-10-10T05:15:00+02:00,2026-10-10T05:15:00+02:00,,0.0,0,Majorstuen via Torshov-Sagene,NBU:Line:a7cafc59-feaf-4e61-9fa1-b7dce4ffe970,Majorstuen via Torshov-Sagene,FB1,bus,NBU:ServiceJourney:67acc2a7-96e5-4d47-874b-39a92a77bc9c,True,planned,False,,,,,2026-10-10T04:52:08.771796+02:00
NSR:StopPlace:58211,Oslo lufthavn,2026-10-10T05:30:00+02:00,2026-10-10T05:30:00+02:00,,0.0,0,Radiumhospitalet via Økern-Storo-Tåsen,NBU:Line:cb7b555c-f96e-42d5-84bf-a5e08c0145c2,Radiumhospitalet via Økern-Storo-Tåsen,FB3,bus,NBU:ServiceJourney:f807e8c9-0419-4952-a9bb-70d09ffd95cc,True,planned,False,,,,,2026-10-10T04:52:08.771796+02:00
NSR:StopPlace:58211,Oslo lufthavn,2026-10-10T05:45:00+02:00,2026-10-10T05:45:00+02:00,,0.0,0,Oslo sentrum via Helsfyr-Hasle-Bislett,NBU:Line:a7c15243-8873-4aee-a8b4-8d22e8ad31dc,Oslo sentrum via Helsfyr-Hasle-Bislett,FB5,bus,NBU:ServiceJourney:c595eb43-57ef-4a9c-884f-162db629127d,True,planned,False,,,,,2026-10-10T04:52:08.771796+02:00
NSR:StopPlace:101,Sagdalen stasjon,2026-10-10T05:43:00+02:00,2026-10-10T05:43:00+02:00,,0.0,0,Bryn,VYG:Line:L1,Spikkestad-Oslo S-Lillestrøm,L1,rail,VYG:ServiceJourney:2205-LLS_644746-R,True,planned,False,,,,,2026-10-10T04:52:08.771796+02:00
NSR:StopPlace:302,Gjøvik stasjon,2026-10-10T05:34:00+02:00,2026-10-10T05:34:00+02:00,,0.0,0,Grefsen,VYG:Line:R31,Skøyen-Jaren-Gjøvik,R31,rail,VYG:ServiceJourney:204-GJOe_644741-R,True,planned,False,,,,,2026-10-10T04:52:08.771796+02:00
NSR:StopPlace:274,Hunderfossen stasjon,2026-10-10T04:24:00+02:00,2026-10-10T04:24:00+02:00,,0.0,0,Lillestrøm,SJN:Line:21,Dovrebanen,F6,rail,SJN:ServiceJourney:406-TND_54456-R,True,planned,False,,,,,2026-10-10T04:52:08.771796+02:00
NSR:StopPlace:420,Lillehammer stasjon,2026-10-10T05:31:00+02:00,2026-10-10T05:31:00+02:00,,0.0,0,Drammen,VYG:Line:RE10,Drammen-Oslo S-Lillehammer,RE10,rail,VYG:ServiceJourney:304-HHS_645124-R,True,planned,False,,,,,2026-10-10T04:52:08.771796+02:00
NSR:StopPlace:628,Darbu stasjon,2026-10-10T05:47:00+02:00,2026-10-10T05:47:00+02:00,,0.0,0,Eidsvoll,VYG:Line:R12,Kongsberg-Oslo S-Eidsvoll,R12,rail,VYG:ServiceJourney:90504_645479-R,True,planned,False,,,,,2026-10-10T04:52:08.771796+02:00
NSR:StopPlace:610,Sandvika stasjon,2026-10-10T05:48:00+02:00,2026-10-10T05:48:00+02:00,,0.0,0,Skøyen,VYG:Line:L1,Spikkestad-Oslo S-Lillestrøm,L1,rail,VYG:ServiceJourney:92206_645633-R,True,planned,False,,,,,2026-10-10T04:52:08.771796+02:00
NSR:StopPlace:62339,Lillestrøm stasjon,2026-10-10T05:40:00+02:00,2026-10-10T05:40:00+02:00,,0.0,0,Bryn,VYG:Line:L1,Spikkestad-Oslo S-Lillestrøm,L1,rail,VYG:ServiceJourney:2205-LLS_644746-R,True,planned,False,,,,,2026-10-10T04:52:08.771796+02:00
NSR:StopPlace:62335,Eidsberg stasjon,2026-10-10T05:40:00+02:00,2026-10-10T05:40:00+02:00,,0.0,0,Ski,VYG:Line:R22,Skøyen-Oslo S-Mysen-Rakkestad,R22,rail,VYG:ServiceJourney:1906-RST_644653-R,True,planned,False,,,,,2026-10-10T04:52:08.771796+02:00
NSR:StopPlace:62373,Berkåk stasjon,2026-10-10T05:11:00+02:00,2026-10-10T05:11:00+02:00,,0.0,0,Trondheim S,SJN:Line:21,Dovrebanen,F6,rail,SJN:ServiceJourney:405-LOD_30131-R,True,planned,False,,,,,2026-10-10T04:52:08.771796+02:00
NSR:StopPlace:62393,Billingstad stasjon,2026-10-10T05:43:00+02:00,2026-10-10T05:43:00+02:00,,0.0,0,Skøyen,VYG:Line:L1,Spikkestad-Oslo S-Lillestrøm,L1,rail,VYG:ServiceJourney:92206_645633-R,True,planned,False,,,,,2026-10-10T04:52:08.771796+02:00
NSR:StopPlace:62392,Slependen stasjon,2026-10-10T05:45:00+02:00,2026-10-10T05:45:00+02:00,,0.0,0,Skøyen,VYG:Line:L1,Spikkestad-Oslo S-Lillestrøm,L1,rail,VYG:ServiceJourney:92206_645633-R,True,planned,False,,,,,2026-10-10T04:52:08.771796+02:00
NSR:StopPlace:62456,Kvitfjell stasjon,2026-10-10T02:01:00+02:00,2026-10-10T02:01:00+02:00,,0.0,0,Trondheim S,SJN:Line:21,Dovrebanen,F6,rail,SJN:ServiceJourney:405-LOD_30131-R,True,planned,False,,,,,2026-10-10T04:52:08.771796+02:00
NSR:StopPlace:62456,Kvitfjell stasjon,2026-10-10T03:58:00+02:00,2026-10-10T03:58:00+02:00,,0.0,0,Lillestrøm,SJN:Line:21,Dovrebanen,F6,rail,SJN:ServiceJourney:406-TND_54456-R,True,planned,False,,,,,2026-10-10T04:52:08.771796+02:00
NSR:StopPlace:61334,Ogna stasjon,2026-10-11T01:33:00+02:00,2026-10-10T01:39:05+02:00,,0.0,0,Stavanger,GOA:Line:59,Jærbanen,L5,rail,GOA:ServiceJourney:3093_63146-R,True,expected,False,,,,,2026-10-10T01:37:25.941423+02:00
NSR:StopPlace:61334,Ogna stasjon,2026-10-11T01:51:00+02:00,2026-10-10T01:51:26+02:00,,0.0,0,Egersund,GOA:Line:59,Jærbanen,L5,rail,GOA:ServiceJourney:3090_63143-R,True,expected,False,,,,,2026-10-10T01:37:25.941423+02:00
NSR:StopPlace:61872,Nærbø stasjon,2026-10-11T01:52:00+02:00,2026-10-10T01:58:05+02:00,,0.0,0,Stavanger,GOA:Line:59,Jærbanen,L5,rail,GOA:ServiceJourney:3093_63146-R,True,expected,False,,,,,2026-10-10T01:37:25.941423+02:00
NSR:StopPlace:59646,Høvik stasjon,2026-10-10T02:03:00+02:00,2026-10-10T02:03:00+02:00,,0.0,0,Slemmestad,RUT:Line:3250,Nationaltheatretl - Sandvika- Slemmestad- Sætre,250N,bus,RUT:ServiceJourney:27408a49acd5b569760f74a5ee194ee9,True,planned,False,,,,,2026-10-10T01:37:25.941423+02:00
NSR:StopPlace:59654,Stabekk stasjon,2026-10-10T02:09:00+02:00,2026-10-10T02:09:00+02:00,,0.0,0,Gullhaug,RUT:Line:150,Gullhaug - Nationaltheatret,150,bus,RUT:ServiceJourney:23d89e618a044d56ba7176f2b6f0ed1b,True,planned,False,Holdeplass Stabekk stasjon i retning mot Bekkestua er flyttet ca. 50 meter bakover.,Dette skyldes anleggsarbeid i området.,incident,normal,2026-10-10T01:37:25.941423+02:00
NSR:StopPlace:59983,Bergen stasjon,2026-10-10T02:27:00+02:00,2026-10-10T02:27:00+02:00,,0.0,0,Arna,VYG:Line:L4,Bergen-Arna,L4,rail,VYG:ServiceJourney:2686_443906-R,True,planned,False,,,,,2026-10-10T01:37:25.941423+02:00
NSR:StopPlace:60271,Varhaug stasjon,2026-10-11T01:38:00+02:00,2026-10-10T01:38:26+02:00,,0.0,0,Egersund,GOA:Line:59,Jærbanen,L5,rail,GOA:ServiceJourney:3090_63143-R,True,expected,False,,,,,2026-10-10T01:37:25.941423+02:00
NSR:StopPlace:60271,Varhaug stasjon,2026-10-11T01:48:00+02:00,2026-10-10T01:54:05+02:00,,0.0,0,Stavanger,GOA:Line:59,Jærbanen,L5,rail,GOA:ServiceJourney:3093_63146-R,True,expected,False,,,,,2026-10-10T01:37:25.941423+02:00
NSR:StopPlace:60569,Sirevåg stasjon,2026-10-11T01:54:00+02:00,2026-10-10T01:54:26+02:00,,0.0,0,Egersund,GOA:Line:59,Jærbanen,L5,rail,GOA:ServiceJourney:3090_63143-R,True,expected,False,,,,,2026-10-10T01:37:25.941423+02:00
NSR:StopPlace:59638,Myrvoll stasjon,2026-10-10T02:19:00+02:00,2026-10-10T02:19:00+02:00,,0.0,0,Nationaltheatret,RUT:Line:3981,Nationaltheatret - Ski,81N,bus,RUT:ServiceJourney:c7b0433558757158d207f05489e340ec,True,planned,False,,,,,2026-10-10T01:37:25.941423+02:00
NSR:StopPlace:59638,Myrvoll stasjon,2026-10-10T02:30:00+02:00,2026-10-10T02:30:00+02:00,,0.0,0,Ski stasjon,RUT:Line:3981,Nationaltheatret - Ski,81N,bus,RUT:ServiceJourney:1af7883fd1f7a103715e0cf300741594,True,planned,False,,,,,2026-10-10T01:37:25.941423+02:00
NSR:StopPlace:58952,Bodø stasjon,2026-10-10T02:32:00+02:00,2026-10-10T02:32:00+02:00,,0.0,0,Tverlandet,NOR:Line:12_8044,Tverlandet - Bodø sentrum - Løpsmarka Nattbuss,4 N,bus,NOR:ServiceJourney:8044_251012124900682_1003,True,planned,False,,,,,2026-10-10T01:37:25.941423+02:00
NSR:StopPlace:58924,Bryne stasjon,2026-10-11T01:58:00+02:00,2026-10-10T02:04:05+02:00,,0.0,0,Stavanger,GOA:Line:59,Jærbanen,L5,rail,GOA:ServiceJourney:3093_63146-R,True,expected,False,,,,,2026-10-10T01:37:25.941423+02:00
NSR:StopPlace:58854,Langhus stasjon,2026-10-10T02:37:00+02:00,2026-10-10T02:37:00+02:00,,0.0,0,Korsegården,RUT:Line:510,Bøleråsen - Ski - Ås - Drøbak,510,bus,RUT:ServiceJourney:9f6c88a0f4a934528562bd59ea7be073,True,planned,False,,,,,2026-10-10T01:37:25.941423+02:00
NSR:StopPlace:58866,Vevelstad stasjon,2026-10-10T02:34:00+02:00,2026-10-10T02:34:00+02:00,,0.0,0,Korsegården,RUT:Line:510,Bøleråsen - Ski - Ås - Drøbak,510,bus,RUT:ServiceJourney:9f6c88a0f4a934528562bd59ea7be073,True,planned,False,,,,,2026-10-10T01:37:25.941423+02:00
NSR:StopPlace:58860,Oppegård stasjon,2026-10-10T02:13:00+02:00,2026-10-10T02:13:00+02:00,,0.0,0,Nationaltheatret,RUT:Line:3981,Nationaltheatret - Ski,81N,bus,RUT:ServiceJourney:c7b0433558757158d207f05489e340ec,True,planned,False,,,,,2026-10-10T01:37:25.941423+02:00
NSR:StopPlace:58860,Oppegård stasjon,2026-10-10T02:35:00+02:00,2026-10-10T02:35:00+02:00,,0.0,0,Ski stasjon,RUT:Line:3981,Nationaltheatret - Ski,81N,bus,RUT:ServiceJourney:1af7883fd1f7a103715e0cf300741594,True,planned,False,,,,,2026-10-10T01:37:25.941423+02:00
NSR:StopPlace:398,Arna stasjon,2026-10-10T02:12:00+02:00,2026-10-10T02:12:00+02:00,,0.0,0,Bergen,VYG:Line:L4,Bergen-Arna,L4,rail,VYG:ServiceJourney:2685_443904-R,True,planned,False,,,,,2026-10-10T01:37:25.941423+02:00
NSR:StopPlace:62311,Vigrestad stasjon,2026-10-11T01:43:00+02:00,2026-10-10T01:43:26+02:00,,0.0,0,Egersund,GOA:Line:59,Jærbanen,L5,rail,GOA:ServiceJourney:3090_63143-R,True,expected,False,,,,,2026-10-10T01:37:25.941423+02:00
NSR:StopPlace:62311,Vigrestad stasjon,2026-10-11T01:43:00+02:00,2026-10-10T01:49:05+02:00,,0.0,0,Stavanger,GOA:Line:59,Jærbanen,L5,rail,GOA:ServiceJourney:3093_63146-R,True,expected,False,,,,,2026-10-10T01:37:25.941423+02:00
NSR:StopPlace:62310,Brusand stasjon,2026-10-11T01:36:00+02:00,2026-10-10T01:42:05+02:00,,0.0,0,Stavanger,GOA:Line:59,Jærbanen,L5,rail,GOA:ServiceJourney:3093_63146-R,True,expected,False,,,,,2026-10-10T01:37:25.941423+02:00
NSR:StopPlace:62310,Brusand stasjon,2026-10-11T01:47:00+02:00,2026-10-10T01:47:26+02:00,,0.0,0,Egersund,GOA:Line:59,Jærbanen,L5,rail,GOA:ServiceJourney:3090_63143-R,True,expected,False,,,,,2026-10-10T01:37:25.941423+02:00
NSR:StopPlace:61979,Hellvik stasjon,2026-10-11T01:59:00+02:00,2026-10-10T01:59:26+02:00,,0.0,0,Egersund,GOA:Line:59,Jærbanen,L5,rail,GOA:ServiceJourney:3090_63143-R,True,expected,False,,,,,2026-10-10T01:37:25.941423+02:00
NSR:StopPlace:61251,Øksnavadporten stasjon,2026-10-10T02:05:00+02:00,2026-10-10T02:05:00+02:00,,0.0,0,Stavanger,GOA:Line:59,Jærbanen,L5,rail,GOA:ServiceJourney:3093_63146-R,False,planned,False,,,,,2026-10-10T04:52:08.771796+02:00
NSR:StopPlace:61251,Øksnavadporten stasjon,2026-10-10T02:19:00+02:00,2026-10-10T02:19:00+02:00,,0.0,0,Egersund,GOA:Line:59,Jærbanen,L5,rail,GOA:ServiceJourney:3092_63145-R,False,planned,False,,,,,2026-10-10T04:52:08.771796+02:00
NSR:StopPlace:61291,Stavanger stasjon,2026-10-10T05:47:00+02:00,2026-10-10T05:47:00+02:00,,0.0,0,Egersund,GOA:Line:59,Jærbanen,L5,rail,GOA:ServiceJourney:3008_63040-R,False,planned,False,,,,,2026-10-10T04:52:08.771796+02:00
NSR:StopPlace:8,Paradis stasjon,2026-10-10T02:28:00+02:00,2026-10-10T02:28:00+02:00,,0.0,0,Stavanger,GOA:Line:59,Jærbanen,L5,rail,GOA:ServiceJourney:3093_63146-R,False,planned,False,,,,,2026-10-10T04:52:08.771796+02:00
NSR:StopPlace:8,Paradis stasjon,2026-10-10T05:49:00+02:00,2026-10-10T05:49:00+02:00,,0.0,0,Egersund,GOA:Line:59,Jærbanen,L5,rail,GOA:ServiceJourney:3008_63040-R,False,planned,False,,,,,2026-10-10T04:52:08.771796+02:00
NSR:StopPlace:61134,Tverlandet stasjon,2026-10-10T02:51:30+02:00,2026-10-10T02:51:30+02:00,,0.0,0,Bodø,SJN:Line:79,Saltenpendelen,R75,rail,SJN:ServiceJourney:1797_35200-R,False,planned,False,,,,,2026-10-10T04:52:08.771796+02:00
NSR:StopPlace:61169,Marienborg stasjon,2026-10-10T02:05:00+02:00,2026-10-10T02:05:00+02:00,,0.0,0,Flatåsen via Byåsen,ATB:Line:2_101,Nattbuss Byåsen/Flatåsen,101,bus,ATB:ServiceJourney:101_251215112544847_6006,False,planned,False,,,,,2026-10-10T04:52:08.771796+02:00
NSR:StopPlace:61169,Marienborg stasjon,2026-10-10T03:05:00+02:00,2026-10-10T03:05:00+02:00,,0.0,0,Flatåsen via Byåsen,ATB:Line:2_101,Nattbuss Byåsen/Flatåsen,101,bus,ATB:ServiceJourney:101_251215112544848_6010,False,planned,False,,,,,2026-10-10T04:52:08.771796+02:00
NSR:StopPlace:61169,Marienborg stasjon,2026-10-10T03:35:00+02:00,2026-10-10T03:35:00+02:00,,0.0,0,Flatåsen via Byåsen,ATB:Line:2_101,Nattbuss Byåsen/Flatåsen,101,bus,ATB:ServiceJourney:101_251215112544846_6002,False,planned,False,,,,,2026-10-10T04:52:08.771796+02:00
NSR:StopPlace:61334,Ogna stasjon,2026-10-10T02:51:00+02:00,2026-10-10T02:51:00+02:00,,0.0,0,Egersund,GOA:Line:59,Jærbanen,L5,rail,GOA:ServiceJourney:3092_63145-R,False,planned,False,,,,,2026-10-10T04:52:08.771796+02:00
NSR:StopPlace:61608,Kristiansand stasjon,2026-10-10T02:17:00+02:00,2026-10-10T02:17:00+02:00,,0.0,0,Kongsberg,GOA:Line:50,Sørtoget region,F5,rail,GOA:ServiceJourney:726-KVB_73834-R,False,planned,False,,,,,2026-10-10T04:52:08.771796+02:00
NSR:StopPlace:61872,Nærbø stasjon,2026-10-10T02:32:00+02:00,2026-10-10T02:32:00+02:00,,0.0,0,Egersund,GOA:Line:59,Jærbanen,L5,rail,GOA:ServiceJourney:3092_63145-R,False,planned,False,,,,,2026-10-10T04:52:08.771796+02:00
NSR:StopPlace:59872,Oslo S,2026-10-10T04:45:00+02:00,2026-10-10T04:45:00+02:00,,0.0,0,Oslo lufthavn,FLT:Line:FLY1,FLY1,FLY1,rail,FLT:ServiceJourney:34220_1401_3701_2026-10-10_B1,False,planned,False,,,,,2026-10-10T04:52:08.771796+02:00
NSR:StopPlace:59872,Oslo S,2026-10-10T04:45:00+02:00,2026-10-10T04:45:00+02:00,,0.0,0,Oslo lufthavn,FLT:Line:FLY1,FLY1,FLY1,rail,FLT:ServiceJourney:34220_1400_3701_2026-10-10_B1,False,planned,False,,,,,2026-10-10T04:52:08.771796+02:00
NSR:StopPlace:59872,Oslo S,2026-10-10T05:05:00+02:00,2026-10-10T05:05:00+02:00,,0.0,0,Oslo lufthavn,FLT:Line:FLY1,FLY1,FLY1,rail,FLT:ServiceJourney:34220_1396_3703_2026-10-10_B1,False,planned,False,,,,,2026-10-10T04:52:08.771796+02:00
NSR:StopPlace:59872,Oslo S,2026-10-10T05:05:00+02:00,2026-10-10T05:05:00+02:00,,0.0,0,Oslo lufthavn,FLT:Line:FLY1,FLY1,FLY1,rail,FLT:ServiceJourney:34220_1397_3703_2026-10-10_B1,False,planned,False,,,,,2026-10-10T04:52:08.771796+02:00
NSR:StopPlace:59872,Oslo S,2026-10-10T05:25:00+02:00,2026-10-10T05:25:00+02:00,,0.0,0,Oslo lufthavn,FLT:Line:FLY1,FLY1,FLY1,rail,FLT:ServiceJourney:34220_1393_3705_2026-10-10_B1,False,planned,False,,,,,2026-10-10T04:52:08.771796+02:00
NSR:StopPlace:59872,Oslo S,2026-10-10T05:25:00+02:00,2026-10-10T05:25:00+02:00,,0.0,0,Oslo lufthavn,FLT:Line:FLY1,FLY1,FLY1,rail,FLT:ServiceJourney:34220_1392_3705_2026-10-10_B1,False,planned,False,,,,,2026-10-10T04:52:08.771796+02:00
NSR:StopPlace:59872,Oslo S,2026-10-10T05:45:00+02:00,2026-10-10T05:45:00+02:00,,0.0,0,Oslo lufthavn,FLT:Line:FLY1,FLY1,FLY1,rail,FLT:ServiceJourney:34220_1388_3707_2026-10-10_B1,False,planned,False,,,,,2026-10-10T04:52:08.771796+02:00
NSR:StopPlace:59872,Oslo S,2026-10-10T05:45:00+02:00,2026-10-10T05:45:00+02:00,,0.0,0,Oslo lufthavn,FLT:Line:FLY1,FLY1,FLY1,rail,FLT:ServiceJourney:34220_1389_3707_2026-10-10_B1,False,planned,False,,,,,2026-10-10T04:52:08.771796+02:00
NSR:StopPlace:59872,Oslo S,2026-10-10T05:52:00+02:00,2026-10-10T05:52:00+02:00,,0.0,0,Ski,VYG:Line:R21,Stabekk-Oslo S-Moss,R21,rail,VYG:ServiceJourney:BUS-1105_660561-R,False,planned,False,,,,,2026-10-10T04:52:08.771796+02:00
NSR:StopPlace:59646,Høvik stasjon,2026-10-10T02:33:00+02:00,2026-10-10T02:33:00+02:00,,0.0,0,Sandvika,RUT:Line:3250,Nationaltheatretl - Sandvika- Slemmestad- Sætre,250N,bus,RUT:ServiceJourney:c20e338f3d071d4ac194ed4c5c765253,False,planned,False,,,,,2026-10-10T04:52:08.771796+02:00
NSR:StopPlace:59646,Høvik stasjon,2026-10-10T03:03:00+02:00,2026-10-10T03:03:00+02:00,,0.0,0,Sætre,RUT:Line:3250,Nationaltheatretl - Sandvika- Slemmestad- Sætre,250N,bus,RUT:ServiceJourney:d071cf2cae57602a4cb462a011dc1b76,False,planned,False,,,,,2026-10-10T04:52:08.771796+02:00
NSR:StopPlace:59646,Høvik stasjon,2026-10-10T03:33:00+02:00,2026-10-10T03:33:00+02:00,,0.0,0,Sandvika,RUT:Line:3250,Nationaltheatretl - Sandvika- Slemmestad- Sætre,250N,bus,RUT:ServiceJourney:85f29ffeb8a8fd31d3ec0b3e34aa35a9,False,planned,False,,,,,2026-10-10T04:52:08.771796+02:00
NSR:StopPlace:59646,Høvik stasjon,2026-10-10T05:10:00+02:00,2026-10-10T05:10:00+02:00,,0.0,0,Torpekspressen - Torp airport,UNI:Line:UE2,Oslo Bussterminal - Torp Lufhavn,FB25,bus,UNI:ServiceJourney:UE2-169970-47995792,False,planned,False,,,,,2026-10-10T04:52:08.771796+02:00
NSR:StopPlace:59647,Dal stasjon,2026-10-10T05:41:00+02:00,2026-10-10T05:41:00+02:00,,0.0,0,Jessheim,RUT:Line:430,Eidsvoll - Jessheim,430,bus,RUT:ServiceJourney:d43c060dcf5622697fa414caddb49983,False,planned,False,,,,,2026-10-10T04:52:08.771796+02:00
NSR:StopPlace:59647,Dal stasjon,2026-10-10T05:46:00+02:00,2026-10-10T05:46:00+02:00,,0.0,0,Eidsvoll st.,RUT:Line:430,Eidsvoll - Jessheim,430,bus,RUT:ServiceJourney:6604a50717e3082f6b5f153d1b223312,False,planned,False,,,,,2026-10-10T04:52:08.771796+02:00
NSR:StopPlace:59648,Kjelsås stasjon,2026-10-10T02:03:00+02:00,2026-10-10T02:03:00+02:00,,0.0,0,Majorstuen,RUT:Line:3912,Majorstuen - Kjelsås,12N,bus,RUT:ServiceJourney:75060569183e1f0c2911f188725b6c8d,False,planned,False,Linje 12N: Holdeplass Solli flyttet,Inngående: Stopper på holdeplass i Frognerveien. Omkjøring via Observatoriegata – Vestre Solligata – Cort Adelers gate – høyre Henrik Ibsens gate. Utgående: Kjører i bilfeltet ved siden av trikkesporet og benytter midlertidig holdeplass der.,incident,normal,2026-10-10T04:52:08.771796+02:00
NSR:StopPlace:59648,Kjelsås stasjon,2026-10-10T02:10:00+02:00,2026-10-10T02:10:00+02:00,,0.0,0,Kværnerbyen,RUT:Line:54,Kværnerbyen - Kjelsås stasjon,54,bus,RUT:ServiceJourney:2dab5c98aec46ed86464ae0111f61b87,False,planned,False,"Fra 4. oktober: Buss 54 får økt frekvens mellom rushtidene, og på lørdager",Sjekk reiseplanleggeren for detaljer.,general,normal,2026-10-10T04:52:08.771796+02:00
NSR:StopPlace:59648,Kjelsås stasjon,2026-10-10T02:18:00+02:00,2026-10-10T02:18:00+02:00,,0.0,0,Majorstuen,RUT:Line:3911,Majorstuen - Kjelsås,11N,bus,RUT:ServiceJourney:35b74a1e15677d600c7e7ae199e509e9,False,planned,False,,,,,2026-10-10T04:52:08.771796+02:00
NSR:StopPlace:59648,Kjelsås stasjon,2026-10-10T02:33:00+02:00,2026-10-10T02:33:00+02:00,,0.0,0,Majorstuen,RUT:Line:3912,Majorstuen - Kjelsås,12N,bus,RUT:ServiceJourney:964583cb8c09d1d083f5bddd965507c5,False,planned,False,Linje 12N: Holdeplass Solli flyttet,Inngående: Stopper på holdeplass i Frognerveien. Omkjøring via Observatoriegata – Vestre Solligata – Cort Adelers gate – høyre Henrik Ibsens gate. Utgående: Kjører i bilfeltet ved siden av trikkesporet og benytter midlertidig holdeplass der.,incident,normal,2026-10-10T04:52:08.771796+02:00
NSR:StopPlace:59648,Kjelsås stasjon,2026-10-10T02:40:00+02:00,2026-10-10T02:40:00+02:00,,0.0,0,Kværnerbyen,RUT:Line:54,Kværnerbyen - Kjelsås stasjon,54,bus,RUT:ServiceJourney:25831374c1da7452eae93b2687f1d0b8,False,planned,False,"Fra 4. oktober: Buss 54 får økt frekvens mellom rushtidene, og på lørdager",Sjekk reiseplanleggeren for detaljer.,general,normal,2026-10-10T04:52:08.771796+02:00
NSR:StopPlace:59648,Kjelsås stasjon,2026-10-10T02:48:00+02:00,2026-10-10T02:48:00+02:00,,0.0,0,Majorstuen,RUT:Line:3911,Majorstuen - Kjelsås,11N,bus,RUT:ServiceJourney:774416bf54751af52fd5d822f224760f,False,planned,False,,,,,2026-10-10T04:52:08.771796+02:00
NSR:StopPlace:59648,Kjelsås stasjon,2026-10-10T03:03:00+02:00,2026-10-10T03:03:00+02:00,,0.0,0,Majorstuen,RUT:Line:3912,Majorstuen - Kjelsås,12N,bus,RUT:ServiceJourney:5a23dc808940c10fcf21c4204b6a7761,False,planned,False,Linje 12N: Holdeplass Solli flyttet,Inngående: Stopper på holdeplass i Frognerveien. Omkjøring via Observatoriegata – Vestre Solligata – Cort Adelers gate – høyre Henrik Ibsens gate. Utgående: Kjører i bilfeltet ved siden av trikkesporet og benytter midlertidig holdeplass der.,incident,normal,2026-10-10T04:52:08.771796+02:00
NSR:StopPlace:59648,Kjelsås stasjon,2026-10-10T03:10:00+02:00,2026-10-10T03:10:00+02:00,,0.0,0,Kværnerbyen,RUT:Line:54,Kværnerbyen - Kjelsås stasjon,54,bus,RUT:ServiceJourney:8169e367bc548b42074111458b9a24be,False,planned,False,"Fra 4. oktober: Buss 54 får økt frekvens mellom rushtidene, og på lørdager",Sjekk reiseplanleggeren for detaljer.,general,normal,2026-10-10T04:52:08.771796+02:00
NSR:StopPlace:59648,Kjelsås stasjon,2026-10-10T03:18:00+02:00,2026-10-10T03:18:00+02:00,,0.0,0,Majorstuen,RUT:Line:3911,Majorstuen - Kjelsås,11N,bus,RUT:ServiceJourney:dfc11ef7345db5cf61b17e2fef3ea6f8,False,planned,False,,,,,2026-10-10T04:52:08.771796+02:00
NSR:StopPlace:59648,Kjelsås stasjon,2026-10-10T05:18:00+02:00,2026-10-10T05:18:00+02:00,,0.0,0,Majorstuen,RUT:Line:3911,Majorstuen - Kjelsås,11N,bus,RUT:ServiceJourney:bf89e8e9fdcc1ddc33f9951d744df808,False,planned,False,,,,,2026-10-10T04:52:08.771796+02:00
NSR:StopPlace:59648,Kjelsås stasjon,2026-10-10T05:40:00+02:00,2026-10-10T05:40:00+02:00,,0.0,0,Kværnerbyen,RUT:Line:54,Kværnerbyen - Kjelsås stasjon,54,bus,RUT:ServiceJourney:b8cdf5872ef84f33ffca2be84122459d,False,planned,False,"Fra 4. oktober: Buss 54 får økt frekvens mellom rushtidene, og på lørdager",Sjekk reiseplanleggeren for detaljer.,general,normal,2026-10-10T04:52:08.771796+02:00
NSR:StopPlace:59649,Nydalen stasjon,2026-10-10T03:03:00+02:00,2026-10-10T03:03:00+02:00,,0.0,0,Oslo lufthavn,NBU:Line:cb7b555c-f96e-42d5-84bf-a5e08c0145c2,Radiumhospitalet via Økern-Storo-Tåsen,FB3,bus,NBU:ServiceJourney:1acabfe4-a7c3-4f3a-8e1d-d522228235e9,False,planned,False,,,,,2026-10-10T04:52:08.771796+02:00
NSR:StopPlace:59649,Nydalen stasjon,2026-10-10T05:48:00+02:00,2026-10-10T05:48:00+02:00,,0.0,0,Lysaker,RUT:Line:23,Lysaker - Simensbråten,23,bus,RUT:ServiceJourney:6791c794f22317c5fc9821bcf1fc70b2,False,planned,False,Fra 4. oktober: Buss 23 får redusert frekvens i ettermiddagsrush og minuttjusteringer,Reiseplanleggeren er oppdatert ,general,normal,2026-10-10T04:52:08.771796+02:00
NSR:StopPlace:59643,Grefsen stasjon,2026-10-10T02:14:00+02:00,2026-10-10T02:14:00+02:00,,0.0,0,Disen,RUT:Line:17,Rikshospitalet - Sinsen o/ Carl Berner,17,tram,RUT:ServiceJourney:983869fecddcc98af06d2769ff20d72c,False,planned,False,,,,,2026-10-10T04:52:08.771796+02:00
NSR:StopPlace:59643,Grefsen stasjon,2026-10-10T03:08:00+02:00,2026-10-10T03:08:00+02:00,,0.0,0,Oslo lufthavn,NBU:Line:cb7b555c-f96e-42d5-84bf-a5e08c0145c2,Radiumhospitalet via Økern-Storo-Tåsen,FB3,bus,NBU:ServiceJourney:1acabfe4-a7c3-4f3a-8e1d-d522228235e9,False,planned,False,,,,,2026-10-10T04:52:08.771796+02:00
NSR:StopPlace:59643,Grefsen stasjon,2026-10-10T05:43:00+02:00,2026-10-10T05:43:00+02:00,,0.0,0,Lysaker,RUT:Line:23,Lysaker - Simensbråten,23,bus,RUT:ServiceJourney:6791c794f22317c5fc9821bcf1fc70b2,False,planned,False,Fra 4. oktober: Buss 23 får redusert frekvens i ettermiddagsrush og minuttjusteringer,Reiseplanleggeren er oppdatert ,general,normal,2026-10-10T04:52:08.771796+02:00
NSR:StopPlace:59643,Grefsen stasjon,2026-10-10T05:45:00+02:00,2026-10-10T05:45:00+02:00,,0.0,0,Gaustadalléen,RUT:Line:17,Rikshospitalet - Sinsen o/ Carl Berner,17,tram,RUT:ServiceJourney:1537f0e320cde5b8b7f341956a833d7b,False,planned,False,,,,,2026-10-10T04:52:08.771796+02:00
NSR:StopPlace:60640,Heimdal stasjon,2026-10-10T02:18:00+02:00,2026-10-10T02:18:00+02:00,,0.0,0,Lundåsen,ATB:Line:2_109,Nattbuss Bjørndalen/Kattem/Lun,109,bus,ATB:ServiceJourney:109_251215112543889_6006,False,planned,False,,,,,2026-10-10T04:52:08.771796+02:00
NSR:StopPlace:60640,Heimdal stasjon,2026-10-10T02:48:00+02:00,2026-10-10T02:48:00+02:00,,0.0,0,Lundåsen,ATB:Line:2_109,Nattbuss Bjørndalen/Kattem/Lun,109,bus,ATB:ServiceJourney:109_251215112543887_6008,False,planned,False,,,,,2026-10-10T04:52:08.771796+02:00
NSR:StopPlace:60640,Heimdal stasjon,2026-10-10T03:18:00+02:00,2026-10-10T03:18:00+02:00,,0.0,0,Lundåsen,ATB:Line:2_109,Nattbuss Bjørndalen/Kattem/Lun,109,bus,ATB:ServiceJourney:109_251215112543890_6010,False,planned,False,,,,,2026-10-10T04:52:08.771796+02:00
NSR:StopPlace:60640,Heimdal stasjon,2026-10-10T03:48:00+02:00,2026-10-10T03:48:00+02:00,,0.0,0,Lundåsen,ATB:Line:2_109,Nattbuss Bjørndalen/Kattem/Lun,109,bus,ATB:ServiceJourney:109_251215112543888_6002,False,planned,False,,,,,2026-10-10T04:52:08.771796+02:00
NSR:StopPlace:59650,Nyland stasjon,2026-10-10T02:16:00+02:00,2026-10-10T02:16:00+02:00,,0.0,0,Vestli,RUT:Line:3905,Jernbanetorget - Vestli T,5N,bus,RUT:ServiceJourney:f142fd8780abc60c38f25d21da2041aa,False,planned,False,,,,,2026-10-10T04:52:08.771796+02:00
NSR:StopPlace:59650,Nyland stasjon,2026-10-10T02:23:00+02:00,2026-10-10T02:23:00+02:00,,0.0,0,Jernbanetorget,RUT:Line:3905,Jernbanetorget - Vestli T,5N,bus,RUT:ServiceJourney:ced46ddc628de6198f43e89df96915a7,False,planned,False,,,,,2026-10-10T04:52:08.771796+02:00
NSR:StopPlace:59650,Nyland stasjon,2026-10-10T02:46:00+02:00,2026-10-10T02:46:00+02:00,,0.0,0,Vestli,RUT:Line:3905,Jernbanetorget - Vestli T,5N,bus,RUT:ServiceJourney:db58241c2310cfa461ac78d66c93663a,False,planned,False,,,,,2026-10-10T04:52:08.771796+02:00
NSR:StopPlace:59650,Nyland stasjon,2026-10-10T02:53:00+02:00,2026-10-10T02:53:00+02:00,,0.0,0,Jernbanetorget,RUT:Line:3905,Jernbanetorget - Vestli T,5N,bus,RUT:ServiceJourney:534807c1d473f62c7cdd5845bd4d0c51,False,planned,False,,,,,2026-10-10T04:52:08.771796+02:00
NSR:StopPlace:59650,Nyland stasjon,2026-10-10T03:16:00+02:00,2026-10-10T03:16:00+02:00,,0.0,0,Vestli,RUT:Line:3905,Jernbanetorget - Vestli T,5N,bus,RUT:ServiceJourney:168958a32639038ba6856582f2a6f840,False,planned,False,,,,,2026-10-10T04:52:08.771796+02:00
NSR:StopPlace:59650,Nyland stasjon,2026-10-10T03:22:00+02:00,2026-10-10T03:22:00+02:00,,0.0,0,Oslo lufthavn,NBU:Line:cb7b555c-f96e-42d5-84bf-a5e08c0145c2,Radiumhospitalet via Økern-Storo-Tåsen,FB3,bus,NBU:ServiceJourney:1acabfe4-a7c3-4f3a-8e1d-d522228235e9,False,planned,False,,,,,2026-10-10T04:52:08.771796+02:00
NSR:StopPlace:59650,Nyland stasjon,2026-10-10T03:23:00+02:00,2026-10-10T03:23:00+02:00,,0.0,0,Jernbanetorget,RUT:Line:3905,Jernbanetorget - Vestli T,5N,bus,RUT:ServiceJourney:78c8bf67585395be2a3689287d670e78,False,planned,False,,,,,2026-10-10T04:52:08.771796+02:00
NSR:StopPlace:59650,Nyland stasjon,2026-10-10T03:46:00+02:00,2026-10-10T03:46:00+02:00,,0.0,0,Vestli,RUT:Line:3905,Jernbanetorget - Vestli T,5N,bus,RUT:ServiceJourney:f0caa9d06b9b12aaac69c40ae2fd06cf,False,planned,False,,,,,2026-10-10T04:52:08.771796+02:00
NSR:StopPlace:59651,Skøyen stasjon,2026-10-10T02:06:00+02:00,2026-10-10T02:06:00+02:00,,0.0,0,Snarøya,RUT:Line:31,Snarøya - Fornebu - Tonsenhagen - Grorud,31,bus,RUT:ServiceJourney:32e6803f5bcdb6f0066b425a822d1df5,False,planned,False,,,,,2026-10-10T04:52:08.771796+02:00
NSR:StopPlace:59651,Skøyen stasjon,2026-10-10T02:16:00+02:00,2026-10-10T02:16:00+02:00,,0.0,0,Grorud T,RUT:Line:31,Snarøya - Fornebu - Tonsenhagen - Grorud,31,bus,RUT:ServiceJourney:70b0acdc123a8af616976f3f2932e40b,False,planned,False,,,,,2026-10-10T04:52:08.771796+02:00
NSR:StopPlace:59651,Skøyen stasjon,2026-10-10T02:17:00+02:00,2026-10-10T02:17:00+02:00,,0.0,0,Helsfyr T,RUT:Line:20,Skøyen - Galgeberg,20,bus,RUT:ServiceJourney:51e5b9a7cdf711970f052f5b48aafedc,False,planned,False,,,,,2026-10-10T04:52:08.771796+02:00
NSR:StopPlace:59651,Skøyen stasjon,2026-10-10T02:36:00+02:00,2026-10-10T02:36:00+02:00,,0.0,0,Snarøya,RUT:Line:31,Snarøya - Fornebu - Tonsenhagen - Grorud,31,bus,RUT:ServiceJourney:4112161f17d2694874aa1bc6379817cf,False,planned,False,,,,,2026-10-10T04:52:08.771796+02:00
NSR:StopPlace:59651,Skøyen stasjon,2026-10-10T02:46:00+02:00,2026-10-10T02:46:00+02:00,,0.0,0,Grorud T,RUT:Line:31,Snarøya - Fornebu - Tonsenhagen - Grorud,31,bus,RUT:ServiceJourney:291078c814c7bc71dec55c924f566422,False,planned,False,,,,,2026-10-10T04:52:08.771796+02:00
NSR:StopPlace:59651,Skøyen stasjon,2026-10-10T02:47:00+02:00,2026-10-10T02:47:00+02:00,,0.0,0,Helsfyr T,RUT:Line:20,Skøyen - Galgeberg,20,bus,RUT:ServiceJourney:6ee196505ef02a2fb8708787d8e19bda,False,planned,False,,,,,2026-10-10T04:52:08.771796+02:00
NSR:StopPlace:59651,Skøyen stasjon,2026-10-10T03:06:00+02:00,2026-10-10T03:06:00+02:00,,0.0,0,Snarøya,RUT:Line:31,Snarøya - Fornebu - Tonsenhagen - Grorud,31,bus,RUT:ServiceJourney:bd1dddd74c689f7e4ee1508aadd8f0c6,False,planned,False,,,,,2026-10-10T04:52:08.771796+02:00
NSR:StopPlace:59651,Skøyen stasjon,2026-10-10T03:16:00+02:00,2026-10-10T03:16:00+02:00,,0.0,0,Grorud T,RUT:Line:31,Snarøya - Fornebu - Tonsenhagen - Grorud,31,bus,RUT:ServiceJourney:2631cfeff004b59026dea16ff2844e28,False,planned,False,,,,,2026-10-10T04:52:08.771796+02:00
NSR:StopPlace:59651,Skøyen stasjon,2026-10-10T03:17:00+02:00,2026-10-10T03:17:00+02:00,,0.0,0,Helsfyr T,RUT:Line:20,Skøyen - Galgeberg,20,bus,RUT:ServiceJourney:1ba841e8071bb5eab6ac51bad2bfe279,False,planned,False,,,,,2026-10-10T04:52:08.771796+02:00
NSR:StopPlace:59651,Skøyen stasjon,2026-10-10T03:36:00+02:00,2026-10-10T03:36:00+02:00,,0.0,0,Snarøya,RUT:Line:31,Snarøya - Fornebu - Tonsenhagen - Grorud,31,bus,RUT:ServiceJourney:787e3517f74cfb91cc9d1d58de86fce8,False,planned,False,,,,,2026-10-10T04:52:08.771796+02:00
NSR:StopPlace:59651,Skøyen stasjon,2026-10-10T04:32:00+02:00,2026-10-10T04:32:00+02:00,,0.0,0,Oslo lufthavn,FLT:Line:FLY1,FLY1,FLY1,rail,FLT:ServiceJourney:34220_1041_3701_2026-10-10_B1,False,planned,False,,,,,2026-10-10T04:52:08.771796+02:00
NSR:StopPlace:59651,Skøyen stasjon,2026-10-10T04:52:00+02:00,2026-10-10T04:52:00+02:00,,0.0,0,Oslo lufthavn,FLT:Line:FLY1,FLY1,FLY1,rail,FLT:ServiceJourney:34220_1399_3703_2026-10-10_B1,False,planned,False,,,,,2026-10-10T04:52:08.771796+02:00
NSR:StopPlace:59651,Skøyen stasjon,2026-10-10T05:12:00+02:00,2026-10-10T05:12:00+02:00,,0.0,0,Oslo lufthavn,FLT:Line:FLY1,FLY1,FLY1,rail,FLT:ServiceJourney:34220_1395_3705_2026-10-10_B1,False,planned,False,,,,,2026-10-10T04:52:08.771796+02:00
NSR:StopPlace:59651,Skøyen stasjon,2026-10-10T05:17:00+02:00,2026-10-10T05:17:00+02:00,,0.0,0,Helsfyr T,RUT:Line:20,Skøyen - Galgeberg,20,bus,RUT:ServiceJourney:0478772c1174dda2d7362268261c4a56,False,planned,False,,,,,2026-10-10T04:52:08.771796+02:00
NSR:StopPlace:59651,Skøyen stasjon,2026-10-10T05:32:00+02:00,2026-10-10T05:32:00+02:00,,0.0,0,Oslo lufthavn,FLT:Line:FLY1,FLY1,FLY1,rail,FLT:ServiceJourney:34220_1391_3707_2026-10-10_B1,False,planned,False,,,,,2026-10-10T04:52:08.771796+02:00
NSR:StopPlace:59651,Skøyen stasjon,2026-10-10T05:41:00+02:00,2026-10-10T05:41:00+02:00,,0.0,0,Grorud T,RUT:Line:31,Snarøya - Fornebu - Tonsenhagen - Grorud,31,bus,RUT:ServiceJourney:ff115abe704551101ef251de9c70d577,False,planned,False,,,,,2026-10-10T04:52:08.771796+02:00
NSR:StopPlace:59651,Skøyen stasjon,2026-10-10T05:47:00+02:00,2026-10-10T05:47:00+02:00,,0.0,0,Galgeberg,RUT:Line:20,Skøyen - Galgeberg,20,bus,RUT:ServiceJourney:b032e180952bb7f89f0a516f620cdc88,False,planned,False,,,,,2026-10-10T04:52:08.771796+02:00
NSR:StopPlace:59651,Skøyen stasjon,2026-10-10T05:52:00+02:00,2026-10-10T05:52:00+02:00,,0.0,0,Oslo lufthavn,FLT:Line:FLY1,FLY1,FLY1,rail,FLT:ServiceJourney:34220_1387_3709_2026-10-10_B1,False,planned,False,,,,,2026-10-10T04:52:08.771796+02:00
NSR:StopPlace:59654,Stabekk stasjon,2026-10-10T02:22:00+02:00,2026-10-10T02:22:00+02:00,,0.0,0,Nationaltheatret,RUT:Line:150,Gullhaug - Nationaltheatret,150,bus,RUT:ServiceJourney:3f0a7eb4cb7184a91559450041dd96df,False,planned,False,,,,,2026-10-10T04:52:08.771796+02:00
NSR:StopPlace:59654,Stabekk stasjon,2026-10-10T02:39:00+02:00,2026-10-10T02:39:00+02:00,,0.0,0,Gullhaug,RUT:Line:150,Gullhaug - Nationaltheatret,150,bus,RUT:ServiceJourney:74b68cb804b8182e2e665a09842cb958,False,planned,False,Holdeplass Stabekk stasjon i retning mot Bekkestua er flyttet ca. 50 meter bakover.,Dette skyldes anleggsarbeid i området.,incident,normal,2026-10-10T04:52:08.771796+02:00
NSR:StopPlace:59654,Stabekk stasjon,2026-10-10T02:52:00+02:00,2026-10-10T02:52:00+02:00,,0.0,0,Nationaltheatret,RUT:Line:150,Gullhaug - Nationaltheatret,150,bus,RUT:ServiceJourney:3f71350e5b9aaacb1c5b03fd3be1f4e0,False,planned,False,,,,,2026-10-10T04:52:08.771796+02:00
NSR:StopPlace:59654,Stabekk stasjon,2026-10-10T03:09:00+02:00,2026-10-10T03:09:00+02:00,,0.0,0,Gullhaug,RUT:Line:150,Gullhaug - Nationaltheatret,150,bus,RUT:ServiceJourney:28a07938a172ff8911fd785cd86e28f4,False,planned,False,Holdeplass Stabekk stasjon i retning mot Bekkestua er flyttet ca. 50 meter bakover.,Dette skyldes anleggsarbeid i området.,incident,normal,2026-10-10T04:52:08.771796+02:00
NSR:StopPlace:59654,Stabekk stasjon,2026-10-10T03:22:00+02:00,2026-10-10T03:22:00+02:00,,0.0,0,Nationaltheatret,RUT:Line:150,Gullhaug - Nationaltheatret,150,bus,RUT:ServiceJourney:5aa58ed288a643bdd33cbc043ced5c33,False,planned,False,,,,,2026-10-10T04:52:08.771796+02:00
NSR:StopPlace:59654,Stabekk stasjon,2026-10-10T03:39:00+02:00,2026-10-10T03:39:00+02:00,,0.0,0,Gullhaug,RUT:Line:150,Gullhaug - Nationaltheatret,150,bus,RUT:ServiceJourney:fd61ee095d58a9e953a9628004d40af2,False,planned,False,Holdeplass Stabekk stasjon i retning mot Bekkestua er flyttet ca. 50 meter bakover.,Dette skyldes anleggsarbeid i området.,incident,normal,2026-10-10T04:52:08.771796+02:00
NSR:StopPlace:59703,Åndalsnes stasjon,2026-10-10T05:00:00+02:00,2026-10-10T05:00:00+02:00,,0.0,0,Ålesund,VYX:Line:162,VY148 Ålesund-Oslo,VY148,coach,VYX:ServiceJourney:16284d23a098a91bef5b5635a0cdccca241a2200,False,planned,False,Forhåndsbestilling Vy,Billett må kjøpes på nett eller app senest 15 minutter før påstigning for at bussen skal kjøre innom holdeplassen.,general,normal,2026-10-10T04:52:08.771796+02:00
NSR:StopPlace:59952,Drammen stasjon,2026-10-10T04:02:00+02:00,2026-10-10T04:02:00+02:00,,0.0,0,Skøyen,FLT:Line:FLY1,FLY1,FLY1,rail,FLT:ServiceJourney:1-2614-3701-20261010_T0,False,planned,False,,,,,2026-10-10T04:52:08.771796+02:00
NSR:StopPlace:59952,Drammen stasjon,2026-10-10T04:22:00+02:00,2026-10-10T04:22:00+02:00,,0.0,0,Skøyen,FLT:Line:FLY1,FLY1,FLY1,rail,FLT:ServiceJourney:1-2614-3703-20261010_T0,False,planned,False,,,,,2026-10-10T04:52:08.771796+02:00
NSR:StopPlace:59952,Drammen stasjon,2026-10-10T04:42:00+02:00,2026-10-10T04:42:00+02:00,,0.0,0,Skøyen,FLT:Line:FLY1,FLY1,FLY1,rail,FLT:ServiceJourney:1-2614-3705-20261010_T0,False,planned,False,,,,,2026-10-10T04:52:08.771796+02:00
NSR:StopPlace:59952,Drammen stasjon,2026-10-10T05:02:00+02:00,2026-10-10T05:02:00+02:00,,0.0,0,Skøyen,FLT:Line:FLY1,FLY1,FLY1,rail,FLT:ServiceJourney:1-2614-3707-20261010_T0,False,planned,False,,,,,2026-10-10T04:52:08.771796+02:00
NSR:StopPlace:59952,Drammen stasjon,2026-10-10T05:22:00+02:00,2026-10-10T05:22:00+02:00,,0.0,0,Skøyen,FLT:Line:FLY1,FLY1,FLY1,rail,FLT:ServiceJourney:1-2614-3709-20261010_T0,False,planned,False,,,,,2026-10-10T04:52:08.771796+02:00
NSR:StopPlace:59952,Drammen stasjon,2026-10-10T05:42:00+02:00,2026-10-10T05:42:00+02:00,,0.0,0,Skøyen,FLT:Line:FLY1,FLY1,FLY1,rail,FLT:ServiceJourney:1-2614-3711-20261010_T0,False,planned,False,,,,,2026-10-10T04:52:08.771796+02:00
NSR:StopPlace:59957,Klepp stasjon,2026-10-10T02:02:00+02:00,2026-10-10T02:02:00+02:00,,0.0,0,Stavanger,GOA:Line:59,Jærbanen,L5,rail,GOA:ServiceJourney:3093_63146-R,False,planned,False,,,,,2026-10-10T04:52:08.771796+02:00
NSR:StopPlace:59957,Klepp stasjon,2026-10-10T02:22:00+02:00,2026-10-10T02:22:00+02:00,,0.0,0,Egersund,GOA:Line:59,Jærbanen,L5,rail,GOA:ServiceJourney:3092_63145-R,False,planned,False,,,,,2026-10-10T04:52:08.771796+02:00
NSR:StopPlace:60944,Ski stasjon,2026-10-10T02:03:00+02:00,2026-10-10T02:03:00+02:00,,0.0,0,Nationaltheatret,RUT:Line:3981,Nationaltheatret - Ski,81N,bus,RUT:ServiceJourney:c7b0433558757158d207f05489e340ec,False,planned,False,,,,,2026-10-10T04:52:08.771796+02:00
NSR:StopPlace:60944,Ski stasjon,2026-10-10T02:03:00+02:00,2026-10-10T02:03:00+02:00,,0.0,0,Bøleråsen,RUT:Line:510,Bøleråsen - Ski - Ås - Drøbak,510,bus,RUT:ServiceJourney:03e5d587d4f1549cce8182f1e1bf5770,False,planned,False,,,,,2026-10-10T04:52:08.771796+02:00
NSR:StopPlace:60944,Ski stasjon,2026-10-10T02:18:00+02:00,2026-10-10T02:18:00+02:00,,0.0,0,Enebakk kirke,RUT:Line:350,Lillestrøm - Ski,350,bus,RUT:ServiceJourney:2250860ed8f22e55dd48bf470a17c0fa,False,planned,False,,,,,2026-10-10T04:52:08.771796+02:00
NSR:StopPlace:60944,Ski stasjon,2026-10-10T02:33:00+02:00,2026-10-10T02:33:00+02:00,,0.0,0,Nationaltheatret,RUT:Line:3981,Nationaltheatret - Ski,81N,bus,RUT:ServiceJourney:c8cfcac811ef658f451e651fda7d34b3,False,planned,False,,,,,2026-10-10T04:52:08.771796+02:00
NSR:StopPlace:60944,Ski stasjon,2026-10-10T02:42:00+02:00,2026-10-10T02:42:00+02:00,,0.0,0,Vinterbro,RUT:Line:520,Vinterbro - Ski stasjon,520,bus,RUT:ServiceJourney:afb1567c4d4e12e4f27bc92251e43218,False,planned,False,,,,,2026-10-10T04:52:08.771796+02:00
NSR:StopPlace:60944,Ski stasjon,2026-10-10T02:42:00+02:00,2026-10-10T02:42:00+02:00,,0.0,0,Oslo bussterminal,RUT:Line:2540,Oslo - Ski - Ås - Vestby (nattbuss),540N,bus,RUT:ServiceJourney:13200e985ee98b9ab33270481f183f88,False,planned,False,,,,,2026-10-10T04:52:08.771796+02:00
NSR:StopPlace:60944,Ski stasjon,2026-10-10T02:45:00+02:00,2026-10-10T02:45:00+02:00,,0.0,0,Korsegården,RUT:Line:510,Bøleråsen - Ski - Ås - Drøbak,510,bus,RUT:ServiceJourney:9f6c88a0f4a934528562bd59ea7be073,False,planned,False,,,,,2026-10-10T04:52:08.771796+02:00
NSR:StopPlace:60944,Ski stasjon,2026-10-10T03:00:00+02:00,2026-10-10T03:00:00+02:00,,0.0,0,Son via Ås,RUT:Line:2540,Oslo - Ski - Ås - Vestby (nattbuss),540N,bus,RUT:ServiceJourney:637c2097d871a2076f6cced6d3cde653,False,planned,False,,,,,2026-10-10T04:52:08.771796+02:00
NSR:StopPlace:60944,Ski stasjon,2026-10-10T03:03:00+02:00,2026-10-10T03:03:00+02:00,,0.0,0,Nationaltheatret,RUT:Line:3981,Nationaltheatret - Ski,81N,bus,RUT:ServiceJourney:185ddcd11a0b5179384cdbf5c6f1a6d8,False,planned,False,,,,,2026-10-10T04:52:08.771796+02:00
NSR:StopPlace:60944,Ski stasjon,2026-10-10T03:03:00+02:00,2026-10-10T03:03:00+02:00,,0.0,0,Bøleråsen,RUT:Line:510,Bøleråsen - Ski - Ås - Drøbak,510,bus,RUT:ServiceJourney:516fcb6f41b24091e0888556c2134919,False,planned,False,,,,,2026-10-10T04:52:08.771796+02:00
NSR:StopPlace:60944,Ski stasjon,2026-10-10T03:33:00+02:00,2026-10-10T03:33:00+02:00,,0.0,0,Ødegården,RUT:Line:3981,Nationaltheatret - Ski,81N,bus,RUT:ServiceJourney:3adf6dad1ba8aa934da92ac67ada9886,False,planned,False,,,,,2026-10-10T04:52:08.771796+02:00
NSR:StopPlace:60944,Ski stasjon,2026-10-10T03:42:00+02:00,2026-10-10T03:42:00+02:00,,0.0,0,Vinterbro,RUT:Line:520,Vinterbro - Ski stasjon,520,bus,RUT:ServiceJourney:a573eb6a85768910474392dc67001e08,False,planned,False,,,,,2026-10-10T04:52:08.771796+02:00
NSR:StopPlace:59977,Trondheim S,2026-10-10T02:36:00+02:00,2026-10-10T02:36:00+02:00,,0.0,0,Stjørdal via Brattøra-Sveberg,ATB:Line:2_116,Trondheim- Hommelvik- Stjørdal,116,bus,ATB:ServiceJourney:116_251217091074091_6004,False,planned,False,,,,,2026-10-10T04:52:08.771796+02:00
NSR:StopPlace:59977,Trondheim S,2026-10-10T03:36:00+02:00,2026-10-10T03:36:00+02:00,,0.0,0,Stjørdal via Brattøra-Hommelvik,ATB:Line:2_116,Trondheim- Hommelvik- Stjørdal,116,bus,ATB:ServiceJourney:116_251217091073789_6006,False,planned,False,,,,,2026-10-10T04:52:08.771796+02:00
NSR:StopPlace:59181,Kristinehamn station,2026-10-10T02:15:00+02:00,2026-10-10T02:15:00+02:00,,0.0,0,Karlstad,VYB:Line:26,850 Oslo - Arlanda - Stockholm,850,coach,VYB:ServiceJourney:7cef6f9d06b3084c5cd648a392b78e79f86a9bc4,False,planned,False,,,,,2026-10-10T04:52:08.771796+02:00
NSR:StopPlace:59181,Kristinehamn station,2026-10-10T02:35:00+02:00,2026-10-10T02:35:00+02:00,,0.0,0,Stockholm,VYB:Line:26,850 Oslo - Arlanda - Stockholm,850,coach,VYB:ServiceJourney:605bd5600f0256867e51b05dbc455984c5c9f309,False,planned,False,,,,,2026-10-10T04:52:08.771796+02:00
NSR:StopPlace:59182,Örebro Centralstation,2026-10-10T02:50:00+02:00,2026-10-10T02:50:00+02:00,,0.0,0,Arlanda,VYB:Line:26,850 Oslo - Arlanda - Stockholm,850,coach,VYB:ServiceJourney:10b2e4758894544f8ace957a0d24c160fccd39fb,False,planned,False,Örebro läge X,,general,normal,2026-10-10T04:52:08.771796+02:00
NSR:StopPlace:59182,Örebro Centralstation,2026-10-10T03:10:00+02:00,2026-10-10T03:10:00+02:00,,0.0,0,Karlstad,VYB:Line:26,850 Oslo - Arlanda - Stockholm,850,coach,VYB:ServiceJourney:8470c5d763172480e86b1b6f8357e883e035865b,False,planned,False,Örebro läge X,,general,normal,2026-10-10T04:52:08.771796+02:00
NSR:StopPlace:59182,Örebro Centralstation,2026-10-10T03:45:00+02:00,2026-10-10T03:45:00+02:00,,0.0,0,Stockholm,VYB:Line:26,850 Oslo - Arlanda - Stockholm,850,coach,VYB:ServiceJourney:605bd5600f0256867e51b05dbc455984c5c9f309,False,planned,False,Örebro läge X,,general,normal,2026-10-10T04:52:08.771796+02:00
NSR:StopPlace:59182,Örebro Centralstation,2026-10-10T04:35:00+02:00,2026-10-10T04:35:00+02:00,,0.0,0,Arlanda,VYB:Line:26,850 Oslo - Arlanda - Stockholm,850,coach,VYB:ServiceJourney:29db7164c721c502434d2463a4bfa6c4600f03c5,False,planned,False,Örebro läge X,,general,normal,2026-10-10T04:52:08.771796+02:00
NSR:StopPlace:59182,Örebro Centralstation,2026-10-10T05:35:00+02:00,2026-10-10T05:35:00+02:00,,0.0,0,Arlanda,VYB:Line:26,850 Oslo - Arlanda - Stockholm,850,coach,VYB:ServiceJourney:88d418fb1e0f2f28e1652324f0874a0bc4b7f0de,False,planned,False,Örebro läge X,,general,normal,2026-10-10T04:52:08.771796+02:00
NSR:StopPlace:60049,Hønefoss stasjon,2026-10-10T05:02:00+02:00,2026-10-10T05:02:00+02:00,,0.0,0,Sandvika,VYG:Line:F4,Oslo S-Bergen,F4,rail,VYG:ServiceJourney:BUS-606_651628-R,False,planned,False,,,,,2026-10-10T04:52:08.771796+02:00
NSR:StopPlace:60047,Melhus skysstasjon,2026-10-10T02:59:00+02:00,2026-10-10T02:59:00+02:00,,0.0,0,Brekkåsen,ATB:Line:2_110,Nattbuss Trondheim- Melhus,110,bus,ATB:ServiceJourney:110_251215112551921_6004,False,planned,False,,,,,2026-10-10T04:52:08.771796+02:00
NSR:StopPlace:60047,Melhus skysstasjon,2026-10-10T03:59:00+02:00,2026-10-10T03:59:00+02:00,,0.0,0,Brekkåsen,ATB:Line:2_110,Nattbuss Trondheim- Melhus,110,bus,ATB:ServiceJourney:110_251215112544871_6006,False,planned,False,,,,,2026-10-10T04:52:08.771796+02:00
NSR:StopPlace:60077,Støren stasjon,2026-10-10T05:47:00+02:00,2026-10-10T05:47:00+02:00,,0.0,0,Trondheim S,ATB:Line:2_340,Trondheim - Støren,340,bus,ATB:ServiceJourney:340_260106098639886_6001,False,planned,False,,,,,2026-10-10T04:52:08.771796+02:00
NSR:StopPlace:59375,Jörn station,2026-10-10T04:07:00+02:00,2026-10-10T04:07:00+02:00,,0.0,0,Luleå,SJV:Line:0ff9f2b9-fbe5-4761-8a29-8813be35efaa,Stockholm-Narvik (-Luleå),,rail,SJV:ServiceJourney:0eabfad4-c61e-4fc3-8a75-7ebd11c5a873,False,planned,False,,,,,2026-10-10T04:52:08.771796+02:00
NSR:StopPlace:59393,Västerås Centralstation,2026-10-10T02:45:00+02:00,2026-10-10T02:45:00+02:00,,0.0,0,Arlanda,VYB:Line:26,850 Oslo - Arlanda - Stockholm,850,coach,VYB:ServiceJourney:b54ed62a64c9c2483c413e61158c2700b4c8964b,False,planned,False,Västerås,"Nytt holdeplassområde ved Västerås Resecentrum fra 16. mars. Den nye holdeplassen ligger på stasjonens vestside, rett ved jernbanespor 1B. Du finner den ved å følge parkeringsplassen til den bortre enden. ",general,normal,2026-10-10T04:52:08.771796+02:00
NSR:StopPlace:59393,Västerås Centralstation,2026-10-10T04:10:00+02:00,2026-10-10T04:10:00+02:00,,0.0,0,Arlanda,VYB:Line:26,850 Oslo - Arlanda - Stockholm,850,coach,VYB:ServiceJourney:10b2e4758894544f8ace957a0d24c160fccd39fb,False,planned,False,Västerås,"Nytt holdeplassområde ved Västerås Resecentrum fra 16. mars. Den nye holdeplassen ligger på stasjonens vestside, rett ved jernbanespor 1B. Du finner den ved å følge parkeringsplassen til den bortre enden. ",general,normal,2026-10-10T04:52:08.771796+02:00
NSR:StopPlace:59393,Västerås Centralstation,2026-10-10T04:45:00+02:00,2026-10-10T04:45:00+02:00,,0.0,0,Karlstad,VYB:Line:26,850 Oslo - Arlanda - Stockholm,850,coach,VYB:ServiceJourney:ff75b29493efa171f9f1ef6240e42b5d2d66d4e8,False,planned,False,Västerås,"Nytt holdeplassområde ved Västerås Resecentrum fra 16. mars. Den nye holdeplassen ligger på stasjonens vestside, rett ved jernbanespor 1B. Du finner den ved å følge parkeringsplassen til den bortre enden. ",general,normal,2026-10-10T04:52:08.771796+02:00
NSR:StopPlace:59393,Västerås Centralstation,2026-10-10T05:05:00+02:00,2026-10-10T05:05:00+02:00,,0.0,0,Stockholm,VYB:Line:26,850 Oslo - Arlanda - Stockholm,850,coach,VYB:ServiceJourney:605bd5600f0256867e51b05dbc455984c5c9f309,False,planned,False,Västerås,"Nytt holdeplassområde ved Västerås Resecentrum fra 16. mars. Den nye holdeplassen ligger på stasjonens vestside, rett ved jernbanespor 1B. Du finner den ved å følge parkeringsplassen til den bortre enden. ",general,normal,2026-10-10T04:52:08.771796+02:00
NSR:StopPlace:59248,Stockholm-Arlanda flygplats,2026-10-10T05:30:00+02:00,2026-10-10T05:30:00+02:00,,0.0,0,Karlstad,VYB:Line:26,850 Oslo - Arlanda - Stockholm,850,coach,VYB:ServiceJourney:f9ad7ea0bccae750dc44221801057dcc8c3d3aa8,False,planned,False,Arlanda Info stop location,På Arlanda stopper vi ved Terminal 5 (Holdeplass 6). For Terminal 2 gjelder det midlertidig holdeplass ved Terminal 4 (Holdeplass 9) på grunn av ombygging. ,general,normal,2026-10-10T04:52:08.771796+02:00
NSR:StopPlace:59261,Trondheim lufthavn,2026-10-10T03:20:00+02:00,2026-10-10T03:20:00+02:00,,0.0,0,Stjørdal,ATB:Line:2_116,Trondheim- Hommelvik- Stjørdal,116,bus,ATB:ServiceJourney:116_251217091074091_6004,False,planned,False,,,,,2026-10-10T04:52:08.771796+02:00
NSR:StopPlace:59261,Trondheim lufthavn,2026-10-10T04:19:00+02:00,2026-10-10T04:19:00+02:00,,0.0,0,Stjørdal,ATB:Line:2_116,Trondheim- Hommelvik- Stjørdal,116,bus,ATB:ServiceJourney:116_251217091073789_6006,False,planned,False,,,,,2026-10-10T04:52:08.771796+02:00
NSR:StopPlace:59261,Trondheim lufthavn,2026-10-10T05:50:00+02:00,2026-10-10T05:50:00+02:00,,0.0,0,Marienborg via Brattøra,ATB:Line:2_70,Stjørdal/Hommelvik- Trondheim,70,bus,ATB:ServiceJourney:70_251215112547010_6004,False,planned,False,,,,,2026-10-10T04:52:08.771796+02:00
NSR:StopPlace:60271,Varhaug stasjon,2026-10-10T02:39:00+02:00,2026-10-10T02:39:00+02:00,,0.0,0,Egersund,GOA:Line:59,Jærbanen,L5,rail,GOA:ServiceJourney:3092_63145-R,False,planned,False,,,,,2026-10-10T04:52:08.771796+02:00
NSR:StopPlace:60569,Sirevåg stasjon,2026-10-10T02:54:00+02:00,2026-10-10T02:54:00+02:00,,0.0,0,Egersund,GOA:Line:59,Jærbanen,L5,rail,GOA:ServiceJourney:3092_63145-R,False,planned,False,,,,,2026-10-10T04:52:08.771796+02:00
NSR:StopPlace:59616,Asker stasjon,2026-10-10T02:07:00+02:00,2026-10-10T02:07:00+02:00,,0.0,0,Dikemark,RUT:Line:280,Asker - Dikemark - Heggedal,280,bus,RUT:ServiceJourney:931b2a743f4e7d0b78ebe1a480dde880,False,planned,False,,,,,2026-10-10T04:52:08.771796+02:00
NSR:StopPlace:59616,Asker stasjon,2026-10-10T02:08:00+02:00,2026-10-10T02:08:00+02:00,,0.0,0,Blakstad,RUT:Line:290,Asker - Blakstad,290,bus,RUT:ServiceJourney:ad84f1001eb2735eacf57c38c7c7184a,False,planned,False,,,,,2026-10-10T04:52:08.771796+02:00
NSR:StopPlace:59616,Asker stasjon,2026-10-10T02:45:00+02:00,2026-10-10T02:45:00+02:00,,0.0,0,Sandvika,RUT:Line:270,Asker - Sandvika (- Fornebu),270,bus,RUT:ServiceJourney:5f53782272d305f4a7f53bf25aaa2153,False,planned,False,,,,,2026-10-10T04:52:08.771796+02:00
NSR:StopPlace:59616,Asker stasjon,2026-10-10T03:07:00+02:00,2026-10-10T03:07:00+02:00,,0.0,0,Heggedal,RUT:Line:280,Asker - Dikemark - Heggedal,280,bus,RUT:ServiceJourney:c286f461b72945c0578f9abaed68095a,False,planned,False,,,,,2026-10-10T04:52:08.771796+02:00
NSR:StopPlace:59616,Asker stasjon,2026-10-10T03:08:00+02:00,2026-10-10T03:08:00+02:00,,0.0,0,Blakstad,RUT:Line:290,Asker - Blakstad,290,bus,RUT:ServiceJourney:956d99a408ed423039c7fe8142b2af02,False,planned,False,,,,,2026-10-10T04:52:08.771796+02:00
NSR:StopPlace:59616,Asker stasjon,2026-10-10T04:14:00+02:00,2026-10-10T04:14:00+02:00,,0.0,0,Skøyen,FLT:Line:FLY1,FLY1,FLY1,rail,FLT:ServiceJourney:1-2614-3701-20261010_T0,False,planned,False,,,,,2026-10-10T04:52:08.771796+02:00
NSR:StopPlace:59616,Asker stasjon,2026-10-10T04:34:00+02:00,2026-10-10T04:34:00+02:00,,0.0,0,Skøyen,FLT:Line:FLY1,FLY1,FLY1,rail,FLT:ServiceJourney:1-2614-3703-20261010_T0,False,planned,False,,,,,2026-10-10T04:52:08.771796+02:00
NSR:StopPlace:59616,Asker stasjon,2026-10-10T04:54:00+02:00,2026-10-10T04:54:00+02:00,,0.0,0,Skøyen,FLT:Line:FLY1,FLY1,FLY1,rail,FLT:ServiceJourney:1-2614-3705-20261010_T0,False,planned,False,,,,,2026-10-10T04:52:08.771796+02:00
NSR:StopPlace:59616,Asker stasjon,2026-10-10T05:14:00+02:00,2026-10-10T05:14:00+02:00,,0.0,0,Skøyen,FLT:Line:FLY1,FLY1,FLY1,rail,FLT:ServiceJourney:1-2614-3707-20261010_T0,False,planned,False,,,,,2026-10-10T04:52:08.771796+02:00
NSR:StopPlace:59616,Asker stasjon,2026-10-10T05:34:00+02:00,2026-10-10T05:34:00+02:00,,0.0,0,Skøyen,FLT:Line:FLY1,FLY1,FLY1,rail,FLT:ServiceJourney:1-2614-3709-20261010_T0,False,planned,False,,,,,2026-10-10T04:52:08.771796+02:00
NSR:StopPlace:59620,Grorud stasjon,2026-10-10T02:18:00+02:00,2026-10-10T02:18:00+02:00,,0.0,0,Vestli,RUT:Line:3905,Jernbanetorget - Vestli T,5N,bus,RUT:ServiceJourney:f142fd8780abc60c38f25d21da2041aa,False,planned,False,,,,,2026-10-10T04:52:08.771796+02:00
NSR:StopPlace:59620,Grorud stasjon,2026-10-10T02:48:00+02:00,2026-10-10T02:48:00+02:00,,0.0,0,Vestli,RUT:Line:3905,Jernbanetorget - Vestli T,5N,bus,RUT:ServiceJourney:db58241c2310cfa461ac78d66c93663a,False,planned,False,,,,,2026-10-10T04:52:08.771796+02:00
NSR:StopPlace:59620,Grorud stasjon,2026-10-10T03:18:00+02:00,2026-10-10T03:18:00+02:00,,0.0,0,Vestli,RUT:Line:3905,Jernbanetorget - Vestli T,5N,bus,RUT:ServiceJourney:168958a32639038ba6856582f2a6f840,False,planned,False,,,,,2026-10-10T04:52:08.771796+02:00
NSR:StopPlace:59620,Grorud stasjon,2026-10-10T03:24:00+02:00,2026-10-10T03:24:00+02:00,,0.0,0,Oslo lufthavn,NBU:Line:cb7b555c-f96e-42d5-84bf-a5e08c0145c2,Radiumhospitalet via Økern-Storo-Tåsen,FB3,bus,NBU:ServiceJourney:1acabfe4-a7c3-4f3a-8e1d-d522228235e9,False,planned,False,,,,,2026-10-10T04:52:08.771796+02:00
NSR:StopPlace:59620,Grorud stasjon,2026-10-10T03:48:00+02:00,2026-10-10T03:48:00+02:00,,0.0,0,Vestli,RUT:Line:3905,Jernbanetorget - Vestli T,5N,bus,RUT:ServiceJourney:f0caa9d06b9b12aaac69c40ae2fd06cf,False,planned,False,,,,,2026-10-10T04:52:08.771796+02:00
NSR:StopPlace:59635,Hauketo stasjon,2026-10-10T02:10:00+02:00,2026-10-10T02:10:00+02:00,,0.0,0,Ski stasjon,RUT:Line:3981,Nationaltheatret - Ski,81N,bus,RUT:ServiceJourney:1af7883fd1f7a103715e0cf300741594,False,planned,False,,,,,2026-10-10T04:52:08.771796+02:00
NSR:StopPlace:59635,Hauketo stasjon,2026-10-10T02:12:00+02:00,2026-10-10T02:12:00+02:00,,0.0,0,Nationaltheatret,RUT:Line:3981,Nationaltheatret - Ski,81N,bus,RUT:ServiceJourney:43258f8084344a458c8a7a6074d68daa,False,planned,False,,,,,2026-10-10T04:52:08.771796+02:00
NSR:StopPlace:59635,Hauketo stasjon,2026-10-10T02:19:00+02:00,2026-10-10T02:19:00+02:00,,0.0,0,Kringsjå,RUT:Line:3919,Kringsjå - Åsbråten,19N,bus,RUT:ServiceJourney:f13c8fadccb48e6087030d1564ff74ce,False,planned,False,,,,,2026-10-10T04:52:08.771796+02:00
NSR:StopPlace:59635,Hauketo stasjon,2026-10-10T02:24:00+02:00,2026-10-10T02:24:00+02:00,,0.0,0,Åsbråten,RUT:Line:3919,Kringsjå - Åsbråten,19N,bus,RUT:ServiceJourney:29575f339b9a3f924bfd463a5228998f,False,planned,False,,,,,2026-10-10T04:52:08.771796+02:00
NSR:StopPlace:59635,Hauketo stasjon,2026-10-10T02:40:00+02:00,2026-10-10T02:40:00+02:00,,0.0,0,Ski stasjon,RUT:Line:3981,Nationaltheatret - Ski,81N,bus,RUT:ServiceJourney:8fedb2af5dc098db98a3102bd1ffefcd,False,planned,False,,,,,2026-10-10T04:52:08.771796+02:00
NSR:StopPlace:59635,Hauketo stasjon,2026-10-10T02:42:00+02:00,2026-10-10T02:42:00+02:00,,0.0,0,Nationaltheatret,RUT:Line:3981,Nationaltheatret - Ski,81N,bus,RUT:ServiceJourney:c7b0433558757158d207f05489e340ec,False,planned,False,,,,,2026-10-10T04:52:08.771796+02:00
NSR:StopPlace:59635,Hauketo stasjon,2026-10-10T02:43:00+02:00,2026-10-10T02:43:00+02:00,,0.0,0,Ski stasjon,RUT:Line:515,Ski - Oslo,515,bus,RUT:ServiceJourney:99dfb75eda1e1679e50178a8094f84bf,False,planned,False,,,,,2026-10-10T04:52:08.771796+02:00
NSR:StopPlace:59635,Hauketo stasjon,2026-10-10T02:49:00+02:00,2026-10-10T02:49:00+02:00,,0.0,0,Kringsjå,RUT:Line:3919,Kringsjå - Åsbråten,19N,bus,RUT:ServiceJourney:501013909e582ff220450654d662a74e,False,planned,False,,,,,2026-10-10T04:52:08.771796+02:00
NSR:StopPlace:59635,Hauketo stasjon,2026-10-10T02:54:00+02:00,2026-10-10T02:54:00+02:00,,0.0,0,Åsbråten,RUT:Line:3919,Kringsjå - Åsbråten,19N,bus,RUT:ServiceJourney:91f873fa42112f71ebe16f01f3de8200,False,planned,False,,,,,2026-10-10T04:52:08.771796+02:00
NSR:StopPlace:59635,Hauketo stasjon,2026-10-10T03:10:00+02:00,2026-10-10T03:10:00+02:00,,0.0,0,Ski stasjon,RUT:Line:3981,Nationaltheatret - Ski,81N,bus,RUT:ServiceJourney:5391a0ef87d0e4ead6338dc26e5fa338,False,planned,False,,,,,2026-10-10T04:52:08.771796+02:00
NSR:StopPlace:59635,Hauketo stasjon,2026-10-10T03:12:00+02:00,2026-10-10T03:12:00+02:00,,0.0,0,Nationaltheatret,RUT:Line:3981,Nationaltheatret - Ski,81N,bus,RUT:ServiceJourney:c8cfcac811ef658f451e651fda7d34b3,False,planned,False,,,,,2026-10-10T04:52:08.771796+02:00
NSR:StopPlace:59635,Hauketo stasjon,2026-10-10T03:24:00+02:00,2026-10-10T03:24:00+02:00,,0.0,0,Åsbråten,RUT:Line:3919,Kringsjå - Åsbråten,19N,bus,RUT:ServiceJourney:eb02ac4301829140e22334dbabaceca2,False,planned,False,,,,,2026-10-10T04:52:08.771796+02:00
NSR:StopPlace:59635,Hauketo stasjon,2026-10-10T03:42:00+02:00,2026-10-10T03:42:00+02:00,,0.0,0,Nationaltheatret,RUT:Line:3981,Nationaltheatret - Ski,81N,bus,RUT:ServiceJourney:185ddcd11a0b5179384cdbf5c6f1a6d8,False,planned,False,,,,,2026-10-10T04:52:08.771796+02:00
NSR:StopPlace:59635,Hauketo stasjon,2026-10-10T05:19:00+02:00,2026-10-10T05:19:00+02:00,,0.0,0,Jernbanetorget,RUT:Line:3919,Kringsjå - Åsbråten,19N,bus,RUT:ServiceJourney:bbc80fe495cbd2a50e22f23dbdbe5129,False,planned,False,,,,,2026-10-10T04:52:08.771796+02:00
NSR:StopPlace:59636,Holmlia stasjon,2026-10-10T02:15:00+02:00,2026-10-10T02:15:00+02:00,,0.0,0,Kringsjå,RUT:Line:3919,Kringsjå - Åsbråten,19N,bus,RUT:ServiceJourney:f13c8fadccb48e6087030d1564ff74ce,False,planned,False,,,,,2026-10-10T04:52:08.771796+02:00
NSR:StopPlace:59636,Holmlia stasjon,2026-10-10T02:24:00+02:00,2026-10-10T02:24:00+02:00,,0.0,0,Nationaltheatret,RUT:Line:3983,Nationaltheatret - Fløysbonn,83N,bus,RUT:ServiceJourney:e585e34adb315d1b9198ad2ea8ecb0c2,False,planned,False,,,,,2026-10-10T04:52:08.771796+02:00
NSR:StopPlace:59636,Holmlia stasjon,2026-10-10T02:26:00+02:00,2026-10-10T02:26:00+02:00,,0.0,0,Åsbråten,RUT:Line:3919,Kringsjå - Åsbråten,19N,bus,RUT:ServiceJourney:29575f339b9a3f924bfd463a5228998f,False,planned,False,,,,,2026-10-10T04:52:08.771796+02:00
NSR:StopPlace:59636,Holmlia stasjon,2026-10-10T02:29:00+02:00,2026-10-10T02:29:00+02:00,,0.0,0,Fløysbonn,RUT:Line:3983,Nationaltheatret - Fløysbonn,83N,bus,RUT:ServiceJourney:89a9c31a24653034a48e545c1173d422,False,planned,False,,,,,2026-10-10T04:52:08.771796+02:00
NSR:StopPlace:59636,Holmlia stasjon,2026-10-10T02:45:00+02:00,2026-10-10T02:45:00+02:00,,0.0,0,Kringsjå,RUT:Line:3919,Kringsjå - Åsbråten,19N,bus,RUT:ServiceJourney:501013909e582ff220450654d662a74e,False,planned,False,,,,,2026-10-10T04:52:08.771796+02:00
NSR:StopPlace:59636,Holmlia stasjon,2026-10-10T02:54:00+02:00,2026-10-10T02:54:00+02:00,,0.0,0,Nationaltheatret,RUT:Line:3983,Nationaltheatret - Fløysbonn,83N,bus,RUT:ServiceJourney:60ec0e6989122ee244da996cf9087dbf,False,planned,False,,,,,2026-10-10T04:52:08.771796+02:00
NSR:StopPlace:59636,Holmlia stasjon,2026-10-10T02:56:00+02:00,2026-10-10T02:56:00+02:00,,0.0,0,Åsbråten,RUT:Line:3919,Kringsjå - Åsbråten,19N,bus,RUT:ServiceJourney:91f873fa42112f71ebe16f01f3de8200,False,planned,False,,,,,2026-10-10T04:52:08.771796+02:00
NSR:StopPlace:59636,Holmlia stasjon,2026-10-10T02:59:00+02:00,2026-10-10T02:59:00+02:00,,0.0,0,Fløysbonn,RUT:Line:3983,Nationaltheatret - Fløysbonn,83N,bus,RUT:ServiceJourney:e5da8f2a429d59f9507d2789c222cba2,False,planned,False,,,,,2026-10-10T04:52:08.771796+02:00
NSR:StopPlace:59636,Holmlia stasjon,2026-10-10T03:24:00+02:00,2026-10-10T03:24:00+02:00,,0.0,0,Nationaltheatret,RUT:Line:3983,Nationaltheatret - Fløysbonn,83N,bus,RUT:ServiceJourney:fb497de420b66fc6e73b05746ec651df,False,planned,False,,,,,2026-10-10T04:52:08.771796+02:00
NSR:StopPlace:59636,Holmlia stasjon,2026-10-10T03:26:00+02:00,2026-10-10T03:26:00+02:00,,0.0,0,Åsbråten,RUT:Line:3919,Kringsjå - Åsbråten,19N,bus,RUT:ServiceJourney:eb02ac4301829140e22334dbabaceca2,False,planned,False,,,,,2026-10-10T04:52:08.771796+02:00
NSR:StopPlace:59636,Holmlia stasjon,2026-10-10T03:29:00+02:00,2026-10-10T03:29:00+02:00,,0.0,0,Fløysbonn,RUT:Line:3983,Nationaltheatret - Fløysbonn,83N,bus,RUT:ServiceJourney:e4f933fa64a4f074626f23c31cb4e66c,False,planned,False,,,,,2026-10-10T04:52:08.771796+02:00
NSR:StopPlace:59636,Holmlia stasjon,2026-10-10T05:15:00+02:00,2026-10-10T05:15:00+02:00,,0.0,0,Jernbanetorget,RUT:Line:3919,Kringsjå - Åsbråten,19N,bus,RUT:ServiceJourney:bbc80fe495cbd2a50e22f23dbdbe5129,False,planned,False,,,,,2026-10-10T04:52:08.771796+02:00
NSR:StopPlace:59636,Holmlia stasjon,2026-10-10T05:42:00+02:00,2026-10-10T05:42:00+02:00,,0.0,0,Krummedike,RUT:Line:2077,Holmlia stasjon - Asperudåsen,77B,bus,RUT:ServiceJourney:9ec76903cddfa03750197e40acbb6e0b,False,planned,False,,,,,2026-10-10T04:52:08.771796+02:00
NSR:StopPlace:59637,Rosenholm stasjon,2026-10-10T02:21:00+02:00,2026-10-10T02:21:00+02:00,,0.0,0,Nationaltheatret,RUT:Line:3983,Nationaltheatret - Fløysbonn,83N,bus,RUT:ServiceJourney:e585e34adb315d1b9198ad2ea8ecb0c2,False,planned,False,,,,,2026-10-10T04:52:08.771796+02:00
NSR:StopPlace:59637,Rosenholm stasjon,2026-10-10T02:32:00+02:00,2026-10-10T02:32:00+02:00,,0.0,0,Fløysbonn,RUT:Line:3983,Nationaltheatret - Fløysbonn,83N,bus,RUT:ServiceJourney:89a9c31a24653034a48e545c1173d422,False,planned,False,,,,,2026-10-10T04:52:08.771796+02:00
NSR:StopPlace:59637,Rosenholm stasjon,2026-10-10T02:51:00+02:00,2026-10-10T02:51:00+02:00,,0.0,0,Nationaltheatret,RUT:Line:3983,Nationaltheatret - Fløysbonn,83N,bus,RUT:ServiceJourney:60ec0e6989122ee244da996cf9087dbf,False,planned,False,,,,,2026-10-10T04:52:08.771796+02:00
NSR:StopPlace:59637,Rosenholm stasjon,2026-10-10T03:02:00+02:00,2026-10-10T03:02:00+02:00,,0.0,0,Fløysbonn,RUT:Line:3983,Nationaltheatret - Fløysbonn,83N,bus,RUT:ServiceJourney:e5da8f2a429d59f9507d2789c222cba2,False,planned,False,,,,,2026-10-10T04:52:08.771796+02:00
NSR:StopPlace:59637,Rosenholm stasjon,2026-10-10T03:21:00+02:00,2026-10-10T03:21:00+02:00,,0.0,0,Nationaltheatret,RUT:Line:3983,Nationaltheatret - Fløysbonn,83N,bus,RUT:ServiceJourney:fb497de420b66fc6e73b05746ec651df,False,planned,False,,,,,2026-10-10T04:52:08.771796+02:00
NSR:StopPlace:59637,Rosenholm stasjon,2026-10-10T03:32:00+02:00,2026-10-10T03:32:00+02:00,,0.0,0,Fløysbonn,RUT:Line:3983,Nationaltheatret - Fløysbonn,83N,bus,RUT:ServiceJourney:e4f933fa64a4f074626f23c31cb4e66c,False,planned,False,,,,,2026-10-10T04:52:08.771796+02:00
NSR:StopPlace:59638,Myrvoll stasjon,2026-10-10T02:49:00+02:00,2026-10-10T02:49:00+02:00,,0.0,0,Nationaltheatret,RUT:Line:3981,Nationaltheatret - Ski,81N,bus,RUT:ServiceJourney:c8cfcac811ef658f451e651fda7d34b3,False,planned,False,,,,,2026-10-10T04:52:08.771796+02:00
NSR:StopPlace:59638,Myrvoll stasjon,2026-10-10T03:00:00+02:00,2026-10-10T03:00:00+02:00,,0.0,0,Ski stasjon,RUT:Line:3981,Nationaltheatret - Ski,81N,bus,RUT:ServiceJourney:8fedb2af5dc098db98a3102bd1ffefcd,False,planned,False,,,,,2026-10-10T04:52:08.771796+02:00
NSR:StopPlace:59638,Myrvoll stasjon,2026-10-10T03:19:00+02:00,2026-10-10T03:19:00+02:00,,0.0,0,Nationaltheatret,RUT:Line:3981,Nationaltheatret - Ski,81N,bus,RUT:ServiceJourney:185ddcd11a0b5179384cdbf5c6f1a6d8,False,planned,False,,,,,2026-10-10T04:52:08.771796+02:00
NSR:StopPlace:59638,Myrvoll stasjon,2026-10-10T03:30:00+02:00,2026-10-10T03:30:00+02:00,,0.0,0,Ski stasjon,RUT:Line:3981,Nationaltheatret - Ski,81N,bus,RUT:ServiceJourney:5391a0ef87d0e4ead6338dc26e5fa338,False,planned,False,,,,,2026-10-10T04:52:08.771796+02:00
NSR:StopPlace:59638,Myrvoll stasjon,2026-10-10T03:49:00+02:00,2026-10-10T03:49:00+02:00,,0.0,0,Ødegården,RUT:Line:3981,Nationaltheatret - Ski,81N,bus,RUT:ServiceJourney:3adf6dad1ba8aa934da92ac67ada9886,False,planned,False,,,,,2026-10-10T04:52:08.771796+02:00
NSR:StopPlace:59638,Myrvoll stasjon,2026-10-10T05:35:00+02:00,2026-10-10T05:35:00+02:00,,0.0,0,Filipstad,RUT:Line:81,Fornebu - Myrvoll stasjon,81,bus,RUT:ServiceJourney:2ed587e585d2414e3618e1d70ad2e727,False,planned,False,,,,,2026-10-10T04:52:08.771796+02:00
NSR:StopPlace:59639,Sonsveien stasjon,2026-10-10T02:32:00+02:00,2026-10-10T02:32:00+02:00,,0.0,0,Oslo lufthavn,VYX:Line:56,FB11 Fredrikstad-Oslo Lufthavn (OSL),FB11,bus,VYX:ServiceJourney:d44b33973888d082cc1bbd2bbc9d7ed7b306bb0a,False,planned,False,Forhåndsbestilling FB11,Billett må kjøpes på nett eller app senest 15 minutter før påstigning for at bussen skal kjøre innom holdeplassen. Ruter-billett er ikke gyldig. ,general,normal,2026-10-10T04:52:08.771796+02:00
NSR:StopPlace:59639,Sonsveien stasjon,2026-10-10T03:32:00+02:00,2026-10-10T03:32:00+02:00,,0.0,0,Oslo lufthavn,VYX:Line:56,FB11 Fredrikstad-Oslo Lufthavn (OSL),FB11,bus,VYX:ServiceJourney:b3933fd3a492f391361da279435d0f45720b4286,False,planned,False,Forhåndsbestilling FB11,Billett må kjøpes på nett eller app senest 15 minutter før påstigning for at bussen skal kjøre innom holdeplassen. Ruter-billett er ikke gyldig. ,general,normal,2026-10-10T04:52:08.771796+02:00
NSR:StopPlace:59639,Sonsveien stasjon,2026-10-10T04:32:00+02:00,2026-10-10T04:32:00+02:00,,0.0,0,Oslo lufthavn,VYX:Line:56,FB11 Fredrikstad-Oslo Lufthavn (OSL),FB11,bus,VYX:ServiceJourney:d0632a4f04d09e0b1731ed20d0dae6e543ec1aa0,False,planned,False,Forhåndsbestilling FB11,Billett må kjøpes på nett eller app senest 15 minutter før påstigning for at bussen skal kjøre innom holdeplassen. Ruter-billett er ikke gyldig. ,general,normal,2026-10-10T04:52:08.771796+02:00
NSR:StopPlace:59639,Sonsveien stasjon,2026-10-10T05:32:00+02:00,2026-10-10T05:32:00+02:00,,0.0,0,Oslo lufthavn,VYX:Line:56,FB11 Fredrikstad-Oslo Lufthavn (OSL),FB11,bus,VYX:ServiceJourney:2352c03f579b43d7b39fadb44f5901a7e6f67638,False,planned,False,Forhåndsbestilling FB11,Billett må kjøpes på nett eller app senest 15 minutter før påstigning for at bussen skal kjøre innom holdeplassen. Ruter-billett er ikke gyldig. ,general,normal,2026-10-10T04:52:08.771796+02:00
NSR:StopPlace:58404,Nationaltheatret,2026-10-10T02:00:00+02:00,2026-10-10T02:00:00+02:00,,0.0,0,Fløysbonn,RUT:Line:3983,Nationaltheatret - Fløysbonn,83N,bus,RUT:ServiceJourney:89a9c31a24653034a48e545c1173d422,False,planned,False,,,,,2026-10-10T04:52:08.771796+02:00
NSR:StopPlace:58404,Nationaltheatret,2026-10-10T02:03:00+02:00,2026-10-10T02:03:00+02:00,,0.0,0,Bekkestua,RUT:Line:3140,Nationaltheatret - Bekkestua,140N,bus,RUT:ServiceJourney:d7242debb6fddf3035141fd7e2965904,False,planned,False,,,,,2026-10-10T04:52:08.771796+02:00
NSR:StopPlace:58404,Nationaltheatret,2026-10-10T02:04:00+02:00,2026-10-10T02:04:00+02:00,,0.0,0,Helsfyr,RUT:Line:37,Nydalen T - Helsfyr,37,bus,RUT:ServiceJourney:e0e5ea076bb28ab46447ec886ecf43f8,False,planned,False,,,,,2026-10-10T04:52:08.771796+02:00
NSR:StopPlace:58404,Nationaltheatret,2026-10-10T02:04:00+02:00,2026-10-10T02:04:00+02:00,,0.0,0,Nationaltheatret,RUT:Line:3130,Nationaltheatret - Sandvika,130N,bus,RUT:ServiceJourney:b1f3cb81431a6310724e5ffe195803e7,False,planned,False,,,,,2026-10-10T04:52:08.771796+02:00
NSR:StopPlace:58404,Nationaltheatret,2026-10-10T02:04:00+02:00,2026-10-10T02:04:00+02:00,,0.0,0,Nationaltheatret,RUT:Line:150,Gullhaug - Nationaltheatret,150,bus,RUT:ServiceJourney:9c9e394f8811adbc038e94749fefd419,False,planned,False,,,,,2026-10-10T04:52:08.771796+02:00
NSR:StopPlace:58404,Nationaltheatret,2026-10-10T02:05:00+02:00,2026-10-10T02:05:00+02:00,,0.0,0,Majorstuen,RUT:Line:3912,Majorstuen - Kjelsås,12N,bus,RUT:ServiceJourney:4c5319b4ac0ce04302acba8d074708a5,False,planned,False,Linje 12N: Holdeplass Solli flyttet,Inngående: Stopper på holdeplass i Frognerveien. Omkjøring via Observatoriegata – Vestre Solligata – Cort Adelers gate – høyre Henrik Ibsens gate. Utgående: Kjører i bilfeltet ved siden av trikkesporet og benytter midlertidig holdeplass der.,incident,normal,2026-10-10T04:52:08.771796+02:00
NSR:StopPlace:58404,Nationaltheatret,2026-10-10T02:05:00+02:00,2026-10-10T02:05:00+02:00,,0.0,0,Jernbanetorget,RUT:Line:30,Bygdøy - Nydalen,30,bus,RUT:ServiceJourney:bc04930466c5e7307a960f68947f3a6d,False,planned,False,,,,,2026-10-10T04:52:08.771796+02:00
NSR:StopPlace:58404,Nationaltheatret,2026-10-10T02:06:00+02:00,2026-10-10T02:06:00+02:00,,0.0,0,Nydalen,RUT:Line:37,Nydalen T - Helsfyr,37,bus,RUT:ServiceJourney:2c8dba7f4c0b033f4d8416941b7ca6bc,False,planned,False,,,,,2026-10-10T04:52:08.771796+02:00
NSR:StopPlace:58404,Nationaltheatret,2026-10-10T02:09:00+02:00,2026-10-10T02:09:00+02:00,,0.0,0,Rykkinn,RUT:Line:160,Rykkinn -Nationaltheatret,160,bus,RUT:ServiceJourney:078120145b8a4b486495820f243329db,False,planned,False,,,,,2026-10-10T04:52:08.771796+02:00
NSR:StopPlace:58404,Nationaltheatret,2026-10-10T02:11:00+02:00,2026-10-10T02:11:00+02:00,,0.0,0,Nationaltheatret,RUT:Line:160,Rykkinn -Nationaltheatret,160,bus,RUT:ServiceJourney:7d03dff01fde2c53984eb58ac3cf1163,False,planned,False,,,,,2026-10-10T04:52:08.771796+02:00
NSR:StopPlace:58404,Nationaltheatret,2026-10-10T02:12:00+02:00,2026-10-10T02:12:00+02:00,,0.0,0,Grorud T,RUT:Line:31,Snarøya - Fornebu - Tonsenhagen - Grorud,31,bus,RUT:ServiceJourney:3d77193b159489709b0c6605616a1407,False,planned,False,,,,,2026-10-10T04:52:08.771796+02:00
NSR:StopPlace:58404,Nationaltheatret,2026-10-10T02:15:00+02:00,2026-10-10T02:15:00+02:00,,0.0,0,Ski stasjon,RUT:Line:3981,Nationaltheatret - Ski,81N,bus,RUT:ServiceJourney:8fedb2af5dc098db98a3102bd1ffefcd,False,planned,False,,,,,2026-10-10T04:52:08.771796+02:00
NSR:StopPlace:58404,Nationaltheatret,2026-10-10T02:16:00+02:00,2026-10-10T02:16:00+02:00,,0.0,0,Bygdøy,RUT:Line:30,Bygdøy - Nydalen,30,bus,RUT:ServiceJourney:24bcad40ae589f5901e5f57d8b929727,False,planned,False,,,,,2026-10-10T04:52:08.771796+02:00
NSR:StopPlace:58404,Nationaltheatret,2026-10-10T02:17:00+02:00,2026-10-10T02:17:00+02:00,,0.0,0,Kjelsås,RUT:Line:3912,Majorstuen - Kjelsås,12N,bus,RUT:ServiceJourney:e2a3c78ac231540b882e78382c415776,False,planned,False,Linje 12N: Holdeplass Solli flyttet,Inngående: Stopper på holdeplass i Frognerveien. Omkjøring via Observatoriegata – Vestre Solligata – Cort Adelers gate – høyre Henrik Ibsens gate. Utgående: Kjører i bilfeltet ved siden av trikkesporet og benytter midlertidig holdeplass der.,incident,normal,2026-10-10T04:52:08.771796+02:00
NSR:StopPlace:58404,Nationaltheatret,2026-10-10T02:19:00+02:00,2026-10-10T02:19:00+02:00,,0.0,0,Voksen skog,RUT:Line:9842,Voksen skog - Jernbanetorget,42N,bus,RUT:ServiceJourney:912ea51203a61d42050a0714504080d1,False,planned,False,Holdeplass CC vest retning Simensbråten/Voksen skog er flyttet 50 meter bakover,Dette skyldes buss for trikk på Lilleakerbanen.,incident,normal,2026-10-10T04:52:08.771796+02:00
NSR:StopPlace:58404,Nationaltheatret,2026-10-10T02:20:00+02:00,2026-10-10T02:20:00+02:00,,0.0,0,Sandvika,RUT:Line:3250,Nationaltheatretl - Sandvika- Slemmestad- Sætre,250N,bus,RUT:ServiceJourney:c20e338f3d071d4ac194ed4c5c765253,False,planned,False,,,,,2026-10-10T04:52:08.771796+02:00
NSR:StopPlace:58404,Nationaltheatret,2026-10-10T02:21:00+02:00,2026-10-10T02:21:00+02:00,,0.0,0,Nydalen T,RUT:Line:37,Nydalen T - Helsfyr,37,bus,RUT:ServiceJourney:acf9c901afa9f479ac325f21b44481e9,False,planned,False,,,,,2026-10-10T04:52:08.771796+02:00
NSR:StopPlace:58404,Nationaltheatret,2026-10-10T02:25:00+02:00,2026-10-10T02:25:00+02:00,,0.0,0,Snarøya,RUT:Line:31,Snarøya - Fornebu - Tonsenhagen - Grorud,31,bus,RUT:ServiceJourney:4112161f17d2694874aa1bc6379817cf,False,planned,False,,,,,2026-10-10T04:52:08.771796+02:00
NSR:StopPlace:58404,Nationaltheatret,2026-10-10T02:25:00+02:00,2026-10-10T02:25:00+02:00,,0.0,0,Gullhaug,RUT:Line:150,Gullhaug - Nationaltheatret,150,bus,RUT:ServiceJourney:74b68cb804b8182e2e665a09842cb958,False,planned,False,,,,,2026-10-10T04:52:08.771796+02:00
NSR:StopPlace:58404,Nationaltheatret,2026-10-10T02:25:00+02:00,2026-10-10T02:25:00+02:00,,0.0,0,Jernbanetorget,RUT:Line:9842,Voksen skog - Jernbanetorget,42N,bus,RUT:ServiceJourney:886bf0033af3b338d8d9cb3f12ae8cd1,False,planned,False,Holdeplass CC vest retning Simensbråten/Voksen skog er flyttet 50 meter bakover,Dette skyldes buss for trikk på Lilleakerbanen.,incident,normal,2026-10-10T04:52:08.771796+02:00
NSR:StopPlace:58404,Nationaltheatret,2026-10-10T02:26:00+02:00,2026-10-10T02:26:00+02:00,,0.0,0,Sandvika,RUT:Line:3130,Nationaltheatret - Sandvika,130N,bus,RUT:ServiceJourney:e1429994927ba0368daf75bca7614261,False,planned,False,,,,,2026-10-10T04:52:08.771796+02:00
NSR:StopPlace:58415,Oteråga stasjon,2026-10-10T02:46:30+02:00,2026-10-10T02:46:30+02:00,,0.0,0,Bodø,SJN:Line:79,Saltenpendelen,R75,rail,SJN:ServiceJourney:1797_35200-R,False,planned,False,,,,,2026-10-10T04:52:08.771796+02:00
NSR:StopPlace:58624,Umeå Centralstation,2026-10-10T02:08:00+02:00,2026-10-10T02:08:00+02:00,,0.0,0,Luleå,SJV:Line:0ff9f2b9-fbe5-4761-8a29-8813be35efaa,Stockholm-Narvik (-Luleå),,rail,SJV:ServiceJourney:0eabfad4-c61e-4fc3-8a75-7ebd11c5a873,False,planned,False,,,,,2026-10-10T04:52:08.771796+02:00
NSR:StopPlace:58626,Kramfors station,2026-10-10T03:48:00+02:00,2026-10-10T03:48:00+02:00,,0.0,0,"Sundsvall, Stockholm",SJV:Line:8ca80b34-505a-4d76-b047-58b01590d0e1,Luleå-Stockholm ,Luleå-Stockholm ,rail,SJV:ServiceJourney:a5d49afa-0d54-4c88-aed3-161717bb597d,False,planned,False,,,,,2026-10-10T04:52:08.771796+02:00
NSR:StopPlace:58952,Bodø stasjon,2026-10-10T02:55:00+02:00,2026-10-10T02:55:00+02:00,,0.0,0,Løpsmarka,NOR:Line:12_8044,Tverlandet - Bodø sentrum - Løpsmarka Nattbuss,4 N,bus,NOR:ServiceJourney:8044_251012124900686_2043,False,planned,False,,,,,2026-10-10T04:52:08.771796+02:00
NSR:StopPlace:58952,Bodø stasjon,2026-10-10T03:32:00+02:00,2026-10-10T03:32:00+02:00,,0.0,0,Tverlandet,NOR:Line:12_8044,Tverlandet - Bodø sentrum - Løpsmarka Nattbuss,4 N,bus,NOR:ServiceJourney:8044_251012124900683_1004,False,planned,False,,,,,2026-10-10T04:52:08.771796+02:00
NSR:StopPlace:58952,Bodø stasjon,2026-10-10T03:55:00+02:00,2026-10-10T03:55:00+02:00,,0.0,0,Løpsmarka,NOR:Line:12_8044,Tverlandet - Bodø sentrum - Løpsmarka Nattbuss,4 N,bus,NOR:ServiceJourney:8044_251012124900687_2044,False,planned,False,,,,,2026-10-10T04:52:08.771796+02:00
NSR:StopPlace:58954,Fauske stasjon,2026-10-10T02:25:30+02:00,2026-10-10T02:25:30+02:00,,0.0,0,Bodø,SJN:Line:79,Saltenpendelen,R75,rail,SJN:ServiceJourney:1797_35200-R,False,planned,False,,,,,2026-10-10T04:52:08.771796+02:00
NSR:StopPlace:58958,Rognan stasjon,2026-10-10T02:05:00+02:00,2026-10-10T02:05:00+02:00,,0.0,0,Bodø,SJN:Line:79,Saltenpendelen,R75,rail,SJN:ServiceJourney:1797_35200-R,False,planned,False,,,,,2026-10-10T04:52:08.771796+02:00
NSR:StopPlace:58963,Jessheim stasjon,2026-10-10T05:25:00+02:00,2026-10-10T05:25:00+02:00,,0.0,0,Eidsvoll st.,RUT:Line:430,Eidsvoll - Jessheim,430,bus,RUT:ServiceJourney:6604a50717e3082f6b5f153d1b223312,False,planned,False,,,,,2026-10-10T04:52:08.771796+02:00
NSR:StopPlace:58921,Vennesla stasjon,2026-10-10T02:36:00+02:00,2026-10-10T02:36:00+02:00,,0.0,0,Kongsberg,GOA:Line:50,Sørtoget region,F5,rail,GOA:ServiceJourney:726-KVB_73834-R,False,planned,False,,,,,2026-10-10T04:52:08.771796+02:00
NSR:StopPlace:58921,Vennesla stasjon,2026-10-10T02:41:00+02:00,2026-10-10T02:41:00+02:00,,0.0,0,Vennesla - Grovane st. via Moseidmoen,AKT:Line:9030,Kristiansand-Mosby-Vennesla,N30,bus,AKT:ServiceJourney:110789_5941_49_189000_191400_40001566,False,planned,False,,,,,2026-10-10T04:52:08.771796+02:00
NSR:StopPlace:58924,Bryne stasjon,2026-10-10T02:00:00+02:00,2026-10-10T02:00:00+02:00,,0.0,0,Lyefjell,KOL:Line:8_2304,N94,N94,bus,KOL:ServiceJourney:2304_260325115172413_1001,False,planned,False,,,,,2026-10-10T04:52:08.771796+02:00
NSR:StopPlace:58924,Bryne stasjon,2026-10-10T02:20:00+02:00,2026-10-10T02:20:00+02:00,,0.0,0,Sandnes,KOL:Line:8_2304,N94,N94,bus,KOL:ServiceJourney:2304_260325115173368_2001,False,planned,False,,,,,2026-10-10T04:52:08.771796+02:00
NSR:StopPlace:58924,Bryne stasjon,2026-10-10T02:27:00+02:00,2026-10-10T02:27:00+02:00,,0.0,0,Egersund,GOA:Line:59,Jærbanen,L5,rail,GOA:ServiceJourney:3092_63145-R,False,planned,False,,,,,2026-10-10T04:52:08.771796+02:00
NSR:StopPlace:58925,Gausel stasjon,2026-10-10T02:04:00+02:00,2026-10-10T02:04:00+02:00,,0.0,0,Sandnes,KOL:Line:8_1305,N84,N84,bus,KOL:ServiceJourney:1305_250903083248033_1003,False,planned,False,,,,,2026-10-10T04:52:08.771796+02:00
NSR:StopPlace:58925,Gausel stasjon,2026-10-10T02:05:00+02:00,2026-10-10T02:05:00+02:00,,0.0,0,Egersund,GOA:Line:59,Jærbanen,L5,rail,GOA:ServiceJourney:3092_63145-R,False,planned,False,,,,,2026-10-10T04:52:08.771796+02:00
NSR:StopPlace:58925,Gausel stasjon,2026-10-10T02:10:00+02:00,2026-10-10T02:10:00+02:00,,0.0,0,Sandnes,KOL:Line:8_1001,1,1,bus,KOL:ServiceJourney:1001_251008118354645_1129,False,planned,False,,,,,2026-10-10T04:52:08.771796+02:00
NSR:StopPlace:58925,Gausel stasjon,2026-10-10T02:17:00+02:00,2026-10-10T02:17:00+02:00,,0.0,0,Stavanger,KOL:Line:8_1001,1,1,bus,KOL:ServiceJourney:1001_251008118398325_2129,False,planned,False,,,,,2026-10-10T04:52:08.771796+02:00
NSR:StopPlace:58925,Gausel stasjon,2026-10-10T02:19:00+02:00,2026-10-10T02:19:00+02:00,,0.0,0,Stavanger,GOA:Line:59,Jærbanen,L5,rail,GOA:ServiceJourney:3093_63146-R,False,planned,False,,,,,2026-10-10T04:52:08.771796+02:00
NSR:StopPlace:58925,Gausel stasjon,2026-10-10T02:21:00+02:00,2026-10-10T02:21:00+02:00,,0.0,0,Viste Hageby via Stavanger,KOL:Line:8_1305,N84,N84,bus,KOL:ServiceJourney:1305_250903083248048_2004,False,planned,False,,,,,2026-10-10T04:52:08.771796+02:00
NSR:StopPlace:58925,Gausel stasjon,2026-10-10T02:34:00+02:00,2026-10-10T02:34:00+02:00,,0.0,0,Sandnes,KOL:Line:8_1305,N84,N84,bus,KOL:ServiceJourney:1305_250903083248034_1004,False,planned,False,,,,,2026-10-10T04:52:08.771796+02:00
NSR:StopPlace:58925,Gausel stasjon,2026-10-10T02:40:00+02:00,2026-10-10T02:40:00+02:00,,0.0,0,Sandnes,KOL:Line:8_1001,1,1,bus,KOL:ServiceJourney:1001_251008118355199_1130,False,planned,False,,,,,2026-10-10T04:52:08.771796+02:00
NSR:StopPlace:58925,Gausel stasjon,2026-10-10T02:47:00+02:00,2026-10-10T02:47:00+02:00,,0.0,0,Stavanger,KOL:Line:8_1001,1,1,bus,KOL:ServiceJourney:1001_251008118382769_2130,False,planned,False,,,,,2026-10-10T04:52:08.771796+02:00
NSR:StopPlace:58925,Gausel stasjon,2026-10-10T02:51:00+02:00,2026-10-10T02:51:00+02:00,,0.0,0,Viste Hageby via Stavanger,KOL:Line:8_1305,N84,N84,bus,KOL:ServiceJourney:1305_250903083248049_2005,False,planned,False,,,,,2026-10-10T04:52:08.771796+02:00
NSR:StopPlace:58925,Gausel stasjon,2026-10-10T03:04:00+02:00,2026-10-10T03:04:00+02:00,,0.0,0,Sandnes,KOL:Line:8_1305,N84,N84,bus,KOL:ServiceJourney:1305_250903083248035_1005,False,planned,False,,,,,2026-10-10T04:52:08.771796+02:00
NSR:StopPlace:58925,Gausel stasjon,2026-10-10T03:10:00+02:00,2026-10-10T03:10:00+02:00,,0.0,0,Sandnes,KOL:Line:8_1001,1,1,bus,KOL:ServiceJourney:1001_251008118354756_1131,False,planned,False,,,,,2026-10-10T04:52:08.771796+02:00
NSR:StopPlace:58925,Gausel stasjon,2026-10-10T03:17:00+02:00,2026-10-10T03:17:00+02:00,,0.0,0,Stavanger,KOL:Line:8_1001,1,1,bus,KOL:ServiceJourney:1001_251008118398330_2131,False,planned,False,,,,,2026-10-10T04:52:08.771796+02:00
NSR:StopPlace:58925,Gausel stasjon,2026-10-10T03:21:00+02:00,2026-10-10T03:21:00+02:00,,0.0,0,Viste Hageby via Stavanger,KOL:Line:8_1305,N84,N84,bus,KOL:ServiceJourney:1305_250903083248050_2006,False,planned,False,,,,,2026-10-10T04:52:08.771796+02:00
NSR:StopPlace:58925,Gausel stasjon,2026-10-10T03:34:00+02:00,2026-10-10T03:34:00+02:00,,0.0,0,Sandnes,KOL:Line:8_1305,N84,N84,bus,KOL:ServiceJourney:1305_250903083248036_1006,False,planned,False,,,,,2026-10-10T04:52:08.771796+02:00
NSR:StopPlace:58925,Gausel stasjon,2026-10-10T03:40:00+02:00,2026-10-10T03:40:00+02:00,,0.0,0,Sandnes,KOL:Line:8_1001,1,1,bus,KOL:ServiceJourney:1001_251008118355202_1132,False,planned,False,,,,,2026-10-10T04:52:08.771796+02:00
NSR:StopPlace:58925,Gausel stasjon,2026-10-10T03:47:00+02:00,2026-10-10T03:47:00+02:00,,0.0,0,Stavanger,KOL:Line:8_1001,1,1,bus,KOL:ServiceJourney:1001_251008118382885_2132,False,planned,False,,,,,2026-10-10T04:52:08.771796+02:00
NSR:StopPlace:58925,Gausel stasjon,2026-10-10T04:04:00+02:00,2026-10-10T04:04:00+02:00,,0.0,0,Sandnes,KOL:Line:8_1305,N84,N84,bus,KOL:ServiceJourney:1305_250903083248037_1007,False,planned,False,,,,,2026-10-10T04:52:08.771796+02:00
NSR:StopPlace:58925,Gausel stasjon,2026-10-10T04:10:00+02:00,2026-10-10T04:10:00+02:00,,0.0,0,Sandnes,KOL:Line:8_1001,1,1,bus,KOL:ServiceJourney:1001_251008118354865_1133,False,planned,False,,,,,2026-10-10T04:52:08.771796+02:00
NSR:StopPlace:58925,Gausel stasjon,2026-10-10T04:47:00+02:00,2026-10-10T04:47:00+02:00,,0.0,0,Stavanger,KOL:Line:8_1001,1,1,bus,KOL:ServiceJourney:1001_251008118382998_2133,False,planned,False,,,,,2026-10-10T04:52:08.771796+02:00
NSR:StopPlace:58925,Gausel stasjon,2026-10-10T05:10:00+02:00,2026-10-10T05:10:00+02:00,,0.0,0,Sandnes,KOL:Line:8_1001,1,1,bus,KOL:ServiceJourney:1001_251008118354973_1134,False,planned,False,,,,,2026-10-10T04:52:08.771796+02:00
NSR:StopPlace:58925,Gausel stasjon,2026-10-10T05:47:00+02:00,2026-10-10T05:47:00+02:00,,0.0,0,Stavanger,KOL:Line:8_1001,1,1,bus,KOL:ServiceJourney:1001_251008118397914_4001,False,planned,False,,,,,2026-10-10T04:52:08.771796+02:00
NSR:StopPlace:58932,Hommelvik stasjon,2026-10-10T03:07:00+02:00,2026-10-10T03:07:00+02:00,,0.0,0,Stjørdal,ATB:Line:2_116,Trondheim- Hommelvik- Stjørdal,116,bus,ATB:ServiceJourney:116_251217091074091_6004,False,planned,False,,,,,2026-10-10T04:52:08.771796+02:00
NSR:StopPlace:58932,Hommelvik stasjon,2026-10-10T04:07:00+02:00,2026-10-10T04:07:00+02:00,,0.0,0,Stjørdal,ATB:Line:2_116,Trondheim- Hommelvik- Stjørdal,116,bus,ATB:ServiceJourney:116_251217091073789_6006,False,planned,False,,,,,2026-10-10T04:52:08.771796+02:00
NSR:StopPlace:58932,Hommelvik stasjon,2026-10-10T05:32:00+02:00,2026-10-10T05:32:00+02:00,,0.0,0,Marienborg via Brattøra,ATB:Line:2_70,Stjørdal/Hommelvik- Trondheim,70,bus,ATB:ServiceJourney:70_251215112546932_6002,False,planned,False,,,,,2026-10-10T04:52:08.771796+02:00
NSR:StopPlace:58948,Stjørdal stasjon,2026-10-10T05:46:00+02:00,2026-10-10T05:46:00+02:00,,0.0,0,Marienborg via Brattøra,ATB:Line:2_70,Stjørdal/Hommelvik- Trondheim,70,bus,ATB:ServiceJourney:70_251215112547010_6004,False,planned,False,,,,,2026-10-10T04:52:08.771796+02:00
NSR:StopPlace:58844,Eidsvoll stasjon,2026-10-10T05:15:00+02:00,2026-10-10T05:15:00+02:00,,0.0,0,Jessheim,RUT:Line:430,Eidsvoll - Jessheim,430,bus,RUT:ServiceJourney:d43c060dcf5622697fa414caddb49983,False,planned,False,,,,,2026-10-10T04:52:08.771796+02:00
NSR:StopPlace:58845,Eidsvoll verk stasjon,2026-10-10T05:31:00+02:00,2026-10-10T05:31:00+02:00,,0.0,0,Jessheim,RUT:Line:430,Eidsvoll - Jessheim,430,bus,RUT:ServiceJourney:d43c060dcf5622697fa414caddb49983,False,planned,False,,,,,2026-10-10T04:52:08.771796+02:00
NSR:StopPlace:58849,Hakadal stasjon,2026-10-10T02:18:00+02:00,2026-10-10T02:18:00+02:00,,0.0,0,Oslo bussterminal,RUT:Line:390,Kongskog/Hellerudhaugen - Oslo bussterminal,390,bus,RUT:ServiceJourney:e689927d41b430fe8d3c7d59f7b043a7,False,planned,False,,,,,2026-10-10T04:52:08.771796+02:00
NSR:StopPlace:58849,Hakadal stasjon,2026-10-10T02:48:00+02:00,2026-10-10T02:48:00+02:00,,0.0,0,Grorud,RUT:Line:390,Kongskog/Hellerudhaugen - Oslo bussterminal,390,bus,RUT:ServiceJourney:7c1c24442e6b7fde0dac7da9654fcb63,False,planned,False,,,,,2026-10-10T04:52:08.771796+02:00
NSR:StopPlace:58849,Hakadal stasjon,2026-10-10T03:48:00+02:00,2026-10-10T03:48:00+02:00,,0.0,0,Løvstad,RUT:Line:390,Kongskog/Hellerudhaugen - Oslo bussterminal,390,bus,RUT:ServiceJourney:b184e6013eb7b5cdad3d0b8318a7fa9d,False,planned,False,,,,,2026-10-10T04:52:08.771796+02:00
NSR:StopPlace:58853,Kolbotn stasjon,2026-10-10T02:08:00+02:00,2026-10-10T02:08:00+02:00,,0.0,0,Nationaltheatret,RUT:Line:3983,Nationaltheatret - Fløysbonn,83N,bus,RUT:ServiceJourney:e585e34adb315d1b9198ad2ea8ecb0c2,False,planned,False,,,,,2026-10-10T04:52:08.771796+02:00
NSR:StopPlace:58853,Kolbotn stasjon,2026-10-10T02:16:00+02:00,2026-10-10T02:16:00+02:00,,0.0,0,Fløysbonn,RUT:Line:3983,Nationaltheatret - Fløysbonn,83N,bus,RUT:ServiceJourney:5f1d930c93d930305572ba9147959dfc,False,planned,False,,,,,2026-10-10T04:52:08.771796+02:00
NSR:StopPlace:58853,Kolbotn stasjon,2026-10-10T02:38:00+02:00,2026-10-10T02:38:00+02:00,,0.0,0,Nationaltheatret,RUT:Line:3983,Nationaltheatret - Fløysbonn,83N,bus,RUT:ServiceJourney:60ec0e6989122ee244da996cf9087dbf,False,planned,False,,,,,2026-10-10T04:52:08.771796+02:00
NSR:StopPlace:58853,Kolbotn stasjon,2026-10-10T02:46:00+02:00,2026-10-10T02:46:00+02:00,,0.0,0,Fløysbonn,RUT:Line:3983,Nationaltheatret - Fløysbonn,83N,bus,RUT:ServiceJourney:89a9c31a24653034a48e545c1173d422,False,planned,False,,,,,2026-10-10T04:52:08.771796+02:00
NSR:StopPlace:58853,Kolbotn stasjon,2026-10-10T03:08:00+02:00,2026-10-10T03:08:00+02:00,,0.0,0,Nationaltheatret,RUT:Line:3983,Nationaltheatret - Fløysbonn,83N,bus,RUT:ServiceJourney:fb497de420b66fc6e73b05746ec651df,False,planned,False,,,,,2026-10-10T04:52:08.771796+02:00
NSR:StopPlace:58853,Kolbotn stasjon,2026-10-10T03:16:00+02:00,2026-10-10T03:16:00+02:00,,0.0,0,Fløysbonn,RUT:Line:3983,Nationaltheatret - Fløysbonn,83N,bus,RUT:ServiceJourney:e5da8f2a429d59f9507d2789c222cba2,False,planned,False,,,,,2026-10-10T04:52:08.771796+02:00
NSR:StopPlace:58853,Kolbotn stasjon,2026-10-10T03:38:00+02:00,2026-10-10T03:38:00+02:00,,0.0,0,Mastemyr,RUT:Line:3983,Nationaltheatret - Fløysbonn,83N,bus,RUT:ServiceJourney:8884f1ad107a478b615341b73213ae46,False,planned,False,,,,,2026-10-10T04:52:08.771796+02:00
NSR:StopPlace:58853,Kolbotn stasjon,2026-10-10T03:46:00+02:00,2026-10-10T03:46:00+02:00,,0.0,0,Fløysbonn,RUT:Line:3983,Nationaltheatret - Fløysbonn,83N,bus,RUT:ServiceJourney:e4f933fa64a4f074626f23c31cb4e66c,False,planned,False,,,,,2026-10-10T04:52:08.771796+02:00
NSR:StopPlace:58853,Kolbotn stasjon,2026-10-10T05:49:00+02:00,2026-10-10T05:49:00+02:00,,0.0,0,Bjørvika,RUT:Line:83,Jernbanetorget - Tårnåsen,83,bus,RUT:ServiceJourney:41c16c03d1e3f52c51186d2dc914807e,False,planned,False,Linje 80E og 83 får Hausmanns bru som ny endeholdeplass fra 29. juni,"Bussene stopper ikke på Jernbanetorget etter 29. juni, men starter og stopper på Hausmanns bru i Nylandsveien.",incident,normal,2026-10-10T04:52:08.771796+02:00
NSR:StopPlace:58854,Langhus stasjon,2026-10-10T03:08:00+02:00,2026-10-10T03:08:00+02:00,,0.0,0,Bøleråsen,RUT:Line:510,Bøleråsen - Ski - Ås - Drøbak,510,bus,RUT:ServiceJourney:516fcb6f41b24091e0888556c2134919,False,planned,False,,,,,2026-10-10T04:52:08.771796+02:00
NSR:StopPlace:58856,Lysaker stasjon,2026-10-10T02:03:00+02:00,2026-10-10T02:03:00+02:00,,0.0,0,Nationaltheatret,RUT:Line:160,Rykkinn -Nationaltheatret,160,bus,RUT:ServiceJourney:7d03dff01fde2c53984eb58ac3cf1163,False,planned,False,,,,,2026-10-10T04:52:08.771796+02:00
NSR:StopPlace:58856,Lysaker stasjon,2026-10-10T02:05:00+02:00,2026-10-10T02:05:00+02:00,,0.0,0,Gullhaug,RUT:Line:150,Gullhaug - Nationaltheatret,150,bus,RUT:ServiceJourney:23d89e618a044d56ba7176f2b6f0ed1b,False,planned,False,,,,,2026-10-10T04:52:08.771796+02:00
NSR:StopPlace:58856,Lysaker stasjon,2026-10-10T02:06:00+02:00,2026-10-10T02:06:00+02:00,,0.0,0,Sandvika,RUT:Line:3130,Nationaltheatret - Sandvika,130N,bus,RUT:ServiceJourney:59b932c20a98e872ea1659b4ac27a05c,False,planned,False,,,,,2026-10-10T04:52:08.771796+02:00
NSR:StopPlace:58856,Lysaker stasjon,2026-10-10T02:11:00+02:00,2026-10-10T02:11:00+02:00,,0.0,0,Grorud T,RUT:Line:31,Snarøya - Fornebu - Tonsenhagen - Grorud,31,bus,RUT:ServiceJourney:70b0acdc123a8af616976f3f2932e40b,False,planned,False,,,,,2026-10-10T04:52:08.771796+02:00
NSR:StopPlace:58856,Lysaker stasjon,2026-10-10T02:11:00+02:00,2026-10-10T02:11:00+02:00,,0.0,0,Snarøya,RUT:Line:31,Snarøya - Fornebu - Tonsenhagen - Grorud,31,bus,RUT:ServiceJourney:32e6803f5bcdb6f0066b425a822d1df5,False,planned,False,,,,,2026-10-10T04:52:08.771796+02:00
NSR:StopPlace:58856,Lysaker stasjon,2026-10-10T02:13:00+02:00,2026-10-10T02:13:00+02:00,,0.0,0,Bekkestua,RUT:Line:3140,Nationaltheatret - Bekkestua,140N,bus,RUT:ServiceJourney:d7242debb6fddf3035141fd7e2965904,False,planned,False,,,,,2026-10-10T04:52:08.771796+02:00
NSR:StopPlace:58856,Lysaker stasjon,2026-10-10T02:15:00+02:00,2026-10-10T02:15:00+02:00,,0.0,0,Jernbanetorget,RUT:Line:9842,Voksen skog - Jernbanetorget,42N,bus,RUT:ServiceJourney:886bf0033af3b338d8d9cb3f12ae8cd1,False,planned,False,Holdeplass CC vest retning Simensbråten/Voksen skog er flyttet 50 meter bakover,Dette skyldes buss for trikk på Lilleakerbanen.,incident,normal,2026-10-10T04:52:08.771796+02:00
NSR:StopPlace:58856,Lysaker stasjon,2026-10-10T02:18:00+02:00,2026-10-10T02:18:00+02:00,,0.0,0,Nationaltheatret,RUT:Line:3250,Nationaltheatretl - Sandvika- Slemmestad- Sætre,250N,bus,RUT:ServiceJourney:7ed107852833fe6adb7c7a45df4242c2,False,planned,False,,,,,2026-10-10T04:52:08.771796+02:00
NSR:StopPlace:58856,Lysaker stasjon,2026-10-10T02:18:00+02:00,2026-10-10T02:18:00+02:00,,0.0,0,Nationaltheatret,RUT:Line:3140,Nationaltheatret - Bekkestua,140N,bus,RUT:ServiceJourney:3824b94873923f9cacad7179e752020f,False,planned,False,,,,,2026-10-10T04:52:08.771796+02:00
NSR:StopPlace:58856,Lysaker stasjon,2026-10-10T02:19:00+02:00,2026-10-10T02:19:00+02:00,,0.0,0,Rykkinn,RUT:Line:160,Rykkinn -Nationaltheatret,160,bus,RUT:ServiceJourney:078120145b8a4b486495820f243329db,False,planned,False,,,,,2026-10-10T04:52:08.771796+02:00
NSR:StopPlace:58856,Lysaker stasjon,2026-10-10T02:26:00+02:00,2026-10-10T02:26:00+02:00,,0.0,0,Nationaltheatret,RUT:Line:150,Gullhaug - Nationaltheatret,150,bus,RUT:ServiceJourney:3f0a7eb4cb7184a91559450041dd96df,False,planned,False,,,,,2026-10-10T04:52:08.771796+02:00
NSR:StopPlace:58856,Lysaker stasjon,2026-10-10T02:26:00+02:00,2026-10-10T02:26:00+02:00,,0.0,0,Nationaltheatret,RUT:Line:3130,Nationaltheatret - Sandvika,130N,bus,RUT:ServiceJourney:d96a3235fb78dca896e515e22661f0ec,False,planned,False,,,,,2026-10-10T04:52:08.771796+02:00
NSR:StopPlace:58856,Lysaker stasjon,2026-10-10T02:29:00+02:00,2026-10-10T02:29:00+02:00,,0.0,0,Sandvika,RUT:Line:3250,Nationaltheatretl - Sandvika- Slemmestad- Sætre,250N,bus,RUT:ServiceJourney:c20e338f3d071d4ac194ed4c5c765253,False,planned,False,,,,,2026-10-10T04:52:08.771796+02:00
NSR:StopPlace:58856,Lysaker stasjon,2026-10-10T02:33:00+02:00,2026-10-10T02:33:00+02:00,,0.0,0,Nationaltheatret,RUT:Line:160,Rykkinn -Nationaltheatret,160,bus,RUT:ServiceJourney:ceed15661a9bdee37c33628012d78de3,False,planned,False,,,,,2026-10-10T04:52:08.771796+02:00
NSR:StopPlace:58856,Lysaker stasjon,2026-10-10T02:35:00+02:00,2026-10-10T02:35:00+02:00,,0.0,0,Gullhaug,RUT:Line:150,Gullhaug - Nationaltheatret,150,bus,RUT:ServiceJourney:74b68cb804b8182e2e665a09842cb958,False,planned,False,,,,,2026-10-10T04:52:08.771796+02:00
NSR:StopPlace:58856,Lysaker stasjon,2026-10-10T02:36:00+02:00,2026-10-10T02:36:00+02:00,,0.0,0,Sandvika,RUT:Line:3130,Nationaltheatret - Sandvika,130N,bus,RUT:ServiceJourney:e1429994927ba0368daf75bca7614261,False,planned,False,,,,,2026-10-10T04:52:08.771796+02:00
NSR:StopPlace:58856,Lysaker stasjon,2026-10-10T02:41:00+02:00,2026-10-10T02:41:00+02:00,,0.0,0,Grorud T,RUT:Line:31,Snarøya - Fornebu - Tonsenhagen - Grorud,31,bus,RUT:ServiceJourney:291078c814c7bc71dec55c924f566422,False,planned,False,,,,,2026-10-10T04:52:08.771796+02:00
NSR:StopPlace:58856,Lysaker stasjon,2026-10-10T02:41:00+02:00,2026-10-10T02:41:00+02:00,,0.0,0,Snarøya,RUT:Line:31,Snarøya - Fornebu - Tonsenhagen - Grorud,31,bus,RUT:ServiceJourney:4112161f17d2694874aa1bc6379817cf,False,planned,False,,,,,2026-10-10T04:52:08.771796+02:00
NSR:StopPlace:58856,Lysaker stasjon,2026-10-10T02:43:00+02:00,2026-10-10T02:43:00+02:00,,0.0,0,Bekkestua,RUT:Line:3140,Nationaltheatret - Bekkestua,140N,bus,RUT:ServiceJourney:2b2a15ca6f70608d003272fe0308824d,False,planned,False,,,,,2026-10-10T04:52:08.771796+02:00
NSR:StopPlace:58856,Lysaker stasjon,2026-10-10T02:45:00+02:00,2026-10-10T02:45:00+02:00,,0.0,0,Jernbanetorget,RUT:Line:9842,Voksen skog - Jernbanetorget,42N,bus,RUT:ServiceJourney:45560f90ad58f2c67a3db84e11230630,False,planned,False,Holdeplass CC vest retning Simensbråten/Voksen skog er flyttet 50 meter bakover,Dette skyldes buss for trikk på Lilleakerbanen.,incident,normal,2026-10-10T04:52:08.771796+02:00
NSR:StopPlace:58856,Lysaker stasjon,2026-10-10T02:48:00+02:00,2026-10-10T02:48:00+02:00,,0.0,0,Nationaltheatret,RUT:Line:3250,Nationaltheatretl - Sandvika- Slemmestad- Sætre,250N,bus,RUT:ServiceJourney:f070866a55ff4093728de5cd6a024d2c,False,planned,False,,,,,2026-10-10T04:52:08.771796+02:00
NSR:StopPlace:58856,Lysaker stasjon,2026-10-10T02:48:00+02:00,2026-10-10T02:48:00+02:00,,0.0,0,Nationaltheatret,RUT:Line:3140,Nationaltheatret - Bekkestua,140N,bus,RUT:ServiceJourney:ae861d84b559c4daac8f9d67fd87ec7a,False,planned,False,,,,,2026-10-10T04:52:08.771796+02:00
NSR:StopPlace:58856,Lysaker stasjon,2026-10-10T02:49:00+02:00,2026-10-10T02:49:00+02:00,,0.0,0,Rykkinn,RUT:Line:160,Rykkinn -Nationaltheatret,160,bus,RUT:ServiceJourney:a1b23b87364490c406a8e68a4f1a29f4,False,planned,False,,,,,2026-10-10T04:52:08.771796+02:00
NSR:StopPlace:58856,Lysaker stasjon,2026-10-10T02:56:00+02:00,2026-10-10T02:56:00+02:00,,0.0,0,Nationaltheatret,RUT:Line:150,Gullhaug - Nationaltheatret,150,bus,RUT:ServiceJourney:3f71350e5b9aaacb1c5b03fd3be1f4e0,False,planned,False,,,,,2026-10-10T04:52:08.771796+02:00
NSR:StopPlace:58856,Lysaker stasjon,2026-10-10T02:56:00+02:00,2026-10-10T02:56:00+02:00,,0.0,0,Nationaltheatret,RUT:Line:3130,Nationaltheatret - Sandvika,130N,bus,RUT:ServiceJourney:56107efab9d9464023ccb077e862b1e5,False,planned,False,,,,,2026-10-10T04:52:08.771796+02:00
NSR:StopPlace:58856,Lysaker stasjon,2026-10-10T02:59:00+02:00,2026-10-10T02:59:00+02:00,,0.0,0,Sætre,RUT:Line:3250,Nationaltheatretl - Sandvika- Slemmestad- Sætre,250N,bus,RUT:ServiceJourney:d071cf2cae57602a4cb462a011dc1b76,False,planned,False,,,,,2026-10-10T04:52:08.771796+02:00
NSR:StopPlace:58856,Lysaker stasjon,2026-10-10T03:05:00+02:00,2026-10-10T03:05:00+02:00,,0.0,0,Gullhaug,RUT:Line:150,Gullhaug - Nationaltheatret,150,bus,RUT:ServiceJourney:28a07938a172ff8911fd785cd86e28f4,False,planned,False,,,,,2026-10-10T04:52:08.771796+02:00
NSR:StopPlace:58856,Lysaker stasjon,2026-10-10T03:06:00+02:00,2026-10-10T03:06:00+02:00,,0.0,0,Sandvika,RUT:Line:3130,Nationaltheatret - Sandvika,130N,bus,RUT:ServiceJourney:8670e2442b91be5fd63537917b06c6c9,False,planned,False,,,,,2026-10-10T04:52:08.771796+02:00
NSR:StopPlace:58856,Lysaker stasjon,2026-10-10T03:11:00+02:00,2026-10-10T03:11:00+02:00,,0.0,0,Grorud T,RUT:Line:31,Snarøya - Fornebu - Tonsenhagen - Grorud,31,bus,RUT:ServiceJourney:2631cfeff004b59026dea16ff2844e28,False,planned,False,,,,,2026-10-10T04:52:08.771796+02:00
NSR:StopPlace:58856,Lysaker stasjon,2026-10-10T03:11:00+02:00,2026-10-10T03:11:00+02:00,,0.0,0,Snarøya,RUT:Line:31,Snarøya - Fornebu - Tonsenhagen - Grorud,31,bus,RUT:ServiceJourney:bd1dddd74c689f7e4ee1508aadd8f0c6,False,planned,False,,,,,2026-10-10T04:52:08.771796+02:00
NSR:StopPlace:58856,Lysaker stasjon,2026-10-10T03:13:00+02:00,2026-10-10T03:13:00+02:00,,0.0,0,Bekkestua,RUT:Line:3140,Nationaltheatret - Bekkestua,140N,bus,RUT:ServiceJourney:fc08090993523cffb2468768b5d8b428,False,planned,False,,,,,2026-10-10T04:52:08.771796+02:00
NSR:StopPlace:58856,Lysaker stasjon,2026-10-10T03:15:00+02:00,2026-10-10T03:15:00+02:00,,0.0,0,Jernbanetorget,RUT:Line:9842,Voksen skog - Jernbanetorget,42N,bus,RUT:ServiceJourney:379128e490573ee3832e4dc7f380c01e,False,planned,False,Holdeplass CC vest retning Simensbråten/Voksen skog er flyttet 50 meter bakover,Dette skyldes buss for trikk på Lilleakerbanen.,incident,normal,2026-10-10T04:52:08.771796+02:00
NSR:StopPlace:58856,Lysaker stasjon,2026-10-10T03:18:00+02:00,2026-10-10T03:18:00+02:00,,0.0,0,Nationaltheatret,RUT:Line:3250,Nationaltheatretl - Sandvika- Slemmestad- Sætre,250N,bus,RUT:ServiceJourney:23431ed585d893afd4d36967eec1c8a0,False,planned,False,,,,,2026-10-10T04:52:08.771796+02:00
NSR:StopPlace:58856,Lysaker stasjon,2026-10-10T03:18:00+02:00,2026-10-10T03:18:00+02:00,,0.0,0,Nationaltheatret,RUT:Line:3140,Nationaltheatret - Bekkestua,140N,bus,RUT:ServiceJourney:ecbc676735b1b8e1fc15d17ed8a822d9,False,planned,False,,,,,2026-10-10T04:52:08.771796+02:00
NSR:StopPlace:58857,Lørenskog stasjon,2026-10-10T05:43:00+02:00,2026-10-10T05:43:00+02:00,,0.0,0,Stovner,RUT:Line:120,Nesåsen - Stovner,120,bus,RUT:ServiceJourney:ebf53d97fba981a816c8b1737485fdc1,False,planned,False,,,,,2026-10-10T04:52:08.771796+02:00
NSR:StopPlace:58864,Sørumsand stasjon,2026-10-10T05:51:00+02:00,2026-10-10T05:51:00+02:00,,0.0,0,Skedsmokorset,RUT:Line:365,Sørumsand - Frogner - Skedsmokorset,365,bus,RUT:ServiceJourney:2e738f00905ad0cdfc07a91046e35f50,False,planned,False,,,,,2026-10-10T04:52:08.771796+02:00
NSR:StopPlace:58865,Vestby stasjon,2026-10-10T02:20:00+02:00,2026-10-10T02:20:00+02:00,,0.0,0,Oslo bussterminal,RUT:Line:2540,Oslo - Ski - Ås - Vestby (nattbuss),540N,bus,RUT:ServiceJourney:13200e985ee98b9ab33270481f183f88,False,planned,False,,,,,2026-10-10T04:52:08.771796+02:00
NSR:StopPlace:58866,Vevelstad stasjon,2026-10-10T03:13:00+02:00,2026-10-10T03:13:00+02:00,,0.0,0,Bøleråsen,RUT:Line:510,Bøleråsen - Ski - Ås - Drøbak,510,bus,RUT:ServiceJourney:516fcb6f41b24091e0888556c2134919,False,planned,False,,,,,2026-10-10T04:52:08.771796+02:00
NSR:StopPlace:58860,Oppegård stasjon,2026-10-10T02:43:00+02:00,2026-10-10T02:43:00+02:00,,0.0,0,Nationaltheatret,RUT:Line:3981,Nationaltheatret - Ski,81N,bus,RUT:ServiceJourney:c8cfcac811ef658f451e651fda7d34b3,False,planned,False,,,,,2026-10-10T04:52:08.771796+02:00
NSR:StopPlace:58860,Oppegård stasjon,2026-10-10T03:05:00+02:00,2026-10-10T03:05:00+02:00,,0.0,0,Ski stasjon,RUT:Line:3981,Nationaltheatret - Ski,81N,bus,RUT:ServiceJourney:8fedb2af5dc098db98a3102bd1ffefcd,False,planned,False,,,,,2026-10-10T04:52:08.771796+02:00
NSR:StopPlace:58860,Oppegård stasjon,2026-10-10T03:13:00+02:00,2026-10-10T03:13:00+02:00,,0.0,0,Nationaltheatret,RUT:Line:3981,Nationaltheatret - Ski,81N,bus,RUT:ServiceJourney:185ddcd11a0b5179384cdbf5c6f1a6d8,False,planned,False,,,,,2026-10-10T04:52:08.771796+02:00
NSR:StopPlace:58860,Oppegård stasjon,2026-10-10T03:35:00+02:00,2026-10-10T03:35:00+02:00,,0.0,0,Ski stasjon,RUT:Line:3981,Nationaltheatret - Ski,81N,bus,RUT:ServiceJourney:5391a0ef87d0e4ead6338dc26e5fa338,False,planned,False,,,,,2026-10-10T04:52:08.771796+02:00
NSR:StopPlace:58860,Oppegård stasjon,2026-10-10T03:43:00+02:00,2026-10-10T03:43:00+02:00,,0.0,0,Ødegården,RUT:Line:3981,Nationaltheatret - Ski,81N,bus,RUT:ServiceJourney:3adf6dad1ba8aa934da92ac67ada9886,False,planned,False,,,,,2026-10-10T04:52:08.771796+02:00
NSR:StopPlace:58861,Solbråtan stasjon,2026-10-10T05:45:00+02:00,2026-10-10T05:45:00+02:00,,0.0,0,Bjørvika,RUT:Line:83,Jernbanetorget - Tårnåsen,83,bus,RUT:ServiceJourney:41c16c03d1e3f52c51186d2dc914807e,False,planned,False,Linje 80E og 83 får Hausmanns bru som ny endeholdeplass fra 29. juni,"Bussene stopper ikke på Jernbanetorget etter 29. juni, men starter og stopper på Hausmanns bru i Nylandsveien.",incident,normal,2026-10-10T04:52:08.771796+02:00
NSR:StopPlace:58877,Bø stasjon,2026-10-10T05:11:00+02:00,2026-10-10T05:11:00+02:00,,0.0,0,Kongsberg,GOA:Line:50,Sørtoget region,F5,rail,GOA:ServiceJourney:726-KVB_73834-R,False,planned,False,,,,,2026-10-10T04:52:08.771796+02:00
NSR:StopPlace:58878,Drangedal stasjon,2026-10-10T04:36:00+02:00,2026-10-10T04:36:00+02:00,,0.0,0,Kongsberg,GOA:Line:50,Sørtoget region,F5,rail,GOA:ServiceJourney:726-KVB_73834-R,False,planned,False,,,,,2026-10-10T04:52:08.771796+02:00
NSR:StopPlace:58879,Lunde stasjon,2026-10-10T04:58:00+02:00,2026-10-10T04:58:00+02:00,,0.0,0,Kongsberg,GOA:Line:50,Sørtoget region,F5,rail,GOA:ServiceJourney:726-KVB_73834-R,False,planned,False,,,,,2026-10-10T04:52:08.771796+02:00
NSR:StopPlace:58889,Gjerstad stasjon,2026-10-10T04:08:00+02:00,2026-10-10T04:08:00+02:00,,0.0,0,Kongsberg,GOA:Line:50,Sørtoget region,F5,rail,GOA:ServiceJourney:726-KVB_73834-R,False,planned,False,,,,,2026-10-10T04:52:08.771796+02:00
NSR:StopPlace:58880,Neslandsvatn stasjon,2026-10-10T04:23:00+02:00,2026-10-10T04:23:00+02:00,,0.0,0,Kongsberg,GOA:Line:50,Sørtoget region,F5,rail,GOA:ServiceJourney:726-KVB_73834-R,False,planned,False,,,,,2026-10-10T04:52:08.771796+02:00
NSR:StopPlace:58882,Nordagutu stasjon,2026-10-10T05:27:00+02:00,2026-10-10T05:27:00+02:00,,0.0,0,Kongsberg,GOA:Line:50,Sørtoget region,F5,rail,GOA:ServiceJourney:726-KVB_73834-R,False,planned,False,,,,,2026-10-10T04:52:08.771796+02:00
NSR:StopPlace:58890,Nelaug stasjon,2026-10-10T03:32:00+02:00,2026-10-10T03:32:00+02:00,,0.0,0,Kongsberg,GOA:Line:50,Sørtoget region,F5,rail,GOA:ServiceJourney:726-KVB_73834-R,False,planned,False,,,,,2026-10-10T04:52:08.771796+02:00
NSR:StopPlace:58891,Vegårshei stasjon,2026-10-10T03:48:00+02:00,2026-10-10T03:48:00+02:00,,0.0,0,Kongsberg,GOA:Line:50,Sørtoget region,F5,rail,GOA:ServiceJourney:726-KVB_73834-R,False,planned,False,,,,,2026-10-10T04:52:08.771796+02:00
NSR:StopPlace:58810,Løten stasjon,2026-10-10T02:51:00+02:00,2026-10-10T02:51:00+02:00,,0.0,0,Løten,INN:Line:26,Brumunddal - Hamar - Løten,B26,bus,INN:ServiceJourney:54008,False,planned,False,,,,,2026-10-10T04:52:08.771796+02:00
NSR:StopPlace:58810,Løten stasjon,2026-10-10T03:51:00+02:00,2026-10-10T03:51:00+02:00,,0.0,0,Løten,INN:Line:26,Brumunddal - Hamar - Løten,B26,bus,INN:ServiceJourney:54009,False,planned,False,,,,,2026-10-10T04:52:08.771796+02:00
NSR:StopPlace:58816,Dombås stasjon,2026-10-10T03:28:00+02:00,2026-10-10T03:28:00+02:00,,0.0,0,Ålesund,VYX:Line:162,VY148 Ålesund-Oslo,VY148,coach,VYX:ServiceJourney:16284d23a098a91bef5b5635a0cdccca241a2200,False,planned,False,Forhåndsbestilling Vy,Billett må kjøpes på nett eller app senest 15 minutter før påstigning for at bussen skal kjøre innom holdeplassen.,general,normal,2026-10-10T04:52:08.771796+02:00
NSR:StopPlace:63079,Skeiane stasjon,2026-10-10T02:12:00+02:00,2026-10-10T02:12:00+02:00,,0.0,0,Stavanger,GOA:Line:59,Jærbanen,L5,rail,GOA:ServiceJourney:3093_63146-R,False,planned,False,,,,,2026-10-10T04:52:08.771796+02:00
NSR:StopPlace:63079,Skeiane stasjon,2026-10-10T02:12:00+02:00,2026-10-10T02:12:00+02:00,,0.0,0,Egersund,GOA:Line:59,Jærbanen,L5,rail,GOA:ServiceJourney:3092_63145-R,False,planned,False,,,,,2026-10-10T04:52:08.771796+02:00
NSR:StopPlace:63381,Örnsköldsvik Centralstation,2026-10-10T02:53:00+02:00,2026-10-10T02:53:00+02:00,,0.0,0,"Sundsvall, Stockholm",SJV:Line:8ca80b34-505a-4d76-b047-58b01590d0e1,Luleå-Stockholm ,Luleå-Stockholm ,rail,SJV:ServiceJourney:a5d49afa-0d54-4c88-aed3-161717bb597d,False,planned,False,,,,,2026-10-10T04:52:08.771796+02:00
NSR:StopPlace:63620,Bastuträsk station,2026-10-10T03:45:00+02:00,2026-10-10T03:45:00+02:00,,0.0,0,Luleå,SJV:Line:0ff9f2b9-fbe5-4761-8a29-8813be35efaa,Stockholm-Narvik (-Luleå),,rail,SJV:ServiceJourney:0eabfad4-c61e-4fc3-8a75-7ebd11c5a873,False,planned,False,,,,,2026-10-10T04:52:08.771796+02:00
NSR:StopPlace:63636,Härnösand Centralstation,2026-10-10T04:22:00+02:00,2026-10-10T04:22:00+02:00,,0.0,0,"Sundsvall, Stockholm",SJV:Line:8ca80b34-505a-4d76-b047-58b01590d0e1,Luleå-Stockholm ,Luleå-Stockholm ,rail,SJV:ServiceJourney:a5d49afa-0d54-4c88-aed3-161717bb597d,False,planned,False,,,,,2026-10-10T04:52:08.771796+02:00
NSR:StopPlace:63676,Sundsvall Centralstation,2026-10-10T05:26:00+02:00,2026-10-10T05:26:00+02:00,,0.0,0,Stockholm,SJV:Line:8ca80b34-505a-4d76-b047-58b01590d0e1,Luleå-Stockholm ,Luleå-Stockholm ,rail,SJV:ServiceJourney:a5d49afa-0d54-4c88-aed3-161717bb597d,False,planned,False,,,,,2026-10-10T04:52:08.771796+02:00
NSR:StopPlace:63691,Vindeln station,2026-10-10T02:10:00+02:00,2026-10-10T02:10:00+02:00,,0.0,0,Luleå,SJV:Line:0ff9f2b9-fbe5-4761-8a29-8813be35efaa,Stockholm-Narvik (-Luleå),,rail,SJV:ServiceJourney:0eabfad4-c61e-4fc3-8a75-7ebd11c5a873,False,planned,False,,,,,2026-10-10T04:52:08.771796+02:00
NSR:StopPlace:63618,Älvsbyn station,2026-10-10T05:13:00+02:00,2026-10-10T05:13:00+02:00,,0.0,0,Luleå,SJV:Line:0ff9f2b9-fbe5-4761-8a29-8813be35efaa,Stockholm-Narvik (-Luleå),,rail,SJV:ServiceJourney:0eabfad4-c61e-4fc3-8a75-7ebd11c5a873,False,planned,False,,,,,2026-10-10T04:52:08.771796+02:00
NSR:StopPlace:63705,Enköping station,2026-10-10T03:20:00+02:00,2026-10-10T03:20:00+02:00,,0.0,0,Arlanda,VYB:Line:26,850 Oslo - Arlanda - Stockholm,850,coach,VYB:ServiceJourney:b54ed62a64c9c2483c413e61158c2700b4c8964b,False,planned,False,Enköping,Enköping stasjon.Bussen stopper ved pendlerparkeringen på Østra Järnvägsgatan.,general,normal,2026-10-10T04:52:08.771796+02:00
NSR:StopPlace:63705,Enköping station,2026-10-10T04:45:00+02:00,2026-10-10T04:45:00+02:00,,0.0,0,Arlanda,VYB:Line:26,850 Oslo - Arlanda - Stockholm,850,coach,VYB:ServiceJourney:10b2e4758894544f8ace957a0d24c160fccd39fb,False,planned,False,Enköping,Enköping stasjon.Bussen stopper ved pendlerparkeringen på Østra Järnvägsgatan.,general,normal,2026-10-10T04:52:08.771796+02:00
NSR:StopPlace:63705,Enköping station,2026-10-10T05:30:00+02:00,2026-10-10T05:30:00+02:00,,0.0,0,Stockholm,VYB:Line:26,850 Oslo - Arlanda - Stockholm,850,coach,VYB:ServiceJourney:605bd5600f0256867e51b05dbc455984c5c9f309,False,planned,False,Enköping,Enköping stasjon.Bussen stopper ved pendlerparkeringen på Østra Järnvägsgatan.,general,normal,2026-10-10T04:52:08.771796+02:00
NSR:StopPlace:58211,Oslo lufthavn,2026-10-10T02:15:00+02:00,2026-10-10T02:15:00+02:00,,0.0,0,Oslo sentrum via Helsfyr-Hasle-Bislett,NBU:Line:a7c15243-8873-4aee-a8b4-8d22e8ad31dc,Oslo sentrum via Helsfyr-Hasle-Bislett,FB5,bus,NBU:ServiceJourney:06e7211c-88da-48e8-a900-4d069a1d68f4,False,planned,False,,,,,2026-10-10T04:52:08.771796+02:00
NSR:StopPlace:58211,Oslo lufthavn,2026-10-10T03:55:00+02:00,2026-10-10T03:55:00+02:00,,0.0,0,Fredrikstad,VYX:Line:56,FB11 Fredrikstad-Oslo Lufthavn (OSL),FB11,bus,VYX:ServiceJourney:a5c334bda971bf9b9dca2ef71459596a0474fbb0,False,planned,False,Forhåndsbestilling FB11,Billett må kjøpes på nett eller app senest 15 minutter før påstigning for at bussen skal kjøre innom holdeplassen. Ruter-billett er ikke gyldig. ,general,normal,2026-10-10T04:52:08.771796+02:00
NSR:StopPlace:58211,Oslo lufthavn,2026-10-10T04:30:00+02:00,2026-10-10T04:30:00+02:00,,0.0,0,Oslo lufthavn,VYX:Line:98,S44 Shuttle Oslo lufthavn,S44,bus,VYX:ServiceJourney:fc5493de4f70cfdf9901f2ed9977493166854303,False,planned,False,,,,,2026-10-10T04:52:08.771796+02:00
NSR:StopPlace:58211,Oslo lufthavn,2026-10-10T04:35:00+02:00,2026-10-10T04:35:00+02:00,,0.0,0,Oslo lufthavn,VYX:Line:99,S55 Shuttle Oslo lufthavn,S55,bus,VYX:ServiceJourney:a98b250fd1727a910c24e818fd6ab50ff17b118c,False,planned,False,,,,,2026-10-10T04:52:08.771796+02:00
NSR:StopPlace:58211,Oslo lufthavn,2026-10-10T04:55:00+02:00,2026-10-10T04:55:00+02:00,,0.0,0,Oslo lufthavn,VYX:Line:51,S22 Shuttle Oslo lufthavn,S22,bus,VYX:ServiceJourney:62b860b2b096c4dd16ba62af20a041cd17a3416e,False,planned,False,,,,,2026-10-10T04:52:08.771796+02:00
NSR:StopPlace:58211,Oslo lufthavn,2026-10-10T04:55:00+02:00,2026-10-10T04:55:00+02:00,,0.0,0,Fredrikstad,VYX:Line:56,FB11 Fredrikstad-Oslo Lufthavn (OSL),FB11,bus,VYX:ServiceJourney:2275c43c8139427ec255d31e0f54d2805fb834e2,False,planned,False,Forhåndsbestilling FB11,Billett må kjøpes på nett eller app senest 15 minutter før påstigning for at bussen skal kjøre innom holdeplassen. Ruter-billett er ikke gyldig. ,general,normal,2026-10-10T04:52:08.771796+02:00
NSR:StopPlace:58211,Oslo lufthavn,2026-10-10T05:00:00+02:00,2026-10-10T05:00:00+02:00,,0.0,0,Oslo lufthavn,VYX:Line:98,S44 Shuttle Oslo lufthavn,S44,bus,VYX:ServiceJourney:80811206fb606f8c35283cae8b6dd228882ae7e9,False,planned,False,,,,,2026-10-10T04:52:08.771796+02:00
NSR:StopPlace:58211,Oslo lufthavn,2026-10-10T05:05:00+02:00,2026-10-10T05:05:00+02:00,,0.0,0,Oslo lufthavn,VYX:Line:99,S55 Shuttle Oslo lufthavn,S55,bus,VYX:ServiceJourney:95ede5d955311983bd8a593327dc08c78039b59e,False,planned,False,,,,,2026-10-10T04:52:08.771796+02:00
NSR:StopPlace:58211,Oslo lufthavn,2026-10-10T05:25:00+02:00,2026-10-10T05:25:00+02:00,,0.0,0,Oslo lufthavn,VYX:Line:51,S22 Shuttle Oslo lufthavn,S22,bus,VYX:ServiceJourney:d7ef1438ca9ce470e3947980aa3dd7fca83f6605,False,planned,False,,,,,2026-10-10T04:52:08.771796+02:00
NSR:StopPlace:58211,Oslo lufthavn,2026-10-10T05:30:00+02:00,2026-10-10T05:30:00+02:00,,0.0,0,Oslo lufthavn,VYX:Line:98,S44 Shuttle Oslo lufthavn,S44,bus,VYX:ServiceJourney:578d80b159c285c6234d1e3d91816bb0256d4b70,False,planned,False,,,,,2026-10-10T04:52:08.771796+02:00
NSR:StopPlace:58211,Oslo lufthavn,2026-10-10T05:32:00+02:00,2026-10-10T05:32:00+02:00,,0.0,0,Oslo lufthavn,FLT:Line:FLY1,FLY1,FLY1,rail,FLT:ServiceJourney:34220_1499_3702_2026-10-10_B0,False,planned,False,,,,,2026-10-10T04:52:08.771796+02:00
NSR:StopPlace:58211,Oslo lufthavn,2026-10-10T05:32:00+02:00,2026-10-10T05:32:00+02:00,,0.0,0,Skøyen stasjon,FLT:Line:FLY1,FLY1,FLY1,rail,FLT:ServiceJourney:34220_1496_3702_2026-10-10_B0,False,planned,False,,,,,2026-10-10T04:52:08.771796+02:00
NSR:StopPlace:58211,Oslo lufthavn,2026-10-10T05:32:00+02:00,2026-10-10T05:32:00+02:00,,0.0,0,Lillestrøm stasjon i Stillverksveien,FLT:Line:FLY1,FLY1,FLY1,rail,FLT:ServiceJourney:34220_1500_3702_2026-10-10_B0,False,planned,False,,,,,2026-10-10T04:52:08.771796+02:00
NSR:StopPlace:58211,Oslo lufthavn,2026-10-10T05:32:00+02:00,2026-10-10T05:32:00+02:00,,0.0,0,Skøyen stasjon,FLT:Line:FLY1,FLY1,FLY1,rail,FLT:ServiceJourney:34220_1497_3702_2026-10-10_B0,False,planned,False,,,,,2026-10-10T04:52:08.771796+02:00
NSR:StopPlace:58211,Oslo lufthavn,2026-10-10T05:32:00+02:00,2026-10-10T05:32:00+02:00,,0.0,0,Skøyen stasjon,FLT:Line:FLY1,FLY1,FLY1,rail,FLT:ServiceJourney:34220_1498_3702_2026-10-10_B0,False,planned,False,,,,,2026-10-10T04:52:08.771796+02:00
NSR:StopPlace:58211,Oslo lufthavn,2026-10-10T05:35:00+02:00,2026-10-10T05:35:00+02:00,,0.0,0,Oslo lufthavn,VYX:Line:99,S55 Shuttle Oslo lufthavn,S55,bus,VYX:ServiceJourney:869e6a906cd1186b27e9bb231ca5370d87d287d5,False,planned,False,,,,,2026-10-10T04:52:08.771796+02:00
NSR:StopPlace:58211,Oslo lufthavn,2026-10-10T05:38:00+02:00,2026-10-10T05:38:00+02:00,,0.0,0,Frogner,RUT:Line:425,Kløfta – Oslo lufthavn,425,bus,RUT:ServiceJourney:dcadf244ae21da303b8d3bfcfe2381d6,False,planned,False,,,,,2026-10-10T04:52:08.771796+02:00
NSR:StopPlace:58211,Oslo lufthavn,2026-10-10T05:40:00+02:00,2026-10-10T05:40:00+02:00,,0.0,0,Jessheim,RUT:Line:440,Fenstad/Nordkisa - Oslo lufthavn,440,bus,RUT:ServiceJourney:8074b663744e7aabdd911474c1ca793e,False,planned,False,,,,,2026-10-10T04:52:08.771796+02:00
NSR:StopPlace:58211,Oslo lufthavn,2026-10-10T05:45:00+02:00,2026-10-10T05:45:00+02:00,,0.0,0,Skøyen,VYG:Line:RE10,Drammen-Oslo S-Lillehammer,RE10,rail,VYG:ServiceJourney:BUS-304_660857-R,False,planned,False,,,,,2026-10-10T04:52:08.771796+02:00
NSR:StopPlace:58211,Oslo lufthavn,2026-10-10T05:51:00+02:00,2026-10-10T05:51:00+02:00,,0.0,0,Oslo bussterminal,RUT:Line:400,Oslo lufthavn - Veståsen - Olavsgaard - Oslo,400,bus,RUT:ServiceJourney:f2623e74ea8a9c2af64616ee2ea3948a,False,planned,False,,,,,2026-10-10T04:52:08.771796+02:00
NSR:StopPlace:58211,Oslo lufthavn,2026-10-10T05:52:00+02:00,2026-10-10T05:52:00+02:00,,0.0,0,Oslo lufthavn,FLT:Line:FLY1,FLY1,FLY1,rail,FLT:ServiceJourney:34220_1494_3704_2026-10-10_B0,False,planned,False,,,,,2026-10-10T04:52:08.771796+02:00
NSR:StopPlace:58211,Oslo lufthavn,2026-10-10T05:52:00+02:00,2026-10-10T05:52:00+02:00,,0.0,0,Skøyen stasjon,FLT:Line:FLY1,FLY1,FLY1,rail,FLT:ServiceJourney:34220_1491_3704_2026-10-10_B0,False,planned,False,,,,,2026-10-10T04:52:08.771796+02:00
NSR:StopPlace:58211,Oslo lufthavn,2026-10-10T05:52:00+02:00,2026-10-10T05:52:00+02:00,,0.0,0,Lillestrøm stasjon i Stillverksveien,FLT:Line:FLY1,FLY1,FLY1,rail,FLT:ServiceJourney:34220_1495_3704_2026-10-10_B0,False,planned,False,,,,,2026-10-10T04:52:08.771796+02:00
NSR:StopPlace:58211,Oslo lufthavn,2026-10-10T05:52:00+02:00,2026-10-10T05:52:00+02:00,,0.0,0,Skøyen stasjon,FLT:Line:FLY1,FLY1,FLY1,rail,FLT:ServiceJourney:34220_1493_3704_2026-10-10_B0,False,planned,False,,,,,2026-10-10T04:52:08.771796+02:00
NSR:StopPlace:58211,Oslo lufthavn,2026-10-10T05:52:00+02:00,2026-10-10T05:52:00+02:00,,0.0,0,Skøyen stasjon,FLT:Line:FLY1,FLY1,FLY1,rail,FLT:ServiceJourney:34220_1492_3704_2026-10-10_B0,False,planned,False,,,,,2026-10-10T04:52:08.771796+02:00
NSR:StopPlace:362,Jåttåvågen stasjon,2026-10-10T02:02:00+02:00,2026-10-10T02:02:00+02:00,,0.0,0,Egersund,GOA:Line:59,Jærbanen,L5,rail,GOA:ServiceJourney:3092_63145-R,False,planned,False,,,,,2026-10-10T04:52:08.771796+02:00
NSR:StopPlace:362,Jåttåvågen stasjon,2026-10-10T02:22:00+02:00,2026-10-10T02:22:00+02:00,,0.0,0,Stavanger,GOA:Line:59,Jærbanen,L5,rail,GOA:ServiceJourney:3093_63146-R,False,planned,False,,,,,2026-10-10T04:52:08.771796+02:00
NSR:StopPlace:372,Valnesfjord stasjon,2026-10-10T02:33:30+02:00,2026-10-10T02:33:30+02:00,,0.0,0,Bodø,SJN:Line:79,Saltenpendelen,R75,rail,SJN:ServiceJourney:1797_35200-R,False,planned,False,,,,,2026-10-10T04:52:08.771796+02:00
NSR:StopPlace:206,Mariero stasjon,2026-10-10T02:25:00+02:00,2026-10-10T02:25:00+02:00,,0.0,0,Stavanger,GOA:Line:59,Jærbanen,L5,rail,GOA:ServiceJourney:3093_63146-R,False,planned,False,,,,,2026-10-10T04:52:08.771796+02:00
NSR:StopPlace:206,Mariero stasjon,2026-10-10T05:52:00+02:00,2026-10-10T05:52:00+02:00,,0.0,0,Egersund,GOA:Line:59,Jærbanen,L5,rail,GOA:ServiceJourney:3008_63040-R,False,planned,False,,,,,2026-10-10T04:52:08.771796+02:00
NSR:StopPlace:234,Mørkved stasjon,2026-10-10T02:58:30+02:00,2026-10-10T02:58:30+02:00,,0.0,0,Bodø,SJN:Line:79,Saltenpendelen,R75,rail,SJN:ServiceJourney:1797_35200-R,False,planned,False,,,,,2026-10-10T04:52:08.771796+02:00
NSR:StopPlace:261,Ganddal stasjon,2026-10-10T02:09:00+02:00,2026-10-10T02:09:00+02:00,,0.0,0,Stavanger,GOA:Line:59,Jærbanen,L5,rail,GOA:ServiceJourney:3093_63146-R,False,planned,False,,,,,2026-10-10T04:52:08.771796+02:00
NSR:StopPlace:261,Ganddal stasjon,2026-10-10T02:15:00+02:00,2026-10-10T02:15:00+02:00,,0.0,0,Egersund,GOA:Line:59,Jærbanen,L5,rail,GOA:ServiceJourney:3092_63145-R,False,planned,False,,,,,2026-10-10T04:52:08.771796+02:00
NSR:StopPlace:702,Sandnes sentrum stasjon,2026-10-10T02:10:00+02:00,2026-10-10T02:10:00+02:00,,0.0,0,Egersund,GOA:Line:59,Jærbanen,L5,rail,GOA:ServiceJourney:3092_63145-R,False,planned,False,,,,,2026-10-10T04:52:08.771796+02:00
NSR:StopPlace:702,Sandnes sentrum stasjon,2026-10-10T02:14:00+02:00,2026-10-10T02:14:00+02:00,,0.0,0,Stavanger,GOA:Line:59,Jærbanen,L5,rail,GOA:ServiceJourney:3093_63146-R,False,planned,False,,,,,2026-10-10T04:52:08.771796+02:00
NSR:StopPlace:610,Sandvika stasjon,2026-10-10T04:20:00+02:00,2026-10-10T04:20:00+02:00,,0.0,0,Skøyen,FLT:Line:FLY1,FLY1,FLY1,rail,FLT:ServiceJourney:1-2614-3701-20261010_T0,False,planned,False,,,,,2026-10-10T04:52:08.771796+02:00
NSR:StopPlace:610,Sandvika stasjon,2026-10-10T04:40:00+02:00,2026-10-10T04:40:00+02:00,,0.0,0,Skøyen,FLT:Line:FLY1,FLY1,FLY1,rail,FLT:ServiceJourney:1-2614-3703-20261010_T0,False,planned,False,,,,,2026-10-10T04:52:08.771796+02:00
NSR:StopPlace:610,Sandvika stasjon,2026-10-10T05:00:00+02:00,2026-10-10T05:00:00+02:00,,0.0,0,Skøyen,FLT:Line:FLY1,FLY1,FLY1,rail,FLT:ServiceJourney:1-2614-3705-20261010_T0,False,planned,False,,,,,2026-10-10T04:52:08.771796+02:00
NSR:StopPlace:610,Sandvika stasjon,2026-10-10T05:20:00+02:00,2026-10-10T05:20:00+02:00,,0.0,0,Skøyen,FLT:Line:FLY1,FLY1,FLY1,rail,FLT:ServiceJourney:1-2614-3707-20261010_T0,False,planned,False,,,,,2026-10-10T04:52:08.771796+02:00
NSR:StopPlace:610,Sandvika stasjon,2026-10-10T05:40:00+02:00,2026-10-10T05:40:00+02:00,,0.0,0,Skøyen,FLT:Line:FLY1,FLY1,FLY1,rail,FLT:ServiceJourney:1-2614-3709-20261010_T0,False,planned,False,,,,,2026-10-10T04:52:08.771796+02:00
NSR:StopPlace:62311,Vigrestad stasjon,2026-10-10T02:43:00+02:00,2026-10-10T02:43:00+02:00,,0.0,0,Egersund,GOA:Line:59,Jærbanen,L5,rail,GOA:ServiceJourney:3092_63145-R,False,planned,False,,,,,2026-10-10T04:52:08.771796+02:00
NSR:StopPlace:62310,Brusand stasjon,2026-10-10T02:47:00+02:00,2026-10-10T02:47:00+02:00,,0.0,0,Egersund,GOA:Line:59,Jærbanen,L5,rail,GOA:ServiceJourney:3092_63145-R,False,planned,False,,,,,2026-10-10T04:52:08.771796+02:00
NSR:StopPlace:62339,Lillestrøm stasjon,2026-10-10T04:53:00+02:00,2026-10-10T04:53:00+02:00,,0.0,0,Oslo lufthavn,FLT:Line:FLY1,FLY1,FLY1,rail,FLT:ServiceJourney:34220_1402_3701_2026-10-10_B1,False,planned,False,,,,,2026-10-10T04:52:08.771796+02:00
NSR:StopPlace:62339,Lillestrøm stasjon,2026-10-10T05:13:00+02:00,2026-10-10T05:13:00+02:00,,0.0,0,Oslo lufthavn,FLT:Line:FLY1,FLY1,FLY1,rail,FLT:ServiceJourney:34220_1398_3703_2026-10-10_B1,False,planned,False,,,,,2026-10-10T04:52:08.771796+02:00
NSR:StopPlace:62339,Lillestrøm stasjon,2026-10-10T05:33:00+02:00,2026-10-10T05:33:00+02:00,,0.0,0,Oslo lufthavn,FLT:Line:FLY1,FLY1,FLY1,rail,FLT:ServiceJourney:34220_1394_3705_2026-10-10_B1,False,planned,False,,,,,2026-10-10T04:52:08.771796+02:00
NSR:StopPlace:61979,Hellvik stasjon,2026-10-10T02:59:00+02:00,2026-10-10T02:59:00+02:00,,0.0,0,Egersund,GOA:Line:59,Jærbanen,L5,rail,GOA:ServiceJourney:3092_63145-R,False,planned,False,,,,,2026-10-10T04:52:08.771796+02:00
