id,name,publicCode,transportMode,operatorName
NOR:Line:12_8318,Korgen-Røsså-Bjerkadalen,318,bus,Boreal Buss AS Helgeland
NOR:Line:12_8317,Korgen-Laiskardalen,317,bus,Boreal Buss AS Helgeland
NWY:Line:a54659a0-4839-5c3c-909b-9d9da089554e,Sognefjordekspressen,NW420,coach,Sognefjordekspressen
NOR:Line:12_8316,Korgen-Bryggfjelldal,316,bus,Boreal Buss AS Helgeland
INN:Line:206,Ringebu - Straumbu,206,bus,Ringebu Bilruter AS
INN:Line:205,Otta-Mysusæter-Spranget,205,bus,Connect bus Gudbrandsdal
INN:Line:204,Gjendesheim - Lom,204,bus,Connect bus Gudbrandsdal
INN:Line:203,Lom - Leirvassbu,203,bus,Connect bus Gudbrandsdal
INN:Line:213,Lom - Byre,213,bus,Connect bus Gudbrandsdal
ATB:Line:2_340,Trondheim - Støren,340,bus,Vy Region
INN:Line:212,Lom - Liasanden,212,bus,Connect bus Gudbrandsdal
INN:Line:211,Lom - Bismo,211,bus,Connect bus Gudbrandsdal
MOR:Line:560,Skolerute Aukra,560,bus,Boreal Buss
INN:Line:210,Bismo - Bråtå,210,bus,Connect bus Gudbrandsdal
MOR:Line:561,Aukra,561,bus,Boreal Buss
RUT:Line:5260,Bødalen - Slemmestad - Holmen - Sandvika- Ullevål,260E,bus,Vy Buss AS
NOR:Line:12_8321,Mo-Hemnesberget-Mo,321,bus,Boreal Buss AS Helgeland
SKY:Line:6,Birkelundstoppen-Lyngbø,6,bus,Tide Buss og Bane
SKY:Line:5,Sletten - Fyllingsdalen terminal,5,bus,Tide buss AS
SKY:Line:2,Bybane Fyllingsdalen,2,tram,Bybanen
SKY:Line:1,Bergen lufthavn Flesland- Lagunen - Byparken,1,tram,Bybanen
SKY:Line:4,Flaktveit - Hesjaholtet,4,bus,Tide buss AS
ATB:FlexibleLine:499629d5-be4c-59dd-a10d-bd8141e601ea,Steinkjer,AtB Bestill,bus,Trønder taxi
SKY:Line:3,Støbotn - Vadmyra,3,bus,Tide buss AS
INN:Line:202,Lom - Juvasshytta,202,bus,Connect bus Gudbrandsdal
INN:Line:201,Lom - Spiterstulen,201,bus,Connect bus Gudbrandsdal
SOF:Line:6164_69,Sløvåg-Austgulen-Oppedal,360,bus,
INN:Line:200,Lom - Sogndal,200,bus,Connect bus Gudbrandsdal
AVI:Line:DY_OSL-TRD,Oslo-Trondheim,,air,Norwegian
SOF:Line:6301_69,Øvre Årdal-Årdalstangen,831,bus,
NOR:Line:12_8336,Nesna - Nesnaøyene,18-336,water,Torghatten Nord AS
NOR:Line:12_8335,Nesna- Levang,18-335,water,Torghatten Nord AS
SKY:Line:890,Sogn-Bergen,890,water,Norled AS
NOR:Line:12_8331,Mo i Rana - Utskarpen - Tonnes - Nesna,100,bus,Boreal Buss AS Helgeland
NOR:Line:12_8338,Tomma,338,bus,Boreal Buss AS Helgeland
SOF:Line:1209_69,Balestrand-Vetlefjorden,821,bus,
KOL:Line:8_5460,560,560,water,Rødne Trafikk AS
RUT:Line:507,Elle - Dyrløkke,507,bus,Oslo Taxibuss Follo
RUT:Line:506,Dyrløkke - Sogsti - Drøbak - Frogn vgs,506,bus,Connect Bus AS
RUT:Line:505,Drøbak - Oslo,505,bus,Connect Bus AS
NOR:Line:12_8345,Onøy-Lurøy,345,bus,Boreal Buss AS Helgeland
NOR:Line:12_8344,Stokkvågen - Onøy - Sleneset - Lovund,18-344,water,Boreal Sjø AS
NOR:Line:12_8341,Mo-Tonnes,341,bus,Boreal Buss AS Helgeland
RUT:Line:500,Drøbak - Oslo,500,bus,Connect Bus AS
AVI:Line:DY_OSL-TOS,Oslo-Tromsø,,air,Norwegian
AVI:Line:WF_TOS-TOS,Tromsø-Tromsø,,air,Widerøe
ATB:FlexibleLine:faa46ffc-a729-5349-89db-dfe65019df39,Meråker S,AtB Bestill,bus,Trønder taxi
ATB:FlexibleLine:109a3fed-c12a-580f-a8c9-c95dcc48f68e,Tydal S ,AtB Bestill,bus,Trønder taxi
SKY:FlexibleLine:42448b3a-9a77-4085-a02e-3a3c29033ad1,Eidfjord - Øvre Eidfjord,Skyss Bestilling,bus,Tide Buss
SOF:Line:1517_69,Dingja-Eivindvik,361,bus,
ATB:FlexibleLine:9f9f568b-8778-5d73-995c-96ec48f71345,Nærøysund TB,AtB Bestill,bus,Trønder taxi
ATB:Line:2_310,Trondheim - Orkanger - Fannrem,310,bus,Vy Region
NOR:Line:12_8354,Mo-Røvassdalen-Langvassgrenda,354,bus,Boreal Buss AS Helgeland
ATB:Line:2_311,Stjørdal - Trondheim,311,bus,Vy Region
NOR:Line:12_8351,Snefjellåga-Altermark- Båsmo s,351,bus,Boreal Buss AS Helgeland
SKY:Line:1048,Solvorn-Ornes,1048,water,Lustrabaatane AS
SOF:Line:5665_69,Førde-Nordfjordeid,100,bus,
NWY:Line:7b2da8c5-bdc2-5d5a-b226-3e6746cf0d89,Haukelandsbussen,60,coach,Sognefjordekspressen
ATB:FlexibleLine:6e218c83-ae4f-5a6d-b057-eae8020f8bb6,Åfjord,AtB Bestill,bus,Trønder taxi
RUT:Line:521,TusenFryd - Ski stasjon,521,bus,Connect Bus AS
SOF:Line:6140_69,Laukeland-Sande,213,bus,
RUT:Line:520,Vinterbro - Ski stasjon,520,bus,Connect Bus AS
ATB:FlexibleLine:81b8f144-6f57-5ff5-9011-2b37fe7ed4c0,Steinkjer,AtB Bestill,bus,Trønder taxi
SKY:Line:1047,Manheller-. Fodnes,1047,water,Norled AS
SKY:Line:1046,Vangsnes-Hella-Dragsvik,1046,water,Norled AS
RUT:Line:527,Skotbu - Ski stasjon,527,bus,Oslo Taxibuss Follo
SKY:Line:1045,Lavik - Oppedal,1045,water,Norled AS
RUT:Line:526,Ellingsrudlia - Ski stasjon,526,bus,Oslo Taxibuss Follo
SKY:Line:1044,Lote - Anda,1044,water,Fjord1
RUT:Line:525,Kråkstad - Ski - Kråkstad,525,bus,Connect Bus AS
SKY:Line:1043,Hisarøy-Mjånes,1043,water,Wergeland - Halsvik
SKY:Line:1042,Rysjedalsvika-Rutledal-Krakhella,1042,water,Fjord1
RUT:Line:524,Ås - Vinterbro - Ski stasjon,524,bus,Oslo Taxibuss Follo
RUT:Line:523,Kjærnes - Vinterbro - Ski stasjon,523,bus,Oslo Taxibuss Follo
SKY:Line:1041,Daløy-Haldorsneset,1041,water,Gulen Skyssbåtservice AS
RUT:Line:522,Ås - Vinterbro,522,bus,Jenssen Turbuss
AKT:Line:9101,Eydehavn-Arendal-Grimstad S/N,N101,bus,Boreal Buss AS
AKT:Line:9100,Arendal-Kristiansand,N100,bus,Boreal Buss AS
ATB:FlexibleLine:532f7128-6ea5-5c64-b904-8c1b49570378,Lierne S ,AtB Bestill,bus,Trønder taxi
VIL:Line:72acc50f-f089-4cca-b917-6dead0f5d692,Hafjell Påskeekspress,,bus,Visit Lillehammer
ATB:FlexibleLine:3a31d6fe-9f69-5517-bf49-206541c7251e,Steinkjer,AtB Bestill,bus,Trønder taxi
RUT:Line:510,Bøleråsen - Ski - Ås - Drøbak,510,bus,Connect Bus AS
SOF:Line:6139_69,Rørvikfloten-Grøneng,211,bus,
MOR:Line:530,Skolerute Fræna,530,bus,Boreal Buss
MOR:Line:531,Molde-Hollingsholm-Malmeskifte,531,bus,Boreal Buss
MOR:Line:532,Molde-Elnesvågen,532,bus,Boreal Buss
MOR:Line:533,Elnesvågen-Bud-Vikan,533,bus,Boreal Buss
RUT:Line:517,Siggerud - Ski stasjon,517,bus,Oslo Taxibuss Follo
RUT:Line:516,Siggerud - Ski stasjon,516,bus,Connect Bus AS
MOR:Line:534,Elnesvågen-Farstad-Hustad,534,bus,Boreal Buss
MOR:Line:535,Skolerute Molde Boreal,535,bus,Boreal Buss
RUT:Line:515,Ski - Oslo,515,bus,Connect Bus AS
SKY:FlexibleLine:de0d902e-b6d8-49e4-bdd0-51179dde55b5,Hennebygda - Nordfjordeid,Skyss Bestilling,bus,Firda Billag
RUT:Line:511,Sætreskogen - Ski stasjon,511,bus,Oslo Taxibuss Follo
AKT:Line:9110,Jovannslia-Arendal-Stoa-Myra,N110,bus,Boreal Buss AS
ATB:FlexibleLine:5d9326ba-0f80-58b9-8c4f-4112aef36241,Levanger,AtB Bestill,bus,Trønder taxi
SKY:Line:1029,Leirvåg - Sløvåg,1029,water,Fjord1
SKY:Line:1028,Fedje - Sævrøy,1028,water,Fjord1
SKY:Line:1027,Gjermundshamn - Varaldsøy - Årsnes,1027,water,Fjord1
SKY:Line:1026,Jondal - Tørvikbygd,1026,water,Fjord1
RUT:Line:2177,Harkerud - Sørumsand - Bjørkelangen,2177,bus,Vy Buss AS
RUT:Line:540,Moss - Son - Vestby stasjon,540,bus,Connect Bus AS
RUT:Line:2175,Fjellsrud - Løken - Bjørkelangen,2175,bus,Vy Buss AS
MOR:Line:542,Elnesvågen-Hauglia,542,bus,Boreal Buss
RUT:Line:2171,Garderåsen - Bjørkelangen,2171,bus,Vy Buss AS
SKY:Line:1025,Kinsarvik - Utne,1025,water,Boreal
RUT:Line:2172,Basmo - Bråte - Løken - Fosser - Bjørkelangen,2172,bus,Vy Buss AS
SKY:Line:1024,Utne - Kvanndal,1024,water,Boreal
SKY:Line:1023,Husavik - Sandvikvåg,1023,water,Fjord1
NOR:Line:12_8300,Bodø - Misvær - Beiarn,300,bus,Nordlandsbuss AS
SKY:Line:1022,Hufthamar - Krokeide,1022,water,Fjord1
SKY:Line:1021,Våge - Halhjem,1021,water,Fjord1
SKY:Line:1020,Hatvik - Venjaneset,1020,water,Fjord1
AVI:Line:WF_BGO-BOO,Bergen-Bodø,,air,Widerøe
SKY:Line:1039,Måløy-Husevågøy-Oldeide,1039,water,Fjord1
SKY:Line:1038,Stårheim-Isane,1038,water,Fjord1
SKY:Line:1037,Barmen-Barmsund,1037,water,Vidar Hop Skyssbåtar AS
ATB:FlexibleLine:c2dd2950-a47b-583f-8f00-a269eba21170,Midtre Gauldal ,AtB Bestill,bus,Trønder taxi
SOF:Line:2708_69,Tistel-Vik,813,bus,
ATB:FlexibleLine:6f90bdb1-7a27-54e6-9bea-dd540d9afad1,Lierne,AtB Bestill,bus,Trønder taxi
ATB:Line:2_350,Trondheim - Stadsbygd - Rissa,350,bus,Vy Region
RUT:Line:532,Kaxrud -  Garder - Vestby stasjon,532,bus,Oslo Taxibuss Follo
SOF:FlexibleLine:018bd386-3585-4fea-8e2a-c92e9e637fd2,Norddalsfjorden-Florø,1022,bus,Skyss
RUT:Line:531,Hvitsten - Vestby stasjon,531,bus,Oslo Taxibuss Follo
RUT:Line:530,Pepperstad - Vestby stasjon,530,bus,Connect Bus AS
RUT:Line:2160,Rykkinn - Nationaltheatret,160E,bus,Vy Buss AS
SKY:Line:1036,Valestrandfossen - Breistein,1036,water,Osterøy Ferjeselskap AS
SKY:Line:1035,Klokkarvik - Lerøy - Bjelkarøy - Hjellestad,1035,water,Norled AS
SKY:Line:1034,Fjelberg - Sydnes - Utbjoa,1034,water,Norled AS
NOR:Line:12_8311,Mo-Korgen-Bleikvassli,311,bus,Boreal Buss AS Helgeland
SKY:Line:1033,Jektavik - Nordhuglo - Hodnanes,1033,water,Fjord1
SKY:Line:1032,Skjersholmane - Ranavik,1032,water,Fjord1
RUT:Line:536,Dyster/Eldor - Ås stasjon,536,bus,Connect Bus AS
SKY:Line:1031,Skånevik - Matre -Utåker,1031,water,Boreal
RUT:Line:535,Kroer - Ås stasjon,535,bus,Connect Bus AS
SKY:Line:1030,Langevåg - Buavåg,1030,water,Fjord1
RUT:Line:533,Randem - Vestby stasjon,533,bus,Connect Bus AS
AVI:Line:WF_TRD-BNN,Trondheim-Brønnøysund,,air,Widerøe
BRA:Line:4_6255,Hønefoss-Ask,255,bus,Vy Buss AS
BRA:Line:4_6251,Sandaker-Ask-Tyristrand,251,bus,Vy Buss AS
BRA:Line:4_6252,Sokna-Strømsoddbygda,252,bus,Vy Buss AS
RUT:Line:2148,Studsrud - Pavestad - Bråte skole,2148,bus,Vy Buss AS
BRA:Line:4_6254,Plogen-Tyristrand-Hønefoss,254,bus,Vy Buss AS
AKT:Line:178,Åseral-Evje,178,bus,L/L Setesdal Bilruter
SKY:Line:820,Sogndal-Vadheim-Førde,820,bus,Tide Sogn
VYB:Line:274,800 Göteborg-Sälen,800,coach,VY Bus4You
AKT:Line:175,Arendal-Evje,175,bus,L/L Setesdal Bilruter
ATB:FlexibleLine:4105810c-71b7-5058-a3d1-023fb7ca4a43,Nærøysund TB ,AtB Bestill,bus,Trønder taxi
AKT:Line:170,Kristiansand-Evje-Haukeli,170,bus,L/L Setesdal Bilruter
RUT:Line:2150,Sollum - Fylkesdele - Bråte skole,2150,bus,Vy Buss AS
AKT:Line:173,Iveland-Vennesla,173,bus,L/L Setesdal Bilruter
ATB:FlexibleLine:92a78ff4-b354-5925-b952-5c996e35e9ca,Grong TB,AtB Bestill,bus,Trønder taxi
SOF:Line:6751_69,Bybuss Florø søndag,251,bus,
SKY:Line:1019,Masfjordnes - Duesundøy,1019,water,Wergeland - Halsvik
SKY:Line:1018,Halhjem - Sandvikvåg,1018,water,Torghatten trafikkselskap AS
BRA:Line:4_6244,Sokna-Bårnås/Øst-Veme,244,bus,Vy Buss AS
RUT:Line:2139,Bjørkelangen skole - Smedsrud - Rud - Bjørkelangen,2139,bus,Vy Buss AS
BRA:Line:4_6241,Hønefoss-Sokna/Noresund,241,bus,Vy Buss AS
RUT:Line:2137,Harkerud - Aursmoen skole - Bjørkelangen,2137,bus,Vy Buss AS
BRA:Line:4_6242,Hønefoss-Øst-Veme,242,bus,Vy Buss AS
SOF:Line:7933_69,Sogndalsringen,802,bus,
RUT:Line:2138,Rømskog - Setskog - Bjørkelangen,2138,bus,Vy Buss AS
BRA:Line:4_6243,Hønefoss-Veienmoen/Begnamoen,243,bus,Vy Buss AS
RUT:Line:2146,Bråte skole - Sjøberg - Løken - Bjørkelangen,2146,bus,Vy Buss AS
SKY:Line:811,Fresvik-Vangsnes-Vik,811,bus,Tide Sogn
RUT:Line:2145,Halvorsrud - Bjørnebråten - Løken - Bråte skole,2145,bus,Vy Buss AS
SKY:Line:810,Sogndal-Leikanger-Vik-Voss,810,bus,Tide Sogn
AKT:Line:163,Risør-Krana,163,bus,Boreal Buss AS
RUT:Line:2142,Smedsrud - Nærby - Nes - Løken,2142,bus,Vy Buss AS
SKY:Line:813,Tistel-Vik,813,bus,Tide Sogn
RUT:Line:2143,Løken - Momoen - Ovrum - Bråte,2143,bus,Vy Buss AS
SKY:Line:812,Vik-Arnafjord,812,bus,Tide Sogn
AKT:Line:165,Vegårshei-Risør,165,bus,Boreal Buss AS
RUT:Line:2140,Bjørkelangen - Liermosen - Mokroken,2140,bus,Vy Buss AS
SKY:Line:815,Lundsvegen/Borlaug-Feios skule,815,bus,Tide Sogn
AKT:Line:166,Gjerstad-Vinterkjær,166,bus,Boreal Buss AS
RUT:Line:2141,Løken - Momoen - Ovrum - Sjøberg - Løken,2141,bus,Vy Buss AS
SKY:Line:814,Refsdal-Myrkaskog-Vik,814,bus,Tide Sogn
AKT:Line:162,Risør-Krabbesund,162,bus,Boreal Buss AS
SOF:Line:1274_69,Førde-Lavik-Rysjedalsvika,200,bus,
SKY:Line:806,Sogndal-Øvstedalen,806,bus,Tide Sogn
SKY:Line:805,Brebussen i Fjærland,805,bus,Tide Sogn
SKY:Line:808,Sogndal-Lemhyttene-Fimreite,808,bus,Tide Sogn
SKY:Line:807,Eidsgrenda-Vesterland-Hovland-Kaup sk,807,bus,Tide Sogn
SKY:Line:809,Leikanger bsk - Leikanger kai-Grindstrondi,809,bus,Tide Sogn
AKT:Line:156,Åmli-Tvedestrand,156,bus,Boreal Buss AS
RUT:Line:2135,Søndre Mangen - Haneborg skole,2135,bus,Vy Buss AS
AKT:Line:157,Åmli-Svenes,157,bus,Boreal Buss AS
RUT:Line:2133,Aursmoen skole - Finstadbru - Korsmo,2133,bus,Vy Buss AS
AKT:Line:158,Arendal-Holt-Tvedestrand,158,bus,Boreal Buss AS
SKY:Line:800,Sogndal-Lærdal-Flåm,800,bus,Tide Sogn
AKT:Line:2521,Bestilling Liknes - Knaben,252,bus,Connect Bus
RUT:Line:2134,Ulviken - Aursmoen skole - Haneborg skole,2134,bus,Vy Buss AS
AKT:Line:152,Tvedestrand-Borøy,152,bus,Boreal Buss AS
RUT:Line:2131,Finstadbru - Haneborg skole - Aursmoen skole,2131,bus,Vy Buss AS
SKY:Line:802,Sogndalsringen,802,bus,Tide Sogn
AKT:Line:153,Tvedestrand-Gjeving,153,bus,Boreal Buss AS
SKY:Line:801,Sogndal-Kaupanger,801,bus,Tide Sogn
RUT:Line:2132,Aursmoen skole - Ulviken - Haneborg skole,2132,bus,Vy Buss AS
SKY:Line:804,Fjærland-Haugen,804,bus,Tide Sogn
AKT:Line:155,Tvedestrand-Vegårshei,155,bus,Boreal Buss AS
SKY:Line:803,Fjærland-Selseng-Sogndal,803,bus,Tide Sogn
SOF:Line:1308_69,Våge sk.-Korssund-Folkestad,228,bus,
AKT:Line:150,Arendal-Tvedestrand-Risør,150,bus,Boreal Buss AS
AKT:Line:151,Tvedestrand-Staubø-Saltrød,151,bus,Boreal Buss AS
ATB:FlexibleLine:d717b6fe-8823-5eca-a2c7-39b7d626b4e3,Høylandet TB ,AtB Bestill,bus,Trønder taxi
ATB:FlexibleLine:73e26b38-19d1-5706-bb57-ccdc3aed91e8,Namsos S ,AtB Bestill,bus,Trønder taxi
AKT:Line:138,Høvåg sk-Ulvøysund-Skottevig,138,bus,Boreal Buss AS
AKT:Line:139,Lillesand-Høvåg-Kristiansand,139,bus,Boreal Buss AS
ATB:FlexibleLine:081befc3-0c16-52be-8cfc-7384dfcae40d,Namsskogan TB,AtB Bestilll,bus,Trønder taxi
AKT:Line:145,Grimstad-Rønnes,145,bus,Boreal Buss AS
AKT:Line:146,Grimstad-Rykene-Froland,146,bus,Boreal Buss AS
AKT:Line:141,Feviktoppen-Haugenes,141,bus,Boreal Buss AS
AKT:Line:140,Grimstad-Myråsen-Homborsund,140,bus,Boreal Buss AS
AVI:Line:WF_OSL-OSL,Oslo-Oslo,,air,Widerøe
ATB:FlexibleLine:6a703f7f-3f87-54b0-a79d-a92e0f276503,Osen,AtB Bestill,bus,Trønder taxi
BRA:Line:4_6215,Tyrifjord-Ask-Hønefoss,215,bus,Vy Buss AS
BRA:Line:4_6211,Hønefoss-Vik via Røyse,211,bus,Vy Buss AS
BRA:Line:4_6212,Hønefoss-Åsa-Sundvollen,212,bus,Vy Buss AS
BRA:Line:4_6213,Hønefoss-Røyse/Vik skoler,213,bus,Vy Buss AS
BRA:Line:4_6214,Hønefoss-Eikli/Dalsbråten,214,bus,Vy Buss AS
BRA:Line:4_6210,Hønefoss-Utstranda-Sollihøgda,210,bus,Vy Buss AS
NOR:Line:12_8361,Skonseng-Røvassdalen-Plurdalen,361,bus,Boreal Buss AS Helgeland
SKY:Line:864,Tørvi - Indre Hafslo,864,bus,Tide Sogn
SKY:Line:863,Skjolden-Ornes,863,bus,Tide Sogn
TRO:Line:1_263,Borkenes - Storjorda - Melåa,263,bus,Torghatten Buss Sør-Troms
SOF:Line:7886_69,Flybuss Sogndal-Haukåsen,FB58,bus,
TRO:Line:1_264,Borkenes - Kveøy,264,bus,Torghatten Buss Sør-Troms
NOR:Line:12_8365,Mo-Storforsheia-Krokstrand,300,bus,Boreal Buss AS Helgeland
AVI:Line:WF_BGO-SVG,Bergen-Stavanger,,air,Widerøe
SOF:Line:4188_69,Hillersøy-Bulandet-Værlandet,234,bus,
SKY:Line:860,Fortun-Gaupne-Sogndal,860,bus,Tide Sogn
NOR:Line:12_8363,Mo-Grønnfjelldal-Storforsheia,363,bus,Boreal Buss AS Helgeland
SKY:Line:862,Gaupne-Jostedalen,862,bus,Tide Sogn
NOR:Line:12_8362,Mo-Lappvamo,362,bus,Boreal Buss AS Helgeland
SKY:Line:861,Hafslo-Veitastrond,861,bus,Tide Sogn
TRO:Line:1_280,Harstad - Kasfjord - Nupen,280,bus,Torghatten Buss Sør-Troms
SOF:Line:7318_69,Borgundvåg-Leikanger,163,bus,
BRA:Line:4_6200,Hønefoss-Oslo,200,bus,Vy Buss AS
NOR:Line:12_8372,Kvernkroken - Sykehuset Mo,2,bus,Boreal Buss AS Helgeland
NOR:Line:12_8371,Grubbåsen - Båsmobakken/Skillevollen,1,bus,Boreal Buss AS Helgeland
SKY:Line:852,Vassbygdi-Aurland,852,bus,Tide Sogn
RUT:Line:3431,Nitteberg - Kankedalen,3431,bus,Vy Buss AS
TRO:Line:1_275,Harstad - Tennvasssen - Sørli,275,bus,Torghatten Buss Sør-Troms
NOR:Line:12_8376,Mo i Rana - Dalsgrenda - Haukn,376,bus,Boreal Buss AS Helgeland
NOR:Line:12_8375,Mo-Hammarn-Mo,375,bus,Boreal Buss AS Helgeland
TRO:Line:1_270,Harstad-Borkenes-Elda-Nupen,270,bus,Torghatten Buss Sør-Troms
SKY:Line:851,Undredal-Aurland,851,bus,Tide Sogn
NOR:Line:12_8374,Mo-Tverråneset-Mjølan,374,bus,Boreal Buss AS Helgeland
NWM:FlexibleLine:49e381c8-b3f7-4ba2-a491-14a5e09c831d,Voss-Myrkdalen,,bus,Tide Buss
NOR:Line:12_8373,Mo-Gruben-Brennåsen-Ildgruben,373,bus,Boreal Buss AS Helgeland
SKY:Line:850,Flåm-Ål-Gudvangen,850,bus,Tide Sogn
TRO:Line:1_290,Harstad - Kasfjord - Aun,290,bus,Torghatten Buss Sør-Troms
BRA:Line:4_6239,Nes-Hengslet-Rinna,239,bus,Vy Buss AS
BRA:Line:4_6233,Hønefoss-Begnamoen/Elsrud,233,bus,Vy Buss AS
BRA:Line:4_6231,Hønefoss-Halllingby/Nes,231,bus,Vy Buss AS
BRA:Line:4_6232,Hønefoss-Halllingby/Ringmoen,232,bus,Vy Buss AS
SKY:Line:841,Borlaug-Lærdal-Fodnes,841,bus,Tide Sogn
AKT:Line:199,Bestillingstransport,BESTILL,bus,Agder Taxi
AKT:Line:194,Sandøya - Borøy,194,water,Sørlandets Maritime
AKT:Line:195,Lyngør - Gjeving,195,water,Sørlandets Maritime
SKY:Line:840,Øvre Årdal-Fodnes-Lærdal-Saltkjelen,840,bus,Tide Sogn
AKT:Line:191,Byferjer Arendal,191,water,Actieselskabet Kolbjørn
AVI:Line:SK_OSL-BGO,Oslo-Bergen,,air,SAS
BRA:Line:4_6228,Haldenjordet-Hvervenmoen,228,bus,Vy Buss AS
BRA:Line:4_6222,Hønefoss-Heradsbygda,222,bus,Vy Buss AS
BRA:Line:4_6223,Schjongslund-Hønefoss-Haugsbygd,223,bus,Vy Buss AS
BRA:Line:4_6224,Hønefoss-Haug via Lisletta,224,bus,Vy Buss AS
BRA:Line:4_6225,Hønefoss-Viul,225,bus,Vy Buss AS
SOF:Line:1168_69,Førde-Vassenden-Sægrov kryss,271,bus,
BRA:Line:4_6221,Hønefoss-Jevnaker via Haug,221,bus,Vy Buss AS
SKY:Line:831,Øvre Årdal-Årdalstangen-Seim,831,bus,Tide Sogn
SKY:Line:830,Førde-Skei-Sogndal-Ø.Årdal,830,bus,Tide Sogn
SKY:Line:833,Øvre Årdal-Utladalen,833,bus,Tide Sogn
AVI:Line:DY_OSL-KRS,Oslo-Kristiansand,,air,Norwegian
SKY:Line:832,Ø.Årdal-Årdalstangen-Seimsdalen,832,bus,Tide Sogn
AVI:Line:WF_TOS-LKN,Tromsø-Leknes,,air,Widerøe
ATB:FlexibleLine:1756ba4b-7983-5575-aa2a-b407930d7976,Hitra ,AtB Bestill,bus,Trønder taxi
ATB:FlexibleLine:db7e93d0-1609-5685-bb6a-fa9f5ee24f4b,Grong TB,AtB Bestill,bus,Trønder taxi
ATB:Line:2_7324,Malm skole - Holden,7324,bus,Vy Region
ATB:Line:2_7322,Hovabakken - Malm skole,7322,bus,Vy Region
ATB:Line:2_7323,Holmvik - Malm skole,7323,bus,Vy Region
ATB:Line:2_7320,Beistad - Bartnes,7320,bus,Vy Region
ATB:Line:2_7321,Hatlinghus - Beistad skole/Vel,7321,bus,Vy Region
ATB:FlexibleLine:40c4da44-b5d0-57f8-9c51-116cafac22cf,Lierne S,AtB Bestill,bus,Trønder taxi
ATB:Line:2_7328,Strindmoen - Snåsa,7328,bus,Vy Region
ATB:Line:2_7329,Imsdalen - Snåsa,7329,bus,Vy Region
ATB:Line:2_7327,Agle - Snåsa,7327,bus,Vy Region
ATB:FlexibleLine:51373862-17f1-5f35-b562-f0ee49198d1f,Hitra ,AtB Bestill,bus,Trønder taxi
ATB:FlexibleLine:1a16da04-35a4-56dd-b683-aed4ba0c2885,Snåsa,AtB Bestill,bus,Trønder taxi
TRO:Line:1_344,Setermoen - Kistefoss,344,bus,Furuly
TRO:Line:1_345,Setermoen-Østhagen-Ø.Bardu sk,345,bus,Furuly
TRO:Line:1_342,Bardufoss - Fossbakken,342,bus,Tide Buss MT
TRO:Line:1_343,Setermoen skole - Bones,343,bus,Furuly
TRO:Line:1_340,Setermoen - Sørdalen,340,bus,Tide Buss MT
SOF:Line:2666_69,Krakhella-Hardbakke-Daløy,370,bus,
TRO:Line:1_341,Setermoen skole - Innset,341,bus,Furuly
ATB:Line:2_7313,Råde - Fagerheim,7313,bus,Vy Region
ATB:Line:2_7314,Kvam,7314,bus,Vy Region
ATB:Line:2_7311,Utgård - Binde,7311,bus,Vy Region
ATB:Line:2_7312,Binde - Egge ungdom skole,7312,bus,Vy Region
ATB:FlexibleLine:c7b749e3-4c61-5bf1-a42c-3331f2ab803e,Nærøysund TB ,AtB Bestill,bus,Trønder taxi
ATB:Line:2_7319,Beistad - Sprova,7319,bus,Vy Region
ATB:Line:2_7317,Vellamelen - Steinkjer,7317,bus,Vy Region
ATB:Line:2_7318,Beistad - Jådåren,7318,bus,Vy Region
ATB:Line:2_7315,Øvre Kvam - Steinkjer,7315,bus,Vy Region
TEL:Line:8502,Kragerø-Farsjø-Dalsfoss,502,bus,Vy Buss avd. Notodden
TRO:Line:1_359,Stonglandseidet - Rødsand,359,bus,Tide Buss MT
TEL:Line:8501,Kragerø-Fossing-Rønholt-Åby,501,bus,Vy Buss avd. Notodden
TRO:Line:1_357,Stonglandseid.-Hofsøy-Stangnes,357,bus,Tide Buss MT
TRO:Line:1_355,Finnsnes-Svanelvmoen-Vangsvik,355,bus,Tide Buss MT
TRO:Line:1_356,Vangsvik - Tranøybotn,356,bus,Tide Buss MT
TRO:Line:1_351,Finnsnes - Russevåg,351,bus,Tide Buss MT
TRO:Line:1_352,Finnsnes - Vangsvik,352,bus,Tide Buss MT
TEL:Line:8508,Kragerø VGs,508,bus,Vy Buss avd. Notodden
TEL:Line:8507,Lovisenberg-Sjåen,507,bus,Vy Buss avd. Notodden
TRO:Line:1_350,Finnsnes - Skrolsvik,350,bus,Tide Buss MT
TEL:Line:8506,Bybuss Kragerø,506,bus,Vy Buss avd. Notodden
TEL:Line:8504,Kragerø-KJølebrønd,504,bus,Vy Buss avd. Notodden
VKT:Line:1483,Hengsrud-Bjerkely-Solerød,1483,bus,Setesdal Bilruter
VKT:Line:1482,Horten-Skoppum-Kirkevold-Re,1482,bus,Setesdal Bilruter
VKT:Line:1485,Bjerkely-Revetal,1485,bus,Setesdal Bilruter
ATB:Line:2_7344,Mære skole - Risholt,7344,bus,Vy Region
ATB:FlexibleLine:78e2b333-63a0-5019-8113-948013eb6795,Grong TB,AtB Bestill,bus,Trønder taxi
VKT:Line:1484,Undrumsdal-Revetal,1484,bus,Setesdal Bilruter
ATB:Line:2_7342,Mære skole - Granheim,7342,bus,Vy Region
VKT:Line:1487,Åsgårdstrand-Borre-Adal-Granly,1487,bus,Setesdal Bilruter
ATB:Line:2_7343,Mære skole - Dalem - Reipa,7343,bus,Vy Region
VKT:Line:1486,Borre-Åsgårdstrand,1486,bus,Setesdal Bilruter
VKT:Line:1489,Borre-Skoppum-Nykirke-Horten,1489,bus,Setesdal Bilruter
ATB:Line:2_7341,Mære skole - Nesset,7341,bus,Vy Region
VKT:Line:1488,Borre-Skoppum-Nykirke-Horten,1488,bus,Setesdal Bilruter
VKT:Line:1481,Borre usk-Skoppum-Adal,1481,bus,Setesdal Bilruter
VKT:Line:1480,Røråstoppen-Solerød-Hengsrød,1480,bus,Setesdal Bilruter
ATB:FlexibleLine:59c6005a-96fc-52ae-89e5-f0ed9f1bdb17,Frosta,AtB Bestill,bus,Trønder taxi
TRO:Line:1_365,Svanelvm.-Grunnfarn-Flakstadv,365,bus,Tide Buss MT
TRO:Line:1_362,Straumsbotn - Mefjordvær,362,bus,Tide Buss MT
TRO:Line:1_360,Finnsnes - Torsken,360,bus,Tide Buss MT
VKT:Line:1494,Borre usk-Skoppum-Adal,1494,bus,Setesdal Bilruter
VKT:Line:70,Horten-Holtandalen-Skoppum,70,bus,Tide avd. Vestfold
VKT:Line:1493,Borre usk-Skoppum-Adal,1493,bus,Setesdal Bilruter
VKT:Line:71,Holtandalen,71,bus,Setesdal Bilruter
VKT:Line:1496,Rørstoppen-Solerød-Hemsenga,1496,bus,Setesdal Bilruter
VKT:Line:1495,Horten-Horten vgs,1495,bus,Setesdal Bilruter
VKT:Line:1498,Nykirke-Vikveien,1498,bus,Setesdal Bilruter
VKT:Line:1497,Lysheim-Nykirke-Vikveien,1497,bus,Setesdal Bilruter
ATB:Line:2_7330,Holsing - Breide,7330,bus,Vy Region
VKT:Line:74,Horten-Våle,74,bus,Setesdal Bilruter
VKT:Line:1490,Skavli-Evjeåsen,1490,bus,Setesdal Bilruter
VKT:Line:75,Skoppum st-Bakkenteigen,75,bus,Setesdal Bilruter
ATB:FlexibleLine:54e40ead-43b5-5f0f-8d57-e8dee8e366c1,Inderøy,AtB Bestill,bus,Trønder taxi
VKT:Line:1492,Horten-Nykirke-Hauan,1492,bus,Setesdal Bilruter
VKT:Line:1491,Borre-Skoppum-Nykirke-Horten,1491,bus,Setesdal Bilruter
RUT:Line:1671,Fjellstrand - Nesodden vgs,1671,bus,Connect Bus AS
TRO:Line:1_375,Gibostad skole - Grasmyrskogen,375,bus,Tide Buss MT
TRO:Line:1_371,Finnsnes - Grasmyrskog,371,bus,Tide Buss MT
TRO:Line:1_370,Lysnes - Mefjordvær,370,bus,Tide Buss MT
VKT:Line:1460,Tønsberg-E18-Sandefjord,1460,bus,Setesdal Bilruter
OST:Line:1_633,Moss-Sarpsborg-Halden,633,bus,Boreal
VKT:Line:23,Nykirke-Horten-Tønsberg,023,bus,Unibuss avd. Tønsberg
OST:Line:1_634,Mysen-Rakkestad-Halden,634,bus,Boreal
AVI:Line:DX_OSL-SRP,Oslo-Stord,,air,DAT
ATB:FlexibleLine:b6d7ecba-ec0a-5b2f-b834-d96feb74b878,Orkland,AtB Bestill,bus,Trønder taxi
OST:Line:1_630,Halden-Fredrikstad-Moss,630,bus,Boreal
TRO:Line:1_308,Rossfjord skole - Steinheim,308,bus,Tide Buss MT
OST:Line:1_631,Halden-Ørje,631,bus,Boreal
VKT:Line:21,Tønsberg-Skoppum-Holmestrand,021,bus,Unibuss avd. Tønsberg
OST:Line:1_632,Halden- SØ Kalnes,632,bus,Boreal
VKT:Line:22,Sundene-Verdens Ende,022,bus,Unibuss avd. Tønsberg
AKT:Line:134,Herefoss-Birkeland,134,bus,Boreal Buss AS
TRO:Line:1_307,Finnsnes-Rossfjord-Tennskjær,307,bus,Tide Buss MT
TRO:Line:1_305,Finnsnes-Bjorelvnes-Tennskjær,305,bus,Tide Buss MT
AKT:Line:130,Brekkestø-Lillesand,130,bus,Boreal Buss AS
TRO:Line:1_302,Sørreisa - Reinelv,302,bus,Tide Buss MT
TRO:Line:1_303,Sørreisa - Rabbåsen,303,bus,Bussring
TRO:Line:1_300,Finnsnes-Sørreisa-Bardufoss,300,bus,Tide Buss MT
AKT:Line:133,Birkeland-Lillesand,133,bus,Boreal Buss AS
TRO:Line:1_301,Finnsnes-Buktamoen-Bardufoss,301,bus,Tide Buss MT
ATB:FlexibleLine:f7511f3b-7941-5587-b7d4-c5f6ae8f3e04,Røyrvik TB ,AtB Bestill,bus,Trønder taxi
VKT:Line:1472,Borre usk-Åsgårdst.,1472,bus,Setesdal Bilruter
VKT:Line:1471,Tønsberg-Greveskogen,1471,bus,Setesdal Bilruter
VKT:Line:1474,Rygland-Nykirke-Borre,1474,bus,Setesdal Bilruter
VKT:Line:1473,Borre usk-Åsgårdst.,1473,bus,Setesdal Bilruter
VKT:Line:1476,Borre usk-Åsgårdst.,1476,bus,Setesdal Bilruter
VKT:Line:1475,Kjær-Borre usk,1475,bus,Setesdal Bilruter
VKT:Line:1478,Borre usk-Åsgårdst.,1478,bus,Setesdal Bilruter
VKT:Line:1477,Borre usk-Åsgårdst.,1477,bus,Setesdal Bilruter
OST:Line:1_620,Moss-Våler-Svinndal,620,bus,Vy Buss AS
TRO:Line:1_319,Øvre Moen - Bardufoss,319,bus,Tide Buss MT
VKT:Line:11,Larvik-Tønsberg,011,bus,Setesdal Bilruter
TRO:Line:1_317,Heia - Fleskmoen,317,bus,Tide Buss MT
TRO:Line:1_318,Bardufoss-Nedre Bardu-Fossmoen,318,bus,Tide Buss MT
BRA:Line:4_6292,210X,210X,bus,Vy Buss AS
TRO:Line:1_315,Bardufoss - Målsnes - Navaren,315,bus,Tide Buss MT
TRO:Line:1_316,Bardufoss-Buktamoen-Perhansan,316,bus,Tide Buss MT
TRO:Line:1_313,Øverbygd - Rostadalen,313,bus,Torghatten Buss Nord Troms
SOF:Line:1271_69,Sande-Osen-Åse-Skilbrei,213,bus,
TRO:Line:1_311,Bakkehaug - Kirkesdalen,311,bus,Torghatten Buss Nord Troms
TRO:Line:1_312,Øverbygd - Dividalen,312,bus,Torghatten Buss Nord Troms
TRO:Line:1_310,Øverbygd - Bardufoss,310,bus,Tide Buss MT
VKT:Line:1479,Bergsåsen-Skoppum-Horten,1479,bus,Setesdal Bilruter
AVI:Line:WF_TRD-SSJ,Trondheim-Sandnessjøen,,air,Widerøe
AKT:Line:3003,Slettheia - Søm,M3,bus,Boreal Buss AS
AKT:Line:3004,Hellemyr - Tømmerstø,M4,bus,Boreal Buss AS
AKT:Line:3001,Flekkerøy - Sørlandsparken,M1,bus,Boreal Buss AS
AKT:Line:3002,Voiebyen - Hånes,M2,bus,Boreal Buss AS
ATB:Line:2_7302,Veiesdal - Henning - Steinkjer,7302,bus,Vy Region
ATB:FlexibleLine:c40b2599-3d8c-51dd-ada4-b5390bb64423,Oppdal ,AtB Bestill,bus,Trønder taxi
ATB:Line:2_7303,Ogndal - Steinkjer,7303,bus,Vy Region
SOF:Line:2802_69,Sogn-Bergen,890,water,
ATB:Line:2_7301,Steinkjer - Ogndal,7301,bus,Vy Region
SKY:FlexibleLine:7cf965f8-5667-4cad-bf41-a70585291569,Mebas - 49b Dale - Boge,Skyss Bestilling,bus,Mebas
VKT:Line:40,Tønsberg-Revetal-Hof,40,bus,Tide avd. Vestfold
AKT:Line:109,Arendal-Kristiansand ekspress,100E,bus,Boreal Buss AS
VKT:Line:45,Kleiverud-Holmestrand,45,bus,Vy Buss avd. Vestfold nord
VKT:Line:46,Gullhaug-Kleiverud-Holmestrand,46,bus,Vy Buss avd. Vestfold nord
ATB:Line:2_7308,Finstad -Reitan - Binde,7308,bus,Vy Region
ATB:Line:2_7309,Grønnvika - Binde,7309,bus,Vy Region
ATB:Line:2_7306,Steinkjer - Sparbu,7306,bus,Vy Region
AKT:Line:105,Arendal-Froland,105,bus,Boreal Buss AS
VKT:Line:41,Hof-Sande,41,bus,Vy Buss avd. Vestfold nord
RUT:Line:1632,Blylaget - Alværn ungdomsskole,1632,bus,Connect Bus AS
FIN:Line:2310,AltafjordXpressen,B310,water,Boreal Sjø - hurtigbåt
RUT:Line:1631,Hellvik - Alværn ungdomsskole,1631,bus,Connect Bus AS
VKT:Line:42,Holmestrand-Gullhaug-Hof,42,bus,Vy Buss avd. Vestfold nord
ATB:Line:2_7307,Steinkjer - Gangstad,7307,bus,Vy Region
ATB:Line:2_7304,Mære - Guldbergaunet,7304,bus,Vy Region
VKT:Line:43,Hof-Eidsfoss,43,bus,Tide avd. Vestfold
AKT:Line:108,Arendal-Kristiansand direkte,100D,bus,Boreal Buss AS
VKT:Line:44,Hvittingfoss-Hof,44,bus,Tide avd. Vestfold
AVI:Line:SK_OSL-ALF,Oslo-Alta,,air,SAS
TRO:Line:1_325,Sørreisa - Skøelvdalen,325,bus,Tide Buss MT
AKT:Line:110,Jovannslia-Arendal-Stoa-Myra,110,bus,Boreal Buss AS
TRO:Line:1_322,Finnlandsmoan - Sørfjorden,322,bus,Tide Buss MT
AKT:Line:111,Sykehuset-Arendal-Solåsen,111,bus,Boreal Buss AS
TRO:Line:1_320,Brøstadbotn - Dyrøya,320,bus,Bussring
KOL:Line:8_2304,N94,N94,bus,Vy Buss AS
KOL:Line:8_2305,N95,N95,bus,Vy Buss AS
KOL:Line:8_2306,N96,N96,bus,Vy Buss AS
SOF:Line:7290_69,Måløy-Osmundsvåg,123,bus,
VKT:Line:1450,Sandefjord-E18-Tønsberg,1450,bus,Setesdal Bilruter
VKT:Line:1452,Sandefjord-E18-Tønsberg,1452,bus,Setesdal Bilruter
SOF:Line:1533_69,Mjømna-Skjerjehamn-Midtbø,362,bus,
SKY:FlexibleLine:db8326c0-25ac-4f09-ac91-366d31fb4c6e,Nordfjordeid - Navelsaker,Skyss Bestilling,bus,Firda Billag
VKT:Line:1451,Tønsberg-E18-Sandefjord,1451,bus,Setesdal Bilruter
VKT:Line:1453,Horten-Borre usk,1453,bus,Setesdal Bilruter
VKT:Line:1456,Sandefjord-E18-Tønsberg,1456,bus,Setesdal Bilruter
VKT:Line:1455,Tønsberg-Sandefjord,1455,bus,Setesdal Bilruter
OST:Line:1_600,Solli-Moss,600,bus,Nobina
AKT:Line:101,Eydehavn-Arendal-Grimstad N/S,101,bus,Boreal Buss AS
AKT:Line:102,Tromøy Øst-Arendal-Rykene,102,bus,Boreal Buss AS
AKT:Line:103,Tromøy Vest-Arendal-Hisøy,103,bus,Boreal Buss AS
TRO:Line:1_333,Sjøvegan - Lavangsnes,333,bus,Tide Buss MT
AKT:Line:100,Arendal-Kristiansand,100,bus,Boreal Buss AS
TRO:Line:1_331,Nordrollnes-Hamnvik-Årbostad,331,bus,Tide Buss MT
VKT:Line:1457,Greveskogen-Tønsberg,1457,bus,Setesdal Bilruter
TRO:Line:1_330,Sjøvegan-Hamnvik-Sørrollnes,330,bus,Tide Buss MT
KOL:Line:8_1002,2,2,bus,Connect Bus Norge
KOL:Line:8_1003,B,B,bus,Connect Bus Norge
KOL:Line:8_1004,3,3,bus,Connect Bus Norge
KOL:Line:8_1005,4,4,bus,Connect Bus Norge
KOL:Line:8_1000,1,1,bus,Connect Bus Norge
SOF:Line:1234_69,Førde-Karstad-Kråkenes,205,bus,
KOL:Line:8_1001,A,A,bus,Connect Bus Norge
FIN:Line:2330,VargsundXpressen,B330,water,Boreal Sjø - hurtigbåt
RUT:Line:444,Bestilling Gullverket - Frislet Eidsvoll,444,bus,Minibuss 24/7
RUT:Line:443,Feiring/ Minnesund - Eidsvoll,443,bus,Vy Buss AS
AVI:Line:DY_OSL-LKL,Oslo-Lakselv,,air,Norwegian
RUT:Line:442,Gullverket - Eidsvoll,442,bus,Vy Buss AS
RUT:Line:441,Eidsvoll - Årnes,441,bus,Vy Buss AS
RUT:Line:440,Fenstad/Nordkisa - Oslo lufthavn,440,bus,Vy Buss AS
RUT:Line:449,Bestilling Feiring - Minnesund - Eidsvoll,449,bus,Minibuss 24/7
RUT:Line:448,Langset - Eidsvoll via Østsidavegen,448,bus,Vy Buss AS
RUT:Line:447,Bestilling Hurdal,447,bus,Minibuss 24/7
RUT:Line:446,Hurdal - Jessheim/ Nannestad,446,bus,Vy Buss AS
RUT:Line:445,Hurdal - Eidsvoll verk,445,bus,Vy Buss AS
KOL:Line:8_1013,10,10,bus,Connect Bus Norge
ATB:Line:2_5530,Testmann - Brandsås - Testmann,5530,bus,Vy Region
AVI:Line:WF_BOO-LKN,Bodø-Leknes,,air,Widerøe
KOL:Line:8_1014,11,11,bus,Connect Bus Norge
KOL:Line:8_1015,15,15,bus,Connect Bus Norge
ATB:Line:2_5532,Bergbygda,5532,bus,Vy Region
KOL:Line:8_1016,31,31,bus,Connect Bus Norge
KOL:Line:8_1010,16,16,bus,Connect Bus Norge
SOF:Line:1120_69,Reed-Byrkjelo-Myklebust,104,bus,
AVI:Line:SK_SVG-TRD,Stavanger-Trondheim,,air,SAS
KOL:Line:8_1011,8,8,bus,Connect Bus Norge
KOL:Line:8_1012,42,42,bus,Connect Bus Norge
RUT:Line:2933,Ytre Enebakk skole,2933,bus,Vy Buss AS
RUT:Line:2931,Dalefjerdingen - Enebakk kirke,2931,bus,Vy Buss AS
FIN:Line:2320,LoppaXpressen,B320,water,Boreal Sjø - hurtigbåt
RUT:Line:2932,Ekebergdalen - Enebakk kirke,2932,bus,Vy Buss AS
ATB:Line:2_5533,Leksvik - Straumen,5533,bus,Vy Region
ATB:Line:2_5535,Rian - Vanvikan,5535,bus,Vy Region
RUT:Line:433,Servicelinje Eidsvoll - Bønsdalen,433,bus,Minibuss 24/7
RUT:Line:432,Servicelinje Finstad - Eidsvoll,432,bus,Minibuss 24/7
RUT:Line:430,Eidsvoll - Jessheim,430,bus,Vy Buss AS
ATB:FlexibleLine:7826adcb-fd75-50c0-ab52-54ada4b7359e,Snåsa,AtB Bestill,bus,Trønder taxi
KOL:Line:8_1006,5,5,bus,Connect Bus Norge
RUT:Line:437,Bestillingslinje Ullensaker,437,bus,Minibuss 24/7
KOL:Line:8_1007,6,6,bus,Connect Bus Norge
RUT:Line:436,Bestillings linje Ullensaker,436,bus,Minibuss 24/7
KOL:Line:8_1008,7,7,bus,Connect Bus Norge
KOL:Line:8_1009,14,14,bus,Connect Bus Norge
RUT:Line:434,Bestilling Ulvin - Minnesund,434,bus,Minibuss 24/7
KOL:Line:8_1024,43,43,bus,Connect Bus Norge
KOL:Line:8_1025,70,70,bus,Connect Bus Norge
KOL:Line:8_1020,38,38,bus,Connect Bus Norge
KOL:Line:8_1021,37,37,bus,Connect Bus Norge
KOL:Line:8_1022,41,41,bus,Connect Bus Norge
FLI:Line:5297ba597881347e,Oslo - Stavanger,FX650,coach,FlixBus
SOF:Line:5988_69,Måløy-Silda,192,water,
FIN:Line:2350,MåsøyXpressen,B350,water,Boreal Sjø - hurtigbåt
SOF:Line:7303_69,Måløy-Nordfjordeid-Sogndal,120,bus,
RUT:Line:465,Bestilling Skogbygda-Greni/Opaker-Seterstøa (466),465,bus,Minibuss 24/7
ATB:FlexibleLine:cc9e02a2-0885-5469-bfb0-d5c8466e247b,Melhus,AtB Bestill,bus,Trønder taxi
RUT:Line:463,Bestilling Udnes & Haga (464),463,bus,Minibuss 24/7
RUT:Line:461,Bestilling Fenstad øst/ vest (461),461,bus,Minibuss 24/7
RUT:Line:460,Herbergåsen - Kløfta,460,bus,Vy Buss AS
MOR:Line:500,Skolerute Averøy,500,bus,FRAM
MOR:Line:501,Kristiansund-Bruhagen-Ba-Kårvåg,501,bus,FRAM
MOR:Line:503,Bruhagen-Kvernes-Kårvåg,503,bus,FRAM
KOL:Line:8_1017,33,33,bus,Connect Bus Norge
KOL:Line:8_1018,34,34,bus,Connect Bus Norge
MOR:Line:504,Sandøy-Hasløya-Honningsøy,504,bus,FRAM
SKY:FlexibleLine:d3980d19-574f-4cc6-8dc2-43cc989dc823,Hjeltnes - Ulvik,Skyss Bestilling,bus,Tide Buss
MOR:Line:505,Ekkilsøy,505,bus,FRAM
KOL:Line:8_1019,36,36,bus,Connect Bus Norge
MOR:Line:506,Sveggen,506,bus,FRAM
ATB:Line:2_5552,Brekstad - Opphaug - Bjugn,5552,bus,Vy Region
MOR:Line:507,Folland-Staurneset,507,bus,FRAM
ATB:Line:2_5551,Elveng - Bjugn - Grøtan veg,5551,bus,Vy Region
ATB:Line:2_5554,Vallersund - Vasøy - Oksvoll - Bjugn,5554,bus,Vy Region
MOR:Line:509,Øvre Bådal,509,bus,FRAM
KOL:Line:8_1038,X74,X74,bus,Connect Bus Norge
KOL:Line:8_1031,X40,X40,bus,Connect Bus Norge
KOL:Line:8_1032,X50,X50,bus,Connect Bus Norge
KOL:Line:8_1030,X30,X30,bus,Connect Bus Norge
ATB:Line:2_5556,Sandstad - Nes - Bjugn,5556,bus,Vy Region
ATB:Line:2_5555,Bjugn - Oksvoll - Vallersund,5555,bus,Vy Region
ATB:Line:2_5558,Uthaug - Hårberg - Bjugn,5558,bus,Vy Region
FIN:Line:2340,Skyssbåt Rognsund,B340,water,Boreal Sjø - hurtigbåt
ATB:Line:2_5557,Brekstad - Grøtan vegkryss - Stokkslettbakken - Bjugn,5557,bus,Vy Region
RUT:Line:455,Årnes -Rånåsfoss,455,bus,Vy Buss AS
RUT:Line:453,Rånåsfoss - Årnes,453,bus,Vy Buss AS
RUT:Line:452,Auli - Årnes - Østgård - Årnes,452,bus,Vy Buss AS
RUT:Line:451,Dysterud - Årnes,451,bus,Vy Buss AS
RUT:Line:450,Årnes - Oslo lufthavn,450,bus,Vy Buss AS
AVI:Line:DY_BGO-TRD,Bergen-Trondheim,,air,Norwegian
MOR:Line:510,Molde-Eide-Averøy,510,bus,Boreal Buss
MOR:Line:511,Skolerute Eide,511,bus,Boreal Buss
SOF:Line:8857_69,Fonn-Skei,275,bus,
MOR:Line:512,Eide-Elnesvågen,512,bus,Boreal Buss
KOL:Line:8_1029,13,13,bus,Connect Bus Norge
KOL:Line:8_5400,500,500,water,Norled AS
KOL:Line:8_1042,67,67,bus,Connect Bus Norge
KOL:Line:8_1043,X31,X31,bus,Connect Bus Norge
ATB:Line:2_5505,Åsly skole - Stadsbygd  - Vikan,5505,bus,Vy Region
RUT:Line:480,Bjørkelangen - Løken - Lillestrøm,480,bus,Vy Buss AS
ATB:Line:2_5504,Hermstad - Stadsbygd,5504,bus,Vy Region
KOL:Line:8_1040,X77,X77,bus,Connect Bus Norge
ATB:Line:2_5507,Einbakk brua - Åsly skole,5507,bus,Vy Region
ATB:Line:2_5501,Fossbrua- Åsly - Flyta/Skogen,5501,bus,Vy Region
INN:Line:249,Harpefoss - Kvarvet - Ringebu,249,bus,Ringebu Bilruter AS
INN:Line:248,Fryatun - Lia - Harpefoss,248,bus,Ringebu Bilruter AS
INN:Line:247,Vinstra - Hundorp - Harpefoss,247,bus,Ringebu Bilruter AS
SOF:Line:7265_69,Rysjedalsvika-Dale-Førde,210,bus,
ATB:Line:2_5502,Rissa - Skogen - Grønningsmark,5502,bus,Vy Region
INN:Line:255,Fåvang - Vestsida - Hundorp,255,bus,Ringebu Bilruter AS
RUT:Line:485,Hemnes - Løken - Bjørkelangen,485,bus,Vy Buss AS
INN:Line:254,Vinstra - Ringebu - Tretten,254,bus,Ringebu Bilruter AS
ATB:FlexibleLine:a2311bf9-3d4d-5b8f-b41a-5e8ea6795de5,Verdal,AtB Bestill,bus,Trønder taxi
INN:Line:252,Losna - Fåvang - Ringebu,252,bus,Ringebu Bilruter AS
INN:Line:251,Brekkom - Ringebu,251,bus,Ringebu Bilruter AS
INN:Line:250,Hovde - Ringebu -Vinstra,250,bus,Ringebu Bilruter AS
KOL:Line:8_1039,X76,X76,bus,Connect Bus Norge
SJV:Line:ed44a7dd-1ef8-489a-8ded-ea6617611c66,Narvik-Stockholm,Narvik-Stockholm,rail,SJ
FIN:Line:2360,LangfjordXpressen,B360,water,Boreal Sjø - hurtigbåt
ASH:Line:1a7f5d5f-4284-4e94-9f58-7a6e503786ed,Hammerfest-Alta lufthavn,FB95,bus,Arctic Sea Hotel & Apartments
INN:Line:246,Hundorp - Ruste - Vinstra,246,bus,Ringebu Bilruter AS
INN:Line:245,Vinstra - Otta,245,bus,Ringebu Bilruter AS
INN:Line:243,Vinstra - Sødorp - Vinstra,243,bus,Ringebu Bilruter AS
INN:Line:242,Vinsstra - Ruste,242,bus,Ringebu Bilruter AS
INN:Line:241,Vinstra - Kvam - Vinstra,241,bus,Ringebu Bilruter AS
INN:Line:240,Skåbu - Vinstra,240,bus,Ringebu Bilruter AS
RUT:Line:470,(Rømskog) - Bjørkelangen - Lillestrøm,470,bus,Vy Buss AS
KOL:Line:8_5408,506,506,water,Norled AS
ATB:Line:2_5521,Åsly skole - Skaugdalen - Bergmyran,5521,bus,Vy Region
SKY:FlexibleLine:9ef2772d-b2b5-4b3a-935e-32d49ff6576e,Samnanger ytre,BE,bus,Skyss
INN:Line:229,Bjølstadmo - Leirflata,229,bus,Connect bus Gudbrandsdal
ATB:Line:2_5523,Selnes/Årlot/Åsly skole - Fevå,5523,bus,Vy Region
INN:Line:228,Øverbygd - Nedre Heidal,228,bus,Connect bus Gudbrandsdal
ATB:Line:2_5522,Råkstad - Mælan - Frengsmyra,5522,bus,Vy Region
INN:Line:227,Otta  - Tolstadåsen,227,bus,Connect bus Gudbrandsdal
INN:Line:226,Otta-E6-Nord-Sel,226,bus,Connect bus Gudbrandsdal
INN:Line:225,Heidal - Sjoa - Otta,225,bus,Connect bus Gudbrandsdal
INN:Line:235,Lesjaskog - Dovreskogen,235,bus,Lesja Bilruter AS
ATB:FlexibleLine:5351e2d9-4059-52f4-9d88-f669e80d12d3,Namsskogan TB ,AtB Bestill,bus,Trønder taxi
ATB:FlexibleLine:466930d1-49b0-5e90-9a12-1cf20fd14add,Åfjord,AtB Bestill,bus,Trønder taxi
FIN:Line:2388,RevsnesXpressen,B388,water,Boreal Sjø - hurtigbåt
KOL:Line:8_5431,520,520,water,Norled AS
KOL:Line:8_5430,528,528,water,Norled AS
RUT:Line:490,Trøgstad - Lillestrøm,490,bus,Vy Buss AS
FIN:Line:2380,SørøysundXpressen,B380,water,Boreal Sjø - hurtigbåt
INN:Line:219,Vågåmo-Sjårdalen-Otta,219,bus,Connect bus Gudbrandsdal
INN:Line:218,Vågåmo - Nordherad - Vågåmo,218,bus,Connect bus Gudbrandsdal
INN:Line:217,Vågåmo - Storviksroa - Vågåmo,217,bus,Connect bus Gudbrandsdal
INN:Line:216,Vågåmo - Skårvangen - Vågåmo,216,bus,Connect bus Gudbrandsdal
INN:Line:215,Vågåmo  - Randsverk,215,bus,Connect bus Gudbrandsdal
INN:Line:214,Lom - Nyrnes,214,bus,Connect bus Gudbrandsdal
INN:Line:224,Otta - Sjoa - Otta,224,bus,Connect bus Gudbrandsdal
INN:Line:223,Otta   - Vinstra,223,bus,Connect bus Gudbrandsdal
INN:Line:222,Otta - Dahle - Otta,222,bus,Connect bus Gudbrandsdal
INN:Line:221,Dahlelia - Otta,221,bus,Connect bus Gudbrandsdal
INN:Line:220,Otta - Lalm - Otta,220,bus,Connect bus Gudbrandsdal
SOF:Line:1255_69,Høyanger-Ortnevik-Bjordal,823,bus,
AKT:Line:1926,Skolebusser Froland og Mykland,1926,bus,Boreal Buss AS
AKT:Line:1924,Skolebusser Hisøy og Nedenes,1924,bus,Boreal Buss AS
INN:FlexibleLine:5031,Til Nord- og Sør-Trettenb,5031,taxi,Taxi for Innlandstrafikk
AKT:Line:1925,Skolebusser Froland/Blakstadh.,1925,bus,Boreal Buss AS
INN:FlexibleLine:5030,Tingberg/Tretten - Musdalen,5030,taxi,Taxi for Innlandstrafikk
INN:FlexibleLine:5033,Granrudmoen/Tingberg - Vestsia,5033,taxi,Taxi for Innlandstrafikk
SOF:Line:1312_69,Dale-Myklebust-Strand,225,bus,
INN:FlexibleLine:5032,Tingberg - Oddvang o/Båsen,5032,taxi,Taxi for Innlandstrafikk
INN:FlexibleLine:5035,Tinberg - Tetten - Nordmedlia,5035,taxi,Taxi for Innlandstrafikk
INN:FlexibleLine:5034,Sørbygda - Øyer,5034,taxi,Taxi for Innlandstrafikk
ATB:Line:2_460,Orkanger - Meldal - Berkåk,460,bus,Vy Region
ATB:FlexibleLine:8662956d-61cd-5ad0-9eec-19ef98f48446,Nærøysund S ,AtB Bestill,bus,Trønder taxi
AKT:Line:1933,Skolebusser Birkeland,1933,bus,Boreal Buss AS
AKT:Line:1934,Skolebusser Engesland/Herefoss,1934,bus,Boreal Buss AS
NOR:Line:12_8203,Skolebuss Botn-Nyjord-Sørra-Da,203,bus,Nordlandsbuss AS
MOR:Line:445,Skoleruter Sula,445,bus,Vy Buss
NOR:Line:12_8202,Brønnøysund-Sandnessjøen,704,bus,Nordlandsbuss AS
NOR:Line:12_8201,Sandsjøen-Leland - Levang,201,bus,Nordlandsbuss AS
NOR:Line:12_8200,Bodø - Ørnes - Glomfjord - Halsa,200,bus,Nordlandsbuss AS
AVI:Line:DY_OSL-BOO,Oslo-Bodø,,air,Norwegian
SKY:FlexibleLine:25d347b0-bae6-4ab7-960e-1ca4157c141e,Nordfjordeid - Hornindal,Skyss Bestilling,bus,Firda Billag
SKY:FlexibleLine:24431dd6-7d9b-4c84-9c09-617551202766,Eikelandsosen - Strandvik,Skyss Bestilling,bus,Tide Buss
SKY:FlexibleLine:3dcf3c65-5283-4e62-bb18-edbe9f07c40b,Hopland-Faleide-Stryn ,Skyss Bestilling,bus,Firda Billag
INN:FlexibleLine:5025,Lillehammer - Segalstad Bru,5025,taxi,Taxi for Innlandstrafikk
NOR:Line:12_8208,Leland-Fagervika,208,bus,Nordlandsbuss AS
NOR:Line:12_8205,Skolerute Sandnessjøen,205,bus,Nordlandsbuss AS
SOF:Line:1072_69,Eikefjord-Steindal,258,bus,
INN:FlexibleLine:5020,Fra Øverbygda Follebu,5020,taxi,Taxi for Innlandstrafikk
INN:FlexibleLine:5022,Segalstad Bru - Baksida østre,5022,taxi,Taxi for Innlandstrafikk
INN:FlexibleLine:5021,Segalstad Bru via Øverbygda,5021,taxi,Taxi for Innlandstrafikk
AKT:Line:1939,Skolebusser Lillesand og Høvåg,1939,bus,Boreal Buss AS
INN:FlexibleLine:5024,Vestre Gausdal - Segalstad Bru,5024,taxi,Taxi for Innlandstrafikk
SOF:Line:1701_69,Selje-Seljeøya,191,water,
INN:FlexibleLine:5023,Baksida Østre - Segalstad Bru,5023,taxi,Taxi for Innlandstrafikk
AKT:Line:1940,Skolebusser Eide og Holvika,1940,bus,Boreal Buss AS
AKT:Line:1945,Skolebusser Hesnes og Jappa,1945,bus,Boreal Buss AS
AKT:Line:1943,Skolebusser Landvik/Grimstad,1943,bus,Boreal Buss AS
ATB:Line:2_455,Vanvikan - Leksvik - Inderøy -,455,bus,Vy Region
NOR:Line:12_8213,Leland-Sundøy,213,bus,Nordlandsbuss AS
NOR:Line:12_8212,Hundåla-Husvika,212,bus,Boreal Buss AS Helgeland
ATB:Line:2_453,Bjugn - Lysøysundet,453,bus,Vy Region
NOR:Line:12_8211,Mosjøen - Hundåla 2026,18-211,water,Boreal Sjø AS
ATB:Line:2_451,(Krinsvatnet) - Botngård - Brekstad,451,bus,Vy Region
ATB:Line:2_452,Sandviksberget - Åfjord - Vanvikan / Trondheim,452,bus,Vy Region
SKY:FlexibleLine:a3bc8096-befb-4e93-834c-7240db62cf5f,Bryggja - Nordfjordeid,Skyss Bestilling,bus,Firda Billag
BRA:Line:4_6310,Nesbyen - Tunhovd,310,bus,Vy Buss AS
AKT:Line:1946,Skolebusser Fjære og Fevik,1946,bus,Boreal Buss AS
AKT:Line:1951,Skolebusser Flosta og Stuenes,1951,bus,Boreal Buss AS
SOF:Line:2729_69,Solvorn-Hafslo,860,bus,
AKT:Line:1950,Videreg. skolebusser Tvedestr.,1950,bus,Boreal Buss AS
SKY:Line:766,Åkra-Rosendal,766,bus,Tide Buss AS
AKT:Line:1955,Skolebusser Vegårshei,1955,bus,Boreal Buss AS
AKT:Line:1956,Skulebussar Åmli,1956,bus,Boreal Buss AS
AKT:Line:1953,Skolebusser Tvedestrand,1953,bus,Boreal Buss AS
NOR:Line:12_8225,Mosjøen-Åremma-Marka-Kjemsås,225,bus,Boreal Buss AS Helgeland
SOF:Line:1300_69,Dale-Hellevik-Sørbøvåg,221,bus,
SKY:Line:760,Odda-Årsand-Rosendal-Husnes-Sunde-Utåker,760,bus,Tide Buss AS
NOR:Line:12_8221,Eiterådal-Mosjøen,221,bus,Boreal Buss AS Helgeland
ATB:Line:2_440,Støren - Røros,440,bus,Vy Region
SKY:Line:762,Ringbuss Husnes - Kaldestad - Sunde - Valen,762,bus,Tide Buss AS
BRA:Line:4_6307,Flå-Sokna,307,bus,Vy Buss AS
INN:FlexibleLine:5003,Nordsetervegen,5003,taxi,Taxi for Innlandstrafikk
INN:FlexibleLine:5006,Saksumdal - Lillehammer,5006,taxi,Taxi for Innlandstrafikk
INN:FlexibleLine:5008,Lillehammer-Menkerud-Hinklev,5008,taxi,Taxi for Innlandstrafikk
BRA:Line:4_6303,Nesbyen-Gårnås-Svenkerud,303,bus,Vy Buss AS
BRA:Line:4_6304,Flå-Buøyni-Gaptjern-Stavn,304,bus,Vy Buss AS
INN:FlexibleLine:5009,Øyresvika - Lhmr Skysstasjon,5009,taxi,Taxi for Innlandstrafikk
NOR:Line:12_8227,Herringen-Mosjøen,227,bus,Boreal Buss AS Helgeland
BRA:Line:4_6306,Liodden-Nesbyen,306,bus,Vy Buss AS
BRA:Line:4_6301,Stavn - Nesbyen - Gol,301,bus,Vy Buss AS
BRA:Line:4_6302,Flå - Gulsvik,302,bus,Vy Buss AS
INN:FlexibleLine:5002,Bestillingsrute Sorgendal/Berg,5002,taxi,Taxi for Innlandstrafikk
INN:FlexibleLine:5001,Mosodden / Busmoen,5001,taxi,Taxi for Innlandstrafikk
AKT:Line:1962,Skolebusser Risør,1962,bus,Boreal Buss AS
AVI:Line:WF_TRD-AES,Trondheim-Ålesund,,air,Widerøe
SKY:Line:1190,Nordeide-Ortnevik-Vik,1190,water,Norled AS
AKT:Line:1966,Skolebusser Gjerstad,1966,bus,Boreal Buss AS
NOR:Line:12_8235,Majavatn,235,bus,Boreal Buss AS Helgeland
NOR:Line:12_8234,Fiplingdal-Trofors,234,bus,Boreal Buss AS Helgeland
NOR:Line:12_8231,Susendal-Hattfjelldal-Trofors-,231,bus,Boreal Buss AS Helgeland
SKY:FlexibleLine:827108d7-bd83-4f69-9847-1a71925e673d,Olden - Oldedalen,Skyss Bestilling,bus,Firda Billag
ATB:Line:2_430,Trondheim - Stjørdal - Selbu - (Tydal),430,bus,Vy Region
ATB:FlexibleLine:27eaad0c-5c93-58db-af5a-aaaba25aa62c,Stjørdal,AtB Bestill,bus,Trønder taxi
AKT:Line:1973,Skulebussar Iveland kommune,1973,bus,L/L Setesdal Bilruter
AKT:Line:1972,Vidareg. skulebussar Setesdal,1972,bus,L/L Setesdal Bilruter
AKT:Line:1977,Skulebussar Valle kommune,1977,bus,L/L Setesdal Bilruter
AKT:Line:1975,Skulebussar Bygland kommune,1975,bus,L/L Setesdal Bilruter
SOF:Line:1218_69,Sande-Viksdalen,212,bus,
MOR:Line:400,Skoleturer Ørsta Volda,400,bus,FRAM
ATB:FlexibleLine:8c1c107c-ea12-551c-9895-6a243b2f299f,Rindal ,AtB Bestill,bus,Trønder taxi
MOR:Line:401,Skoleruter Volda,401,bus,FRAM
MOR:Line:402,Skolerute Hornindal,402,bus,FRAM
AKT:Line:1970,Skulebussar Evje og Hornnes,1970,bus,L/L Setesdal Bilruter
SOF:Line:2742_69,Fortun-Gaupne-Sogndal,860,bus,
AKT:Line:1979,Skulebussar Bykle kommune,1979,bus,L/L Setesdal Bilruter
SOF:Line:7786_69,Bybuss Førde søndag,201,bus,
ATB:FlexibleLine:afd75004-82ee-53f4-99f2-77f955a5651f,Grong TB,AtB Bestill,bus,Trønder taxi
ATB:Line:2_490,Osen - Sjøåsen,490,bus,Vy Region
AKT:Line:1980,Skulebussar Åseral kommune,1980,bus,L/L Setesdal Bilruter
AKT:Line:92,Høllen - Ny-Hellesund,92,water,Fjord Shuttle AS
ATB:FlexibleLine:3409782a-1af9-5e94-85f3-5bcb7ed41030,Hitra ,AtB Bestill,bus,Trønder taxi
AKT:Line:91,Kongshavn-Randøyane,91,water,Fjord Shuttle AS
ATB:Line:2_480,(Trondheim) - Støren - Berkåk,480,bus,Vy Region
INN:Line:990,Test Kongsvinger - Lierkrysset,990,bus,Vy Buss Hedemarken/Glåmdal
MOR:Line:420,Fram Ekspress Molde-Åndalsnes,420,bus,Veøy Buss
MOR:Line:423,Åndalsnes-Isfjorden,423,bus,Veøy Buss
ATB:FlexibleLine:7d0a945d-f1ad-566a-bb76-1f36b1fef547,Inderøy ,AtB Bestill,bus,Trønder taxi
MOR:Line:424,Åndalsnes-Sogge-Frydenlund,424,bus,Veøy Buss
SKY:Line:1141,Askvoll-Fure-Værlandet,1141,water,Fjord1
SKY:Line:1140,Askvoll-Fure-Gjervik,1140,water,Fjord1
MOR:Line:428,Åfarnes - Vistdal,428,bus,Veøy Buss
MOR:Line:429,Lerheim - Rødven,429,bus,Veøy Buss
AKT:Line:9002,Voiebyen - Hånes,N2,bus,Boreal Buss AS
AKT:Line:9001,Kvadraturen-Flekkerøy,N1,bus,Boreal Buss AS
AKT:Line:3701,Liknes-Kvinlog-Fjotland-Liknes,881T,bus,ST Turservice
ATB:Line:2_470,(Trondheim) - Orkanger - Kyrks,470,bus,Vy Region
SKY:Line:799,Skuleruter Kvam,799,bus,Tide Buss AS
ATB:FlexibleLine:1de1454f-85ea-58fa-88e4-b0d16875aa70,Rindal ,AtB Bestill,bus,Trønder taxi
AKT:Line:3702,Kvineshei-Opofte-Feda-Liknes,882T,bus,ST Turservice
SKY:Line:790,Halsnøy,790,bus,Tide Buss AS
SKY:Line:791,Valen - Husnes - Halsnøy,791,bus,Tide Buss AS
AKT:Line:9004,Kvadraturen-Holte,N4,bus,Boreal Buss AS
AKT:Line:9003,Slettheia - Søm,N3,bus,Boreal Buss AS
ATB:FlexibleLine:0661f17c-44a1-53f0-993d-8b06466a507a,Indre Fosen,AtB Bestill,bus,Trønder taxi
MOR:Line:4,Langevåg - Moa - Ålesund,4,bus,Vy Buss
AKT:Line:9012,Kjos haveby - Justvik,N12,bus,Boreal Buss AS
VKT:Line:1300,Styrvoll-Helgeland-Lardal sk,1300,bus,Tide avd. Vestfold
VKT:Line:1302,Lardal sk-Helgeland-Steinsholt,1302,bus,Tide avd. Vestfold
VKT:Line:1301,Lardal sk-Helgeland-Steinsholt,1301,bus,Tide avd. Vestfold
ATB:FlexibleLine:4f623479-7aa3-5f38-9d0b-e7a39c36f9c5,Frosta,AtB Bestill,bus,Trønder taxi
MOR:Line:2,Ålesund - Lerstad - Magerholm,2,bus,Vy Buss
MOR:Line:3,Ålesund-Valderøya-Vigra,3,bus,Vy Buss
MOR:Line:1,Hessa - Myrland,1,bus,Vy Buss
SKY:Line:700,Rute 700 Stord-Haugesund,700,bus,Tide Buss AS
AVI:Line:DY_OSL-BGO,Oslo-Bergen,,air,Norwegian
VKT:Line:1304,Tvedalen-Ra usk -Sky,1304,bus,Setesdal Bilruter
VKT:Line:1303,Haga-Helgeroa-Ra-T.H.vgs,1303,bus,Setesdal Bilruter
VKT:Line:1306,Steinsholt-Lardal skole,1306,bus,Tide avd. Vestfold
VKT:Line:1305,Sky skole-Helgeroa,1305,bus,Setesdal Bilruter
VKT:Line:1308,Nevlunghavn-Ra,1308,bus,Setesdal Bilruter
VKT:Line:1307,Tvedalen-Berg skole,1307,bus,Setesdal Bilruter
VKT:Line:1309,Svarstad-Kviberg-Lardal sk,1309,bus,Tide avd. Vestfold
ATB:FlexibleLine:12c44b85-a7aa-5ce4-aec3-ddce1a76cb11,Høylandet S,AtB Bestill,bus,Trønder taxi
VKT:Line:1311,Thor H vgs-Nevlunghavn,1311,bus,Setesdal Bilruter
VKT:Line:1310,Lardal sk-Kviberg-Svarstad,1310,bus,Tide avd. Vestfold
VKT:Line:1313,Sky skole-Tvetenåsen,1313,bus,Setesdal Bilruter
VKT:Line:1312,Sky skole-Helgeroa,1312,bus,Setesdal Bilruter
ATB:FlexibleLine:f67f76d0-e30a-575f-832d-243d8eaedaac,Grong TB,AtB Bestill,bus,Trønder taxi
BRA:Line:4_6361,Gol- Grønlio,361,bus,Vy Buss AS
BRA:Line:4_6362,Hjelmen/Eikre-Trøim,362,bus,Vy Buss AS
BRA:Line:4_6363,Trøim-Grøndalen,363,bus,Vy Buss AS
RUT:Line:2265,Nesøya - Oslo bussterminal,265E,bus,Vy Buss AS
VKT:Line:1315,Kviberg-Svarstad,1315,bus,Tide avd. Vestfold
VKT:Line:1314,Sky skole-Tvetenåsen,1314,bus,Setesdal Bilruter
VKT:Line:1317,Lardal sk-Hem-Skjerven,1317,bus,Tide avd. Vestfold
VKT:Line:1316,Styrmo-Hem-Lardal sk,1316,bus,Tide avd. Vestfold
SKY:Line:1131,Kaupanger-Frønningen,1131,water,Norled AS
VKT:Line:1319,Lardal usk-Hem-Skjerven,1319,bus,Tide avd. Vestfold
VKT:Line:1318,Lardal sk-Hem-Skjerven,1318,bus,Tide avd. Vestfold
SOF:Line:1469_69,Brekke-Ynnesdal-Brekke,364,bus,
AKT:Line:9030,Kristiansand-Mosby-Vennesla,N30,bus,Boreal Buss AS
OST:Line:1_413,Åsgård-Trømborg-Mysen,413,bus,Vy Buss AS
OST:Line:1_414,Rakkestad-Mysen,414,bus,Vy Buss AS
OST:Line:1_415,Askim-Rakkestad,415,bus,Vy Buss AS
OST:Line:1_416,Rakkestad-Os,416,bus,Vy Buss AS
AVI:Line:DY_OSL-BDU,Oslo-Bardufoss,,air,Norwegian
OST:Line:1_410,Elvestad-Svikebøl,410,bus,Vy Buss AS
OST:Line:1_411,Askim-Mysen,411,bus,Vy Buss AS
OST:Line:1_412,Kroksund-Ydersbond-Mysen,412,bus,Vy Buss AS
RUT:Line:2255,Sætre - Slemmestad - Oslo bussterminal,255E,bus,Vy Buss AS
OST:Line:1_417,Østbygda-Degernes-Mysen,417,bus,Vy Buss AS
OST:Line:1_418,Ørje-Mysen,418,bus,Vy Buss AS
RUT:Line:2250,Slemmestad - Nationaltheatret,250E,bus,Vy Buss AS
SOF:Line:1113_69,Sandane ringbuss,102,bus,
AKT:Line:9036,Birkeland-Tveit-Kristiansand,N36,bus,Boreal Buss AS
AKT:Line:9045,Nattbuss Songdalen,N45,bus,Boreal Buss AS
AKT:Line:9040,Nattbuss Høllen-Årosskogen,N40,bus,Boreal Buss AS
VYG:Line:RX11,Eidsvoll-Oslo S-Skien,RX11,rail,VY
OST:Line:1_402,Skjønhaug-Havnås,402,bus,Vy Buss AS
OST:Line:1_403,Askim-Solbergfoss,403,bus,Vy Buss AS
OST:Line:1_404,Askim-Ihlen,404,bus,Vy Buss AS
ATB:FlexibleLine:f7880f9b-4fe4-5875-b3ca-176e487c9521,Osen,AtB Bestill,bus,Trønder taxi
OST:Line:1_405,Aamodt-Askim,405,bus,Vy Buss AS
OST:Line:1_400,Askim-Trøgstad,400,bus,Vy Buss AS
OST:Line:1_401,Mysen-Trøgstad,401,bus,Vy Buss AS
SKY:FlexibleLine:61eaa126-a87b-4227-8f4b-4935669142f1,Hoddevika-Leikanger-Selje,BE,bus,Firda Billag
RUT:Line:3574,Stokker-Borgen -Nybakk-Jessheim,3574,bus,Vy Buss AS
SOF:Line:5060_69,Høyanger-Nessane,820,bus,
RUT:Line:3575,Nannestad - Krokfoss - Jessheim,3575,bus,Vy Buss AS
OST:Line:1_406,Lund-Askim,406,bus,Vy Buss AS
OST:Line:1_407,Askim-Spydeberg-Askim,407,bus,Vy Buss AS
OST:Line:1_408,Askim-Spydeberg-Svikebøl,408,bus,Vy Buss AS
RUT:Line:3571,Veståsen - Ask - Kløfta - Jessheim,3571,bus,Vy Buss AS
OST:Line:1_409,Askim-Spydeberg,409,bus,Vy Buss AS
SOF:Line:1693_69,Gåsvær-Midtre Solund-Hardbakke,394,water,
OST:Line:1_471,Fra Rakkestad,471,bus,Vy Buss AS
OST:Line:1_472,Skoler Rakkestad,472,bus,Vy Buss AS
OST:Line:1_473,Skoleruter Rakkestad,473,bus,Vy Buss AS
OST:Line:1_474,Marker skole,474,bus,Boreal
BRA:Line:4_6336,Ål - Vats - Bergsjø,336,bus,Vy Buss AS
BRA:Line:4_6337,Ål - Torpo,337,bus,Vy Buss AS
BRA:Line:4_6338,Ål-Liagardane,338,bus,Vy Buss AS
OST:Line:1_470,Skolerute Rakkestad,470,bus,Vy Buss AS
BRA:Line:4_6339,Ål - Kvinnegardslia,339,bus,Vy Buss AS
VYG:Line:RX20,Oslo S-Halden-Göteborg,RX20,rail,VY
BRA:Line:4_6332,Flå-Gol-Geilo,332,bus,Vy Buss AS
BRA:Line:4_6333,Geilo - Dagali,333,bus,Vy Buss AS
BRA:Line:4_6334,Geilo - Ustaoset - Haugastøl,334,bus,Vy Buss AS
OST:Line:1_475,Marker skole,475,bus,Vy Buss AS
OST:Line:1_476,Askim vgs.,476,bus,Vy Buss AS
BRA:Line:4_6330,Gol-Geilo,330,bus,Vy Buss AS
OST:Line:1_477,Mysen vgs.,477,bus,Vy Buss AS
BRA:Line:4_6331,Hagafoss-Myrland-Geiteryggen,331,bus,Vy Buss AS
SKY:Line:743,Venjaneset-Strandvik,743,bus,Tide Buss AS
MOR:Line:482,Åndalsnes - Vestnes,482,bus,FRAM
SKY:Line:745,StussvikHovda - Nortveitgrend - Kilen,745,bus,Tide Buss AS
MOR:Line:483,Åndalsnes - Bjorli,483,bus,Veøy Buss
SKY:Line:744,Tveita-Gjon-Holdhus,744,bus,Tide Buss AS
SKY:Line:749,Øystese-Norheimsund-Mundheim,749,bus,Tide Buss AS
MOR:Line:487,Skålasenteret - Kortgarden,487,bus,Veøy Buss
SOF:Line:4981_69,Mannheller-Fodnes,1047,water,
ATB:Line:2_422,(Sunde) - Sandstad - Sistranda,422,bus,Vy Region
NOR:Line:12_8245,Åkervik-Hattfjelldal,245,bus,Boreal Buss AS Helgeland
ATB:Line:2_420,Trondheim - Orkanger - Hitra - Frøya,420,bus,Vy Region
NOR:Line:12_8244,Varntresk-Hattfjelldal,244,bus,Boreal Buss AS Helgeland
NOR:Line:12_8243,Gardsmark-Elsvatten-Hattfjelld,243,bus,Boreal Buss AS Helgeland
ATB:Line:2_421,Orkanger - Lensvik - Valset,421,bus,Vy Region
AVI:Line:SK_OSL-AES,Oslo-Ålesund,,air,SAS
TRO:Line:1_380,Finnsnes - Botnhamn - Husøy,380,bus,Tide Buss MT
SKY:Line:741,Arna - Midtun - Fusa,741,bus,Tide Buss AS
SKY:Line:740,Bergen-Eikelandsosen-Gjermundshamn,740,bus,Tide Buss AS
NOR:Line:12_8241,Unkervatn-Hattfjelldal,241,bus,Boreal Buss AS Helgeland
SKY:FlexibleLine:ff666904-84ec-42d2-b2a6-7493c599a8d5,Stryn - Hjelledalen,Skyss Bestilling,bus,Firda Billag
OST:Line:1_460,Hærland skole,460,bus,Vy Buss AS
OST:Line:1_461,Tenor skole,461,bus,Vy Buss AS
VKT:Line:93,Svelvik-Sande,93,bus,Tide avd. Vestfold
OST:Line:1_462,Kirkefjerdingen skole,462,bus,Vy Buss AS
VKT:Line:94,Sande-Holmestrand,94,bus,Tide avd. Vestfold
OST:Line:1_463,Trømborg skole,463,bus,Vy Buss AS
VKT:Line:95,Kjeldås-Sande,95,bus,Tide avd. Vestfold
ATB:Line:2_7111,Stallvika - Rørvik,7111,bus,Vy Region
ATB:Line:2_7110,Devika - Røyrvik,7110,bus,Vy Region
BRA:Line:4_6321,Gol - Åsgardan,321,bus,Vy Buss AS
OST:Line:1_468,Skjønhaug-Båstad,468,bus,Vy Buss AS
OST:Line:1_469,Trøgstad undomsskole-Båstad,469,bus,Vy Buss AS
OST:Line:1_464,Mysen ungdomsskole,464,bus,Vy Buss AS
VKT:Line:96,Drammen-Skoger-Sande,96,bus,Tide avd. Vestfold
VKT:Line:97,Sande-Sjølshagen-Skoger,97,bus,Vy Buss avd. Vestfold nord
OST:Line:1_465,Skolerute,465,bus,Vy Buss AS
SKY:FlexibleLine:637ccd2e-1860-4951-915c-21d65244f2c7,Øystese - Norheimsund,Skyss Bestilling,bus,Tide Buss
RUT:Line:3545,Son mot klokka,545B,bus,Connect Bus AS
VKT:Line:98,Kjeldås-Skoger-Sande,98,bus,Tide avd. Vestfold
OST:Line:1_466,Skolerute Skjønhaug,466,bus,Vy Buss AS
BRA:Line:4_6320,Gol-Rotneim-Gol st,320,bus,Vy Buss AS
RUT:Line:2215,Kolsås - Sandvika,215B,bus,Vy Buss AS
OST:Line:1_467,Havnås skole,467,bus,Vy Buss AS
MOR:Line:490,Skolerute Rauma,490,bus,Veøy Buss
MOR:Line:491,Skolerute Vestnes,491,bus,Veøy Buss
MOR:Line:492,Skolerute Skåla,492,bus,Veøy Buss
INN:FlexibleLine:5070,Evenhaugen - Forset,5070,taxi,Taxi for Innlandstrafikk
SOF:Line:3469_69,Anda-Lote,1044,water,
NOR:Line:12_8257,Mosjøen-Granmoen-Jomfruremma,257,bus,Boreal Buss AS Helgeland
NOR:Line:12_8255,Dalmoen-Fagernes-Elsfjord skol,255,bus,Boreal Buss AS Helgeland
ATB:Line:2_410,Trondheim - Orkanger - (Fannrem) via fv. 800,410,bus,Vy Region
NOR:Line:12_8253,Mosjøen-Granmoen-Drevvatn-Elsf,253,bus,Boreal Buss AS Helgeland
SOF:Line:8968_69,Torheim-Nordfjordeid,152,bus,
NOR:Line:12_8252,Hatten-Drevja-Mosjøen,252,bus,Boreal Buss AS Helgeland
OST:Line:1_450,Vestgård og Kirkelund skoler,450,bus,Vy Buss AS
OST:Line:1_451,Kirkelund-Vestgård skoler,451,bus,Vy Buss AS
OST:Line:1_452,Ringvoll skole,452,bus,Vy Buss AS
INN:Line:906,Femund II,FEMUND,water,Fæmund II
INN:Line:904,Gjøvik Skibladnerbrygga - Gjøv,SKIBLADN,water,Skibladner
OST:Line:1_457,Askim stasjon,457,bus,Vy Buss AS
OST:Line:1_458,Askim ungdomsskole,458,bus,Vy Buss AS
RUT:Line:3538,Nordkisa -  Jessheim - Nannestad,3538,bus,Vy Buss AS
OST:Line:1_459,Steinerskolen Askim,459,bus,Vy Buss AS
INN:Line:901,Gjendesheim - Gjendebu,GJENDE,water,Gjendebåten AS
INN:Line:900,Tangen-Horn,ELROND,water,Randsfjordferja
OST:Line:1_453,Knapstad barne og ungdomsskole,453,bus,Vy Buss AS
OST:Line:1_454,Spydeberg skole,454,bus,Vy Buss AS
OST:Line:1_455,Spydeberg-Spydeberg U.skole,455,bus,Vy Buss AS
RUT:Line:3534,Stokker - Løkendalen,3534,bus,Vy Buss AS
RUT:Line:3535,Østli - Mogreina,3535,bus,Vy Buss AS
OST:Line:1_456,Spydeberg U.skole-Spydeberg sk,456,bus,Vy Buss AS
NOR:Line:12_8262,Mosjøen-Olderskog,262,bus,Boreal Buss AS Helgeland
NOR:Line:12_8261,Mosjøen-Åsbyen,261,bus,Boreal Buss AS Helgeland
VYB:Line:176,200 Kalmar - Arlanda,200,coach,VY Bus4You
RUT:Line:2210,Slalåmveien -Mølledammen- Sandvika,210B,bus,Vy Buss AS
BRA:Line:4_6360,Gol - Tuv,360,bus,Vy Buss AS
SOF:Line:1482_69,Bremanger-Oldeide-Berle,265,bus,
AVI:Line:WF_HAA-TOS,Hasvik-Tromsø,,air,Widerøe
SKY:Line:725,Odda - Skare - Tveit - Røldal,725,bus,Tide Buss AS
INN:FlexibleLine:5060,Lhmr-Øverbygda-Svingvoll,5060,taxi,Taxi for Innlandstrafikk
ATB:FlexibleLine:0628d766-cee9-5508-81bd-3df3c38c76e4,Åfjord,AtB Bestill,bus,Trønder taxi
SOF:Line:6121_69,Hauge-Berle,265,bus,
NOR:Line:12_8267,Mosjøen-Kullstadlia,267,bus,Boreal Buss AS Helgeland
SAM:Line:9011012080600000,Ø Helsingborg - Malmö - København,,rail,
BRA:Line:4_6343,Ål - Votndalen,343,bus,Vy Buss AS
INN:FlexibleLine:5040,Gausdal Arena - Svatsum øvre,5040,taxi,Taxi for Innlandstrafikk
ATB:FlexibleLine:f7810699-56cc-58fd-9ce2-e5ea7b0a267c,Steinkjer,AtB Bestill,bus,Trønder taxi
ATB:FlexibleLine:94358ff6-e2a9-5a75-8610-2b9981492d13,Rindal ,AtB Bestill,bus,Trønder taxi
RUT:Line:3532,Gystadmaraka - Hauerseter - Nordkisa,3532,bus,Vy Buss AS
RUT:Line:3533,Lundsletta - Borgen - Jessheim,3533,bus,Vy Buss AS
RUT:Line:3531,Ekornrud - Algarheim,3531,bus,Vy Buss AS
ATB:Line:2_7203,Straumen - Grande - Røra,7203,bus,Vy Region
ATB:Line:2_7204,Steinkjer - Røra - Inderøy,7204,bus,Vy Region
ATB:Line:2_7201,Inderøy - Verdal,7201,bus,Vy Region
ATB:Line:2_7202,Straumen - (Flaget) - Røra,7202,bus,Vy Region
ATB:FlexibleLine:6e9368d4-b238-51e9-8460-c7e00909e64d,Ørland,AtB Bestill,bus,Trønder taxi
SKY:FlexibleLine:a3a1c1e4-86fa-4b80-96bd-41f9bb14feaf,Ostereidet - Øvre Helland,Skyss Bestilling,bus,Mebas
ATB:Line:2_7209,Kjesbu - Oppvekstsenter vest,7209,bus,Vy Region
SOF:Line:6169_69,Skei-Myklebust,273,bus,
VKT:Line:1380,Lardal uskole-Steinsholt,1380,bus,Setesdal Bilruter
ATB:Line:2_7207,Straumen - Grønnesby - Steinkj,7207,bus,Vy Region
ATB:Line:2_7208,Trøakorsen > Vist > Oppvekstsenter Vest,7208,bus,Vy Region
ATB:Line:2_7205,Oksål > Vist > Akset,7205,bus,Vy Region
ATB:Line:2_7206,Gangstad - Straumen,7206,bus,Vy Region
TRO:Line:1_467,Lyngseidet - Koppang,467,bus,Torghatten Buss Nord Troms
TRO:Line:1_468,Eidebakken-Polleidet-Sandvika,468,bus,Torghatten Buss Nord Troms
TRO:Line:1_465,Lyngseidet-Lenangen-Russelv,465,bus,Torghatten Buss Nord Troms
TRO:Line:1_466,Eidebakken skole-Jægervatn,466,bus,Torghatten Buss Nord Troms
AVI:Line:WF_TRD-RVK,Trondheim-Rørvik,,air,Widerøe
TRO:Line:1_463,Hatteng sk.-Skibotn,463,bus,Torghatten Buss Nord Troms
TRO:Line:1_464,Skibotn sk-Apaja-Helligskogen,464,bus,Torghatten Buss Nord Troms
TRO:Line:1_461,Hatteng-Oteren-Tverrd-Rasteby,461,bus,Torghatten Buss Nord Troms
TRO:Line:1_462,Hatteng-Kitdalen-Signaldalen,462,bus,Torghatten Buss Nord Troms
TRO:Line:1_460,Nordkjosbotn-Oteren-Lyngseidet,460,bus,Torghatten Buss Nord Troms
SKY:FlexibleLine:e25d7e5b-098c-4488-8c69-28d29fc0da52,Honningsvåg-Leikanger-Selje,BE,bus,Firda Billag
SKY:FlexibleLine:f7d49e2a-2ab5-4b80-9564-c23f2652051f,Måløy sentrum- Kulatoppen omsorgssenter,Skyss Bestilling,bus,Firda Billag
ATB:FlexibleLine:3cf530c0-52a4-5a0c-8550-3e9b32a372c8,Heim ,AtB Bestill,bus,Trønder taxi
SOF:Line:7300_69,Stryn-Storesunde-Flo,112,bus,
VKT:Line:1391,Rødbøl-Hedrum usk,1391,bus,Setesdal Bilruter
SOF:Line:6170_69,Vassenden-Sægrov,271,bus,
ATB:FlexibleLine:1e226232-5dfe-5232-923a-1b819eb3bbc9,Holtålen TB ,AtB Bestill,bus,Trønder taxi
TRO:Line:1_475,Lauksundskaret-Årviksand,475,bus,Torghatten Buss Nord Troms
SOF:Line:8878_69,Flybuss Førde-Bringeland,FB59,bus,
TRO:Line:1_470,Olderdalen-Manndalen-Løkvoll,470,bus,Torghatten Buss Nord Troms
AVI:Line:WF_TOS-VDS,Tromsø-Vadsø,,air,Widerøe
TRO:Line:1_471,Manndalen sk. -Birtavarre,471,bus,Torghatten Buss Nord Troms
VKT:Line:1362,Sundet-Holm-Kvelde skole,1362,bus,Setesdal Bilruter
VKT:Line:1361,Tangen-Åsrum-Hedrum skole-Thvg,1361,bus,Setesdal Bilruter
VKT:Line:1364,Hedrum usk-Mørk-Sundet,1364,bus,Setesdal Bilruter
VKT:Line:1363,Hedrum-Mørk-Tangen,1363,bus,Setesdal Bilruter
VKT:Line:1366,Åsrum-Hedrum skole-Thor H.vgs,1366,bus,Setesdal Bilruter
VKT:Line:1365,Kvelde-Sundet-Bommestad,1365,bus,Setesdal Bilruter
VKT:Line:1368,Ono-Larvik,1368,bus,Setesdal Bilruter
VKT:Line:1367,Vestmarka-Hedrum skole,1367,bus,Tide avd. Vestfold
OST:Line:264_111,Grensependel,111,bus,Vy Buss AB
RUT:Line:3500,Drøbak - Oslo (natt- og morgenbuss),500N,bus,Connect Bus AS
ATB:FlexibleLine:1f5788fc-5e09-52d2-8570-7d29d0de8dc0,Steinkjer,AtB Bestill,bus,Trønder taxi
TRO:Line:1_489,Oksfjord sk-Oks.v-Oksf.dalen,489,bus,Torghatten Buss Nord Troms
TRO:Line:1_488,Storslett-Burfjord,488,bus,Torghatten Buss Nord Troms
ATB:FlexibleLine:87eeb13a-5a3a-52b3-95a4-4a6b1862531c,Orkland,AtB Bestill,bus,Trønder taxi
TRO:Line:1_486,Storslett-Storn-Indre Storvik,486,bus,Torghatten Buss Nord Troms
VKT:Line:1369,Rødbøl-Hedrum usk,1369,bus,Setesdal Bilruter
TRO:Line:1_481,Rotsundelv skole-Hamneidet,481,bus,Torghatten Buss Nord Troms
TRO:Line:1_482,Storslett-Kildal-Samueldalen,482,bus,Torghatten Buss Nord Troms
TRO:Line:1_480,Storslett - Reisadalen,480,bus,Torghatten Buss Nord Troms
VKT:Line:1373,Skjerven-Hem-Lardal,1373,bus,Setesdal Bilruter
VKT:Line:1372,Kvelde-Steinsholt,1372,bus,Setesdal Bilruter
ATB:FlexibleLine:25f42974-a9c8-5193-8543-79a651dbb636,Selbu TB,AtB Bestill,bus,Trønder taxi
VKT:Line:1375,Styrmo-Hem-Skjerven,1375,bus,Setesdal Bilruter
ATB:Line:2_7212,Sandvollan skole,7212,bus,Vy Region
SOF:Line:6043_69,Sogndal-Skei,830,bus,
VKT:Line:1374,Styrmo-Hem-Skjerven,1374,bus,Setesdal Bilruter
ATB:Line:2_7210,Mosvik > Straumen,7210,bus,Vy Region
VKT:Line:1377,Svarstad-Kroken-Lie,1377,bus,Setesdal Bilruter
ATB:Line:2_7211,Vist > Oppveksts. Vest> Innherred kristne skole,7211,bus,Vy Region
VKT:Line:1376,Lie-Kroken-Svarstad,1376,bus,Setesdal Bilruter
VKT:Line:1379,Lardal uskole-Kviberg,1379,bus,Setesdal Bilruter
VKT:Line:1378,Styrmo-Hem-Skjerven,1378,bus,Setesdal Bilruter
VKT:Line:1371,Hedrum-Ono snuplass,1371,bus,Setesdal Bilruter
VKT:Line:1370,Bommestad-Ono snuplass,1370,bus,Setesdal Bilruter
ATB:FlexibleLine:54456078-2175-5f4a-a377-d9d88cc65c3d,Ørland,AtB Bestill,bus,Trønder taxi
SJV:Line:0ff9f2b9-fbe5-4761-8a29-8813be35efaa,Stockholm-Narvik (-Luleå),,rail,SJ
TRO:Line:1_495,Burfjord-Alteidet-Jøkelfjord,495,bus,Torghatten Buss Nord Troms
TRO:Line:1_493,Burfjord-Kilenga-Utheim,493,bus,Torghatten Buss Nord Troms
TRO:Line:1_490,Burfjord-Kjækan-Naviteidet,490,bus,Torghatten Buss Nord Troms
VKT:Line:1340,Kvelde sk-Farrisbygda,1340,bus,Tide avd. Vestfold
OST:Line:1_2,Fredrikstad rv.22  Sarpsborg ny,2,bus,Nobina
OST:Line:1_5,Langøya-Begby,5,bus,Nobina
KOL:Line:8_3502,SK6026,SK6026,bus,Vy Buss AS
VKT:Line:1342,Rien-Hvarnes-Kvelde,1342,bus,Setesdal Bilruter
OST:Line:1_4,Fredrikstad - Kalnes,4,bus,Nobina
KOL:Line:8_3501,SK6011,SK6011,bus,Vy Buss AS
VKT:Line:1341,Kvelde-Farrisbygda,1341,bus,Tide avd. Vestfold
OST:Line:1_7,Moum-Ambjørnrød,7,bus,Nobina
VKT:Line:1344,Farrisbygda-Hedrum-Rødbøl,1344,bus,Tide avd. Vestfold
ATB:FlexibleLine:610ab3d7-4ec1-52d6-9d45-4fc4e455951b,Indre Fosen,AtB Bestill,bus,Trønder taxi
VKT:Line:1343,Hvarnes-Kvelde skole,1343,bus,Setesdal Bilruter
OST:Line:1_9,Timekspress linje 9,9,bus,Vy Buss AS
VKT:Line:1346,Hedrum-Bjerke-Kvelde,1346,bus,Tide avd. Vestfold
OST:Line:1_8,Øra-Rekustad,8,bus,Nobina
VKT:Line:1345,Hedrum-Bjerke-Kvelde,1345,bus,Tide avd. Vestfold
SKY:FlexibleLine:74c0c50c-c457-40a0-8d64-259b6ac419cb,Måløy område,Skyss Bestilling,bus,Firda Billag
SOF:Line:2229_69,Askvoll-Gjervik-Fure-Askvoll,1140,water,
TRO:Line:1_429,Tromsø-Trondjord-Kårvik,429,bus,Tide Tromsø
OST:Line:1_1,Glomma vest,1,bus,Nobina
TRO:Line:1_428,Tromsø - Kvaløyvågen,428,bus,Tide Tromsø
TRO:Line:1_425,Tromvik-Ersfjord-Tromsø,425,bus,Tide Tromsø
TRO:Line:1_426,Tromsø-Skulsfjord-Vengsøy,426,bus,Tide Tromsø
TRO:Line:1_421,Håkøya - Kvaløysletta terminal,421,bus,Tide Tromsø
TRO:Line:1_422,Brensholmen-Kattfjord-Eide,422,bus,Tide Tromsø
VKT:Line:1348,Kongshaugen-Haukerød,1348,bus,Tide avd. Vestfold
TRO:Line:1_420,Tromsø-Straumsbukta-Sommarøy,420,bus,Tide Tromsø
VKT:Line:1347,Thor H.vgs-Kvelde,1347,bus,Setesdal Bilruter
VKT:Line:1349,Svarstad-Kviberg,1349,bus,Setesdal Bilruter
VKT:Line:1351,Svarstad-Brufoss-Kviberg,1351,bus,Setesdal Bilruter
VKT:Line:1350,Svarstad-Kviberg,1350,bus,Setesdal Bilruter
ATB:FlexibleLine:b3a3d4ec-9d8e-5cf3-b66c-529527dd6094,Indre Fosen,AtB Bestill,bus,Trønder taxi
VKT:Line:1353,Gjonekrysset-Lysebo-Kvelde,1353,bus,Setesdal Bilruter
VKT:Line:1352,Lysebo-Hedrum-Rødbøl,1352,bus,Setesdal Bilruter
VKT:Line:1355,Hedrum-Bjerke-Kvelde,1355,bus,Setesdal Bilruter
VKT:Line:1354,Kvelde-Farrisbygda,1354,bus,Setesdal Bilruter
VKT:Line:1357,Kvelde-Farrisbygda,1357,bus,Setesdal Bilruter
VKT:Line:1356,Hedrum-Bjerke-Kvelde,1356,bus,Setesdal Bilruter
ATB:FlexibleLine:c2ccbb3e-c305-59e7-847e-f4382b125494,Steinkjer,AtB Bestill,bus,Trønder taxi
TRO:Line:1_435,Hansnes-Dåfjord-Skogsfjord,435,bus,Tide Tromsø
SOF:Line:6145_69,Øvre Årdal-Utladalen,833,bus,
BOR:Line:bebd859f-87fd-4ea9-be5b-fcb067c15907,Flybussen Stavanger lufthavn-Fiskepiren,FB40,bus,Boreal Norge
KOL:Line:8_3508,SK0613,SK0613,bus,Vy Buss AS
TRO:Line:1_430,Tromsø - Skulgam - Hansnes,430,bus,Tide Tromsø
VKT:Line:1359,Kvelde skole-Farrisbygda,1359,bus,Setesdal Bilruter
KOL:Line:8_3507,SK4926,SK4926,bus,Vy Buss AS
VKT:Line:1358,Åsrum-Hedrum skole-Thor H.vgs,1358,bus,Tide avd. Vestfold
AVI:Line:WF_BOO-MQN,Bodø-Mo i Rana,,air,Widerøe
KOL:Line:8_3504,SK6028,SK6028,bus,Vy Buss AS
KOL:Line:8_3503,SK6027,SK6027,bus,Vy Buss AS
KOL:Line:8_3505,SK6029,SK6029,bus,Vy Buss AS
VKT:Line:1320,Svarstad-Kviberg-Svarstad,1320,bus,Tide avd. Vestfold
VKT:Line:1324,Hvarnes sk-Rimstadmoen,1324,bus,Tide avd. Vestfold
VKT:Line:1323,Rien-Rimstad-Hvarnes sk,1323,bus,Tide avd. Vestfold
SOF:Line:1352_69,Hardbakke-Krakhella,370,bus,
AVI:Line:DY_OSL-KKN,Oslo-Kirkenes,,air,Norwegian
TRO:Line:1_445,Reinøy,445,bus,Tide Tromsø
VKT:Line:1326,Svarstad-Steinsholt,1326,bus,Setesdal Bilruter
VKT:Line:1325,Styrvoll-Brekka-Svarstad,1325,bus,Setesdal Bilruter
SOF:Line:6157_69,Hyen-Ommedal-Mjellem-Dalheim,101,bus,
VKT:Line:1328,Hvarnes-Kvelde skole,1328,bus,Tide avd. Vestfold
TRO:Line:1_440,Vannøy,440,bus,Tide Tromsø
SOF:Line:2230_69,Askvoll-Fure-Værlandet,1141,water,
AVI:Line:WF_ANX-TOS,Andenes-Tromsø,,air,Widerøe
ATB:Line:2_5475,Soknedal - Heggvoll - (Hage),5475,bus,Vy Region
ATB:Line:2_5474,Frøsetfeltet - Støren Barneskole,5474,bus,Vy Region
VKT:Line:1331,Kverken-Sundet-Kvelde sk,1331,bus,Tide avd. Vestfold
ATB:Line:2_5476,Soknedal - Holte - Eggen,5476,bus,Vy Region
VKT:Line:1330,Tyge-Gåserud-Svarstad,1330,bus,Setesdal Bilruter
ATB:Line:2_5471,Støren - Singsås - Almås/Wolde,5471,bus,Vy Region
VKT:Line:1333,Kvelde sk-Sundet-Kverken,1333,bus,Tide avd. Vestfold
VKT:Line:1332,Kvelde sk-Sundet-Kverken,1332,bus,Tide avd. Vestfold
ATB:Line:2_5473,Støren - Soknedal - Vagnild - Holte,5473,bus,Vy Region
VKT:Line:1335,Lardal skole-Svarstad,214,bus,Setesdal Bilruter
ATB:Line:2_5472,Kotsøy/Støren - Enodd Budalen,5472,bus,Vy Region
VKT:Line:1334,Kvelde sk-Sundet-Kverken,1334,bus,Tide avd. Vestfold
AVI:Line:WF_VDS-VAW,Vadsø-Vardø,,air,Widerøe
VKT:Line:1337,Bjerke-Farrisbygda-Kvelde,1337,bus,Tide avd. Vestfold
INN:Line:182,Tynset - Røros,182,bus,Connect Bus Østerdalen
TRO:Line:1_450,Tromsø - Oldervik,450,bus,Tide Tromsø
VKT:Line:1339,Larvik-Ra uskole,1339,bus,Setesdal Bilruter
INN:Line:181,Tynset - Alvdal - Folldal,181,bus,Connect Bus Østerdalen
VKT:Line:1338,Kvelde sk-Farrisbygda,1338,bus,Tide avd. Vestfold
INN:Line:180,Koppang - Rendalen - Tynset,180,bus,Connect Bus Østerdalen
FIN:Line:6814,Lakselv - Veidnesklubben,FLEKS814,bus,Børselv Taxi
FIN:Line:6815,Fleks Honningsvåg - Gjesvær,FLEKS815,bus,Boreal Buss
FIN:Line:6816,Fleks Mehamn - Skjånes,FLEKS816,bus,Tide Buss AS
FIN:Line:6817,Fleks Saraby - Kvalsund,FLEKS817,bus,Hammerfest Taxihus
FIN:Line:6811,Kjøllefjord - Ifjord - Lakselv,FLEKS811,bus,Tide Buss AS
FIN:Line:6812,Fleks Havøysund - Olderfjord,FLEKS812,bus,Tide Buss AS
FIN:Line:6813,Fleks Kjøllefjord - Mehamn,FLEKS813,bus,Tide Buss AS
TEL:Line:8462,Rørholt-Rønholt,462,bus,Vy Buss avd. Notodden
TEL:Line:8461,Rønholt-Valle-Grasmyr,461,bus,Vy Buss avd. Notodden
TEL:Line:8460,Feset-Valle-Åby,460,bus,Vy Buss avd. Notodden
RUT:Line:565,Myklerud - Nesoddtangen,565,bus,Connect Bus AS
TEL:Line:8459,Kragerø-Stathelle-Porsgrunn,459,bus,Vy Buss avd. Notodden
ATB:FlexibleLine:4980d537-0568-5f37-8db4-236082916a9a,Tydal S ,AtB Bestill,bus,Trønder taxi
AVI:Line:SK_TRD-TOS,Trondheim-Tromsø,,air,SAS
RUT:Line:561,Drøbak - Nesoddtangen,561,bus,Connect Bus AS
RUT:Line:560,Blylaget - Nesoddtangen,560,bus,Connect Bus AS
ATB:FlexibleLine:569dbc3d-8dc2-50dc-8d8c-08ef646749a5,Oppdal ,AtB Bestill,bus,Trønder taxi
FIN:Line:6803,Fleks Kautokeino - Karasjok,FLEKS803,bus,Connect Bus Nord AS
FIN:Line:6804,Myrnes - Nuvsvåg - Tverrfjord,FLEKS804,bus,Gunnar Tore Olsen
INN:FlexibleLine:2035,Heidal-Randsverk-Veodalen,2035,taxi,Taxi for Innlandstrafikk
FIN:Line:6801,Hasvik - Sørvær,FLEKS801,bus,Boreal Buss
SOF:Line:6745_69,Florø-Norddalsfjord,254,bus,
ATB:FlexibleLine:b3b61b62-e9c9-56d7-bb2b-c501150e824f,Steinkjer BY adresse til adresse,Steinkjer,bus,Vy Buss
INN:FlexibleLine:2030,Otta - Sjoa - Otta,2030,taxi,Taxi for Innlandstrafikk
INN:FlexibleLine:2031,Heidal - Otta,2031,taxi,Taxi for Innlandstrafikk
INN:FlexibleLine:2032,Otta-Høvringen,2032,taxi,Taxi for Innlandstrafikk
SOF:Line:1303_69,Skor-Hyllestad-Rysjedalsvika,224,bus,
ATB:FlexibleLine:c06d5cc1-b204-5a19-a38f-142f4b2e4ff0,Meråker S,AtB Bestill,bus,Trønder taxi
RUT:Line:551,Dalefjerdingen - Enebakk kirke,551,bus,Oslo Taxibuss Follo
RUT:Line:550,Enebakk - Oslo,550,bus,Vy Buss AS
TEL:Line:8463,Grasmyr-Findal,S1,bus,Vy Buss avd. Notodden
ATB:FlexibleLine:6f2c202a-7f14-55d7-8800-fd26ffbb27ff,Steinkjer,AtB Bestill,bus,Trønder taxi
INN:FlexibleLine:2022,Vågåmo - Nordherad - Vågåmo,2022,taxi,Taxi for Innlandstrafikk
INN:FlexibleLine:2023,Vågåmo -Sjårdalen,2023,taxi,Taxi for Innlandstrafikk
FIN:Line:6832,Fleks Brannsletta - Bugøynes,FLEKS832,bus,Boreal Buss
FIN:Line:6833,Fleks neiden,FLEKS833,bus,Neiden Taxi
FIN:Line:6834,Fleks Kirkenes - Vaggetem,FLEKS834,bus,Boreal Buss
FIN:Line:6830,Fleks Båtsfjord - Varangerbotn,FLEKS830,bus,Boreal Buss
FIN:Line:6831,Fleks Gednje kryss - Berlevåg,FLEKS831,bus,Boreal Buss
TRO:Line:1_407,Storst.nes-Nordkjosbt-Laksvatn,407,bus,Tide Buss MT
INN:FlexibleLine:2020,Vågåmo - Skårvangen - Vågåmo,2020,taxi,Taxi for Innlandstrafikk
TRO:Line:1_408,Storsteinnes-Storb-Øverli-Nymo,408,bus,Tide Buss MT
INN:FlexibleLine:2021,Vågåmo - Storrviksroe,2021,taxi,Taxi for Innlandstrafikk
TRO:Line:1_405,Storsteinnes-Furudalen-Hamnvåg,405,bus,Tide Buss MT
SOF:Line:3044_69,Stavestrand kryss-Gjelsvik,233,bus,
TRO:Line:1_403,Storsteinnes-Tennes-Middagsbkt,403,bus,Tide Buss MT
RUT:Line:585,Kolbotn - Svartskog,585,bus,Connect Bus AS
TRO:Line:1_404,Storsteinnes-Nordfjordbt-Kj.v,404,bus,Tide Buss MT
TRO:Line:1_401,Storsteinnes-Vikran-Straumsb.,401,bus,Tide Tromsø
TRO:Line:1_402,Sletta-Malangse-Fjellb.-Sand,402,bus,Tide Tromsø
RUT:Line:580,Kolbotn - Ski,580,bus,Connect Bus AS
TRO:Line:1_400,Larseng-Vikran-Malangseidet,400,bus,Tide Tromsø
INN:Line:150,Engerdal - Trysil - E,150,bus,Connect Bus Østerdalen
AVI:Line:WF_BOO-MJF,Bodø-Mosjøen,,air,Widerøe
SOF:Line:1526_69,Eidsbotn-Furenes-Brandanger,361,bus,
ATB:Line:2_4101,Nattbuss Trondheim - Orkanger,4101,bus,Vy Region
INN:Line:139,Fagernes - Gol,139,bus,Connect bus Valdres
SOF:Line:1149_69,Svelgen-Sande-Sagebø,261,bus,
INN:Line:138,Fagernes - Tyinkrysset,138,bus,Connect bus Valdres
INN:Line:137,Fagernes-Beitostølen,137,bus,Connect bus Valdres
RUT:Line:576,Fagerstrand - Drøbak,576,bus,Connect Bus AS
RUT:Line:575,Fagerstrand - Nesoddtangen,575,bus,Connect Bus AS
ATB:FlexibleLine:5e55b328-d918-56f2-bbfa-e7eb627b1f23,Ørland,AtB Bestill,bus,Trønder taxi
TRO:Line:1_415,Tromsø-Hov-Sjursnes-Stordals,415,bus,Torghatten Buss Nord Troms
INN:Line:144,Bjorli - Otta,144,bus,Lesja Bilruter AS
TRO:Line:1_412,Tromsø-Olavsvern-Ramfj.-Laksv.,412,bus,Torghatten Buss Nord Troms
INN:Line:143,Otta - Bismo,143,bus,Connect bus Gudbrandsdal
TRO:Line:1_413,SKR.Tromstun-Reinen-O.V-Hundb-Lauksletta,413,bus,Tide Tromsø
INN:Line:142,Lillehammer - Otta - Bismo,142,bus,Connect bus Gudbrandsdal
TRO:Line:1_410,Laksvatn-Jøvik-Fornes,410,bus,Torghatten Buss Nord Troms
INN:Line:141,Lillehammer - Øyer - Tretten,141,bus,Connect bus Lillehammer
RUT:Line:570,Vinterbro - Nesoddtangen,570,bus,Connect Bus AS
TRO:Line:1_411,Laksvatn-Seljelvn-Gover-Laksv.,411,bus,Torghatten Buss Nord Troms
INN:Line:140,Lillehammer - Seg Bru -Forset,140,bus,Connect bus Lillehammer
ATB:FlexibleLine:6df00222-fb1c-5062-ab8d-2ac1e7e06a8c,Heim ,AtB Bestill,bus,Trønder taxi
AVI:Line:DY_OSL-SVG,Oslo-Stavanger,,air,Norwegian
INN:FlexibleLine:2000,Bismo - Sota,2000,taxi,Taxi for Innlandstrafikk
BOR:Line:a3637806-4cb8-405d-94e3-6468fdd3e518,Sortland-Evenes NY ,FB81,bus,Boreal Norge
INN:Line:126,Dokka-Hov-Brandbu-Oslo,126,bus,Connect bus Hadeland
INN:Line:135,Tynset - Trondheim,135,bus,Connect Bus Østerdalen
AKT:Line:36,Birkeland-Tveit-Kristiansand,36,bus,Boreal Buss AS
SOF:Line:2733_69,Gaupne-Jostedalen,862,bus,
INN:Line:121,Eidsvoll - Sand,121,bus,Vy Buss Hedemarken/Glåmdal
INN:Line:120,Kongsvinger - Charlottenberg,120,bus,Vy Buss Hedemarken/Glåmdal
MOR:Line:1072,Halsa-Kanestraum,1072,water,Fjord1
MOR:Line:1071,Folkestad - Volda,1071,water,Norled ferje
MOR:Line:1070,Molde-Vestnes,1070,water,Boreal Sjø
ATB:Line:2_5400,Røros - Glåmos - Brekken,5400,bus,Vy Region
ATB:Line:2_5406,Røros - Synnervika,5406,bus,Vy Region
ATB:Line:2_5402,Glåmos - Viken,5402,bus,Vy Region
SOF:Line:2745_69,Sogndal-Øvre Årdal,830,bus,
ATB:Line:2_5401,Røros - Galåen - Røros,5401,bus,Vy Region
ATB:FlexibleLine:42ffd1f1-8505-5e34-bea6-daaf7aedd2af,Verdal,AtB Bestill,bus,Trønder taxi
ATB:Line:2_5404,Haltdalen - Ålen - Røros,5404,bus,Vy Region
INN:Line:105,Kongsvinger - Elverum - Hamar,105,bus,Vy Buss Hedemarken/Glåmdal
ATB:Line:2_5403,Ålen - Graftås - Nesvold,5403,bus,Vy Region
MOR:Line:1066,Larsnes -Åram-Voksa-Kvamsøya,1066,water,Norled ferje
INN:Line:113,Toso-Jevnaker-Hønefoss,113,bus,Connect bus Hadeland
MOR:Line:1065,Lauvstad-Volda,1065,water,Norled ferje
INN:Line:112,Brandbu-Gran-Harestua,112,bus,Connect bus Hadeland
MOR:Line:1064,Edøya-Sandvika,1064,water,Fjord1
MOR:Line:1063,Seivika-Tømmervåg,1063,water,Fjord1
INN:Line:111,Lillehammer-Dokka,111,bus,AS Torpa Bilruter
ATB:FlexibleLine:2d67a528-5245-5382-8402-40d4065ab47e,Heim ,AtB Bestill,bus,Trønder taxi
INN:Line:110,Gjøvik - Dokka - Fagernes,110,bus,Connect bus Valdres
MOR:Line:1069,Festøya-Solavågen,1069,water,Norled ferje
MOR:Line:1068,Hareid - Sulesund,1068,water,Fjord1
MOR:Line:1067,Koparneset-Årvika,1067,water,Norled ferje
SOF:Line:7298_69,Førde-Stryn,110,bus,
MOR:Line:1062,Arasvika-Hennset,1062,water,Fjord1
MOR:Line:1061,Kvanne-Rykkjem,1061,water,Fjord1
MOR:Line:1060,Sølsnes-Åfarnes,1060,water,Fjord1
MOR:Line:1049,Festøya-Hundeidvika,1049,water,Fjord1
INN:Line:103,Lillehammer-Gjøvik-Hønefoss,103,bus,Vy Buss Gjøvik
MOR:Line:1055,Magerholm-Sykkylven,1055,water,Fjord1
INN:Line:102,Gjøvik - Biri - Lillehammer,102,bus,Vy Buss Gjøvik
AVI:Line:WF_BGO-AES,Bergen-Ålesund,,air,Widerøe
MOR:Line:1054,Eidsdal-Linge,1054,water,Fjord1
MOR:Line:1053,Liabygda-Stranda,1053,water,Fjord1
INN:Line:100,Elverum - Hamar - Gjøvik,100,bus,Vy Buss Hedemarken/Glåmdal
ATB:FlexibleLine:6fa1f7d8-811c-5827-8715-04c858da3d6e,Verdal,AtB Bestill,bus,Trønder taxi
MOR:Line:1059,Aukra-Hollingsholmen,1059,water,Fjord1
AVI:Line:SK_SVG-BGO,Stavanger-Bergen,,air,SAS
MOR:Line:1058,Solholmen-Mordalsvågen,1058,water,Fjord1
BAR:Line:e128cc9f-279e-455a-8ac9-319ee9f78397,Arctic Route Tromsø - Svolvær / Svolvær - Tromsø,930,coach,Bussring
MOR:Line:1056,Brattvåg-Dryna,1056,water,Torghatten Nord
MOR:Line:1051,Småge-Finnøya-Sandøya-Ona,1051,water,Torghatten Nord
MOR:Line:1050,Molde-Sekken,1050,water,Fjord1
KOL:Line:8_3026,224,224,bus,Vy Buss AS
KOL:Line:8_3029,226,226,bus,Vy Buss AS
ATB:Line:2_109,Nattbuss Bjørndalen/Kattem/Lun,109,bus,Vy
KOL:Line:8_3022,221,221,bus,Vy Buss AS
KOL:Line:8_3025,223,223,bus,Vy Buss AS
NOR:Line:12_8558,Holkestad-Bogøy-Leinesfjord,558,bus,Nordlandsbuss AS
ATB:Line:2_107,Nattbuss Reppe/Vikåsen/Fortuna,107,bus,Vy
ATB:Line:2_108,Nattbuss Stavset,108,bus,Tide Buss
NOR:Line:12_8557,Nordskott-Leinesfjord,557,bus,Nordlandsbuss AS
OST:Line:1_33,Tistedal-Vold skog,33,bus,Boreal
OST:Line:1_34,Remmen-Sykehuset,34,bus,Boreal
OST:Line:1_32,Brekkerød-Stenrød,32,bus,Boreal
OST:Line:1_35,Næridsrød - Tistedal,35,bus,Boreal
INN:Line:445,Lena-Kjølsethsvea-Skreia usk,445,bus,Vy Buss Gjøvik
VYG:Line:F4,Oslo S-Bergen,F4,rail,Vy
INN:Line:455,Gran-Moen-Brandbu,455,bus,Connect bus Hadeland
INN:Line:454,Brandbu-Hennung,454,bus,Connect bus Hadeland
INN:Line:453,Brandbu-Grymyr-Jevnaker,453,bus,Connect bus Hadeland
INN:Line:452,Gran-Lunner-Olimb-Jevnaker,452,bus,Connect bus Hadeland
INN:Line:451,Gran-Lunner-Grindvoll-Jevnaker,451,bus,Connect bus Hadeland
MOR:Line:320,Larsnes-Gjerdsvika-Stoksund,320,bus,FRAM
INN:Line:450,Jevnaker-Bjoneroa-Dokka,450,bus,Connect bus Hadeland
VYG:Line:F1,Oslo S-Kongsvinger--Charlottenberg-Karlstad-Stockholm,F1,rail,Vy Tåg
MOR:Line:321,Sandsøy-Voksa,321,bus,FRAM
ATB:Line:2_105,Nattbuss Buenget,105,bus,Tide Buss
ATB:Line:2_106,Nattbuss Lade/Værestrøa,106,bus,Tide Buss
ATB:Line:2_103,Nattbuss Kroppanmarka/Sjetnema,103,bus,Tide Buss
ATB:Line:2_104,Nattbuss Kolstad/Heimstad,104,bus,Tide Buss
NOR:Line:12_8563,Innhavet-Finnøy,563,bus,Nordlandsbuss AS
ATB:Line:2_101,Nattbuss Byåsen/Flatåsen,101,bus,Tide Buss
ATB:Line:2_102,Nattbuss Valentinlyst/Jakobsli,102,bus,Tide Buss
NOR:Line:12_8561,Tømmernes-Innhavet-Oppeid,561,bus,Nordlandsbuss AS
NOR:Line:12_8560,Engeløya-Bogøy-Leinesfjord,560,bus,Nordlandsbuss AS
KOL:Line:8_3034,231,231,bus,Vy Buss AS
OST:Line:1_40,Askim sentrum nord,40,bus,Vy Buss AS
OST:Line:1_41,Bybuss Askim sentrum nord,41,bus,Vy Buss AS
ATB:FlexibleLine:c5bf0413-9a6b-520f-97c0-a35d8547cc28,Meråker TB ,AtB Bestill,bus,Trønder taxi
AVI:Line:WF_TOS-ALF,Tromsø-Alta,,air,Widerøe
OST:Line:1_42,Bybuss Askim sentrum syd,42,bus,Vy Buss AS
INN:Line:439,Børsvoll-Blilie-Kolbu-Lena,439,bus,Vy Buss Gjøvik
INN:Line:438,Fjellh.-Lena-Bøverbru-Raufos,438,bus,Vy Buss Gjøvik
INN:Line:436,Eina-Børsvoll-Raufoss,436,bus,Vy Buss Gjøvik
INN:Line:435,Skjærdalen-Reinsvoll-Raufoss,435,bus,Vy Buss Gjøvik
INN:Line:444,Haugkrysset-Nordli skole-Lena,444,bus,Vy Buss Gjøvik
INN:Line:443,Skreia-Kapp-Lena,443,bus,Vy Buss Gjøvik
INN:Line:442,Kapp-Landh.-Rauf.-Eriksr.-Lena,442,bus,Vy Buss Gjøvik
INN:Line:441,Eina-Kolbu-Lindholm-Lena,441,bus,Vy Buss Gjøvik
MOR:Line:330,Fosnavåg - Hareid,330,bus,FRAM
INN:Line:440,Skreia-Kapp-Raufoss,440,bus,Vy Buss Gjøvik
MOR:Line:331,Fosnavåg-Rermøy-Runde,331,bus,FRAM
MOR:Line:332,Nerlandsøya-Eggesbønes,332,bus,FRAM
MOR:Line:333,Fosnavåg-Torvik-Sande,333,bus,FRAM
MOR:Line:334,Leikong-Jøsok-Voldnes,334,bus,FRAM
NOR:Line:12_8578,Presteid-Buvåg,578,bus,Nordlandsbuss AS
SAM:Line:9011012080400000,Ø Göteborg - Halmstad - Helsingborg - Malmö - Købe,,rail,
NOR:Line:12_8576,Presteid-Tranøy,576,bus,Nordlandsbuss AS
MOR:Line:338,Volda-Ørsta-Garnes-Hareid,338,bus,FRAM
NOR:Line:12_8573,Oppeid-Ulvsvåg-Korsnes,573,bus,Nordlandsbuss AS
NOR:Line:12_8572,Ulvsvåg-Skutvik,572,bus,Nordlandsbuss AS
KOL:Line:8_3049,243,243,bus,Vy Buss AS
KOL:Line:8_3048,242,242,bus,Vy Buss AS
KOL:Line:8_3047,241,241,bus,Vy Buss AS
SKY:Line:300E,Knarvik-Bergen ekspress,300E,bus,Vy AS
ATB:Line:2_7904,Øyheim - Grong,7904,bus,Vy Region
OST:Line:1_12,Sandbakken - Kalnes,12,bus,Nobina
ATB:Line:2_7905,Værem - Grong,7905,bus,Vy Region
ATB:Line:2_7902,Sandmo - OBUS - Øysletta,7902,bus,Vy Region
ATB:Line:2_7903,Solem - Klabbdal - OBUS,7903,bus,Vy Region
OST:Line:1_10,Vikerkilen-Fredrikstad,10,bus,Nobina
INN:Line:426,Gjøvik-Grande skole-Vardal usk,426,bus,Vy Buss Gjøvik
ATB:Line:2_7901,Solstad - OBUS - Hunn skole,7901,bus,Vy Region
INN:Line:425,Gjøvik-Landåsen,425,bus,Vy Buss Gjøvik
INN:Line:424,Gjøvik-Nordenga,424,bus,Vy Buss Gjøvik
OST:Line:1_13,Kalnes - Blessom,13,bus,Nobina
SOF:Line:1186_69,Storehaug-Osen bru,210,bus,
OST:Line:1_14,Rekustadåsen - Hevingen - Ise,14,bus,Nobina
INN:Line:423,Gjøvik-Koll-Stokke-Gjøvik,423,bus,Vy Buss Gjøvik
NOR:Line:12_8581,Drag-Kjøpsvik,18-581,water,Fjord1 AS
AVI:Line:WF_ALF-VDS,Alta-Vadsø,,air,Widerøe
MOR:Line:340,Ørsta-Volda,340,bus,FRAM
MOR:Line:341,Volda-Sjukehuset-Bratteberg,341,bus,FRAM
ATB:Line:2_7908,Høylandet - Grong,7908,bus,Vy Region
MOR:Line:342,Ørsta-Mosmarka-Vallabøen-Ørsta,342,bus,FRAM
ATB:Line:2_7906,Snåsa - Hammer,7906,bus,Vy Region
ATB:FlexibleLine:91856c3e-8201-5316-bb09-9a418a95cef4,Rindal,AtB Bestill,bus,Trønder taxi
NOR:Line:12_8585,Tysfjord,18-585,water,Charter i Nord AS
NOR:Line:12_8583,Hellandsberg-Drag-Kvanvatnet,583,bus,Nordlandsbuss AS
KOL:Line:8_3052,246,246,bus,Vy Buss AS
OST:Line:1_22,Skredderåsen-Kambo,22,bus,Vy Buss AS
INN:Line:419,Gjøvik-Åndalskrysset,419,bus,Vy Buss Gjøvik
KOL:Line:8_3051,245,245,bus,Vy Buss AS
OST:Line:1_23,Sykehuset-Mosseporten,23,bus,Vy Buss AS
INN:Line:418,Biri-Klomsteinroa-Biri,418,bus,Snertingdal Auto AS
OST:Line:1_20,Refsnes,20,bus,Vy Buss AS
INN:Line:417,Redalen-Biri,417,bus,Snertingdal Auto AS
OST:Line:1_21,Ryggeveien-Øreåsen,21,bus,Vy Buss AS
INN:Line:416,Gjøvik-Biri Øverbygd-Gjøvik,416,bus,Snertingdal Auto AS
INN:Line:415,Snertingdal sk-Forbrukslaget,415,bus,Snertingdal Auto AS
INN:Line:414,Snertingdal-Gjøvik,414,bus,Snertingdal Auto AS
KOL:Line:8_3050,244,244,bus,Vy Buss AS
OST:Line:1_24,Varnaveien-Øreåsen,24,bus,Vy Buss AS
INN:Line:413,Forbrukslaget-Øvre veg-Gjøvik,413,bus,Snertingdal Auto AS
INN:Line:412,Nysætra-Snertingdal-Gjøvik,412,bus,Snertingdal Auto AS
INN:Line:422,Lena/Raufoss/Gjøvik - Dokka,422,bus,Vy Buss Gjøvik
INN:Line:421,Gjøvik-Sørbyen-Nordbyen,421,bus,Vy Buss Gjøvik
MOR:Line:351,Nordfjordeid-Volda,351,bus,FRAM
SKY:FlexibleLine:7f2d7f22-8315-4f2e-bee2-234d7397eec7,Nordfjordeid - Bryggja,Skyss Bestilling,bus,Firda Billag
NOR:Line:12_8518,Mjønes-Naurstad-Tverlandet,518,bus,Nordlandsbuss AS
BOR:Line:4bb1c2e9-5ea9-4a84-94a3-4da785962c40,Flybussen Stavanger-Sola via SUS,FB40,bus,Boreal Norge
INN:Line:409,Vingrom -Biri,409,bus,Snertingdal Auto AS
VYX:Line:283,Skibuss,Skibuss,bus,Vy Buss
INN:Line:406,Gjø.-Reinsv.-Eina-Reinsv.-Gjø.,406,bus,Vy Buss Gjøvik
VYX:Line:284,Vinjerock,VY875,coach,Vy Buss
INN:Line:405,Gjøvik-Bøverbru-Reins.-Raufoss,405,bus,Vy Buss Gjøvik
INN:Line:404,Møllerhagen-Lund-Landh.-Gjøvik,404,bus,Vy Buss Gjøvik
INN:Line:403,Gjøvik-Raufoss-Reinsvoll-Lena,403,bus,Vy Buss Gjøvik
INN:Line:402,Gjøvik-Kapp-Lena u.skole,402,bus,Vy Buss Gjøvik
KOL:Line:8_3061,252,252,bus,Vy Buss AS
KOL:Line:8_3060,251,251,bus,Vy Buss AS
INN:Line:401,Fjellhaug-Skreia-Gjøvik,401,bus,Vy Buss Gjøvik
INN:Line:411,Kjerringelv-Snertingdal-Gjøvik,411,bus,Snertingdal Auto AS
INN:Line:410,Gjøvik - Snertingdal,410,bus,Snertingdal Auto AS
ATB:FlexibleLine:c230296d-2af7-54da-9994-32a974e8ab4d,Leka S,AtB Bestill,bus,Trønder taxi
ATB:FlexibleLine:8a816a56-7757-5c7b-b41c-6da356db0ebb,Stjørdal,AtB Bestill,bus,Trønder taxi
NOR:Line:12_8520,Tuv-Hongdal-Børelv,520,bus,Nordlandsbuss AS
NOR:Line:12_8528,Vatnet-Tverlandet,528,bus,Nordlandsbuss AS
KOL:Line:8_3078,150,150,bus,Tide Buss AS
NOR:Line:12_8526,Tverlandet-Saltstraumen,526,bus,Nordlandsbuss AS
ATB:FlexibleLine:4dee5d30-aea8-59c6-baf9-48e0adb71ff0,Nærøysund TB ,AtB Bestill,bus,Trønder taxi
KOL:Line:8_6100,100,100,bus,Boreal Buss AS
KOL:Line:8_3074,260,260,bus,Vy Buss AS
KOL:Line:8_3073,152,152,bus,Tide Buss AS
KOL:Line:8_6101,101,101,bus,Boreal Buss AS
KOL:Line:8_3070,SK6025,SK6025,bus,Vy Buss AS
VYX:Line:270,Color line stadion,VY892,bus,Vy Buss
KOL:Line:8_3071,151,151,bus,Tide Buss AS
INN:Line:400,Fjellhaug-Skreia-Kapp-Gjøvik,400,bus,Vy Buss Gjøvik
VYX:Line:279,Tyin-Eidsbugarden,8600,coach,Vy Buss
SOF:Line:1416_69,Lundøy-Haldorsnes kai-Nåra,372,bus,
NOR:Line:12_8539,Bodø-Væran,18-539,water,Norled AS
SOF:Line:6174_69,Førde-Vassenden,272,bus,
NOR:Line:12_8538,Festvåg - Misten,18-538,water,Torghatten Nord AS
ATB:FlexibleLine:9f22e1c1-9a6b-5829-9a3d-92eef8784fdc,Steinkjer,AtB Bestill,bus,Trønder taxi
KOL:Line:8_3084,240,240,bus,Vy Buss AS
KOL:Line:8_3083,206,206,bus,Vy Buss AS
RUT:Line:300,Blystadlia - Ahus - Oslo bussterminal,300,bus,Nobina AS
VYG:Line:L4,Bergen-Arna,L4,rail,Vy
VYG:Line:L2,Stabekk-Oslo S-Ski,L2,rail,VY
MOR:Line:301,Bakkebyruta i Ulsteinvik,301,bus,FRAM
MOR:Line:302,Hareid-Brandal,302,bus,FRAM
MOR:Line:303,Hareid-Hjørungavåg,303,bus,FRAM
MOR:Line:304,Hareid-Snipsøyrdal,304,bus,FRAM
VYG:Line:L1,Spikkestad-Oslo S-Lillestrøm,L1,rail,VY
NOR:Line:12_8542,Kobbvatnet-Elvkroken-Leirfjord,542,bus,Nordlandsbuss AS
NOR:Line:12_8541,Ytre Styrkesnes-Leirfjord-Elvk,541,bus,Nordlandsbuss AS
MOR:Line:305,Ulsteinvik-Flø,305,bus,FRAM
MOR:Line:306,Ulsteinvik-Dimna,306,bus,FRAM
MOR:Line:307,Skolerute Herøy,307,bus,FRAM
MOR:Line:308,Skoleruter Ulstein,308,bus,FRAM
MOR:Line:309,Skolerute Sunnmøre sør lukka,309,bus,FRAM
KOL:Line:8_6122,122,122,bus,Boreal Buss AS
KOL:Line:8_6120,120,120,bus,Boreal Buss AS
KOL:Line:8_6121,121,121,bus,Boreal Buss AS
VKT:Line:5130,Natt Tønsberg-Stokke,N130,bus,Unibuss avd. Tønsberg
MOR:Line:310,Åheim-Årvik-Garnes-Hareid,310,bus,FRAM
NOR:Line:12_8556,Nordfold-Skjelvareid-Tømmernes,556,bus,Nordlandsbuss AS
ATB:Line:2_116,Trondheim- Hommelvik- Stjørdal,116,bus,Vy
NOR:Line:12_8555,Alvenes-Nordfold-Leinesfjord,555,bus,Nordlandsbuss AS
RUT:Line:3250,Nationaltheatretl - Sandvika- Slemmestad- Sætre,250N,bus,Vy Buss AS
ATB:Line:2_114,Nattbuss Sentrum - Spongdal,114,bus,Vy
NOR:Line:12_8554,Laukvik-Nordfold,554,bus,Nordlandsbuss AS
ATB:Line:2_115,Nattbuss Othilienborg/Risvolla,115,bus,Tide Buss
NOR:Line:12_8552,Nordfold/Leinesfjord-Helnessun,552,bus,Nordlandsbuss AS
ATB:Line:2_112,Nattbuss Nidarvoll/Klæbu,112,bus,Vy
ATB:Line:2_113,Nattbuss Moholt/Brøset,113,bus,Tide Buss
ATB:Line:2_110,Nattbuss Trondheim- Melhus,110,bus,Vy
ATB:Line:2_111,Nattbuss Tiller,111,bus,Vy
SOF:Line:2468_69,Gudvangen-Flåm,150,water,
NOR:Line:12_3701,Brønnøysund-Grong/Namsos,23-701,bus,Connect Bus AS
VKT:Line:1661,Vivestad-Ramnes-Revetal,1661,bus,Tide avd. Vestfold
VKT:Line:1660,Vivestad-Bergsåsen,1660,bus,Tide avd. Vestfold
SKY:FlexibleLine:2c4191e9-ba4d-415f-ae20-f8ec07c512cb,Norheimsund - Øystese ,Skyss Bestilling,bus,Tide Buss
VKT:Line:1663,Revetal-Ramnes-Vivestad,1663,bus,Tide avd. Vestfold
VKT:Line:1662,Ramnes skole-Vivestad,1662,bus,Tide avd. Vestfold
VKT:Line:1665,Barkost-Fon-Revetal,1665,bus,Tide avd. Vestfold
VKT:Line:1664,Steinerskolen-Sandøysund,1664,bus,Unibuss avd. Tønsberg
BRA:Line:4_6014,Underlia - Tolerud,14,bus,Vy Buss AS
FIN:Line:6012,Kirkenes - Jakobsnes,12,bus,Boreal Buss
BRA:Line:4_6015,Strøtvet - Austad skog,15,bus,Vy Buss AS
INN:FlexibleLine:8262,Tolga - Vingelen,8262,bus,Taxi for Innlandstrafikk
FIN:Line:6011,Bjørnevatn - Kirkenes - Bjørnn,11,bus,Boreal Buss
BRA:Line:4_6016,Bragernes torg - Mælen,16,bus,Vy Buss AS
FIN:Line:6010,Hesseng - Prestøya - Hesseng,10,bus,Boreal Buss
NOR:Line:12_3703,Brønnøysund-Tosbotn-Mosjøen,23-703,bus,Connect Bus AS
OST:Line:1_310,Ørje-Strømsfoss,310,bus,Boreal
FLT:Line:FLY1,FLY1,FLY1,rail,Flytoget
NOR:Line:12_3704,Brønnøysund-Sandnessjøen,23-704,bus,Nordlandsbuss AS
KOL:Line:8_6130,130,130,bus,Boreal Buss AS
FLT:Line:FLY2,FLY2,FLY2,rail,Flytoget
SOF:Line:2726_69,Årdalstangen-Seimsdalen,831,bus,
NOR:Line:12_3705,Mosjøen-Sandnessjøen,705,bus,Nordlandsbuss AS
ATB:FlexibleLine:8b55a768-0d36-5395-9f4c-88edab8013ec,Meråker S,AtB Bestill,bus,Trønder taxi
INN:Line:4,INN Storhove - Vårsetergrenda,B4,bus,Connect bus Lillehammer
INN:Line:3,Vingnes - Ekromskogen,B3,bus,Connect bus Lillehammer
INN:FlexibleLine:8272,Tynset - Kvikne,8272,taxi,Taxi for Innlandstrafikk
RUT:Line:3240,Sandvika - Tanum - Skui,240N,bus,Vy Buss AS
INN:Line:2,INN Storhove - Søre Ål,B2,bus,Connect bus Lillehammer
INN:Line:1,Skysstasjonen - Jørstadmoen,B1,bus,Connect bus Lillehammer
ATB:Line:2_985,Ølhammeren - Seierstad,985,water,Fosen Namsos Sjø
VKT:Line:1667,Fon-Kirkevoll-Revetal,1667,bus,Tide avd. Vestfold
VKT:Line:1666,Melsom-Sandskje-Stokke,1666,bus,Unibuss avd. Tønsberg
VKT:Line:1669,Kirkevoll-Barkost-Fon,1669,bus,Tide avd. Vestfold
VKT:Line:1668,Kirkevoll-Barkost-Fon,1668,bus,Tide avd. Vestfold
ATB:Line:2_982,Ugleveien-Melhus Alt982,982,bus,Vy Region
ATB:Line:2_980,Namsos-Rørvik-Leka,980,water,Vidar Hop
VKT:Line:1670,Kirkevoll-Barkost-Fon,1670,bus,Tide avd. Vestfold
SKY:FlexibleLine:101f179b-67c1-4898-a55e-4033dda36e57,Askøy Sør,Skyss Bestilling,bus,Tide Buss
VKT:Line:1672,Ramnes-Jarberg,1672,bus,Unibuss avd. Tønsberg
VKT:Line:1671,Borgheim-Tønsberg,02,bus,Unibuss avd. Tønsberg
VKT:Line:1674,Røråstoppen-Linnestad,1674,bus,Unibuss avd. Tønsberg
VKT:Line:1673,Revetal-Lensberg,1673,bus,Unibuss avd. Tønsberg
SOF:Line:1252_69,Ortnevik-Bjordal-Oppedal,823,bus,
VKT:Line:1676,Greveskogen vgs-Tønsberg,1676,bus,Unibuss avd. Tønsberg
VKT:Line:1675,Jarberg-Ramnes-Revetal,1675,bus,Tide avd. Vestfold
BRA:Line:4_6002,Kastanjesletta - Gulskogen,2,bus,Vy Buss AS
INN:FlexibleLine:8253,Engerdal - Sømådal,8253,bus,Taxi for Innlandstrafikk
OST:Line:1_303,Halden-Kornsjø-Bokerød,303,bus,Boreal
INN:Line:8,Skårsetlia B&S - S.Ål B&S,B8,bus,Connect bus Lillehammer
BRA:Line:4_6003,Bragernes torg - Fjell,3,bus,Vy Buss AS
OST:Line:1_304,Halden-Elgklev,304,bus,Boreal
INN:Line:7,Nybu,B7,bus,Connect bus Lillehammer
OST:Line:1_305,Halden-Sponvika,305,bus,Boreal
INN:FlexibleLine:8251,Elgå - Engerdal,8251,bus,Taxi for Innlandstrafikk
BRA:Line:4_6004,Kniveåsen - Bera,4,bus,Vy Buss AS
INN:Line:6,Strandtorget - Skurvbrua,B6,bus,Connect bus Lillehammer
OST:Line:1_306,Halden-Torpedal-Halden,306,bus,Boreal
BRA:Line:4_6005,Vinnes - Tors vei,5,bus,Vy Buss AS
INN:Line:5,Skysstasjonen - Røyslimoen,B5,bus,Connect bus Lillehammer
KOL:Line:8_6140,140,140,bus,Boreal Buss AS
KOL:Line:8_6141,141,141,bus,Boreal Buss AS
OST:Line:1_300,Halden-Isebakke,300,bus,Boreal
OST:Line:1_301,Halden-Knardal-Hov,301,bus,Boreal
OST:Line:1_302,Halden-Holtet,302,bus,Boreal
BRA:Line:4_6001,Drammen sykehus Brakerøya - Sørensvingen / Mjøndalen,1,bus,Vy Buss AS
OST:Line:1_307,Aremark-Fjell bru-Halden,307,bus,Boreal
OST:Line:1_308,Aremark-Strømsfoss-Halden,308,bus,Boreal
OST:Line:1_309,Ørje-Kasbo-Buer-Granerud,309,bus,Boreal
NWB:Line:fe413f4b-8db5-4880-904a-e7540d67fe81,Flåm-Gudvangen Shuttle,,bus,Flåm Bilutleie
VKT:Line:1678,Tønsberg-Eik,113,bus,Unibuss avd. Tønsberg
VKT:Line:1677,Sundene-Vestveien-Hulebak,022,bus,Unibuss avd. Tønsberg
NOR:Line:12_3721,Mo i Rana - Korgen- Mosjøen,200,bus,Boreal Buss AS Helgeland
VKT:Line:1641,Stokke-Åsly-Tønsberg,1641,bus,Unibuss avd. Tønsberg
VKT:Line:1640,Vear-Bergsåsen,1640,bus,Unibuss avd. Tønsberg
ATB:Line:2_965,Hofles - Geisnes - Lund,965,water,Fosen Namsos Sjø
VKT:Line:1643,Stokke usk-Storevar-Golfbanen,1643,bus,Tide avd. Vestfold
VKT:Line:1642,Stokke usk-Storevar-Golfbanen,1642,bus,Tide avd. Vestfold
ATB:Line:2_966,Borgan - Ramstadlandet,966,water,Fosen Namsos Sjø
BRA:Line:4_6035,Skoger - Drammen,35,bus,Vy Buss AS
FIN:Line:6034,Hammerfest havn - sykehuset,34,bus,Tide Buss AS
BRA:Line:4_6037,Skoger - Lier,37,bus,Vy Buss AS
FIN:Line:6033,Hammerfest - Kvalsund,33,bus,Tide Buss AS
FIN:Line:6032,Hammerfest - Forsøl,32,bus,Tide Buss AS
INN:FlexibleLine:8246,Bestillingsrute Sjølisand - Ot,8246,taxi,Taxi for Innlandstrafikk
FIN:Line:6031,Hammerfest - Bybo,31,bus,Tide Buss AS
FIN:Line:6030,Prærien - Rypefjord,30,bus,Tide Buss AS
ATB:Line:2_963,Eidshaug - Gjerdinga,963,water,Fosen Namsos Sjø
VKT:Line:1645,Stokke-Storevar-Golfbanen,1645,bus,Unibuss avd. Tønsberg
VKT:Line:1644,Dyrsø-Dalen-Stokke,1644,bus,Unibuss avd. Tønsberg
VKT:Line:1647,Vennerød-Dyrsø,1647,bus,Unibuss avd. Tønsberg
VKT:Line:1646,Vennerød-Dyrsø,1646,bus,Unibuss avd. Tønsberg
VKT:Line:1649,Vennerød-Dalen-Sørby,1649,bus,Unibuss avd. Tønsberg
VKT:Line:1648,Dalen-Anholt-Ramsum-Stokke usk,1648,bus,Unibuss avd. Tønsberg
ATB:Line:2_960,Skei - Gutvik,960,water,Fosen Namsos Sjø
NWB:Line:452c0411-0df8-4b3b-9f3b-113d6d7fdb80,Flåm-Aurland-Vassbygdi-Østerbø,,bus,Flåm Bilutleie
VKT:Line:1650,Vennerød-V.Skjee-Åmodt,1650,bus,Tide avd. Vestfold
VKT:Line:1652,Bjørndalen-Vivestad,1652,bus,Tide avd. Vestfold
VKT:Line:1651,Feen-Stokke,1651,bus,Unibuss avd. Tønsberg
VKT:Line:1654,Bokemoa-Sørby,1654,bus,Unibuss avd. Tønsberg
NOR:Line:12_3731,Bodø-Helgeland,23-731,water,Boreal Sjø AS
ATB:FlexibleLine:f6e32a9f-7127-5b00-81ba-e45d7c8f1abb,Nærøysund TB ,AtB Bestill,bus,Trønder taxi
TEL:Line:8809,Porsgrunn-Herre,S9,bus,Vy Buss avd. Grenland
VKT:Line:1653,Tjøme-Tønsberg,02,bus,Unibuss avd. Tønsberg
BRA:Line:4_6024,Bragernes torg  - Konnerud-Eikerdelet,24,bus,Vy Buss AS
INN:FlexibleLine:8230,Bestillingsrute Koppang - Soll,8230,taxi,Taxi for Innlandstrafikk
BRA:Line:4_6022,Bragernes torg - Svingen / Andorsrud,22,bus,Vy Buss AS
FIN:Line:6020,Storbukt - Nordvågen,20,bus,Tide Buss AS
SOF:Line:1240_69,Hjelmeland - Bygstad skule,213,bus,
VKT:Line:1656,Heloodden-Gauterød-Greveskogen,1656,bus,Unibuss avd. Tønsberg
TEL:Line:8808,Heistad-Brevik-Stathelle,S8,bus,Vy Buss avd. Grenland
VKT:Line:1655,Andebu-Re vgs,1655,bus,Unibuss avd. Tønsberg
TEL:Line:8807,Kikkut-Gjeråen/Mæla-Åfoss,S7,bus,Vy Buss avd. Grenland
ATB:Line:2_950,Levanger - Hokstad,950,water,Fjord1 Ferje
VKT:Line:1658,Vennerød-Sørby,1658,bus,Unibuss avd. Tønsberg
TEL:Line:8805,Skien-Menstad,S5,bus,Vy Buss avd. Grenland
VKT:Line:1657,Vear-Tønsberg,130,bus,Unibuss avd. Tønsberg
AVI:Line:WF_OSL-MOL,Oslo-Molde,,air,Widerøe
TEL:Line:8804,Gulset-Skotfoss-Dalsbygda,S4,bus,Vy Buss avd. Grenland
VKT:Line:1659,Tassebekk-Stokke,1659,bus,Unibuss avd. Tønsberg
TEL:Line:8803,Herøya-Stridsklev-Tveten,S3,bus,Vy Buss avd. Grenland
ATB:FlexibleLine:7131df8c-3223-57eb-a549-e72502114127,Orkland,AtB Bestill,bus,Trønder taxi
TEL:Line:8802,Skien-Svanen,S2,bus,Vy Buss avd. Grenland
TEL:Line:8801,Grasmyr-Langesund,S1,bus,Vy Buss avd. Grenland
OST:Line:1_350,Berg skole,350,bus,Boreal
OST:Line:1_351,Idd Kirke - Elgklev,351,bus,Boreal
OST:Line:1_352,Prestebakke skole,352,bus,Boreal
OST:Line:1_353,Tistedal skole,353,bus,Boreal
RUT:FlexibleLine:3dbc7343-8732-4d94-bb95-d9f22c8303c3,Hent,Hent,bus,Minibuss 24/7
VKT:Line:1620,Tønsberg-Syrbekk,113,bus,Unibuss avd. Tønsberg
SOF:Line:1404_69,Hersvik-Leknessund-Hardbakke,371,bus,
INN:FlexibleLine:8221,Bestillingsrute Åsbygda - Rena,8221,bus,Taxi for Innlandstrafikk
OST:Line:1_354,Risum ungdomsskole,354,bus,Boreal
OST:Line:1_355,Berg og Rødsberg skoler,355,bus,Boreal
SOF:Line:8491_69,Florø-Askrova-Stavang-Svanøy,291,water,
ATB:FlexibleLine:10f29970-4efb-5c76-9431-cf4ebce5af0d,Nærøysund TB ,AtB Bestill,bus,Trønder taxi
INN:FlexibleLine:8222,Bestillingsrute Osen - Rena,8222,bus,Taxi for Innlandstrafikk
INN:FlexibleLine:8223,Bestillingsrute Deset - Rena,8223,bus,Taxi for Innlandstrafikk
MOR:Line:360,Viddal-Høydal-Fyrde-Volda,360,bus,FRAM
ATB:FlexibleLine:753413b6-22ed-5e70-a595-ff7b255ede73,Grong S,AtB Bestill,bus,Trønder taxi
FIN:Line:6050,Bybuss Vadsø,50,bus,Boreal Buss
VKT:Line:1623,Knarberg-Borgheim,1623,bus,Unibuss avd. Tønsberg
VKT:Line:1622,Dalen-Ramsum-Stokke usk,1622,bus,Tide avd. Vestfold
VKT:Line:1625,Sørby-Sandefjord,1625,bus,Unibuss avd. Tønsberg
VKT:Line:1624,Stokke usk-Ramsum-Dalen,1624,bus,Tide avd. Vestfold
VKT:Line:1627,Ramsum-Dalen,1627,bus,Tide avd. Vestfold
VKT:Line:1626,Jarlsberg-Stokke-Sandefjord,1626,bus,Unibuss avd. Tønsberg
VKT:Line:1629,Dalen-Anholt-Vennerød-Stokke u,1629,bus,Tide avd. Vestfold
VKT:Line:1628,Sandefjord Vgs-Sørby-Vear-Tøns,1628,bus,Unibuss avd. Tønsberg
INN:FlexibleLine:8218,Bestillingsrute Jordet - Slett,8218,bus,Taxi for Innlandstrafikk
INN:FlexibleLine:8215,Bestillingsrute Ljørdalen - Tr,8215,taxi,Taxi for Innlandstrafikk
VKT:Line:1630,Stokke usk-Fossnes-V.Skjee,1630,bus,Tide avd. Vestfold
SOF:Line:1227_69,Viksdalen-Holsen-Førde,211,bus,
GOA:Line:59,Jærbanen,L5,rail,Go-Ahead Nordic AS
INN:FlexibleLine:8219,Bestillingsrute Jordet - Eltda,8219,bus,Taxi for Innlandstrafikk
VKT:Line:1632,Stokke usk-Fossnes-V.Skjee,1632,bus,Tide avd. Vestfold
SOF:Line:8913_69,Bulandet-Værlandet,234,bus,
VKT:Line:1631,Vear-Tønsberg,130,bus,Unibuss avd. Tønsberg
FIN:Line:6045,Alta - Rafsbotn,45,bus,Connect Bus Nord AS
FIN:Line:6044,Alta - Talvik,44,bus,Connect Bus Nord AS
FIN:Line:6043,Alta - Tverrelvdalen,43,bus,Connect Bus Nord AS
GOA:Line:53,Sørtoget lokal,R50,rail,Go-Ahead Nordic AS
INN:FlexibleLine:8213,Bestillingsrute Vestby-Trysil,8213,taxi,Taxi for Innlandstrafikk
INN:FlexibleLine:8211,Bestillingsrute Trysil - Plass,8211,taxi,Taxi for Innlandstrafikk
GOA:Line:50,Sørtoget region,F5,rail,Go-Ahead Nordic AS
INN:FlexibleLine:8212,Bestillingsrute Trysil - Flend,8212,taxi,Taxi for Innlandstrafikk
MOR:Line:370,Sæbø-Åmdal-Ørsta,370,bus,FRAM
FIN:Line:6042,Øvre Alta - Alta lufthavn,42,bus,Connect Bus Nord AS
FIN:Line:6041,Gakori - Kaiskuru,41,bus,Connect Bus Nord AS
FIN:Line:6040,Gakori - Sentrum - Saga,40,bus,Connect Bus Nord AS
SOF:Line:6122_69,Bortnen-Davik-Ålfoten-Svelgen,262,bus,
VKT:Line:1634,Tønsberg-Melsom vgs-Stokke usk,1634,bus,Unibuss avd. Tønsberg
VKT:Line:1636,Stokke-Vear-Bergsåsen,1636,bus,Unibuss avd. Tønsberg
VKT:Line:1635,Andebuv.-Vennerød-Stokke usk,1635,bus,Tide avd. Vestfold
VKT:Line:1638,Stokke uks-Andebuv.-Dyrsø,1638,bus,Tide avd. Vestfold
VKT:Line:1637,Stokke uks-Andebuv.-Dyrsø,1637,bus,Tide avd. Vestfold
VKT:Line:1639,Melsom-Sandskje-Stokke,1639,bus,Unibuss avd. Tønsberg
SKY:FlexibleLine:a6e35342-e0bf-4ffc-bc98-de65c0028f41,Stryn-Faleide-Hopland,Skyss Bestilling,bus,Firda Billag
INN:FlexibleLine:8203,Bestillingsrute Elverum - Østb,8203,taxi,Taxi for Innlandstrafikk
VKT:Line:1609,Mågerø-Grimestad-Lindhøy,1609,bus,Unibuss avd. Tønsberg
VKT:Line:1608,Høyjord skole-Andebu,1608,bus,Unibuss avd. Tønsberg
SOF:Line:1134_69,Svelgen-Davik,260,bus,
VKT:Line:1601,Sandefjord Vgs-Sørby-Vear-Tøns,1601,bus,Tide avd. Vestfold
VKT:Line:1600,Jarlsberg-Stokke-Sandefjord,1600,bus,Tide avd. Vestfold
VKT:Line:1603,Andebu-Skjelland-Heimdal,1603,bus,Unibuss avd. Tønsberg
VKT:Line:1602,Andebu-Nes-Heimdal,1602,bus,Unibuss avd. Tønsberg
VKT:Line:1605,Sundene-Borgheim,1605,bus,Unibuss avd. Tønsberg
VKT:Line:1604,Stokke-Bjelland-Re vgs,1604,bus,Tide avd. Vestfold
VKT:Line:1607,Høyjord skole-Dalsroa,1607,bus,Unibuss avd. Tønsberg
VKT:Line:1606,Stokke-Rakkevik-Re vgs,1606,bus,Tide avd. Vestfold
KOL:Line:8_2600,SK0101,SK0101,bus,Vy Buss AS
VKT:Line:1610,Tønsberg-Melsom vgs-Stokke usk,1610,bus,Tide avd. Vestfold
MOR:Line:390,Åheim-Eidså-Lauvstad-Volda,390,bus,FRAM
MOR:Line:391,(Volda)-Lauvstad-Dravlaus-Løvi,391,bus,FRAM
MOR:Line:392,Åmelfot-Dalsbygd-Folkestad,392,bus,FRAM
MOR:Line:393,Syvde-Koparnes-Åram,393,bus,FRAM
VKT:Line:1619,Tønsberg-Syrbekk,113,bus,Unibuss avd. Tønsberg
MOR:Line:394,Eidså-Syvde-Sørdal-Nordal,394,bus,FRAM
MOR:Line:395,Åram-Fiskå-Syvde,395,bus,FRAM
VKT:Line:1611,Greveskogen-Tønsberg-V.Ende,022,bus,Unibuss avd. Tønsberg
VKT:Line:1614,Husøy-Borgheim,1614,bus,Unibuss avd. Tønsberg
VKT:Line:1616,Sole-Storevar-Melsom skole,1616,bus,Tide avd. Vestfold
VKT:Line:1615,Stavnum-Feen-Stokke usk,1615,bus,Tide avd. Vestfold
VKT:Line:1618,Melsom skole-Storevar-Sole,1618,bus,Tide avd. Vestfold
VKT:Line:1617,Melsom skole-Storevar-Sole,1617,bus,Tide avd. Vestfold
RUT:Line:281,Borgen - Asker,281,bus,Vy Buss AS
RUT:Line:280,Asker - Dikemark - Heggedal,280,bus,Vy Buss AS
BRA:Line:4_6098,Mariås - Tangen - Berger,98,bus,Vy Buss AS
SOF:Line:1146_69,Botnane-Svelgen,261,bus,
OST:Line:155_804,Sellebakk - Lisleby,804,water,Byferga
FIN:Line:6092,Kirkenes lufthavn Høybukt,FB92,bus,Barents Buss
OST:Line:155_805,Ålekilen-Sentrum,805,water,Byferga
OST:Line:155_803,Gamlebyfergen,803,water,Byferga
RUT:Line:286,Rustadgrenda-Heggedal,286,bus,Vy Buss AS
RUT:Line:285,Heggedal - Blakstad - Asker,285,bus,Vy Buss AS
OST:Line:155_806,Bekkhus-Vaterland,806,water,Byferga
FIN:Line:6094,Flybuss Kirkenes,FB94,bus,Boreal Travel
SOF:Line:1261_69,Lavik-Bruland-Sørestrand,824,bus,
RUT:Line:270,Asker - Sandvika (- Fornebu),270,bus,Vy Buss AS
ATB:FlexibleLine:8a47af89-54e0-5e9f-996b-7463bf805493,Grong TB,AtB Bestill,bus,Trønder taxi
SOF:Line:6032_69,Kaupanger-Frønningen,1131,water,
RUT:Line:275,Asker - Vøyen,275,bus,Vy Buss AS
BRA:Line:4_6091,Berger - Svelvik - Drammen,91,bus,Vy Buss AS
BRA:Line:4_6092,Svelvik - Mariås,92,bus,Vy Buss AS
SOF:Line:6158_69,Gjengedal - Gjengedal bru,101,bus,
ATB:Line:2_5380,Draksten >Solbakken > Vikåsen,5380,bus,Vy Region
ATB:Line:2_7105,Murumoen - Sandvika,7105,bus,Vy Region
FIN:Line:2510,Øksfjord - Tverrfjord,510,water,Boreal Sjø - ferje
ATB:Line:2_7101,Berglia - Sørli skole,7101,bus,Vy Region
ATB:Line:2_7109,Namsvatn - Røyrvik,7109,bus,Vy Region
RUT:Line:1433,TusenFryd - Nordby skole,1433,bus,Connect Bus AS
ATB:Line:2_7106,Tunnsjø - Sandvika,7106,bus,Vy Region
ATB:FlexibleLine:3e4ca11a-63f4-59c8-a123-f5a2d343a718,Nærøysund TB ,AtB Bestill,bus,Trønder taxi
NWY:Line:07073a54-bce6-5e9d-bd2c-07fcbebf433c,Kystbussen,NW400,coach,Kystbussen
FIN:Line:2500,Øksfjord - Hasvik,500,water,Boreal Sjø - ferje
RUT:Line:293,Asker - Leangkollen - Konglungen,293,bus,Oslo taxibuss
SKY:FlexibleLine:be6dd257-9b72-4243-bf52-1feecdd4ca49,Litladalen - Etne,Skyss Bestilling,bus,Tide Buss
RUT:Line:292,Asker - Bondi - Blakstad - Bleikerkollen,292,bus,Oslo taxibuss
RUT:Line:291,Asker - Ånnerud - Vardåsen - Drengsrud,291,bus,Oslo taxibuss
RUT:Line:290,Asker - Blakstad,290,bus,Vy Buss AS
RUT:Line:1432,Kongeveien - Nordby skole,1432,bus,Connect Bus AS
RUT:Line:298,Konglungen - Vettre,298,bus,Oslo taxibuss
RUT:Line:1431,Kjærnes - Nordby skole,1431,bus,Connect Bus AS
RUT:Line:297,Asker - Solgården - Høn - Undelstad,297,bus,Oslo taxibuss
RUT:Line:296,Asker - Heggedal - Slemmestad,296,bus,Vy Buss AS
RUT:Line:295,Guibekken - Vollen,295,bus,Vy Buss AS
RUT:Line:294,Asker - Borgen - Bondivann stasjon,294,bus,Oslo taxibuss
SKY:FlexibleLine:d83b0cda-71b2-4cd2-8adf-5c3b6cbe2885,Etne - Frette,Skyss Bestilling,bus,Tide Buss
BRA:Line:4_6057,Hovjordet - Eknes - Krokstad,57,bus,Vy Buss AS
BRA:Line:4_6053,Mjøndalen - Åsen,53,bus,Vy Buss AS
FLI:Line:d1fc7afc75068aa6,Oslo - Kristiansand,FX651,coach,FlixBus
BRA:Line:4_6054,Mjøndalen - Hovjordet,54,bus,Vy Buss AS
SOF:Line:1297_69,Sørbøvåg-Hyllestad,221,bus,
BRA:Line:4_6056,Mjøndalen - Drammen - Eiker VGS,56,bus,Vy Buss AS
BRA:Line:4_6061,Drammen - Lierbyen skole,61,bus,Vy Buss AS
BRA:Line:4_6062,Sylling - Sørsdal - Lierbyen,62,bus,Vy Buss AS
SOF:Line:1109_69,Sandane-Hyen,101,bus,
BRA:Line:4_6063,Sylling - Sjåstad - Drammen,63,bus,Vy Buss AS
TRO:Line:1_542,Skolerute,542,bus,Torghatten Buss Sør-Troms
VYS:Line:31,(Luleå)-Boden-Haparanda,31,rail,Vy Tåg
VYS:Line:30,Luleå-Kiruna,30,rail,Vy Tåg
NYC:Line:012fc5c4-131b-4dfc-8160-4e49136e531a,Bygødynes-Rådhusbrygga,B9,water,Bygdøyfergen
VYS:Line:35,Umeå-Sundsvall,35,rail,Vy Tåg
VYS:Line:34,Umeå-Vännäs-Lycksele,34,rail,Vy Tåg
VYS:Line:33,Umeå-Luleå,33,rail,Vy Tåg
FIN:Line:2520,Øksfjord - Sør-Tverrfjord,520,water,Boreal Sjø - ferje
RUT:Line:2733,Stigen - Stensrud - Dalen skole - Sundet,2733,bus,Vy Buss AS
RUT:Line:2734,Krokedal - Sand - Dalen skole - Sundet,2734,bus,Vy Buss AS
RUT:Line:2731,Vinsnes - Jølsen - Garderåsen - Sundet,2731,bus,Nobina AS
RUT:Line:2732,Dammerud - Tofsrud - Lystad - Riddersand skole,2732,bus,Nobina AS
RUT:Line:3,Kolsås - Mortensrud,3,metro,Sporveien T-banen AS
TEL:Line:8701,Tangen-Stabbestad-Levang,701,bus,Vy Buss avd. Notodden
RUT:Line:4,Vestli - Bergkrystallen,4,metro,Sporveien T-banen AS
RUT:Line:1,Frognerseteren - Bergkrystallen,1,metro,Sporveien T-banen AS
RUT:Line:2,Østerås - Ellingsrudåsen,2,metro,Sporveien T-banen AS
BRA:Line:4_6052,Drammen - Mjøndalen,52,bus,Vy Buss AS
SOF:Line:1110_69,Hyen-Eimhjellen-Solheim,101,bus,
AKT:Line:4571,Liknes - Knaben,457,bus,ST Turservice
TRO:Line:1_550,Langnes skole,550,bus,Tide Tromsø
ATB:FlexibleLine:b7e69f9b-02e6-5bd8-95de-cf9367ba8aa5,Hitra ,AtB Bestill,bus,Trønder taxi
RUT:Line:5,Sognsvann - Vestli,5,metro,Sporveien T-banen AS
TEL:Line:8702,Skåtøyroa-Korset,702,bus,Vy Buss avd. Notodden
VKT:Line:1681,Heian-Revetal-Ramnes,1681,bus,Tide avd. Vestfold
VKT:Line:1680,Kåpe-Bjune-Revetal-Ramnes,1680,bus,Tide avd. Vestfold
VKT:Line:1683,Svinevold-Barkost-Bakstevål-Re,1683,bus,Unibuss avd. Tønsberg
VKT:Line:1682,Fossan-Ramnes-Røråstoppen,1682,bus,Tide avd. Vestfold
VKT:Line:1685,Lindhøy-Sandøysund,1685,bus,Unibuss avd. Tønsberg
VKT:Line:1684,Røråstoppen-Linnestad-Ramnes-F,1684,bus,Tide avd. Vestfold
VKT:Line:1687,Ramnes-Linnestad-Kåpe-Freste,1687,bus,Tide avd. Vestfold
BRA:Line:4_6079,Lierskogen - Lahell - Stoppen,79,bus,Vy Buss AS
SOF:Line:6146_69,Mjell-Viken,212,bus,
FIN:Line:2550,Korsfjord - Nyvoll,550,water,Torghatten Nord AS
TEL:Line:8712,Ferje Kragerø,712,water,Farte ferge
INN:FlexibleLine:8290,Folldal - Hjerkinn,8290,taxi,Taxi for Innlandstrafikk
TEL:Line:8711,BF Jesper,711,water,Farte ferge
TEL:Line:8710,Passasjerbåten,710,water,Farte ferge
INN:FlexibleLine:8291,Straumbu - Folldal,8291,bus,Taxi for Innlandstrafikk
VKT:Line:1689,Tønsberg-Bakkenteigen,1689,bus,Unibuss avd. Tønsberg
VKT:Line:1688,Borgheim-Tønsberg,1688,bus,Unibuss avd. Tønsberg
VKT:Line:1691,Tønsberg-Eik,113,bus,Unibuss avd. Tønsberg
VKT:Line:1693,Tjøme usk-Mågerø,1693,bus,Unibuss avd. Tønsberg
VKT:Line:1696,Borgheim-Teie,1696,bus,Unibuss avd. Tønsberg
VKT:Line:1695,Tønsberg-Eik,113,bus,Unibuss avd. Tønsberg
VKT:Line:1698,Syrbekk-Tønsberg,113,bus,Unibuss avd. Tønsberg
VKT:Line:1697,Steinerskolen-Torød-Engås,1697,bus,Unibuss avd. Tønsberg
ATB:FlexibleLine:b6e396aa-e964-5779-abd6-0b0fbdc78045,Rennebu,AtB Bestill,bus,Trønder taxi
INN:FlexibleLine:8273,Tynset - Brannvålen,8273,bus,Taxi for Innlandstrafikk
BRA:Line:4_6064,Sylling - Delekant - Sylling,64,bus,Vy Buss AS
BRA:Line:4_6065,Sylling - Øverskogen - Hornstua,65,bus,Vy Buss AS
BRA:Line:4_6066,Lier VGS - Lierbyen - Sylling,66,bus,Vy Buss AS
VKT:Line:1690,Løveid-Tønsberg,116,bus,Unibuss avd. Tønsberg
BRA:Line:4_6071,Drammen - Stoppen - Lierbyen - Asker,71,bus,Vy Buss AS
BRA:Line:4_6072,Lierskogen - Tranby - Drammen,72,bus,Vy Buss AS
BRA:Line:4_6073,Drammen - Reistad - Lierskogen,73,bus,Vy Buss AS
INN:FlexibleLine:8282,Alvdal - Bellingmo - Alvdal,8282,bus,Taxi for Innlandstrafikk
SKY:FlexibleLine:6fe35cbf-cece-4ccc-8793-876b328d4d52,Navelsaker - Nordfjordeid,Skyss Bestilling,bus,Firda Billag
INN:FlexibleLine:8281,Bestillingsrute Auma øst,8281,bus,Taxi for Innlandstrafikk
VKT:Line:1699,Tønsberg-Eik,113,bus,Unibuss avd. Tønsberg
SOF:Line:2218_69,Daløy-Haldorsneset,1041,water,
ATB:Line:2_5301,Selbu - Selbustrand - Dambekken,5301,bus,Vy Region
ATB:Line:2_5300,Hårstadengene / Evjegjerdet - Selbu,5300,bus,Vy Region
ATB:FlexibleLine:e861c687-afc2-5576-8990-52bd588ebead,Tydal TB ,AtB Bestill,bus,Trønder taxi
ATB:Line:2_5302,Alset - Flønes - Selbu,5302,bus,Vy Region
ATB:FlexibleLine:fe8dec02-315f-54f7-b1bd-85944f244330,Heim ,AtB Bestill,bus,Trønder taxi
ATB:Line:2_5305,Lerdalen - Selbu,5305,bus,Vy Region
RUT:Line:202,Tanum kirke - Henie Onstad seniorsenter - Sandvika,202,bus,Oslo taxibuss
RUT:Line:201,Sandvika - Jong,201,bus,Oslo taxibuss
SOF:Line:8950_69,Stryn-Ålesund,180,bus,
RUT:Line:205,Sandvika - Gjettum,205,bus,Oslo taxibuss
RUT:Line:204,Rykkinn - Kolsås - Sandvika,204,bus,Oslo taxibuss
RUT:Line:203,Skui - Sandvika,203,bus,Oslo taxibuss
ATB:FlexibleLine:923cc7aa-b0ff-5a3a-a1fe-632430d88216,Selbu TB,AtB Bestill,bus,Trønder taxi
BRA:Line:4_6922,Nattbuss Konnerud,22N,bus,Vy Buss AS
AVI:Line:DY_BGO-EVE,Bergen-Harstad/Narvik,,air,Norwegian
FIN:Line:2560,Klokkarøy - Kjerringholmen,560,water,Torghatten Nord AS
SOF:Line:1567_69,Hardbakke-Nåra-Mjømna,391,water,
SKY:Line:130,Sogndal-Stryn,130,bus,Tide Sogn
KOL:FlexibleLine:a318c9ea-bae0-49da-8356-f4820e1d9cdd,HentMeg - Sauda,HentMeg,bus,Kolumbus
SOF:Line:1314_69,Dale-Folkestad-Rysjedalsvika,221,bus,
BRA:Line:4_6951,Nattbuss Mjøndalen,51N,bus,Vy Buss AS
RUT:Line:220,Sandvika - Bekkestua,220,bus,Vy Buss AS
SOF:Line:1212_69,Villevik-Botnane,261,bus,
NOR:Line:12_8508,Bodø-Soløyvatnet-Bodø,508,bus,Nordlandsbuss AS
RUT:Line:213,Bekkestua - Høvik - Sandvika,213,bus,Oslo taxibuss
RUT:Line:212,Bekkestua - Østerås,212,bus,Oslo taxibuss
RUT:Line:211,Bekkestua - Sandvika storsenter,211,bus,Oslo taxibuss
AKT:Line:5002,Hånes - Vågdbygd senter o/t.,A2,bus,Boreal Buss AS
RUT:Line:216,Bekkestua - Søråsen - Kleivveien,216,bus,Oslo taxibuss
SOF:Line:7778_69,Bybuss i Førde,201,bus,
ATB:FlexibleLine:9e85058d-fe0d-56f2-ac87-563f06c0842a,Høylandet TB ,AtB Bestill,bus,Trønder taxi
RUT:Line:214,Bekkestua - Lysaker - Ekern - Jernbaneveien,214,bus,Oslo taxibuss
SKY:Line:190,Bergen - Nordfjord,190,water,Norled AS
SKY:Line:192,Måløy-Silda,192,water,Norled AS
SKY:Line:191,Selje-Seljeøya,191,water,Fjord Shuttle AS
ATB:FlexibleLine:65c4683c-853f-5f2a-b93b-9f005b164ef9,Åfjord,AtB Bestill,bus,Trønder taxi
RUT:Line:245,Kattås - Tanum - Sandvika,245,bus,Vy Buss AS
INN:Line:496,Vinjar-Torpa skole,496,bus,AS Torpa Bilruter
ATB:FlexibleLine:869b6685-bdb5-5025-a904-82f33626d2ac,Grong S ,AtB Bestill,bus,Trønder taxi
INN:Line:495,Dokka-Vest Torpa-Torpa skole,495,bus,AS Torpa Bilruter
KOL:Line:30_1130,Mortavika - Arsvågen,1130,water,Fjord1 ASA
INN:Line:494,Høljerast-Thomle-Dæhli-Dokka,494,bus,Etnedal Bilruter AS
RUT:Line:240,Skui - Sandvika,240,bus,Vy Buss AS
INN:Line:492,Torpa skole-Hugulia,492,bus,AS Torpa Bilruter
INN:Line:491,Dokka-Snertingdal,491,bus,Connect bus Hadeland
INN:Line:490,Dokka-Sandmoen,490,bus,Connect bus Hadeland
SOF:FlexibleLine:babd9d1f-0e8c-469d-a6b4-0b6a7ccd9b8b,Grinde-Strandavegen-Leite-Hermansver,1920,bus,Skyss
ATB:FlexibleLine:bfac1cb6-52a0-5e4d-8432-3e27c1a0f0e3,Grong TB,AtB Bestill,bus,Trønder taxi
ATB:Line:2_7915,Namsos - Høylandet,7915,bus,Vy Region
KOL:Line:8_5650,350,350,water,Rutebåten Utsira AS
ATB:Line:2_7913,Hovland - Namsskogan,7913,bus,Vy Region
ATB:Line:2_7914,OBUS > Bertnem > Flasnes,7914,bus,Vy Region
ATB:Line:2_7911,Grong - Høylandet - Kongsmoen,7911,bus,Vy Region
HOG:Line:ba259d4c-985f-48a2-a637-2e0dd5e581fc,"Lauvvik - Oanes, Lauvik - Oanes",1024,water,Høgsfjordferja
ATB:Line:2_7910,Mevassvik - Høylandet,7910,bus,Vy Region
RUT:Line:235,Østerås - Grini Næringspark - Listuveien,235,bus,Vy Buss AS
INN:Line:485,Hov-Hasvalsætra-Gjøvik,485,bus,Connect bus Hadeland
INN:Line:484,Fall-Hov-Vestsida-Odnes-Dokka,484,bus,Connect bus Hadeland
INN:Line:483,Hov-Fluberg bru,483,bus,Connect bus Hadeland
RUT:Line:230,Sandvika - Bekkestua - Østerås - Ila,230,bus,Vy Buss AS
INN:Line:482,Haldsrud-Hov,482,bus,Connect bus Hadeland
INN:Line:481,Horn-Hov,481,bus,Connect bus Hadeland
INN:Line:480,Hov-Trevatn-Gjøvik,480,bus,Connect bus Hadeland
AKT:Line:5026,Voiebyen - IKEA,A26,bus,Boreal Buss AS
AKT:Line:5025,Kristiansand - Mjåvann,A25,bus,Boreal Buss AS
SKY:FlexibleLine:2e0e578d-cdfb-41bd-9b31-95b11bd1a8cb,Uggdal - Våge,Skyss Bestilling,bus,Tide Buss
KOL:Line:8_3001,202,202,bus,Vy Buss AS
SKY:FlexibleLine:23fec644-03b4-40e5-8814-1a5594bb14f9,Nordfjordeid - Torheim,Skyss Bestilling,bus,Firda Billag
KOL:Line:8_3000,201,201,bus,Vy Buss AS
RUT:Line:260,Hyggen - Bråset -Slemmestad (- Asker),260,bus,Vy Buss AS
SOF:Line:1465_69,Oppedal-Rutledal-Nordgulen,363,bus,
SKY:Line:16E,Nesttun - Helldalsåsen - Øyjorden,16E,bus,Tide Buss og Bane
AVI:Line:SK_OSL-HAU,Oslo-Haugesund,,air,SAS
RUT:Line:265,Sandvika - Nesøya - Sandvika,265,bus,Vy Buss AS
RUT:Line:261,Drammen - Lahell - Røyken - Sætre,261,bus,Vy Buss AS
SOF:Line:6302_69,Øvre Årdal-Fodnes-Lærdal-Saltkjelen,840,bus,
BRA:Line:4_6903,Nattbuss Fjell,3N,bus,Vy Buss AS
BRA:Line:4_6904,Nattbuss Kniveåsen,4N,bus,Vy Buss AS
AKT:Line:5042,Kristiansand - Langenes,42E,bus,Boreal Buss AS
KOL:Line:8_3012,X210,X210,bus,Vy Buss AS
KOL:Line:8_3011,210,210,bus,Vy Buss AS
AKT:Line:5040,Kristiansand - Årosskogen,40E,bus,Boreal Buss AS
KOL:Line:8_3010,209,209,bus,Vy Buss AS
AVI:Line:DY_OSL-EVE,Oslo-Harstad/Narvik,,air,Norwegian
INN:Line:459,S.buss.Roa-Gran-V.Gran-Brandbu,459,bus,Connect bus Hadeland
INN:Line:457,Gran-Riis-Gran,457,bus,Connect bus Hadeland
ATB:FlexibleLine:a28e3124-7d8a-5e48-b868-0355283953b7,Indre Fosen,AtB Bestill,bus,Trønder taxi
INN:Line:456,Gran-Grymyr,456,bus,Connect bus Hadeland
INN:Line:466,Lunner-Mylla-Grua,466,bus,Connect bus Hadeland
RUT:Line:256,Verket - Åsheim - Holmsbu - Tofte - Sætre,256,bus,Vy Buss AS
INN:Line:465,Lunner b.sk.-Roa-Oppdalen-Gran,465,bus,Connect bus Hadeland
SOF:Line:8286_69,Eikefjord-Ramsdal,259,bus,
RUT:Line:251,Drammen - Hyggen - Åsheim - Sætre,251,bus,Vy Buss AS
INN:Line:460,Servicebuss Brandbu-Gran,460,bus,Connect bus Hadeland
RUT:Line:250,Sætre - Slemmestad - Nationaltheatret,250,bus,Vy Buss AS
BSR:Line:23ff666b-673d-45a5-94f6-b3e291222474,Tromsø lufthavn-Tromsø sentrum,FB92,bus,Bussring
KOL:Line:8_3009,208,208,bus,Vy Buss AS
KOL:Line:8_3008,207,207,bus,Vy Buss AS
ATU:Line:eb9258aa-c6ad-404f-9359-a18a0199f735,Vigra-Valderøy,FB61,bus,Ålesund Turvogn Service
KOL:Line:8_5563,563,563,water,Rødne Trafikk AS
NOR:Line:12_8437,Skolerute Reipåområdet,437,bus,Nordlandsbuss AS
NOR:Line:12_8436,Glomfjord-Ørnes-Storvik,436,bus,Nordlandsbuss AS
KOL:Line:8_5561,561,561,water,Rødne Trafikk AS
INN:Line:329,Sør Etnedal-Sentralskulen,329,bus,Etnedal Bilruter AS
KOL:Line:8_5560,510,510,water,Norled AS
INN:FlexibleLine:8301,Os - Tufsingdal,8301,bus,Taxi for Innlandstrafikk
INN:FlexibleLine:8302,Dalsbygda - Os,8302,bus,Taxi for Innlandstrafikk
ATB:FlexibleLine:cd80583a-09d5-5c2d-b131-fd9615f786d3,Melhus,AtB Bestill,bus,Trønder taxi
INN:Line:333,Tonsåsen-Sentralskulen,333,bus,Etnedal Bilruter AS
INN:Line:332,Storrustemoen-Hedalen,332,bus,Etnedal Bilruter AS
INN:Line:330,Leira-Fjellsbygda-Høljarast,330,bus,Etnedal Bilruter AS
ATB:FlexibleLine:702ef911-d6b0-57dd-9a6e-9ef7edb012dc,Heim ,AtB Bestill,bus,Trønder taxi
MOR:Line:201,Skoleturer Haram,201,bus,FRAM
NOR:Line:12_8446,Nordarnøy-Sørarnøy,446,bus,Nordlandsbuss AS
MOR:Line:202,Skoleruter Ørskog,202,bus,FRAM
NOR:Line:12_8445,Bodø-Gildeskål,18-445,water,Norled AS
MOR:Line:203,Skoleruter Stordal,203,bus,FRAM
NOR:Line:12_8444,Sund - Horsdal - Sørarnøy,18-444,water,Sjøtind AS
NOR:Line:12_8443,Forstranda-Oterstranda-Storvik,443,bus,Nordlandsbuss AS
NOR:Line:12_8442,Sund-Inndyr-Skaugvoll-Storvik-,442,bus,Nordlandsbuss AS
ATB:FlexibleLine:77bbeea5-aa64-5b3b-9450-705309fecd20,Holtålen TB ,AtB Bestill,bus,Trønder taxi
ATB:FlexibleLine:685a0291-c587-5d37-9508-bcb2c8756cbf,Høylandet S,AtB Bestill,bus,Trønder taxi
ATB:FlexibleLine:9f5b9376-4f50-5881-ab4a-8bf03eb0c123,Rindal ,AtB Bestill,bus,Trønder taxi
NOR:Line:12_8448,Sandhornøy,448,bus,Nordlandsbuss AS
ATB:Line:2_217,Flakk- Lund,217,bus,Vy
ATB:Line:2_218,Nordset-Tilleråsen-Rosten,218,bus,Tide Buss
SAM:Line:9011012680800000,Ers.buss Göteborg - Halmstad,,bus,
INN:Line:313,Fagernes - Beitostølen,313,bus,Connect bus Valdres
ATB:FlexibleLine:88bdcc2f-b5e8-5c0d-bb95-b2788f9c8d4c,Nærøysund TB,AtB Bestill,bus,Trønder taxi
INN:Line:320,Fagernes - Storeføss,320,bus,Connect bus Valdres
AVI:Line:WF_TOS-SOJ,Tromsø-Sørkjosen,,air,Widerøe
MOR:Line:210,Valldal-Sjøholt-Ålesund,210,bus,FRAM
MOR:Line:211,Geiranger-Eidsdal,211,bus,FRAM
ATB:Line:2_215,Lauglo/Fjøsvollan- Leinum- Nyp,215,bus,Vy
MOR:Line:213,Valldal-Hoel-Rem,213,bus,FRAM
INN:Line:61,Søbakken - Hanstad - Mastmo,B61,bus,Connect Bus Østerdalen
ATB:Line:2_216,City Syd/Heimdal- Skjetlein,216,bus,Vy
INN:Line:62,Elverum torv - Vestad,B62,bus,Connect Bus Østerdalen
MOR:Line:214,Valldal-Selboskar-Tafjord,214,bus,FRAM
NOR:Line:12_8455,Leiråmo-Moldjord-Leiråmo,455,bus,Nordlandsbuss AS
ATB:Line:2_214,Klæbu- Bjørkli- Ler,214,bus,Vy
ATB:Line:2_211,Værestrøa- Vikåsen- Brundalen,211,bus,Tide Buss
MOR:Line:217,Eidsdal-Norddal,217,bus,FRAM
ATB:Line:2_212,Rye skole- Flakk/Hangeråsen- R,212,bus,Vy
NOR:Line:12_8451,Evjen-Kjelling-Nygårdsjøen,451,bus,Nordlandsbuss AS
SKY:FlexibleLine:9e157d71-37d6-4f49-a6a6-a096312dc8ad,Våge - Uggdal,Skyss Bestilling,bus,Tide Buss
ATB:Line:2_210,Spongdal- Berg- Megarden- Spon,210,bus,Vy
OST:Line:1_251,Rygge ungdomsskole,251,bus,Vy Buss AS
OST:Line:1_252,Steinerskolen Moss,252,bus,Vy Buss AS
OST:Line:1_253,Moss,253,bus,Vy Buss AS
OST:Line:1_254,Svinndal,254,bus,Vy Buss AS
ATB:Line:2_208,Rye- Flakk- Rye skole / Spongd,208,bus,Vy
VYX:Line:20,VY1 Notodden-Oslo,VY1,coach,Vy Buss
ATB:Line:2_209,Spongdal- Hangeråsen- Rye- Spo,209,bus,Vy
ATB:Line:2_206,Hommelvik- Sveberg,206,bus,Tide Buss
ATB:Line:2_207,Vikhammer skole,207,bus,Tide Buss
SOF:Line:7317_69,Selje-Leikanger,162,bus,
OST:Line:1_250,Halmstad barneskole,250,bus,Vy Buss AS
INN:Line:309,Dokka-Tonså.-Etnedal-Fagernes,309,bus,Etnedal Bilruter AS
INN:Line:308,Fagernes-Vaset/Ulnes/Fodnes,308,bus,Connect bus Valdres
INN:Line:307,Fagernes skysstasjon - Bagn,307,bus,Connect bus Valdres
INN:Line:306,Valdres vidaregåande skule - Å,306,bus,Connect bus Valdres
OST:Line:1_255,Svinndal skole,255,bus,Vy Buss AS
INN:Line:305,Fagernes - Slidre,305,bus,Connect bus Valdres
OST:Line:1_256,Våk skole-Våler u. skole,256,bus,Vy Buss AS
INN:Line:304,Fagernes - Sanderstølen,304,bus,Connect bus Valdres
OST:Line:1_257,Svinndal-Kirkebygden skoler,257,bus,Vy Buss AS
INN:Line:303,Fagernes-Vang/Ryfoss-Tyinkr.,303,bus,Connect bus Valdres
INN:Line:302,Fagernes - Beitostølen,302,bus,Connect bus Valdres
NWY:Line:677f2beb-6261-50bf-bfec-418580078dd5,Trysilekspressen,NW130,coach,Trysilekspressen
INN:Line:312,Lidar - Øystre Slidre,312,bus,Connect bus Valdres
INN:Line:311,Høneren-Begna-Begnad.-Fagernes,311,bus,Etnedal Bilruter AS
INN:Line:310,Fagernes-Reinli-Bagn,310,bus,Etnedal Bilruter AS
VYX:Line:12,VY6 Hvaler-Fredrikstad-Oslo,VY6,coach,Vy Buss
ATB:Line:2_204,Hommelvik skole- Sneisen,204,bus,Tide Buss
VYX:Line:13,VY170 Førde-Sogndal-Oslo,VY170,coach,Vy Buss
ATB:Line:2_205,Storsand/Smiskaret- Hommelvik,205,bus,Tide Buss
ATB:Line:2_202,Olderdalen - Ranheim skole,202,bus,Tide Buss
ATB:Line:2_203,Muruvik- Hommelvik,203,bus,Tide Buss
ATB:Line:2_201,Ranheim- Være- Vikåsen/Markapl,201,bus,Tide Buss
NOR:Line:12_8463,Breivik-Skjerstad-Sandkollen-M,463,bus,Nordlandsbuss AS
NOR:Line:12_8461,Misvær-Rognan,461,bus,Nordlandsbuss AS
AKT:Line:9200,Mandal,N200,bus,L/L Setesdal Bilruter
VYX:Line:31,VY450 Bergen-Fagernes-Oslo,VY450,coach,Vy Buss
INN:Line:81,Bogeråsen - Rasta,B81,bus,Vy Buss Hedemarken/Glåmdal
INN:Line:82,Skriverskogen - Marikollen,B82,bus,Vy Buss Hedemarken/Glåmdal
SOF:Line:6747_69,Bybuss 1 Florø,251,bus,
ATB:FlexibleLine:01cc8c4b-0f5d-5707-bf6e-0a3a9c5abbe7,Verdal,AtB Bestill,bus,Trønder taxi
INN:Line:301,Fagernes - Leira,301,bus,Connect bus Valdres
INN:Line:300,Tyinkrysset - Eidsbugarden,300,bus,Connect bus Valdres
SKY:Line:995,Skogly - Tyssedal - Odda,995,bus,Tide Buss AS
MOR:Line:230,Brattvåg-Ålesund,230,bus,FRAM
MOR:Line:231,Brattvåg-Skjeltene-Brattvåg,231,bus,FRAM
MOR:Line:232,Finnøya-Brattvåg,232,bus,FRAM
MOR:Line:233,Nogva-Haram-Austnes,233,bus,FRAM
MOR:Line:235,Finnøya-Myklebust,235,bus,FRAM
MOR:Line:236,Brattvåg-Hellandshamn,236,bus,FRAM
MOR:Line:237,Skodje-Ålesund,237,bus,FRAM
NOR:Line:12_8477,Rognan - Nes - Rognan,18-476,bus,Nordlandsbuss
SKY:Line:990,Odda-Kinsarvik-Bu-Granvin-Voss,990,bus,Tide Buss AS
RUT:Line:2081,Sundbykrysset -Slemmestad - Åssiden vgs.,2081,bus,Vy Buss AS
RUT:Line:2082,St.Hallvard -Åsheim bussterminal - Filtvet,2082,bus,Vy Buss AS
MOR:Line:238,Skodje-Engsetdalen,238,bus,FRAM
NOR:Line:12_8476,Rognan-Nes-Rognan,476,bus,Nordlandsbuss AS
SKY:Line:991,Geilo - Eidfjord - Odda,991,bus,Tide Buss AS
NOR:Line:12_8473,Saltdal lokal,18-472,bus,Nordlandsbuss
SKY:Line:994,Freim - Ragde - Odda,994,bus,Tide Buss AS
NOR:Line:12_8472,Fauske-Rognan-Vassbotnfjell-Ev,472,bus,Nordlandsbuss AS
AVI:Line:WF_BGO-TOS,Bergen-Tromsø,,air,Widerøe
VYX:Line:164,S174 Shuttle Sandefjord Lufthavn Torp,S174,bus,Vy Buss
VYX:Line:162,VY148 Ålesund-Oslo,VY148,coach,Vy Buss
RUT:Line:400,Oslo lufthavn - Veståsen - Olavsgaard - Oslo,400,bus,Vy Buss AS
RUT:Line:2078,Østensjø ring,78B,bus,Nobina AS
RUT:Line:2079,Sundbykrysset -Morbergtoppen - Røyken vgs.,2079,bus,Vy Buss AS
RUT:Line:2077,Holmlia stasjon - Asperudåsen,77B,bus,Connect Bus AS
RUT:Line:2074,Verpen - Røyken vgs.,2074,bus,Vy Buss AS
RUT:Line:2075,Nordstrand ring,75B,bus,Nobina AS
RUT:Line:2072,Grimsrud - Røyken vgs.,2072,bus,Vy Buss AS
RUT:Line:2073,Åsheim bussterminal - Tofte -Røyken vgs.,2073,bus,Vy Buss AS
NOR:Line:12_8400,Kjerringøy - Festvåg - Skaug - Bodø,400,bus,Nordlandsbuss AS
RUT:Line:405,Kløfta - Ask terminal,405,bus,Vy Buss AS
SOF:Line:1302_69,Risnes-Hyllestad-Eidsvika,227,bus,
ATB:FlexibleLine:6532cb00-db1f-5a7b-8cfa-870badff4e26,Selbu S,AtB Bestill,bus,Trønder taxi
SOF:Line:7285_69,Loen-Lodalen,114,bus,
ATB:FlexibleLine:920f64d2-f040-532c-920e-b08d83e14d26,Namsos TB ,AtB Bestill,bus,Trønder taxi
FLI:Line:33732e73dddbe30f,Oslo - Copenhagen,613,coach,FlixBus
VYX:Line:158,Oslo-Kistefos-Hadeland,VY66,coach,Vy Buss
NOR:Line:12_8413,Kilboghamn-Melfjordbotn,18-413,water,RS Maritime AS
NOR:Line:12_8412,Rødøybassenget,18-412,water,Torghatten Nord AS
NOR:Line:12_8411,Rødøy,18-411,water,Vidar Hop Skyssbåter AS
NOR:Line:12_8419,Tjongsfjord,419,bus,Nordlandsbuss AS
NOR:Line:12_8418,Ågskaret,418,bus,Nordlandsbuss AS
VKT:Line:5002,Natt Tønsberg-Horten,N02,bus,Unibuss avd. Tønsberg
SOF:Line:2720_69,Sogndal-Mannheller,800,bus,
NOR:Line:12_8415,Jektvik,415,bus,Nordlandsbuss AS
NOR:Line:12_8414,Jektvik - Kilboghamn A-ferge,18-414,water,Torghatten Nord AS
FIN:Line:6110,Alta - Nordkapp,110,bus,Tide Buss AS
SKY:FlexibleLine:f9fe5fbe-6f45-40fd-9486-305f7bfb1ff8,Voss - Bolstad,Skyss Bestilling,bus,Tide Buss
RUT:Line:420,Maura -  Jessheim,420,bus,Vy Buss AS
RUT:Line:2056,Nydalen - Grefsenkollen,56B,bus,Unibuss AS
AVI:Line:WF_BGO-TRF,Bergen-Sandefjord,,air,Widerøe
NOR:Line:12_8423,Åmøyhamn-Engavågen,423,bus,Nordlandsbuss AS
NOR:Line:12_8421,Forøy - Ågskardet,18-421,water,Torghatten Nord AS
RUT:Line:426,Jessheim ring,426,bus,Vy Buss AS
RUT:Line:425,Kløfta – Oslo lufthavn,425,bus,Vy Buss AS
AVI:Line:WF_BGO-TRD,Bergen-Trondheim,,air,Widerøe
SOF:Line:1103_69,Sandane-Byrkjelo,100,bus,
SOF:Line:1391_69,Østerbø(Søreide)-Søreide kryss,823,bus,
AVI:Line:WF_TRF-TOS,Sandefjord-Tromsø,,air,Widerøe
FIN:Line:6100,Alta - Hammerfest,100,bus,Tide Buss AS
INN:FlexibleLine:5200,Lillehammer skysstasjon - Hesj,5200,taxi,Taxi for Innlandstrafikk
RUT:Line:2047,Verket - Mølleveien -Folkestad skole -Sætre,2047,bus,Vy Buss AS
RUT:Line:410,Nannestad -  Ask/ Veståsen,410,bus,Vy Buss AS
RUT:Line:2045,Sætre - Tofte skole,2045,bus,Vy Buss AS
RUT:Line:2046,Ullerntoppen - Voksen skog Holmenkollstafetten,46X,bus,Vy Buss AS
RUT:Line:3374,Skedsmokorset - Solberg - Bjertnes vgs,3374,bus,Nobina AS
RUT:Line:2043,Åsheimterminalen - Rødtangen-Folkestad sk -Tofte,2043,bus,Vy Buss AS
RUT:Line:2044,Steinerskolen Hurum - Storsand sentrum - Sagene,2044,bus,Vy Buss AS
RUT:Line:2041,Folkestad sk- Holmsbu -Rødtangen -Verket,2041,bus,Vy Buss AS
RUT:Line:2042,Folkestad sk -Kana -Verket- Åsheim -Steinerskolen,2042,bus,Vy Buss AS
SOF:Line:6118_69,Balestrand-Nessane,820,bus,
ATB:FlexibleLine:2db59b33-7ac3-52f3-87fc-4806a2115137,Holtålen S,AtB Bestill,bus,Trønder taxi
NOR:Line:12_8435,Ørnes-Vassdalsvik-Meløysund-Bolga,18-435,water,Sjøtind AS
RUT:Line:3371,Lillestrøm - Skjetten - Holum skog - Bjertnes vgs,3371,bus,Nobina AS
NOR:Line:12_8434,Meløya,434,bus,Nordlandsbuss AS
NOR:Line:12_8433,Meløy,18-433,water,RS Maritime AS
NOR:Line:12_8432,Ørnes-Glomfjord-Halsa-Vassdals,432,bus,Nordlandsbuss AS
RUT:Line:413,Bestilling Nannestad,413,bus,Minibuss 24/7
VKT:Line:1540,Volden-Åsg.strand-Eik-Tbg,1540,bus,Unibuss avd. Tønsberg
BRA:Line:4_6138,Hokksund - Skotselv,138,bus,Vy Buss AS
VKT:Line:1542,Greveskogen-Tønsberg,1542,bus,Unibuss avd. Tønsberg
BRA:Line:4_6139,Åmot - Drammen,139,bus,Vy Buss AS
VKT:Line:1541,Greveskogen-Tønsberg,1541,bus,Unibuss avd. Tønsberg
VKT:Line:1544,Mågerø-Grimestad-Lindhøy,1544,bus,Tide avd. Vestfold
VYX:Line:84,Oslo lufthavn-Hemsedal,VY51,bus,Vy Buss
VKT:Line:1543,Husøy-Borgheim,1543,bus,Unibuss avd. Tønsberg
BRA:Line:4_6135,Hokksund - Torespæren/Vendelborg,135,bus,Vy Buss AS
BRA:Line:4_6136,Skotselv - Hokksund,136,bus,Vy Buss AS
BRA:Line:4_6137,Skotselv - Åmot - Hokksund,137,bus,Vy Buss AS
BRA:Line:4_6132,Ormåsen - Vestfossen,132,bus,Vy Buss AS
BRA:Line:4_6133,Vestfossen - Darbu - Hakavik,133,bus,Vy Buss AS
SKY:Line:940,Tysse-Solbjorg-Tysse,940,bus,Tide Buss AS
RUT:Line:2034,Kleiverfeltet - SPUSK,2034,bus,Vy Buss AS
ATB:FlexibleLine:beeb9699-085b-538d-a76e-8963a6b75def,Heim ,AtB Bestill,bus,Trønder taxi
RUT:Line:2032,Kleiverfeltet - Midtbygda skole,2032,bus,Vy Buss AS
SKY:Line:945,Voss - Granvin -(Bu)- Ulvik,945,bus,Tide Buss AS
FIN:Line:6130,Varangerbotn - Hammerfest,130,bus,Tide Buss AS
SOF:Line:8411_69,Florø-Barekstad-Batalden-Fanøy,293,water,
RUT:Line:2033,Grimsrud -Spikkestad ungdomsskole,2033,bus,Vy Buss AS
AKT:Line:296,Launes (Hidra) - Kvellandstran,296,water,Boreal Sjø
AKT:Line:297,Andabeløy - Abelnes,297,water,Boreal Sjø
RUT:Line:2031,Fornebu - Kalbakken,31E,bus,Unibuss AS
VKT:Line:1546,Kjøpmannskjær-Tenvik-Brattås,1546,bus,Unibuss avd. Tønsberg
VKT:Line:1545,Borgheim-Husøy,1545,bus,Unibuss avd. Tønsberg
VKT:Line:1548,Lindhøy-Hulebak-V.Ende,1548,bus,Tide avd. Vestfold
VKT:Line:1547,Lindhøy skole-Sandøysund,1547,bus,Tide avd. Vestfold
VKT:Line:1549,Lindhøy-Grimestad-Sundene,1549,bus,Tide avd. Vestfold
VKT:Line:1551,Engås-Strengsdal-Borgheim,1551,bus,Unibuss avd. Tønsberg
VKT:Line:1550,Borgheim-Torød-Oserød,1550,bus,Unibuss avd. Tønsberg
VKT:Line:1553,HJemseng-Borgheim,1553,bus,Unibuss avd. Tønsberg
VKT:Line:1552,Steinerskolen-Sandøysund,1552,bus,Tide avd. Vestfold
VKT:Line:1555,Borgheim-Knarberg-Hjemseng,1555,bus,Unibuss avd. Tønsberg
VKT:Line:1554,Movik-Borgheim,1554,bus,Unibuss avd. Tønsberg
BRA:Line:4_6123,Buskerud skole - Åmot,123,bus,Vy Buss AS
BRA:Line:4_6125,Hokksund - Harakollen,125,bus,Vy Buss AS
FIN:Line:6120,Alta - Karasjok - Varangerbotn,120,bus,Boreal Buss
RUT:Line:2018,Undelstad - Torstad,2018,bus,Vy Buss AS
BRA:Line:4_6120,Vestfossen - Darbu - Råen,120,bus,Vy Buss AS
BRA:Line:4_6121,Åmot - Skotselv,121,bus,Vy Buss AS
BRA:Line:4_6122,Sørby-Horne-Vestf./Hokksund,122,bus,Vy Buss AS
SOF:Line:1435_69,Mjånes-Dingja-Eivindvik-Sløvåg,361,bus,
SKY:Line:930,Bergen-Norheimsund-Jondal-Odda-Røldal,930,bus,Tide Buss AS
SKY:Line:934,Eikelandsosen-Tysse,934,bus,Tide Buss AS
SKY:FlexibleLine:747335d7-d2a1-4a6e-9cbd-04cb81d10b78,Odda Bestilling,Skyss Bestilling,bus,Tide Buss
VYX:Line:89,Gol stasjon-Hemsedal,VY361,coach,Vy Buss
VKT:Line:1557,Bergan-Borgheim,1557,bus,Unibuss avd. Tønsberg
VKT:Line:1556,Tjøme usk-Vestveien-Mågerø,1556,bus,Tide avd. Vestfold
VKT:Line:1559,Høyjord skole-Andebu,1559,bus,Unibuss avd. Tønsberg
VKT:Line:1558,Andebu-Skjelland-Heimdal,1558,bus,Unibuss avd. Tønsberg
VKT:Line:1520,Klokkeråsen-Rom-Ringshaug,1520,bus,Tide avd. Vestfold
VKT:Line:1522,Volden-Rom-Klokkeråsen,1522,bus,Tide avd. Vestfold
VKT:Line:1521,Klokkeråsen-Rom-Volden,1521,bus,Tide avd. Vestfold
RUT:Line:2015,Nesøya - Landøya,2015,bus,Vy Buss AS
SKY:Line:921,Dale - Rødland,921,bus,Modalen-Eksingedalen Billag AS
SOF:Line:6167_69,Dalsøyra-Sløvåg-Sande-Byrknes,362,bus,
SKY:Line:920,Dale - Vaksdal - Arna - Bergen,920,bus,Modalen-Eksingedalen Billag AS
SKY:Line:923,Modalen - Dale,923,bus,Modalen-Eksingedalen Billag AS
SKY:Line:922,Eksingedalen - Dale,922,bus,Modalen-Eksingedalen Billag AS
FIN:Line:6150,Vardø-Varangerbotn-Kirkenes,150,bus,Boreal Buss
SKY:Line:925,Bergen-Norheimsund-Kvanndal-Voss,925,bus,Tide Buss AS
SKY:Line:924,Eksingedal - Mo - Ostereidet,924,bus,Modalen-Eksingedalen Billag AS
VKT:Line:1524,Ringshaug-Åsgårdstrand-Rom,1524,bus,Tide avd. Vestfold
AKT:Line:270,Flekkefjord - Gyland - Tonstad,270,bus,Connect Bus
AVI:Line:DY_OSL-LYR,Oslo-Longyearbyen,,air,Norwegian
VKT:Line:1523,Ringshaug-Åsgårdstrand-Rom,1523,bus,Tide avd. Vestfold
VYX:Line:98,S44 Shuttle Oslo lufthavn,S44,bus,Vy Buss
VKT:Line:1526,Sem-Vear skole,1526,bus,Tide avd. Vestfold
ATB:FlexibleLine:31417d76-b5e0-5196-854a-3697314476c2,Steinkjer,AtB Bestill,bus,Trønder taxi
VKT:Line:1525,Fon-Kirkevoll skole,1525,bus,Unibuss avd. Tønsberg
VYX:Line:99,S55 Shuttle Oslo lufthavn,S55,bus,Vy Buss
VKT:Line:1528,Vear skole-Sem,1528,bus,Tide avd. Vestfold
VKT:Line:1527,Sem-Nauen-Vear skole,1527,bus,Tide avd. Vestfold
VKT:Line:1529,Vear skole-Taranrød-Nauen,1529,bus,Tide avd. Vestfold
AVI:Line:WF_TOS-SVJ,Tromsø-Svolvær,,air,Widerøe
VKT:Line:1531,Husøy-Borgheim,1531,bus,Unibuss avd. Tønsberg
VKT:Line:1530,Vear skole-Sem,1530,bus,Tide avd. Vestfold
VKT:Line:1533,Tønsberg-Kaldnes-Borgheim,1533,bus,Unibuss avd. Tønsberg
SOF:Line:4845_69,Flåm-Sogndal,800,bus,
RUT:Line:3334,Elvetangen - Kongskog,3334,bus,Connect Bus AS
RUT:Line:3335,Hellerudhaugen - Elvetangen,3335,bus,Connect Bus AS
SKY:Line:910,Lonevåg - Valestrand - Bergen busstasjon,910,bus,Tide buss AS
RUT:Line:3333,Åneby stasjon - Elvetangen,3333,bus,Connect Bus AS
AKT:Line:262,Flekkefjord - Åna Sira,262,bus,Connect Bus
FIN:Line:6140,Hammerfest,140,bus,Tide Buss AS
RUT:Line:3331,Holum skog - Li skole,3331,bus,Connect Bus AS
AKT:Line:265,Bybuss Flekkefjord,265,bus,Connect Bus
VKT:Line:1535,Ringshaug-Åsg.strand-Eik-Tbg,1535,bus,Unibuss avd. Tønsberg
VYS:Line:42,Sundsvall-Storlien,42,rail,Vy Tåg
VKT:Line:1534,Tønsberg-Bakkenteigen,1534,bus,Tide avd. Vestfold
AKT:Line:260,Flekkefjord - Sira - Moi,260,bus,Connect Bus
VKT:Line:1537,Klokkeråsen-Rom-Åsg.-Ringshaug,1537,bus,Unibuss avd. Tønsberg
AKT:Line:261,Flekkefjord - Hidra,261,bus,Connect Bus
VKT:Line:1536,Løveid-Tønsberg,116,bus,Unibuss avd. Tønsberg
VKT:Line:1539,Borgheim usk-Tønsberg,1539,bus,Tide avd. Vestfold
VKT:Line:1538,Ringshaug-Åsg.strand-Eik-Tbg,1538,bus,Unibuss avd. Tønsberg
INN:FlexibleLine:7016,Brøderud - Kongsvinger,7016,taxi,Taxi for Innlandstrafikk
INN:FlexibleLine:7017,Kongsvinger-Brandval-Vestby,7017,taxi,Taxi for Innlandstrafikk
VKT:Line:1500,Tønsberg-Greveskogen vgs,1500,bus,Tide avd. Vestfold
INN:FlexibleLine:7010,Kongsvinger - Finnskogen,7010,taxi,Taxi for Innlandstrafikk
INN:FlexibleLine:7011,Kongsvinger - Austmarka,7011,taxi,Taxi for Innlandstrafikk
INN:FlexibleLine:7014,Kongsvinger - Lauvhøgda,7014,taxi,Taxi for Innlandstrafikk
INN:FlexibleLine:7012,Brødbøl - Kongsvinger,7012,taxi,Taxi for Innlandstrafikk
INN:FlexibleLine:7013,Kongsvinger - Holmby,7013,taxi,Taxi for Innlandstrafikk
SKY:Line:985,Eitrheim - Odda,985,bus,Tide Buss AS
FIN:Line:6170,Alta - Kautokeino,170,bus,Connect Bus Nord AS
NOR:Line:12_8481,Fauske-Sulitjelma,481,bus,Nordlandsbuss AS
SKY:Line:984,Eidesåsen - Toppen - Odda,984,bus,Tide Buss AS
VKT:Line:1509,Svinevold-Barkost-Bakstevål-Re,1509,bus,Unibuss avd. Tønsberg
MOR:Line:240,Molde-Midsund,240,bus,Boreal Buss
MOR:Line:241,Midsund-Heggdal-Solholmen,241,bus,Boreal Buss
MOR:Line:245,Rekdal-Furneset-Vestnes,245,bus,Veøy Buss
VKT:Line:1502,Tønsberg-Greveskogen vgs,1502,bus,Tide avd. Vestfold
MOR:Line:247,Vikebukt-Tresfjord-Furneset,247,bus,Veøy Buss
VKT:Line:1501,Tønsberg-Greveskogen vgs,1501,bus,Tide avd. Vestfold
VKT:Line:1504,Greveskogen vgs-Tønsberg,1504,bus,Tide avd. Vestfold
SOF:Line:2273_69,Bybuss (natt) Førde,201,bus,
VKT:Line:1503,Andebu-Dyrsøe-Tønsberg,1503,bus,Unibuss avd. Tønsberg
VYX:Line:38,VY175 Geilo-Oslo,VY175,coach,Vy Buss
SKY:Line:981,Jondal-Årvikstrand,981,bus,Tide Buss AS
VKT:Line:1506,Re vgs-Tønsberg,1506,bus,Unibuss avd. Tønsberg
SKY:Line:980,Jondal - Utne - Odda,980,bus,Tide Buss AS
VKT:Line:1505,Tønsberg-Bergsåsen,1505,bus,Unibuss avd. Tønsberg
VYX:Line:36,VY430 Bergen-Førde-Ålesund,VY430,coach,Vy Buss
SKY:Line:983,Jondal-Austrepollen-Odda,983,bus,Tide Buss AS
VKT:Line:1508,Smitsrød-Revetal,1508,bus,Unibuss avd. Tønsberg
VKT:Line:1507,Tønsberg-Bergsåsen,1507,bus,Unibuss avd. Tønsberg
SKY:Line:982,Jondal-Krossdalen-Folgefonn skisenter,982,bus,Tide Buss AS
ATB:FlexibleLine:473ce95a-cb91-5da6-9cd4-d91705cd729e,Steinkjer,AtB Bestill,bus,Trønder taxi
VKT:Line:1511,Høyjord-Andebu,124,bus,Unibuss avd. Tønsberg
VYX:Line:51,S22 Shuttle Oslo lufthavn,S22,bus,Vy Buss
VKT:Line:1510,Andebu-Re vgs,1510,bus,Unibuss avd. Tønsberg
NOR:Line:12_8493,Fauske-Røsvik,493,bus,Nordlandsbuss AS
INN:Line:25,Martodden - Arstad,B25,bus,Vy Buss Hedemarken/Glåmdal
MOR:Line:250,Ålesund-Sykkylven-Stranda-Stryn,250,bus,FRAM
INN:Line:26,Brumunddal - Hamar - Løten,B26,bus,Vy Buss Hedemarken/Glåmdal
INN:Line:27,Hamar - Voll - Hamar,B27,bus,Vy Buss Hedemarken/Glåmdal
MOR:Line:252,Sykkylven-Ramstaddal,252,bus,FRAM
MOR:Line:255,Sykkylven-Grebstadlia-Ørsneset,255,bus,FRAM
VKT:Line:1513,Heian-Revetal-Ramnes,1513,bus,Unibuss avd. Tønsberg
MOR:Line:257,Skoleruter Sykkylven,257,bus,FRAM
VKT:Line:1512,Revetal-Kåpe-Ramnes,1512,bus,Unibuss avd. Tønsberg
NOR:Line:12_8499,Sentrumsbuss,499,bus,Nordlandsbuss AS
VKT:Line:1515,Kirkevoll-strange-Svinevoll,1515,bus,Unibuss avd. Tønsberg
NOR:Line:12_8498,Hauan-Solvik-Leivset-Fauske,498,bus,Nordlandsbuss AS
VKT:Line:1514,Tønsberg-Bergsåsen,1514,bus,Unibuss avd. Tønsberg
INN:Line:21,Sanderud - Hamar vest,B21,bus,Vy Buss Hedemarken/Glåmdal
VKT:Line:1517,Ramnes-Kihle-Fon-Barkost,1517,bus,Unibuss avd. Tønsberg
SKY:Line:970,Voss-Myrkdalen-Vik-Vangsnes,970,bus,Tide Buss AS
NOR:Line:12_8496,Fauske-Valnesfjord-Fauske,496,bus,Nordlandsbuss AS
ATB:FlexibleLine:d50f77e7-e0fb-5dab-9530-d985e33dfdb2,Orkland,AtB Bestill,bus,Trønder taxi
VKT:Line:1516,Heloodden-Gauterød-Greveskogen,1516,bus,Tide avd. Vestfold
INN:Line:22,Bekkelaget - Klukhagan,B22,bus,Vy Buss Hedemarken/Glåmdal
INN:Line:23,Stange-Hamar-Brumunddal,B23,bus,Vy Buss Hedemarken/Glåmdal
VKT:Line:1519,Klokkeråsen-Rom-Ringshaug,1519,bus,Tide avd. Vestfold
NOR:Line:12_8494,Fauske-Megården-Elvkroken,494,bus,Nordlandsbuss AS
INN:Line:24,Sandvika - Ingeberg,B24,bus,Vy Buss Hedemarken/Glåmdal
VKT:Line:1518,Ramnes-Heian-Revetal,1518,bus,Unibuss avd. Tønsberg
BRA:Line:4_6116,Hokksund-Skotselv,116,bus,Vy Buss AS
BRA:Line:4_6117,Hokksund - Ormåsen,117,bus,Vy Buss AS
BRA:Line:4_6118,Hokksund - Røren - Darbu,118,bus,Vy Buss AS
BRA:Line:4_6119,Hokksund - Voldstad - Sundet,119,bus,Vy Buss AS
BRA:Line:4_6112,Vestbygda - Tempelseter,112,bus,Vy Buss AS
BRA:Line:4_6113,Hatle - Modum Bad - Åmot,113,bus,Vy Buss AS
BRA:Line:4_6114,Vikersund - Badstuvika,114,bus,Vy Buss AS
BRA:Line:4_6115,Hokksund - Kongsberg,115,bus,Vy Buss AS
BRA:Line:4_6110,Vikersund - Noresund,110,bus,Vy Buss AS
BRA:Line:4_6111,Vikersund - Snarum,111,bus,Vy Buss AS
MOR:Line:260,Sykkylven-Straumgjerde-Ikornnes,260,bus,FRAM
SKY:Line:962,Voss - Holbygdi,962,bus,Tide Buss AS
SKY:Line:965,Sentrumsringen Voss,965,bus,Tide Buss AS
FIN:Line:6190,Alta - Storslett,190,bus,Connect Bus Nord AS
SKY:Line:964,Voss-Skjerpe/Sivlevegen(Ringbuss),964,bus,Tide Buss AS
VYX:Line:56,FB11 Fredrikstad-Oslo Lufthavn (OSL),FB11,bus,Vy Buss
AVI:Line:WF_OSL-FDE,Oslo-Førde,,air,Widerøe
SKY:Line:960,Brekkhus - Evanger - Voss,960,bus,Tide Buss AS
BRA:Line:4_6109,Lokalruter Drolsum,109,bus,Vy Buss AS
BRA:Line:4_6105,Åmot-Eggedal-Bergshammeren,105,bus,Vy Buss AS
BRA:Line:4_6106,Hatle - Vikersund - Åmot,106,bus,Vy Buss AS
BRA:Line:4_6107,Hiåsen - Prestfoss,107,bus,Vy Buss AS
BRA:Line:4_6108,Vikersund - Hønefoss,108,bus,Vy Buss AS
BRA:Line:4_6101,Drammen-Vikersund/Hønefoss,101,bus,Vy Buss AS
OST:Line:1_204,Ekholt,204,bus,Vy Buss AS
SKY:Line:959,Voss - Vestbygdi,959,bus,Tide Buss AS
OST:Line:1_205,Framnes,205,bus,Vy Buss AS
BRA:Line:4_6103,Skotselv - Åmot,103,bus,Vy Buss AS
OST:Line:1_206,Krossern-Orkerød,206,bus,Vy Buss AS
BRA:Line:4_6104,Vikersund - Åmot,104,bus,Vy Buss AS
OST:Line:1_207,Tronvik,207,bus,Vy Buss AS
OST:Line:1_200,Moss-Larkollen,200,bus,Vy Buss AS
OST:Line:1_201,Moss-Saltnes,201,bus,Vy Buss AS
BRA:Line:4_6100,Drammen-Vikersund-Hønefoss,100,bus,Vy Buss AS
INN:Line:47,Lena-Kapp-Gjøvik-Raufoss-Lena,B47,bus,Vy Buss Gjøvik
AVI:Line:WF_SVG-TRF,Stavanger-Sandefjord,,air,Widerøe
MOR:Line:271,Stranda-Storgjerde,271,bus,FRAM
SKY:Line:952,Dalane,952,bus,Tide Buss AS
MOR:Line:272,Stranda-Kjølås-Skarbø-Opshaug,272,bus,FRAM
SKY:Line:951,Voss - Dalsleitet - Bjørgemarki - Voss,951,bus,Tide Buss AS
MOR:Line:273,Skoleruter Stranda,273,bus,FRAM
SKY:Line:954,Voss - Lemme,954,bus,Tide Buss AS
AVI:Line:WF_SVG-TRD,Stavanger-Trondheim,,air,Widerøe
SKY:Line:953,Voss - Bordalen - Rjodo,953,bus,Tide Buss AS
MOR:Line:275,Skoleruter Stranda lukka,275,bus,FRAM
SKY:Line:956,Voss - Almeland - Nedkvitno - Voss,956,bus,Tide Buss AS
SKY:Line:955,Voss - Fenno,955,bus,Tide Buss AS
SKY:Line:958,Voss - Raundalen,958,bus,Tide Buss AS
SKY:Line:957,Voss - Eimstad - Bulken - Voss,957,bus,Tide Buss AS
INN:Line:41,Vind - Bjørnsveen,B41,bus,Vy Buss Gjøvik
INN:Line:42,Skysstasjonen - Kopperud,B42,bus,Vy Buss Gjøvik
INN:Line:43,Øverbymarka - Gjøvik skysstasj,B43,bus,Vy Buss Gjøvik
INN:Line:44,Gjøvik skysstasjon - Tobru snu,B44,bus,Vy Buss Gjøvik
INN:Line:45,Tongjordet - Tranberghallen,B45,bus,Vy Buss Gjøvik
SKY:Line:950,Bergen-Voss-Gudvangen,950,bus,Tide Buss AS
INN:Line:46,Lena-Raufoss-Gjøvik-Kapp-Lena,B46,bus,Vy Buss Gjøvik
SOF:Line:1089_69,Barneskulen-Havreneset,267,bus,
ATB:FlexibleLine:713b1bdd-68ae-5420-8339-9d0986552ba3,Steinkjer,AtB Bestill,bus,Trønder taxi
FLI:Line:1d81e7828408fb98,Oslo - Hamburg,N613,coach,FlixBus
AKT:Line:204,Taxus Mandal,204,bus,L/L Setesdal Bilruter
AKT:Line:205,Skolebuss Vassmyra/Ime/Oasen,205,bus,L/L Setesdal Bilruter
ATB:FlexibleLine:cf64c3f7-56bb-5733-91c9-b4f20de18439,Rindal ,AtB Bestill,bus,Trønder taxi
TEL:Line:8610,skoleruter Kroken skole,610,bus,Vy Buss avd. Notodden
AKT:Line:210,Mandal - Møll - Dølebru,210,bus,L/L Setesdal Bilruter
ATB:FlexibleLine:11a51f2e-f7dc-5f34-a014-c8a9748d0d19,Heim ,AtB Bestill,bus,Trønder taxi
RUT:Line:390,Kongskog/Hellerudhaugen - Oslo bussterminal,390,bus,Connect Bus AS
SOF:Line:2723_69,Fjærland-Haugen,804,bus,
AKT:Line:200,Kristiansand-Mandal-Lyngdal,200,bus,L/L Setesdal Bilruter
AKT:Line:201,Mandal-Vigeland-Audnedal,201,bus,L/L Setesdal Bilruter
RUT:Line:1572,Ski - Frogn videregående skole,1572,bus,Connect Bus AS
AKT:Line:202,Mandal-Marnardal-Bjelland,202,bus,L/L Setesdal Bilruter
AKT:Line:203,Mandal-Vigeland-Lindesnes,203,bus,L/L Setesdal Bilruter
RUT:Line:397,Skillebekk - Skytta,397,bus,Connect Bus AS
RUT:Line:396,Slattum - Li - Skytta,396,bus,Connect Bus AS
RUT:Line:395,Slattum - Li - Hagan,395,bus,Connect Bus AS
RUT:Line:1571,Ski - Vinterbro - Frogn videregående skole,1571,bus,Connect Bus AS
ATB:FlexibleLine:1d3aabf5-3067-5e96-a8b5-82398f8be08e,Heim ,AtB Bestill,bus,Trønder taxi
SOF:Line:2735_69,Hafslo-Veitastrond,861,bus,
ATB:FlexibleLine:9e079057-23b8-5e9a-b0ca-fdfb5c84ee50,Oppdal,AtB Bestill,bus,Trønder taxi
ATB:FlexibleLine:98f21bb3-9a0a-5263-bb4b-003926eaacb4,Tydal S ,AtB Bestill,bus,Trønder taxi
BOR:Line:07bb8487-b339-4d24-a336-adfe86d94043,Narvik-Evenes,FB82,bus,Boreal Norge
SOF:Line:2998_69,Stavang-Førde,240,bus,
SOF:FlexibleLine:c0f96af1-3d39-4e6a-b76b-739e0594309a,Sundsdalen-Førde,3220,bus,Skyss
SOF:Line:1305_69,Sognnes-Hyllestad,226,bus,
VKT:Line:1582,Tønsberg-Granly skole,1582,bus,Unibuss avd. Tønsberg
VKT:Line:1581,Strengsdal-Borgheim-Steinersk,1581,bus,Tide avd. Vestfold
VKT:Line:1584,Klokkeråsen-Rom-Åsg.-Ringshaug,1584,bus,Unibuss avd. Tønsberg
ATB:FlexibleLine:23077555-794f-5d80-b086-43a3380386b9,Holtålen TB,AtB Bestill,bus,Trønder taxi
ATB:FlexibleLine:fa7bd03e-225b-5aa0-97ea-42cccf4dcd81,Steinkjer,AtB Bestill,bus,Trønder taxi
VKT:Line:1583,Granly skole-Tønsberg,1583,bus,Unibuss avd. Tønsberg
VKT:Line:1585,Borgheim-Knarberg-Hjemseng,1585,bus,Unibuss avd. Tønsberg
VKT:Line:1588,Knarberg-Borgheim usk,1588,bus,Tide avd. Vestfold
VKT:Line:1587,Movik-Borgheim ungdomsskole,1587,bus,Tide avd. Vestfold
SKY:Line:905,Myking - Fitje - Lonevåg,905,bus,Tide buss AS
SKY:Line:904,Raknes - Lonevåg,904,bus,Tide buss AS
SKY:Line:906,Tyssebotn - Fotlandsvåg - Lonevåg,906,bus,Tide buss AS
SOF:Line:3042_69,Høyvik-Gjervik-Herland,232,bus,
SKY:Line:909,Skulekjøring Osterøy,909,bus,Tide buss AS
RUT:Line:1532,Tomter - Heer,1532,bus,Jenssen Turbuss
VKT:Line:1580,Tønsberg-Greveskogen,1580,bus,Unibuss avd. Tønsberg
AKT:Line:256,Feda - Farsund - Vans,256,bus,Connect Bus
RUT:Line:2873,Røykås - Lørenskog sentrum - Strømmen - Rælingen,2873,bus,Connect Bus AS
SKY:FlexibleLine:9268c11e-edcf-4020-80c9-b106b284f639,Stryn område,Skyss Bestilling,bus,Firda Billag
SOF:Line:8971_69,Nordfjordeid-Folkestad,181,bus,
RUT:Line:2871,Ask - Lillestrøm - Rælingen vgs.,2871,bus,Vy Buss AS
AKT:Line:251,Flekkefjord - Kvinesdal,251,bus,Connect Bus
SKY:Line:901,Bruvik - Kvisti - Haus - Øvre Rivenes,901,bus,Tide buss AS
AKT:Line:252,Liknes -Kvinlog,252,bus,Connect Bus
SKY:Line:900,Hatland - Lonevåg - Kvisti - Arna,900,bus,Tide buss AS
AKT:Line:253,Liknes -Kvinlog,253,bus,Connect Bus
SKY:Line:903,Lonevåg- Valestrand - Hamre - Valestrand,903,bus,Tide buss AS
SKY:Line:902,Lonevåg - Gjerstad - Haus - Kvisti,902,bus,Tide buss AS
VKT:Line:1589,Lindhøy-Svelvikstranda-Mågerø,1589,bus,Unibuss avd. Tønsberg
AKT:Line:250,Flekkefjord - Lyngdal,250,bus,Connect Bus
ATB:Line:2_5211,Sistranda - Gurvikdal - Nordsk,5211,bus,Vy Region
VKT:Line:1593,Tønsberg-Granly skole,1593,bus,Unibuss avd. Tønsberg
ATB:Line:2_5210,Sistranda - Flatval - Titran,5210,bus,Vy Region
VKT:Line:1592,Bergan-Oserød-Borgheim,1592,bus,Tide avd. Vestfold
VKT:Line:1595,Horten vgs,02,bus,Unibuss avd. Tønsberg
ATB:Line:2_5212,Sistranda - Uttian - Dyrøy,5212,bus,Vy Region
VKT:Line:1594,Borgheim-Torød-Oserød,1594,bus,Tide avd. Vestfold
VKT:Line:1597,Høyjord-Vivestad-Bjørndalen,1597,bus,Unibuss avd. Tønsberg
VKT:Line:1596,Tønsberg-Kaldnes-Borgheim,1596,bus,Tide avd. Vestfold
VKT:Line:1598,Høyjord-Vivestad-Gravdal,1598,bus,Unibuss avd. Tønsberg
BRA:Line:4_6169,Lierbyen - Oslo bussterminal,169,bus,Vy Buss AS
AKT:Line:237,Lyngdal-Farsund-Lista,237,bus,L/L Setesdal Bilruter
SOF:Line:1407_69,Leknessund-Hersvik kryss,371,bus,
VKT:Line:1591,Syrbekk-Tønsberg,113,bus,Unibuss avd. Tønsberg
VKT:Line:1590,Lindhøy-Grimestad-Sundene,1590,bus,Unibuss avd. Tønsberg
AKT:Line:240,Skoleruter Hægebostad,240,bus,L/L Setesdal Bilruter
VKT:Line:1560,Steinerskolen-Torød-Engås,1560,bus,Unibuss avd. Tønsberg
VKT:Line:1562,Brattås-Tenvik-Kjøpmannskjær,1562,bus,Tide avd. Vestfold
VKT:Line:1561,Kjøpmannskjær-Tenvik-Brattås,1561,bus,Tide avd. Vestfold
VKT:Line:1564,Høyjord-Dalsroa-Andebu,124,bus,Unibuss avd. Tønsberg
VKT:Line:1563,Dalsroa-Høyjord,1563,bus,Unibuss avd. Tønsberg
INN:FlexibleLine:4801,Vestsida Søndre Land,4801,taxi,Taxi for Innlandstrafikk
VKT:Line:1566,Husøy-Borgheim usk,1566,bus,Tide avd. Vestfold
VKT:Line:1565,Vivestad-Bergsåsen,1565,bus,Unibuss avd. Tønsberg
RUT:Line:2850,Gullhaug - Nationaltheatret,150E,bus,Vy Buss AS
SOF:Line:2813_69,Rysjedalsvika-Lavik-Høyanger,222,bus,
ATB:FlexibleLine:3a2831ca-b464-5804-affd-9367f4ba9fe0,Heim ,AtB Bestill,bus,Trønder taxi
AVI:Line:DY_OSL-MOL,Oslo-Molde,,air,Norwegian
AKT:Line:230,Farsund-Borhaug,230,bus,L/L Setesdal Bilruter
VKT:Line:1567,Husøy-Borgheim usk,1567,bus,Tide avd. Vestfold
INN:FlexibleLine:4804,Fall/Hov-Gjøvik,4804,taxi,Taxi for Innlandstrafikk
VKT:Line:1569,Vivestad-Revetal,1569,bus,Unibuss avd. Tønsberg
ATB:FlexibleLine:0fc70a49-e4bb-5181-9edb-cc9ab7e88f4a,Lierne,AtB Bestill,bus,Trønder taxi
ATB:FlexibleLine:0f30af3e-c792-5be1-8203-f9017147ae5b,Røyrvik TB ,AtB Bestill,bus,Trønder taxi
VKT:Line:1571,Tønsberg-Nauen,1571,bus,Unibuss avd. Tønsberg
VKT:Line:1570,Borgheim usk-Husøy,1570,bus,Tide avd. Vestfold
VKT:Line:1573,Lindhøy-Grimestad-Sundene,1573,bus,Unibuss avd. Tønsberg
VKT:Line:1572,V.Ende-Tjøme-Steinerskolen,1572,bus,Unibuss avd. Tønsberg
VKT:Line:1575,Hjemesng-Knarberg-Borgheim usk,1575,bus,Tide avd. Vestfold
VKT:Line:1574,Teie-Knarberg-Borgheim usk,1574,bus,Tide avd. Vestfold
VKT:Line:1577,Sundene-Tønsberg,1577,bus,Unibuss avd. Tønsberg
ATB:FlexibleLine:6d47ba9d-34be-5ccf-99b8-ceb1d6a6c9e8,Midtre Gauldal,AtB Bestill,bus,Trønder taxi
VKT:Line:1576,Lindhøy-Hulebak-Verdens ende,1576,bus,Unibuss avd. Tønsberg
TEL:Line:8602,Drangedal-Treungen,602,bus,Vy Buss avd. Notodden
RUT:Line:2840,Hosle - Nationaltheatret,140E,bus,Vy Buss AS
TEL:Line:8601,Drangedal-Porsgrunn-Skien,601,bus,Vy Buss avd. Notodden
VKT:Line:1579,Tønsberg-Greveskogen,1579,bus,Unibuss avd. Tønsberg
TEL:Line:8609,Kragerø-Helle-Tangen,609,bus,Vy Buss avd. Notodden
VKT:Line:1578,Klokkeråsen-Rom-Åsg.-Volden,1578,bus,Unibuss avd. Tønsberg
TEL:Line:8607,Drangedal-Kragerø,607,bus,Vy Buss avd. Notodden
TEL:Line:8606,Drangedal-Oseid,606,bus,Vy Buss avd. Notodden
TEL:Line:8605,Bø skule-Norbø,605,bus,Vy Buss avd. Notodden
TEL:Line:8603,Drangedal-Dale,603,bus,Vy Buss avd. Notodden
SOF:Line:3501_69,Lavik-Oppedal,1045,water,
RUT:Line:321,Fetsund - Garderåsen,321,bus,Nobina AS
RUT:Line:320,Garderåsen - Lillestrøm,320,bus,Nobina AS
AVI:Line:WF_BGO-KRS,Bergen-Kristiansand,,air,Widerøe
VYX:Line:125,VY710 (Oslo-)Lillehammer-Trondheim-Steinkjer,VY710,coach,Vy Buss
ATB:FlexibleLine:57b970fc-b74c-5112-892b-e4e8fb33906a,Meråker TB ,AtB Bestill,bus,Trønder taxi
VKT:Line:5113,Natt Tønsberg-Torød,N113,bus,Unibuss avd. Tønsberg
SOF:Line:7314_69,Nordfjordeid-Remmed.-Bryggja,154,bus,
VKT:Line:5116,Natt Tønsberg-Skallevold,N116,bus,Unibuss avd. Tønsberg
SOF:Line:5987_69,Måløy-Gangsøy-Risøy,193,water,
ATB:FlexibleLine:eaa5dd0e-a53a-575d-8b5e-8386610af54a,Skaun,AtB Bestill,bus,Trønder taxi
RUT:Line:310,Fjerdingby - Vallerudtoppen,310,bus,Connect Bus AS
AVI:Line:WF_BGO-KSU,Bergen-Kristiansund,,air,Widerøe
RUT:Line:315,Vallerudtoppen - Ahus,315,bus,Connect Bus AS
SOF:Line:1257_69,Bjordal-Ikjefjord-Østerbø,823,bus,
ATB:Line:2_5202,Lysheim - Selva - Kallklova -,5202,bus,Vy Region
KOL:Line:8_5502,504,504,water,Norled AS
ATB:Line:2_5201,Lensvik - Singstad - Øyangen -,5201,bus,Vy Region
ATB:FlexibleLine:78e7eae0-62ce-5f16-b33f-5b1f21e8a84c,Åfjord,AtB Bestill,bus,Trønder taxi
ATB:Line:2_5208,Fillan - Fjellværøya/Ulvøya,5208,bus,Vy Region
ATB:Line:2_5207,Fillan - Barman - Strøm/Knutsh,5207,bus,Vy Region
ATB:Line:2_5209,Hestvika - Strand - Tranvikan,5209,bus,Vy Region
ATB:Line:2_5206,Fillan - Strøm - Kvenvær - Vær,5206,bus,Vy Region
ATB:Line:2_5205,Laksåvika - Strand skole,5205,bus,Vy Region
RUT:Line:345,Vestvollen - Økern,345,bus,Nobina AS
RUT:Line:340,Skedsmokorset - Olavsgaard - Lillestrøm,340,bus,Nobina AS
NBU:Line:a7c15243-8873-4aee-a8b4-8d22e8ad31dc,Oslo sentrum via Helsfyr-Hasle-Bislett,FB5,bus,Flybussen Connect
NWY:Line:13d720ae-a27d-5225-91bc-dd2c14dccb2a,Fjordekspressen,NW431,coach,Fjordekspressen
NWY:Line:e7fbecda-40e7-5da8-812f-db7334a99281,FB82 Flybussen Narvik - fra flyplass til Narvik,FB82,bus,Flybussen Narvik
RUT:Line:330,Fjerdingby - Lillestrøm,330,bus,Nobina AS
RUT:Line:335,Lillestrøm - Branderud,335,bus,Nobina AS
SOF:Line:6127_69,Skulerute Florø,267,bus,
ATB:Line:2_7804,Oksdøla - Statland skole,7804,bus,Vy Region
ATB:Line:2_7801,Korsen - Morkmo - Bjørgan,7801,bus,Vy Region
ATB:Line:2_7802,Derås - Hundset - Namdalseid s,7802,bus,Vy Region
SOF:Line:6077_69,Flåm-Ål-Gudvangen,850,bus,
RUT:Line:366,Orredalen - Sørumsand,366,bus,Nobina AS
RUT:Line:365,Sørumsand - Frogner - Skedsmokorset,365,bus,Nobina AS
ATB:Line:2_7809,Svea - Høknes,7809,bus,Vy Region
NWY:Line:f37158a6-53fa-5f01-b32a-65c5b49068b2,Flybussen Sortland,FB81,bus,Flybussen Sortland
RUT:Line:5069,Sommerbuss i Drøbak,506X,bus,Connect Bus AS
ATB:Line:2_7807,Romstad - Klinga Bangdalsruta,7807,bus,Vy Region
ATB:Line:2_7808,Bangsund,7808,bus,Vy Region
RUT:Line:360,Vardefjellet/Vardeåsen - Blystadlia,360,bus,Nobina AS
SOF:Line:1419_69,Sløvåg-Dalsøyra-Oppdalsøyra,361,bus,
SKY:FlexibleLine:d73444aa-b8f6-4d64-9343-a5593a5ecc6d,Voss område,Skyss Bestilling,bus,Tide Buss
ATB:FlexibleLine:5613fbda-791b-572c-af56-68c0a34bf190,Namsskogan S ,AtB Bestill,bus,Trønder taxi
ATB:FlexibleLine:9724fa1a-5a90-5246-af99-d73df5f0da87,Holtålen TB,AtB Bestill,bus,Trønder taxi
RUT:Line:350,Lillestrøm - Ski,350,bus,Vy Buss AS
KOL:Line:8_5529,532,532,water,Norled AS
KOL:Line:8_9903,9,9,bus,Vy Buss AS
ATB:FlexibleLine:1d9c2924-456f-5f1f-886a-791049fd7c73,Grong TB,AtB Bestill,bus,Trønder taxi
RUT:Line:381,Guldhaug-Tømte - Lillestrøm,381,bus,Connect Bus AS
ATB:FlexibleLine:78ccfd01-9e8c-5f22-999a-3fcac4d7234a,Steinkjer,AtB Bestill,bus,Trønder taxi
RUT:Line:380,Lillestrøm - Rv4 - Oslo bussterminal,380,bus,Connect Bus AS
RUT:Line:386,Nittedal stasjon - Kruttverket - Dam,386,bus,Connect Bus AS
RUT:Line:385,Nittedal stasjon - Olavsgaard - Ahus,385,bus,Connect Bus AS
ATB:FlexibleLine:352ff289-5522-52f0-aee5-4a014d9db274,Midtre Gauldal,AtB Bestill,bus,Trønder taxi
VYX:Line:109,FB65 Flybussen Moa-Ålesund-Vigra,FB65,bus,Vy Buss
AVI:Line:WF_KKN-TOS,Kirkenes-Tromsø,,air,Widerøe
KOL:Line:8_5550,522,522,water,Norled AS
ATB:Line:2_7816,Tranåsn - Fosnes - Jøa skole,7816,bus,Vy Region
RUT:Line:370,Sørumsand - Blaker - Sørumsand,370A,bus,Nobina AS
ATB:Line:2_7814,Kalkløv - Ganes - Sørenget,7814,bus,Vy Region
ATB:Line:2_7815,Botnet - Jøa skole,7815,bus,Vy Region
ATB:Line:2_7813,Engan - Sørenget - Botnan,7813,bus,Vy Region
ATB:Line:2_7810,Svea - Buret - Høknes U (Østby,7810,bus,Vy Region
ATB:Line:2_7811,Namsos - Vibstad - Øysletta,7811,bus,Vy Region
SOF:Line:7302_69,Stryn-Erdal-Oppstryn,116,bus,
RUT:Line:375,Strømmen - Olavsgaard - Helsfyr,375,bus,Connect Bus AS
SOF:Line:5975_69,Florø-Rognaldsvåg-Kinn,292,water,
OST:Line:1_152,Kurland skole,152,bus,Nobina
OST:Line:1_153,Sarpsborgskolene,153,bus,Nobina
OST:Line:1_154,Varteig skole,154,bus,Nobina
AVI:Line:WF_OSL-BNN,Oslo-Brønnøysund,,air,Widerøe
OST:Line:1_155,Hafslund skole,155,bus,Nobina
VYX:Line:150834f5-2e5d-4266-9d6a-fccf9aae31e8,M/B Bitihorn,,water,Jotunheimen og Valdresruten Bilselskap
OST:Line:1_150,Grålum skole,150,bus,Nobina
OST:Line:1_151,Jelsnes skole,151,bus,Nobina
TEL:Line:8185,Rjukan-Notodden,185,bus,Vy Buss avd. Notodden
TEL:Line:8184,Drangedal-Porsgrunn-Skien,R4,bus,Vy Buss avd. Grenland
OST:Line:1_156,Sandbakken skole,156,bus,Nobina
OST:Line:1_157,Hornnes Skole,157,bus,Nobina
TEL:Line:8182,Seljord-Bø-Skien,R1,bus,Vy Buss avd. Notodden
INN:Line:689,Steinerskolen-Ilseng-Ådalsbruk,689,bus,Vy Buss Hedemarken/Glåmdal
OST:Line:1_158,Ullerøy skole,158,bus,Nobina
INN:Line:688,Ottestad-Birkelymoen-Hedemarke,688,bus,Vy Buss Hedemarken/Glåmdal
OST:Line:1_159,Karlshus skole,159,bus,Nobina
INN:Line:687,Vallset-Tangen-Stange-Steiners,687,bus,Vy Buss Hedemarken/Glåmdal
INN:Line:697,Hamar - Løten,697,bus,Vy Buss Hedemarken/Glåmdal
SKY:Line:424,Ramsvik - Bergen,424,bus,Tide buss AS
VKT:Line:1829,Sande vgs-Sande Jbst,1829,bus,Vy Buss avd. Vestfold nord
INN:Line:696,Stange vgs. - Løten - Elverum,696,bus,Vy Buss Hedemarken/Glåmdal
VKT:Line:1828,Sande vgs-Sande Jbst,1828,bus,Vy Buss avd. Vestfold nord
INN:Line:694,Løten - Skogbygda,694,bus,Vy Buss Hedemarken/Glåmdal
INN:Line:693,Løten - Nordbygda - Løten,693,bus,Vy Buss Hedemarken/Glåmdal
INN:Line:692,Hamar - Ådalsbruk - Løten,692,bus,Vy Buss Hedemarken/Glåmdal
VKT:Line:1821,Mariås-Sande vgs,1821,bus,Tide avd. Vestfold
VKT:Line:1820,Mariås-Sande vgs,1820,bus,Tide avd. Vestfold
VKT:Line:1823,Sande usk-Berger kafe,1823,bus,Vy Buss avd. Vestfold nord
VKT:Line:1822,Selvik skole-Berger kafe,1822,bus,Vy Buss avd. Vestfold nord
RUT:Line:3080,Buss for tog Tollboden - Holmlia,80X,bus,Connect Bus AS
SKY:Line:420,Skuleturar Sund,420,bus,Tide buss AS
VKT:Line:1825,Granbakken-Haga skole,1825,bus,Vy Buss avd. Vestfold nord
RUT:Line:3081,Buss for tog Oslo S - Kolbotn,81X,bus,Connect Bus AS
VIL:Line:eaf033c7-3564-4603-8bb4-e7fb8e97c9e7,Hafjellbussen ordinær,,bus,Visit Lillehammer
VKT:Line:1827,Holmestrand-Sande vgs,1827,bus,Tide avd. Vestfold
VKT:Line:1826,Sande stasjon-Sande vgs,1826,bus,Tide avd. Vestfold
OST:Line:1_142,Sarpsborg-Øvre Tune,142,bus,Nobina
KOL:Line:8_6307,SK3007,SK3007,bus,Boreal Buss AS
KOL:Line:8_6304,SK3004,SK3004,bus,Boreal Buss AS
OST:Line:1_143,Ullerøy,143,bus,Nobina
AVI:Line:WF_OSL-BOO,Oslo-Bodø,,air,Widerøe
KOL:Line:8_6305,SK3005,SK3005,bus,Boreal Buss AS
KOL:Line:8_6302,SK3002,SK3002,bus,Boreal Buss AS
KOL:Line:8_6303,SK3003,SK3003,bus,Boreal Buss AS
BSR:Line:f185b697-a238-466a-982c-65822b7e4e26,Tromsø lufthavn-UiT/UNN,FB93,bus,Bussring
VKT:Line:1830,Svelvik-Sande v.skole,1830,bus,Vy Buss avd. Vestfold nord
KOL:Line:8_6301,SK3001,SK3001,bus,Boreal Buss AS
INN:Line:679,Fredsvold-Herredsvang-Solvin,679,bus,Vy Buss Hedemarken/Glåmdal
INN:Line:678,Hamar - Stange,678,bus,Vy Buss Hedemarken/Glåmdal
INN:Line:676,Åsbygda - Romedal,676,bus,Vy Buss Hedemarken/Glåmdal
INN:Line:686,Hedemarken friskole - Stange,686,bus,Vy Buss Hedemarken/Glåmdal
SKY:Line:413,Berland/Heggernes - Ravnanger terminal,413,bus,Tide buss AS
SKY:Line:412,Breivik - Ravnanger terminal,412,bus,Tide buss AS
INN:Line:685,Solvin sk.-Bryhnisvea-Romedal-,685,bus,Vy Buss Hedemarken/Glåmdal
VKT:Line:1839,Svelvik-Mariås,1839,bus,Vy Buss avd. Vestfold nord
INN:Line:684,Vallset - Kolomoen,684,bus,Vy Buss Hedemarken/Glåmdal
INN:Line:683,Hamar - Ilseng - Romedal,683,bus,Vy Buss Hedemarken/Glåmdal
SKY:Line:414,Herdla - Ravnanger terminal,414,bus,Tide buss AS
INN:Line:682,Nyhuset - Breidablikk - Stange,682,bus,Vy Buss Hedemarken/Glåmdal
RUT:Line:3077,Hauketo stasjon - Bjørndal,77X,bus,Connect Bus AS
INN:Line:681,Stange - Åsvang - Vallset,681,bus,Vy Buss Hedemarken/Glåmdal
RUT:Line:3075,Lambertseter ring,75C,bus,Nobina AS
INN:Line:680,Basterud-Stange krk-Arstad-Hob,680,bus,Vy Buss Hedemarken/Glåmdal
RUT:Line:3073,Vallerudtoppen - Skåreråsen - Ahus - Knatten,3073,bus,Connect Bus AS
VKT:Line:1832,Østbygda-Sande vgs,1832,bus,Vy Buss avd. Vestfold nord
VKT:Line:1831,Klervjerhagen-Sande vgs,1831,bus,Vy Buss avd. Vestfold nord
VKT:Line:1833,Holmestrand-Sande vgs,1833,bus,Vy Buss avd. Vestfold nord
VKT:Line:1838,Sande Vgs-Svelvik-Mariås,1838,bus,Vy Buss avd. Vestfold nord
SKY:Line:411,Ramsøy - Ravnanger terminal,411,bus,Tide buss AS
SKY:Line:410,Ravnanger - Norrønaheimen - Bergen busstasjon,410,bus,Tide buss AS
OST:Line:1_130,Kurland - Brevik,130,bus,Nobina
OST:Line:1_131,Sarpsborg-Kalaveien-Kvastebyen,131,bus,Nobina
OST:Line:1_132,Sarpsborg-Opstad,132,bus,Vy Buss AS
OST:Line:1_133,Borgen-Bede,133,bus,Nobina
KOL:Line:8_6314,SK3014,SK3014,bus,Boreal Buss AS
SKY:Line:40E,Olsvikskjenet - Bergen busstasjon,40E,bus,Tide Buss og Bane
OST:Line:1_138,Sarpsborg - Varteig,138,bus,Nobina
KOL:Line:8_6310,SK3010,SK3010,bus,Boreal Buss AS
OST:Line:1_134,Sarpsborg - Opsund,134,bus,Nobina
OST:Line:1_135,Råkil - Bakkeli,135,bus,Nobina
SAM:Line:9011012080800000,Ø Göteborg - Halmstad,,rail,
OST:Line:1_136,Alvimhaugen,136,bus,Nobina
OST:Line:1_137,Sarpsborg-Hannestad øst,137,bus,Vy Buss AS
SKY:Line:402,Hetlevik - Norrønaheimen - Kleppestø terminal,402,bus,Tide buss AS
INN:Line:675,Stange-Romedal-Ilseng-Hamar,675,bus,Vy Buss Hedemarken/Glåmdal
VKT:Line:1807,Sande stasjon-Sande vgs,1807,bus,Tide avd. Vestfold
SOF:Line:7294_69,Flatraket-Barmsund-Salt-Selje,166,bus,
INN:Line:674,Stange - Vestbygda - Hamar,674,bus,Vy Buss Hedemarken/Glåmdal
VKT:Line:1806,Galleberg skole-Sande,1806,bus,Vy Buss avd. Vestfold nord
SKY:Line:401,Kleppestø terminal - Strusshamn - Marikoven,401,bus,Tide buss AS
INN:Line:673,Stange - Vallset - Støa,673,bus,Vy Buss Hedemarken/Glåmdal
VKT:Line:1809,Sande vgs-Haga skole,1809,bus,Vy Buss avd. Vestfold nord
INN:Line:672,Åsbygda-Ilseng-Stange-Romedal,672,bus,Vy Buss Hedemarken/Glåmdal
SKY:Line:403,Stongafjellet - Kleppestø - Krokåsfeltet,403,bus,Tide buss AS
VKT:Line:1808,Sande vgs-Sande stasjon,1808,bus,Tide avd. Vestfold
INN:Line:671,Stange - Tangen - Espa,671,bus,Vy Buss Hedemarken/Glåmdal
SKY:Line:406,Florvågøen - Kleppestø terminal,406,bus,Tide buss AS
MOR:Line:100,FRAM Ekspress Ålesund-Molde-Kristiansund,100,bus,FRAM
INN:Line:670,Sand - Hamar,670,bus,Vy Buss Hedemarken/Glåmdal
SKY:Line:405,Øvre Florvåg - Kleppestø,405,bus,Tide buss AS
SKY:Line:408,Hanevik - Ask - Kleppestø terminal,408,bus,Tide buss AS
MOR:Line:101,FRAM Ekspress Volda-Ålesund,101,bus,Vy Buss
SKY:Line:407,Haugland - Steinrusten - Kleppestø - (Bergen),407,bus,Tide buss AS
MOR:Line:102,Skolerute Molde pakke 4,102,bus,FRAM
VKT:Line:1801,Skafjell-Klokkerjordet skole,1801,bus,Tide avd. Vestfold
VKT:Line:1800,Selvik-Haga skole,1800,bus,Vy Buss avd. Vestfold nord
VKT:Line:1803,Sande st-Sande vgs,1803,bus,Vy Buss avd. Vestfold nord
AVI:Line:WF_BGO-FRO,Bergen-Florø,,air,Widerøe
SKY:Line:400,Ravnanger - Kleppestø - Bergen busstasjon,400,bus,Tide buss AS
VKT:Line:1805,Haga-Galleberg,1805,bus,Vy Buss avd. Vestfold nord
KOL:Line:8_6308,SK3008,SK3008,bus,Boreal Buss AS
KOL:Line:8_6309,SK3009,SK3009,bus,Boreal Buss AS
VKT:Line:1804,Klokkerjordet skole-Skafjell,1804,bus,Tide avd. Vestfold
OST:Line:1_120,Lisleby - Trara,120,bus,Nobina
KOL:Line:8_3298,SK0612,SK0612,bus,Vy Buss AS
KOL:Line:8_3299,SK0611,SK0611,bus,Vy Buss AS
INN:FlexibleLine:4030,Busserullen Rau.,4030,taxi,Taxi for Innlandstrafikk
INN:Line:658,Østås - Hamar katedralskole,658,bus,Vy Buss Hedemarken/Glåmdal
INN:Line:657,Hjellum - Hamar katedralskole,657,bus,Vy Buss Hedemarken/Glåmdal
OST:Line:1_123,Humlekjær-Torsnes-Fredrikstad,123,bus,Nobina
INN:Line:656,Vangli - Greften - Lunden,656,bus,Vy Buss Hedemarken/Glåmdal
BRA:Line:4_6660,Svelvik-Verket,B60,water,Bastø Fosen
INN:Line:655,Ilseng - Hjellum - Ener,655,bus,Vy Buss Hedemarken/Glåmdal
INN:Line:654,Skolerute Vang 2B,654,bus,Vy Buss Hedemarken/Glåmdal
INN:Line:664,Steinerskolen - Vangsåsen,664,bus,Vy Buss Hedemarken/Glåmdal
VKT:Line:1818,Haga Skole-Skafjell,1818,bus,Vy Buss avd. Vestfold nord
VKT:Line:1817,Bjerkøya-Haga skole-San,1817,bus,Vy Buss avd. Vestfold nord
INN:Line:662,Hamar katedralskole - sentrum,662,bus,Vy Buss Hedemarken/Glåmdal
SKY:FlexibleLine:92198489-0b0c-4f43-b77c-3e9455a75915,Nordfjordeid - Hennebygda,Skyss Bestilling,bus,Firda Billag
INN:Line:660,Hamar - Østås - Gåsbu - Hamar,660,bus,Vy Buss Hedemarken/Glåmdal
VKT:Line:1810,Bergeråsen-Sande vgs,1810,bus,Vy Buss avd. Vestfold nord
ATB:FlexibleLine:d50bf25f-663c-5e75-b107-7c2cad0e56f2,Leka TB ,AtB Bestill,bus,Trønder taxi
VKT:Line:1812,Sande-Holm,1812,bus,Vy Buss avd. Vestfold nord
TFJ:Line:19ab85b5-d09e-4b82-a5b2-0a810be4bc7b,Geiranger-Hellesylt,1152,water,The Fjords
VKT:Line:1811,Holm - Sande,1811,bus,Vy Buss avd. Vestfold nord
AVI:Line:WF_OSL-SSJ,Oslo-Sandnessjøen,,air,Widerøe
VKT:Line:1814,Mariås-Sande vgs,1814,bus,Vy Buss avd. Vestfold nord
VKT:Line:1813,Sande-Holm,1813,bus,Vy Buss avd. Vestfold nord
VKT:Line:1816,Mariås-Sande vgs,1816,bus,Vy Buss avd. Vestfold nord
ATB:FlexibleLine:0bdfa328-d590-5f91-bc4e-0746d840ae81,Grong TB,AtB Bestill,bus,Trønder taxi
VKT:Line:1815,Bergeråsen-Sande vgs,1815,bus,Vy Buss avd. Vestfold nord
FIN:Line:6219,Kautokeino - Stornes,219,bus,Connect Bus Nord AS
OST:Line:1_197,Hvaler-barne og ungdomsskole,197,bus,Nobina
FIN:Line:6218,Alta - Haldde Montessoriskole,218,bus,Connect Bus Nord AS
FIN:Line:6217,Alta sentrum - Amtmannsnes,217,bus,Connect Bus Nord AS
OST:Line:1_199,Fredrikstadskolene,199,bus,Nobina
FIN:Line:6216,Rafsbotn - Russeluft,216,bus,Connect Bus Nord AS
OST:Line:1_192,Manstad skole,192,bus,Nobina
SOF:Line:1230_69,Viken-Sande,212,bus,
OST:Line:1_194,Kråkerøy ungdomsskole,194,bus,Nobina
OST:Line:1_195,Lunde skole,195,bus,Nobina
ATB:Line:2_5901,Stjern - Åfjord - Åset skole,5901,bus,Vy Region
TEL:Line:8143,Rjukan-Rauland-Åmot,143,bus,Vy Buss avd. Notodden
FIN:Line:6211,Alta - Thomasbakken - Eiby,211,bus,Connect Bus Nord AS
TEL:Line:8142,Åmot-Dalen,142,bus,Vy Buss avd. Notodden
FIN:Line:6210,Alta - Nyvoll,210,bus,Connect Bus Nord AS
INN:Line:649,Hamar - Resirkula,649,bus,Vy Buss Hedemarken/Glåmdal
ATB:Line:2_5903,Åfjord- Tårnes/Lauvøy,5903,bus,Vy Region
TEL:Line:8141,Fyresdal-Dalen,141,bus,Vy Buss avd. Notodden
INN:Line:647,Tåsåsen - Putten - Kylstad - e,647,bus,Vy Buss Hedemarken/Glåmdal
ATB:Line:2_5902,Åset skole - Åfjord - Ommundal,5902,bus,Vy Region
TEL:Line:8140,Dalen/Kviteseid-Seljord-Skien,140,bus,Vy Buss avd. Notodden
INN:Line:646,Hamar-Furnesåsen-Brumunddal,646,bus,Vy Buss Hedemarken/Glåmdal
FIN:Line:6215,Rafsbotn - Storekorsnes,215,bus,Connect Bus Nord AS
INN:Line:645,Brmunddal-Nybygda-Hamar,645,bus,Vy Buss Hedemarken/Glåmdal
FIN:Line:6214,Talvik - Langnes,214,bus,Connect Bus Nord AS
FIN:Line:6213,Alta - Eiby - Gargia,213,bus,Connect Bus Nord AS
FIN:Line:6212,Alta - Thomasbakken - Gargia,212,bus,Connect Bus Nord AS
INN:Line:643,Furnes u.sk- Kirkenær- Jessnes,643,bus,Vy Buss Hedemarken/Glåmdal
ATB:Line:2_5909,Åset skole - Lauvøy/Stjern,5909,bus,Vy Region
SKY:Line:467,Algrøy/Lokøy/Syltøy - Åse - Straume,467,bus,Tide buss AS
ATB:Line:2_5908,Strand - Åsegg,5908,bus,Vy Region
INN:Line:652,Trehørningen-Kapp-Ener,652,bus,Vy Buss Hedemarken/Glåmdal
ATB:Line:2_21,Brattøra- Sentrum- Trolla,21,bus,Tide Buss
INN:Line:651,Skolerute Vang 1,651,bus,Vy Buss Hedemarken/Glåmdal
ATB:Line:2_20,Grillstad - Strindheim - Ladehammeren- Sentrum - Romolslia,20,bus,Tide Buss
INN:Line:650,Gåsbu - Veståsen - Hamar,650,bus,Vy Buss Hedemarken/Glåmdal
TEL:Line:8136,Felle-Treungen,136,bus,Vy Buss avd. Notodden
TEL:Line:8135,Fjalestad-Fjone-Treungen,135,bus,Vy Buss avd. Notodden
ATB:Line:2_5904,Åfjord - Grensen - Osen,5904,bus,Vy Region
ATB:Line:2_5907,Bessaker - Brandsfjord skole,5907,bus,Vy Region
ATB:Line:2_5906,Stokksund- Linesøya,5906,bus,Vy Region
TEL:Line:8133,Morgedal-Brunkeberg-Kviteseid,133,bus,Vy Buss avd. Notodden
NOR:Line:12_8765,Leknes-Oppdøl-Uttakleiv,765,bus,Boreal Buss AS
SKY:Line:460,Ågotnes - Bergen,460,bus,Tide buss AS
NOR:Line:12_8764,Borg - Eggum - Unstad,764,bus,Boreal Buss AS
NOR:Line:12_8763,Leknes-Valberg,763,bus,Boreal Buss AS
SKY:Line:462,Morland/Fjæreide - Ågotnes,462,bus,Tide buss AS
NOR:Line:12_8762,Årstrand - Barstrand,762A,bus,Boreal Buss AS
ATB:Line:2_28,Ilsvika-Pirbadet via Singsaker,28,bus,Tide Buss
ATB:Line:2_23,Brattøra - St. Olavs - Hallset - Flatåsen - Sandmoen,23,bus,Vy
NOR:Line:12_8761,Alstad-Haveren-Vonheim,761,bus,Boreal Buss AS
ATB:Line:2_22,Vestlia- Othilienborg- Sentrum,22,bus,Tide Buss
FLI:Line:344ed7f4a4020428,Oslo - Prague,N132,coach,FlixBus
ATB:Line:2_25,Vikåsen- Strindheim- Singsaker,25,bus,Tide Buss
SKY:Line:466,Nesse/Ekren - Straume,466,bus,Tide buss AS
ATB:FlexibleLine:956003f5-7577-5cd4-acee-6f62a21b3452,Leka TB ,AtB Bestill,bus,Trønder taxi
SKY:Line:465,Ågotnes - Ulveset - Straume,465,bus,Tide buss AS
OST:Line:1_185,Cicignon ungdomsskole,185,bus,Nobina
ATB:FlexibleLine:2038c27d-de43-5a91-9136-643609051553,Åfjord,AtB Bestill,bus,Trønder taxi
OST:Line:1_186,Borge ungdomsskole,186,bus,Nobina
OST:Line:1_187,Ambjørnrød-Kvernhuset skole,187,bus,Nobina
OST:Line:1_188,Gressvik ungdomsskole,188,bus,Nobina
OST:Line:1_181,Rekustad skole,181,bus,Nobina
NOR:Line:12_8767,Leknes-Mortsund-Ure-Stamsund,767,bus,Boreal Buss AS
OST:Line:1_183,Hauge - Steinerskolen,183,bus,Nobina
NOR:Line:12_8766,Leknes-Ballstad,766,bus,Boreal Buss AS
OST:Line:1_184,Haugeåsen ungdomsskole,184,bus,Nobina
INN:Line:637,Hamar - Jessnes - Brumunddal,637,bus,Vy Buss Hedemarken/Glåmdal
INN:Line:636,Brumunddal-Brumund-Brumunddal,636,bus,Vy Buss Hedemarken/Glåmdal
TEL:Line:8151,Høydalsmo-Øyfjell-Rauland,151,bus,Vy Buss avd. Notodden
OST:Line:1_189,Rød skole,189,bus,Nobina
INN:Line:635,Brumunddal-Nybygda-Brumunddal,635,bus,Vy Buss Hedemarken/Glåmdal
TEL:Line:8150,Lårdal-Høydalsmo,150,bus,Vy Buss avd. Notodden
INN:Line:634,Brumunddal-Arneberg-Brumunddal,634,bus,Vy Buss Hedemarken/Glåmdal
FIN:Line:6203,(Alta) - Bognelv - Øksfjord,203,bus,Connect Bus Nord AS
SKY:Line:457,Sæle-Viksøy - Skogsskiftet,457,bus,Tide buss AS
INN:Line:642,Stavsberg - Furnes u.skole,642,bus,Vy Buss Hedemarken/Glåmdal
INN:Line:641,Brumunddal-Jessnes-Furnes u.sk,641,bus,Vy Buss Hedemarken/Glåmdal
TEL:Line:8149,Skinnarbu-Mogen,149,water,M/B Fjellvåken til Hardangervidda
SKY:Line:459,Tælavåg - Glesvær - Skogsskiftet,459,bus,Tide buss AS
INN:Line:640,Furnes u-skole - Brumunddal,640,bus,Vy Buss Hedemarken/Glåmdal
ATB:FlexibleLine:8ceb0e83-7bc3-5a50-ad4b-d88bcedb5b78,Stjørdal,AtB Bestill,bus,Trønder taxi
SKY:Line:458,Glesvær - Tælavåg - Skogsskiftet,458,bus,Tide buss AS
TEL:Line:8147,Kostveit-Åmot,147,bus,Vy Buss avd. Notodden
TEL:Line:8146,Arabygdi-Haukeli,146,bus,Vy Buss avd. Notodden
TEL:Line:8145,Byrte-Dalen,145,bus,Vy Buss avd. Notodden
TEL:Line:8144,Varland-Rauland,144,bus,Vy Buss avd. Notodden
OST:Line:1_190,Slevik skole,190,bus,Nobina
NOR:Line:12_8773,Reinefjorden,18-773,water,Charter i Nord AS
OST:Line:1_191,Vestbygda ungdomsskole,191,bus,Nobina
SKY:Line:450,Skogsskiftet - Bergen,450,bus,Tide buss AS
NOR:Line:12_8772,Å i Lofoten- Reine- Hamnøy,772,bus,Boreal Buss AS
NOR:Line:12_8771,Leknes-Ramberg-Fredvang-Nusfjo,771,bus,Boreal Buss AS
SKY:Line:452,Kallestad/Haganes - Tellnes skule,452,bus,Tide buss AS
SKY:Line:455,Forland -Skogsskiftet,455,bus,Tide buss AS
NOR:Line:12_8770,Sund-Ramberg,770,bus,Boreal Buss AS
SKY:Line:454,Klokkarvik- Eidesjøen-Skogsskiftet,454,bus,Tide buss AS
AVI:Line:WF_OSL-SVG,Oslo-Stavanger,,air,Widerøe
INN:FlexibleLine:4002,Biri Øverbygd,4002,taxi,Taxi for Innlandstrafikk
OST:Line:1_171,Kirkøy,171,bus,Nobina
OST:Line:1_172,Utgårdskilen-Bratte Bakke,172,bus,Nobina
INN:Line:629,Furnes u.sk - Solheim,629,bus,Vy Buss Hedemarken/Glåmdal
INN:Line:628,Tingvang - Rudshøgda - Moelv,628,bus,Vy Buss Hedemarken/Glåmdal
INN:Line:627,Duengerhøgda - Nes ungdomsskoe,627,bus,Vy Buss Hedemarken/Glåmdal
SKY:FlexibleLine:2ba15461-5d17-4b1b-b477-e9eb766330b5,Dale - Eidslandet ,Skyss Bestilling,bus,Mebas
TEL:Line:8163,Fyresdal-Kleivgrend,163,bus,Vy Buss avd. Notodden
INN:Line:626,Stavsjø-Grefsheimvegen-Tingnes,626,bus,Vy Buss Hedemarken/Glåmdal
INN:Line:625,Stavsjø - Helgøya,625,bus,Vy Buss Hedemarken/Glåmdal
TEL:Line:8162,Breivik-Fyresdal,162,bus,Vy Buss avd. Notodden
FIN:Line:6237,Breivikbotn - Sørvær,237,bus,Boreal Buss
INN:Line:624,Stavsjø-Solhaug-Kise-Hol,624,bus,Vy Buss Hedemarken/Glåmdal
TEL:Line:8161,Kilegrend-Fyresdal,161,bus,Vy Buss avd. Notodden
OST:Line:1_178,Borge barneskole,178,bus,Nobina
FIN:Line:6236,Breivikbotn - Hasvik,236,bus,Boreal Buss
INN:Line:623,Nes sk.-Myrgård-Kvernvollen,623,bus,Vy Buss Hedemarken/Glåmdal
SOF:Line:6746_69,Bybuss 2 Florø,252,bus,
OST:Line:1_179,Torsnes skole,179,bus,Nobina
INN:Line:622,Tangnesvegen - Gaupen skole,622,bus,Vy Buss Hedemarken/Glåmdal
RUT:Line:3017,Buss for linje 17,17B,bus,Vy Buss AS
INN:FlexibleLine:4001,Gjøvik - Vardal - Landåsen,4001,taxi,Taxi for Innlandstrafikk
INN:Line:621,Jølstad - Mengshol - Stavsjø,621,bus,Vy Buss Hedemarken/Glåmdal
SKY:Line:445,Anglevik - Straume,445,bus,Tide buss AS
SKY:Line:448,Liaskjæret - Straume,448,bus,Tide buss AS
SKY:Line:449,Skuleturar Fjell,449,bus,Tide buss AS
OST:Line:1_180,Nylende skole,180,bus,Nobina
SKY:Line:442,Brattholmen - Bergen,442,bus,Tide buss AS
NOR:Line:12_8782,A-rute Bodø - Værøy - Røst - Moskenes,18-782,water,Torghatten Nord AS
SKY:Line:441,Hjelteryggen - Bergen,441,bus,Tide buss AS
OST:Line:1_163,Kalnes vgs,163,bus,Nobina
OST:Line:1_164,Borg vgs,164,bus,Nobina
OST:Line:1_165,Tomb vgs,165,bus,Nobina
FIN:Line:6227,Masi skole - Garggoluoppal,227,bus,Boreal Buss
OST:Line:1_160,Råde ungdomsskole,160,bus,Nobina
OST:Line:1_161,Spetalen skole,161,bus,Nobina
INN:Line:619,Br.dal-Stensengdalen-Gaupen,619,bus,Vy Buss Hedemarken/Glåmdal
OST:Line:1_162,Greåker vgs,162,bus,Nobina
INN:Line:618,Moelv-Gaupen-Stavsjø-Tingnes,618,bus,Vy Buss Hedemarken/Glåmdal
FIN:Line:6222,Kautokeino - Økseidet,222,bus,Nils Aslak Triumf
INN:Line:616,Brumunddal - Stange vgs.,616,bus,Vy Buss Hedemarken/Glåmdal
FIN:Line:6221,Kautokeino - Ávzi,221,bus,Nils Rune Eira
FJT:Line:62448c90-fe40-4bfb-b0f0-eb50599ac48f,Gudvangen-Voss,950FT,bus,Tide Buss
INN:Line:615,Brumunddal-Rudshøgda-Moelv,615,bus,Vy Buss Hedemarken/Glåmdal
FIN:Line:6220,Kautokeino - Sunnennjárga,220,bus,Connect Bus Nord AS
ATB:FlexibleLine:c2d4af66-a147-530c-a39b-9f7c922bf344,Verdal,AtB Bestill,bus,Trønder taxi
INN:Line:614,Brumunddal - Stavsjø,614,bus,Vy Buss Hedemarken/Glåmdal
ATB:FlexibleLine:ac7f0bd7-e230-5914-befa-1bc37419b6a4,Grong S,AtB Bestill,bus,Trønder taxi
FIN:Line:6226,Burfjord - Langfjordbotn,226,bus,Boreal Buss
INN:Line:613,Brumunddal - Gaupen,613,bus,Vy Buss Hedemarken/Glåmdal
ATB:FlexibleLine:041d42f0-75a3-5305-9a28-2e32ebea8f55,Ørland,AtB Bestill,bus,Trønder taxi
FIN:Line:6225,Fruvika - Høgtun skole,225,bus,Connect Bus Nord AS
INN:Line:612,Moelv - Hersoug - Brumunddal,612,bus,Vy Buss Hedemarken/Glåmdal
INN:Line:611,Solheim - Gropen - Brumunddal,611,bus,Vy Buss Hedemarken/Glåmdal
FIN:Line:6223,Kautokeino - Soahtefielbma,223,bus,Nils Aslak Triumf
INN:Line:610,Næroset - Fossen - Moelv,610,bus,Vy Buss Hedemarken/Glåmdal
INN:Line:620,Brumunddal - Nes - Helgøya,620,bus,Vy Buss Hedemarken/Glåmdal
ATB:Line:2_10,Sæterbakken- Strindheim- Sentrum- Ratesvingen,10,bus,Vy
RUT:Line:3013,Buss for linje 13,13B,bus,Vy Buss AS
ATB:Line:2_16,Flatåsen- Heimdal- Torgård,16,bus,Vy
ATB:Line:2_15,Østmarka- Strindheim- E6- Nidarvoll- Tiller- Torgård,15,bus,Tide Buss
ATB:Line:2_18,City Syd/Sjetnmarka- Kroppanmarka- Ferista- Skistua,18,bus,Vy
ATB:Line:2_12,Dragvoll-Øya/Marienborg,12,bus,Tide Buss
ATB:Line:2_11,Blakli-sentrum-Stavset,11,bus,Tide Buss
ATB:Line:2_14,Lerkendal- Brundalen- Strindheim,14,bus,Tide Buss
ATB:Line:2_13,Østmarka - Strindheim - Lerkendal - Havstad,13,bus,Tide Buss
INN:Line:607,Moelv-Fløtlia-Næroset-Moelv,607,bus,Vy Buss Hedemarken/Glåmdal
INN:FlexibleLine:7175,Bestillingsrute Kirkenæe - Tja,7175,taxi,Taxi for Innlandstrafikk
FIN:Line:6255,Karasjok - Jerggul,255,bus,Tide Buss AS
INN:Line:606,Næroset - Fløtlia - Moelv,606,bus,Vy Buss Hedemarken/Glåmdal
INN:Line:605,Gjøvik - Moelv - Brumunddal,605,bus,Vy Buss Hedemarken/Glåmdal
FIN:Line:6254,Karasjok - Karigasniemi,254,bus,Tide Buss AS
INN:Line:604,Mesnali - Brøttum,604,bus,Vy Buss Hedemarken/Glåmdal
INN:FlexibleLine:7174,Bestillingsrute Kirkenær - Rit,7174,taxi,Taxi for Innlandstrafikk
INN:Line:603,Lillehammer-Lismarka-Brøttum,603,bus,Vy Buss Hedemarken/Glåmdal
FIN:Line:6252,Smørfjord - Lakselv,252,bus,Tide Buss AS
INN:Line:602,Lillehammer-Åsmarka-Moelv,602,bus,Vy Buss Hedemarken/Glåmdal
INN:Line:601,Moelv-Kløvstadhøgda-Lillehmr,601,bus,Vy Buss Hedemarken/Glåmdal
SKY:Line:FB58,Buss Sogndal-Haukåsen,FB58,bus,Tide Sogn
FIN:Line:6258,Breilia skole - Prærien,258,bus,Tide Buss AS
INN:Line:600,Moelv - Lillehammer,600,bus,Vy Buss Hedemarken/Glåmdal
FIN:Line:6257,Svineng - Karasjok,257,bus,Tide Buss AS
FIN:Line:6256,Port - Karasjok,256,bus,Tide Buss AS
RUT:Line:3004,Buss for linje 4,4B,bus,Nobina AS
RUT:Line:3005,Buss for linje 5,5B,bus,Nobina AS
RUT:Line:3003,Buss for linje 3,3B,bus,Unibuss AS
FIN:Line:6251,Lakselv - Klemetstad,251,bus,Tide Buss AS
INN:FlexibleLine:7182,Bestillingsrute Flisa - Lotter,7182,taxi,Taxi for Innlandstrafikk
FIN:Line:6250,Lakselv - Skoganvarre,250,bus,Tide Buss AS
INN:FlexibleLine:7183,Bestillingsrute Flisa - Velta,7183,taxi,Taxi for Innlandstrafikk
INN:FlexibleLine:7181,Bestillingsrute Flisa - Sønste,7181,taxi,Taxi for Innlandstrafikk
ATB:Line:2_741,Levanger - Holåsen vest,741,bus,Vy Region
SKY:Line:450E,Skogsskiftet - Bergen,450E,bus,Tide buss AS
SOF:Line:2532_69,Skei-Fjærland,830,bus,
SOF:Line:8383_69,Sandane-Hyen-Florø,101,bus,
FIN:Line:6249,Lakselv - Handelsbukt,249,bus,Tide Buss AS
INN:FlexibleLine:7164,Bestillingsrute Skotterud-Vest,7164,taxi,Taxi for Innlandstrafikk
FIN:Line:6244,Kvalsund - Neverfjord,244,bus,Tide Buss AS
ATB:FlexibleLine:e8d55466-da61-59e1-b15c-bdfa519e4ca6,Heim ,AtB Bestill,bus,Trønder taxi
FIN:Line:6243,Skaidi - Kvalsund,243,bus,Tide Buss AS
INN:FlexibleLine:7163,Bestillingsrute Åbogen-Skotte.,7163,taxi,Taxi for Innlandstrafikk
FIN:Line:6241,Nordvågen - Honningsvåg,241,bus,Tide Buss AS
FIN:Line:6246,Hønseby - Kjerringholmen,246,bus,Tide Buss AS
FIN:Line:6245,Gunnarnes - Tufjord,245,bus,Boreal Buss
SOF:Line:1458_69,S.Hjønnevåg-Lundøy-Hardbakke,372,bus,
FIN:Line:6240,Honningsvåg - Kamøyvær,240,bus,Tide Buss AS
INN:FlexibleLine:7171,Bestillingsrute Svullr-Kongsv,7171,taxi,Taxi for Innlandstrafikk
INN:FlexibleLine:7172,Bestillingsrute Kirkenær-Svull,7172,taxi,Taxi for Innlandstrafikk
ATB:Line:2_732,Steinkjer - Bartnes - Steinkje,732,bus,Vy Region
ATB:Line:2_733,Agle Snåsa - Steinkjer,733,bus,Vy Region
ATB:Line:2_731,Namdalseid - Steinkj,731,bus,Vy Region
SKY:FlexibleLine:3bbc29a8-408c-416a-8a6f-b88dd2def58e,Skyss Bestillingstransport - Tertnes,Skyss Bestilling,bus,Skyss
SKY:FlexibleLine:394d1b8f-049b-49ae-ab85-7c5d47cce32e,Ulvik - Hjeltnes,Skyss Bestilling,bus,Tide Buss
ATB:Line:2_723,Mosvik - Inderøy/Steinkjer,723,bus,Vy Region
INN:FlexibleLine:7153,Oppstad - Skarnes,7153,taxi,Taxi for Innlandstrafikk
FIN:Line:6277,Vestre Jakobselv - Vadsø,277,bus,Boreal Buss
INN:FlexibleLine:7154,Skarnes - Kongsvinger,7154,taxi,Taxi for Innlandstrafikk
FIN:Line:6276,Vadsø - Krampenes,276,bus,Boreal Buss
INN:FlexibleLine:7151,Skarnes - Disenå - Åkroken,7151,taxi,Taxi for Innlandstrafikk
FIN:Line:6275,Tana bru - Vadsø,275,bus,Boreal Buss
FIN:Line:6274,Tana bru - Varangerbotn,274,bus,Boreal Buss
INN:FlexibleLine:7152,Skarnes - Ullern,7152,taxi,Taxi for Innlandstrafikk
FIN:Line:6279,Tana bru - Austertana,279,bus,Boreal Buss
FIN:Line:6278,Tana Montessoriskole - Langnes,278,bus,Boreal Buss
AKT:Line:4701,Tonstad - Øvre Sirdal,2271,bus,Tonstad taxi
SKY:FlexibleLine:c14df327-5654-4d4a-bcff-7a50f99c9d8e,Husnes Bestilling,Skyss Bestilling,bus,Tide Buss
FIN:Line:6273,Mortensnes - Karlebotn,273,bus,Boreal Buss
FIN:Line:6272,Kirkenes - Pasvik,272,bus,Boreal Buss
INN:FlexibleLine:7161,Bestillingsrute Skotte-Finnsr,7161,taxi,Taxi for Innlandstrafikk
FIN:Line:6271,Svanvik - Vaggetem,271,bus,Boreal Buss
FIN:Line:6270,Kirkenes - Lanabukt,270,bus,Boreal Buss
ATB:Line:2_722,Straumen - Steinkjer,722,bus,Vy Region
SOF:Line:8967_69,Måløy-Raudeberg-Vedvik-Kvalheim,122,bus,
INN:FlexibleLine:7142,Sand - Mo - Skarnes,7142,taxi,Taxi for Innlandstrafikk
FIN:Line:6265,Ifjord - Lebesby skole,265,bus,Boreal Buss
INN:FlexibleLine:7141,Sand - Korsholen,7141,taxi,Taxi for Innlandstrafikk
ATB:FlexibleLine:9c0958a2-6430-5054-bbbc-6c6ba79ea34a,Lierne S,AtB Bestill,bus,Trønder taxi
AKT:Line:4713,Flekkefjord - Gyland - Tonstad,270,bus,Tonstad taxi
FIN:Line:6261,Kjøllefjord - Dyfjord,261,bus,Tide Buss AS
ATB:FlexibleLine:a763ce1e-4000-5520-881d-0851a13f5c8c,Nærøysund TB ,AtB Bestill,bus,Trønder taxi
SOF:Line:6120_69,Balestrand-Dragsvik-Meel,821,bus,
ATB:FlexibleLine:24a7d107-fe5a-588f-bca4-a86d67624430,Rindal ,AtB Bestill,bus,Trønder taxi
OST:Line:1_110,Trara-Leie-Lisleby,110,bus,Nobina
OST:Line:1_116,Skjærviken-Fredrikstad,116,bus,Nobina
OST:Line:1_117,Fredrikstad-Alshus,117,bus,Nobina
SOF:Line:8992_69,Bryggja-Eikås-Kjølsdalen,155,bus,
AVI:Line:WF_TOS-HFT,Tromsø-Hammerfest,,air,Widerøe
OST:Line:1_112,Fredrikstad-Tørkopp,112,bus,Nobina
OST:Line:1_113,Torsnes-Humlekjær-Fredrikstad,113,bus,Nobina
OST:Line:1_114,Saltnes-Tomb,114,bus,Nobina
OST:Line:1_115,Øyenkilen-Vikane,115,bus,Nobina
ATB:Line:2_785,Aglen - Skorstad - Namsos,785,bus,Vy Region
ATB:FlexibleLine:4ce6102b-ad7f-5167-9ede-84f67910e8b8,Steinkjer,AtB Bestill,bus,Trønder taxi
ATB:Line:2_783,Fossbrenna - Sentrum - (Spillum),783,bus,Vy Region
ATB:Line:2_784,Namsos - Bangsund - Namdalseid,784,bus,Vy Region
ATB:Line:2_781,Namsos - Bangsund,781,bus,Vy Region
ATB:Line:2_782,Sørenget - Hals - Kattmarka -,782,bus,Vy Region
SOF:Line:1124_69,Sandane-Kandal-Mykland,105,bus,
VKT:Line:1,Horten-Tønsberg-Sandefjord,01,bus,Setesdal Bilruter
VKT:Line:2,Tjøme-Tønsberg-Horten-Holmestr,02,bus,Unibuss avd. Tønsberg
VKT:Line:3,Busk-Sandefjord-Larvik-Veldre,3,bus,Tide avd. Vestfold
VKT:Line:4,Torp-Sandefjord-Larvik-Stavern,4,bus,Tide avd. Vestfold
FIN:Line:6285,Vardø-Kiberg,285,bus,Boreal Buss
OST:Line:1_101,Kongsten-Årum-Grålum-Kalnes,101,bus,Nobina
OST:Line:1_102,Kråkerøy,102,bus,Nobina
OST:Line:1_103,Gressvik-Kalnes,103,bus,Nobina
FIN:Line:6280,Nuorgam - Tana bru,280,bus,Boreal Buss
FIN:Line:6283,Fiskeværvegen - Nordskogen sko,283,bus,Boreal Buss
MOR:Line:133,Leknes-Øye,133,bus,FRAM
ATB:FlexibleLine:3040d2a4-ccf5-5359-90c2-04950982e20f,Snåsa,AtB Bestill,bus,Trønder taxi
FIN:Line:6281,Tana bru - Sirma,281,bus,Boreal Buss
SOF:Line:1471_69,Dalsøyra-Fivelsdal-Brandanger,361,bus,
SOF:Line:6132_69,Førde-Bygstad-Laukeland,213,bus,
ATB:FlexibleLine:55358c3b-193e-5d8a-a9b1-edbe57f3f311,Selbu TB ,AtB Bestill,bus,Trønder taxi
SOF:Line:6203_69,Dale-Straumsnes,223,bus,
ATB:Line:2_763,Kolvereid - Ottersøy - Måneset,763,bus,Vy Region
ATB:Line:2_761,Kolvereid - Gutvik,761,bus,Vy Region
ATB:Line:2_762,Abelvær - Kolvereid,762,bus,Vy Region
ATB:Line:2_760,Stein - Leknes,760,bus,Vy Region
SOF:Line:2994_69,Naustdal-Åsedalen-Byrkjeflot,241,bus,
RUT:Line:2565,Hellvik - Nesoddtangen,565E,bus,Connect Bus AS
ATB:FlexibleLine:90089ab9-ce41-57cb-9a23-4de19ba3438c,Verdal,AtB Bestill,bus,Trønder taxi
RUT:Line:2560,Blylaget - Hellvik - Nesoddt.(natt- og morgenbuss),560N,bus,Connect Bus AS
KOL:Line:8_1505,SK2702,SK2702,bus,Connect Bus Norge
ATB:FlexibleLine:5352f40c-f59f-5a33-be25-959dc3aa21f7,Åfjord,AtB Bestill,bus,Trønder taxi
KOL:Line:8_1506,SK2402,SK2402,bus,Connect Bus Norge
KOL:Line:8_1502,SK0302,SK0302,bus,Connect Bus Norge
KOL:Line:8_1503,SK2401,SK2401,bus,Connect Bus Norge
KOL:Line:8_1504,SK2701,SK2701,bus,Connect Bus Norge
SOF:Line:1467_69,Østerbø-Indre Oppedal-Brekke,365,bus,
RUT:Line:2545,Son med klokka,545A,bus,Connect Bus AS
RUT:Line:1215,Kolsås - Vøyenenga- Sandvika,215A,bus,Vy Buss AS
AKT:Line:2106,Kvarstein skole,2106,bus,Boreal Buss AS
AKT:Line:2103,Tjomsås/Lie - Skarpengland,2103,bus,L/L Setesdal Bilruter
AKT:Line:2104,Homstean/Stallemo - Skarpengl.,2104,bus,L/L Setesdal Bilruter
VKT:Line:138,Sandefjord-Helgerød-Stokke,138,bus,Tide avd. Vestfold
VKT:Line:137,Sandefjord-Unneberg-Stokke,137,bus,Tide avd. Vestfold
AKT:Line:2107,Steinsland - Venneslahallen,2107,bus,Boreal Buss AS
AKT:Line:2108,Høietun - Venneslahallen,2108,bus,Boreal Buss AS
VKT:Line:134,Sandefjord-Himberg,134,bus,Setesdal Bilruter
AKT:Line:2101,Vestbygda/Kile - Eikeland,2101,bus,L/L Setesdal Bilruter
VKT:Line:130,Tønsberg-Stokke,130,bus,Tide avd. Vestfold
AKT:Line:2102,Røyknes - Eikeland skole,2102,bus,L/L Setesdal Bilruter
ATB:FlexibleLine:e8b719f6-e001-5bfd-8d7f-32a3a1eb9e35,Namsskogan TB,AtB Bestill,bus,Trønder taxi
RUT:Line:2535,Ås læringssenter,535X,bus,Connect Bus AS
RUT:Line:1210,Bykrysset - Helset- Sandvika,210A,bus,Vy Buss AS
AKT:Line:2116,Hellemyr - Grim skole,2116,bus,Boreal Buss AS
SJV:Line:b2b0041c-6f37-47dc-82db-4063fe40cedb,Narvik Luleå,Narvik Luleå ,rail,SJ
RUT:Line:3874,Olavsgaard - Skedsmo - Jessheim - Nannestad,3874,bus,Vy Buss AS
RUT:Line:2540,Oslo - Ski - Ås - Vestby (nattbuss),540N,bus,Connect Bus AS
RUT:Line:3871,Kongskog - Olavsgaard - Jessheim vgs,3871,bus,Connect Bus AS
RUT:Line:3872,Eidsvoll - Råholt - Dal - Nannestad,3872,bus,Vy Buss AS
AKT:Line:2119,Andøya - Sjøstrand skole,2119,bus,Boreal Buss AS
ATB:FlexibleLine:7ee14975-d113-5d41-b58b-fffd6ee53c0f,Steinkjer,AtB Bestill,bus,Trønder taxi
AKT:Line:2128,Rona-Ytre Randesund-Dvergsnes,58,bus,Boreal Buss AS
VKT:Line:118,Sandeåsen,118,bus,Unibuss avd. Tønsberg
VKT:Line:117,Barkåker,117,bus,Unibuss avd. Tønsberg
VKT:Line:116,Borgheim-Tønsberg-Skallevold,116A,bus,Tide avd. Vestfold
VKT:Line:115,Tønsberg-Råel øvre-Vallø,115,bus,Unibuss avd. Tønsberg
AKT:Line:2129,Erkleiv- Justvik skole,59,bus,Boreal Buss AS
ATB:FlexibleLine:1bc905ea-35f2-59e5-99d3-18734246ad70,Orkland,AtB Bestill,bus,Trønder taxi
ATB:FlexibleLine:2428e885-0454-5ae2-80f7-bf725918ac6a,Ørland,AtB Bestill,bus,Trønder taxi
VKT:Line:113,Torød-Tønsberg-Eik,113B,bus,Unibuss avd. Tønsberg
VKT:Line:112,Torød-Tønsberg,112,bus,Unibuss avd. Tønsberg
AKT:Line:2120,Bjørndalssletta-Presteheia sk,2120,bus,Boreal Buss AS
VKT:Line:111,Tønsberg-Nes-Jarlsø,111,bus,Tide avd. Vestfold
VKT:Line:110,Solvang,110,bus,Unibuss avd. Tønsberg
AKT:Line:2121,Gimlekollen - Havlimyra sk,2121,bus,Boreal Buss AS
MOR:Line:901,FRAM Ekspress Kristiansund-Oppdal,901,bus,FRAM
MOR:Line:902,FRAM Ekspress Trondheim-Surnadal-Molde,902,bus,FRAM
ATB:FlexibleLine:3f555873-6e36-5f46-b7ba-1b6865ee2c03,Indre Fosen,AtB Bestill,bus,Trønder taxi
MOR:Line:905,FRAM Ekspress Ålesund-Molde-Trondheim,905,bus,FRAM
ATB:FlexibleLine:ed0a2a77-bd4a-5ceb-bce0-eb6dacb79bfe,Selbu S,AtB Bestill,bus,Trønder taxi
SOF:Line:1353_69,Bremanger-Oldeide-Svelgen,265,bus,
VKT:Line:129,Tønsberg-Vestre Skjee,129,bus,Unibuss avd. Tønsberg
AKT:Line:2137,Tveit - Ve skole,2137,bus,Boreal Buss AS
VKT:Line:127,Andebu-Heimdal-Vivestad,127,bus,Tide avd. Vestfold
VKT:Line:126,Andebu-Høyjord-Heimdal,126,bus,Tide avd. Vestfold
VKT:Line:125,Tønsberg-Fossnes-Andebu,125,bus,Tide avd. Vestfold
VKT:Line:124,Andebu,124,bus,Unibuss avd. Tønsberg
VKT:Line:123,Tønsberg-Undrumsdal-Kirkevoll,123,bus,Tide avd. Vestfold
VKT:Line:122,Tønsberg-Re vgs,122,bus,Tide avd. Vestfold
AKT:Line:2131,Sødal - Lovisenlund sk,2131,bus,Boreal Buss AS
VKT:Line:121,Tønsberg-Ramnes-Hof,121,bus,Unibuss avd. Tønsberg
VKT:Line:120,Tønsberg-Revetal-Kirkevoll,120,bus,Unibuss avd. Tønsberg
ATB:Line:2_5101,Løften/Slupphaugen - Grøtte sk,5101,bus,Vy Region
ATB:Line:2_5100,Meldal - Storås - Orkanger,5100,bus,Vy Region
ATB:Line:2_5103,Grøtte skole - Vormstad,5103,bus,Vy Region
ATB:Line:2_5102,Orkanger - Gjølme - Svorkdalen,5102,bus,Vy Region
RUT:Line:3839,Nannestad - Maura - Sandnessenter,3839,bus,Vy Buss AS
ATB:FlexibleLine:6cc8d631-6adb-5764-85f5-304c65602692,Levanger,AtB Bestill,bus,Trønder taxi
ATB:Line:2_5109,Vigdalsmo/Ilhaugen - Buvika - Ilhaugen / Vigdalsmo,5109,bus,Vy Region
RUT:Line:3837,Eltonåsen - Løkendalen - Fagerli sykehjem,3837,bus,Vy Buss AS
ATB:Line:2_5108,Årlivoll - Monsetjåren,5108,bus,Vy Region
RUT:Line:3838,Nannestad - Engelstad - Grasmo,3838,bus,Vy Buss AS
RUT:Line:2505,Skorkeberg - Oslo,505E,bus,Connect Bus AS
ATB:Line:2_5105,Årlivoll skole - Kårmo/Løften/,5105,bus,Vy Region
RUT:Line:3833,Ask - Veståsen - Eltonåsen - Nannestad,3833,bus,Vy Buss AS
ATB:Line:2_5104,Ustan - Grøtte skole - Orkange,5104,bus,Vy Region
RUT:Line:3834,Kringlerdalen - Maura - Nannestad,3834,bus,Vy Buss AS
ATB:Line:2_5107,Viggja - Børsa,5107,bus,Vy Region
ATB:Line:2_5106,Våttålia/Ribygda - Venn,5106,bus,Vy Region
AVI:Line:SK_OSL-EVE,Oslo-Harstad/Narvik,,air,SAS
FLI:Line:17b5e8494d96ff03,Stockholm - Oslo,N600,coach,FlixBus
ATB:FlexibleLine:e9d0a34e-da8f-5794-b8b5-c03734b6df74,Holtålen S,AtB Bestill,bus,Trønder taxi
NWB:Line:02cd6bd7-d4e7-472f-b5f8-8beff5425948,Flåm-Aurland Shuttle,,bus,Flåm Bilutleie
ATB:FlexibleLine:6b6059ad-67f5-5a6c-a200-a5396e9a7bd0,Namsos TB ,AtB Bestill,bus,Trønder taxi
AVI:Line:WF_OSL-SDN,Oslo-Sandane,,air,Widerøe
MOR:Line:13,Olsvik - Moa - Furmyr,13,bus,Vy Buss
MOR:Line:14,Humla,14,bus,Vy Buss
MOR:Line:11,Larsgården,11,bus,Vy Buss
SOF:Line:6168_69,Ålhus-Vassenden skule,272,bus,
MOR:Line:12,Sentrum - Moa - Fremmerholen,12,bus,Vy Buss
AVI:Line:LTR_BOO-VRY,Bodø-Værøy,,air,LuftTransport
RUT:Line:3822,Aker brygge - Drøbak via Vollen,B22,water,Norled
MOR:Line:10,Fjelltun,10,bus,Vy Buss
RUT:Line:3820,Slemmestad - Aker brygge,B20,water,Norled
RUT:Line:3821,Son - Aker brygge,B21,water,Norled
VKT:Line:109,Torød-Tønsberg-Eik,113A,bus,Unibuss avd. Tønsberg
VKT:Line:108,Kaldnes-Tønsberg-Skallev,116B,bus,Unibuss avd. Tønsberg
ATB:FlexibleLine:914769a2-c6b0-5def-be0c-38432a84d9d0,Nærøysund TB,AtB Bestill,bus,Trønder taxi
VKT:Line:102,Tønsberg-Nauen,102,bus,Tide avd. Vestfold
VKT:Line:101,Barkåker-Tønsberg-Sandeåsen,101,bus,Tide avd. Vestfold
ATB:FlexibleLine:31008744-4406-5591-9bc9-3020ea687018,Nærøysund S ,AtB Bestill,bus,Trønder taxi
VKT:Line:100,Vestkogen-Tønsberg-Solvang,100,bus,Tide avd. Vestfold
NBU:Line:cb7b555c-f96e-42d5-84bf-a5e08c0145c2,Radiumhospitalet via Økern-Storo-Tåsen,FB3,bus,Flybussen Connect
SOF:Line:1148_69,Svelgen skule - Sande - Sagebø,261,bus,
MOR:Line:22,Nattbuss Lerstad-magerholm,22,bus,Vy Buss
MOR:Line:20,Magerholm-Sjukehuset-Ålesund,20,bus,Vy Buss
AKT:Line:589,Gangdalen-Kristiansand,589,bus,Ridel
RUT:Line:3811,Lysaker - Nesoddtangen,B11,water,Norled
MOR:Line:21,Nattbuss Ålesund,21,bus,Vy Buss
ATB:FlexibleLine:264dd928-961b-5ce8-b59b-3a81bd582094,Ørland,AtB Bestill,bus,Trønder taxi
RUT:Line:3810,Nesoddtangen - Aker brygge,B10,water,Norled
MOR:Line:17,Moa-Utvik-Skodje,17,bus,Vy Buss
AKT:Line:592,Kristiansand- Kongsgård II,592,bus,Ridel
MOR:Line:18,Serviceruta,18,bus,Vy Buss
MOR:Line:15,Glomset,15,bus,Vy Buss
MOR:Line:16,Brusdal,16,bus,Vy Buss
AKT:Line:590,Skaugo-Kristiansand,590T,bus,Ridel
KOL:Line:8_4501,161,161,bus,Tide Buss AS
KOL:Line:8_4500,160,160,bus,Tide Buss AS
ATB:Line:2_5111,Grønnesset - Venn - Børsa,5111,bus,Vy Region
AKT:Line:2170,Ålo - Tangvall,2170,bus,Boreal Buss AS
AKT:Line:2171,Langenes-Tangvall-Tinntjønn,2171,bus,Boreal Buss AS
ATB:Line:2_5110,Råbygda/Skaun - Orkdal VGS,5110,bus,Vy Region
INN:FlexibleLine:7184,Bestillingsrute Flisa-Gjesåsen,7184,taxi,Taxi for Innlandstrafikk
SOF:Line:1202_69,Holsen-Viskedal-Nydal,211,bus,
MOR:Line:31,Ålesund - Ellingsøya,31,bus,Vy Buss
MOR:Line:32,Ålesund - Godøya,32,bus,Vy Buss
AKT:Line:585,Ålo-trysnes-Torve-Tangvall,585T,bus,Ridel
AKT:Line:586,Flekkerøy-Vågsbygd-Kr.sand,586T,bus,Ridel
AKT:Line:587,Tveit-Sørlandsparken-Kr.sand,587T,bus,Ridel
AKT:Line:588,Ytre Randesund-Kongsgård II-Kr,588T,bus,Ridel
INN:FlexibleLine:7193,Bestillingsrute Våler - Nordha,7193,taxi,Taxi for Innlandstrafikk
INN:FlexibleLine:7191,Bestillingsrute Gravberget -Vr,7191,taxi,Taxi for Innlandstrafikk
AKT:Line:583,Finsland-Nodeland,583T,bus,Taxi Sør
INN:FlexibleLine:7192,Bestillingsrute Våler - Rud,7192,taxi,Taxi for Innlandstrafikk
AKT:Line:2175,Stokkeland - Tunballen skole,2175,bus,Boreal Buss AS
AKT:Line:2172,Try-Kleivset-Tinntjønn,2172,bus,Boreal Buss AS
AKT:Line:2178,Stokkeland - Tunballen skole,2178,bus,Boreal Buss AS
NWM:FlexibleLine:8a164c44-d523-4290-81c6-96dea30b0399,Stalheim-Myrkdalen,,bus,Hommedal Taxibuss
AKT:Line:2176,Rosseland - Tunnballen skole,2176,bus,Boreal Buss AS
AKT:Line:2177,Vestre Fidje-Kilen-Finsland,2177,bus,Boreal Buss AS
AVI:Line:DX_OSL-OLA,Oslo-Ørland,,air,DAT
ATB:Line:2_7720,Gudå - Meråker,7720,bus,Vy Region
ATB:Line:2_7721,Kluksdal/Kopperå - Meråker,7721,bus,Vy Region
AKT:Line:2181,Nodelandsheia - Birkelid,2181,bus,Boreal Buss AS
SKY:Line:390,Nordhordland,390,water,Norled AS
AKT:Line:2182,Søgne - Samfundets skole,2182,bus,Boreal Buss AS
SKY:Line:392,Hardbakke-Kolgrov-Utvær,392,water,Vidar Hop Skyssbåtar AS
NOR:Line:12_8711,Lødingen-Kanstad-Øksneshamn,711,bus,Boreal Buss AS
SKY:Line:391,Hardbakke-Nåra-Mjømna,391,water,Vidar Hop Skyssbåtar AS
ATB:Line:2_7722,Kluksdal - Meråker,7722,bus,Vy Region
MOR:Line:41,Sulesund-Mauseidvåg,41,bus,Vy Buss
ATB:FlexibleLine:f06b81df-75f2-5ffe-b05c-55605d2e8a03,Namsskogan TB,AtB Bestill,bus,Trønder taxi
NOR:Line:12_8721,Digermulen-Holandshamn-Storfje,721,bus,Boreal Buss AS
AKT:Line:2184,Tofteland - Samfundet skole,2184,bus,Boreal Buss AS
KOL:Line:8_4504,163,163,bus,Tide Buss AS
ATB:Line:2_7710,Flora - Sonli - Hegra - Halsen,7710,bus,Vy Region
AVI:Line:DY_OSL-HAU,Oslo-Haugesund,,air,Norwegian
NOR:Line:12_8724,Digermulen-Kongsm-Fiskebøl-Svo,724,bus,Boreal Buss AS
NOR:Line:12_8723,Digermulen - Finnvik,18-723,water,Torghatten Nord AS
ATB:FlexibleLine:7ff0f0eb-0712-574a-a9fc-126cb5209905,Holtålen TB ,AtB Bestill,bus,Trønder taxi
ATB:Line:2_7711,Hegra - Skjelstadmark - Hovskogen - Stjørdal,7711,bus,Vy Region
ATB:Line:2_7712,Stjørdal - Haraldreina - Prestmoen - Skjeldstadmarka - Hegra - Geving,7712,bus,Vy Region
ATB:Line:2_74,Lerkendal-Bratsberg-Flatjord,74,bus,Vy
ATB:Line:2_73,Lerkendal -Bostad- Klæbu,73,bus,Vy
ATB:Line:2_76,Flakkråa- Klefstadbukta- Spongdal,76,bus,Vy
ATB:Line:2_75,Trondheim S- Sentrum- Spongdal,75,bus,Vy
TEL:Line:8104,Skree-Vrådal-Kviteseid,104,bus,Vy Buss avd. Notodden
ATB:Line:2_70,Stjørdal/Hommelvik- Trondheim,70,bus,Vy
TEL:Line:8103,Lunde-Ulefoss,103,bus,Vy Buss avd. Notodden
TEL:Line:8102,Fyresdal-Seljord,102,bus,Vy Buss avd. Notodden
ATB:Line:2_72,Tiller- Sandmoen- Klæbu,72,bus,Vy
TEL:Line:8101,Haukeli-Åmot,101,bus,Vy Buss avd. Notodden
ATB:Line:2_71,MelhusSkyss-Trondheim,71,bus,Vy
NOR:Line:12_8732,Melbu - Fiskebøl,18-732,water,Torghatten Nord AS
AVI:Line:WF_OSL-BGO,Oslo-Bergen,,air,Widerøe
ATB:Line:2_78,Heimdal- Ringvål (-Spongdal),78,bus,Vy
ATB:Line:2_77,Heimdal- Klett- Spongdal,77,bus,Vy
ATB:Line:2_79,Sluppen/Strindheim - Være - Vikhammeråsen,79,bus,Tide Buss
SOF:Line:1807_69,Ø.Årdal-Sogndal-Førde,830,bus,
KOL:Line:8_3203,N284,N284,bus,Vy Buss AS
KOL:Line:8_3202,N283,N283,bus,Vy Buss AS
KOL:Line:8_3205,N285,N285,bus,Vy Buss AS
SOF:Line:2871_69,Øvre Årdal-Utladalen,833,bus,
NOR:Line:12_8733,Fiskebøl-Laukvik-Svolvær,733,bus,Boreal Buss AS
SOF:Line:2806_69,Førde-Askvoll,230,bus,
KOL:Line:8_3200,N281,N281,bus,Vy Buss AS
TEL:Line:8121,Bø-Lunde,121,bus,Vy Buss avd. Notodden
ATB:Line:2_41,Ranheim- Reppe,41,bus,Tide Buss
ATB:Line:2_40,Flatåsen- Tonstad,40,bus,Tide Buss
TEL:Line:8117,Ulefoss-Berget,117,bus,Vy Buss avd. Notodden
ATB:Line:2_43,Bergheim/Voll studentby- Blakl,43,bus,Tide Buss
TEL:Line:8116,Bø-Folkestad-Nordbø-Breisås,116,bus,Vy Buss avd. Notodden
ATB:Line:2_42,Buenget- Hallset- Munkvoll,42,bus,Tide Buss
TEL:Line:8115,Lunde-Tjønnås,115,bus,Vy Buss avd. Notodden
ATB:FlexibleLine:8426d247-2271-55cb-ab52-101e9dccffb4,Hitra ,AtB Bestill,bus,Trønder taxi
TEL:Line:8114,Tveitankroken,114,bus,Vy Buss avd. Notodden
TEL:Line:8113,Landsmarka-Lunde,113,bus,Vy Buss avd. Notodden
TEL:Line:8111,Ulefoss-Febakke-Langeland,111,bus,Vy Buss avd. Notodden
NOR:Line:12_8743,Svolvær-Kabelvåg-Henningsvær,743,bus,Boreal Buss AS
SKY:Line:361,Dingja-Eivindvik-Dalsøyra-Sløvåg,361,bus,Vy AS
NOR:Line:12_8742,Leknes - Å i Lofoten,742,bus,Boreal Buss AS
SKY:Line:360,Oppedal-Rutledal-Sløvåg,360,bus,Vy AS
NOR:Line:12_8741,Svolvær - Leknes,741,bus,Boreal Buss AS
SKY:Line:363,Oppedal-Rutledal-Nordgulen,363,bus,Vy AS
SKY:Line:362,Sløvåg-Mjømna-Byrknes,362,bus,Vy AS
ATB:Line:2_45,Sjetnmarka- Tiller- Tillerringen- Sandmoen,45,bus,Tide Buss
SKY:Line:365,Østerbø-Oppedal-Brekke,365,bus,Vy AS
ATB:Line:2_44,Ranheim - Være,44,bus,Tide Buss
SKY:Line:366,Mjømna-Skjerjehamn,366,bus,Vy AS
ATB:Line:2_46,Torgård- Lundåsen,46,bus,Vy
NOR:Line:12_8749,Skolerute Laupstad,749,bus,Boreal Buss AS
NOR:Line:12_8744,Brenna-Gravermark-Kleppstad,744,bus,Boreal Buss AS
TEL:Line:8132,Dalen-Høydalsmo-Kviteseid,132,bus,Vy Buss avd. Notodden
TEL:Line:8131,Vrådal-Nissedal-Treungen-Åmli,131,bus,Vy Buss avd. Notodden
TEL:Line:8129,Åmot-Seljord,129,bus,Vy Buss avd. Notodden
ATB:Line:2_52,Lundåsen- Kattem - Heimdal - Flatåsen - Byåsen - St. Olavs Hospital,52,bus,Vy
ATB:Line:2_51,Sandmoen - Tillerringen - Kroppa,51,bus,Vy
TEL:Line:8128,Seljord-Seljordsheii-Åsgrend,128,bus,Vy Buss avd. Notodden
ATB:FlexibleLine:c30304ea-1d7a-5f82-bfb0-21b976ef614c,Hitra ,AtB Bestill,bus,Trønder taxi
ATB:Line:2_54,Vikåsen/Ranheim- Lade- sentrum- Sluppen- Østre Rosten- Sandmoen,54,bus,Vy
TEL:Line:8127,Seljord-Flatdal-Åmotsdal,127,bus,Vy Buss avd. Notodden
ATB:Line:2_53,Lundåsen- Heimdal- Saupstad- Flatåsen- Hallset- Ila- Sentrum- Sandmoen,53,bus,Vy
ATB:Line:2_50,Ila - Sverresborg - Byåsen - Flatåsen - Saupstadringen - Heimdal - Sandmoen,50,bus,Vy
TEL:Line:8123,Verpe-Tveitan/Vreim-Bø,123,bus,Vy Buss avd. Notodden
BOR:Line:c9704f56-1079-4375-bdb5-f9959fd62f5b,Flybussen Stavanger lufthavn - Fiskepiren,FB40,bus,Boreal Norge
TEL:Line:8122,Lunde-Flåbygd,122,bus,Vy Buss avd. Notodden
SKY:Line:350,Sløvåg - Duesund,350,bus,Vy AS
SOF:Line:7297_69,Måløy-Nordfjordeid-Førde,100,bus,
NOR:Line:12_8751,Svolvær - Skrova - Skutvik,18-751,water,Torghatten Nord AS
SKY:Line:351,Duesund - Solheim - Matre - Haukeland,351,bus,Vy AS
KOL:Line:8_3206,N286,N286,bus,Vy Buss AS
KOL:Line:8_3208,N288,N288,bus,Vy Buss AS
ATB:FlexibleLine:00cc3ce3-2795-5cce-861e-8a14379a88b5,Orkland,AtB Bestill,bus,Trønder taxi
SKY:FlexibleLine:22393877-5107-46a6-851c-6267e67c4b38,Strandvik - Eikelandsosen,Skyss Bestilling,bus,Tide Buss
VYG:Line:R13x,Drammen-Oslo S-Dal,R13x,rail,VY
ATB:FlexibleLine:9d3be618-b5cf-589b-9a60-f87d519d2a91,Holtålen S,AtB Bestill,bus,Trønder taxi
SKY:FlexibleLine:608b4acb-098f-4c5e-9a37-515ddfaf04c9,Etne - Veste,Skyss Bestilling,bus,Tide Buss
VKT:Line:176,Fokserød-Sandefjord lufthavn,176,bus,Setesdal Bilruter
VKT:Line:172,Ringkollen-Sandefjord-Pindsle,172,bus,Tide avd. Vestfold
AVI:Line:WF_TRD-OSY,Trondheim-Namsos,,air,Widerøe
ATB:FlexibleLine:5a3cb047-3518-5a22-8a76-e96bf88d801b,Steinkjer,AtB Bestill,bus,Trønder taxi
MOR:Line:931,Skoleruter Surnadal,931,bus,FRAM
MOR:Line:934,Skoleruter Sunndal,934,bus,FRAM
ATB:FlexibleLine:5f44e468-6ca4-5597-8c10-590a3a76113a,Åfjord,AtB Bestill,bus,Trønder taxi
MOR:Line:936,Skoleruter Nesset,936,bus,FRAM
MOR:Line:937,Skoleruter Tingvoll,937,bus,FRAM
ATB:Line:2_7706,Ytteråsen - Elvran - Stjørdal,7706,bus,Vy Region
ATB:Line:2_7707,Stjørdal - Geving - Lerbakken,7707,bus,Vy Region
ATB:Line:2_7705,Halsen ungdomsskole - Skatval,7705,bus,Vy Region
ATB:Line:2_7702,Langstein - Skatval - Halsen,7702,bus,Vy Region
ATB:Line:2_7703,Vassbygda - Kvislabakken - Halsen ungdomsskole,7703,bus,Vy Region
ATB:Line:2_7701,Lånke skole - Eidum/Geving/Hell,7701,bus,Vy Region
ATB:Line:2_85,Hommelvik- Sneisen,85,bus,Tide Buss
ATB:Line:2_86,Hommelvik-Sveberg-Vikhammer,86,bus,Tide Buss
ATB:Line:2_81,Bratsberg- Nyjord- Bruråk,81,bus,Vy
ATB:Line:2_80,Jonsvatnet / Vikåsen - Lohove,80,bus,Vy
ATB:Line:2_83,Klæbu- Bjørkli/Tangen,83,bus,Vy
ATB:Line:2_7708,Fremstad/Buan/Vigdenes bru - Forradal - Hegra - Haraldreina skole,7708,bus,Vy Region
ATB:Line:2_82,Hesttrøa-Brekkåsen,82,bus,Vy
ATB:Line:2_7709,Stjørdal - Eidum - Hegra - Ingstadnesset,7709,bus,Vy Region
MOR:Line:945,Skoleruter Sunndal - Gjøra,945,bus,FRAM
ATB:FlexibleLine:f754a4eb-f127-5958-852f-09ff85662ed8,Heim ,AtB Bestill,bus,Trønder taxi
VKT:Line:150,Sandefjord-Kodal-Andebu,150,bus,Setesdal Bilruter
NOR:Line:12_8703,Bognes-Lødingen,18-703,water,Torghatten Nord AS
ATB:FlexibleLine:52a22256-e314-577e-9616-b5e029b6d6bc,Midtre Gauldal ,AtB Bestill,bus,Trønder taxi
SOF:Line:6336_69,Sogndal-Lærdal,800,bus,
ATB:FlexibleLine:13d3f9fe-31f3-578d-867f-2f53dcfa6aa9,Levanger ,AtB Bestill,bus,Trønder taxi
SKY:FlexibleLine:d525ee63-9a4e-4cad-b763-6e954620745b,Samnanger indre,BE,bus,Skyss
ATB:Line:2_92,92 StjørdalSt-HusbySnu.,92,bus,Vy
ATB:Line:2_91,91 StjørdalSt-Remyrv.,91,bus,Vy
VKT:Line:169,Framnes-Bueråsen,169,bus,Tide avd. Vestfold
VKT:Line:168,Vøra - Tveitan,168,bus,Setesdal Bilruter
AVI:Line:WF_OSL-SOG,Oslo-Sogndal,,air,Widerøe
AVI:Line:DX_OSL-FRO,Oslo-Florø,,air,DAT
SKY:Line:394,Gåsvær-Midtre Solund-Hardbakke,394,water,Vidar Hop Skyssbåtar AS
SKY:Line:393,Nord-Solund,393,water,Vidar Hop Skyssbåtar AS
SKY:Line:395,Eivindvik-Mjømna-Mastrevik-Nåra,395,water,Vidar Hop Skyssbåtar AS
VKT:Line:163,Sandefjord-Solløkka,163,bus,Setesdal Bilruter
VKT:Line:161,Lasken-Sandefjord-Gjekstad,161,bus,Setesdal Bilruter
ATB:FlexibleLine:3861bb41-6964-588d-949b-3cef28a60fdb,Namsskogan S,AtB Bestill,bus,Trønder taxi
VKT:Line:1708,Skoppum-Horten vgs,1708,bus,Tide avd. Vestfold
SKY:Line:303,Nesse - Knarvik,303,bus,Vy AS
SOF:Line:1518_69,Nordgulen-Eivindvik,363,bus,
SKY:Line:302,Feste - Vollum - Sellevold -Alver - Knarvik,302,bus,Vy AS
VKT:Line:1707,Vear-Taranrød-Nauen,1707,bus,Unibuss avd. Tønsberg
VKT:Line:1709,Vear-Sem,1709,bus,Unibuss avd. Tønsberg
SKY:Line:304,Kvalvågnes-Ones-Konglevoll-Søreidet-Vatne,304,bus,Vy AS
VKT:Line:1700,Tønsberg-E18-Sandefjord,1700,bus,Tide avd. Vestfold
VKT:Line:1702,Sandefjord-E18-Tønsberg,1702,bus,Tide avd. Vestfold
VKT:Line:1701,Sem-Nauen-Vear,1701,bus,Unibuss avd. Tønsberg
VKT:Line:1703,Tønsberg-E18-Sandefjord,1703,bus,Tide avd. Vestfold
SKY:Line:301,Knarvik skysstasjon - Knarvik kai,301,bus,Vy AS
VKT:Line:1706,Vear-Taranrød-Nauen,1706,bus,Unibuss avd. Tønsberg
AVI:Line:WF_OSL-TRD,Oslo-Trondheim,,air,Widerøe
VKT:Line:1705,Horten-Horten vgs,1705,bus,Tide avd. Vestfold
SKY:Line:300,Knarvik-Åsane-Bergen,300,bus,Vy AS
ATB:FlexibleLine:c0cb832a-fc25-580e-81df-b76f4204ec8e,Inderøy,AtB Bestill,bus,Trønder taxi
SOF:Line:1105_69,Sandane-Byrkjelo,100,bus,
VYB:Line:27,900 Oslo - Arlanda - Stockholm,900,coach,VY Bus4You
VYB:Line:28,500 Stockholm - Göteborg,500,coach,VY Bus4You
ATB:FlexibleLine:2ef952c1-55b6-56b2-b0a8-afb7565ce7d0,Midtre Gauldal,AtB Bestill,bus,Trønder taxi
VKT:Line:1719,Færder-Tønsberg,1719,bus,Unibuss avd. Tønsberg
VKT:Line:1718,Færder-Tønsberg,1718,bus,Unibuss avd. Tønsberg
VYB:Line:21,300 Köpenhamn - Oslo,300,coach,VY Bus4You
VYB:Line:22,600 Köpenhamn-Oslo,600,coach,VY Bus4You
VYB:Line:23,400 Stockholm - Göteborg,400,coach,VY Bus4You
VYB:Line:26,850 Oslo - Arlanda - Stockholm,850,coach,VY Bus4You
VKT:Line:1711,Horten-Borre usk,1711,bus,Tide avd. Vestfold
VKT:Line:1710,Skoppum-Horten vgs,1710,bus,Tide avd. Vestfold
VKT:Line:1713,Tønsberg-Færder vgs,1713,bus,Unibuss avd. Tønsberg
VKT:Line:1712,Tønsberg-Færder vgs,1712,bus,Unibuss avd. Tønsberg
VKT:Line:1715,Skoppum-Revetal,1715,bus,Tide avd. Vestfold
SKY:Line:2060,Knappskog - Geitanger,2060,water,Geitanger Transport
VKT:Line:1714,Borre usk-Horten,1714,bus,Tide avd. Vestfold
VKT:Line:1717,Solerød-Revetal skoler,1717,bus,Tide avd. Vestfold
VKT:Line:1716,Revetal-Solerød skole,1716,bus,Tide avd. Vestfold
TEL:Line:8080,Herkules-Rødmyr-Klyve-DownTown,80,bus,Vy Buss avd. Grenland
SOF:Line:6153_69,Sandane-Føleide-Hjelmeset,107,bus,
SOF:Line:7993_69,Heggheim-Dale,225,bus,
TEL:Line:8084,Stathelle-Skjelsvik-Herøya,84,bus,Vy Buss avd. Grenland
INN:Line:546,Øyer - Vestsida - Tretten,546,bus,Connect bus Lillehammer
ATB:FlexibleLine:380ce104-fecf-5ea7-8294-de30a0ffd976,Indre Fosen,AtB Bestill,bus,Trønder taxi
INN:Line:545,Aurvoll skole - Segalstad Bru,545,bus,Connect bus Lillehammer
INN:Line:544,Øyer ungdomsskole Lundstad - Ø,544,bus,Connect bus Lillehammer
SOF:FlexibleLine:d9786065-4458-4cbe-87d1-ddb1cec6e953,Angedalen-Førde,3221,bus,Skyss
ATB:FlexibleLine:9d9d0aa8-21ba-5a2d-8faf-729af913c9ad,Heim ,AtB Bestill,bus,Trønder taxi
SOF:Line:6128_69,Sandvik-Eikefjord,257,bus,
KOL:Line:8_6203,SK2903,SK2903,bus,Boreal Buss AS
KOL:Line:8_6201,SK2901,SK2901,bus,Boreal Buss AS
KOL:Line:8_6202,SK2902,SK2902,bus,Boreal Buss AS
INN:Line:536,Lillehammer skysstasjon - Ekro,536,bus,Connect bus Lillehammer
INN:Line:535,Åretta skole,535,bus,Connect bus Lillehammer
INN:Line:534,Bleken - Lillehammer skysstasj,534,bus,Connect bus Lillehammer
INN:Line:533,Lillehammer vgs Nord Smestadvn,533,bus,Connect bus Lillehammer
INN:Line:543,Øyer U.skole - Tretten,543,bus,Connect bus Lillehammer
INN:Line:542,Øyer ungdomsskole Lundstad - T,542,bus,Connect bus Lillehammer
INN:Line:541,Myrom - Lillehammer,541,bus,Connect bus Lillehammer
INN:Line:540,Øyer - Tretten,540,bus,Connect bus Lillehammer
NWY:Line:fe424ef5-4ce2-5b8c-b88b-02bdc314f078,Flybussen Stavanger,FB40,bus,Flybussen Stavanger
RUT:Line:3175,Lørenfallet - Arteid - Lillestrøm,3175,bus,Nobina AS
RUT:Line:3172,Hakadal - Gjelleråstoppen - Skjetten - Lillestrøm,3172,bus,Connect Bus AS
NOR:Line:12_8639,Framnes - Universitetet,2,bus,Boreal Buss AS
TRO:Line:1_10,Trondenes - Sentrum - Stangnes,10,bus,Torghatten Buss Sør-Troms
NOR:Line:12_8638,Narvik - Bjerkvik,3,bus,Boreal Buss AS
TRO:Line:1_11,Samamoa-Sentrum-Ruggevik,11,bus,Torghatten Buss Sør-Troms
TRO:Line:1_12,Kilbotn - Sentrum - Trastad,12,bus,Torghatten Buss Sør-Troms
NOR:Line:12_8636,Håkvik - Sentrum - Universitetssykehuset,1,bus,Boreal Buss AS
NOR:Line:12_8634,Narvik - Beisfjord,3,bus,Boreal Buss AS
TRO:Line:1_15,Gansås-Sentrum-UNN-Fagerlia,15,bus,Torghatten Buss Sør-Troms
TEL:Line:8020,Notodden-Nordagutu-Gvarv-Bø,B323,bus,Vy Buss avd. Notodden
INN:Line:525,Gausdal Arena - Fjerdum,525,bus,Connect bus Lillehammer
INN:Line:524,Forsetskolene - Lillehammer sk,524,bus,Connect bus Lillehammer
INN:Line:523,Svingvoll Østringsvegen - Fors,523,bus,Connect bus Lillehammer
INN:Line:522,Skjeggestadstuen - Forset,522,bus,Connect bus Lillehammer
ATB:FlexibleLine:22dac32e-c4ff-5ea8-9ac3-ac12a3a8725b,Frøya,AtB Bestill,bus,Trønder taxi
INN:Line:531,Lillehammer skysstasjon - Lill,531,bus,Connect bus Lillehammer
SKY:Line:346,Førde -  Oppedal - Knarvik - Bergen,346,bus,Vy AS
TEL:Line:8016,Notodden-Kvantum-Yli-Tuven,6,bus,Vy Buss avd. Notodden
TEL:Line:8015,Notodden-Tinnebyen-Tveiten,5,bus,Vy Buss avd. Notodden
TEL:Line:8014,Notodden-Tuven-Stavkrk-Kvantum,4,bus,Vy Buss avd. Notodden
TEL:Line:8013,Notodden-Sætre-Tinnebyen,3,bus,Vy Buss avd. Notodden
TEL:Line:8012,Notodden-Sjukehuset-Anundskås,2,bus,Vy Buss avd. Notodden
NOR:Line:12_8642,Narvik-Langstrand-Bjerkvik-Vas,642,bus,Boreal Buss AS
TRO:Line:1_18,Berg - Sentrum - Grønnebakkan,18,bus,Torghatten Buss Sør-Troms
SKY:Line:341,Tveitegrend - Vaet - Fammestad - Hillesvåg,341,bus,Vy AS
SOF:Line:6300_69,Øvre Årdal-Årdalstangen-Seim,831,bus,
NOR:Line:12_8641,Narvik-Evenes-Harstad,200,bus,Boreal Buss AS
TRO:Line:1_19,Sentrum - Stangnes ferjekai,19,bus,Torghatten Buss Sør-Troms
SKY:Line:340,Ostereidet - Eidsnes - Leknes - Knarvik,340,bus,Vy AS
NOR:Line:12_8640,Narvik - Svolvær - Leknes - Å,300,bus,Boreal Buss AS
SKY:Line:343,Hindenes - Eikanger - Knarvik,343,bus,Vy AS
SKY:Line:342,Vågseidet - Skauge - Myking - Eikanger,342,bus,Vy AS
KOL:Line:8_6209,SK2905,SK2905,bus,Boreal Buss AS
SKY:Line:345,Ådnekvam - Andvik - Masfjordnes - Andås,345,bus,Vy AS
SKY:Line:344,Nesbøsjøen - Ostereidet,344,bus,Vy AS
NOR:Line:12_8647,Kvitfors-Myrnes-Skar-Tårstad,647,bus,Boreal Buss AS
INN:Line:511,Segalstad Bru - Svingvoll,511,bus,Connect bus Lillehammer
INN:Line:521,Forset - Tretten,521,bus,Connect bus Lillehammer
INN:Line:520,Lillehammer skysstasjon - Hesj,520,bus,Connect bus Lillehammer
SKY:Line:330,Mastrevik-Lindås-Knarvik,330,bus,Vy AS
SJV:Line:a50350a0-a7dd-45d5-80b2-9c277c8aecc7,Boden-Luleå,Boden-Luleå,rail,SJ
SKY:Line:331,Lindås - Syslak - Risasjøen - Lauvås,331,bus,Vy AS
ATB:FlexibleLine:b5e8ce16-bbcf-5f3e-87b9-e641530c26c7,Åfjord,AtB Bestill,bus,Trønder taxi
SOF:Line:5730_69,Fjærland-Selseng-Sogndal,803,bus,
ATB:Line:2_5802,Storlidalen - Lønset - Midtbygda - Oppdal,5802,bus,Vy Region
TEL:Line:8044,Skien-Ballestad-Porsgrunn,P4,bus,Vy Buss avd. Grenland
INN:Line:507,Lillehammer skysstasjon - Fors,507,bus,Connect bus Lillehammer
ATB:Line:2_5801,(Oppdal) - Håmmårbekkrysset - Oppdal,5801,bus,Vy Region
TEL:Line:8043,Skien-Klyve-Skjelsvik,M3,bus,Vy Buss avd. Grenland
INN:Line:506,Lhmr-Øverbygda-Svingvoll,506,bus,Connect bus Lillehammer
TEL:Line:8042,Falkum-Porsgrunn - USN,M2,bus,Vy Buss avd. Grenland
INN:Line:505,Lillehammer skysstasjon - Fors,505,bus,Connect bus Lillehammer
TEL:Line:8041,Gulset-Skien-Langesund,M1,bus,Vy Buss avd. Grenland
ATB:Line:2_5803,Oppdal - Holden - Fagerhaug - Strand,5803,bus,Vy Region
INN:Line:504,Gausdal Arena - Svatsum øvre,504,bus,Connect bus Lillehammer
INN:Line:503,Sommerbuss til Eventyrparken,503,bus,Connect bus Lillehammer
INN:Line:501,Lillehammer - Sjusjøen,501,bus,Connect bus Lillehammer
INN:Line:500,Lillehammer - Nordseter,500,bus,Connect bus Lillehammer
SKY:Line:325,Manger - Sætre - Villanger - Rossnes,325,bus,Vy AS
SKY:Line:324,Manger - Toska,324,bus,Vy AS
SKY:Line:327,Sævrøy - Mastrevik,327,bus,Vy AS
SKY:Line:326,Mastrevik-Austmarka-Knarvik,326,bus,Vy AS
ATB:Line:2_5805,Oppdal - Driva - Engan,5805,bus,Vy Region
SKY:Line:328,Hoplandsjøen - Lerøy - Mastrevik,328,bus,Vy AS
RUT:Line:3140,Nationaltheatret - Bekkestua,140N,bus,Vy Buss AS
SKY:Line:321,Austmarka - Sæbø - Marås - Manger,321,bus,Vy AS
SKY:FlexibleLine:75f714b4-6891-4397-aa9c-11e4af12f648,Nordfjordeid - Hennebygda,Skyss Bestilling,bus,Firda Billag
SKY:Line:320,Manger - Knarvik,320,bus,Vy AS
SKY:Line:323,Valdersnes - Manger,323,bus,Vy AS
SKY:Line:322,Manger - Kviste,322,bus,Vy AS
ATB:FlexibleLine:b3cf3628-028f-5d34-8b3e-62d54e20ef57,Orkland,AtB Bestill,bus,Trønder taxi
TEL:Line:8050,Gulset-Kjørbekk-Porsgrunn,P10,bus,Vy Buss avd. Grenland
ATB:FlexibleLine:822ebf9f-0d34-541c-a424-9beef33ded39,Orkland,AtB Bestill,bus,Trønder taxi
SJV:Line:8ca80b34-505a-4d76-b047-58b01590d0e1,Luleå-Stockholm ,Luleå-Stockholm ,rail,SJ
SKY:Line:313,Odland - Myrvoll - Fossesj. - Frekhaug,313,bus,Vy AS
ATB:FlexibleLine:7287e9ad-1046-58b3-a669-ea0ef2bf104e,Inderøy,AtB Bestill,bus,Trønder taxi
TEL:Line:8049,Porsgrunn-Herre-Stathelle,P9,bus,Vy Buss avd. Grenland
TEL:Line:8048,Porsgrunn-Stathelle-Findal,P8,bus,Vy Buss avd. Grenland
TEL:Line:8047,Siljan-Skien-Åfoss,P7,bus,Vy Buss avd. Grenland
RUT:Line:3130,Nationaltheatret - Sandvika,130N,bus,Vy Buss AS
TEL:Line:8046,Jønnevall-Skien-Skotfoss,P6,bus,Vy Buss avd. Grenland
RUT:Line:3131,Vardeåsen - Tærudhallen,3131,bus,Nobina AS
TEL:Line:8045,Skien-Bølehøgda-Herøya,P5,bus,Vy Buss avd. Grenland
SKY:Line:310,Knarvik - Flatøy - Rossland - Skjelanger,310,bus,Vy AS
NWY:Line:271fc19e-8418-52b2-9894-84089af54c53,Konkurrenten,NW192,coach,Konkurrenten
SKY:Line:312,Io-Eikeland-Smugleitet - Tveit - Meland - Frekhaug,312,bus,Vy AS
SKY:FlexibleLine:acfe6b5a-9c43-423d-ba7f-8124b5613a29,Nordfjordeid - Bryggja,Skyss Bestilling,bus,Firda Billag
SKY:Line:311,Frekhaug - Frekhaug kai,311,bus,Vy AS
SOF:Line:7319_69,Årvik-Ervik-Leikanger,164,bus,
SOF:Line:6482_69,Vassbygdi-Aurland-Gudvangen,850,bus,
AVI:Line:WF_BGO-EVE,Bergen-Harstad/Narvik,,air,Widerøe
RUT:Line:3125,Nesåsen - Økern,125E,bus,Connect Bus AS
SOF:Line:1344_69,Grotle-Oldeide,265,bus,
ATB:Line:2_860,Garten - Storfosna - Leksa - Værnes,860,water,Fosenlinjen AS
ATB:Line:2_855,Garten - Storfosna,855,water,Fosenlinjen AS
RUT:Line:3115,Vallerudtoppen - Helsfyr,115E,bus,Connect Bus AS
RUT:Line:3110,Sørlihavna - Helsfyr,110E,bus,Connect Bus AS
TEL:Line:8903,Skien-Klyve-Skjelsvik,M3N,bus,Vy Buss avd. Grenland
TEL:Line:8902,Falkum-Skjelsvik,M2N,bus,Vy Buss avd. Grenland
ATB:Line:2_850,Dypfest - Tarva,850,water,Fosenlinjen AS
TEL:Line:8901,Gulset-Skien-Langesund,M1N,bus,Vy Buss avd. Grenland
SOF:Line:7320_69,Standal-Høydal-Eikefjord skule,257,bus,
SNT:Line:15931205-7b69-51de-bac7-18d4acc5c6f5,Malmö C,IC,rail,Övrig
SOF:Line:2749_69,Bjørkum E16-Borgund skule/Øvre Kvamme,841,bus,
SJN:Line:79,Saltenpendelen,R75,rail,SJ Nord
ATB:FlexibleLine:89b6a721-4160-59c6-b9e2-0c2395ae4ffb,Holtålen S,AtB Bestill,bus,Trønder taxi
SKY:Line:460E,Ågotnes - Bergen,460E,bus,Tide buss AS
SOF:Line:1413_69,Nåra-Kolgrov-Ytrøy,372,bus,
SJN:Line:71,Nordlandsbanen,F7,rail,SJ Nord
SJN:Line:72,Meråkerbanen,R71,rail,SJ Nord
ATB:Line:2_830,Sandvikberget - Sætervika/Skjærvøy,830,water,Vidar Hop
ATB:FlexibleLine:4faa0eb5-20eb-5795-ba65-3e2e642b74d0,Namsskogan TB,AtB Bestill,bus,Trønder taxi
VKT:Line:1740,Borre usk-Åsgårdstrand,1740,bus,Tide avd. Vestfold
VKT:Line:1742,Borre usk-Åsgårdstrand,1742,bus,Tide avd. Vestfold
VKT:Line:1741,Borre usk-Åsgårdstrand,1741,bus,Tide avd. Vestfold
SOF:Line:6165_69,Dalsøyra-Sløvåg-Mjømna-Byrknes,362,bus,
VKT:Line:1744,Nykirke-Vikveien,1744,bus,Tide avd. Vestfold
VKT:Line:1743,Orerønningen-Nykirke-Hauan,1743,bus,Tide avd. Vestfold
VKT:Line:1746,Lysheim-Nykirke-Vikveien,1746,bus,Tide avd. Vestfold
ATB:Line:2_1,Ranheim - Strindheim - sentrum - Tiller - Heimdal - Kattem,1,bus,Vy
ATB:Line:2_3,Lohove - sentrum - Hallset,3,bus,Tide Buss
ATB:Line:2_2,Strindheim- Lade- sentrum- Sau,2,bus,Vy
ATB:FlexibleLine:1bcf404e-832c-528b-b2bf-d6ba74211dac,Ørland,AtB Bestill,bus,Trønder taxi
RUT:Line:1371,Nesodden - Ski,1371,bus,Connect Bus AS
SOF:Line:1133_69,Førde i Ålfoten-Davik,262,bus,
AVI:Line:WF_KKN-VAW,Kirkenes-Vardø,,air,Widerøe
ATB:FlexibleLine:8430d18f-b10e-59fe-97ea-36cbc3f1a4af,Ørland,AtB Bestill,bus,Trønder taxi
ATB:Line:2_9,Ila - Lian,9,tram,Gråkallbanen
VKT:Line:1720,Røråstoppen-Hengsrød-Knutstad,1720,bus,Tide avd. Vestfold
SJV:Line:cfac9102-49ef-476c-8663-a6d468ee4f36,Stockholm-Hallsberg-Karlstad-Oslo,70,rail,SJ
SOF:Line:3040_69,Unneset-Holmedal-Askvoll,231,bus,
ATB:FlexibleLine:d069e4d5-04b8-5654-a930-862f8de87bbd,Orkland,AtB Bestill,bus,Trønder taxi
VKT:Line:1722,Rørstoppen-Undrumsdal-Skoppum,1722,bus,Tide avd. Vestfold
VKT:Line:1721,Solerød-Revetal,1721,bus,Tide avd. Vestfold
VKT:Line:1724,Bokemoa-Sørby,1724,bus,Unibuss avd. Tønsberg
KOL:Line:8_2700,SK0222,SK0222,bus,Vy Buss AS
VKT:Line:1726,Stokke-Dalen-Dyrsø,1726,bus,Unibuss avd. Tønsberg
KOL:Line:8_2701,SK0223,SK0223,bus,Vy Buss AS
VKT:Line:1725,Rygland-Nykirke-Borre,1725,bus,Tide avd. Vestfold
ATB:Line:2_880,Flakk - Rørvik,880,water,Fosen Namsos Sjø
VKT:Line:1728,Borre-Skoppum-Nykirke-Rygland,1728,bus,Tide avd. Vestfold
VKT:Line:1727,Bokemoa-Anholt-Sørby,1727,bus,Unibuss avd. Tønsberg
NWM:FlexibleLine:08c749cf-50a3-4cb9-a3a6-81c64af4bf86,Myrkdalen - Flåm,,bus,Tide Buss
VKT:Line:1731,Borre usk-Skoppum-Adal,1731,bus,Tide avd. Vestfold
VKT:Line:1730,Adal-Borre-Granly,1730,bus,Tide avd. Vestfold
VKT:Line:1733,Borre usk-Skoppum-Adal,1733,bus,Tide avd. Vestfold
VKT:Line:1732,Borre usk-Skoppum-Adal,1732,bus,Tide avd. Vestfold
VKT:Line:1735,Åsgårdstrand-Borre usk,1735,bus,Tide avd. Vestfold
VKT:Line:1737,Borre usk-Åsgårdstrand,1737,bus,Tide avd. Vestfold
VKT:Line:1736,Åsgårdstrand-Borre usk,1736,bus,Tide avd. Vestfold
VKT:Line:1739,Borre usk-Åsgårdstrand,1739,bus,Tide avd. Vestfold
ATB:Line:2_870,Brekstad - Valset,870,water,Fjord1 Ferje
VKT:Line:1738,Borre usk-Åsgårdstrand,1738,bus,Tide avd. Vestfold
KOL:Line:8_2610,SK0111,SK0111,bus,Vy Buss AS
RUT:Line:160,Rykkinn -Nationaltheatret,160,bus,Vy Buss AS
INN:FlexibleLine:1114,Helgøya - Mengshol - Stavsjø,1114,taxi,Taxi for Innlandstrafikk
SOF:Line:1685_69,Daløy-Hardbakke-Krakhella,370,bus,
ATB:FlexibleLine:edce6c9f-5e50-5b8f-8041-69b99c87a866,Levanger,AtB Bestill,bus,Trønder taxi
RUT:Line:2673,Bjørkelangen - Sørumsand,2673,bus,Nobina AS
KOL:Line:8_2609,SK0110,SK0110,bus,Vy Buss AS
RUT:Line:2671,Sundet - Sørumsand,2671,bus,Nobina AS
INN:FlexibleLine:1118,Gaupen - Moelv,1118,taxi,Taxi for Innlandstrafikk
KOL:Line:8_2605,SK0106,SK0106,bus,Vy Buss AS
KOL:Line:8_2606,SK0107,SK0107,bus,Vy Buss AS
KOL:Line:8_2607,SK0108,SK0108,bus,Vy Buss AS
KOL:Line:8_2608,SK0109,SK0109,bus,Vy Buss AS
KOL:Line:8_2602,SK0103,SK0103,bus,Vy Buss AS
KOL:Line:8_2621,SK0207,SK0207,bus,Vy Buss AS
SOF:Line:2803_69,Bergen-Nordfjord,190,water,
ATB:Line:2_5010,Eid skole - Brokalykkja,5010,bus,Vy Region
RUT:Line:150,Gullhaug - Nationaltheatret,150,bus,Vy Buss AS
INN:FlexibleLine:1102,Åsmarka - Moelv,1102,taxi,Taxi for Innlandstrafikk
INN:FlexibleLine:1101,Ring - Moelv,1101,taxi,Taxi for Innlandstrafikk
RUT:Line:1331,Siggerud skole,1331,bus,Connect Bus AS
RUT:Line:1333,Bjastad - Kråkstad skole,1333,bus,Jenssen Turbuss
RUT:Line:1332,Kråkstad skole,1332,bus,Connect Bus AS
ATB:FlexibleLine:e15e2d58-9075-59b4-9ae2-0e38325e5b15,Røyrvik TB ,AtB Bestill,bus,Trønder taxi
KOL:Line:8_2616,SK0117,SK0117,bus,Vy Buss AS
AVI:Line:WF_BGO-MOL,Bergen-Molde,,air,Widerøe
KOL:Line:8_2612,SK0113,SK0113,bus,Vy Buss AS
ATB:FlexibleLine:76d2cf38-ec3c-5d5b-ac0a-ed2d8f0654eb,Orkland,AtB Bestill,bus,Trønder taxi
KOL:Line:8_2615,SK0116,SK0116,bus,Vy Buss AS
KOL:Line:8_2630,SK1201,SK1201,bus,Vy Buss AS
ATB:FlexibleLine:a1b4e877-29ff-517f-986d-c79b7157fda1,Stjørdal,AtB Bestill,bus,Trønder taxi
KOL:Line:8_2631,SK1401,SK1401,bus,Vy Buss AS
KOL:Line:8_2632,SK1402,SK1402,bus,Vy Buss AS
KOL:Line:8_2633,SK1403,SK1403,bus,Vy Buss AS
TEL:Line:8877,Rognsbru-Gimsøy-Kjørbekkhøgda,77,bus,Vy Buss avd. Grenland
RUT:Line:3983,Nationaltheatret - Fløysbonn,83N,bus,Connect Bus AS
RUT:Line:3981,Nationaltheatret - Ski,81N,bus,Connect Bus AS
ATB:FlexibleLine:39d2371c-654e-59b7-b73e-30474a31945b,Midtre Gauldal ,AtB Bestill,bus,Trønder taxi
KOL:Line:8_2629,SK1205,SK1205,bus,Vy Buss AS
KOL:Line:8_2623,SK1110,SK1110,bus,Vy Buss AS
KOL:Line:8_2624,SK1111,SK1111,bus,Vy Buss AS
KOL:Line:8_2625,SK1122,SK1122,bus,Vy Buss AS
KOL:Line:8_2626,SK1131,SK1131,bus,Vy Buss AS
TEL:Line:8878,Kilebygda-Voll-Porsgrunn,78,bus,Vy Buss avd. Grenland
KOL:Line:8_2641,SK1411,SK1411,bus,Vy Buss AS
KOL:Line:8_1310,N89,N89,bus,Connect Bus Norge
KOL:Line:8_2643,SK2201,SK2201,bus,Vy Buss AS
KOL:Line:8_2644,SK2202,SK2202,bus,Vy Buss AS
KOL:Line:8_2640,SK1410,SK1410,bus,Vy Buss AS
RUT:Line:3969,Nationaltheatret - Skullerud,70E,bus,Nobina AS
TEL:Line:8891,Skifjell-Buer-Skauen,91,bus,Vy Buss avd. Grenland
RUT:Line:2639,Vardefjellet - Frogner skole,2639,bus,Nobina AS
TEL:Line:8890,Vinje-Rogn-Grasmyr,90,bus,Vy Buss avd. Grenland
RUT:Line:2636,Blaker skole - Kvevli - Mork - Harkerud,2636,bus,Nobina AS
RUT:Line:2634,Skugstad - Mork - Blaker skole - Sørumsand,2634,bus,Nobina AS
RUT:Line:2635,Blaker skole - Hellne - Sørumsand,2635,bus,Nobina AS
RUT:Line:2632,Grønnbekkveien - Blaker skole - Sørumsand,2632,bus,Nobina AS
RUT:Line:3963,Romsås ring,63N,bus,Unibuss AS
RUT:Line:2633,Bingsfoss - Grønnbekkveien,2633,bus,Nobina AS
RUT:Line:2641,Frogner skole - Lundermoen - Vesterskaun skole,2641,bus,Nobina AS
TEL:Line:8888,Bamblevann-Stathelle-Grasmyr,88,bus,Vy Buss avd. Grenland
ATB:FlexibleLine:70aa97f7-8f40-5220-8b9a-53f7772dad09,Nærøysund TB til rute 980 Rørvik,AtB Bestill,bus,Trønder taxi
RUT:Line:2642,Vardefjellet - Frogner skole - Sørumsand,2642,bus,Nobina AS
TEL:Line:8887,Heistad-Rugtvedt-Herre,87,bus,Vy Buss avd. Grenland
RUT:Line:3970,Jernbanetorget - Bjørndal,70N,bus,Nobina AS
TEL:Line:8885,Skien-Fossum-Ås,85,bus,Vy Buss avd. Grenland
RUT:Line:2640,Knatten - Arteid - Frogner,2640,bus,Nobina AS
TEL:Line:8882,Porsgrunn-Bergsbygda,82,bus,Vy Buss avd. Grenland
TEL:Line:8881,Porsgrunn - Langangen,81,bus,Vy Buss avd. Grenland
KOL:Line:8_2638,SK1408,SK1408,bus,Vy Buss AS
KOL:Line:8_1307,N86,N86,bus,Connect Bus Norge
BFO:Line:364ee089-185b-4d84-93a2-2b5b9eed4edb,Rv. 19 Moss-Horten,1000,water,Torghatten Sør
KOL:Line:8_2634,SK1404,SK1404,bus,Vy Buss AS
KOL:Line:8_2635,SK1405,SK1405,bus,Vy Buss AS
KOL:Line:8_2636,SK1406,SK1406,bus,Vy Buss AS
KOL:Line:8_1305,N84,N84,bus,Connect Bus Norge
KOL:Line:8_2637,SK1407,SK1407,bus,Vy Buss AS
KOL:Line:8_1306,N85,N85,bus,Connect Bus Norge
KOL:Line:8_2652,SK1906,SK1906,bus,Vy Buss AS
SKY:FlexibleLine:8e2e910f-ddaf-483f-91ca-9fec4d7ccfad,Strandvik - Eikelandsosen,Skyss Bestilling,bus,Tide Buss
KOL:Line:8_2653,SK1907,SK1907,bus,Vy Buss AS
KOL:Line:8_2654,SK1908,SK1908,bus,Vy Buss AS
KOL:Line:8_2655,SK1909,SK1909,bus,Vy Buss AS
SOF:Line:1121_69,Innvik-Sandane,111,bus,
ATB:Line:2_825,Dyrøy - Mausundvær - Sula ferjekai,825,water,Fosen Namsos Sjø
KOL:Line:8_2650,SK1904,SK1904,bus,Vy Buss AS
KOL:Line:8_2651,SK1905,SK1905,bus,Vy Buss AS
RUT:Line:2630,Bingsfoss - Ormstad,2630,bus,Nobina AS
TEL:Line:8811,Gulset-Skien-Klosterøya,S11,bus,Vy Buss avd. Grenland
RUT:Line:2631,Lørenfallet - Simarud - Veslesjea - Sørumsand,2631,bus,Nobina AS
TEL:Line:8810,Gulset-Kjørbekk,S10,bus,Vy Buss avd. Grenland
ATB:Line:2_820,Dyrøy - Øyrekken,820,water,Fosen Namsos Sjø
KOL:Line:8_2649,SK1903,SK1903,bus,Vy Buss AS
TEL:Line:8819,Skien-Klyve-Stridsklev,S19,bus,Vy Buss avd. Grenland
ATB:Line:2_821,Dyrøy - Øyrekken (Sør - Væran),821,water,Torghatten Midt
TEL:Line:8818,Siljan-Skogmo,S18,bus,Vy Buss avd. Grenland
TEL:Line:8817,Herøya-Nenset-Skien,S17,bus,Vy Buss avd. Grenland
TEL:Line:8816,Porsgrunn-Kjørbekk-Moflata,S16,bus,Vy Buss avd. Grenland
KOL:Line:8_2645,SK2203,SK2203,bus,Vy Buss AS
SOF:Line:1194_69,Fimland-Førde,241,bus,
TEL:Line:8814,Heistad-Skien,S14,bus,Vy Buss avd. Grenland
SKY:FlexibleLine:b61d89d3-5906-4015-b6c7-53f046faa5e1,Ulvik - Øvragardsvegen,Skyss Bestilling,bus,Tide Buss
KOL:Line:8_2647,SK1901,SK1901,bus,Vy Buss AS
KOL:Line:8_2648,SK1902,SK1902,bus,Vy Buss AS
TEL:Line:8812,Skien-Skauenvegen,S12,bus,Vy Buss avd. Grenland
ATB:FlexibleLine:141fa3d2-dd7b-59a9-917c-f8096f30e50f,Nærøysund TB,AtB Bestill,bus,Trønder taxi
NOR:Line:12_3754,Sortland-Stm.nes-Melbu-Svolvær,754,bus,Boreal Buss AS
KOL:Line:8_2664,SK2108,SK2108,bus,Vy Buss AS
NOR:Line:12_3755,Bodø - Svolvær - Bodø,23-755,water,Boreal Sjø AS
KOL:Line:8_2665,SK2101,SK2101,bus,Vy Buss AS
KOL:Line:8_2666,SK2107,SK2107,bus,Vy Buss AS
KOL:Line:8_2660,SK2104,SK2104,bus,Vy Buss AS
KOL:Line:8_2661,SK2105,SK2105,bus,Vy Buss AS
KOL:Line:8_2662,SK2106,SK2106,bus,Vy Buss AS
TEL:Line:8822,Skien-Svanen,S22,bus,Vy Buss avd. Notodden
ATB:Line:2_810,Trondheim - Vanvikan,810,water,Norled AS
SOF:Line:2713_69,Sogndal-Øvstedalen,806,bus,
SOF:Line:1307_69,Hyllestad-Heggebø,226,bus,
NOR:Line:12_3760,Å-Leknes-Svolvær-Narvik,300,bus,Boreal Buss AS
KOL:Line:8_2656,SK1910,SK1910,bus,Vy Buss AS
KOL:Line:8_2658,SK2102,SK2102,bus,Vy Buss AS
KOL:Line:8_2659,SK2103,SK2103,bus,Vy Buss AS
SOF:Line:7291_69,Måløy-Tennebø,125,bus,
ATB:Line:2_5002,Ilhaugen - Øysand - Gimse,5002,bus,Vy Region
KOL:Line:8_2674,SK2006,SK2006,bus,Vy Buss AS
KOL:Line:8_2675,SK2100,SK2100,bus,Vy Buss AS
ATB:Line:2_5001,(Brannåsen) - Rødde - Gimse,5001,bus,Vy Region
ATB:Line:2_5004,Klett - Melhus - Støren,5004,bus,Vy Region
ATB:Line:2_805,Trondheim - Brekstad,805,water,Norled AS
ATB:Line:2_5003,Melhus - Øyås - Varmbu - Melhus,5003,bus,Vy Region
KOL:Line:8_2677,SK2110,SK2110,bus,Vy Buss AS
KOL:Line:8_2670,SK2002,SK2002,bus,Vy Buss AS
NOR:Line:12_3762,Sortland-Gullesfjordbotn,762B,bus,Boreal Buss AS
KOL:Line:8_2671,SK2005,SK2005,bus,Vy Buss AS
ATB:Line:2_800,Trondheim - Brekstad - Kristiansund,800,water,Norled AS
KOL:Line:8_2672,SK2001,SK2001,bus,Vy Buss AS
ATB:FlexibleLine:91064612-aa9d-5a47-aa11-40bdc4f7aaf2,Indre Fosen,AtB Bestill,bus,Trønder taxi
ATB:Line:2_5009,Brekkåsen - Lete - Kregnes,5009,bus,Vy Region
ATB:Line:2_5006,Hermanstad - Lundamo/Skjetlein,5006,bus,Vy Region
ATB:Line:2_5005,Korsvegen - Hovin - Lundamo,5005,bus,Vy Region
ATB:Line:2_5008,Flå - Finnaunet,5008,bus,Vy Region
SKY:FlexibleLine:5a6e3298-e690-4b3d-ba12-dc0dd52882a1,Nordfjordeid - Ytre Skårhaug,Skyss Bestilling,bus,Firda Billag
SOF:Line:1522_69,Myren kryss-Holsen skule,211,bus,
AKT:Line:472,Tonstad - Stavanger,472,bus,Tonstad taxi
KOL:Line:8_2667,SK2003,SK2003,bus,Vy Buss AS
KOL:Line:8_2668,SK2004,SK2004,bus,Vy Buss AS
ATB:FlexibleLine:7a56c258-2ef1-56be-9e53-d239a9e302a4,Heim ,AtB Bestill,bus,Trønder taxi
KOL:Line:8_2685,SK1911,SK1911,bus,Vy Buss AS
KOL:Line:8_2686,SK1912,SK1912,bus,Vy Buss AS
KOL:Line:8_2687,SK0203,SK0203,bus,Vy Buss AS
KOL:Line:8_2681,SK0202,SK0202,bus,Vy Buss AS
KOL:Line:8_2682,SK0201,SK0201,bus,Vy Buss AS
KOL:Line:8_2683,SK1203,SK1203,bus,Vy Buss AS
FLI:Line:81065918ade8c693,Stavanger - Bergen,FX652,coach,FlixBus
KOL:Line:8_2678,SK2007,SK2007,bus,Vy Buss AS
KOL:Line:8_2679,SK2008,SK2008,bus,Vy Buss AS
ATB:FlexibleLine:aaa35a7f-fdda-5deb-b7f1-9145eeb76c23,Grong S ,AtB Bestill,bus,Trønder taxi
SKY:FlexibleLine:f86fee28-541e-416c-86d6-c7ec53fe01ea,Askøy Nord,Skyss Bestilling,bus,Tide Buss
KOL:Line:8_2696,SK0122,SK0122,bus,Vy Buss AS
KOL:Line:8_2697,SK0123,SK0123,bus,Vy Buss AS
KOL:Line:8_2699,H2,H2,bus,Vy Buss AS
KOL:Line:8_2692,SK0220,SK0220,bus,Vy Buss AS
KOL:Line:8_2693,SK0221,SK0221,bus,Vy Buss AS
RUT:Line:3919,Kringsjå - Åsbråten,19N,bus,Connect Bus AS
KOL:Line:8_2694,SK0120,SK0120,bus,Vy Buss AS
KOL:Line:8_2695,SK0121,SK0121,bus,Vy Buss AS
ATB:Line:2_7607,Rørvik - Garstad - Austafjord,7607,bus,Vy Region
ATB:Line:2_7608,Stein - Leka skole,7608,bus,Vy Region
ATB:Line:2_7605,Kolvereid - Våg - Arnøya,7605,bus,Vy Region
RUT:Line:3912,Majorstuen - Kjelsås,12N,bus,Unibuss AS
KOL:Line:8_2691,SK0206,SK0206,bus,Vy Buss AS
ATB:Line:2_7606,Rørvik - Lauvøya,7606,bus,Vy Region
ATB:Line:2_7603,Måneset - Rørvik,7603,bus,Vy Region
ATB:Line:2_7604,Storval - Bjørndalen - Fikkan,7604,bus,Vy Region
RUT:Line:3911,Majorstuen - Kjelsås,11N,bus,Unibuss AS
ATB:Line:2_7609,Ytre Vikna - Austafjord,7609,bus,Vy Region
TRO:Line:1_42,Stakkevollan-Sentrum-Eidkjosen,42,bus,Tide Tromsø
TRO:Line:1_43,Direkterute Eidkjosen,X43,bus,Tide Tromsø
TRO:Line:1_44,Direkterute Slettaelva,X44,bus,Tide Tromsø
RUT:Line:3905,Jernbanetorget - Vestli T,5N,bus,Unibuss AS
SOF:Line:2222_69,Stårheim-Isane,1038,water,
RUT:Line:3903,Jernbanetorget - Skullerud T,3N,bus,Nobina AS
RUT:Line:3904,Jernbanetorget - Bergkrystallen T,4N,bus,Nobina AS
RUT:Line:3901,Jernbanetorget - Ullerntoppen,1N,bus,Unibuss AS
ATB:FlexibleLine:18051fac-ed6e-5423-8509-09f47d528961,Ørland,AtB Bestill,bus,Trønder taxi
RUT:Line:3902,Østerås T - Ellingsrudåsen,2N,bus,Unibuss AS
ATB:FlexibleLine:a0197297-2d88-51ea-8efe-e6381206fa41,Steinkjer,AtB Bestill,bus,Trønder taxi
TRO:Line:1_40,Tromsø museum - Slettaelva,40,bus,Tide Tromsø
ATB:FlexibleLine:394bf947-29a8-5033-8998-4cf1faa2b36c,Leka S  ,AtB Bestill,bus,Trønder taxi
NOR:Line:12_8611,Skarberget - Bognes,18-611,water,Fjord1 AS
ATB:FlexibleLine:863a7eff-dcc2-5990-9e1a-4c084502f405,Åfjord,AtB Bestill,bus,Trønder taxi
TRO:Line:1_30,UNN - Sorgenfri - UNN,30,bus,Tide Tromsø
TRO:Line:1_31,Direkterute Sydspissen,X31,bus,Tide Tromsø
TRO:Line:1_32,UiT - Hamna sør,X32,bus,Tide Tromsø
TRO:Line:1_33,Ringrute UNN - Fagereng - UNN,33,bus,Tide Tromsø
NOR:Line:12_8616,Evenes kai - Harstad/Narvik lufthan Evenes,18-616,bus,Fjord Shuttle
TRO:Line:1_34,UNN-Sydspissen-Sentrum-UNN,34,bus,Tide Tromsø
NOR:Line:12_8615,Evenes-Kjeldebotn,18-615,water,Fjord Shuttle
TRO:Line:1_35,Direkterute Myreng,X35,bus,Tide Tromsø
NOR:Line:12_8613,Narvik-Kjøpsvik,100,bus,Boreal Buss AS
TRO:Line:1_36,Unn - Uit - Åsgård - Myreng,X36,bus,Tide Tromsø
VYG:Line:R23x,Stabekk-Oslo S-Moss,R23x,rail,VY
SOF:Line:8973_69,Ruter på Askrova,255,bus,
RUT:Line:100,Kjeller - Oslo bussterminal,100,bus,Nobina AS
NOR:Line:12_8621,Narvik-Ballangen,100,bus,Boreal Buss AS
TRO:Line:1_20,Skattøra - sentrum - Kroken,20,bus,Tide Tromsø
TRO:Line:1_21,Sentrum - UNN,21,bus,Tide Tromsø
TRO:Line:1_22,Kroken - Giæverbukta,22,bus,Tide Tromsø
KOL:Line:8_5752,704,704,water,Helgøy Skyssbåt AS
TRO:Line:1_23,Direkterute Kroken,X23,bus,Tide Tromsø
TRO:Line:1_24,Skognesvegen -Giæverbukta-sentrum-Kroken sør,24,bus,Tide Tromsø
KOL:Line:8_5750,700,700,water,Norled AS
NOR:Line:12_8624,Melkedal-Storfjell-Bjørkåsen,624,bus,Boreal Buss AS
TRO:Line:1_25,Torgsenteret - Pyramiden - Fjellheisen,26B,bus,Tide Tromsø
TRO:Line:1_26,Tromsø lufthavn-sentrum-Pyramiden,26,bus,Tide Tromsø
NOR:Line:12_8623,Ballangen-Skarstad,623,bus,Boreal Buss AS
TEL:Line:8011,Notodden-Høgås,1,bus,Vy Buss avd. Notodden
SKY:Line:23E,Sandsli - Kokstad,23E,bus,Tide buss AS
SOF:Line:6162_69,Oppedal-Rutledal-Sløvåg,360,bus,
TRO:Line:1_27,Direkterute  Tromsdalen,X27,bus,Tide Tromsø
TRO:Line:1_28,Hamna - Sentrum - Solligården,28,bus,Tide Tromsø
NOR:Line:12_8632,Narvik-Ankenes-Håkvik-Saltvikh,632,bus,Boreal Buss AS
NOR:Line:12_8631,Håkvik-Skjomdal,631,bus,Boreal Buss AS
TRO:Line:1_29,Direkterute Solligården,X29,bus,Tide Tromsø
TEL:Line:8899,Hogstad-Siljan,99,bus,Vy Buss avd. Grenland
TEL:Line:8898,Svartangen-Austad-Siljan,98,bus,Vy Buss avd. Grenland
AKT:Line:410,Svipp Mandal - Tangvall,410,bus,Elite-Drosjen
TEL:Line:8896,Melum-Skien,96,bus,Vy Buss avd. Grenland
TEL:Line:8895,Valebø-Skien,95,bus,Vy Buss avd. Grenland
ATB:FlexibleLine:04e5cf07-17a4-597b-9fbb-ef050cfb972e,Rindal ,AtB Bestill,bus,Trønder taxi
RUT:Line:120,Nesåsen - Stovner,120,bus,Connect Bus AS
TEL:Line:8894,Eriksrød-Stulen-Ås-Skien,94,bus,Vy Buss avd. Grenland
TEL:Line:8893,Fjelldalen-Skien,93,bus,Vy Buss avd. Grenland
TEL:Line:8892,Ryggen-Sneltvedt-Gjerpen,92,bus,Vy Buss avd. Grenland
MOR:Line:800,Skolerute Kristiansund,800,bus,FRAM
MOR:Line:801,Løkkemyra-Kristiansund lufthavn,801,bus,FRAM
MOR:Line:802,Dale-Kristiansund lufthavn,802,bus,FRAM
MOR:Line:803,Karihola-Idrettsparken,803,bus,FRAM
SKY:Line:2095,Turistrute indre Hardanger,2095,water,Norled AS
MOR:Line:807,Nordlandet-Innlandet-Øvre Bydel,807,bus,FRAM
ATB:FlexibleLine:4fa5941b-45d8-5986-ad80-acfc336b0abe,Stjørdal,AtB Bestill,bus,Trønder taxi
RUT:Line:110,Lillestrøm - Oslo bussterminal,110,bus,Nobina AS
SKY:Line:294,Florø-Barekstad-Batalden-Fanøy-Rognaldsvåg-Kinn,294,water,Norled AS
MOR:Line:811,Kristiansund sentrum-Sødalen,811,bus,FRAM
MOR:Line:812,Kristiansund-Godhaugen-Flatøy,812,bus,FRAM
MOR:Line:813,Rensvik-Bjørnvik,813,bus,FRAM
ATB:FlexibleLine:4185f3d2-1803-5f03-98fc-0cd15327829e,Holtålen TB,AtB Bestill,bus,Trønder taxi
TRO:Line:1_74,Durmålsvegen - Kvaløysletta,74,bus,Tide Tromsø
SKY:Line:291,Florø-Askrova-Stavang-Svanøy,291,water,Norled AS
SKY:Line:290,Måløy-Smørhamn-Florø Kystv.eks,290,water,Norled AS
SKY:Line:293,Florø-Barekstad-Batalden-Fanøy,293,water,Norled AS
SKY:Line:292,Florø-Rognaldsvåg-Kinn,292,water,Norled AS
INN:FlexibleLine:1134,Veldre - Brumunddal,1134,taxi,Taxi for Innlandstrafikk
TRO:Line:1_70,Servicerute,70,bus,Tide Tromsø
AVI:Line:WF_OSL-TOS,Oslo-Tromsø,,air,Widerøe
TRO:Line:1_71,Servicerute,71,bus,Tide Tromsø
TRO:Line:1_72,Servicerute,72,bus,Tide Tromsø
TRO:Line:1_73,Servicerute,73,bus,Tide Tromsø
SKY:Line:2075,Hardangerfjordekspressen,2075,water,L. Rødne & Sønner AS
RUT:Line:145,Bekkestua - Fornebu,145,bus,Vy Buss AS
SKY:Line:2078,Båtruter Austevoll,2078,water,Norled AS
SKY:Line:2079,Espevær - Eidesvik,2079,water,Gulen Skyssbåtservice AS
RUT:Line:140,Bekkestua - Østerås - Skøyen,140,bus,Vy Buss AS
SOF:Line:5067_69,Høyanger-Vadheim,820,bus,
MOR:Line:820,Skolerute Aure,820,bus,FRAM
MOR:Line:821,Kristiansund-Tømmervåg-Aure,821,bus,FRAM
MOR:Line:822,Tømmervåg-Indresæter-Gullstein,822,bus,FRAM
MOR:Line:823,Ålmo-Mjosundet-Aure,823,bus,FRAM
SKY:Line:2071,Hellesøy - Hernar,2071,water,Gulen Skyssbåtservice AS
ATB:FlexibleLine:daddb1b7-7309-5535-b12e-776b6ee03749,Heim ,AtB Bestill,bus,Trønder taxi
MOR:Line:825,Todal-Aure,825,bus,FRAM
MOR:Line:826,Gjerda-Aukan-Lesund-Aure,826,bus,FRAM
MOR:Line:827,Rønsvika-Ulvsnes-Aure,827,bus,FRAM
MOR:Line:828,Kjørsvikbugen-Aure,828,bus,FRAM
MOR:Line:829,Årvåg-Vean-Aure,829,bus,FRAM
SKY:FlexibleLine:703694a3-af28-44cf-9f1e-b0ee4ad7fb66,Øvragardsvegen - Ulvik,Skyss Bestilling,bus,Tide Buss
SKY:Line:2085,Reksteren - Våge - Os,2085,water,L. Rødne & Sønner AS
RUT:Line:130,Sandvika -Skøyen,130,bus,Vy Buss AS
ATB:FlexibleLine:0f6aaa67-68d1-5191-9633-146295e881a8,Midtre Gauldal ,AtB Bestill,bus,Trønder taxi
MOR:Line:830,Skolerute Smøla,830,bus,FRAM
MOR:Line:831,Veiholmen-Hopen-Nordvika-Edøya,831,bus,FRAM
SKY:Line:2080,Sunnhordland - Austevoll - Bergen,2080,water,Norled AS
MOR:Line:832,Hopen-Straumen (Vestsida),832,bus,FRAM
ATB:FlexibleLine:65d28b3f-a8a6-5273-b3c3-2d07de854c43,Steinkjer,AtB Bestill,bus,Trønder taxi
BRA:Line:4_6417,Rødberg-Tunhovd,417,bus,Vy Buss AS
BRA:Line:4_6418,Bjørnsrud - Flesberg,418,bus,Vy Buss AS
BRA:Line:4_6419,Holtan - Flesberg skole,419,bus,Vy Buss AS
ATB:FlexibleLine:968a3b49-ec1a-5a32-b3a6-9a3d030eed32,Tydal S ,AtB Bestill,bus,Trønder taxi
SOF:Line:6748_69,Bybuss (natt) Florø,251,bus,
KOL:Line:8_5200,800,800,water,Fjord1 ASA
BRA:Line:4_6415,Kongsberg - Jondalen,415,bus,Vy Buss AS
ATB:Line:2_5703,Kyrksæterøra - Gjengstø/Taftøy,5703,bus,Vy Region
BRA:Line:4_6410,Kongsberg - Sagvoldbrua,410,bus,Vy Buss AS
ATB:Line:2_5702,Orkanger - Kyrksæterøra,5702,bus,Vy Region
ATB:Line:2_5705,Kyrksæterøra - Ytre Snillfjord,5705,bus,Vy Region
BRA:Line:4_6412,Kongsberg - Krekling,412,bus,Vy Buss AS
ATB:Line:2_5704,Kyrksæterøra - Storoddan,5704,bus,Vy Region
ATB:Line:2_5701,Kyrksæterøra - Vinjeøra - Engdal,5701,bus,Vy Region
AVI:Line:WF_BOO-BNN,Bodø-Brønnøysund,,air,Widerøe
ATB:Line:2_580,Oppdal - Gjevilvasshytta,580,bus,Vy Region
ATB:Line:2_5707,Vågan/Kongensvoll/Moltun - Kro,5707,bus,Vy Region
ATB:Line:2_5706,Skolerute Halsa,5706,bus,Vy Region
ATB:Line:2_5708,Liabøen>Strand/Rognskog/Halsa ferjekai,5708,bus,Vy Region
BRA:Line:4_6406,Tislegård-Frydenberg-Kbg knutepunkt,406,bus,Vy Buss AS
BRA:Line:4_6409,Kongsberg knutepunkt - Saggrenda,409,bus,Vy Buss AS
AVI:Line:DY_OSL-ALF,Oslo-Alta,,air,Norwegian
BRA:Line:4_6403,Skollenborg - Kongsberg,403,bus,Vy Buss AS
BRA:Line:4_6401,Gamlegrendåsen S-Lindbojordet,401,bus,Vy Buss AS
ATB:FlexibleLine:cb6e5e00-32dd-5e0b-8164-47eb675df22d,Verdal,AtB Bestill,bus,Trønder taxi
SKY:Line:655,Våge-Neshamn,655,bus,Tide Buss AS
SKY:Line:654,Gjermundshamn-Våge-Hodnanes,654,bus,Tide Buss AS
AVI:Line:WF_BOO-BOO,Bodø-Bodø,,air,Widerøe
ATB:FlexibleLine:62c9b83a-0909-540a-a5c8-b6cf3223ec21,Grong TB,AtB Bestill,bus,Trønder taxi
SKY:Line:651,Våge-Lunde-Onarheim-Hodnanes,651,bus,Tide Buss AS
SKY:Line:653,Våge-Reksteren,653,bus,Tide Buss AS
SOF:Line:2718_69,Sogndal-Kaupanger,801,bus,
SOF:Line:1690_69,Nord-Solund,393,water,
BRA:Line:4_6435,Fjordveien 480 - Jønndalen,435,bus,Vy Buss AS
BRA:Line:4_6436,Kongsberg - Hvittingfoss,436,bus,Vy Buss AS
SKY:FlexibleLine:fafd7f19-3908-4a3e-b93c-c667ae19529d,Eidfjord - Øvre Eidfjord,Skyss Bestilling,bus,Tide Buss
BRA:Line:4_6437,Vrågåvegen - Paradisgrende - Veggli,437,bus,Vy Buss AS
BRA:Line:4_6431,Kongsberg - Haavengen,431,bus,Vy Buss AS
BRA:Line:4_6434,Kongsberg - Gamlegrendåsen N,434,bus,Vy Buss AS
BRA:Line:4_6430,Kongsberg - Svarstad,430,bus,Vy Buss AS
SKY:Line:644,Etne-Osvåg-Veste,644,bus,Tide Buss AS
SKY:Line:643,Etne - Kyrping - Frette,643,bus,Tide Buss AS
SKY:Line:640,Ølen - Etne - Odda,640,bus,Tide Buss AS
NOR:Line:12_8100,Bodø - Fauske - Narvik/Sortland,100,bus,Nordlandsbuss AS
ATB:Line:2_561,Hafsmo/Tannvikvågen - Krokstad,561,bus,Vy Region
SKY:Line:642,Etne-Litledalen,642,bus,Tide Buss AS
SKY:Line:641,Etne-Skånevik,641,bus,Tide Buss AS
BRA:Line:4_6428,Veggli - Rostad,428,bus,Vy Buss AS
BRA:Line:4_6429,Fønstelien - Uvdal,429,bus,Vy Buss AS
BRA:Line:4_6424,Gutterud - Svene,424,bus,Vy Buss AS
BRA:Line:4_6425,Rødberg - Fjellsnaret,425,bus,Vy Buss AS
ATB:Line:2_558,Brekstad - Garten,558,bus,Vy Region
BRA:Line:4_6426,Rollag - Veggli,426,bus,Vy Buss AS
BRA:Line:4_6427,Veggli - Rollag,427,bus,Vy Buss AS
GFS:FlexibleLine:88f9e793-74bc-4173-8d42-146703a86a86,Ålesund-Geirangerfjord,1147,water,Geiranger Fjordservice
ATB:Line:2_559,Brekstad - Garten,559,bus,Vy Region
BRA:Line:4_6420,Kongsberg - Geilo,420,bus,Vy Buss AS
BRA:Line:4_6421,Kongsberg - Prestfoss,421,bus,Vy Buss AS
RUT:Line:9840,Øvre Sogn - Majorstuen Holmenkollstafetten,40X,bus,Vy Buss AS
BRA:Line:4_6422,Kongsberg - Flesberg,422,bus,Vy Buss AS
SOF:Line:8381_69,Davik-Svelgen-Florø,260,bus,
BRA:Line:4_6423,Lågveiskillet - Lampeland,423,bus,Vy Buss AS
RUT:Line:9842,Voksen skog - Jernbanetorget,42N,bus,Unibuss AS
INN:Line:897,Os - Dalsbygda - Os,897,bus,Connect Bus Østerdalen
INN:Line:896,Os - Tufsingdal,896,bus,Connect Bus Østerdalen
SKY:Line:633,Ålfjorden,633,bus,Tide Buss AS
SKY:Line:632,Buavåg,632,bus,Tide Buss AS
NOR:Line:12_8115,Vennesund - Holm,18-115,water,Torghatten Midt AS
NOR:Line:12_8116,Bindalseidet-Lysfjord-Hall,18-116,bus,Connect Bus AS
KOL:Line:26_5958,Hjelmeland - Nesvik - Skipavik,1054,water,Norled AS
NOR:Line:12_8113,Horsfjord-Kjelleidet,18-113,bus,Connect Bus AS
NOR:Line:12_8114,Røytvoll-Bindalseidet-Kveinsjø,18-114,bus,Connect Bus AS
NOR:Line:12_8111,Bindal Harangsfjord,18-111,water,Torghatten Midt AS
ATB:Line:2_552,Vanvikan - Rissa,552,bus,Vy Region
ATB:Line:2_553,Vanvikan - Leksvik,553,bus,Vy Region
NOR:Line:12_8112,Fuglestad-Terråk-Årsandøy,18-112,bus,Connect Bus AS
SKY:Line:631,Tittelsnes,631,bus,Tide Buss AS
ATB:FlexibleLine:a18341f0-64ae-5ef7-b859-9ef7d46a21fe,Heim ,AtB Bestill,bus,Trønder taxi
ATB:FlexibleLine:bffc141f-51f4-57fb-ab47-7882077b19cf,Osen,AtB Bestill,bus,Trønder taxi
INN:Line:889,Tynset - Telneset - Tynset,889,bus,Connect Bus Østerdalen
INN:Line:887,Tynset - Fåset - Tynset,887,bus,Connect Bus Østerdalen
ATB:FlexibleLine:a76a57b6-b41b-5e8e-8965-9305b7307f40,Nærøysund S ,AtB Bestill,bus,Trønder taxi
INN:Line:886,Tynset - Tolga,886,bus,Connect Bus Østerdalen
INN:Line:885,Tylldalen - Yynset,885,bus,Connect Bus Østerdalen
INN:Line:895,Tolga - Tynset østsiden,895,bus,Connect Bus Østerdalen
INN:Line:894,Tolga - Vingelen,894,bus,Connect Bus Østerdalen
SOF:Line:7365_69,Høyanger-Vadheim,820,bus,
INN:Line:878,Alvdal - Brandvoll - Tynset,878,bus,Connect Bus Østerdalen
AVI:Line:WF_SKN-TOS,Stokmarknes-Tromsø,,air,Widerøe
INN:Line:877,Alvdal - Bellingmo - Alvdal,877,bus,Connect Bus Østerdalen
INN:Line:875,Alvdal - Strømmen - Alvdal,875,bus,Connect Bus Østerdalen
SOF:Line:7304_69,Raudeberg-Måløy-Oppedal,121,bus,
INN:Line:882,Tynset - Kvikne,882,bus,Connect Bus Østerdalen
SOF:Line:7284_69,Nordfjordeid-Hopland-Stryn,113,bus,
INN:Line:873,Alvdal - Plassen,873,bus,Connect Bus Østerdalen
INN:Line:872,Alvdal - Måntrøen - Tynset,872,bus,Connect Bus Østerdalen
SOF:Line:2731_69,Gaupne-Luster,860,bus,
SKY:Line:680,Fitjar - Ostern - Skumsn - Koløyh - Dåfj - Fitjar,680,bus,Tide Buss AS
SOF:Line:1126_69,Breim skule-Årdal-Frøystad,103,bus,
FLI:Line:a57473bd9f620d68,Stockholm - Oslo,600,coach,FlixBus
SOF:Line:7316_69,Nordfjordeid-Leikanger,161,bus,
INN:Line:854,Deset - Rena,854,bus,Connect Bus Østerdalen
AVI:Line:WF_BOO-SKN,Bodø-Stokmarknes,,air,Widerøe
AVI:Line:DY_OSL-AES,Oslo-Ålesund,,air,Norwegian
INN:Line:862,Lomnessjøen - Fagertun skole,862,bus,Connect Bus Østerdalen
SKY:Line:676,Ådland - Kårevik/Hornelandsvågen,676,bus,Tide Buss AS
INN:Line:861,Atnbrua - Folldal,861,bus,Connect Bus Østerdalen
INN:Line:860,Koppang - Rendalen - Tynset,860,bus,Connect Bus Østerdalen
SKY:Line:679,Nordhuglo-Tveit-Haukanes,679,bus,Tide Buss AS
ATB:Line:2_591,Åfjord - Stokksund - Linesøya,591,bus,Vy Region
VYX:Line:2,VY123 Elverum-Oslo,VY123,coach,Vy Buss
SKY:Line:678,Leirvik-Romm-Fjellgard-Leirvik,678,bus,Tide Buss AS
VYX:Line:7,VY146 Måløy/Ulsteinvik-Stryn-Oslo,VY146,coach,Vy Buss
VYX:Line:5,VY190 Ulsteinvik-Bergen-Kristiansand-Oslo,VY190,coach,Vy Buss
SKY:Line:671,Leirvik-Litlabø-Fitjar,671,bus,Tide Buss AS
SKY:Line:673,Rommetveit - Vikanes,673,bus,Tide Buss AS
ATB:Line:2_595,Reppkleiv - Roan,595,bus,Vy Region
ATB:Line:2_505,Melhus - Skaun - Børsa,505,bus,Vy Region
SKY:FlexibleLine:afef008c-a866-45e7-9f88-6a3d92634cb8,Frette - Etne,Skyss Bestilling,bus,Tide Buss
ATB:Line:2_504,Melhus - Hølonda,504,bus,Vy Region
OST:Line:1_799,Fylkeshuset,799,bus,Minibuss 24/7
INN:Line:847,Engerdal skole - Sømådalen,847,bus,Connect Bus Østerdalen
INN:Line:845,Elgå - Femund - Engerdal skole,845,bus,Connect Bus Østerdalen
SKY:FlexibleLine:07cee6ff-3df2-43d0-be68-0753b48ea922,Ytre Skårhaug - Nordfjordeid,Skyss Bestilling,bus,Firda Billag
NOR:Line:12_8162,Tjøtta - Forvik,18-162,water,Boreal Sjø AS
INN:Line:851,Rena - Åsbygda - Rena,851,bus,Connect Bus Østerdalen
INN:Line:850,Osen - Rena,850,bus,Connect Bus Østerdalen
RUT:Line:2390,Hellerudhaugen - Oslo bussterminal,390E,bus,Connect Bus AS
NOR:Line:12_8166,Visthus-Stokkasjøen,18-166,bus,Connect Bus AS
NOR:Line:12_8167,"Tjøtta,Husvik, Forvik, Vistens",18-167,water,Torghatten Nord AS
NOR:Line:12_8164,Mindland,164,bus,Nordlandsbuss AS
AVI:Line:SK_OSL-LYR,Oslo-Longyearbyen,,air,SAS
INN:Line:839,Jordet - Slettås,839,bus,Connect Bus Østerdalen
ATB:FlexibleLine:50a1e998-5f8d-5727-be37-6daf3565943c,Rennebu,AtB Bestill,bus,Trønder taxi
INN:Line:835,Ljørdalen - Østby - Trysil,835,bus,Connect Bus Østerdalen
INN:Line:834,Trysil - Flendalen,834,bus,Connect Bus Østerdalen
INN:Line:833,Tørberget - Trysil,833,bus,Connect Bus Østerdalen
INN:Line:832,Jordet - Slettås - Eltdalen,832,bus,Connect Bus Østerdalen
INN:Line:831,Sjøenden - Vestby - Trysil,831,bus,Connect Bus Østerdalen
INN:Line:830,Trysil - Plassen - Lutnes,830,bus,Connect Bus Østerdalen
NOR:Line:12_8173,Hestøysund-Austbø,173,bus,Nordlandsbuss AS
NOR:Line:12_8174,Nye Herøy,174,bus,Nordlandsbuss AS
NOR:Line:12_8171,Søvik - Herøy,18-171,water,Norled AS
NOR:Line:12_8172,Herøyruta,18-172,water,Torghatten Midt AS
ATB:FlexibleLine:ccf01218-5d60-52c0-8199-ebeb9cece908,Lierne S ,AtB Bestill,bus,Trønder taxi
SOF:Line:3188_69,Vassbygdi-Aurland,852,bus,
INN:Line:829,Kvisler - Flisa - ELVERUM,829,bus,Connect Bus Østerdalen
INN:Line:826,Elverum - Jømna - Elverum,826,bus,Connect Bus Østerdalen
INN:Line:825,Elverum - Braskereidfoss vests,825,bus,Connect Bus Østerdalen
INN:Line:824,Hernes - Kirkeby,824,bus,Connect Bus Østerdalen
INN:Line:820,Elverum - Hernes - Hovindberge,820,bus,Connect Bus Østerdalen
NOR:Line:12_8184,Dønna Nord,184,bus,Nordlandsbuss AS
NOR:Line:12_8181,Sandnessjøen - Dønna - Løkta,18-181,water,Norled AS
RUT:Line:2370,Sørumsand - Blaker - Sørumsand,370B,bus,Nobina AS
NOR:Line:12_8188,Solfjellsjøen-Vandve,18-188,water,Torghatten Midt AS
NOR:Line:12_8187,Løkta,187,bus,Nordlandsbuss AS
ATB:FlexibleLine:30c0c4dd-c001-534e-92db-a01d62e7d46e,Orkland,AtB Bestill,bus,Trønder taxi
TRO:Line:1_9,Skjervøy-Kvænangen-Vorterøy,9,water,Torghatten Nord hurtigbåt
TRO:Line:1_4,Tromsø-Vikran-Tennskjer-Lysnes,4,water,Norled hurtigbåt
INN:Line:819,Vestad - Elverum,819,bus,Connect Bus Østerdalen
TRO:Line:1_3,Tromsø - Skjervøy,3,water,Norled hurtigbåt
TRO:Line:1_6,Harstad-Bjarkøystedene-Skrolsvik,6,water,Boreal sjø
TRO:Line:1_5,Sommarøy-Tussøy-Sandneshamn,5,water,Sommarøy Cruise AS
TRO:Line:1_2,Tromsø - Finnsnes - Harstad,2,water,Norled hurtigbåt
INN:Line:813,Søbakken - Elverum ungdomsskoe,813,bus,Connect Bus Østerdalen
INN:Line:812,Hanstad - Mastmoen - Elverum e,812,bus,Connect Bus Østerdalen
INN:Line:811,Elverum - Hernes - Styggberget,811,bus,Connect Bus Østerdalen
INN:Line:810,Elverum - Hernes - Kirkeby,810,bus,Connect Bus Østerdalen
NOR:Line:12_8195,Træna lokalrute,18-195,water,Lovundskyss AS
NOR:Line:12_8193,Lurøy,18-193,water,Lovundskyss AS
NWB:Line:44942bdc-34ea-401b-ac9d-0561e8b56621,Stegastein viewpoint & Mt. Prest,,bus,Flåm Bilutleie
SOF:Line:8410_69,Florø-Barekstad-Batalden-Fanøy-Rognaldsvåg-Kinn,294,water,
NOR:Line:12_8191,Helgelandspendelen,18-191,water,Torghatten Midt AS
NOR:Line:12_8192,Stokkvågen - Træna,18-192,water,Boreal Sjø AS
INN:Line:806,Elverum - Sørskogbygda - Kynnb,806,bus,Connect Bus Østerdalen
INN:Line:805,Elverum torv - St. Hanshaugen,805,bus,Connect Bus Østerdalen
INN:Line:804,Løten - Elverum - Hernes,804,bus,Connect Bus Østerdalen
ATB:FlexibleLine:1e318f1b-ea75-5105-a587-417ea67d243e,Ørland,AtB Bestill,bus,Trønder taxi
INN:Line:803,Rena - Elverum østsiden,803,bus,Connect Bus Østerdalen
INN:Line:802,Rena - Elverum,802,bus,Connect Bus Østerdalen
INN:Line:801,Rena - Elverum - Tangen,801,bus,Connect Bus Østerdalen
SJV:Line:d1a5ff4f-52d0-4d69-8d56-c217e879cb79,Luleå-Boden,Luleå-Boden,rail,SJ
SOF:Line:7783_69,Sogndal-Vadheim-Førde,820,bus,
RUT:Line:3686,Runni - Tomteråsen/ Neskollen - Rånåsfoss,3686,bus,Vy Buss AS
AKT:Line:2307,Skolebuss Mandal omegn,2307,bus,L/L Setesdal Bilruter
RUT:Line:3682,Skedsmokorset - Frogner - Kløfta - Hvam vgs,3682,bus,Nobina AS
ATB:FlexibleLine:79fdffa0-f0d8-5f2a-ba48-484ef6c2f81f,Høylandet TB ,AtB Bestill,bus,Trønder taxi
ATB:Line:2_543,Hessdalen  - Ålen - Røros,543,bus,Vy Region
NOR:Line:12_8124,Hombornes-Berg/Vik,18-124,bus,Connect Bus AS
NOR:Line:12_8125,Berg-Dalbotn,18-125,bus,Connect Bus AS
ATB:Line:2_544,Tronsaunet - Haltdalen - Ålen,544,bus,Vy Region
ATB:Line:2_541,Røros - Brekken,541,bus,Vy Region
NOR:Line:12_8122,Sør Kvaløy-Vik,18-122,bus,Connect Bus AS
NOR:Line:12_8123,Berg - Holand - Vik,18-123,bus,Connect Bus AS
SKY:Line:620,Svortland -Føyno-Leirvik,620,bus,Tide Buss AS
ATB:Line:2_540,Røros - Synnervika,540,bus,Vy Region
NOR:Line:12_8121,Vik-Olsvik,18-121,bus,Connect Bus AS
SOF:Line:6154_69,Sandane-Nordstranda sk-Fjellbygda,106,bus,
SKY:FlexibleLine:0121f9cc-1b6f-4b9c-8dfc-d89192ae148b,Ulvik - Espelandsvegen,Skyss Bestilling,bus,Tide Buss
SKY:FlexibleLine:90bd4fc7-d570-4e58-8f06-c0292113bcb5,Voss - Oppkvitno,Skyss Bestilling,bus,Tide Buss
RUT:Line:3676,Bjørkelangen - Aurskog - Hellne - Haga - Nes vgs.,3676,bus,Vy Buss AS
SKY:Line:610,Osøyro - Nesttun -Bergen busstasjon,610,bus,Tide Buss AS
ATB:FlexibleLine:3c63efe7-cd85-5654-b910-23ce0ec93fe6,Midtre Gauldal ,AtB Bestill,bus,Trønder taxi
RUT:Line:3674,Fallet - Skogbygda - Vormsund - Årnes,3674,bus,Vy Buss AS
AKT:Line:2318,Skolerute Nyplass,2318,bus,L/L Setesdal Bilruter
AKT:Line:2319,Skolerute Laudal/Øyslebø,2319,bus,L/L Setesdal Bilruter
ATB:FlexibleLine:b7839ac7-a66c-5490-9314-96e17772bcd3,Rennebu,AtB Bestill,bus,Trønder taxi
ATB:Line:2_535,Selbu - Tydal,535,bus,Vy Region
ATB:FlexibleLine:94c86097-0145-5820-8512-eda7654e8ec8,Skaun,AtB Bestill,bus,Trønder taxi
AKT:Line:2311,Skoleruter Vassm./Furul./Holum,2311,bus,L/L Setesdal Bilruter
NOR:Line:12_8131,Nevernes-Hongset-Dyrnes-Hommel,18-131,bus,Connect Bus AS
ATB:FlexibleLine:e41e8da9-4c05-5610-930e-501255f463e5,Osen,AtB Bestill,bus,Trønder taxi
SKY:Line:607,Hagavik/Nore Neset - Osøyro,607,bus,Tide Buss AS
RUT:Line:3659,Østgård - Dragsjøvegen - Årnes,3659,bus,Vy Buss AS
RUT:Line:3657,Årnes - Brauter - Framtun,3657,bus,Vy Buss AS
SKY:FlexibleLine:75d4fff7-2d41-4540-97db-83a6f0e6824c,Mebas - 47b Mo - Øvre Helland ,Skyss Bestilling,bus,Mebas
RUT:Line:3658,Huserteiet - Aulitoppen - Framtun,3658,bus,Vy Buss AS
SKY:Line:600,Halhjemsmarka - Osøyro - Busstasjonen,600,bus,Tide Buss AS
NOR:Line:12_8141,Brønnøysund-Torget,18-141,bus,Connect Bus AS
SKY:Line:602,Strøno - Osøyro,602,bus,Tide Buss AS
SKY:Line:601,Osøyro - Ulven - Lysekloster - Helleskaret -Drange,601,bus,Tide Buss AS
SKY:Line:603,Lepsøy - Ulven - Tøsdalskiftet - Osøyro,603,bus,Tide Buss AS
SKY:Line:606,Solbjørg - Osøyro,606,bus,Tide Buss AS
NOR:Line:12_8144,Brønnøysund-Sømna-Bindal,18-144,bus,Connect Bus AS
AKT:Line:2322,Skolebuss Øyslebø/Konsmo/Byrem,2322,bus,L/L Setesdal Bilruter
NOR:Line:12_8142,Brønnøysund-Sauren-Stortorgnes,18-142,water,Vidar Hop Skyssbåter AS
NOR:Line:12_8143,Brønnøysund-Trælvikodden-Skåren,18-143,bus,Connect Bus AS
UNI:Line:FB73,Nidarvoll - Moholt - Trondheim sentrum - Værnes,FB73,bus,Værnes Ekspressen
ATB:Line:2_515,Ilhaugen - Buvika,515,bus,Vy Region
RUT:Line:3644,Fuglefjellet - Hvam - Neskollen,3644,bus,Vy Buss AS
NOR:Line:12_8151,Brønnøysund-Vega,18-151,water,Torghatten Midt AS
NOR:Line:12_8152,Horn - Igerøy,18-152,water,Torghatten Midt AS
AKT:Line:2335,Skolerute Berge/Årnes/Lyngdal,2335,bus,L/L Setesdal Bilruter
RUT:Line:3652,Opaker - Smedsrud - Østgård,3652,bus,Vy Buss AS
NOR:Line:12_8159,Sandnessjøen-Brønnøysund,18-159,water,Torghatten Midt AS
NOR:Line:12_8157,Gladstad - Hongset - Vegsteinen,18-157,bus,Connect Bus AS
NOR:Line:12_8158,Igerøy - Tjøtta,18-158,water,Torghatten Midt AS
ATB:Line:2_511,Skaun - Børsa,511,bus,Vy Region
NOR:Line:12_8155,Gladstad-Eidem,18-155,bus,Connect Bus AS
AKT:Line:2332,Skolerute Kvås/Berge/Lyngdal k,2332,bus,L/L Setesdal Bilruter
ATB:FlexibleLine:8b18aa00-cc45-55a9-b95c-48011fc356f5,Indre Fosen,AtB Bestill,bus,Trønder taxi
NOR:Line:12_8156,Gladstad-Igerøy,18-156,bus,Connect Bus AS
AKT:Line:2330,Skolerute Lyngdal - Farsund,2330,bus,L/L Setesdal Bilruter
NOR:Line:12_8153,Horn - Andalsvåg,18-153,water,Torghatten Midt AS
AKT:Line:2331,Skolebuss i Farsund,2331,bus,L/L Setesdal Bilruter
NOR:Line:12_8154,Rørøy-Gladstad-Brandsvik,18-154,bus,Connect Bus AS
VKT:Line:1263,Stokke-Hvålsåsen-Feen,1263,bus,Tide avd. Vestfold
VKT:Line:1262,Stokke-Hvålsåsen-Feen,1262,bus,Tide avd. Vestfold
VKT:Line:1265,Stokke-Hvålsåsen-Feen,1265,bus,Tide avd. Vestfold
VKT:Line:1264,Enga-Ranvik,1264,bus,Setesdal Bilruter
VKT:Line:1267,Framnes BI-Sandefjord,1267,bus,Setesdal Bilruter
VKT:Line:1266,Framnes BI-Sandefjord,1266,bus,Setesdal Bilruter
VKT:Line:1269,Breidablikk-Skravestad-Unnebeg,1269,bus,Tide avd. Vestfold
VKT:Line:1268,Helgerød sk-Skravestad-Unnebeg,1268,bus,Tide avd. Vestfold
RUT:Line:3639,Herbergåsen - Skogbygda - Vormsund,3639,bus,Vy Buss AS
RUT:Line:3637,Brårud - Fenstad - Vormsund,3637,bus,Vy Buss AS
RUT:Line:3638,Skogbygda - Vormsund - Neskollen,3638,bus,Vy Buss AS
RUT:Line:3636,Tomteråsen -  Vormsund - Grenihagen,3636,bus,Vy Buss AS
VKT:Line:1261,Stokke-Hvålsåsen-Feen,1261,bus,Tide avd. Vestfold
RUT:Line:3633,Frilset/Bårstad - Fenstad - Vormsund,3633,bus,Vy Buss AS
VKT:Line:1260,Åsly-Stokke ungdomsskole,1260,bus,Tide avd. Vestfold
RUT:Line:3634,Brårud/Neskollen - Vormsund,3634,bus,Vy Buss AS
AKT:Line:1015,Tinnheia - Lund - UiA,15,bus,Boreal Buss AS
RUT:Line:3643,Simarud - Udnes - Fuglefjellet - Neskollen,3643,bus,Vy Buss AS
TRO:Line:1_106,Heia - Øverbygd - Buktamoen,106,bus,Tide Buss MT
RUT:Line:3640,Bjertnestunet - Skogbygda,3640,bus,Vy Buss AS
RUT:Line:3641,Vormsund - Uvesund - Opaker - Skogbygda,3641,bus,Vy Buss AS
AVI:Line:SK_OSL-TOS,Oslo-Tromsø,,air,SAS
AKT:Line:1019,Suldalen - Gimlekollen,19,bus,Boreal Buss AS
TRO:Line:1_105,Tromsø - Øverbygd,105,bus,Tide Buss MT
TRO:Line:1_100,Tromsø-Buktamoen-Narvik,100,bus,Tide Buss MT
AKT:Line:2340,Skolerute Eiken/Kollemo,2340,bus,L/L Setesdal Bilruter
ATB:FlexibleLine:663eccef-f22d-5180-b278-13aa583f3e2c,Åfjord,AtB Bestill,bus,Trønder taxi
AKT:Line:1010,Sykehuset - Kvadraturen,10,bus,Boreal Buss AS
AKT:Line:2341,Skolerute Eiken/Snartemo/Byreo,2341,bus,L/L Setesdal Bilruter
AKT:Line:1013,Lokalbuss Grimsmyra - Lund,13,bus,Boreal Buss AS
SOF:Line:8969_69,Måløy-Selje-Leikanger,160,bus,
AKT:Line:1012,Kjos haveby - Justvik,12,bus,Boreal Buss AS
VKT:Line:1274,Skogan-Busk,1274,bus,Tide avd. Vestfold
VKT:Line:1273,Breidablikk usk-Sandefjord,1273,bus,Setesdal Bilruter
VKT:Line:1276,Helgerød-Natholmen-Skogan,1276,bus,Tide avd. Vestfold
VKT:Line:1275,Skogan-Breidablikk usk,1275,bus,Tide avd. Vestfold
VKT:Line:1278,Breidablikk-Skogan,1278,bus,Tide avd. Vestfold
ATB:FlexibleLine:548b665c-cfa1-5696-9107-e24fa723db10,Orkland,AtB Bestill,bus,Trønder taxi
VKT:Line:1277,Breidablikk-Natholmen-Skogan,1277,bus,Tide avd. Vestfold
VKT:Line:1279,Helgerød-Skogan,1279,bus,Tide avd. Vestfold
VKT:Line:1270,Helgerød sk-Skravestad-Unnebeg,1270,bus,Tide avd. Vestfold
VKT:Line:1272,Sandefjord-Breidablikk usk,1272,bus,Setesdal Bilruter
VKT:Line:1271,Breidablikk-Skravestad-Unnebeg,1271,bus,Tide avd. Vestfold
SOF:Line:3041_69,Atløy-Herland-Høyvik,232,bus,
RUT:Line:2300,Ekspress Blystadlia - Helsfyr,300E,bus,Nobina AS
TRO:Line:1_110,Finnsnes-Karlstad-Buktamoen,110,bus,Tide Buss MT
VKT:Line:1241,Skogan-Sandefjord,162,bus,Setesdal Bilruter
ATB:FlexibleLine:9c314970-b6bf-550f-b0ed-2af020178fc0,Midtre Gauldal ,AtB Bestill,bus,Trønder taxi
VKT:Line:1240,Skogan-Gjekstad-Sandefjord,1240,bus,Setesdal Bilruter
VKT:Line:1243,Haukerød-Sandefjord,1243,bus,Setesdal Bilruter
VKT:Line:1242,Andebu skole-Kodal-Gjerstad,1242,bus,Tide avd. Vestfold
VKT:Line:1245,Stokke-Melsomvik-Bogen,1245,bus,Setesdal Bilruter
VKT:Line:1244,Fevang-Klinestad,1244,bus,Setesdal Bilruter
VKT:Line:1247,Kodalveien-Tingvoll-Sandef,1247,bus,Tide avd. Vestfold
SKY:FlexibleLine:f06bef6d-8ea3-45d2-9a21-d5ab0371d99c,Etne - Litladalen,Skyss Bestilling,bus,Tide Buss
ATB:FlexibleLine:f3faccd4-bf33-5836-b412-5eb122e27b52,Meråker TB ,AtB Bestill,bus,Trønder taxi
AKT:Line:1036,Kristiansand - Grødum,36,bus,Boreal Buss AS
SOF:Line:6306_69,Sogndal-Stryn,130,bus,
UNI:Line:UE1,Mortensrud - Oslo lufthavn Gardermoen,FB10,bus,OSL Ekspressen
UNI:Line:UE2,Oslo Bussterminal - Torp Lufhavn,FB25,bus,Torp Ekspressen
VKT:Line:1249,Åsly-Stokke,1249,bus,Setesdal Bilruter
VKT:Line:1248,Moe-Haukerød-Sagmyra,1248,bus,Tide avd. Vestfold
TRO:Line:1_120,Finnsnes-Sjøvegan-Fossbakken,120,bus,Tide Buss MT
AKT:Line:1031,Kvadraturen - Sødal -Vennesla,31,bus,Boreal Buss AS
AKT:Line:1030,Kvadraturen - Mosby - Vennesl,30,bus,Boreal Buss AS
AKT:Line:1032,Kvadraturen - Høietun,32,bus,Boreal Buss AS
AKT:Line:1035,Kristiansand - Brattvollsheia,35,bus,Boreal Buss AS
AKT:Line:1034,Lokalbuss Vennesla,34,bus,Boreal Buss AS
VKT:Line:1252,Klinestad-Fevang skole,1252,bus,Tide avd. Vestfold
VKT:Line:1251,Varden-Fjellvik,1251,bus,Setesdal Bilruter
VKT:Line:1254,Fevang skole-Åbol,1254,bus,Tide avd. Vestfold
VKT:Line:1253,Fevang-Breidablikk usk,1253,bus,Tide avd. Vestfold
VKT:Line:1256,Fevang skole-Åbol,1256,bus,Tide avd. Vestfold
VKT:Line:1255,Breidablikk usk-Fevang,1255,bus,Tide avd. Vestfold
VKT:Line:1258,Breidablikk-Helgerød,1258,bus,Setesdal Bilruter
VKT:Line:1257,Mokollen-Kodal,1257,bus,Setesdal Bilruter
OST:Line:1_801,Hvalerferga,801,water,Norled
ATB:FlexibleLine:7b8769c1-489a-5ce9-b79f-bcbf7f276f21,Oppdal ,AtB Bestill,bus,Trønder taxi
VKT:Line:1250,Sandefjord vgs-Sandefjord,1250,bus,Setesdal Bilruter
ATB:FlexibleLine:7f01d67a-050b-5773-a207-40340b630de9,Frosta,AtB Bestill,bus,Trønder taxi
AKT:Line:1048,Høllen - Nodelandsheia,48,bus,Boreal Buss AS
AKT:Line:1040,Kristiansand - Årosskogen,40,bus,Boreal Buss AS
AKT:Line:1044,Norddalsheia - Langenes,44,bus,Boreal Buss AS
TRO:Line:1_130,Buktamoen-Sjøvegan-Tennevoll,130,bus,Tide Buss MT
AKT:Line:1043,Vedderheia - Langenes,43,bus,Boreal Buss AS
AKT:Line:1046,Kristiansand - Finsland,46,bus,Boreal Buss AS
AKT:Line:1045,Kristiansand - Stokkeland,45,bus,Boreal Buss AS
ATB:Line:2_7520,Innsmoen - Vuku - Verdal,7520,bus,Vy Region
VKT:Line:1221,Sandefjord-Ranvik usk,1221,bus,Tide avd. Vestfold
ATB:Line:2_7521,Garnes skole - Stene,7521,bus,Vy Region
VKT:Line:1220,Sandefjord-Kodal-Gjersta,1220,bus,Setesdal Bilruter
VKT:Line:1223,Kodal-Tollehaugen-Kodal,1223,bus,Setesdal Bilruter
VKT:Line:1222,Ranvik ungdomsskole-Sandefjord,1222,bus,Tide avd. Vestfold
VKT:Line:1225,Andebu-Kodal,1225,bus,Setesdal Bilruter
VKT:Line:1224,Kodal-Gjersta,1224,bus,Setesdal Bilruter
AKT:Line:1051,Kvadraturen - Andøya,51,bus,Boreal Buss AS
VKT:Line:1227,Ranvik u skole-Sandefjord,1227,bus,Setesdal Bilruter
VKT:Line:1226,Himberg-Ranvik ungdomsskole,1226,bus,Tide avd. Vestfold
VKT:Line:1229,Ranvik-Store Bergan-Stubb,1229,bus,Setesdal Bilruter
AKT:Line:1052,Bråvann - Slettheia,52,bus,Boreal Buss AS
VKT:Line:1228,Sandefjord-Haukerød,1228,bus,Setesdal Bilruter
AKT:Line:1055,Sørlandssenteret - Dvergsnes,55,bus,Boreal Buss AS
AKT:Line:1054,Kvadraturen - Høietun,54,bus,Boreal Buss AS
SKY:FlexibleLine:2a5ca56a-2f52-4c69-a87c-0ed0fd4dafd4,Espelandsvegen  - Ulvik,Skyss Bestilling,bus,Tide Buss
AKT:Line:1057,Lokalbuss Flekkerøy,57,bus,Boreal Buss AS
AKT:Line:1056,Rona - Odderhei,56,bus,Boreal Buss AS
ATB:Line:2_7511,Aspeheim - Leksdal,7511,bus,Vy Region
VKT:Line:1230,Kullerød-Fevang skole,1230,bus,Setesdal Bilruter
ATB:Line:2_7512,Mogrenda - Guldbergaunet,7512,bus,Vy Region
VKT:Line:1232,Sandefjord-Kodal-Gjersta,1232,bus,Tide avd. Vestfold
ATB:Line:2_7510,Leksdal - Verdalsøra skole,7510,bus,Vy Region
VKT:Line:1231,Gjerstad-Kodal-Sandefjord vgs,1231,bus,Tide avd. Vestfold
VKT:Line:1234,Hystad-Ranvik usk,1234,bus,Setesdal Bilruter
VKT:Line:1233,Hjertnes-Varden,1233,bus,Setesdal Bilruter
VKT:Line:1236,Gjerstad-Kodal-Andebu,1236,bus,Tide avd. Vestfold
VKT:Line:1235,Sandefjord-Ranvik usk,1235,bus,Setesdal Bilruter
ATB:Line:2_7519,Skjækerfossen - Vuku - Verdal,7519,bus,Vy Region
ATB:Line:2_7517,Vuku - Leirådal - Vuku,7517,bus,Vy Region
ATB:Line:2_7518,Vuku skole - Sør Vera,7518,bus,Vy Region
ATB:Line:2_7515,Kråg - Stiklestad skole,7515,bus,Vy Region
ATB:Line:2_7513,Leksdal > Stiklestad skole > Vuku skole,7513,bus,Vy Region
ATB:Line:2_7514,Lein - Vuku skole,7514,bus,Vy Region
AVI:Line:WF_OSL-HOV,Oslo-Ørsta/Volda,,air,Widerøe
VKT:Line:1238,Kodal-Gjerstad,1238,bus,Tide avd. Vestfold
VKT:Line:1237,Kodal-Tollehaugen-Kodal,1237,bus,Tide avd. Vestfold
VKT:Line:1239,Andebu skole-Kodal,1239,bus,Tide avd. Vestfold
SKY:FlexibleLine:051e653d-7e20-4ba7-ad7b-c01488d4b17e,Måløy - Kulatoppen Omsorgssenter,Skyss Bestilling,bus,Firda Billag
VKT:Line:1201,Ranvik-Himberg,1201,bus,Setesdal Bilruter
VKT:Line:1200,Hjertnes-Varden ungdomsskole,1200,bus,Tide avd. Vestfold
AVI:Line:SK_OSL-TRD,Oslo-Trondheim,,air,SAS
VKT:Line:1203,Helgerød-Skogan,1203,bus,Setesdal Bilruter
VKT:Line:1202,Sandefjord-Solløkka-Sandefjord,1202,bus,Setesdal Bilruter
SKY:FlexibleLine:0f01ea9d-7529-4b1e-8027-79fc51ea5b79,Etne - Frette,Skyss Bestilling,bus,Tide Buss
VKT:Line:1205,Fevang-Sandefjord,1205,bus,Setesdal Bilruter
VKT:Line:1204,Breidablikk-Torp-Sandefjord,1204,bus,Setesdal Bilruter
AVI:Line:WF_TRD-MJF,Trondheim-Mosjøen,,air,Widerøe
VKT:Line:1207,Sandefjord-Skogan,1207,bus,Setesdal Bilruter
VKT:Line:1206,Breidablikk-Torp-Sandefjord,1206,bus,Setesdal Bilruter
VKT:Line:1209,Framnes BI-Sandefjord,1209,bus,Tide avd. Vestfold
VKT:Line:1208,Haukerød-Sandefjord,1208,bus,Tide avd. Vestfold
VKT:Line:1210,Framnes BI-Sandefjord,1210,bus,Tide avd. Vestfold
VKT:Line:1212,Haukerød-Sagmyra,1212,bus,Setesdal Bilruter
VKT:Line:1211,Hystad-Ranvik ungdomsskole,1211,bus,Tide avd. Vestfold
VKT:Line:1214,Bokemoa-Tassebekk-Feen-Åsly,1214,bus,Setesdal Bilruter
ATB:FlexibleLine:2a036a01-7dae-5d0f-83a9-dfea600a4e23,Snåsa,AtB Bestill,bus,Trønder taxi
VKT:Line:1213,Bugården-Sagmyra,1213,bus,Setesdal Bilruter
SJN:Line:22,Raumabanen,R65,rail,SJ Nord
SJN:Line:21,Dovrebanen,F6,rail,SJ Nord
SJN:Line:26,Trønderbanen,R70,rail,SJ Nord
SJN:Line:25,Rørosbanen,R60,rail,SJ Nord
AKT:Line:4111,Lyngdal - Bryggeså,411,bus,Lyngdal drosjesentral
VKT:Line:1216,Gjerstad-Andebu,1216,bus,Setesdal Bilruter
VKT:Line:1215,Gjerstad-Bugården-Sandefjord,1215,bus,Setesdal Bilruter
VKT:Line:1218,Ranvik ungdomsskole-Enga,1218,bus,Tide avd. Vestfold
VKT:Line:1217,Kodalveien-Hotvetdveien-Sandef,1217,bus,Setesdal Bilruter
SOF:Line:1584_69,Førde-Grimeland-Botnen,202,bus,
AVI:Line:SK_BGO-TRD,Bergen-Trondheim,,air,SAS
ATB:FlexibleLine:51b503d9-6c63-5dcd-8d6c-ccc956b9bc6f,Holtålen TB,AtB Bestill,bus,Trønder taxi
VYG:Line:R22,Skøyen-Oslo S-Mysen-Rakkestad,R22,rail,VY
VYG:Line:R23,Stabekk-Oslo S-Moss,R23,rail,VY
VYG:Line:R21,Stabekk-Oslo S-Moss,R21,rail,VY
SOF:Line:2709_69,Fresvik-Vangsnes-Vik,811,bus,
RUT:Line:69,Tveita-Lutvann,69,bus,Unibuss AS
RUT:Line:79,Grorud T - Åsbråten,79,bus,Connect Bus AS
RUT:Line:78,Østensjø ring,78A,bus,Nobina AS
RUT:Line:77,Holmlia stasjon - Bjørndal,77,bus,Connect Bus AS
RUT:Line:76,Helsfyr T - Mortensrud T,76,bus,Nobina AS
ATB:FlexibleLine:78c1b4c1-7ef2-55d9-be60-2f8fcbd905f3,Orkland,AtB Bestill,bus,Trønder taxi
RUT:Line:75,Nordstrand ring,75A,bus,Nobina AS
RUT:Line:74,Jernbanetorget - Mortensrud T,74,bus,Nobina AS
RUT:Line:73,Holmlia stasjon - Brenna,73,bus,Connect Bus AS
ATB:FlexibleLine:e081a5f4-354a-5f08-bed4-b8872b1bdd42,Frøya,AtB Bestill,bus,Trønder taxi
ATB:FlexibleLine:7049b7a9-0f96-5c97-b770-00724f4594a8,Grong TB,AtB Bestill,bus,Trønder taxi
RUT:Line:72,Mortensrud T - Seterbråten,72,bus,Nobina AS
RUT:Line:71,Bjørndal - Mortensrud T (-Jernbanetorget),71,bus,Nobina AS
RUT:Line:70,Nationaltheatret - Skullerud,70,bus,Nobina AS
AKT:Line:4121,Feda - Farsund,412,bus,Lister taxi
MOR:Line:720,Sekken,720,bus,Sekken Næringspark
MOR:Line:721,Skolerute Molde rutepakke 6,721,bus,FRAM
ATB:FlexibleLine:f81c1ac4-b56b-536e-9125-31f055a6a6bd,Meråker S ,AtB Bestill,bus,Trønder taxi
INN:FlexibleLine:3001,Fagernes - Skaveldbygde - Nes,3001,taxi,Taxi for Innlandstrafikk
INN:FlexibleLine:3002,Servicerute Nord Aurdal,3002,taxi,Taxi for Innlandstrafikk
INN:FlexibleLine:3003,Servicerute Nord Aurdal,3003,taxi,Taxi for Innlandstrafikk
INN:FlexibleLine:3004,Servicerute Nord Aurdal,3004,taxi,Taxi for Innlandstrafikk
VYG:Line:R31,Skøyen-Jaren-Gjøvik,R31,rail,VY
SOF:Line:6126_69,Norddalsfjord-Strømsnes-Florø,254,bus,
MOR:Line:1149,Ålesund-Hamnsund,1149,water,Boreal Sjø
MOR:Line:1148,Ålesund-Langevåg,1148,water,Boreal Sjø
RUT:Line:58,Nydalen - Tveita (- Bøler) via Bjerke,58,bus,Unibuss AS
RUT:Line:68,Helsfyr T - Grorud T via Alfaset,68,bus,Unibuss AS
RUT:Line:67,Økern-Lørenskog sentrum,67,bus,Unibuss AS
RUT:Line:66,Helsfyr T - Grorud T,66,bus,Unibuss AS
RUT:Line:65,Furuset T - Stovner T via Smedstua,65,bus,Unibuss AS
MOR:Line:1151,Sundbåten,1151,water,Sundbåten
RUT:Line:64,Furuset T - Stovner T via Høybråten,64,bus,Unibuss AS
RUT:Line:63,Grorud T - Romsås ring,63,bus,Unibuss AS
RUT:Line:62,Grorud T - Ammerud ring,62,bus,Unibuss AS
VYG:Line:R40,Bergen-Voss-Myrdal-Ål,R40,rail,Vy
RUT:Line:60,Vippetangen-Tonsenhagen,60,bus,Unibuss AS
ATB:Line:2_7501,Bjørga - Verdalsøra barneskole,7501,bus,Vy Region
INN:FlexibleLine:1294,Skogbygda - Løten,1294,taxi,Taxi for Innlandstrafikk
INN:FlexibleLine:1293,Bestillingsrute Nordbygda - Lø,1293,taxi,Taxi for Innlandstrafikk
VYG:Line:R45,Myrdal-Flåm,R45,rail,Flåmsbanen
ATB:Line:2_7509,Sveagjardet - Verdal,7509,bus,Vy Region
ATB:Line:2_7506,Forbregd - Stiklestad skole,7506,bus,Vy Region
ATB:Line:2_7507,Verdal vgs - Minsås,7507,bus,Vy Region
ATB:Line:2_7504,Ravlo - Verdalsøra barne skole,7504,bus,Vy Region
NWY:Line:6edde48d-e23f-56c1-9414-d27177f35d86,Flybussen Kirkenes,FB94,bus,Flybussen Kirkenes
ATB:Line:2_7505,Verdalsøra skole - Vinne,7505,bus,Vy Region
ATB:Line:2_7502,Kulstadvika - Ørmelen,7502,bus,Vy Region
SOF:Line:2223_69,Måløy-Husevågøy-Oldeide,1039,water,
ATB:Line:2_7503,Verdalsøra skole - Vinne,7503,bus,Vy Region
RUT:Line:56,Nydalen - Solemskogen,56,bus,Unibuss AS
MOR:Line:1142,Geiranger - Hellesylt,1142,water,Fjord1
RUT:Line:54,Kværnerbyen - Kjelsås stasjon,54,bus,Unibuss AS
SOF:Line:2710_69,Vik-Arnafjord,812,bus,
RUT:Line:51,Maridalen - Nydalen,51,bus,Unibuss AS
MOR:Line:1145,Hareid-Valderøya-Ålesund,1145,water,Boreal Sjø
MOR:Line:1144,Kvamsøya-Voksa-Åram-Larsnes,1144,water,AMBU
AKT:Line:4141,Konsmo - Byremo,414,bus,Glomsaker transport
SOF:Line:1138_69,Davik-Nordfjordeid,263,bus,
VYG:Line:R55,Porsgrunn-Notodden,R55,rail,VY
AKT:Line:4151,Bjelland - Øyslebø,415,bus,Taxi Sør
RUT:Line:37,Nydalen T - Helsfyr,37,bus,Unibuss AS
RUT:Line:46,Majorstuen - Ullerntoppen,46,bus,Vy Buss AS
AVI:Line:WF_BGO-HOV,Bergen-Ørsta/Volda,,air,Widerøe
SOF:Line:6380_69,Vangsnes-Vinje-Voss,810,bus,
RUT:Line:45,Majorstuen - Voksen skog,45,bus,Vy Buss AS
MOR:Line:1136,Standal-Trandal-Sæbø-Skår-Vald,1136,water,Fjord1
RUT:Line:42,Voksen skog - Tjuvholmen,42,bus,Unibuss AS
MOR:Line:1135,Sæbø-Leknes,1135,water,Fjord1
RUT:Line:41,Sørkedalen  - Røa T,41,bus,Vy Buss AS
RUT:Line:40,Øvre Sogn - Skøyen,40,bus,Vy Buss AS
SKY:FlexibleLine:9f6db485-2ef5-4031-827c-e39ce1c4a73e,Samnanger syd,BE,bus,Skyss
ATB:FlexibleLine:51c47021-ceef-5806-9496-90e04a2b8e04,Nærøysund TB,AtB Bestill,bus,Trønder taxi
AKT:Line:4161,Sveindal - Hægeland,416,bus,Taxi Sør
SOF:Line:2722_69,Brebussen i Fjærland,805,bus,
RUT:Line:28,Fornebu vest - Økern T,28,bus,Unibuss AS
RUT:Line:26,Ellingsrudåsen - Bislett,26,bus,Connect Bus AS
SOF:Line:1700_69,Barmen-Barmsund,1037,water,
RUT:Line:25,Majorstuen-Haugerud,25,bus,Unibuss AS
RUT:Line:34,Tåsen - Ekeberg hageby,34,bus,Unibuss AS
SOF:Line:7301_69,Briksdalen-Olden-Stryn,115,bus,
RUT:Line:31,Snarøya - Fornebu - Tonsenhagen - Grorud,31,bus,Unibuss AS
RUT:Line:30,Bygdøy - Nydalen,30,bus,Unibuss AS
SOF:Line:1686_69,Hardbakke-Kolgrov-Utvær,392,water,
SKY:FlexibleLine:4709f0c9-6f44-48be-b2ae-cb0f6ce651bd,Øystese - Strandebarm,Skyss Bestilling,bus,Tide Buss
ATB:FlexibleLine:ad7afd8d-fc27-57b4-91cb-b4a7d7b73298,Namsskogan TB,AtB Bestill,bus,Trønder taxi
AKT:Line:4171,Oftebro - Romskogen,417,bus,Lyngdal drosjesentral
ATB:FlexibleLine:debbb19d-f950-533d-bf62-db6103c7486e,Steinkjer,AtB Bestill,bus,Trønder taxi
RUT:Line:19,Ljabru - Majorstuen,19,tram,Sporveien Trikken AS
RUT:Line:18,Grefsen st [4311] - Rikshospitalet,18,tram,Sporveien Trikken AS
RUT:Line:17,Rikshospitalet - Sinsen o/ Carl Berner,17,tram,Sporveien Trikken AS
RUT:Line:15,Jernbanetorget - Majorstuen via Nat,15,tram,Sporveien Trikken AS
TEL:Line:8305,Notoden-Heddal vest-Tuddal,305,bus,Vy Buss avd. Notodden
RUT:Line:24,Fornebu vest - Brynseng T,24,bus,Nobina AS
RUT:Line:23,Lysaker - Simensbråten,23,bus,Nobina AS
RUT:Line:21,Tjuvholmen - Helsfyr T,21,bus,Unibuss AS
RUT:Line:20,Skøyen - Galgeberg,20,bus,Unibuss AS
TEL:Line:8301,Notodden-Hjartdal-Seljord,301,bus,Vy Buss avd. Notodden
SOF:Line:7299_69,Utvik-Stryn,111,bus,
BRA:Line:27_6670,Oscarsborg,,water,Fergeruter Oscarsborg
VKT:Line:1285,Breidablikk usk-Sandefjord,1285,bus,Tide avd. Vestfold
VKT:Line:1284,Breidablikk usk-Sandefjord,1284,bus,Tide avd. Vestfold
VKT:Line:1286,Hedrum-Verningen-Sandefjord,1286,bus,Setesdal Bilruter
AVI:Line:WF_BOO-ANX,Bodø-Andenes,,air,Widerøe
VKT:Line:1289,Sandefjord-Framnes Skagerak,1289,bus,Setesdal Bilruter
SOF:Line:7313_69,Nordfjordeid-Navelsaker,153,bus,
VKT:Line:1288,Tveitan-Vesterøya skole,1288,bus,Tide avd. Vestfold
SOF:Line:1383_69,Skei-Førde i Jølster,274,bus,
AKT:Line:1908,Videreg. skolebusser Lillesand,1908,bus,Boreal Buss AS
VKT:Line:1281,Larvik-Bommestad-Sandefjord,1281,bus,Setesdal Bilruter
AKT:Line:1909,Videreg. skolebusser Grimstad,1909,bus,Boreal Buss AS
VKT:Line:1280,Sandefjord-Bommestad-Larvik,1280,bus,Setesdal Bilruter
VKT:Line:1283,Sandefjord-Breidablikk usk,1283,bus,Tide avd. Vestfold
VKT:Line:1282,Vgs Larvik-Sandefjord,1282,bus,Setesdal Bilruter
RUT:Line:13,Bekkestua - Ljabru,13,tram,Sporveien Trikken AS
RUT:Line:12,Kjelsås - Majorstuen o/ løkka og Aker Brygge,12,tram,Sporveien Trikken AS
TEL:Line:8313,Notodden-Schia-Årlifoss,313,bus,Vy Buss avd. Notodden
TEL:Line:8312,Notodden-Bolkesjø-Gransherad,312,bus,Vy Buss avd. Notodden
AKT:Line:1910,Videreg. skolebusser Arendal,1910,bus,Boreal Buss AS
SOF:Line:1117_69,Sandane-Ravnestad,108,bus,
SOF:Line:2999_69,Vevring-Naustdal,240,bus,
ATB:FlexibleLine:eaa1d2c7-2de9-5a84-953e-411ef0de1d0a,Åfjord,AtB Bestill,bus,Trønder taxi
RUT:Line:4073,Hauketo stasjon - Maikollen,73X,bus,Connect Bus AS
MOR:Line:700,Skoleruter Molde og Gjemnes,700,bus,Vy Buss
MOR:Line:701,Kvam-Molde-Årølia,701,bus,Vy Buss
MOR:Line:702,Hatlelia-Bergmo-Nordbyen,702,bus,Vy Buss
MOR:Line:703,Sentrum-Granlia-Nordbyen,703,bus,Vy Buss
ATB:FlexibleLine:4bee1721-ddc2-5c42-bf8c-e7f8bdb816ca,Osen,AtB Bestill,bus,Trønder taxi
MOR:Line:705,Sentrum-Glomstua,705,bus,Vy Buss
MOR:Line:706,Granlia-Træffhuset,706,bus,Vy Buss
VYG:Line:R13,Drammen-Oslo S-Dal,R13,rail,VY
VYG:Line:R14,Asker-Oslo S-Kongsvinger,R14,rail,VY
VYG:Line:R12,Kongsberg-Oslo S-Eidsvoll,R12,rail,VY
SOF:Line:7287_69,Markane-Faleide-Vinsrygg-Stryn,118,bus,
VKT:Line:1290,Vesterøya skole-Tveitan,1290,bus,Tide avd. Vestfold
AKT:Line:1919,Skolebusser Arendal kommune,1919,bus,Boreal Buss AS
VKT:Line:1291,Sandefjord-Verningen-THVG,1291,bus,Setesdal Bilruter
VKT:Line:1294,Thor Heyerdahl-Sandefjord,1294,bus,Setesdal Bilruter
SOF:Line:1244_69,Askvoll-Dale,220,bus,
TEL:Line:8325,Notodden-Simones-Hørte-Bø,325,bus,Vy Buss avd. Notodden
AVI:Line:DY_OSL-ANX,Oslo-Andenes,,air,Norwegian
TEL:Line:8324,Notodden-Hjukesvelta-Hørte-Bø,324,bus,Vy Buss avd. Notodden
AKT:Line:1922,Skolebusser Nesheim og Stuenes,1922,bus,Boreal Buss AS
TEL:Line:8323,Notodden-Nordagutu-Gvarv-Bø,323,bus,Vy Buss avd. Notodden
AKT:Line:1923,Skolebusser Roligheden/Sandnes,1923,bus,Boreal Buss AS
TEL:Line:8322,Bø-Lunde,322,bus,Vy Buss avd. Notodden
AKT:Line:1920,Skolebusser Asdal og Rykene,1920,bus,Boreal Buss AS
TEL:Line:8321,Folkestad-Bø,321,bus,Vy Buss avd. Notodden
AKT:Line:1921,Skolebusser Myra og Stinta,1921,bus,Boreal Buss AS
TEL:Line:8320,Bø stasjon-Gvarv (Skien),R 1,bus,Vy Buss avd. Notodden
SOF:Line:2734_69,Hafslo-Solvorn,861,bus,
MOR:Line:710,Skoleruter Gjemnes,710,bus,Vy Buss
AVI:Line:WF_TRD-MQN,Trondheim-Mo i Rana,,air,Widerøe
MOR:Line:714,Hjelset - Kleive,714,bus,Vy Buss
MOR:Line:715,Torvikbukt-Batnfjord,715,bus,Vy Buss
KOL:Line:8_3389,SK6031,SK6031,bus,Vy Buss AS
KOL:Line:8_3386,SK3512,SK3512,bus,Tide Buss AS
ATB:FlexibleLine:9c303471-fb59-51bd-b1c9-484eee286e76,Meråker S,AtB Bestill,bus,Trønder taxi
KOL:Line:8_3385,SK3511,SK3511,bus,Tide Buss AS
KOL:Line:8_3388,SK4640,SK4640,bus,Vy Buss AS
VKT:Line:1940,Revetal-Kirkevoll-Holmestrand,1940,bus,Vy Buss avd. Vestfold nord
KOL:Line:8_3382,SK4924,SK4924,bus,Vy Buss AS
KOL:Line:8_3381,SK4641,SK4641,bus,Vy Buss AS
KOL:Line:8_3384,SK4908,SK4908,bus,Vy Buss AS
KOL:Line:8_3380,SK4909,SK4909,bus,Vy Buss AS
MOR:Line:681,FRAM Ekspress  Ålesund-Åndalsnes,681,bus,FRAM
VKT:Line:1942,Holmestrand-Re vgs,1942,bus,Tide avd. Vestfold
VKT:Line:1941,Holmestrand-Kirkevoll-Revetal,1941,bus,Vy Buss avd. Vestfold nord
VKT:Line:1944,Kirkevold-Meskumski-Holmestrad,1944,bus,Vy Buss avd. Vestfold nord
VKT:Line:1943,Kirkevold-Meskumski-Holmestrad,1943,bus,Vy Buss avd. Vestfold nord
VKT:Line:1946,Kirkevold-Sørby-Grette,1946,bus,Vy Buss avd. Vestfold nord
VKT:Line:1945,Revetal-Kirkevoll-Hstr vgs,1945,bus,Tide avd. Vestfold
AVI:Line:WF_BOO-TRD,Bodø-Trondheim,,air,Widerøe
VKT:Line:1951,Nordjordet-Kleiverud,1951,bus,Vy Buss avd. Vestfold nord
VKT:Line:1950,Haugan-Kirkevoll-Revetal,1950,bus,Tide avd. Vestfold
KOL:FlexibleLine:de19f3a9-7387-4fa4-ac79-8231237b92cf,HentMeg - Egersund,HentMeg,bus,Vy Buss AS
ATB:FlexibleLine:0d6cd022-714d-528a-9375-9d8624fab450,Oppdal,AtB Bestill,bus,Trønder taxi
KOL:Line:8_3390,SK6032,SK6032,bus,Vy Buss AS
INN:Line:797,Våler u.sk- Nordhagen sk-Grønn,797,bus,Vy Buss Hedemarken/Glåmdal
VYG:Line:RE10,Drammen-Oslo S-Lillehammer,RE10,rail,VY
VYG:Line:RE11,Eidsvoll-Oslo S-Skien,RE11,rail,VY
MOR:Line:690,Skolerute Ålesund,690,bus,FRAM
MOR:Line:691,Skolerute Ålesund,691,bus,Vy Buss
MOR:Line:692,Skolerute Ellingsøya,692,bus,Vy Buss
ATB:Line:2_690,Grong - Steinkjer,690,bus,Vy Region
MOR:Line:693,Skolerute Giske,693,bus,Vy Buss
MOR:Line:694,Skoleruter Ålesund pakke 5,694,bus,FRAM
ATB:FlexibleLine:ef41afbc-63d5-5b8f-8fc8-05bf0a414125,Grong TB,AtB Bestill,bus,Trønder taxi
VKT:Line:1953,Kirkevold-Sørby-Grette,1953,bus,Tide avd. Vestfold
ATB:FlexibleLine:038c7f57-a524-54ae-8924-c87249f3dcfb,Namsskogan TB,AtB Bestill,bus,Trønder taxi
VKT:Line:1952,Kirkevold-Sørby-Grette,1952,bus,Tide avd. Vestfold
VKT:Line:1955,Revetal-Kirkevold-Grettebygd,1955,bus,Tide avd. Vestfold
VKT:Line:1954,Kirkevold-Sørby-Grette,1954,bus,Tide avd. Vestfold
ATB:Line:2_695,Namsos - Grong - (Harran),695,bus,Vy Region
SKY:Line:530,Våge-Bekkjarvik-Husavik-Hufthamar,530,bus,"Tide Buss AS,  Austevoll"
VKT:Line:1959,Fon-Kirkevoll skole,1959,bus,Tide avd. Vestfold
SKY:Line:532,Kalve - Storebø - Eidsbøen,532,bus,"Tide Buss AS,  Austevoll"
SKY:Line:531,Drøna-Kolbeinsvik-Eido-Storebø,531,bus,"Tide Buss AS,  Austevoll"
ATB:Line:2_5604,Groegga - Storås - Dombu - Mel,5604,bus,Vy Region
ATB:Line:2_5603,Grut - Å/Re - Meldal barne- og,5603,bus,Vy Region
ATB:Line:2_5606,Garli - Berkåk,5606,bus,Vy Region
ATB:FlexibleLine:61475a96-7ffd-5d7b-8bcb-005f320f3355,Ørland,AtB Bestill,bus,Trønder taxi
ATB:Line:2_5605,Nerskogen - Voll - Berkåk,5605,bus,Vy Region
SOF:Line:7821_69,Nordeide-Ortnevik-Vik,1190,water,
INN:Line:789,Flisa - Eierholen,789,bus,Vy Buss Hedemarken/Glåmdal
INN:Line:788,Kvisler - Flisa,788,bus,Vy Buss Hedemarken/Glåmdal
ATB:Line:2_5602,Meldal rbst - Storås - Dragset,5602,bus,Vy Region
INN:Line:787,Jara skole - Flisa,787,bus,Vy Buss Hedemarken/Glåmdal
ATB:Line:2_5601,Skjøtskift/Bjørnli - Løkken -,5601,bus,Vy Region
INN:Line:786,Flisa - Jammerdal,786,bus,Vy Buss Hedemarken/Glåmdal
ATB:Line:2_680,Levanger - Steinkjer - Namsos,680,bus,Vy Region
VKT:Line:1928,Gjøklep usk-Kleiverud,1928,bus,Vy Buss avd. Vestfold nord
INN:Line:796,Våler - Rud - Braskeridfoss,796,bus,Vy Buss Hedemarken/Glåmdal
ATB:Line:2_681,Flatanger - Sjøåsen - Namsos,681,bus,Vy Region
INN:Line:795,Våler - Tøråsen,795,bus,Vy Buss Hedemarken/Glåmdal
VKT:Line:1927,Kornto-Botne-Gjøklep,1927,bus,Tide avd. Vestfold
VYG:Line:RE20,Oslo S-Halden-Göteborg-Malmö (X-Border),RE20,rail,VY
INN:Line:793,Våler vgs. - Gjesåsen - Flisa,793,bus,Vy Buss Hedemarken/Glåmdal
VKT:Line:1929,Holmestrand-Re vgs,1929,bus,Vy Buss avd. Vestfold nord
ATB:Line:2_5608,Berkåk - Innset - Seierdalen,5608,bus,Vy Region
INN:Line:792,Våler vgs. - Kvisler,792,bus,Vy Buss Hedemarken/Glåmdal
ATB:Line:2_5607,Berkåk - Ulsberg - Gisnadalen,5607,bus,Vy Region
ATB:Line:2_5609,Skolrute Rindal,5609,bus,Vy Region
VKT:Line:1920,Botne-Gjøgri,1920,bus,Vy Buss avd. Vestfold nord
HAV:Line:1,Bergen-Kirkenes-Bergen,HAV,water,Havila
BOR:Line:577b4e73-ab1f-418c-aed5-50584a934c48,Flybussen Stavanger,FB40,bus,Boreal Norge
VKT:Line:1922,Gjøklep-Eplerød,1922,bus,Vy Buss avd. Vestfold nord
VKT:Line:1921,Hof-Re vgs,1921,bus,Tide avd. Vestfold
VKT:Line:1924,Holmestrand-Ryk,1924,bus,Vy Buss avd. Vestfold nord
VKT:Line:1923,Botne-Gjøgri,1923,bus,Vy Buss avd. Vestfold nord
AVI:Line:SK_OSL-KKN,Oslo-Kirkenes,,air,SAS
VKT:Line:1926,Gjøgri-Botne-Gjøklep,1926,bus,Tide avd. Vestfold
VKT:Line:1925,Eplerød-Botne-Gjøklep,1925,bus,Tide avd. Vestfold
ATB:FlexibleLine:545feea5-6353-5c47-9664-ede2ac00098f,Hitra ,AtB Bestill,bus,Trønder taxi
INN:Line:775,Våler vgs. - Sønsterud,775,bus,Vy Buss Hedemarken/Glåmdal
VKT:Line:1939,Botne-Gjøklep-Kornto,1939,bus,Tide avd. Vestfold
ATB:Line:2_670,Stjørdal - Meråker,670,bus,Vy Region
INN:Line:784,Flisa - Kjellmra,784,bus,Vy Buss Hedemarken/Glåmdal
VKT:Line:1938,Kirkevold-Fon,1938,bus,Vy Buss avd. Vestfold nord
INN:Line:783,Gjesåsen - Flisa - Gjesåsen,783,bus,Vy Buss Hedemarken/Glåmdal
VYG:Line:RE30,Oslo S-Gjøvik,RE30,rail,VY
INN:Line:782,Flisa-Sønsterud,782,bus,Vy Buss Hedemarken/Glåmdal
INN:Line:781,Flisa - Knappom,781,bus,Vy Buss Hedemarken/Glåmdal
INN:Line:780,Vermundsjøen - Flisa,780,bus,Vy Buss Hedemarken/Glåmdal
VKT:Line:1931,Botne-Hillestad-Eplerød,1931,bus,Tide avd. Vestfold
VKT:Line:1930,Fossan-Fon-Rørostoppen skole,1930,bus,Vy Buss avd. Vestfold nord
VKT:Line:1933,Haugan-Kirkevoll-Revetal,1933,bus,Vy Buss avd. Vestfold nord
VKT:Line:1932,Botne-Gjøgri,1932,bus,Tide avd. Vestfold
VKT:Line:1935,Kirkevold-Fon,1935,bus,Vy Buss avd. Vestfold nord
VKT:Line:1934,Kirkevold-Fon,1934,bus,Vy Buss avd. Vestfold nord
VKT:Line:1937,Botne-Gjøklep-Eplerød,1937,bus,Tide avd. Vestfold
VKT:Line:1936,Gjøklep-Botne-Kornto,1936,bus,Tide avd. Vestfold
NOR:Line:12_8879,Nordmela-Fjellgårdene-Dverberg,879,bus,Boreal Buss AS
SOF:Line:6151_69,Borlaug-Lærdal-Fodnes,841,bus,
SOF:Line:5069_69,Førde-Vadheim-Sogndal,820,bus,
NOR:Line:12_8876,Skjoldehamn-Åknes-Risøyhamn,876,bus,Boreal Buss AS
INN:Line:769,Kongsvinger - Flisa - Elverum,769,bus,Vy Buss Hedemarken/Glåmdal
ATB:FlexibleLine:4f9a45da-3067-5be7-9d9a-38bb499eda62,Rennebu,AtB Bestill,bus,Trønder taxi
INN:Line:768,Kongsvinger - Brandval,768,bus,Vy Buss Hedemarken/Glåmdal
INN:Line:767,Kirkenær - Svullrya,767,bus,Vy Buss Hedemarken/Glåmdal
INN:Line:765,Finnskogen montes. - Øyermoen,765,bus,Vy Buss Hedemarken/Glåmdal
VKT:Line:1906,Kleiverud-Gjøklep usk,1906,bus,Vy Buss avd. Vestfold nord
ATB:FlexibleLine:ffef0fff-bfe0-56d8-bc31-83618faeaaba,Stjørdal,AtB Bestill,bus,Trønder taxi
VKT:Line:1905,Holmestrand-Ekeberg skole,1905,bus,Tide avd. Vestfold
INN:Line:773,Jansvegen - Risberget - Grue s,773,bus,Vy Buss Hedemarken/Glåmdal
VKT:Line:1908,Hof-Hof skole,1908,bus,Vy Buss avd. Vestfold nord
INN:Line:771,Grue skole - Namnå - Grue skoe,771,bus,Vy Buss Hedemarken/Glåmdal
VKT:Line:1907,Gjøklep usk-Kleiverud,1907,bus,Vy Buss avd. Vestfold nord
INN:Line:770,Grue skole - Tjura - Bergsid.,770,bus,Vy Buss Hedemarken/Glåmdal
SKY:FlexibleLine:7db8972b-079f-4363-81ee-57cc38448d19,Øvre Helland - Mo,Skyss Bestilling,bus,Mebas
VKT:Line:1909,Sundbyfoss-Hof,1909,bus,Vy Buss avd. Vestfold nord
ATB:FlexibleLine:dc5fa6a4-d576-561b-8460-77fa6e629aae,Levanger,AtB Bestill,bus,Trønder taxi
VKT:Line:1900,Holmestrand-Nykirke-Horten,1900,bus,Vy Buss avd. Vestfold nord
NOR:Line:12_8883,Andenes-Toften-Bleik,883,bus,Boreal Buss AS
VKT:Line:1902,Horten vgs-Holmestrand,1902,bus,Tide avd. Vestfold
VKT:Line:1901,Holmestrand-Nykirke-Horten,1901,bus,Tide avd. Vestfold
VKT:Line:1904,Holmestrand-Ekeberg,1904,bus,Vy Buss avd. Vestfold nord
VKT:Line:1903,Holmestrand vgs-Holmestrand,1903,bus,Vy Buss avd. Vestfold nord
AVI:Line:WF_BOO-TOS,Bodø-Tromsø,,air,Widerøe
INN:Line:758,Austmarka-Holmby-Øyermoen,758,bus,Vy Buss Hedemarken/Glåmdal
INN:Line:757,Hokåsen - Brandval,757,bus,Vy Buss Hedemarken/Glåmdal
SKY:FlexibleLine:a41e4b4b-627a-4b77-89fd-af9bf13d8b6f,Nordfjordeid - Navelsaker,Skyss Bestilling,bus,Firda Billag
INN:Line:756,Årbogen - Brandval skole,756,bus,Vy Buss Hedemarken/Glåmdal
ATB:FlexibleLine:d941f4f8-5c8e-5d0b-a70a-9ba3736eb0bc,Rennebu,AtB Bestill,bus,Trønder taxi
INN:Line:753,Roverud skole - Kongsvinger,753,bus,Vy Buss Hedemarken/Glåmdal
VKT:Line:1917,Gjøgri-Botne-Gjøklep,1917,bus,Vy Buss avd. Vestfold nord
INN:Line:763,Kongsv. montes. - Kongsvinger,763,bus,Vy Buss Hedemarken/Glåmdal
NWY:Line:ac668a26-0855-5f63-b8a4-5d542de6f7f7,Haukeliekspressen,NW180,coach,Haukeliekspressen
VKT:Line:1916,Eplerød-Botne-Gjøklep,1916,bus,Vy Buss avd. Vestfold nord
VKT:Line:1919,Botne-Gullhaug-Eplerød,1919,bus,Vy Buss avd. Vestfold nord
INN:Line:761,Flisa-Kongsvinger Vestsiden),761,bus,Vy Buss Hedemarken/Glåmdal
VKT:Line:1918,Botne Kirke-Gjøklep,1918,bus,Vy Buss avd. Vestfold nord
ATB:FlexibleLine:0a115187-d3c9-532f-afa4-3302534b1a40,Nærøysund TB,AtB Bestill,bus,Trønder taxi
VKT:Line:1911,Hof-Sundbyfoss,1911,bus,Vy Buss avd. Vestfold nord
VKT:Line:1910,Kleiverud-Gjøklep usk,1910,bus,Tide avd. Vestfold
VKT:Line:1913,Hof-Re,1913,bus,Vy Buss avd. Vestfold nord
VKT:Line:1912,Hof-Kronlia,1912,bus,Vy Buss avd. Vestfold nord
VKT:Line:1915,Sundbyfoss-Hof skole,1915,bus,Tide avd. Vestfold
AVI:Line:SK_OSL-KRS,Oslo-Kristiansand,,air,SAS
VKT:Line:1914,Re vgs-Hof,1914,bus,Vy Buss avd. Vestfold nord
SOF:Line:1253_69,Førde rb.st-Vieåsen,201,bus,
SKY:FlexibleLine:882bfadd-f1ed-4625-8f77-214d762d0760,Loen - Lodalen,Skyss Bestilling,bus,Firda Billag
INN:Line:749,Sigernes - Kongsvinger,749,bus,Vy Buss Hedemarken/Glåmdal
INN:Line:748,Kongsvinger-Granli,748,bus,Vy Buss Hedemarken/Glåmdal
TID:Line:FB55,Flesland kai-Bergen lufthavn Flesland,FB55,bus,Tide Buss AS
SOF:Line:1094_69,Barekstad-Hovdevåg,256,bus,
INN:Line:746,Helgesen-Brandval-Roverud-Kong,746,bus,Vy Buss Hedemarken/Glåmdal
INN:Line:745,Kongsvinger-Skotterud-Vestmara,745,bus,Vy Buss Hedemarken/Glåmdal
TID:Line:FB50,Flybuss Bergen,FB50,bus,Tide Buss AS
INN:FlexibleLine:3030,Fagernes skysstasjon - Fagerne,3030,taxi,Taxi for Innlandstrafikk
TID:Line:FB51,Bergen lufthavn Flesland-Bergen sentrum-Åsane term,FB51,bus,Tide Buss AS
TEL:Line:8281,Brevik-Sandøya,281,water,Farte ferge
INN:Line:744,Austmarka - Skotterud - Kongsr,744,bus,Vy Buss Hedemarken/Glåmdal
INN:FlexibleLine:3031,Vang - Tyinkrysset,3031,taxi,Taxi for Innlandstrafikk
INN:FlexibleLine:3032,Vang - Ryfoss,3032,taxi,Taxi for Innlandstrafikk
INN:Line:742,Kongsvinger-Masterud-Austmarka,742,bus,Vy Buss Hedemarken/Glåmdal
INN:Line:752,Roverud-Hokåsen-Lundersæter,752,bus,Vy Buss Hedemarken/Glåmdal
INN:Line:750,Kongsvinger-Langeland-Edsberg,750,bus,Vy Buss Hedemarken/Glåmdal
SOF:Line:2991_69,Berg-Kalland-Naustdal,241,bus,
SOF:Line:6163_69,Måløy-Smørhamn-Florø Kystv.eks,290,water,
RUT:Line:91,Jernbanetorget - Storo,91,bus,Unibuss AS
INN:Line:736,Maridal-Enger-Magnor,736,bus,Vy Buss Hedemarken/Glåmdal
INN:Line:735,Skotterud-Tobøl-Vestmarka,735,bus,Vy Buss Hedemarken/Glåmdal
INN:Line:734,Skotterud-Smedtorpet,734,bus,Vy Buss Hedemarken/Glåmdal
INN:Line:733,Skotterud-Matrand-Kongsvinger,733,bus,Vy Buss Hedemarken/Glåmdal
INN:FlexibleLine:3020,Røyslund-Tonsåsen,3020,taxi,Taxi for Innlandstrafikk
TEL:Line:8291,Skien-Dalen,291,water,Telemarkskanalen
INN:Line:732,Skotterud-Åbogen-Holsæter,732,bus,Vy Buss Hedemarken/Glåmdal
INN:FlexibleLine:3021,Bruflat-Fagernes,3021,taxi,Taxi for Innlandstrafikk
INN:Line:731,Skotterud-Magnor-Eidskog,731,bus,Vy Buss Hedemarken/Glåmdal
INN:FlexibleLine:3022,Etnedal-Tonsåsen,3022,taxi,Taxi for Innlandstrafikk
SKY:Line:556,Svortland-Alvsv-Mæland-Ekorns.,556,bus,Tide Buss AS
INN:Line:741,Kongsvinger - Marikollen,741,bus,Vy Buss Hedemarken/Glåmdal
SKY:Line:555,Svortland - Rundt Storavatnet - Svortland,555,bus,Tide Buss AS
RUT:Line:89,Jernbanetorget - Ingierstrand,89,bus,Connect Bus AS
INN:Line:740,Kongsvinger - Svullrya,740,bus,Vy Buss Hedemarken/Glåmdal
SKY:Line:558,Svortland-Urangsvåg-Brandasund,558,bus,Tide Buss AS
RUT:Line:87,Hauketo stasjon - Kolbotn,87,bus,Connect Bus AS
SKY:Line:559,Svortland-Rubbestadsneset-Rolfsnes,559,bus,Tide Buss AS
RUT:Line:85,Jernbanetorget - Ulvøya,85,bus,Connect Bus AS
RUT:Line:84,Jernbanetorget-Oppegård st.,84E,bus,Connect Bus AS
RUT:Line:83,Jernbanetorget - Tårnåsen,83,bus,Connect Bus AS
RUT:Line:81,Fornebu - Myrvoll stasjon,81,bus,Connect Bus AS
RUT:Line:80,Jernbanetorget - Åsbråten,80E,bus,Connect Bus AS
SKY:Line:552,Svortland-Langevåg,552,bus,Tide Buss AS
SOF:Line:8966_69,Stryn-Nordfjordeid-Måløy,150,bus,
SKY:Line:554,Mosterhavn-Totland-Gassasundet,554,bus,Tide Buss AS
TRO:Line:1_191,Breivikeidet - Svensby,191,water,Norled Ferge
TRO:Line:1_190,Lyngseidet - Olderdalen,190,water,Norled Ferge
INN:Line:728,Slåstad sentrsk. - Oppstad bru,728,bus,Vy Buss Hedemarken/Glåmdal
INN:Line:727,Spetalen - Sander - Skarnes,727,bus,Vy Buss Hedemarken/Glåmdal
BRA:FlexibleLine:9204411c-bf86-4b6a-b8fa-5c40b8702213,Brakar Fleks Kongsberg,Brakar Fleks Kongsberg,bus,Brakar
INN:Line:724,Skarnes-Odals verk-Fulusagen,724,bus,Vy Buss Hedemarken/Glåmdal
INN:Line:723,Ullern - Skarnes - Kongsvinger,723,bus,Vy Buss Hedemarken/Glåmdal
SOF:Line:1293_69,Høyanger-Sandvika-Dale,822,bus,
INN:Line:730,Kongsvinger-Skotterud-Finsrud,730,bus,Vy Buss Hedemarken/Glåmdal
TRO:Line:1_188,Mikkelvik - Bromnes,188,water,Torghatten Nord
AVI:Line:WF_TRD-TRF,Trondheim-Sandefjord,,air,Widerøe
TRO:Line:1_186,Hansnes - Reinøy (Stakkvik),186,water,Torghatten Nord
TRO:Line:1_185,Hansnes - Karlsøy - Vannøy,185,water,Boreal sjø
TRO:Line:1_182,Belvik - Vengsøy,182,water,Torghatten Nord
NOR:Line:12_8044,Tverlandet - Bodø sentrum - Løpsmarka Nattbuss,4 N,bus,Nordlandsbuss AS
ATB:Line:2_615,Røyrvik - Skorovatn - Grong,615,bus,Vy Region
INN:Line:719,Disenå - Åkroken- Sæterlisjøen,719,bus,Vy Buss Hedemarken/Glåmdal
NBU:Line:a7cafc59-feaf-4e61-9fa1-b7dce4ffe970,Majorstuen via Torshov-Sagene,FB1,bus,Flybussen Connect
INN:Line:718,Disenå - Skarnes - Kongsvinger,718,bus,Vy Buss Hedemarken/Glåmdal
INN:Line:717,Kongsvinger - Fulu - Skarnes,717,bus,Vy Buss Hedemarken/Glåmdal
INN:Line:716,Galterud-Skarnes-Sand,716,bus,Vy Buss Hedemarken/Glåmdal
INN:Line:715,Kongsvinger - Siva,715,bus,Vy Buss Hedemarken/Glåmdal
INN:Line:710,Mo barne- og ungdomsskole-Sand,710,bus,Vy Buss Hedemarken/Glåmdal
ATB:Line:2_611,Grong - Harran - Namsskogan,611,bus,Vy Region
ATB:Line:2_612,Snåsa - Grong,612,bus,Vy Region
ATB:Line:2_610,Grong - Sørli,610,bus,Vy Region
TRO:Line:1_198,Rotsund-Havnnes-Uløybukt,198,water,Torghatten Nord
TRO:Line:1_195,Storstein-Nikkeby-Lauksundsk,195,water,Boreal sjø
BAR:Line:19a05327-44e8-4479-85be-fbac2d2e1cf4,Arctic Route Tromsø - Sommarøy / Sommarøy - Tromsø,930,coach,Bussring
SOF:Line:2216_69,Solvorn-Ornes,1048,water,
ATB:Line:2_608,Fleksibel region Overhalla,608,bus,Vy Region
ATB:Line:2_609,Svea - Gullhomstrand Bybuss,609,bus,Vy Region
ATB:Line:2_604,Levanger - Høgberget,604,bus,Vy Region
ATB:Line:2_605,Fleksibel by - Verdal,605,bus,Vy Region
INN:Line:708,Sand - Bunes -Skarnes,708,bus,Vy Buss Hedemarken/Glåmdal
ATB:Line:2_602,Fleksibel region Røros,602,bus,Vy Region
INN:Line:707,Trautskogen-Sand-Mo,707,bus,Vy Buss Hedemarken/Glåmdal
SOF:Line:8914_69,Florø-Førde,250,bus,
ATB:FlexibleLine:ca3b9afd-b81d-58f2-b8b1-d6ce4b660631,Ørland,AtB Bestill,bus,Trønder taxi
ATB:Line:2_603,Fleksibel by - Steinkjer,603,bus,Vy Region
INN:Line:706,Løkker -Sand - Mo,706,bus,Vy Buss Hedemarken/Glåmdal
AVI:Line:DX_EVE-OLA,Harstad/Narvik-Ørland,,air,DAT
INN:Line:704,Sand - Mo -Skarnes/ Kongsv.,704,bus,Vy Buss Hedemarken/Glåmdal
INN:Line:703,Sand - Bruvoll - Sand,703,bus,Vy Buss Hedemarken/Glåmdal
INN:Line:702,Kongsvinger - Skarnes E16,702,bus,Vy Buss Hedemarken/Glåmdal
INN:Line:700,Kongsvinger-Skarnes-Sand,700,bus,Vy Buss Hedemarken/Glåmdal
TID:Line:FB90,Flybuss Bardufoss - Finnsnes,FB90,bus,Tide Buss AS
SOF:Line:3480_69,Undredal-Aurland,851,bus,
ATB:FlexibleLine:bf715808-4cfa-5045-acb5-35fff2b44339,Namsos S,AtB Bestill,bus,Trønder taxi
AVI:Line:SK_OSL-KSU,Oslo-Kristiansund,,air,SAS
SOF:Line:2228_69,Rysjedalsvika-Rutledal-Krakhella,1042,water,
SOF:Line:2715_69,Fjærland-Sogndal,803,bus,
SNT:Line:2f945540-e264-50e2-9f10-9a66be909e6f,Malmö C,NT,rail,Nattåg
OST:Line:1_640,Sarpsborg-Askim-Mysen,640,bus,Vy Buss AS
OST:Line:1_641,Askim-Elvestad-Moss,641,bus,Vy Buss AS
ATB:FlexibleLine:6b6a3a09-028c-5b50-8e6d-d45d9b5e1211,Namsos,AtB Bestill,bus,Trønder taxi
SKY:Line:50E,Birkelandsskiftet - Sandsli - Busstasjonen,50E,bus,Tide Buss AS
RUT:Line:2470,Eidslia - Helsfyr,470E,bus,Vy Buss AS
ATB:FlexibleLine:b3173a4e-739d-5df4-849d-d79d555a631e,Indre Fosen,AtB Bestill,bus,Trønder taxi
SKY:FlexibleLine:1bb9521e-1fe1-4613-b365-1482085efae6,Baldersheim - Eikelandsosen,Skyss Bestilling,bus,Tide Buss
NOR:Line:12_8003,Vollen - Bodø sentrum - Stordalen,3,bus,Nordlandsbuss AS
ATB:Line:2_665,Kolvereid - Salsbruket - Lund - Namsos,665,bus,Vy Region
NOR:Line:12_8004,Tverlandet - Bodø sentrum - Løpsmarka,4,bus,Nordlandsbuss AS
TRO:Line:1_140,Tennevoll-Gratangen-Langmyra,140,bus,Tide Buss MT
NOR:Line:12_8001,Bjørndalslia - Bodø sentrum - Bodø lufthavn,1,bus,Nordlandsbuss AS
NOR:Line:12_8002,Universitetet - Bodø sentrum - Bodø lufthavn,2,bus,Nordlandsbuss AS
ATB:Line:2_660,Foldereid - Kolvereid - Rørvik,660,bus,Vy Region
SOF:Line:1204_69,Førde-Sunde skule-Åsane,203,bus,
SKY:FlexibleLine:ad3c60ac-8958-4fd5-a151-71f307cca42f,Torheim - Nordfjordeid,Skyss Bestilling,bus,Firda Billag
RUT:Line:1131,Hølen - Garder - Vestby stasjon,1131,bus,Connect Bus AS
TRO:Line:1_155,Storslett - Skjervøy,155,bus,Torghatten Buss Nord Troms
SOF:Line:1322_69,Dale-Folkestad,223,bus,
TRO:Line:1_150,Tromsø-Lyngs.-Storslett-Alta,150,bus,Torghatten Buss Nord Troms
RUT:Line:9074,Bjørvika - Bekkelagshjemmet,74X,bus,Connect Bus AS
SKY:Line:10,Wergeland/Søndre Skogveien - Mulen,10,bus,Tide Buss og Bane
TRO:Line:1_170,Refsnes - Flesnes,170,water,Torghatten Nord
SKY:Line:11,Nordnes - Starefossen,11,bus,Tide Buss og Bane
SKY:Line:12,Lønborglien - Lægdene - Montana,12,bus,Tide Buss og Bane
SKY:Line:13,Bergen sentrum - Solheimsviken,13,bus,Tide Buss og Bane
VKT:Line:1960,Fon-Kirkevoll-Revetal,1960,bus,Tide avd. Vestfold
AVI:Line:WF_BGO-HAU,Bergen-Haugesund,,air,Widerøe
VKT:Line:1962,Kirkevold-Fon,1962,bus,Tide avd. Vestfold
ATB:FlexibleLine:8f625420-d3a2-52d0-aeb6-65fbd15f8972,Lierne,AtB Bestill,bus,Trønder taxi
VKT:Line:1961,Kirkevold-Fon,1961,bus,Tide avd. Vestfold
AVI:Line:WF_TRD-TOS,Trondheim-Tromsø,,air,Widerøe
RUT:Line:3780,Eidsvoll - Bårlidalen - Neskollen,3780,bus,Vy Buss AS
SKY:Line:18,Barlieveien - Formanns vei,18,bus,Tide Buss og Bane
VKT:Line:1964,Kirkevold-Fon,1964,bus,Tide avd. Vestfold
VKT:Line:1963,Kirkevold-Fon,1963,bus,Tide avd. Vestfold
SKY:Line:19,Åsane - Løvstakkskiftet,19,bus,Tide buss AS
ATB:Line:2_640,Levanger - Steinkjer,640,bus,Vy Region
SKY:Line:14,Bergen busstasjon - Fyllingsdalen terminal,14,bus,Tide Buss og Bane
SKY:Line:15,Bergen sentrum - Bønes,15,bus,Tide Buss og Bane
TRO:Line:1_160,Tromsø-Skibotn-Storslett,160,bus,Torghatten Buss Nord Troms
SOF:Line:2739_69,Skjolden-Ornes,863,bus,
NOR:Line:12_8022,Bodø lufthavn - Bodø sentrum - Universitetet Nattbuss,2 N,bus,Nordlandsbuss AS
TRO:Line:1_180,Andenes - Gryllefjord,180,water,Torghatten Nord
SKY:FlexibleLine:7ff23f93-3678-444a-bd57-883bcd4785e2,Holmefjord - Eikelandsosen,Skyss Bestilling,bus,Tide Buss
TRO:Line:1_181,Botnhamn - Brensholmen,181,water,Torghatten Nord
SKY:Line:22,Lagunen terminal - Fyllingsdalen terminal,22,bus,Tide Buss AS
SKY:Line:23,Storavatnet-Dolvik-Sandslimarka-Birkelandskrysset,23,bus,Tide buss AS
SKY:Line:24,Olsvikskjenet - Loddefjord terminal - Fyllingsdale,24,bus,Tide Buss og Bane
HUR:Line:1,Bergen-Kirkenes-Bergen,HUR,water,Hurtigruten
ATB:Line:2_635,Verdal - Levanger (- Frosta),635,bus,Vy Region
SKY:Line:20,Storavatnet - Haukeland sjukehus,20,bus,Tide Buss og Bane
SOF:Line:7293_69,Slettebø bru-Røed-Stårheim sk.,156,bus,
RUT:Line:3772,Jessheim - Eidsvoll/ Eidsvoll - Dal - Østli,3772,bus,Vy Buss AS
RUT:Line:3773,Åsgreina - Maura - Eidsvoll,3773,bus,Vy Buss AS
AKT:Line:2219,Suldalen - Gimlekollen,19,bus,Boreal Buss AS
ATB:FlexibleLine:8a5505e0-da33-5aaa-a183-9675f2a67808,Orkland,AtB Bestill,bus,Trønder taxi
RUT:Line:3771,Jessheim - Dal - Råholt - Eidsvoll,3771,bus,Vy Buss AS
TRO:Line:1_177,Stornes - Bjørnerå,177,water,Norled Ferge
SKY:Line:29,Arna stasjon - Stølsvegen - Haukeland - Nesttun,29,bus,Tide Buss AS
TRO:Line:1_175,Sørrollnes - Stangnes,175,water,Norled Ferge
ATB:Line:2_630,Vanvikan - Follafoss - Steinkj,630,bus,Vy Region
SKY:Line:26,Åsane terminal - Lagunen terminal,26,bus,Tide buss AS
AKT:Line:2212,Dublering linje 12 mot Justvik,12,bus,Boreal Buss AS
SKY:Line:27,Åsane terminal - Haukeland sjukehus,27,bus,Tide buss AS
AKT:Line:2210,Videreg. skolebusser Vennesla,2210,bus,L/L Setesdal Bilruter
SKY:Line:28,Åsane terminal - Ytre Arna - Arna terminal,28,bus,Tide buss AS
VKT:Line:1142,Tjodalyng skole-Skallist-Hem,1142,bus,Tide avd. Vestfold
SKY:Line:32,Skinstø - Åsane terminal,32,bus,Tide buss AS
VKT:Line:1141,Skallist-Hem-Tjodalyng skole,1141,bus,Tide avd. Vestfold
SKY:Line:33,Rolland - Åsane terminal,33,bus,Tide buss AS
SKY:Line:34,Langarinden - Åsane terminal,34,bus,Tide buss AS
VKT:Line:1144,Tjodalyng skole-Hem,1144,bus,Tide avd. Vestfold
VKT:Line:1143,Tjodalyng skole-Skallist-Hem,1143,bus,Tide avd. Vestfold
ATB:FlexibleLine:9abd2d0f-7c08-5cea-8490-727af89c36c8,Levanger,AtB Bestill,bus,Trønder taxi
SKY:Line:35,Hordvik - Tellevik - Salhus - Åsane terminal,35,bus,Tide buss AS
VKT:Line:1145,Tjodalyng skole-Skallist-Hem,1145,bus,Tide avd. Vestfold
VKT:Line:1148,Sandefjord-sjf vgs-Skolmar,1148,bus,Setesdal Bilruter
SKY:Line:30,Tertnes - Åsane terminal,30,bus,Tide buss AS
VKT:Line:1147,Ranvik-Enga,1147,bus,Setesdal Bilruter
SKY:Line:31,Åsane terminal - Selvik - Jordal,31,bus,Tide buss AS
INN:FlexibleLine:1357,Kolomoen - Stange,1357,taxi,Taxi for Innlandstrafikk
VKT:Line:1140,Hem-Tjodalyng skole,1140,bus,Tide avd. Vestfold
SOF:Line:6857_69,Arbeidsrute Verftet/Botnaneset,253,bus,
SOF:Line:6008_69,Sogndal-Leikanger-Vik,810,bus,
AVI:Line:WF_VDS-KKN,Vadsø-Kirkenes,,air,Widerøe
SKY:FlexibleLine:3888dc79-dea8-4caa-ac2c-aa20a5881894,Nordfjordeid - Torheim,Skyss Bestilling,bus,Firda Billag
SKY:Line:3E,Støbotn - sentrum,3E,bus,Tide buss AS
SOF:Line:1249_69,Ortnevik-Bjordal,823,bus,
SOF:Line:6123_69,Bremanger-Kalvåg-Smørhamn,264,bus,
TRO:Line:1_222,Grov - Sletta,222,bus,Torghatten Buss Sør-Troms
VKT:Line:1149,Sandefjord vgs-Tjølling-Larvik,1149,bus,Tide avd. Vestfold
TRO:Line:1_220,Harstad - Evenskjer - Grov,220,bus,Torghatten Buss Sør-Troms
ATB:FlexibleLine:40f19f83-e41d-515a-b08d-e9d9f0f1d9b6,Stjørdal,AtB Bestill,bus,Trønder taxi
KOL:Line:8_1512,SK4202,SK4202,bus,Connect Bus Norge
SKY:Line:36,Hordvikneset - Åsane terminal - sentrum,36,bus,Tide buss AS
SKY:Line:37,Breistein - Åsane terminal,37,bus,Tide buss AS
SOF:Line:2219_69,Hisarøy-Mjånes,1043,water,
SKY:Line:38,Hetlebakk - Åsane terminal,38,bus,Tide buss AS
SKY:Line:39,Viddalen - Ervik - Bergen busstasjon,39,bus,Tide buss AS
SKY:Line:43,Tyssøy/Bjorøy - Loddefjord terminal,43,bus,Tide Buss og Bane
VKT:Line:1153,Thor H.vgs-Tjølling-Sandefjord,1153,bus,Tide avd. Vestfold
SKY:Line:44,Gravdal - Nipedalen,44,bus,Tide Buss og Bane
VKT:Line:1152,Thor H.vgs-Tjølling-Sandefjord,1152,bus,Tide avd. Vestfold
VKT:Line:1155,Sandefjord-Haukerød-Thor H.vgs,1155,bus,Tide avd. Vestfold
ATB:Line:2_7432,Forberg - Ytterøy skole,7432,bus,Vy Region
SKY:Line:45,Loddefjord - Skålevik - Brøstaneset - Loddefjord,45,bus,Tide Buss og Bane
ATB:Line:2_7433,Bønnesenteret - Vårtun,7433,bus,Vy Region
SKY:Line:46,Løvstakkskiftet - Fyllingsdalen Terminal,46,bus,Tide Buss og Bane
ATB:Line:2_7430,Erstad - Hokstad,7430,bus,Vy Region
VKT:Line:1157,Thor H.vgs-Haukerød-Sandefjord,1157,bus,Tide avd. Vestfold
ATB:Line:2_7431,Hokstad - Ytterøy skole,7431,bus,Vy Region
VKT:Line:1156,Thor H.vgs-Haukerød-Sandefjord,1156,bus,Tide avd. Vestfold
SKY:Line:40,Storavatnet terminal - Olsvik - Bergen busstasjon,40,bus,Tide Buss og Bane
SKY:Line:41,Hetlevikåsen - Loddefjord terminal,41,bus,Tide Buss og Bane
SKY:Line:42,Alvøen - Loddefjord terminal,42,bus,Tide Buss og Bane
SOF:Line:2207_69,Øvre Årdal-Hjelle-Turtagrø,839,bus,
RUT:Line:3743,Eidsvoll - Finstad - Dal  - Råholt,3743,bus,Vy Buss AS
VKT:Line:1151,Sandefjord-Enga-Thor H.vgs,1151,bus,Tide avd. Vestfold
ATB:FlexibleLine:d0501bb5-0dfa-5bf6-aba4-a2297e30b1b0,Ørland,AtB Bestill,bus,Trønder taxi
AKT:Line:2235,Kristiansand - Tveit,36,bus,Boreal Buss AS
SKY:Line:4E,Flaktveit - sentrum,4E,bus,Tide buss AS
SKY:FlexibleLine:7f83982a-0b8e-459b-ab0f-a7b6062ecc8e,Øvre Eidfjord - Eidfjord ,Skyss Bestilling,bus,Tide Buss
ATB:FlexibleLine:d76830b5-c3aa-597e-b276-4b37c348bb78,Meråker TB,AtB Bestill,bus,Trønder taxi
SKY:Line:48,Oasen - Løtveit,48,bus,Tide Buss og Bane
SKY:Line:49,Skoleturer Bergen Sentrum,49,bus,Tide Buss og Bane
VKT:Line:1120,Tvedalen-Ra usk -Sky,1120,bus,Tide avd. Vestfold
KOL:Line:8_5900,518,518,water,Norled AS
VKT:Line:1122,Santra-Hem-Tjølling,1122,bus,Setesdal Bilruter
SKY:Line:56,Espeland - Birkelandsskiftet,56,bus,Tide Buss AS
ATB:FlexibleLine:852b3a5f-ef49-5cad-856a-cf51ede687d6,Steinkjer,AtB Bestill,bus,Trønder taxi
SKY:Line:57,Flesland - Birkelandsskiftet,57,bus,Tide Buss AS
VKT:Line:1121,Sandefjord-Enga-Vgs i Larvik,1121,bus,Setesdal Bilruter
VKT:Line:1124,Tjøllingvollen-Klåstad,1124,bus,Setesdal Bilruter
SKY:Line:51,Birkelandsskiftet - Kokstad - Fjøsanger - Sentrum,51,bus,Tide Buss AS
VKT:Line:1123,Tjøllingvollen-Hem bro,1123,bus,Setesdal Bilruter
SKY:Line:52,Grimstad - Dolvik - Sandsli - Lagunen,52,bus,Tide Buss AS
VKT:Line:1126,Tjøllingvollen-Ula-Eftang,220,bus,Setesdal Bilruter
VKT:Line:1125,Haga-Helgeroa-Ra usk,1125,bus,Tide avd. Vestfold
SKY:Line:53,Milde - Hjellestad - Birkelandsskiftet,53,bus,Tide Buss AS
ATB:FlexibleLine:9b7b0e4e-6e1f-5d95-9fba-48e53e0dea64,Rennebu ,AtB Bestill,bus,Trønder taxi
RUT:Line:3737,Nygård/Vestheim - Sandvoll - Langset,3737,bus,Vy Buss AS
RUT:Line:3734,Tømtedalen - Eidsvoll,3734,bus,Vy Buss AS
RUT:Line:3735,Vilberg/ Eidsvoll - Finstad/ Bårstad,3735,bus,Vy Buss AS
AKT:Line:2248,Tangvall - Hortemo,48,bus,Boreal Buss AS
RUT:Line:3742,Eidsvoll - Ås skole - Finstad,3742,bus,Vy Buss AS
RUT:Line:3740,Venger - Råholt,3740,bus,Vy Buss AS
TRO:Line:1_245,Lundenes skole - Bjørnerå - Grøtavær,245,bus,Torghatten Buss Sør-Troms
ATB:FlexibleLine:d2bd53a4-6496-5ba3-b23a-f2061a686710,Orkland ,AtB Bestill,bus,Trønder taxi
AKT:Line:2240,Kristiansand - Åros,40E,bus,Boreal Buss AS
VKT:Line:1128,Kaupang-Tjøllingvollen,1128,bus,Setesdal Bilruter
VKT:Line:1127,Tjøllingvollen-Korsrød-Auby,1127,bus,Setesdal Bilruter
TRO:Line:1_244,Sandsøy - Bjarkøy,244,bus,Torghatten Buss Sør-Troms
VKT:Line:1129,Nevlunghavn-Ra ungdomsskole,1129,bus,Tide avd. Vestfold
TRO:Line:1_240,Harstad - Stornes - Grytøy - Bjarkøy,240,bus,Torghatten Buss Sør-Troms
SKY:Line:65,Grimseid - Lagunen terminal,65,bus,Tide Buss AS
VKT:Line:1131,Tjøllingvollen-Ula-Eftang,1131,bus,Setesdal Bilruter
VKT:Line:1130,Tjøllingvollen-Kjerringvik-Klå,1130,bus,Setesdal Bilruter
VKT:Line:1133,Tjøllingvollen-Korsrød-Auby,1133,bus,Setesdal Bilruter
SKY:Line:67,Søråshøgda - Nordås - sentrum,67,bus,Tide Buss AS
VKT:Line:1132,Tvetenåsen-Sky skole,1132,bus,Tide avd. Vestfold
VKT:Line:1135,Larvik-Tjølling-Sandefjord,1135,bus,Setesdal Bilruter
SKY:Line:61,Krokeide - Lagunen terminal,61,bus,Tide Buss AS
SKY:Line:62,Helleskaret - Fanafjellet - Fana,62,bus,Tide Buss AS
VKT:Line:1134,Sky skole-Tvetenåsen,1134,bus,Tide avd. Vestfold
VKT:Line:1137,Ra ungdomsskole-Larvik,1137,bus,Tide avd. Vestfold
VKT:Line:1136,Larvik-Ra ungdomsskole,1136,bus,Tide avd. Vestfold
SKY:Line:64,Hordnes - Lagunen terminal,64,bus,Tide Buss AS
SKY:Line:60,Fanahammeren - Lagunen,60,bus,Tide Buss AS
SOF:Line:1296_69,Tjørneset (Havyard)-Sørbøvåg,221,bus,
SKY:FlexibleLine:1bac8881-7e03-4b84-a182-a7a450b42420,Stryn - Hopland,Skyss Bestilling,bus,Firda Billag
RUT:Line:2400,Eltonåsen - Oslo Ekspress,400E,bus,Vy Buss AS
RUT:Line:3731,Millidal - Skovseth - Eidsvoll/ Vilberg,3731,bus,Vy Buss AS
AKT:Line:2258,Kristiansand - Søgne vgs,2258,bus,Boreal Buss AS
TRO:Line:1_258,Lødingen skole - Gullholm,258,bus,Torghatten Buss Sør-Troms
VKT:Line:1139,Tjøllingvollen-Kjerringvik-Klå,1139,bus,Setesdal Bilruter
VKT:Line:1138,Tjøllingvollen-Skallist,1138,bus,Setesdal Bilruter
TRO:Line:1_250,Harstad - Kilbotn - Sandtorg - Lødingen,250,bus,Torghatten Buss Sør-Troms
AKT:Line:2256,Kvadraturen - Vennesla vgs,2256,bus,Boreal Buss AS
ATB:Line:2_7401,Levanger - Nesset - Gjemble,7401,bus,Vy Region
SKY:Line:76,Smørås - Nesttun,76,bus,Tide Buss AS
ATB:FlexibleLine:584668a7-9568-5079-9e41-318efd3e1f3f,Nærøysund S ,AtB Bestill,bus,Trønder taxi
ATB:Line:2_7402,Elihu - Nesheim - Neset - Gjem,7402,bus,Vy Region
VKT:Line:1100,Haga-Berg skole,1100,bus,Tide avd. Vestfold
VKT:Line:1102,Helgeroa-Vgs i Larvik,1102,bus,Setesdal Bilruter
VKT:Line:1101,Jordet skole-Berg skole,1101,bus,Setesdal Bilruter
SKY:Line:73,Bontveit - Kaland,73,bus,Tide Buss AS
VKT:Line:1104,Guslandsvingen-Stavern-Vgs i L,1104,bus,Setesdal Bilruter
SKY:Line:74,Haugsdal - Kalandseid,74,bus,Tide Buss AS
SKY:Line:75,Skiparvik - Nesttun,75,bus,Tide Buss AS
ATB:Line:2_7409,Høgberget - Momarka - Halsan s,7409,bus,Vy Region
SKY:Line:70,Øvsttun - Midtun - Nesttun,70,bus,Tide Buss AS
ATB:Line:2_7408,Levanger - Munkeby - Stokkanba,7408,bus,Vy Region
SKY:Line:71,Totland - Dyngeland - Nesttun,71,bus,Tide Buss AS
SOF:Line:4995_69,Vangsnes-Hella-Dragsvik,1046,water,
ATB:Line:2_7405,Levanger - Buran - Nybrotta,7405,bus,Vy Region
ATB:Line:2_7403,Børøya - Mule skole - Frol sko,7403,bus,Vy Region
ATB:Line:2_7404,Mule - Okkenhaug,7404,bus,Vy Region
ATB:FlexibleLine:aca45228-6c07-5ddc-911a-be7631841e2c,Verdal,AtB Bestill,bus,Trønder taxi
VKT:Line:215,Larvik-Hvåra-Svarstad,215,bus,Setesdal Bilruter
VKT:Line:214,Larvik-Kvelde-Svarstad,214,bus,Setesdal Bilruter
VKT:Line:1106,Berg skole-Haga,1106,bus,Setesdal Bilruter
AKT:Line:2262,Hånes - Voiebyen,M2,bus,Boreal Buss AS
VKT:Line:210,Gon-Larvik-Hagalia,210,bus,Tide avd. Vestfold
AKT:Line:2263,Slettheia - Søm,M3,bus,Boreal Buss AS
VKT:Line:1105,Tvedalen-Berg skole,1105,bus,Tide avd. Vestfold
VKT:Line:1108,Jordet skole-Stavern-Larvik,1108,bus,Setesdal Bilruter
VKT:Line:1107,Brunla-Helgeroa,1107,bus,Setesdal Bilruter
AKT:Line:2261,Flekkerøy - Sørlandsparken,M1,bus,Boreal Buss AS
AKT:Line:2264,Hellemyr - Tømmerstø,M4,bus,Boreal Buss AS
KOL:Line:8_5912,526,526,water,Norled AS
SKY:Line:87,Åsane,87,bus,Tide buss AS
SKY:FlexibleLine:eee7f3a4-d0c1-47fd-b993-243adf74e8ce,Nordfjordeid - Holmøyane,Skyss Bestilling,bus,Firda Billag
KOL:Line:8_4602,SK3402,SK3402,bus,Tide Buss AS
VKT:Line:1111,Jordet skole-Guslandsvingen,1111,bus,Tide avd. Vestfold
VKT:Line:1110,Brunlanes-Thor Heyerdahl vgs,1110,bus,Tide avd. Vestfold
RUT:Line:3709,Aker Brygge - Hovedøya,B1X,water,Boreal sjø
SKY:Line:83,Nesttun - Storetveitveien - Wergeland,83,bus,Tide Buss AS
SKY:Line:84,Landås,84,bus,Tide buss AS
VKT:Line:1112,Larvik-Tjølling-Sandefjord Vgs,1112,bus,Setesdal Bilruter
VKT:Line:1115,Stavern-Thor Heyerdahl vgs,1115,bus,Tide avd. Vestfold
SKY:Line:85,Laksevåg,85,bus,Tide buss AS
SKY:Line:86,Sandviken - sentrum,86,bus,Tide buss AS
SKY:Line:81,Nattlandsfjellet - Wergeland,81,bus,Tide Buss og Bane
SKY:Line:82,Grønnestølen - Wergeland,82,bus,Tide Buss og Bane
RUT:Line:3701,Øyene,B1,water,Boreal sjø
RUT:Line:3702,Langøyene,B2,water,Boreal sjø
VKT:Line:222,Auby-Tjølling-Thor H.vgs,222,bus,Tide avd. Vestfold
VKT:Line:1117,Kjerringvik-Tjøllinvollen,221,bus,Setesdal Bilruter
VKT:Line:221,Klåstad-Kjærringvik,221,bus,Tide avd. Vestfold
VKT:Line:1116,Auby-Tjølling-Vgs i Larvik,1116,bus,Setesdal Bilruter
AKT:Line:2271,Skulebussar Sirdal kommune,2271,bus,Connect Bus
VKT:Line:220,Klåstad-Ula-Eftang,220,bus,Tide avd. Vestfold
VKT:Line:1119,Ula-Vgs i Larvik,220,bus,Setesdal Bilruter
VKT:Line:1118,Hem-Tjølling,1118,bus,Setesdal Bilruter
ATB:FlexibleLine:b36fe9bf-50e5-5f93-9830-8dcf9406b062,Frøya,AtB Bestill,bus,Trønder taxi
ATB:FlexibleLine:97e3e411-3ffc-5002-ba9e-33e767df08c6,Røyrvik S ,AtB Bestill,bus,Trønder taxi
ATB:Line:2_7423,Nesjø - Fætten - Åsen barne-,7423,bus,Vy Region
ATB:Line:2_7424,Åsenfjorden - Åsen,7424,bus,Vy Region
SKY:Line:99,Skoleruter Fana-Os,99,bus,Tide Buss AS
KOL:Line:8_4613,SK3327,SK3327,bus,Tide Buss AS
ATB:Line:2_7421,Vinan - Sjur - Åsen barne- og,7421,bus,Vy Region
ATB:Line:2_7422,Leangen - Åsenfjorden - Åsen b,7422,bus,Vy Region
SKY:Line:94,Haukeland - Unneland,94,bus,Tide buss AS
SKY:Line:95,Trengereid - Takvam - Arna,95,bus,Tide buss AS
ATB:Line:2_7420,Åsen - Norbygda,7420,bus,Vy Region
SKY:FlexibleLine:321647c4-7877-4b27-97de-870bcd74ae2e,Nordfjordeid område,Skyss Bestilling,bus,Firda Billag
SKY:Line:96,Skoleruter Åsane,96,bus,Tide buss AS
SKY:Line:97,Skoleruter Arna,97,bus,Tide buss AS
AVI:Line:DX_OSL-RRS,Oslo-Røros,,air,DAT
SKY:Line:92,Takvam-Garnes - Arna stasjon,92,bus,Tide buss AS
ATB:Line:2_7429,Tautra - Frosta skole,7429,bus,Vy Region
SKY:Line:93,Arna stasjon - Tungeland - Lone,93,bus,Tide buss AS
ATB:Line:2_7425,Frosta - Åsen - Stjørdal - Lev,7425,bus,Vy Region
ATB:Line:2_7426,Frosta skole - Nordbygda - Fro,7426,bus,Vy Region
TRO:Line:1_200,Harstad - Tjeldsund kro - Bjerkvik,200,bus,Torghatten Buss Sør-Troms
KOL:Line:8_4609,SK3409,SK3409,bus,Tide Buss AS
KOL:Line:8_4604,SK3404,SK3404,bus,Tide Buss AS
AVI:Line:WF_LKL-TOS,Lakselv-Tromsø,,air,Widerøe
KOL:Line:8_4606,SK3406,SK3406,bus,Tide Buss AS
KOL:Line:8_4605,SK3405,SK3405,bus,Tide Buss AS
SKY:FlexibleLine:e6445930-c547-44c0-9214-44b3f35ff4e1,Holmøyane - Nordfjordeid,Skyss Bestilling,bus,Firda Billag
ATB:Line:2_7412,Markabygda - Skogn - Levanger,7412,bus,Vy Region
KOL:Line:8_4621,SK3417,SK3417,bus,Tide Buss AS
ATB:Line:2_7413,Markabygda > Stavlo Østre,7413,bus,Vy Region
ATB:Line:2_7410,Nossum - Håa - Nesheim - Gjemb,7410,bus,Vy Region
ATB:FlexibleLine:be1f413f-6e52-55e5-a24d-68cd0a2aaca9,Ørland,AtB Bestill,bus,Trønder taxi
ATB:Line:2_7411,Stavlo - Skogn,7411,bus,Vy Region
KOL:Line:8_4620,SK3416,SK3416,bus,Tide Buss AS
SOF:Line:1225_69,Førde-Sunde sk-Masdal-Digernes,204,bus,
AVI:Line:SK_OSL-BOO,Oslo-Bodø,,air,SAS
ATB:Line:2_7418,Strandkorsen - Ekne - Skogn,7418,bus,Vy Region
ATB:Line:2_7419,Åsen - Levanger,7419,bus,Vy Region
ATB:Line:2_7416,Strandkorsen - Rongland - Leva,7416,bus,Vy Region
ATB:Line:2_7417,Skogn - Holte - Hotran,7417,bus,Vy Region
ATB:Line:2_7414,Markabygda,7414,bus,Vy Region
ATB:Line:2_7415,Markabygda - Gruslina - Markab,7415,bus,Vy Region
VKT:Line:208,Nordbyen-Nevlunghavn,208,bus,Tide avd. Vestfold
VKT:Line:207,Larvik-Kjose,207,bus,Setesdal Bilruter
VKT:Line:206,Larvik-Stavern-Nevlunghavn,206,bus,Setesdal Bilruter
SOF:Line:1160_69,Førde-Reset-Nortura,206,bus,
TRO:Line:1_214,Myklebostad - Ramsund,214,bus,Torghatten Buss Sør-Troms
TRO:Line:1_215,Harstad - Sørvika - Storvatnet - Borkenes,215,bus,Torghatten Buss Sør-Troms
TRO:Line:1_212,Skånland skole - Nipen - Trøsemark,212,bus,Torghatten Buss Sør-Troms
TRO:Line:1_213,Skånland skole - Breistrand - Trøsemark,213,bus,Torghatten Buss Sør-Troms
TRO:Line:1_210,Harstad - Evenskjer - Breistrand,210,bus,Torghatten Buss Sør-Troms
KOL:Line:8_4619,SK3415,SK3415,bus,Tide Buss AS
TRO:Line:1_211,Tjeldnes - Ramsund,211,bus,Torghatten Buss Sør-Troms
KOL:Line:8_4618,SK3414,SK3414,bus,Tide Buss AS
SOF:Line:1731_69,Eivindvik-Mjømna-Mastrevik-Nåra,395,water,
KOL:Line:8_4614,SK3412,SK3412,bus,Tide Buss AS
KOL:Line:8_4617,SK3413,SK3413,bus,Tide Buss AS
KOL:Line:8_3302,SK3510,SK3510,bus,Tide Buss AS
SOF:Line:2743_69,Sogndal-Hafslo-Veitastrond,861,bus,
KOL:Line:8_3301,SK3410,SK3410,bus,Tide Buss AS
NOR:Line:12_8837,Stokmarknes-Innlandet,18-837,water,Boreal Sjø AS
KOL:Line:8_3304,SK4511,SK4511,bus,Vy Buss AS
KOL:Line:8_5961,580,580,water,Norled AS
KOL:Line:8_5962,590,590,water,Norled AS
NOR:Line:12_8833,Stokmarknes-Melbu (Ytre),833,bus,Boreal Buss AS
KOL:Line:8_3300,SK0610,SK0610,bus,Vy Buss AS
KOL:Line:8_4631,SK6018,SK6018,bus,Tide Buss AS
NOR:Line:12_8832,Stokmarknes-Skagen-Slottnes,832,bus,Boreal Buss AS
KOL:Line:8_4630,SK3509,SK3509,bus,Tide Buss AS
KOL:Line:8_5960,898,898,water,Rødne Trafikk AS
AVI:Line:SK_OSL-SVG,Oslo-Stavanger,,air,SAS
ATB:FlexibleLine:527fcc72-cb88-5d9e-9801-639b5933b7f5,Hitra ,AtB Bestill,bus,Trønder taxi
NWY:Line:7dc4bffd-25c5-5388-ae61-063e318d98c3,Flybussen Harstad,FB80,bus,Flybussen Harstad
ATB:FlexibleLine:b4becf4e-ef4a-5e4d-946d-bc57bb5c45dc,Holtålen TB,AtB Bestill,bus,Trønder taxi
TEL:Line:8210,Atrå-hovin,210,bus,Vy Buss avd. Notodden
NOR:Line:12_8842,Steine-Straumsnes kryss- Aster,842,bus,Boreal Buss AS
NOR:Line:12_8841,Sortland - Asterset - Steine,841,bus,Boreal Buss AS
KOL:Line:8_4629,SK3426,SK3426,bus,Tide Buss AS
SKY:FlexibleLine:f9178390-f932-4af2-83da-cf849d9090e1,Boge - Dale ,Skyss Bestilling,bus,Mebas
KOL:Line:8_5956,Mekjarvik - Kvitsøy,1023,water,Boreal Sjø AS
KOL:Line:8_3313,SK4647,SK4647,bus,Vy Buss AS
KOL:Line:8_3312,SK4645,SK4645,bus,Vy Buss AS
KOL:Line:8_3315,SK4649,SK4649,bus,Vy Buss AS
KOL:Line:8_3314,SK4648,SK4648,bus,Vy Buss AS
NOR:Line:12_8846,Sortland-Holmstad-Sildpollen,846,bus,Boreal Buss AS
NOR:Line:12_8845,Sortland-Kjeringvik-Sandset,845,bus,Boreal Buss AS
NOR:Line:12_8844,Asterset-Nykvåg Hovden,844,bus,Boreal Buss AS
KOL:Line:8_3311,SK4643,SK4643,bus,Vy Buss AS
NOR:Line:12_8843,Asterset-Guvåg,843,bus,Boreal Buss AS
KOL:Line:8_3310,SK4642,SK4642,bus,Vy Buss AS
SKY:FlexibleLine:6b9af6d6-1d79-4181-981d-8663567b6f7f,Samnanger aust,BE,bus,Skyss
NOR:Line:12_8852,Skolerute Sortland-Rise,852,bus,Boreal Buss AS
KOL:Line:8_3309,SK4636,SK4636,bus,Vy Buss AS
NOR:Line:12_8851,Sortland-Sigerfjord,851,bus,Boreal Buss AS
KOL:Line:8_3306,SK4621,SK4621,bus,Vy Buss AS
KOL:Line:8_3305,SK4512,SK4512,bus,Vy Buss AS
KOL:Line:8_3308,SK4635,SK4635,bus,Vy Buss AS
KOL:Line:8_3307,SK4620,SK4620,bus,Vy Buss AS
KOL:Line:8_3324,SK4919,SK4919,bus,Vy Buss AS
KOL:Line:8_3323,SK4918,SK4918,bus,Vy Buss AS
KOL:Line:8_3326,SK4922,SK4922,bus,Vy Buss AS
KOL:Line:8_5986,Fogn - Judaberg - Helgøy,1025,water,Norled AS
KOL:Line:8_3320,SK4915,SK4915,bus,Vy Buss AS
KOL:Line:8_3322,SK4917,SK4917,bus,Vy Buss AS
SKY:Line:490,Kleppestø - Strandkaien,490,water,BO-81.0
ATB:FlexibleLine:69f0d7af-fc6a-5b73-bc68-b93048cfe39b,Meråker S,AtB Bestill,bus,Trønder taxi
KOL:Line:8_3321,SK4916,SK4916,bus,Vy Buss AS
SKY:FlexibleLine:d0fb415e-334c-44b7-9e8b-bd3da632ccb0,Oldedalen - Olden,Skyss Bestilling,bus,Firda Billag
SKY:FlexibleLine:fbc9d26e-6c07-4be1-91d9-ceb17c4f1696,Samnanger vest,BE,bus,Skyss
NOR:Line:12_8864,Myre-Alsvåg-Iifjordkrysset,864,bus,Boreal Buss AS
AVI:Line:WF_BOO-SVJ,Bodø-Svolvær,,air,Widerøe
NOR:Line:12_8862,Sortland-Myre-Stø,862,bus,Boreal Buss AS
NOR:Line:12_8861,Sortland-Bremnes-Holm,861,bus,Boreal Buss AS
KOL:Line:8_3317,SK4911,SK4911,bus,Vy Buss AS
KOL:Line:8_3316,SK4910,SK4910,bus,Vy Buss AS
KOL:Line:8_3319,SK4914,SK4914,bus,Vy Buss AS
KOL:Line:8_3318,SK4913,SK4913,bus,Vy Buss AS
KOL:Line:8_2003,25,25,bus,Connect Bus Norge
KOL:Line:8_2004,24,24,bus,Connect Bus Norge
KOL:Line:8_2005,26,26,bus,Connect Bus Norge
KOL:Line:8_3337,SK4651,SK4651,bus,Vy Buss AS
KOL:Line:8_2006,27,27,bus,Connect Bus Norge
KOL:Line:8_2000,81,81,bus,Vy Buss AS
NOR:Line:12_8866,Øksnes Vestbygd,18-866,water,Lovundskyss AS
SKY:Line:480,Skoleturer Askøy,480,bus,Tide buss AS
KOL:Line:8_2002,83,83,bus,Vy Buss AS
SKY:Line:479,Hellesøy - Ågotnes,479,bus,Tide buss AS
SKY:FlexibleLine:96831757-c9f2-4f70-995d-cc1dd41475a2,Uggdal - Våge,Skyss Bestilling,bus,Tide Buss
ATB:FlexibleLine:23b8b319-7ba4-5130-a19a-64c81b137c8f,Lierne,AtB Bestill,bus,Trønder taxi
SKY:Line:471,Turøy - Vindenes - Ågotnes,471,bus,Tide buss AS
NOR:Line:12_8874,Andenes-Nordmela-Risøyhamn,874,bus,Boreal Buss AS
SKY:Line:470,Skuleturar Øygarden,470,bus,Tide buss AS
BOR:Line:6e73a096-71e9-4f56-9e8d-3e72ac7e2162,Harstad-Evenes,FB80,bus,Boreal Norge
NOR:Line:12_8871,Andenes-Sortland,871,bus,Boreal Buss AS
SKY:Line:475,Blomvåg - Straume - Sund,475,bus,Tide buss AS
ATB:FlexibleLine:f1218693-d56f-5d96-b85a-0b17f8fa0e63,Leka TB,AtB Bestill,bus,Trønder taxi
KOL:Line:8_3327,SK4923,SK4923,bus,Vy Buss AS
SKY:Line:474,Herdlevær - Blomvåg - Ågotnes,474,bus,Tide buss AS
KOL:Line:8_3329,SK4925,SK4925,bus,Vy Buss AS
KOL:Line:8_2014,46,46,bus,Vy Buss AS
KOL:Line:8_2015,47,47,bus,Vy Buss AS
KOL:Line:8_2016,48,48,bus,Vy Buss AS
KOL:Line:8_2017,50,50,bus,Vy Buss AS
KOL:Line:8_2010,21,21,bus,Vy Buss AS
KOL:Line:8_2011,22,22,bus,Vy Buss AS
ATB:FlexibleLine:7451fe5d-5409-577e-b8ac-a2b9853325fe,Inderøy,AtB Bestill,bus,Trønder taxi
KOL:Line:8_2012,23,23,bus,Vy Buss AS
KOL:Line:8_2013,45,45,bus,Vy Buss AS
ATB:FlexibleLine:d9b2f614-1cb7-52b2-90e1-ea0b74f3e565,Steinkjer,AtB Bestill,bus,Trønder taxi
KOL:Line:8_2007,28,28,bus,Connect Bus Norge
KOL:Line:8_2008,29,29,bus,Connect Bus Norge
KOL:Line:8_2025,62,62,bus,Vy Buss AS
KOL:Line:8_3357,SK4646,SK4646,bus,Vy Buss AS
KOL:Line:8_3356,SK6015,SK6015,bus,Vy Buss AS
KOL:Line:8_3359,SK6016,SK6016,bus,Tide Buss AS
KOL:Line:8_2028,89,89,bus,Vy Buss AS
SOF:Line:2954_69,Refsdal-Myrkaskog-Vik,814,bus,
NOR:Line:12_8802,Sortland-Lødingen,802,bus,Boreal Buss AS
KOL:Line:8_2021,56,56,bus,Vy Buss AS
KOL:Line:8_3353,SK6012,SK6012,bus,Vy Buss AS
KOL:Line:8_2022,57,57,bus,Vy Buss AS
KOL:Line:8_2023,58,58,bus,Vy Buss AS
KOL:Line:8_3355,SK6014,SK6014,bus,Vy Buss AS
KOL:Line:8_2024,59,59,bus,Vy Buss AS
KOL:Line:8_3354,SK6013,SK6013,bus,Vy Buss AS
KOL:Line:8_3350,SK6010,SK6010,bus,Vy Buss AS
KOL:Line:8_2020,54,54,bus,Vy Buss AS
ATB:FlexibleLine:12ef76a4-8e92-5117-b359-fc7f9d01b44f,Heim ,AtB Bestill,bus,Trønder taxi
ATB:Line:2_5610,Rindal - Meldal vgs,5610,bus,Vy Region
SKY:FlexibleLine:949c516f-792b-4d75-8fcc-12163dc1f516,Samnanger - Tysse - Samnanger,Skyss Bestilling,bus,Tide Buss
ATB:FlexibleLine:4d924a0d-0b1b-54e3-ad9f-667db5253d49,Namsskogan TB,AtB Bestill,bus,Trønder taxi
KOL:Line:8_2018,53,53,bus,Vy Buss AS
KOL:Line:8_2019,52,52,bus,Vy Buss AS
KOL:Line:8_2036,88,88,bus,Vy Buss AS
INN:FlexibleLine:1371,Strandlykkja - Stange,1371,taxi,Taxi for Innlandstrafikk
SKY:FlexibleLine:9c8b908e-9e72-43f1-b4ef-6e5b761b818b,Skånevik - Etne,Skyss Bestilling,bus,Tide Buss
KOL:Line:8_2032,87,87,bus,Vy Buss AS
KOL:Line:8_2033,98,98,bus,Vy Buss AS
NOR:Line:12_8812,Mehus/Myrland - Sortland,812,bus,Boreal Buss AS
KOL:Line:8_2034,96,96,bus,Vy Buss AS
KOL:Line:8_3366,SK6024,SK6024,bus,Vy Buss AS
KOL:Line:8_2035,92,92,bus,Vy Buss AS
KOL:Line:8_3365,SK6020,SK6020,bus,Tide Buss AS
KOL:Line:8_3360,SK6017,SK6017,bus,Tide Buss AS
KOL:Line:8_2030,85,85,bus,Vy Buss AS
KOL:Line:8_2031,99,99,bus,Vy Buss AS
ATB:FlexibleLine:ce92741c-ce04-5a66-a152-6fb458cff5b1,Inderøy,AtB Bestill,bus,Trønder taxi
INN:FlexibleLine:1375,Åsbygda - Romedal - Stange,1375,taxi,Taxi for Innlandstrafikk
INN:FlexibleLine:1374,Hamar - Vestbygda - Stange,1374,taxi,Taxi for Innlandstrafikk
INN:FlexibleLine:1373,Støa - Hamar,1373,taxi,Taxi for Innlandstrafikk
NWY:Line:19efbc56-0bb2-5915-9e4e-48af32a0ed7a,Beitostølen - Oslo,NW150,coach,Valdresruta
SOF:Line:8533_69,Nordfjordeid-Sandane-Førde,100,bus,
KOL:Line:8_2029,93,93,bus,Vy Buss AS
KOL:Line:8_6405,SK3305,SK3305,bus,Boreal Buss AS
KOL:Line:8_3379,SK6021,SK6021,bus,Vy Buss AS
KOL:Line:8_6406,SK3306,SK3306,bus,Boreal Buss AS
KOL:Line:8_6403,SK3303,SK3303,bus,Boreal Buss AS
KOL:Line:8_6404,SK3304,SK3304,bus,Boreal Buss AS
KOL:Line:8_2043,X39,X39,bus,Vy Buss AS
KOL:Line:8_6401,SK3301,SK3301,bus,Boreal Buss AS
KOL:Line:8_3375,SK4912,SK4912,bus,Vy Buss AS
KOL:Line:8_2044,X44,X44,bus,Vy Buss AS
KOL:Line:8_6402,SK3302,SK3302,bus,Boreal Buss AS
NOR:Line:12_8821,Sortland-Kaljord,821,bus,Boreal Buss AS
KOL:Line:8_3376,SK4931,SK4931,bus,Vy Buss AS
KOL:Line:8_3371,SK6023,SK6023,bus,Tide Buss AS
KOL:Line:8_2040,E90,E90,bus,Vy Buss AS
KOL:Line:8_3370,SK6022,SK6022,bus,Vy Buss AS
KOL:Line:8_3373,SK4650,SK4650,bus,Vy Buss AS
KOL:Line:8_3372,SK4921,SK4921,bus,Vy Buss AS
AVI:Line:WF_BOO-SSJ,Bodø-Sandnessjøen,,air,Widerøe
TEL:Line:8209,Våer-Tessungdalen,209,bus,Vy Buss avd. Notodden
ATB:FlexibleLine:fdd50bc4-4111-505d-b3b1-e41477511891,Åfjord,AtB Bestill,bus,Trønder taxi
